player_id;jugador;posicion;media_real;media_predicha_decimal;media_predicha;error;error_decimal
4188;M. Schwartz;AMF;63,0;63,3239354760244;63;0,0;0,32393547602440265
5417;L. Acosta;AMF;79,0;78,95962152643179;79;0,0;0,04037847356821089
6526;L. Podolski;AMF;68,0;68,24644353521356;68;0,0;0,2464435352135581
7474;Nenê;AMF;72,0;72,34063838426327;72;0,0;0,3406383842632721
9375;Santi Cazorla;AMF;75,0;75,00390285280774;75;0,0;0,003902852807740942
16851;T. Minamino;AMF;78,0;77,52275628796498;78;0,0;0,47724371203501903
34797;I. Malcorra;AMF;73,0;73,12410583283156;73;0,0;0,12410583283156029
35124;Ó. Trejo;AMF;71,0;71,09608347572127;71;0,0;0,0960834757212723
37277;Unai Gómez;AMF;72,0;71,862599954266;72;0,0;0,13740004573399744
38115;L. Acosta;AMF;70,0;69,88647938293704;70;0,0;0,11352061706296013
38365;A. Dramisino;AMF;64,0;64,03419390344429;64;0,0;0,034193903444290186
39268;R. Cherki;AMF;84,0;84,28400789763137;84;0,0;0,28400789763136913
39687;T. Porra;AMF;69,0;68,60229813561772;69;0,0;0,3977018643822845
40352;Neymar Júnior;AMF;86,0;85,83799709907952;86;0,0;0,1620029009204842
40884;M. Tillman;AMF;75,0;75,35407952783872;75;0,0;0,35407952783872076
41000;R. Cabella;AMF;74,0;73,92709124881173;74;0,0;0,07290875118826534
41517;L. Mugni;AMF;72,0;71,83699707490017;72;0,0;0,16300292509983194
41533;Jean Carlos;AMF;70,0;69,62968531813279;70;0,0;0,37031468186721384
41581;J. Rodríguez;AMF;80,0;79,91359319838949;80;0,0;0,08640680161050796
41984;R. Otero;AMF;68,0;67,74325867472686;68;0,0;0,25674132527313986
42402;Josué;AMF;75,0;75,23940211109178;75;0,0;0,23940211109177767
42416;Z. Labyad;AMF;71,0;71,42688589917107;71;0,0;0,4268858991710687
42455;Ganso;AMF;74,0;74,48771767671371;74;0,0;0,48771767671371435
42556;Isco;AMF;85,0;84,85492561010332;85;0,0;0,14507438989667776
42582;Iker Losada;AMF;72,0;72,37551627032367;72;0,0;0,3755162703236721
42641;P. Coutinho;AMF;79,0;79,38582832383187;79;0,0;0,3858283238318734
42697;M. Lanzini;AMF;76,0;75,56558278734744;76;0,0;0,43441721265256206
43086;G. Oristanio;AMF;74,0;73,52510800093184;74;0,0;0,4748919990681628
43668;Ó. Romero;AMF;72,0;72,20396628654855;72;0,0;0,20396628654854965
43792;M. Fernández;AMF;72,0;71,6581238177126;72;0,0;0,34187618228739325
44379;K. De Bruyne;AMF;86,0;86,39764856329569;86;0,0;0,39764856329568943
45090;K. Doumbia;AMF;70,0;70,40586356778797;70;0,0;0,40586356778797494
45334;F. Vázquez;AMF;74,0;74,46925376806293;74;0,0;0,4692537680629272
45685;J. Quintero;AMF;78,0;78,08658729903226;78;0,0;0,08658729903226003
45802;Á. Montoro;AMF;74,0;74,27716415608327;74;0,0;0,2771641560832734
46303;Gabriel;AMF;73,0;73,33955775482511;73;0,0;0,3395577548251083
46373;Éverton Ribeiro;AMF;75,0;75,22130878048218;75;0,0;0,2213087804821754
46694;N. Stanciu;AMF;70,0;70,4070656663465;70;0,0;0,4070656663464973
46741;M. Fernandes;AMF;77,0;77,07400076840965;77;0,0;0,07400076840964687
46816;Miguelito;AMF;72,0;71,72958468561605;72;0,0;0,2704153143839534
46978;R. Hernandes;AMF;66,0;66,47086480785289;66;0,0;0,470864807852891
47132;C. Volpato;AMF;69,0;69,38523594772538;69;0,0;0,38523594772537706
47136;P. Castro;AMF;69,0;69,23567334346937;69;0,0;0,2356733434693723
47347;R. Benítez;AMF;68,0;67,69975673986826;68;0,0;0,30024326013173663
47594;R. Botta;AMF;74,0;74,15599297969914;74;0,0;0,1559929796991355
47775;D. Silva;AMF;69,0;68,74124434880252;69;0,0;0,25875565119747534
47795;S. Rodríguez;AMF;74,0;73,83940462917069;74;0,0;0,16059537082931286
47934;M. Miranda;AMF;68,0;67,54098728580522;68;0,0;0,4590127141947846
54119;N. Lodeiro;AMF;72,0;71,86843295966936;72;0,0;0,13156704033063704
54390;B. García;AMF;64,0;64,0219087497962;64;0,0;0,021908749796196503
54392;T. Serrago;AMF;67,0;67,36158034668229;67;0,0;0,3615803466822882
54399;J. Cazares;AMF;73,0;73,40169871782551;73;0,0;0,4016987178255107
54404;J. Sornoza;AMF;74,0;74,28459269270343;74;0,0;0,284592692703427
54428;Riquelme F.;AMF;65,0;64,59298919804489;65;0,0;0,40701080195510997
54677;Y. Ayari;AMF;76,0;75,65235396963881;76;0,0;0,34764603036119013
54823;B. Sávio;AMF;69,0;68,70981613252913;69;0,0;0,29018386747087277
54828;A. Terrazas;AMF;66,0;66,29486243376343;66;0,0;0,29486243376342713
54850;L. Abreu;AMF;64,0;63,89252485705647;64;0,0;0,10747514294352811
55076;A. Arce;AMF;65,0;65,43233790088424;65;0,0;0,4323379008842352
55545;P. Ceppelini;AMF;69,0;68,70485895887745;69;0,0;0,29514104112254813
55650;S. Morales;AMF;59,0;58,665350783340216;59;0,0;0,3346492166597841
55652;P. Rodríguez;AMF;63,0;62,773931715211546;63;0,0;0,22606828478845387
55727;F. Castañeda;AMF;69,0;68,70092485261333;69;0,0;0,29907514738667373
55751;M. Mejía;AMF;73,0;72,99862897442756;73;0,0;0,0013710255724390663
55752;G. Moreti;AMF;79,0;79,34205204205726;79;0,0;0,3420520420572615
55763;J. Vidal;AMF;74,0;74,42151067284179;74;0,0;0,4215106728417908
55795;F. Charrupí;AMF;64,0;63,553301076966;64;0,0;0,44669892303399905
55800;J. López;AMF;63,0;63,297530571737504;63;0,0;0,29753057173750364
55831;B. Silva;AMF;65,0;64,67663923950501;65;0,0;0,3233607604949924
55843;J. Maraude;AMF;64,0;63,88033240310486;64;0,0;0,11966759689514106
55851;F. Marchant;AMF;68,0;67,99847211701606;68;0,0;0,0015278829839360242
55962;S. Navarro;AMF;67,0;66,95781677843765;67;0,0;0,04218322156235388
55963;F. Gulli;AMF;68,0;67,75569360228296;68;0,0;0,24430639771703966
56041;L. Assadi;AMF;74,0;73,80361969360582;74;0,0;0,19638030639417536
56058;D. Saggiomo;AMF;68,0;67,50168322778924;68;0,0;0,49831677221075665
56131;T. Martínez;AMF;69,0;69,27768102335584;69;0,0;0,27768102335583933
56136;J. García;AMF;63,0;63,493963017613765;63;0,0;0,4939630176137655
57335;Y. Guzmán;AMF;72,0;71,60947374508919;72;0,0;0,39052625491081017
57637;J. Castellanos;AMF;67,0;67,21021086631403;67;0,0;0,21021086631402852
57674;A. Dos Santos;AMF;64,0;63,56100595919535;64;0,0;0,4389940408046513
57680;J. Torres;AMF;69,0;69,0306663730128;69;0,0;0,030666373012806503
57908;Y. Ochoa;AMF;62,0;61,664731365333964;62;0,0;0,3352686346660363
57914;J. Vélez;AMF;69,0;69,33536441993408;69;0,0;0,3353644199340806
57954;A. Fariña;AMF;66,0;66,08107677700828;66;0,0;0,08107677700827765
57987;M. Miljevic;AMF;75,0;74,80272934832037;75;0,0;0,19727065167963076
58033;L. Millán;AMF;69,0;69,07938340233342;69;0,0;0,0793834023334199
58075;M. Pereyra;AMF;69,0;68,64187052447316;69;0,0;0,3581294755268374
58080;M. Bergara;AMF;63,0;63,026171461875876;63;0,0;0,026171461875875934
58099;C. Alemán;AMF;68,0;68,19319670649647;68;0,0;0,19319670649646525
58106;Y. Del Valle;AMF;63,0;63,43948011577785;63;0,0;0,4394801157778474
58120;J. García;AMF;68,0;67,89446847711957;68;0,0;0,10553152288042611
58169;T. Lavezzi;AMF;59,0;58,802966748906144;59;0,0;0,19703325109385617
58174;S. Segovia;AMF;63,0;63,048905466978;63;0,0;0,04890546697799891
58236;G. Cortez;AMF;69,0;69,49457450631927;69;0,0;0,49457450631926747
58250;J. Valiente;AMF;69,0;69,20429422987472;69;0,0;0,20429422987471924
58293;R. Rodrigues;AMF;66,0;65,92782187734879;66;0,0;0,07217812265120926
58295;J. Rengifo;AMF;69,0;69,47969781287152;69;0,0;0,479697812871521
58317;A. Cantero;AMF;71,0;70,57630569657614;71;0,0;0,42369430342385783
58337;T. Muro;AMF;65,0;64,92769904525292;65;0,0;0,0723009547470781
58341;I. Vásquez;AMF;65,0;64,97935286075419;65;0,0;0,020647139245809853
58342;L. Sanabria;AMF;67,0;67,27674993851807;67;0,0;0,2767499385180656
58345;C. Sosa;AMF;67,0;67,35954436609491;67;0,0;0,3595443660949087
59206;M. Smarra;AMF;60,0;60,120505628840995;60;0,0;0,12050562884099492
59267;M. Arias;AMF;64,0;64,28746682076444;64;0,0;0,2874668207644362
59393;J. Pérez;AMF;64,0;64,09955675607208;64;0,0;0,09955675607207581
59421;S. González;AMF;69,0;69,48094114398305;69;0,0;0,48094114398304555
60114;R. Bogarín;AMF;67,0;66,59606248091394;67;0,0;0,4039375190860568
60252;J. Mavilla;AMF;68,0;67,5785423727306;68;0,0;0,4214576272694046
60355;F. Carrizo;AMF;69,0;69,09272920765335;69;0,0;0,09272920765334902
60468;T. Suslov;AMF;70,0;70,1701213445516;70;0,0;0,17012134455160322
60512;Bruno Fernandes;AMF;87,0;87,09679213758507;87;0,0;0,09679213758506933
60587;O. Giménez;AMF;64,0;63,52891207465001;64;0,0;0,4710879253499911
60743;J. King;AMF;71,0;71,01195826505753;71;0,0;0,011958265057529616
60817;D. Valdés;AMF;73,0;72,92950585941617;73;0,0;0,07049414058383263
60928;J. Brandt;AMF;81,0;81,33829258113705;81;0,0;0,33829258113705407
60977;J. Meza;AMF;72,0;71,84190374412661;72;0,0;0,1580962558733887
61080;I. Rossi;AMF;62,0;62,2964190816278;62;0,0;0,2964190816278034
61181;J. Lingard;AMF;73,0;73,10121279476643;73;0,0;0,10121279476642542
61230;F. Mastantuono;AMF;76,0;76,22292625692376;76;0,0;0,22292625692375623
61426;Nico Paz;AMF;79,0;78,61408716118225;79;0,0;0,3859128388177453
61457;E. Cardona;AMF;74,0;73,63810362037066;74;0,0;0,36189637962934285
61720;M. Pašalić;AMF;76,0;75,73534900476864;76;0,0;0,2646509952313636
63347;M. Rojas;AMF;71,0;70,91532536132763;71;0,0;0,08467463867236802
63382;G. Bernardeau;AMF;67,0;67,14292641134804;67;0,0;0,14292641134804285
63504;Pedro Ferreira;AMF;65,0;64,62207412104463;65;0,0;0,37792587895536656
63738;Portu;AMF;74,0;74,40046252014751;74;0,0;0,4004625201475136
65000;M. Röhl;AMF;73,0;72,81208171102115;73;0,0;0,18791828897884955
100065;A. Lescano;AMF;74,0;74,13918304729285;74;0,0;0,13918304729284614
100262;I. Tapia;AMF;67,0;67,361623852706;67;0,0;0,3616238527060034
100265;Gabriel Mec;AMF;65,0;65,18964608411707;65;0,0;0,18964608411707218
100275;J. Lucco;AMF;63,0;63,34549194576521;63;0,0;0,34549194576521103
100604;G. Gaetano;AMF;74,0;74,09580133091855;74;0,0;0,09580133091854748
100706;D. Szoboszlai;AMF;83,0;82,88664699412604;83;0,0;0,11335300587396091
100720;André Almeida;AMF;73,0;73,13598235316151;73;0,0;0,1359823531615092
100955;C. Uche;AMF;72,0;71,8781376219765;72;0,0;0,12186237802349353
101065;Denis Suárez;AMF;74,0;74,29834161215528;74;0,0;0,29834161215528354
101215;T. Nyoni;AMF;66,0;66,11813935293536;66;0,0;0,11813935293535849
101291;J. Bellingham;AMF;86,0;85,6461402753955;86;0,0;0,3538597246045043
101472;K. Thorstvedt;AMF;73,0;72,87658987534783;73;0,0;0,1234101246521675
101544;Gustavo Scarpa;AMF;73,0;73,02167672935244;73;0,0;0,021676729352435586
101675;Hannibal;AMF;73,0;72,68308146729213;73;0,0;0,3169185327078736
101762;G. Augusto;AMF;73,0;73,36780983385619;73;0,0;0,36780983385618526
101961;M. Benítez;AMF;70,0;69,80104170286162;70;0,0;0,19895829713837543
102042;F. Frías;AMF;66,0;66,28314156634443;66;0,0;0,2831415663444261
102239;D. Guagua;AMF;64,0;64,49372451200115;64;0,0;0,4937245120011511
102369;S. Moreo;AMF;70,0;70,07971855673497;70;0,0;0,0797185567349743
102547;I. Guerti;AMF;58,0;58,25340526248241;58;0,0;0,2534052624824099
102805;L. Samardžić;AMF;76,0;76,37182832397463;76;0,0;0,3718283239746256
103112;Dudu;AMF;67,0;67,2199514552111;67;0,0;0,2199514552111026
103117;A. Zapata;AMF;67,0;66,9638283807709;67;0,0;0,036171619229094176
103182;Robert Santos;AMF;66,0;65,83401994310367;66;0,0;0,16598005689633055
103376;L. Gómez;AMF;67,0;67,33310856741144;67;0,0;0,33310856741144335
103404;M. Ødegaard;AMF;86,0;85,68572494529629;86;0,0;0,31427505470371386
103469;N. Stefanelli;AMF;69,0;69,2346399127739;69;0,0;0,2346399127739005
103651;D. Terans;AMF;71,0;71,49955265586135;71;0,0;0,49955265586135056
103680;L. Karl;AMF;74,0;73,83057660539309;74;0,0;0,16942339460690903
103700;P. Šulc;AMF;77,0;76,88804515325806;77;0,0;0,11195484674193779
103797;A. Güler;AMF;84,0;84,02785405687163;84;0,0;0,027854056871632338
103966;J. Carrascal;AMF;79,0;78,67432702799681;79;0,0;0,3256729720031899
104226;Bernardo Silva;AMF;82,0;82,07581116667237;82;0,0;0,07581116667236643
104313;K. Páez;AMF;74,0;73,5609513042636;74;0,0;0,43904869573640326
104336;F. Cardoso;AMF;63,0;62,99452691528191;63;0,0;0,005473084718090604
104374;Eduardo;AMF;68,0;68,41627733808197;68;0,0;0,41627733808196865
104490;Hyoran;AMF;67,0;67,06059687165362;67;0,0;0,06059687165361538
104493;Andreas Pereira;AMF;78,0;77,9686930633523;78;0,0;0,03130693664769524
104864;G. Martínez;AMF;71,0;70,83253424659941;71;0,0;0,16746575340059167
104874;A. Diallo;AMF;58,0;57,523538743479946;58;0,0;0,47646125652005367
105138;Kaku;AMF;77,0;76,58158081926953;77;0,0;0,41841918073046713
105162;A. Molinas;AMF;74,0;73,63500310073664;74;0,0;0,3649968992633603
105298;F. Cristaldo;AMF;73,0;73,0585653825304;73;0,0;0,058565382530403554
105307;D. Barbona;AMF;69,0;69,44589852338429;69;0,0;0,4458985233842867
105309;I. Tapia;AMF;65,0;65,39569224427565;65;0,0;0,39569224427565075
105352;F. Álvarez;AMF;69,0;68,58539809454385;69;0,0;0,41460190545615205
105516;C. Echeverri;AMF;76,0;76,24795371359845;76;0,0;0,24795371359844864
105578;A. Laprida;AMF;67,0;66,9071040499895;67;0,0;0,09289595001050088
106236;M. Monsalve;AMF;69,0;68,92966485644232;69;0,0;0,07033514355768489
106629;Alan Patrick;AMF;77,0;76,62161829431399;77;0,0;0,37838170568601015
106732;I. Maza;AMF;76,0;75,61120311503282;76;0,0;0,3887968849671779
106738;Cauly;AMF;74,0;73,7130307877142;74;0,0;0,28696921228579697
106863;H. Elliot;AMF;78,0;77,58946784635208;78;0,0;0,41053215364792095
106975;Sancet;AMF;81,0;81,4143546877428;81;0,0;0,4143546877428008
107454;L. Ilic;AMF;69,0;68,92634250650123;69;0,0;0,07365749349877149
107747;S. Idumbo;AMF;69,0;68,77636707033474;69;0,0;0,22363292966525705
108096;L. Pellegrini;AMF;76,0;75,95190825485362;76;0,0;0,048091745146379594
108114;C. Rigg;AMF;70,0;70,24470309690012;70;0,0;0,2447030969001247
108285;T. Baldanzi;AMF;75,0;75,00774871782679;75;0,0;0,007748717826785878
108516;Pablo Torre;AMF;74,0;73,89354581300084;74;0,0;0,10645418699915865
108560;Matheusinho;AMF;70,0;70,36317042860497;70;0,0;0,36317042860497395
108634;J. Barrera;AMF;71,0;70,86771101882528;71;0,0;0,13228898117472454
108751;G. Lo Celso;AMF;80,0;79,76195881614956;80;0,0;0,23804118385044148
108865;Matheus Pereira;AMF;80,0;79,69462256510445;80;0,0;0,30537743489554714
108877;M. Palavecino;AMF;70,0;70,09749041398838;70;0,0;0,09749041398838187
109188;F. Pérez;AMF;70,0;69,91158569309567;70;0,0;0,08841430690432617
109201;D. Kulusevski;AMF;81,0;81,28533954150039;81;0,0;0,28533954150039165
109402;L. Blas;AMF;74,0;73,50544962466118;74;0,0;0,49455037533881807
109412;A. García;AMF;67,0;67,00357373118317;67;0,0;0,0035737311831667284
109594;S. Toloza;AMF;69,0;68,86407187930094;69;0,0;0,13592812069906302
109812;H. Abdelli;AMF;75,0;74,94397675552631;75;0,0;0,05602324447369256
109932;Vitor Bueno;AMF;70,0;69,78619350333894;70;0,0;0,21380649666106422
109992;S. Lencina;AMF;72,0;72,35581755703171;72;0,0;0,35581755703171325
110346;M. Goti;AMF;66,0;65,80112826202505;66;0,0;0,1988717379749545
110399;J. Rojas;AMF;67,0;66,70094103652714;67;0,0;0,2990589634728593
110439;Fornals;AMF;80,0;79,95492828213092;80;0,0;0,04507171786907804
110500;Edenilson;AMF;70,0;70,22482159900724;70;0,0;0,2248215990072424
110518;F. Guch;AMF;65,0;64,78106702098242;65;0,0;0,21893297901758046
110521;L. Godoy;AMF;66,0;66,19485452190668;66;0,0;0,1948545219066773
110568;A. Ba;AMF;66,0;65,76824554163012;66;0,0;0,23175445836987763
110614;T. Pochettino;AMF;70,0;70,03192528131164;70;0,0;0,031925281311643516
110892;G. Maroni;AMF;71,0;70,76189719675821;71;0,0;0,23810280324178734
110902;Dani Olmo;AMF;83,0;83,49359482846016;83;0,0;0,4935948284601608
110951;F. Watson;AMF;71,0;71,06861111806985;71;0,0;0,0686111180698532
111023;G. Carabajal;AMF;69,0;68,63000265070521;69;0,0;0,3699973492947919
111040;B. Merlini;AMF;70,0;69,87746763867314;70;0,0;0,1225323613268614
111173;J. Jhon;AMF;72,0;72,1340710868173;72;0,0;0,1340710868173005
111194;T. Anjorin;AMF;69,0;68,95788754140865;69;0,0;0,04211245859134749
111319;J. Lázaro;AMF;66,0;66,25837179836178;66;0,0;0,2583717983617788
111342;Aleñá;AMF;75,0;74,56587629230567;75;0,0;0,43412370769432584
111353;R. Garro;AMF;75,0;75,18797546282624;75;0,0;0,18797546282624467
111422;R. Veiga;AMF;75,0;74,85510576266975;75;0,0;0,14489423733024864
111473;L. Fernandes;AMF;67,0;66,78472299615372;67;0,0;0,2152770038462819
111478;O. Hutchinson;AMF;75,0;75,21748469831262;75;0,0;0,2174846983126173
111804;Lucas Paquetá;AMF;77,0;76,53986431288504;77;0,0;0,4601356871149562
111912;A. Muñoz;AMF;64,0;64,10845590235283;64;0,0;0,10845590235282998
111951;A. Vergara;AMF;67,0;67,38624052067729;67;0,0;0,38624052067729053
111962;G. Florentín;AMF;69,0;69,44478862525332;69;0,0;0,44478862525332374
111982;K. Merah;AMF;70,0;70,23281862558669;70;0,0;0,2328186255866882
112062;A. Golovin;AMF;77,0;76,74711560585878;77;0,0;0,2528843941412191
112503;D. Rodríguez;AMF;73,0;73,44962726873904;73;0,0;0,4496272687390359
112505;C. Ferreira;AMF;68,0;68,33604071758823;68;0,0;0,33604071758823295
112936;G. Bogado;AMF;66,0;66,40383775527388;66;0,0;0,40383775527388366
113039;B. Reynoso;AMF;74,0;73,92231313123457;74;0,0;0,07768686876542574
113532;Shaylon;AMF;69,0;68,86479300393815;69;0,0;0,1352069960618536
113573;Matheus Cunha;AMF;80,0;79,8466195567771;80;0,0;0,15338044322290045
113748;De Arrascaeta;AMF;83,0;83,20013253441977;83;0,0;0,2001325344197653
113804;V. González;AMF;59,0;58,774064798674154;59;0,0;0,22593520132584644
113831;F. González M.;AMF;69,0;68,98228529223768;69;0,0;0,0177147077623232
113883;M. Moreno;AMF;77,0;77,32045703798691;77;0,0;0,3204570379869125
113900;F. Wirtz;AMF;88,0;87,81915149480845;88;0,0;0,18084850519154827
113937;L. Cornejo;AMF;63,0;62,92591141506979;63;0,0;0,07408858493020887
113991;L. Chávez;AMF;68,0;67,98847879480805;68;0,0;0,011521205191954209
114036;J. Maddison;AMF;83,0;83,32674430041494;83;0,0;0,3267443004149442
114093;N. Nartey;AMF;68,0;68,39277063993661;68;0,0;0,39277063993661443
114106;L. Zelarayán;AMF;75,0;75,08623200790379;75;0,0;0,0862320079037886
114184;J. Ramírez;AMF;66,0;66,39727176223569;66;0,0;0,3972717622356896
114199;G. Hein;AMF;75,0;75,15836081364206;75;0,0;0,15836081364206223
114201;I. Sarr;AMF;78,0;78,48477404302446;78;0,0;0,4847740430244585
114218;L. Sequeira;AMF;70,0;69,94724482047121;70;0,0;0,05275517952878772
114278;Tiaguinho;AMF;62,0;61,673403150794435;62;0,0;0,32659684920556487
114304;Dzięgielewski;AMF;63,0;62,723874155472664;63;0,0;0,2761258445273356
114364;B. Rollheiser;AMF;74,0;73,721500380914;74;0,0;0,2784996190860056
114370;H. Jones;AMF;60,0;60,34663430492865;60;0,0;0,34663430492864933
114417;E. Plicco;AMF;54,0;54,22654688531682;54;0,0;0,22654688531682154
114637;M. Zaracho;AMF;70,0;70,22828194239;70;0,0;0,228281942389998
114642;A. Ocampo;AMF;68,0;67,97698503770157;68;0,0;0,023014962298432806
114676;L. Leroux;AMF;70,0;69,65948373114728;70;0,0;0,3405162688527241
114693;G. Earthy;AMF;67,0;67,22730167542088;67;0,0;0,22730167542087543
114752;Iván Martín;AMF;77,0;76,77954122462987;77;0,0;0,22045877537013325
114782;M. Dowman;AMF;67,0;67,01603260943476;67;0,0;0,016032609434759593
114788;Vina;AMF;72,0;71,71445194773912;72;0,0;0,28554805226087865
114794;Matheus França;AMF;66,0;66,08076802977578;66;0,0;0,08076802977578268
114803;Yago Noal;AMF;63,0;63,20347600256042;63;0,0;0,20347600256042142
114845;J. Kluivert;AMF;77,0;77,24978508964736;77;0,0;0,2497850896473608
114881;J. Hofmann;AMF;75,0;74,72109640518747;75;0,0;0,27890359481253313
114883;J. Musiala;AMF;87,0;86,97170022689025;87;0,0;0,02829977310975096
114891;C. Palmer;AMF;83,0;82,90222964273556;83;0,0;0,09777035726443728
114897;J. Altamirano;AMF;72,0;71,52028003666854;72;0,0;0,47971996333146194
114906;E. Eze;AMF;84,0;83,96686941868712;84;0,0;0,03313058131287505
114907;J. McAtee;AMF;72,0;71,91833539097132;72;0,0;0,08166460902867811
114909;N. Zaniolo;AMF;74,0;74,09099135248101;74;0,0;0,0909913524810122
114935;M. Gibbs-White;AMF;78,0;78,2531773231453;78;0,0;0,2531773231452945
114958;N. Cavuoti;AMF;65,0;65,38957927552116;65;0,0;0,38957927552115734
114989;Xavi Simons;AMF;81,0;80,76876167038581;81;0,0;0,231238329614186
115005;A. Sabiri;AMF;70,0;69,90434913022821;70;0,0;0,09565086977178794
115032;T. Almada;AMF;77,0;76,72767708383991;77;0,0;0,27232291616009263
115122;V. Carboni;AMF;73,0;73,29273355354847;73;0,0;0,29273355354847297
115132;B. Gruda;AMF;74,0;74,12367765126439;74;0,0;0,12367765126438712
115263;B. Aaronson;AMF;74,0;74,46059891960319;74;0,0;0,46059891960318566
115354;A. Luna;AMF;71,0;71,46397318140264;71;0,0;0,4639731814026362
115376;V. Acuña;AMF;65,0;64,60702584650704;65;0,0;0,3929741534929576
115385;F. Buonanotte;AMF;73,0;73,41123493901611;73;0,0;0,4112349390161114
115536;V. Adžić;AMF;67,0;66,66547676854076;67;0,0;0,3345232314592437
115653;Guridi;AMF;74,0;73,89126967976802;74;0,0;0,10873032023198448
115910;A. Lahdo;AMF;63,0;63,477252782856105;63;0,0;0,4772527828561053
116049;Edu Expósito;AMF;76,0;76,35663455610757;76;0,0;0,356634556107565
116141;S. Quiroga;AMF;64,0;63,91460911527003;64;0,0;0,08539088472996781
116208;J. Recalde;AMF;69,0;69,09772766815443;69;0,0;0,0977276681544339
116591;C. Aquino;AMF;72,0;71,8443262281719;72;0,0;0,1556737718281056
116666;S. Szymański;AMF;70,0;70,35729859814849;70;0,0;0,3572985981484891
116710;H. Haraldsson;AMF;77,0;77,09344266114078;77;0,0;0,09344266114078437
116912;Reinier;AMF;70,0;69,69893510417113;70;0,0;0,30106489582887264
117081;D. Maldini;AMF;72,0;72,02374886134852;72;0,0;0,02374886134852261
117364;Peque;AMF;73,0;72,79804922806434;73;0,0;0,2019507719356568
117452;G. Baroni;AMF;66,0;65,80875497679529;66;0,0;0,19124502320471493
117497;H. Traorè;AMF;75,0;75,25139505437498;75;0,0;0,25139505437498144
117523;Selton;AMF;63,0;63,13476232968729;63;0,0;0,13476232968729107
117659;A. Milambo;AMF;72,0;72,25383698718733;72;0,0;0,25383698718732717
117661;Fábio Carvalho;AMF;74,0;74,0431515278725;74;0,0;0,043151527872495876
117687;A. Fernández;AMF;68,0;67,85597049739543;68;0,0;0,14402950260456748
117770;L. Ambros;AMF;67,0;66,69942692557923;67;0,0;0,3005730744207682
117894;Gustavo;AMF;68,0;67,79941582098999;68;0,0;0,2005841790100078
117952;A. Martegani;AMF;70,0;69,9873602476357;70;0,0;0,0126397523642936
118032;F. Lo Celso;AMF;66,0;65,51628290322681;66;0,0;0,48371709677319075
118048;Alex Amorim;AMF;69,0;68,65818877833674;69;0,0;0,3418112216632636
118096;M. Mount;AMF;77,0;76,65901354392551;77;0,0;0,3409864560744893
118163;H. López;AMF;62,0;62,10270282058149;62;0,0;0,1027028205814915
118164;E. Smith Rowe;AMF;78,0;78,14219242864617;78;0,0;0,14219242864616888
118174;M. Rogers;AMF;82,0;81,66847828593907;82;0,0;0,33152171406092634
118183;M. Gallardo;AMF;69,0;69,08133817153043;69;0,0;0,0813381715304331
118267;Rodri Mendoza;AMF;71,0;70,72660555156351;71;0,0;0,2733944484364912
118285;A. Karabec;AMF;73,0;72,52849620692977;73;0,0;0,4715037930702266
118294;S. Chambers;AMF;62,0;62,07505043818092;62;0,0;0,0750504381809165
118342;H. López Muñoz;AMF;75,0;74,60286762196706;75;0,0;0,39713237803293566
118428;Dro Fernández;AMF;71,0;71,34937930207724;71;0,0;0,34937930207723866
118448;K. Cabrera;AMF;68,0;67,78366668145968;68;0,0;0,21633331854032178
118494;N. Vlašić;AMF;78,0;77,84050966800888;78;0,0;0,1594903319911225
118528;M. Damsgaard;AMF;76,0;76,01334776652743;76;0,0;0,013347766527431304
118559;Fermín;AMF;82,0;81,90424111046303;82;0,0;0,09575888953696676
118578;Índio;AMF;59,0;59,25954959746703;59;0,0;0,25954959746702855
118595;C. Palacios;AMF;73,0;72,73821749084634;73;0,0;0,26178250915366164
118661;E. Cabrera;AMF;69,0;69,28817402198285;69;0,0;0,28817402198285436
118707;A. Adli;AMF;76,0;76,44886083336974;76;0,0;0,4488608333697357
118728;R. Malinovskyi;AMF;74,0;73,7675167196265;74;0,0;0,23248328037350063
118829;G. Piñeiro;AMF;66,0;65,83012415943047;66;0,0;0,16987584056953153
118933;L. Zahović;AMF;65,0;65,13274735237894;65;0,0;0,1327473523789422
118941;Robert Navarro;AMF;75,0;75,11734946291699;75;0,0;0,11734946291699089
118974;F. Cabanillas;AMF;62,0;62,356401718216674;62;0,0;0,35640171821667366
119088;T. Aranda;AMF;71,0;71,0667750876595;71;0,0;0,06677508765949369
119812;S. Quillahuamán;AMF;57,0;57,49469388198724;57;0,0;0,4946938819872386
119815;L. Cabral;AMF;71,0;71,35047586711173;71;0,0;0,35047586711172585
119865;Pablo Agudín;AMF;65,0;64,74190015701359;65;0,0;0,258099842986411
119876;Aimar Oroz;AMF;77,0;77,41933923615326;77;0,0;0,4193392361532631
119899;R. Matondo;AMF;58,0;58,407327889717024;58;0,0;0,40732788971702405
120332;J. Savarino;AMF;75,0;74,52660754447186;75;0,0;0,4733924555281419
120357;E. Elmas;AMF;76,0;75,54274636244486;76;0,0;0,4572536375551408
120369;S. Dalmasso;AMF;62,0;61,64369432662583;62;0,0;0,3563056733741732
121198;M. Aguiar;AMF;62,0;61,728089475405;62;0,0;0,2719105245950004
121257;S. Pierotti;AMF;69,0;68,61929216591044;69;0,0;0,3807078340895629
121324;L. Fernández;AMF;75,0;75,303785857732;75;0,0;0,3037858577319952
122275;M. Klimowicz;AMF;69,0;68,61009064622517;69;0,0;0,3899093537748257
122727;J. Ekkelenkamp;AMF;72,0;72,38044182717542;72;0,0;0,3804418271754173
263072;Fernando;AMF;67,0;67,02668457116211;67;0,0;0,026684571162107318
263134;U. Zabaleta;AMF;72,0;71,8133430159772;72;0,0;0,18665698402280384
263819;S. González;AMF;70,0;70,4208561507086;70;0,0;0,4208561507086017
269216;Romarinho;AMF;74,0;73,9471331925177;74;0,0;0,0528668074823031
297025;F. Farías;AMF;72,0;71,74482786578527;72;0,0;0,2551721342147317
304128;R. Vaca;AMF;72,0;71,68170822753434;72;0,0;0,3182917724656562
305909;J. Pérez;AMF;67,0;67,17762630701095;67;0,0;0,1776263070109536
315542;F. González;AMF;65,0;65,28597534529797;65;0,0;0,2859753452979703
319586;L. Lima;AMF;72,0;72,3188128838417;72;0,0;0,3188128838417015
363615;C. Gonzáles;AMF;70,0;70,31162830364623;70;0,0;0,3116283036462306
366643;R. Atencio;AMF;70,0;69,50434980439208;70;0,0;0,49565019560792223
372710;J. Rossel;AMF;65,0;64,61625551171286;65;0,0;0,38374448828713525
375729;H. Abdulkareem;AMF;61,0;61,273982096099445;61;0,0;0,273982096099445
377282;Maurício;AMF;74,0;74,2573633323404;74;0,0;0,25736333234040387
377513;D. Cataño;AMF;70,0;69,53429437748795;70;0,0;0,46570562251204706
379997;C. Benavente;AMF;69,0;68,8240519115021;69;0,0;0,1759480884979041
380134;Lorran;AMF;66,0;66,22917993060393;66;0,0;0,2291799306039337
1073754405;D. Kamada;AMF;76,0;76,17951903595548;76;0,0;0,17951903595547947
1073783056;Oscar;AMF;74,0;73,82044502013211;74;0,0;0,1795549798678877
1073805122;Lima;AMF;72,0;71,93639034215755;72;0,0;0,06360965784244854
1073847867;Chico Kim;AMF;69,0;69,17080103669235;69;0,0;0,17080103669235314
1073850272;Y. Goh;AMF;66,0;65,66581693540643;66;0,0;0,3341830645935744
5518;Raúl Albiol;CB;77,0;77,27362563453536;77;0,0;0,2736256345353638
6577;S. Pavlović;CB;79,0;79,39679180348402;79;0,0;0,396791803484021
7318;S. Chergui;CB;63,0;62,753964701487774;63;0,0;0,2460352985122256
7814;Dante;CB;77,0;76,95767486711644;77;0,0;0,04232513288356188
9041;J. Herrando;CB;77,0;77,2723404937;77;0,0;0,2723404936999998
9121;A. Rogel;CB;72,0;71,98015234957299;72;0,0;0,01984765042701042
11034;Éder;CB;72,0;71,76621184167979;72;0,0;0,23378815832020905
30074;Egiluz;CB;72,0;72,34289715478796;72;0,0;0,3428971547879627
30117;M. Capasso;CB;73,0;72,99093116113336;73;0,0;0,00906883886663934
32021;E. Agbadou;CB;80,0;79,86984220054312;80;0,0;0,13015779945688166
32156;G. Lacerda;CB;69,0;69,44909532905744;69;0,0;0,4490953290574424
32262;A. Circati;CB;74,0;74,08279209227713;74;0,0;0,08279209227713125
32353;L. Otávio;CB;70,0;70,34211222444743;70;0,0;0,3421122244474333
33073;Zé Pedro;CB;72,0;72,25196559389995;72;0,0;0,25196559389995343
33250;Mario Gila;CB;80,0;79,67189674212774;80;0,0;0,32810325787225736
33266;R. Araújo;CB;82,0;82,0203685402152;82;0,0;0,020368540215201847
33290;Bruno Alves;CB;67,0;67,1640297705051;67;0,0;0,16402977050509548
33669;Jemmes;CB;73,0;73,26464806341451;73;0,0;0,2646480634145121
34704;A. Petit Dol;CB;63,0;62,74002450169109;63;0,0;0,2599754983089113
34850;Juninho;CB;68,0;68,01766085811386;68;0,0;0,017660858113856648
35324;Kauan Faria;CB;65,0;65,25763751431569;65;0,0;0,2576375143156895
35876;Azpilicueta;CB;76,0;76,12900786052725;76;0,0;0,12900786052725266
36665;J. Vásquez;CB;75,0;75,06195533214354;75;0,0;0,06195533214354043
36706;S. Moya;CB;66,0;66,18364528580629;66;0,0;0,1836452858062927
36776;Riccieli;CB;73,0;72,98673126940419;73;0,0;0,013268730595811462
37053;João Victor;CB;76,0;76,31614942406918;76;0,0;0,3161494240691809
37151;J. Beyer;CB;73,0;72,65451328008601;73;0,0;0,3454867199139926
37377;A. Catena;CB;79,0;78,7357326956433;79;0,0;0,264267304356693
37437;A. García Basso;CB;70,0;70,23762897943405;70;0,0;0,23762897943404937
37511;F. Roncaglia;CB;70,0;70,27323880785764;70;0,0;0,27323880785763777
37602;A. Seyral;CB;65,0;64,86403697608752;65;0,0;0,13596302391248116
37827;A. Witsel;CB;75,0;74,76088060183879;75;0,0;0,23911939816120764
37874;Marcos Victor;CB;70,0;69,88355746998447;70;0,0;0,11644253001553295
38179;A. Sangante;CB;76,0;76,41040568768642;76;0,0;0,4104056876864206
38288;E. Muñoz;CB;71,0;71,2302515369823;71;0,0;0,23025153698229417
38390;Lucas Freitas;CB;68,0;68,3433684303138;68;0,0;0,34336843031380226
38540;S. Coulibaly;CB;64,0;63,72055125857112;64;0,0;0,27944874142887954
38771;V. Nelsson;CB;75,0;75,40714480686864;75;0,0;0,4071448068686436
38797;D. Blind;CB;73,0;73,30248101000912;73;0,0;0,3024810100091173
38807;R. Sam;CB;71,0;71,28729309099083;71;0,0;0,2872930909908291
38812;A. Osella;CB;71,0;70,92886110623263;71;0,0;0,07113889376736893
38863;I. Villalba;CB;71,0;71,35339650400462;71;0,0;0,3533965040046212
38891;O. Bevan;CB;66,0;65,861434395241;66;0,0;0,1385656047589947
39173;T. Silva;CB;85,0;84,72375431076667;85;0,0;0,2762456892333347
39339;Rafael Thyere;CB;69,0;69,47876293636241;69;0,0;0,47876293636241485
39469;L. Valenti;CB;71,0;70,8752878315201;71;0,0;0,12471216847990263
39699;G. Medel;CB;69,0;69,32899079014305;69;0,0;0,32899079014305244
39798;A. Corzo;CB;70,0;69,55419699735499;70;0,0;0,4458030026450075
40335;Renzo;CB;67,0;67,12836250567517;67;0,0;0,12836250567517027
40368;A. Seidu;CB;72,0;71,90594762116245;72;0,0;0,0940523788375458
40407;Maicon;CB;72,0;72,18305607945803;72;0,0;0,1830560794580265
40725;N. Otamendi;CB;84,0;84,09812078555144;84;0,0;0,0981207855514441
40875;S. De Vrij;CB;82,0;82,1119424410381;82;0,0;0,11194244103809581
41045;Y. Rak;CB;71,0;70,75626586067695;71;0,0;0,24373413932305255
41124;D. Alaba;CB;77,0;76,65657904931955;77;0,0;0,34342095068045353
41153;S. Coates;CB;76,0;76,39460169056093;76;0,0;0,39460169056093264
41169;E. Aguilera;CB;71,0;71,35530996283954;71;0,0;0,3553099628395415
41174;M. Rojo;CB;72,0;72,47180206482824;72;0,0;0,47180206482823905
41275;J. Insaurralde;CB;70,0;69,89950320711239;70;0,0;0,10049679288761126
41294;Ignácio;CB;75,0;74,96620450426634;75;0,0;0,03379549573365637
41295;C. Lema;CB;73,0;73,16093051016416;73;0,0;0,16093051016416382
41527;F. Tobio;CB;69,0;69,46524876029272;69;0,0;0,4652487602927238
41538;E. Olivera;CB;70,0;69,79025641296802;70;0,0;0,20974358703197993
41547;C. Quintana;CB;77,0;76,63860586472678;77;0,0;0,3613941352732155
41674;Y. Mosquera;CB;74,0;74,12920443473391;74;0,0;0,1292044347339072
42093;M. Torrén;CB;67,0;66,70241922504789;67;0,0;0,29758077495210955
42291;D. Silva;CB;66,0;66,42407391796277;66;0,0;0,4240739179627724
42429;Juan Jesus;CB;77,0;76,61758208261722;77;0,0;0,3824179173827815
42452;G. Mercado;CB;73,0;72,80134302797258;73;0,0;0,19865697202742183
42577;M. Guéhi;CB;82,0;82,28790487476641;82;0,0;0,28790487476641147
42698;K. Jappert;CB;71,0;71,42190649638916;71;0,0;0,42190649638915545
42752;F. Mallo;CB;76,0;75,81282633679803;76;0,0;0,1871736632019747
42868;Bartra;CB;78,0;77,74453115910524;78;0,0;0,25546884089476407
42917;D. Burn;CB;78,0;77,85472641007856;78;0,0;0,14527358992144457
42935;L. Vallejo;CB;65,0;64,90812505428488;65;0,0;0,09187494571511934
43006;R. Funes Mori;CB;73,0;72,96465551215054;73;0,0;0,035344487849457096
43082;N. Adjei;CB;71,0;71,27938551694152;71;0,0;0,2793855169415167
43157;Marcos Alonso;CB;73,0;73,31442398432135;73;0,0;0,3144239843213512
43178;C. Egan-Riley;CB;73,0;72,92090440668073;73;0,0;0,0790955933192663
43467;R. Rodríguez;CB;68,0;67,99026815480376;68;0,0;0,009731845196242261
43731;W. Ángel;CB;72,0;71,62087549724197;72;0,0;0,37912450275803167
43798;S. Ramos Mingo;CB;76,0;75,70436250368326;76;0,0;0,2956374963167434
43989;Danilo;CB;75,0;75,0669019410705;75;0,0;0,06690194107049763
44184;L. Halter;CB;74,0;73,51011158631086;74;0,0;0,48988841368914393
44423;R. Arias;CB;69,0;68,66177450473087;69;0,0;0,3382254952691284
44451;A. Bamba;CB;68,0;67,58727412709734;68;0,0;0,41272587290265506
44550;Vitão;CB;78,0;78,1564472304579;78;0,0;0,15644723045789988
44562;Fali Candé;CB;68,0;67,87410395832515;68;0,0;0,12589604167484936
44619;Rodrigo Moledo;CB;72,0;71,62275144289752;72;0,0;0,37724855710247596
44654;W. Boly;CB;76,0;76,25047654649508;76;0,0;0,25047654649507933
44676;F. Acerbi;CB;81,0;81,3059795568317;81;0,0;0,3059795568317014
44711;R. Cáseres;CB;69,0;68,54977518205423;69;0,0;0,45022481794576663
44748;D. Ricardo;CB;71,0;71,11047098354271;71;0,0;0,11047098354271156
44840;V. Van Dijk;CB;89,0;89,27658405619725;89;0,0;0,276584056197251
45028;Sabino;CB;74,0;74,30064843757735;74;0,0;0,30064843757735105
45071;G. Pezzella;CB;76,0;75,7900826203951;76;0,0;0,20991737960490298
45124;N. Collins;CB;80,0;80,24311369240843;80;0,0;0,2431136924084285
45181;A. Faye;CB;71,0;70,97314839308912;71;0,0;0,026851606910881287
45196;M. Bianchetti;CB;72,0;71,70374459003405;72;0,0;0,29625540996595134
45238;H. Ekdal;CB;71,0;71,03764224795158;71;0,0;0,037642247951581
45247;J. Branthwaite;CB;79,0;79,17759988016236;79;0,0;0,1775998801623615
45254;J. Freytes;CB;72,0;71,8043299775789;72;0,0;0,19567002242109766
45290;Íñigo Martínez;CB;84,0;84,3358974914001;84;0,0;0,33589749140010383
45386;Bigas;CB;78,0;77,5246846112412;78;0,0;0,4753153887588013
45392;Gustavo Marques;CB;70,0;70,49488430950028;70;0,0;0,4948843095002786
45454;N. Arena;CB;67,0;66,98426727359994;67;0,0;0,01573272640005996
45579;H. Nervo;CB;71,0;71,41926027232485;71;0,0;0,4192602723248484
45582;L. López;CB;75,0;74,79020191519496;75;0,0;0,20979808480504403
45669;M. Di Cesare;CB;76,0;75,50006952993026;76;0,0;0,4999304700697422
45756;G. Gómez;CB;81,0;80,59025573951811;81;0,0;0,4097442604818866
45758;M. Pellegrino;CB;72,0;71,66684961320846;72;0,0;0,3331503867915444
45788;M. Araujo;CB;72,0;72,00147016587275;72;0,0;0,0014701658727460654
45993;Marquinhos;CB;87,0;87,3962706729877;87;0,0;0,396270672987697
46453;Camutanga;CB;71,0;70,74143838376443;71;0,0;0,2585616162355677
46466;A. Mandi;CB;76,0;76,27692957609334;76;0,0;0,27692957609333746
46507;Lucas Oliveira;CB;69,0;68,85429265362963;69;0,0;0,1457073463703722
46611;M. Dória;CB;71,0;70,65484180865886;71;0,0;0,3451581913411417
46812;Igor Julio;CB;74,0;74,27146542417239;74;0,0;0,2714654241723906
47128;Rafael Tolói;CB;72,0;72,02092111358684;72;0,0;0,020921113586837237
47152;S. Baidoo;CB;68,0;67,91308900840163;68;0,0;0,08691099159837279
47162;S. Kolašinac;CB;76,0;76,26304926720313;76;0,0;0,2630492672031295
47175;O. Kouassi;CB;65,0;64,6030618519128;65;0,0;0,3969381480872016
47190;A. Romagnoli;CB;81,0;80,96371417181588;81;0,0;0,03628582818411985
47251;Vivian;CB;83,0;83,02088482740703;83;0,0;0,02088482740703057
47267;David Carmo;CB;74,0;74,04613222946537;74;0,0;0,04613222946537121
47269;N. Ferraresi;CB;72,0;71,90594780093811;72;0,0;0,09405219906189188
47431;E. Dier;CB;75,0;75,14822509765105;75;0,0;0,14822509765104996
47522;A. Laporte;CB;82,0;82,41418417571501;82;0,0;0,41418417571500754
47524;F. Lejeune;CB;78,0;77,81285196579137;78;0,0;0,1871480342086329
47532;N. Goitea;CB;70,0;70,08265673155704;70;0,0;0,08265673155703723
47569;I. Doukouré;CB;75,0;74,66889683583105;75;0,0;0,331103164168951
47589;É. Godoy;CB;72,0;72,3415187234047;72;0,0;0,3415187234047039
47745;B. Oviedo;CB;69,0;68,8254753024795;69;0,0;0,17452469752049637
47785;J. Stones;CB;82,0;81,96449106272132;82;0,0;0,03550893727867788
47813;M. Zaldivia;CB;71,0;71,25162224926841;71;0,0;0,2516222492684079
47830;L. Magallán;CB;72,0;72,04127503464785;72;0,0;0,041275034647853204
48056;V. Cuesta;CB;72,0;71,79594823120163;72;0,0;0,20405176879836517
48142;F. Pereyra;CB;74,0;74,33686574544741;74;0,0;0,33686574544741177
53453;D. Rivera;CB;70,0;70,11958518689363;70;0,0;0,11958518689363018
53476;J. Cuenú;CB;70,0;70,28472344871668;70;0,0;0,2847234487166759
53799;L. Escorcia;CB;66,0;65,83523143786267;66;0,0;0,1647685621373256
54163;M. Caicedo;CB;64,0;64,14045303400171;64;0,0;0,14045303400170894
54166;C. Haydar;CB;74,0;73,61716426653474;74;0,0;0,38283573346525657
54247;N. Süle;CB;79,0;78,96784834654221;79;0,0;0,03215165345778814
54364;M. Kempf;CB;76,0;76,34262239231009;76;0,0;0,3426223923100906
54385;A. Bravo;CB;64,0;63,68885419618096;64;0,0;0,3111458038190378
54396;L. Zárate;CB;72,0;72,1676031763642;72;0,0;0,16760317636419586
54397;R. Schunke;CB;72,0;72,15317910972854;72;0,0;0,15317910972854065
54405;A. Córdoba;CB;66,0;66,41049578518081;66;0,0;0,41049578518081375
54445;J. Gbamin;CB;70,0;69,91016951478568;70;0,0;0,08983048521432124
54659;N. Al-Sharari;CB;68,0;68,4479446471485;68;0,0;0,44794464714850335
54676;K. Silva;CB;67,0;67,30186624237784;67;0,0;0,3018662423778409
54753;B. Pavard;CB;79,0;78,7735018459516;79;0,0;0,22649815404840012
54824;D. Retamal;CB;68,0;68,21798940968233;68;0,0;0,21798940968233183
54827;D. Arroyo;CB;63,0;62,85925490279564;63;0,0;0,14074509720435913
54834;L. Yanarico;CB;64,0;64,10643733839625;64;0,0;0,10643733839624758
54842;J. Fuentes;CB;72,0;71,67590747482139;72;0,0;0,32409252517861376
54843;B. Gazzolo;CB;71,0;71,39245687084428;71;0,0;0,3924568708442848
54844;G. Vargas;CB;71,0;71,24853988271724;71;0,0;0,24853988271723892
54846;A. Alfonzo;CB;64,0;64,1977042767802;64;0,0;0,19770427678020042
54848;B. Tamayo;CB;68,0;67,58937271258891;68;0,0;0,41062728741108856
54853;M. Fernández;CB;71,0;70,86653169211452;71;0,0;0,13346830788547948
54861;C. Valencia;CB;64,0;63,504537206366805;64;0,0;0,49546279363319456
55038;A. Al-Amri;CB;71,0;70,87401188312884;71;0,0;0,12598811687115585
55301;K. Lomónaco;CB;73,0;72,64099132460227;73;0,0;0,35900867539773174
55411;T. Viera;CB;67,0;67,35351435549698;67;0,0;0,3535143554969835
55533;E. Noriega;CB;72,0;72,39850741521072;72;0,0;0,398507415210716
55651;R. Sailor;CB;70,0;70,46344145069932;70;0,0;0,46344145069932097
55654;I. Fray;CB;66,0;66,19801180632943;66;0,0;0,19801180632943272
55657;T. Avilés;CB;73,0;72,5723697260569;73;0,0;0,4276302739430946
55695;J. García;CB;67,0;67,39314217712628;67;0,0;0,3931421771262791
55713;C. Salgado;CB;60,0;60,19179641738032;60;0,0;0,19179641738031705
55720;J. Peña;CB;73,0;73,0543429846953;73;0,0;0,05434298469529608
55721;L. Aponte;CB;67,0;66,7659037553712;67;0,0;0,23409624462880174
55723;J. Mena;CB;71,0;70,93040312886977;71;0,0;0,06959687113022994
55731;J. Velásquez;CB;62,0;61,889160326185525;62;0,0;0,11083967381447479
55732;C. Romaña;CB;68,0;67,79096710317836;68;0,0;0,20903289682163972
55733;C. Henao;CB;70,0;70,3215880602856;70;0,0;0,32158806028560605
55736;L. Díaz;CB;65,0;65,262768655523;65;0,0;0,2627686555230042
55745;Dedé;CB;72,0;72,18591301239891;72;0,0;0,18591301239891322
55746;L. Quintana;CB;74,0;74,16224367593789;74;0,0;0,16224367593788713
55757;M. Gauna;CB;72,0;71,5666966409526;72;0,0;0,43330335904740025
55770;R. Mina;CB;71,0;70,91675933742056;71;0,0;0,08324066257944196
55771;R. Adé;CB;77,0;76,95877582942758;77;0,0;0,041224170572419894
55773;D. Aimar;CB;68,0;68,16764129074437;68;0,0;0,1676412907443705
55782;G. Allala;CB;70,0;70,31313269885511;70;0,0;0,31313269885511374
55794;J. Vargas;CB;74,0;74,1516937046739;74;0,0;0,15169370467390308
55808;D. Osio;CB;71,0;70,53974118447533;71;0,0;0,46025881552466785
55845;S. García;CB;70,0;69,50771083653065;70;0,0;0,49228916346935137
55846;J. Arias;CB;71,0;70,62913240404738;71;0,0;0,37086759595261753
55854;V. Pierani;CB;65,0;65,1790085576048;65;0,0;0,17900855760480283
55857;W. Tesillo;CB;75,0;74,54252655736772;75;0,0;0,45747344263227774
55908;Cleiton;CB;67,0;67,31682916701514;67;0,0;0,3168291670151433
55946;M. Caicedo;CB;67,0;66,62911440616563;67;0,0;0,37088559383437314
55957;J. Pestaña;CB;72,0;71,58643231954866;72;0,0;0,41356768045133663
55958;C. Tovar;CB;70,0;70,1103491845271;70;0,0;0,11034918452709519
55967;A. Mosquera;CB;71,0;70,94217406648144;71;0,0;0,057825933518557804
55970;M. Rea;CB;72,0;72,35991383566606;72;0,0;0,35991383566606316
55971;N. Cabral;CB;66,0;66,29202748924446;66;0,0;0,292027489244461
55978;D. Ordóñez;CB;59,0;59,01445460205915;59;0,0;0,014454602059153387
56029;Léo Pereira;CB;81,0;81,23641897428335;81;0,0;0,23641897428335312
56033;J. Sagredo;CB;65,0;64,64371986841834;65;0,0;0,3562801315816557
56045;C. Izquierdoz;CB;76,0;75,95963060512834;76;0,0;0,0403693948716608
56048;L. Acevedo;CB;69,0;68,66198788432058;69;0,0;0,3380121156794189
56097;V. Fascendini;CB;68,0;67,74312239169045;68;0,0;0,2568776083095514
56141;V. Moreno;CB;71,0;70,91891689572711;71;0,0;0,08108310427289211
56145;M. Maidana;CB;69,0;69,44770342526779;69;0,0;0,4477034252677896
56171;J. Vera;CB;70,0;69,90471989467191;70;0,0;0,0952801053280865
56172;A. Barrionuevo;CB;73,0;73,2826421101261;73;0,0;0,28264211012610474
56173;N. Caro Torres;CB;69,0;68,61599496680543;69;0,0;0,384005033194569
56184;F. Gatti;CB;79,0;79,17623706352238;79;0,0;0,1762370635223789
56227;I. Scarpeta;CB;70,0;70,2117458886541;70;0,0;0,21174588865409305
56236;L. Segovia;CB;68,0;67,82472934177645;68;0,0;0,17527065822355326
56240;J. Marchio;CB;67,0;66,92681994803165;67;0,0;0,07318005196835031
56242;R. Guzmán;CB;66,0;66,30340931643428;66;0,0;0,3034093164342835
56263;L. Monzón;CB;72,0;71,89862789113353;72;0,0;0,10137210886647097
57156;L. Cardozo;CB;61,0;60,87848846395169;61;0,0;0,12151153604830967
57224;C. Paz;CB;71,0;71,00296812999136;71;0,0;0,002968129991359092
57418;Marllon;CB;72,0;72,49998448628882;72;0,0;0,49998448628882386
57646;M. Salisu;CB;77,0;76,93920172906245;77;0,0;0,06079827093755341
57647;A. Rambal;CB;70,0;70,00514464406002;70;0,0;0,005144644060024461
57652;L. Haquín;CB;70,0;69,85970277277988;70;0,0;0,14029722722011684
57656;E. Morales;CB;67,0;67,4380962081342;67;0,0;0,4380962081341977
57893;J. Chancellor;CB;70,0;69,87852805365407;70;0,0;0,12147194634593461
57895;J. Sagredo;CB;67,0;67,11244907280592;67;0,0;0,11244907280591576
57902;R. Gómez;CB;69,0;68,6217167576124;69;0,0;0,3782832423875959
57915;A. Quiroga;CB;67,0;67,41536603781233;67;0,0;0,4153660378123334
57925;N. Rodríguez;CB;75,0;75,23308373930882;75;0,0;0,23308373930882453
57938;R. Melgarejo;CB;65,0;64,81767867123341;65;0,0;0,1823213287665908
57948;L. Quintana;CB;66,0;66,37751632318516;66;0,0;0,37751632318516215
57949;M. Pérez;CB;74,0;73,63152179212118;74;0,0;0,3684782078788231
57964;Victor Gabriel;CB;69,0;68,50281617352314;69;0,0;0,49718382647685644
58004;F. Zamora;CB;61,0;60,56050955866798;61;0,0;0,4394904413320191
58044;T. Ramírez;CB;70,0;69,5968348537021;70;0,0;0,40316514629789424
58059;J. Aguirre;CB;74,0;73,7207554008383;74;0,0;0,2792445991617001
58060;J. Millán;CB;75,0;74,83443536274811;75;0,0;0,1655646372518902
58071;P. Calione;CB;67,0;67,39901085254928;67;0,0;0,3990108525492815
58093;S. Flores;CB;70,0;70,12521167493541;70;0,0;0,1252116749354144
58100;H. Butrón;CB;60,0;60,04935051472596;60;0,0;0,049350514725958305
58127;N. Freire;CB;70,0;69,56016831444549;70;0,0;0,439831685554509
58131;M. Suárez;CB;66,0;65,75671965563748;66;0,0;0,24328034436251755
58167;J. Angulo;CB;70,0;69,84903511486459;70;0,0;0,15096488513540862
58198;S. Mosquera;CB;69,0;68,5811629586507;69;0,0;0,4188370413493061
58207;E. Freita;CB;65,0;65,04605482863874;65;0,0;0,04605482863874499
58210;J. Rodríguez;CB;70,0;69,8064446404871;70;0,0;0,19355535951289937
58211;N. Herrera;CB;75,0;75,31541148494398;75;0,0;0,3154114849439793
58217;I. Gariglio;CB;67,0;67,46481794068895;67;0,0;0,46481794068894544
58218;R. Ramírez;CB;68,0;68,0591484708251;68;0,0;0,059148470825093113
58223;S. Echeverría;CB;71,0;70,8128016888372;71;0,0;0,1871983111628026
58227;J. Méndez;CB;70,0;69,80845608210981;70;0,0;0,19154391789018632
58242;O. Salomón;CB;70,0;70,08709761640196;70;0,0;0,08709761640196234
58243;X. Arreaga;CB;71,0;70,57509028165207;71;0,0;0,42490971834793356
58256;J. Barreto;CB;70,0;70,19565258850623;70;0,0;0,1956525885062348
58281;Ó. Quiñónez;CB;68,0;68,0690979077856;68;0,0;0,0690979077856042
58284;L. Zabala;CB;66,0;65,92842701549453;66;0,0;0,07157298450546534
58290;S. Fernández;CB;69,0;69,36173750204098;69;0,0;0,361737502040981
58292;M. Rodríguez;CB;71,0;70,67596214154547;71;0,0;0,32403785845453115
58315;N. Capraro;CB;70,0;70,07031741572918;70;0,0;0,07031741572917838
58326;S. Delvalle;CB;65,0;64,91955642553455;65;0,0;0,08044357446544836
58327;N. Giménez;CB;64,0;63,701123357187655;64;0,0;0,2988766428123455
58344;D. Viera;CB;71,0;71,41595797659363;71;0,0;0,41595797659363143
58349;A. Velasco;CB;66,0;65,59982997707047;66;0,0;0,4001700229295295
58350;N. Ramírez;CB;72,0;72,26367664139144;72;0,0;0,26367664139144154
58351;T. Hall;CB;60,0;60,24938082755614;60;0,0;0,24938082755613777
58352;M. Jacquet;CB;71,0;70,54518892123535;71;0,0;0,4548110787646493
58361;E. Gularte;CB;73,0;73,45202463547375;73;0,0;0,45202463547374805
58362;J. Escobar;CB;71,0;70,91369227786629;71;0,0;0,08630772213371074
58398;S. Villarroel;CB;57,0;57,48619135119182;57;0,0;0,48619135119182033
58408;M. Di Benedetto;CB;69,0;69,4332288731279;69;0,0;0,43322887312790215
58410;R. Barbosa;CB;69,0;68,91735601499697;69;0,0;0,08264398500303116
58668;Manoel;CB;74,0;73,59662126376455;74;0,0;0,40337873623545306
58680;Jemerson;CB;71,0;70,82075793779971;71;0,0;0,17924206220028793
58691;Gabriel P.;CB;78,0;78,11965290760702;78;0,0;0,11965290760701919
58834;Rafa Marín;CB;77,0;76,80049780688564;77;0,0;0,19950219311435546
58839;J. Giménez;CB;86,0;86,15763729548807;86;0,0;0,15763729548807248
58847;Gustavo Martins;CB;74,0;73,94209115915665;74;0,0;0,05790884084335346
59256;F. Lorenzón;CB;69,0;68,8615430279451;69;0,0;0,1384569720548967
59354;R. Riquelme;CB;66,0;66,10602675020212;66;0,0;0,10602675020211905
59356;P. Díaz;CB;73,0;73,4440444846568;73;0,0;0,4440444846567999
59418;T. Asta-Buruaga;CB;68,0;68,20404616005472;68;0,0;0,2040461600547161
59419;G. Guiffrey;CB;68,0;68,4422964960311;68;0,0;0,4422964960311049
59465;F. Ceccherini;CB;72,0;72,32477802502883;72;0,0;0,32477802502883435
59486;F. Schär;CB;81,0;81,37753420418356;81;0,0;0,37753420418356143
59493;Z. Abbott;CB;67,0;66,91413541920535;67;0,0;0,08586458079464876
59507;Edu Ribeiro;CB;70,0;70,29474468274182;70;0,0;0,29474468274182186
59757;S. Sazonov;CB;74,0;74,33279044967924;74;0,0;0,3327904496792371
59766;N. Aké;CB;83,0;83,20568910575327;83;0,0;0,20568910575326527
59806;C. Mbemba;CB;76,0;75,50488401449473;76;0,0;0,49511598550526514
59848;T. Tati;CB;70,0;70,09816539336998;70;0,0;0,09816539336998176
59949;C. Zambrano;CB;73,0;72,83409513182403;73;0,0;0,1659048681759714
59966;A. Abqar;CB;75,0;74,99652237962718;75;0,0;0,003477620372819956
60133;N. Colombo;CB;72,0;72,09506524664563;72;0,0;0,09506524664563187
60151;G. Conti;CB;71,0;70,96171401112112;71;0,0;0,038285988878882904
60167;M. Catalán;CB;72,0;72,29213263481834;72;0,0;0,2921326348183442
60188;L. Lollo;CB;74,0;73,68130753336789;74;0,0;0,3186924666321147
60234;C. Corvalán;CB;68,0;68,30708793117198;68;0,0;0,30708793117197786
60279;I. Ovando;CB;69,0;68,90415730727504;69;0,0;0,0958426927249576
60364;N. Domínguez;CB;69,0;68,98912642983743;69;0,0;0,010873570162573287
60431;R. Drâguşin;CB;77,0;77,17777114522445;77;0,0;0,17777114522445459
60448;Ruan Tressoldi;CB;72,0;71,93246117987314;72;0,0;0,06753882012685608
60507;M. Troilo;CB;68,0;67,9786665748069;68;0,0;0,02133342519310588
60590;S. Lucero;CB;65,0;65,04944529156737;65;0,0;0,04944529156736621
60611;Wagner Leonardo;CB;75,0;74,53221032869239;75;0,0;0,46778967130761373
60653;N. Paz;CB;73,0;73,2741509542244;73;0,0;0,27415095422439606
60659;S. Vittor;CB;67,0;67,2777051032931;67;0,0;0,2777051032931013
60663;J. Palomino;CB;76,0;76,1746534384858;76;0,0;0,17465343848580517
60687;R. Battaglia;CB;74,0;74,27674270630587;74;0,0;0,2767427063058676
60804;C. Terán;CB;74,0;74,09020611055149;74;0,0;0,09020611055149175
60819;F. Balbuena;CB;73,0;72,51729478588038;73;0,0;0,4827052141196191
60875;David Costas;CB;75,0;74,896567898098;75;0,0;0,10343210190200125
60893;S. Diomandé;CB;76,0;75,6153155892859;76;0,0;0,384684410714101
60904;Pedro Felipe;CB;72,0;71,64984718246868;72;0,0;0,350152817531324
60980;Dani Calvo;CB;75,0;75,15260697704409;75;0,0;0,152606977044087
60981;T. Lecanda;CB;66,0;66,23060785257354;66;0,0;0,23060785257354155
61012;G. Maripán;CB;79,0;78,69852212310423;79;0,0;0,301477876895774
61056;Diego Llorente;CB;80,0;80,15448629528485;80;0,0;0,1544862952848547
61069;M. Sarr;CB;77,0;77,18217519521224;77;0,0;0,18217519521223835
61081;César Tárrega;CB;77,0;76,78467278384883;77;0,0;0,21532721615116657
61104;S. Valdez;CB;75,0;74,53908934496276;75;0,0;0,4609106550372388
61126;G. Campi;CB;69,0;69,30797186522163;69;0,0;0,30797186522163145
61128;Y. Cabral;CB;70,0;69,64688538987458;70;0,0;0,35311461012541656
61130;E. Mammana;CB;75,0;74,5715487832047;75;0,0;0,4284512167952954
61131;J. Cabello;CB;65,0;65,46017224087502;65;0,0;0,46017224087502484
61397;Patric;CB;73,0;72,55608904267582;73;0,0;0,44391095732417796
61459;D. Bocanegra;CB;68,0;67,71632263900639;68;0,0;0,2836773609936074
61468;Y. Mina;CB;80,0;79,9713591820496;80;0,0;0,02864081795040363
61475;J. Alonso;CB;73,0;73,2973680440835;73;0,0;0,29736804408349826
61531;M. Lemos;CB;71,0;71,25106310353407;71;0,0;0,25106310353406514
61613;L. Caicedo;CB;70,0;69,73690719272741;70;0,0;0,2630928072725851
61641;Cacá;CB;68,0;68,49142731679521;68;0,0;0,49142731679521034
63152;S. Studer;CB;75,0;74,5803625492642;75;0,0;0,41963745073580583
63184;L. Otávio;CB;70,0;70,22901150650043;70;0,0;0,22901150650042723
63226;J. Novillo;CB;71,0;70,5844808847735;71;0,0;0,41551911522650187
63244;D. Denoon;CB;65,0;64,72310900707906;65;0,0;0,27689099292094
63319;M. Valjent;CB;78,0;78,08016289856714;78;0,0;0,08016289856713854
63344;S. Núñez;CB;75,0;75,21906497195175;75;0,0;0,21906497195175234
63399;David López;CB;77,0;76,62067140424705;77;0,0;0,37932859575295197
63430;F. Rodríguez;CB;76,0;75,78175464448418;76;0,0;0,21824535551581903
63546;D. Hancko;CB;81,0;81,24146727899782;81;0,0;0,24146727899781695
63585;A. Leguizamón;CB;69,0;69,38651153950467;69;0,0;0,3865115395046672
63591;T. Kristensen;CB;74,0;74,14813501357412;74;0,0;0,1481350135741195
65045;B. Valdez;CB;73,0;73,19711574369352;73;0,0;0,1971157436935158
100017;R. Martínez;CB;66,0;66,13510898561522;66;0,0;0,13510898561521856
100115;S. Cáceres;CB;78,0;78,42329580935163;78;0,0;0,4232958093516288
100216;L. Abascia;CB;70,0;70,17980207186568;70;0,0;0,1798020718656801
100246;L. Dunk;CB;78,0;77,5406256676186;78;0,0;0,459374332381401
100272;Janderson;CB;67,0;67,48872856777406;67;0,0;0,4887285677740607
100280;A. Ndiaye;CB;76,0;75,99482588493595;76;0,0;0,005174115064050966
100283;L. Marianucci;CB;69,0;69,16542057793097;69;0,0;0,16542057793097342
100291;E. Raggio;CB;71,0;71,15948825182736;71;0,0;0,15948825182735504
100400;T. Mings;CB;78,0;77,7400225540093;78;0,0;0,2599774459906996
100432;R. Menezes;CB;70,0;69,50800501221292;70;0,0;0,4919949877870806
100530;J. Lascelles;CB;77,0;76,76456101714918;77;0,0;0,2354389828508232
100564;R. Ely;CB;72,0;72,10104163992335;72;0,0;0,10104163992335202
100621;Copete;CB;76,0;75,79739416158229;76;0,0;0,20260583841771052
100682;M. Abdelmonem;CB;76,0;75,59930063218621;76;0,0;0,400699367813786
100780;B. Chardonnet;CB;72,0;72,48560341884426;72;0,0;0,4856034188442635
100820;Luiz Gustavo;CB;66,0;66,08833615177359;66;0,0;0,08833615177358922
100825;B. Diakité;CB;78,0;77,64575100291144;78;0,0;0,35424899708856117
100939;J. Gradit;CB;71,0;70,93256040937642;71;0,0;0,06743959062357874
100944;Youté Kinkoué;CB;72,0;72,45058889833798;72;0,0;0,4505888983379833
100958;S. Koumbassa;CB;60,0;59,7215617050201;60;0,0;0,2784382949798996
100975;M. Mbow;CB;65,0;65,46013017397662;65;0,0;0,4601301739766228
100987;T. Yegbe;CB;71,0;71,4851967305425;71;0,0;0,4851967305424978
101075;J. Bijol;CB;77,0;76,96707147224105;77;0,0;0,03292852775895483
101118;Pedro Henrique;CB;75,0;74,76676505210631;75;0,0;0,23323494789369192
101191;C. Richards;CB;80,0;80,0454546464802;80;0,0;0,04545464648019504
101204;L. González P.;CB;74,0;74,42508299110663;74;0,0;0,4250829911066347
101211;O. Solet;CB;77,0;77,31068909558856;77;0,0;0,3106890955885575
101316;Morato;CB;76,0;75,54805143739634;76;0,0;0,45194856260366123
101504;K. Danso;CB;80,0;80,08783504221032;80;0,0;0,08783504221031535
101689;Léo Andrade;CB;71,0;70,53283650736938;71;0,0;0,4671634926306183
101766;Willian Machado;CB;71,0;70,92250957263133;71;0,0;0,07749042736867295
101781;J. Tarkowski;CB;81,0;81,23825471178425;81;0,0;0,23825471178425062
101953;J. Figal;CB;73,0;73,35103106656378;73;0,0;0,35103106656377747
101996;Andrés Castrín;CB;70,0;69,51835232112147;70;0,0;0,4816476788785309
102051;F. Noguera;CB;69,0;68,9883329101633;69;0,0;0,011667089836706168
102134;M. Simakan;CB;80,0;79,52656889518457;80;0,0;0,4734311048154325
102229;J. Báez;CB;72,0;71,60597512740847;72;0,0;0,39402487259152963
102232;L. Villalba;CB;70,0;69,75568277141882;70;0,0;0,2443172285811812
102233;N. Breitenbruch;CB;68,0;68,42471718661241;68;0,0;0,424717186612412
102310;P. Comuzzo;CB;76,0;76,16997335798625;76;0,0;0,16997335798625102
102311;A. Caracciolo;CB;72,0;72,25288554121397;72;0,0;0,25288554121397055
102360;Jacy;CB;74,0;73,52144149565824;74;0,0;0,4785585043417626
102397;C. Mosquera;CB;80,0;79,74876824660261;80;0,0;0,25123175339739134
102400;J. Randazzo;CB;68,0;68,40659238607206;68;0,0;0,40659238607206305
102467;E. Legros;CB;62,0;62,26472032015249;62;0,0;0,2647203201524917
102481;S. Gigot;CB;77,0;76,88675587976122;77;0,0;0,11324412023877528
102536;J. Jacquet;CB;69,0;69,23850878501824;69;0,0;0,23850878501824013
102569;F. Ortellado;CB;67,0;67,19484510151416;67;0,0;0,19484510151416146
102759;D. Rugani;CB;76,0;76,42311194698823;76;0,0;0,42311194698822874
102779;Doma;CB;72,0;71,97080692161151;72;0,0;0,029193078388487947
102891;G. Scalvini;CB;77,0;76,74533103360903;77;0,0;0,25466896639096603
102948;B. Meïté;CB;77,0;76,59505316445394;77;0,0;0,40494683554605615
102975;A. Masina;CB;66,0;65,89756451607015;66;0,0;0,10243548392985247
103001;E. Kouadio;CB;63,0;63,174605597887755;63;0,0;0,17460559788775498
103003;D. Huijsen;CB;77,0;77,3054011591127;77;0,0;0,30540115911270505
103125;E. Goldaniga;CB;74,0;73,56716069627471;74;0,0;0,432839303725288
103206;P. Kimpembe;CB;79,0;79,0922185495628;79;0,0;0,0922185495628014
103268;Diego Carlos;CB;78,0;78,48863954607341;78;0,0;0,488639546073415
103295;A. Dossena;CB;74,0;74,16523583341692;74;0,0;0,16523583341691506
103306;G. Henrique;CB;77,0;76,71670786963969;77;0,0;0,28329213036030865
103310;L. Cabrera;CB;79,0;78,78128293933123;79;0,0;0,21871706066876584
103366;A. Omobamidele;CB;72,0;72,19157505038962;72;0,0;0,1915750503896163
103396;E. Martínez;CB;74,0;74,00993193834172;74;0,0;0,009931938341722457
103498;M. Estève;CB;77,0;77,25473719377015;77;0,0;0,25473719377015414
103512;S. Botman;CB;81,0;81,07680835759415;81;0,0;0,07680835759414606
103514;M. Keane;CB;79,0;78,79277911066796;79;0,0;0,20722088933203509
103551;J. Andersen;CB;78,0;78,31318402307426;78;0,0;0,31318402307425686
103598;F. Grillo;CB;71,0;70,92538259955396;71;0,0;0,07461740044604426
103678;J. Sosa;CB;71,0;71,25962698120354;71;0,0;0,2596269812035388
103707;J. Pombo;CB;70,0;70,15079796057275;70;0,0;0,15079796057274564
103845;A. Christensen;CB;81,0;81,29575341916497;81;0,0;0,2957534191649671
103879;G. González;CB;64,0;63,51915813258682;64;0,0;0,4808418674131829
104091;M. Akinmboni;CB;60,0;60,06435385854158;60;0,0;0,06435385854157971
104092;C. Odenthal;CB;71,0;70,57104621205974;71;0,0;0,42895378794025874
104103;F. Ricca;CB;71,0;70,79175158087921;71;0,0;0,2082484191207925
104137;Gabriel;CB;69,0;68,81682126988449;69;0,0;0,18317873011551455
104186;M. Pingot;CB;65,0;64,79111427113423;65;0,0;0,2088857288657664
104264;L. Di Lollo;CB;75,0;75,25969498425398;75;0,0;0,25969498425398285
104294;F. Rasmussen;CB;73,0;73,32072852632831;73;0,0;0,3207285263283097
104306;J. Rodon;CB;76,0;75,68347010647615;76;0,0;0,31652989352384964
104325;N. Paz;CB;71,0;71,2873455115963;71;0,0;0,28734551159629973
104334;L. Suárez;CB;71,0;70,6298016437134;71;0,0;0,37019835628659337
104337;J. Gomez;CB;79,0;79,18558172513644;79;0,0;0,18558172513644422
104413;A. Mumin;CB;78,0;77,5880094003812;78;0,0;0,4119905996188038
104418;C. Lenglet;CB;77,0;77,23691096350483;77;0,0;0,2369109635048261
104419;N. Ngoy;CB;75,0;74,92712171290361;75;0,0;0,07287828709638688
104547;J. Quintero;CB;73,0;72,53749803598932;73;0,0;0,4625019640106842
104548;De Los Santos;CB;69,0;68,52317262156228;69;0,0;0,4768273784377186
104612;D. Sánchez;CB;82,0;81,81203185994683;82;0,0;0,1879681400531723
104629;E. Burgos;CB;69,0;69,10101548361388;69;0,0;0,10101548361387813
104635;B. Kuščević;CB;75,0;74,86629065735558;75;0,0;0,1337093426444227
104647;E. Bailly;CB;75,0;74,82218773221409;75;0,0;0,1778122677859102
104660;Jonathan Jesus;CB;71,0;71,11313379314414;71;0,0;0,11313379314414362
104677;A. Rüdiger;CB;85,0;85,18808900829089;85;0,0;0,1880890082908877
104693;G. Lloris;CB;77,0;76,8599309398406;77;0,0;0,140069060159405
104696;Viery;CB;66,0;66,01487509193372;66;0,0;0,0148750919337175
104697;F. Romagna;CB;72,0;71,79637500497014;72;0,0;0,20362499502985543
104717;L. Hernández;CB;81,0;81,3274091694986;81;0,0;0,3274091694985941
104719;S. Luperto;CB;76,0;75,92283299904197;76;0,0;0,07716700095802764
104748;A. Elustondo;CB;76,0;75,59930522608337;76;0,0;0,40069477391662645
104751;E. Boyomo;CB;80,0;79,85295340116024;80;0,0;0,1470465988397649
104858;João Paulo;CB;70,0;69,54696576159824;70;0,0;0,45303423840175583
104860;Fábio Cardoso;CB;76,0;76,41570172688382;76;0,0;0,41570172688382456
104865;J. Quansah;CB;77,0;76,72054827801688;77;0,0;0,27945172198312207
105087;T. Cardona;CB;74,0;73,7500708541156;74;0,0;0,2499291458843942
105106;J. Galván;CB;70,0;70,32453473865041;70;0,0;0,3245347386504136
105117;J. Laso;CB;71,0;71,29935745638691;71;0,0;0,2993574563869146
105123;D. Zabala;CB;66,0;65,67250177261442;66;0,0;0,32749822738557555
105189;N. Meriano;CB;70,0;70,40237453137357;70;0,0;0,4023745313735674
105192;E. Brítez;CB;74,0;73,6465304905849;74;0,0;0,35346950941510613
105201;M. Antoni;CB;69,0;69,45618462111501;69;0,0;0,456184621115014
105254;L. Østigård;CB;77,0;76,64978528751115;77;0,0;0,3502147124888495
105269;E. Amor;CB;71,0;70,69446156508495;71;0,0;0,30553843491505006
105271;Natã;CB;67,0;66,75272640438332;67;0,0;0,24727359561667583
105288;J. Komar;CB;74,0;73,6019312307389;74;0,0;0,39806876926110135
105354;C. Starfelt;CB;78,0;77,62548742669419;78;0,0;0,37451257330580745
105364;B. Ampuero;CB;72,0;71,77052650066271;72;0,0;0,22947349933728844
105387;T. Fernández;CB;65,0;64,91680256465447;65;0,0;0,08319743534552515
105454;B. Aguilar;CB;66,0;65,92267321539096;66;0,0;0,07732678460904197
106339;L. Abram;CB;73,0;73,06239931854336;73;0,0;0,06239931854335623
106403;L. Høgsberg;CB;72,0;72,43729887005148;72;0,0;0,43729887005147816
106420;J. Diaz;CB;66,0;65,51895127071904;66;0,0;0,4810487292809569
106488;John Donald;CB;69,0;68,61774620744677;69;0,0;0,3822537925532288
106548;Thalisson;CB;65,0;64,728641420814;65;0,0;0,2713585791859998
106671;G. Mancini;CB;83,0;82,8327879686804;83;0,0;0,16721203131959328
106753;I. Traoré;CB;67,0;66,58612770231585;67;0,0;0,4138722976841507
106834;F. Paredes;CB;66,0;65,83257668579176;66;0,0;0,16742331420823575
106893;P. Marí;CB;70,0;69,6029052260977;70;0,0;0,3970947739022961
106901;F. Miño;CB;70,0;69,83299235961576;70;0,0;0,16700764038424154
106958;Yeray;CB;81,0;80,51894562132048;81;0,0;0,4810543786795165
107255;Vitor Hugo;CB;76,0;76,38459616515112;76;0,0;0,38459616515112316
107383;Z. Marcos;CB;71,0;70,97890672763431;71;0,0;0,021093272365689586
107468;G. Escudero;CB;61,0;60,631077615758024;61;0,0;0,36892238424197643
107703;David Duarte;CB;72,0;72,48002804771147;72;0,0;0,4800280477114711
107719;J. Van Hecke;CB;79,0;79,30170567430098;79;0,0;0,30170567430097606
107722;D. Djené;CB;78,0;78,19607326974551;78;0,0;0,19607326974551142
107770;Gabriel Xavier;CB;76,0;75,65754097822007;76;0,0;0,3424590217799306
107796;R. Kluivert;CB;76,0;75,66738300579577;76;0,0;0,33261699420422985
107829;Kolodziejczak;CB;65,0;65,34591235195317;65;0,0;0,3459123519531744
107909;O. Boscagli;CB;75,0;74,9605324458168;75;0,0;0,039467554183204356
107910;Víctor Chust;CB;72,0;72,12982174355562;72;0,0;0,12982174355562393
107912;M. Vitík;CB;74,0;74,43646578658601;74;0,0;0,4364657865860124
107977;M. Niakhaté;CB;79,0;79,28862399075979;79;0,0;0,2886239907597883
107982;I. Pérez;CB;63,0;63,005865382217074;63;0,0;0,005865382217074
107985;M. Diakhaby;CB;77,0;77,07375105413273;77;0,0;0,0737510541327282
108021;L. Brassier;CB;69,0;69,13319584190681;69;0,0;0,13319584190681155
108042;Rodrigues;CB;73,0;72,72468591486947;73;0,0;0,2753140851305318
108051;Marcão;CB;76,0;75,96777038481906;76;0,0;0,032229615180938254
108117;Domingos Duarte;CB;76,0;76,13605164220237;76;0,0;0,13605164220237498
108202;C. Riad;CB;73,0;73,37018782670576;73;0,0;0,37018782670575945
108274;S. Salcedo;CB;72,0;71,78091591668642;72;0,0;0,2190840833135752
108324;K. Mantilla;CB;71,0;70,7035516146521;71;0,0;0,29644838534790097
108392;E. Košpo;CB;64,0;63,6251568494562;64;0,0;0,37484315054380346
108396;J. Siebert;CB;70,0;69,74347234111028;70;0,0;0,2565276588897234
108419;T. Fredricson;CB;68,0;68,2529724657224;68;0,0;0,25297246572239374
108427;Jacobo Ramón;CB;75,0;74,53696068237561;75;0,0;0,46303931762439277
108467;N. Bertola;CB;74,0;74,36670309468049;74;0,0;0,36670309468048856
108475;K. Fernando;CB;74,0;74,24394366242772;74;0,0;0,24394366242772492
108497;Alix Vinicius;CB;74,0;73,89336585447464;74;0,0;0,1066341455253621
108620;F. Sierralta;CB;73,0;73,11782105471151;73;0,0;0,11782105471151283
108646;S. Goglichidze;CB;63,0;62,84167224493967;63;0,0;0,15832775506032704
108654;Zé Ivaldo;CB;71,0;71,08349426426985;71;0,0;0,08349426426984508
108669;L. Martínez Q.;CB;77,0;76,92928736695984;77;0,0;0,07071263304015929
108692;R. Bensebaini;CB;77,0;76,61486103096331;77;0,0;0,38513896903668865
108740;F. Mansilla;CB;71,0;70,94356411131703;71;0,0;0,05643588868296945
108781;A. Duarte;CB;73,0;72,69904148647542;73;0,0;0,30095851352457714
108839;Lyanco;CB;76,0;75,54442093401957;76;0,0;0,4555790659804302
108889;L. Sánchez;CB;63,0;63,044167901303524;63;0,0;0,044167901303524104
108934;D. Ballard;CB;80,0;79,87544902497346;80;0,0;0,124550975026537
108935;A. Massaccesi;CB;64,0;64,14252008373842;64;0,0;0,14252008373841818
108993;W. Kambwala;CB;73,0;73,16819076485504;73;0,0;0,1681907648550407
109084;Dela;CB;74,0;74,2662539272043;74;0,0;0,2662539272043034
109123;V. Lindelöf;CB;78,0;77,6660701523549;78;0,0;0,3339298476450949
109124;M. Akanji;CB;83,0;83,22061489079522;83;0,0;0,22061489079521834
109161;W. Anton;CB;84,0;83,71257921389049;84;0,0;0,2874207861095073
109234;Bruno Fuchs;CB;77,0;77,41909027409466;77;0,0;0,41909027409465693
109264;Raíllo;CB;81,0;80,85969638532002;81;0,0;0,1403036146799792
109304;Igor Rabello;CB;71,0;71,22538668976308;71;0,0;0,2253866897630843
109329;H. Maguire;CB;82,0;82,27704021066776;82;0,0;0,27704021066776363
109380;L. Ferreira;CB;72,0;72,01383003243805;72;0,0;0,013830032438050921
109399;I. Román;CB;71,0;71,1520458111548;71;0,0;0,15204581115480664
109420;Alexsandro;CB;80,0;79,83285080538032;80;0,0;0,16714919461968236
109500;K. De Winter;CB;75,0;75,1461647155409;75;0,0;0,14616471554090538
109503;G. Jean;CB;71,0;70,61751104021978;71;0,0;0,38248895978021835
109527;T. Siwe;CB;67,0;67,17508737043522;67;0,0;0,1750873704352216
109579;A. Disasi;CB;79,0;78,96001670546228;79;0,0;0,03998329453771987
109854;R. Rojas;CB;72,0;72,28662507547077;72;0,0;0,28662507547076643
109997;Mario Hermoso;CB;78,0;78,06900359963903;78;0,0;0,06900359963903213
110063;Thiago Santos;CB;68,0;67,9209425371227;68;0,0;0,07905746287730153
110076;R. Janicki;CB;71,0;70,52418440964837;71;0,0;0,4758155903516297
110089;R. Dejesús;CB;70,0;69,8633636393493;70;0,0;0,13663636065069795
110097;J. Ziółkowski;CB;70,0;70,08065792601998;70;0,0;0,08065792601998112
110130;A. Santamaría;CB;71,0;70,54678306397847;71;0,0;0,45321693602153346
110306;Kialonda Gaspar;CB;74,0;73,62859640264045;74;0,0;0,37140359735954576
110362;Léo Pelé;CB;65,0;65,49876443172195;65;0,0;0,49876443172195195
110456;H. Ahanor;CB;70,0;70,07352552172081;70;0,0;0,07352552172081062
110462;M. Pérez;CB;67,0;66,5813309030799;67;0,0;0,4186690969200981
110472;A. Aït Boudlal;CB;64,0;64,18049322492641;64;0,0;0,1804932249264084
110525;S. Zagadou;CB;68,0;67,7018250625775;68;0,0;0,2981749374225018
110603;L. Mosevich;CB;71,0;70,54370195019963;71;0,0;0,4562980498003668
110607;L. Rivero;CB;75,0;75,30906139203411;75;0,0;0,30906139203410987
110645;I. Diop;CB;77,0;77,3827620866579;77;0,0;0,38276208665790534
110650;B. Djimsiti;CB;80,0;79,95052080956768;80;0,0;0,049479190432322184
110651;A. Rrahmani;CB;85,0;84,58545406549197;85;0,0;0,4145459345080269
110679;T. Adarabioyo;CB;80,0;79,5409259651872;80;0,0;0,45907403481280085
110681;Lucas Veríssimo;CB;77,0;77,17531325740198;77;0,0;0,17531325740198156
110690;Otávio;CB;67,0;67,31521291387295;67;0,0;0,3152129138729549
110705;G. Pérez;CB;72,0;72,33547938398704;72;0,0;0,33547938398703536
110712;M. Talbi;CB;77,0;77,30634925776111;77;0,0;0,3063492577611129
110768;S. Daniele;CB;66,0;65,56208946414485;66;0,0;0,4379105358551527
110774;W. Saliba;CB;88,0;87,72353519221171;88;0,0;0,27646480778828675
110803;A. Heaven;CB;75,0;74,6310124843376;75;0,0;0,36898751566239696
110832;Z. Romero;CB;74,0;73,97946041303787;74;0,0;0,020539586962129874
110861;L. Sosa;CB;71,0;70,79583443374246;71;0,0;0,20416556625754367
110899;J. Villalba;CB;69,0;68,71715628357636;69;0,0;0,2828437164236419
110905;T. Oermann;CB;72,0;71,73062621845497;72;0,0;0,26937378154502767
110950;M. Mendía;CB;65,0;64,88857763441992;65;0,0;0,11142236558008278
110998;G. Velázquez;CB;76,0;76,38671315957174;76;0,0;0,386713159571741
110999;J. Rodríguez;CB;73,0;72,89467402836931;73;0,0;0,10532597163069113
111011;Luisão;CB;70,0;69,67976820623865;70;0,0;0,32023179376135147
111030;V. Koski;CB;68,0;68,05927417711919;68;0,0;0,05927417711919247
111031;R. Williams;CB;64,0;63,93808873942832;64;0,0;0,06191126057167651
111073;M. Senesi;CB;80,0;79,96653946951078;80;0,0;0,03346053048922215
111127;Vitão;CB;64,0;63,5181809877957;64;0,0;0,4818190122042978
111168;C. Awaziem;CB;73,0;73,18446386423528;73;0,0;0,18446386423528338
111207;Gabriel;CB;91,0;90,80919462799952;91;0,0;0,19080537200048298
111250;Ythallo;CB;64,0;64,41198205224067;64;0,0;0,4119820522406741
111280;C. Romero;CB;84,0;83,96585074010109;84;0,0;0,0341492598989106
111334;M. Barbieri;CB;71,0;70,8631087027642;71;0,0;0,13689129723580606
111344;P. Struijk;CB;77,0;77,38382856305188;77;0,0;0,3838285630518783
111369;Tiago Gabriel;CB;71,0;71,45921361902786;71;0,0;0,45921361902786373
111388;Neris;CB;69,0;69,13733913576007;69;0,0;0,1373391357600724
111407;Habraão;CB;69,0;68,70305260528409;69;0,0;0,29694739471591447
111419;G. Hernández;CB;75,0;74,82233421942573;75;0,0;0,17766578057427296
111426;Tiago Cóser;CB;66,0;66,0024640894949;66;0,0;0,0024640894948930736
111439;Y. Casermeiro;CB;68,0;67,80701824432275;68;0,0;0,19298175567725195
111482;L. Costa;CB;80,0;79,56604661569578;80;0,0;0,4339533843042176
111800;Rúben Dias;CB;90,0;89,559242454159;90;0,0;0,44075754584099514
111813;K. Szcześniak;CB;71,0;70,78660453379237;71;0,0;0,21339546620762917
111814;A. Rouault;CB;71,0;71,26456380919826;71;0,0;0,2645638091982647
111819;R. Orihuela;CB;70,0;69,79015931417582;70;0,0;0,20984068582417592
111874;I. Hien;CB;79,0;79,33935103702638;79;0,0;0,3393510370263755
111949;S. Beukema;CB;77,0;77,10591770782133;77;0,0;0,1059177078213338
111974;S. Walukiewicz;CB;74,0;73,87541942165826;74;0,0;0,1245805783417353
111989;L. Yoro;CB;81,0;80,81486448215463;81;0,0;0,1851355178453673
111997;Renato Veiga;CB;74,0;73,92001762195802;74;0,0;0,07998237804197572
112026;L. Morales;CB;74,0;73,91689544042454;74;0,0;0,08310455957546026
112458;I. Zubeldía;CB;76,0;75,66806408695831;76;0,0;0,3319359130416899
112489;M. Thiaw;CB;82,0;81,79475421496628;82;0,0;0,20524578503372481
112571;J. Worrall;CB;76,0;76,39162006103801;76;0,0;0,3916200610380116
112582;G. Errecalde;CB;67,0;66,71564664936366;67;0,0;0,28435335063633715
112583;N. Milenković;CB;81,0;80,97499015561513;81;0,0;0,02500984438486853
112606;A. Maldonado;CB;74,0;73,73015321562586;74;0,0;0,26984678437413834
112737;João Marcelo;CB;72,0;72,32045231608657;72;0,0;0,3204523160865733
112738;Bruno Leonardo;CB;74,0;73,62783561676174;74;0,0;0,37216438323825685
112854;David López;CB;71,0;71,08771711414404;71;0,0;0,08771711414404137
112857;J. Hill;CB;76,0;75,80112665106292;76;0,0;0,19887334893708442
112896;M. Viti;CB;67,0;67,31017410805246;67;0,0;0,3101741080524647
112902;D. Ghilardi;CB;74,0;73,87495790790796;74;0,0;0,12504209209204475
112960;T. Rossi;CB;69,0;69,08921352129525;69;0,0;0,08921352129524962
112998;M. Valenti;CB;69,0;68,5189591945916;69;0,0;0,4810408054083979
113059;M. Mendoza;CB;72,0;71,51158549421382;72;0,0;0,4884145057861815
113065;F. Tomori;CB;78,0;78,32617770289256;78;0,0;0,326177702892565
113122;E. Biumla;CB;70,0;69,7195432376712;70;0,0;0,28045676232879657
113125;Bella-Kotchap;CB;74,0;73,71016436060584;74;0,0;0,28983563939415546
113168;D. Coppola;CB;69,0;68,65580025631672;69;0,0;0,34419974368327644
113284;T. Kehrer;CB;77,0;77,43032587738604;77;0,0;0,4303258773860392
113334;C. Kabasele;CB;77,0;76,67530162954269;77;0,0;0,32469837045731254
113351;M. Diarra;CB;74,0;73,83425594441226;74;0,0;0,1657440555877372
113354;J. Lefort;CB;73,0;73,40128684538807;73;0,0;0,40128684538807136
113356;M. Lacroix;CB;81,0;81,25870167276359;81;0,0;0,2587016727635927
113357;J. Todibo;CB;77,0;77,3455091908004;77;0,0;0,3455091908003993
113413;J. Idzes;CB;72,0;72,44404719195548;72;0,0;0,4440471919554767
113430;M. Gamarra;CB;70,0;70,22781598443751;70;0,0;0,2278159844375125
113436;P. Hincapié;CB;83,0;83,20830760749077;83;0,0;0,2083076074907666
113487;Bremer;CB;87,0;86,61650825570561;87;0,0;0,38349174429438904
113525;Éder Militão;CB;85,0;85,05183035346104;85;0,0;0,05183035346104248
113551;J. Ordóñez;CB;75,0;75,01412742466799;75;0,0;0,014127424667989885
113590;Luan Peres;CB;74,0;73,50175304004671;74;0,0;0,49824695995329193
113598;T. Nianzou;CB;73,0;72,8785210636534;73;0,0;0,12147893634660534
113603;A. Webster;CB;77,0;76,75519771651065;77;0,0;0,2448022834893493
113776;F. Folino;CB;66,0;66,46635237472088;66;0,0;0,4663523747208842
113845;Abner;CB;68,0;67,76714200050218;68;0,0;0,23285799949782415
113891;P. Oppong;CB;73,0;73,1446466919117;73;0,0;0,14464669191170287
113901;B. Badiashile;CB;77,0;77,09786663542863;77;0,0;0,09786663542863039
113906;E. Ebosse;CB;71,0;70,57958598307665;71;0,0;0,42041401692334546
113908;Saúl Coco;CB;75,0;74,76899772223489;75;0,0;0,23100227776511417
113913;D. Mastrángelo;CB;64,0;64,26124620505313;64;0,0;0,26124620505312635
113951;Victor Caetano;CB;69,0;69,17513488995169;69;0,0;0,17513488995169268
113972;M. Van De Ven;CB;83,0;82,99014671435536;83;0,0;0,009853285644638277
113973;S. Cena;CB;64,0;63,9025107078393;64;0,0;0,09748929216070223
113983;I. Tapia;CB;70,0;70,43328995428773;70;0,0;0,43328995428773
114006;Josema;CB;68,0;68,4526275907451;68;0,0;0,4526275907450952
114059;P. Kalulu;CB;79,0;78,85162308752358;79;0,0;0,14837691247642226
114105;M. De Ligt;CB;83,0;83,21483350738123;83;0,0;0,21483350738122908
114109;Kanu;CB;74,0;73,76032167711864;74;0,0;0,23967832288136037
114180;I. Touré;CB;71,0;71,2674447008352;71;0,0;0,267444700835199
114181;A. Tape;CB;67,0;66,67149038401516;67;0,0;0,3285096159848422
114188;J. Belocian;CB;73,0;72,5253888938401;73;0,0;0,4746111061598981
114192;O. Camara;CB;75,0;74,53735384616611;75;0,0;0,4626461538338873
114196;M. Sarr;CB;69,0;68,86030212669158;69;0,0;0,1396978733084211
114240;S. Morales;CB;66,0;65,83471188185091;66;0,0;0,1652881181490926
114253;G. Mottes;CB;72,0;72,0254027722929;72;0,0;0,02540277229290666
114255;A. Frías;CB;71,0;70,60401101500123;71;0,0;0,3959889849987661
114258;T. Heggem;CB;75,0;75,39816867933683;75;0,0;0,398168679336834
114290;Bastos;CB;74,0;74,16581087709854;74;0,0;0,16581087709853648
114329;G. Suso;CB;72,0;71,89430319971792;72;0,0;0,10569680028207529
114344;Micael;CB;73,0;72,8699311734268;73;0,0;0,13006882657319352
114351;R. Le Guen;CB;57,0;56,70272416629338;57;0,0;0,29727583370662103
114353;I. Vázquez;CB;75,0;74,95892061915026;75;0,0;0,04107938084973739
114356;V. Gómez;CB;75,0;75,18348522269397;75;0,0;0,1834852226939745
114367;D. Martínez;CB;67,0;67,11606611408422;67;0,0;0,11606611408421941
114380;S. Otoa;CB;71,0;71,16210937046552;71;0,0;0,1621093704655152
114381;J. Foyth;CB;78,0;77,91885437692001;78;0,0;0,08114562307999051
114385;G. Goñi;CB;68,0;67,85404773460506;68;0,0;0,14595226539493922
114390;E. Ndicka;CB;80,0;79,86210584436554;80;0,0;0,13789415563445573
114416;L. Rivero;CB;73,0;73,24461973399198;73;0,0;0,244619733991982
114423;L. Gazal;CB;70,0;70,20296973125909;70;0,0;0,20296973125908835
114440;Luiz Felipe;CB;77,0;76,77978052668615;77;0,0;0,22021947331384695
114453;N. Valentini;CB;75,0;74,97824994486045;75;0,0;0,021750055139548863
114467;J. Basso;CB;70,0;69,87641029170224;70;0,0;0,12358970829775728
114476;N. Trabucchi;CB;60,0;59,73131684592548;60;0,0;0,26868315407452315
114507;B. Okoh;CB;72,0;71,5472961652549;72;0,0;0,452703834745094
114525;N. Čelik;CB;65,0;64,7143804470745;65;0,0;0,2856195529254961
114600;Elgezabal;CB;72,0;72,21399849751754;72;0,0;0,21399849751753663
114618;F. Baschirotto;CB;76,0;76,39760061245687;76;0,0;0,39760061245686984
114620;Pau Cubarsí;CB;83,0;82,61739901647752;83;0,0;0,3826009835224795
114628;Calero;CB;76,0;76,15301661279547;76;0,0;0,15301661279546863
114662;A. Bastoni;CB;85,0;84,59052583206879;85;0,0;0,40947416793120794
114667;J. Canvot;CB;75,0;74,74749966383831;75;0,0;0,2525003361616882
114675;N. Zalazar;CB;70,0;70,18049677154934;70;0,0;0,1804967715493433
114686;J. Cabal;CB;72,0;72,22333633200458;72;0,0;0,22333633200457825
114711;G. Leoni;CB;70,0;69,55701627017795;70;0,0;0,44298372982204626
114713;T. Kummer;CB;69,0;68,73441534645384;69;0,0;0,26558465354615635
114719;F. Medina;CB;78,0;77,65647644397835;78;0,0;0,3435235560216512
114721;Robert Renan;CB;74,0;74,3482141881729;74;0,0;0,3482141881729035
114723;Francés;CB;74,0;74,04635315758374;74;0,0;0,046353157583737925
114762;Eric García;CB;80,0;80,3311617492777;80;0,0;0,3311617492776975
114769;N. Maras;CB;74,0;74,17405300994524;74;0,0;0,17405300994523998
114780;N. Casale;CB;74,0;74,49816034235758;74;0,0;0,4981603423575791
114787;J. Giménez;CB;67,0;66,68106537619572;67;0,0;0,3189346238042816
114844;R. Le Normand;CB;83,0;83,47023394553659;83;0,0;0,4702339455365916
114878;Toti;CB;77,0;76,7452324183918;77;0,0;0,25476758160820623
114910;Pau Torres;CB;79,0;79,44604937485703;79;0,0;0,4460493748570258
114914;N. Mendy;CB;75,0;74,75344625994529;75;0,0;0,24655374005470776
114917;D. Affengruber;CB;76,0;76,11475095002265;76;0,0;0,11475095002265334
114937;L. Kelly;CB;75,0;75,39918843521608;75;0,0;0,3991884352160753
114950;C. Cresswell;CB;72,0;71,51004996916471;72;0,0;0,48995003083528843
114966;G. Ferrari;CB;71,0;70,97665231446716;71;0,0;0,0233476855328405
114975;I. Konaté;CB;85,0;84,95896064496354;85;0,0;0,04103935503646028
115020;A. Franco;CB;76,0;75,89716096445301;76;0,0;0,10283903554699236
115025;A. Matturro;CB;70,0;70,33185199862724;70;0,0;0,33185199862724346
115031;J. Mejías;CB;69,0;69,35469236569314;69;0,0;0,3546923656931398
115061;Murilo;CB;77,0;76,76760336957506;77;0,0;0,23239663042494385
115067;S. Sosa;CB;77,0;76,81967796332943;77;0,0;0,18032203667057445
115068;S. Cuestas;CB;58,0;58,317856505497744;58;0,0;0,317856505497744
115080;A. Youssif;CB;73,0;73,10183128140717;73;0,0;0,10183128140717201
115086;M. Pongračić;CB;75,0;75,10516131699276;75;0,0;0,10516131699276343
115098;A. Buongiorno;CB;83,0;82,98136888416008;83;0,0;0,018631115839923496
115104;J. Fedorco;CB;71,0;71,31498105200922;71;0,0;0,314981052009216
115106;L. Reggiani;CB;68,0;68,19684298362041;68;0,0;0,19684298362041375
115108;C. Bassey;CB;77,0;77,26986684509522;77;0,0;0,26986684509522263
115109;J. O'Brien;CB;77,0;77,13295615038092;77;0,0;0,13295615038092023
115133;F. Mané;CB;68,0;68,13329918492151;68;0,0;0,13329918492151194
115144;O. Kossounou;CB;80,0;79,6806973659612;80;0,0;0,3193026340388059
115150;Kayky Almeida;CB;68,0;68,18778924930962;68;0,0;0,18778924930961693
115152;W. Faes;CB;76,0;75,51580531790582;76;0,0;0,48419468209418426
115160;L. Badé;CB;79,0;79,28025104689677;79;0,0;0,2802510468967654
115184;L. Balerdi;CB;81,0;80,78005918975697;81;0,0;0,21994081024303114
115258;G. Bonfanti;CB;64,0;63,61647197723521;64;0,0;0,3835280227647928
115261;P. Schuurs;CB;69,0;69,20928933686538;69;0,0;0,20928933686538187
115262;I. Zabarnyi;CB;81,0;80,87098024327133;81;0,0;0,12901975672866683
115281;J. Portillo;CB;72,0;72,0945234519442;72;0,0;0,0945234519441982
115282;L. Cunha;CB;67,0;67,47133912685997;67;0,0;0,4713391268599736
115287;J. Ananias;CB;63,0;62,61331706616806;63;0,0;0,38668293383194197
115294;L. Bernabéu;CB;63,0;62,65393658585843;63;0,0;0,34606341414156816
115335;E. Mayers;CB;62,0;61,662939687047405;62;0,0;0,33706031295259464
115357;L. Raffin;CB;64,0;63,85153143881382;64;0,0;0,1484685611861778
115358;Milosavljević;CB;70,0;70,20113200788789;70;0,0;0,20113200788789243
115389;M. Palma;CB;60,0;59,85506685513555;60;0,0;0,14493314486445286
115390;M. Moreno;CB;73,0;73,29199632100577;73;0,0;0,2919963210057688
115520;J. Mbambi;CB;60,0;59,65169800923811;60;0,0;0,3483019907618896
115534;N. Roselli;CB;62,0;61,93214217667406;62;0,0;0,06785782332593726
115799;Eduardo Santos;CB;71,0;71,21056844961612;71;0,0;0,21056844961611887
115908;G. Corujo;CB;71,0;70,95600337698576;71;0,0;0,04399662301423746
115913;Asencio;CB;77,0;76,73913566285155;77;0,0;0,2608643371484476
115929;B. Arthur;CB;64,0;63,70429530881861;64;0,0;0,29570469118139187
115936;L. Sylla;CB;74,0;73,8598279841014;74;0,0;0,1401720158985995
115937;M. Kilman;CB;76,0;76,12812190945071;76;0,0;0,12812190945071222
116034;H. Ito;CB;76,0;76,3228969015848;76;0,0;0,322896901584798
116047;M. Palazzo;CB;64,0;63,63691363440141;64;0,0;0,36308636559859053
116427;E. Helland;CB;70,0;69,78467598175314;70;0,0;0,21532401824686076
116441;A. Luciatti;CB;74,0;74,20386615337301;74;0,0;0,2038661533730135
116447;Arthur Dias;CB;68,0;67,7803853632611;68;0,0;0,21961463673889625
116463;J. Rosso;CB;63,0;63,38662945670337;63;0,0;0,3866294567033677
116469;F. Laurelli;CB;61,0;61,35193928206576;61;0,0;0,3519392820657572
116490;D. Odogu;CB;68,0;67,78849273840001;68;0,0;0,21150726159999067
116502;J. Pignani;CB;68,0;68,11125324237308;68;0,0;0,11125324237308121
116576;S. Bueno;CB;77,0;77,44234199848609;77;0,0;0,4423419984860857
116636;N. Pintus;CB;59,0;59,143829459451126;59;0,0;0,14382945945112624
116655;D. Upamecano;CB;88,0;88,07532020855287;88;0,0;0,07532020855286703
116659;R. Bozhinov;CB;65,0;65,11239568720191;65;0,0;0,11239568720191073
116671;R. Nicolaisen;CB;72,0;72,32445787378063;72;0,0;0,32445787378063073
116706;C. Riedel;CB;74,0;74,06422350902754;74;0,0;0,06422350902754204
116709;F. Garcés;CB;74,0;74,18894489816091;74;0,0;0,1889448981609121
116711;M. Gabbia;CB;79,0;79,3703426523806;79;0,0;0,37034265238060016
116943;O. Luengo;CB;73,0;72,86103102686323;73;0,0;0,1389689731367696
116952;R. Arboleda;CB;77,0;76,61520717251048;77;0,0;0,3847928274895196
116955;T. Muharemović;CB;73,0;73,25513065154632;73;0,0;0,25513065154632386
116960;M. Lusuardi;CB;62,0;62,3291402255788;62;0,0;0,3291402255787972
116961;J. Romaña;CB;78,0;77,73263348384285;78;0,0;0,26736651615715346
117050;F. Pardo;CB;73,0;73,2712996649421;73;0,0;0,2712996649421058
117055;T. Slotsage;CB;72,0;71,56983724197941;72;0,0;0,430162758020586
117147;F. Alarcón;CB;72,0;71,91428385788662;72;0,0;0,08571614211338385
117371;U. Mboula;CB;69,0;69,12922385591943;69;0,0;0,12922385591943453
117374;H. Delcroix;CB;74,0;74,46932132738434;74;0,0;0,4693213273843355
117379;André Ramalho;CB;74,0;74,09701852391602;74;0,0;0,09701852391602017
117390;O. Provstgaard;CB;71,0;71,06323804009497;71;0,0;0,0632380400949728
117404;R. Garcés;CB;67,0;67,26815171871303;67;0,0;0,26815171871302823
117406;G. Chávez;CB;71,0;70,71567845413054;71;0,0;0,2843215458694601
117407;M. Lazo;CB;71,0;70,66801525457461;71;0,0;0,3319847454253875
117426;Tchoca;CB;70,0;69,64766519326919;70;0,0;0,3523348067308092
117505;C. Cuesta;CB;75,0;74,85764182082238;75;0,0;0,14235817917762006
117562;Javi Rodríguez;CB;75,0;74,81882635583982;75;0,0;0,18117364416018233
117580;F. Coppola;CB;64,0;64,14870991435812;64;0,0;0,14870991435812186
117591;T. Palacios;CB;76,0;75,65412474303369;76;0,0;0,34587525696630905
117596;M. Faye;CB;69,0;68,54889764603898;69;0,0;0,4511023539610193
117627;S. Doucouré;CB;67,0;66,82183370980484;67;0,0;0,17816629019516483
117636;Jorge Cuenca;CB;77,0;76,8134754410418;77;0,0;0,18652455895819742
117641;F. Álvarez;CB;75,0;75,08869221227003;75;0,0;0,08869221227003266
117650;J. Lucumí;CB;75,0;74,6632873058129;75;0,0;0,33671269418709926
117708;E. Pinnock;CB;77,0;76,65531555485435;77;0,0;0,34468444514564567
117725;L. Costa;CB;72,0;72,36814216388777;72;0,0;0,368142163887768
117787;Clinton Mata;CB;74,0;74,17181310797568;74;0,0;0,17181310797568017
117793;L. Martínez;CB;78,0;78,44696943910652;78;0,0;0,44696943910652465
117814;N. Hernández;CB;69,0;68,7978208335796;69;0,0;0,20217916642039313
117820;M. Bombito;CB;75,0;74,61508837354195;75;0,0;0,3849116264580488
117821;Natan;CB;77,0;77,3922661905559;77;0,0;0,39226619055590106
117878;J. Cortazzo;CB;66,0;65,8333716369633;66;0,0;0,16662836303669337
117883;A. Obert;CB;74,0;73,6604808258205;74;0,0;0,3395191741795003
117927;Aitor Paredes;CB;81,0;80,94298687993876;81;0,0;0,05701312006124226
117995;Manu Fernández;CB;71,0;71,22188982929598;71;0,0;0,221889829295975
118015;S. Sané;CB;71,0;71,46932187061489;71;0,0;0,46932187061489117
118044;S. Boselli;CB;74,0;73,69277960593811;74;0,0;0,3072203940618863
118067;C. Makoun;CB;69,0;68,76037892938535;69;0,0;0,23962107061464621
118077;W. Riveros;CB;69,0;69,4096020403671;69;0,0;0,4096020403671048
118088;E. Tapsoba;CB;83,0;83,19952321401782;83;0,0;0,19952321401781603
118095;A. Quirós;CB;72,0;72,09011748025686;72;0,0;0,09011748025686472
118097;O. Touré;CB;68,0;68,20234583502302;68;0,0;0,20234583502302428
118145;L. Krejcí;CB;78,0;77,62973724312249;78;0,0;0,37026275687750854
118148;Pacheco;CB;74,0;73,83059625183091;74;0,0;0,16940374816908843
118149;L. Freitas;CB;69,0;68,5178217283924;69;0,0;0,4821782716075944
118154;J. Martín;CB;75,0;74,74053541259039;75;0,0;0,2594645874096102
118162;A. Ismajli;CB;76,0;76,00702617161416;76;0,0;0,007026171614157306
118191;Unai Núñez;CB;77,0;77,28360115900264;77;0,0;0,28360115900264304
118193;O. Alderete;CB;80,0;79,68508234004632;80;0,0;0,3149176599536787
118215;J. Aidoo;CB;76,0;75,66737115923213;76;0,0;0,3326288407678675
118247;T. Fernández;CB;64,0;64,3778526150796;64;0,0;0,377852615079604
118276;Léo Ortiz;CB;79,0;78,86140614532327;79;0,0;0,1385938546767278
118282;M. Ortiz;CB;70,0;69,55947315642457;70;0,0;0,4405268435754266
118308;U. Radaković;CB;70,0;70,36161362338957;70;0,0;0,36161362338957304
118332;M. Kumbulla;CB;78,0;78,1047139341571;78;0,0;0,10471393415710395
118345;F. Torres;CB;74,0;73,5118894224448;74;0,0;0,4881105775552044
118349;L. Ranieri;CB;73,0;72,7732595200284;73;0,0;0,2267404799715962
118355;E. Cömert;CB;72,0;72,21735180559939;72;0,0;0,21735180559939238
118377;C. Vivas;CB;70,0;69,93242872310083;70;0,0;0,06757127689917297
118383;G. Requena;CB;70,0;69,6269028294738;70;0,0;0,3730971705261936
118384;W. Kannemann;CB;74,0;74,3659342731778;74;0,0;0,3659342731777997
118392;Lucas Beraldo;CB;78,0;77,61791188479297;78;0,0;0,3820881152070257
118403;A. Marcandalli;CB;73,0;72,69209299098466;73;0,0;0,30790700901533796
118405;N. Demartini;CB;69,0;68,607073967995;69;0,0;0,39292603200499343
118407;W. Pacho;CB;89,0;88,690731817424;89;0,0;0,3092681825760053
118418;M. Alleyne;CB;71,0;70,6277576547456;71;0,0;0,37224234525440636
118437;Schlotterbeck;CB;85,0;84,73464387680825;85;0,0;0,2653561231917507
118454;L. Colwill;CB;79,0;78,91007441665643;79;0,0;0,0899255833435717
118461;Benedetti;CB;69,0;69,45291782336672;69;0,0;0,45291782336671815
118463;J. Astudillo;CB;62,0;61,77465780587184;62;0,0;0,22534219412816014
118482;M. Brizuela;CB;71,0;71,14950961549395;71;0,0;0,14950961549395458
118502;A. Maciel;CB;73,0;73,24160228998677;73;0,0;0,2416022899867727
118521;L. Quiroz;CB;68,0;67,55308873521743;68;0,0;0,44691126478257104
118529;M. Carabajal;CB;73,0;73,28560688564235;73;0,0;0,2856068856423519
118533;B. Cabrera;CB;69,0;68,627042883072;69;0,0;0,37295711692800637
118584;N. Aguerd;CB;82,0;81,68105109719654;82;0,0;0,3189489028034558
118593;J. Tah;CB;88,0;87,53947875112013;88;0,0;0,46052124887987134
118646;R. Giampaoli;CB;73,0;73,11993716860813;73;0,0;0,11993716860813208
118653;A. Khusanov;CB;82,0;82,22434721836801;82;0,0;0,22434721836800975
118662;C. Roque;CB;65,0;64,83794167316472;65;0,0;0,16205832683527888
118669;A. Simarra;CB;67,0;66,80657422276344;67;0,0;0,19342577723655552
118690;E. Elizalde;CB;69,0;69,19775711295793;69;0,0;0,1977571129579303
118691;B. Mlačić;CB;68,0;68,15455414327533;68;0,0;0,1545541432753339
118703;Kike Salas;CB;76,0;75,57069111562599;76;0,0;0,4293088843740094
118719;D. Fernández;CB;71,0;71,39222092309804;71;0,0;0,39222092309803713
118944;Vitor Reis;CB;77,0;77,42160260364872;77;0,0;0,42160260364872215
118958;L. Cristaldo;CB;63,0;63,08879593131931;63;0,0;0,08879593131931074
118959;J. Portillo;CB;62,0;62,12667262129371;62;0,0;0,12667262129370727
118973;B. Diaby;CB;73,0;73,20712124949097;73;0,0;0,20712124949096733
118989;R. Ibarra;CB;66,0;65,75023491432626;66;0,0;0,24976508567374367
119096;S. Canestrelli;CB;73,0;72,83522342968259;73;0,0;0,16477657031741444
119778;C. Gamarra;CB;69,0;68,99520447054353;69;0,0;0,004795529456472991
119783;M. McKenzie;CB;69,0;68,72566886951527;69;0,0;0,27433113048472535
119817;G. Arturia;CB;65,0;65,3771126834256;65;0,0;0,3771126834255938
119847;A. Edmundsson;CB;70,0;69,93313098470792;70;0,0;0,06686901529208455
119850;F. Calderón;CB;73,0;72,87149993723254;73;0,0;0,12850006276745773
119862;Fabrício Bruno;CB;80,0;80,34510800668029;80;0,0;0,3451080066802916
119890;D. Caleta-Car;CB;75,0;74,83951574913385;75;0,0;0,1604842508661477
119893;C. Rivero;CB;71,0;71,1500477156413;71;0,0;0,15004771564130692
120310;K. Mavropanos;CB;78,0;77,56824435240361;78;0,0;0,43175564759638974
120339;C. Ferreira;CB;73,0;72,6586310366342;73;0,0;0,34136896336579525
120342;G. Rodríguez;CB;73,0;73,38423527049734;73;0,0;0,3842352704973422
120343;C. Domínguez;CB;75,0;74,53258768340079;75;0,0;0,46741231659920857
120355;T. Chalobah;CB;80,0;79,62380180163233;80;0,0;0,37619819836767476
120364;Yoel Lago;CB;70,0;69,84433287911841;70;0,0;0,15566712088158852
121226;L. Carrizo;CB;67,0;67,30687489562025;67;0,0;0,30687489562025405
121227;D. Tchamba;CB;74,0;73,62849718014107;74;0,0;0,3715028198589323
121244;N. Zätterström;CB;67,0;66,66237461678351;67;0,0;0,3376253832164906
121251;N. Kamara;CB;67,0;66,81966572318493;67;0,0;0,1803342768150742
121284;U. Giménez;CB;65,0;65,33914102937061;65;0,0;0,33914102937060875
121296;J. Ludueña;CB;71,0;71,26539947948564;71;0,0;0,26539947948563736
121321;J. Bah;CB;75,0;75,22555907943514;75;0,0;0,22555907943514342
121327;Y. Bisseck;CB;75,0;74,73145484490094;75;0,0;0,26854515509906207
121354;A. Anselmino;CB;72,0;72,24701776924786;72;0,0;0,24701776924786145
121363;M. González;CB;69,0;68,62879812564195;69;0,0;0,3712018743580501
121373;W. Fofana;CB;82,0;82,00357546749579;82;0,0;0,00357546749579285
121381;J. Canale;CB;74,0;73,95326887029786;74;0,0;0,04673112970213822
121396;S. Quirós;CB;67,0;67,38430222051198;67;0,0;0,3843022205119837
121948;E. Konsa;CB;83,0;83,06345031656156;83;0,0;0,06345031656155697
121949;A. Costa;CB;77,0;77,01465086167542;77;0,0;0,014650861675420401
121961;S. Van Den Berg;CB;78,0;77,559264595832;78;0,0;0,44073540416799517
122001;I. Ganiou;CB;65,0;65,40404126323507;65;0,0;0,4040412632350723
122007;A. Martínez;CB;70,0;69,6215012940279;70;0,0;0,3784987059721061
122015;L. O'Nien;CB;71,0;71,18910087544282;71;0,0;0,1891008754428185
122265;S. Bornauw;CB;75,0;75,19601275410518;75;0,0;0,19601275410518326
122313;J. García;CB;61,0;60,93167284226931;61;0,0;0,06832715773069253
122701;W. Velásquez;CB;69,0;69,41715911297025;69;0,0;0,41715911297025343
122729;M. Zelaya;CB;64,0;63,59049374808043;64;0,0;0,40950625191956647
122897;C. Fara;CB;67,0;67,16561624352344;67;0,0;0,16561624352344495
122920;F. Gattoni;CB;72,0;72,21810590466247;72;0,0;0,21810590466246538
123066;A. Madruga;CB;69,0;69,17355854806877;69;0,0;0,17355854806876891
123728;J. Silva;CB;69,0;69,46248635267945;69;0,0;0,4624863526794485
124248;Choi Gu-rum;CB;72,0;71,67674535769234;72;0,0;0,3232546423076599
124276;Miguel Rubio;CB;73,0;73,2327441615925;73;0,0;0,23274416159250677
124285;A. Custodio;CB;64,0;64,09225935772645;64;0,0;0,09225935772644789
124854;D. Gónzalez;CB;70,0;70,29858052341619;70;0,0;0,29858052341619157
263019;S. Arce;CB;64,0;63,76586383823702;64;0,0;0,2341361617629829
263024;J. Villagra;CB;69,0;69,4849161784803;69;0,0;0,48491617848030444
263063;S. Vegas;CB;72,0;71,81685263150699;72;0,0;0,18314736849301028
263154;A. Saldivia;CB;74,0;74,47510970244869;74;0,0;0,475109702448691
263509;Lautaro;CB;71,0;70,66466574375224;71;0,0;0,33533425624776214
263768;Malparitti I;CB;89,0;88,84911861792881;89;0,0;0,15088138207119073
263769;Eusebio;CB;81,0;81,35855688340739;81;0,0;0,3585568834073882
263877;Claudio;CB;81,0;80,91094418791147;81;0,0;0,08905581208853164
264275;D. Gutiérrez;CB;68,0;67,9844870303297;68;0,0;0,015512969670297139
264303;Ciro;CB;72,0;71,82635130734268;72;0,0;0,17364869265732352
264478;Malparitti II;CB;89,0;88,84911861792881;89;0,0;0,15088138207119073
298690;Y. Murillo;CB;63,0;62,83818442976512;63;0,0;0,1618155702348787
303352;F. Díaz;CB;63,0;62,87369386722599;63;0,0;0,12630613277401181
306131;E. Tovo;CB;67,0;66,92820613258033;67;0,0;0,07179386741967164
307719;G. Vallecilla;CB;70,0;69,79934233419212;70;0,0;0,20065766580788136
307772;R. Lutiger;CB;67,0;66,93006202937761;67;0,0;0,06993797062239082
308179;Rodrigo Guth;CB;71,0;70,82942097768598;71;0,0;0,17057902231401556
308187;P. Camacho;CB;64,0;63,68601407782134;64;0,0;0,3139859221786594
308314;Jair Cunha;CB;78,0;77,786614709743;78;0,0;0,21338529025699415
308508;S. Laquidaín;CB;64,0;63,97776596118186;64;0,0;0,02223403881814079
308521;Murillo;CB;83,0;83,06869810160305;83;0,0;0,06869810160304723
308531;N. Parra;CB;62,0;61,99294460167006;62;0,0;0,007055398329939067
308712;T. Silvero;CB;69,0;68,76484195926307;69;0,0;0,23515804073693403
308753;A. Moreno;CB;68,0;68,09306184947577;68;0,0;0,09306184947577378
309492;J. Arias;CB;72,0;71,85938659043389;72;0,0;0,14061340956611446
309756;J. Ortiz;CB;71,0;71,42167615571996;71;0,0;0,42167615571996464
315553;C. Mawissa;CB;76,0;75,80871991922595;76;0,0;0,19128008077404957
320874;Á. Rangel;CB;73,0;73,0929434692846;73;0,0;0,09294346928460584
322246;A. Barboza;CB;75,0;74,82631283136072;75;0,0;0,17368716863927602
323535;A. Angulo;CB;74,0;73,80037171792621;74;0,0;0,1996282820737889
363870;J. Viacava;CB;67,0;67,24417622441987;67;0,0;0,2441762244198742
365497;J. Sánchez;CB;67,0;66,52342030672722;67;0,0;0,4765796932727824
370372;J. Mera;CB;71,0;71,39977586197372;71;0,0;0,3997758619737226
370724;R. Pedroza;CB;63,0;62,72946822936639;63;0,0;0,27053177063361034
370969;F. Guerra;CB;66,0;66,22657302581153;66;0,0;0,2265730258115326
371342;N. Villarroel;CB;61,0;61,03378819233794;61;0,0;0,03378819233793706
373054;D. Arboleda;CB;74,0;73,77372339290243;74;0,0;0,22627660709757436
373057;D. Pedrozo;CB;66,0;66,43856030212594;66;0,0;0,43856030212593566
373326;I. Glavinovich;CB;66,0;65,73521598580794;66;0,0;0,26478401419205966
373521;L. Recalde;CB;69,0;68,83738778773285;69;0,0;0,16261221226714895
376489;D. Herrera;CB;67,0;67,28995113555543;67;0,0;0,28995113555542673
376502;L. Justiniano;CB;63,0;63,00387337176343;63;0,0;0,0038733717634329423
377146;M. Palacios;CB;60,0;60,380311748280825;60;0,0;0,3803117482808247
377208;F. Mena;CB;58,0;58,109143629544555;58;0,0;0,1091436295445547
377512;M. Torrez;CB;65,0;64,89282562094215;65;0,0;0,10717437905785232
378292;A. Llinás;CB;72,0;72,18056243271101;72;0,0;0,1805624327110138
378324;G. Bahia;CB;65,0;65,47340908188208;65;0,0;0,47340908188208175
378337;S. Palacios;CB;67,0;66,87286580425575;67;0,0;0,12713419574424734
378338;J. Chalá;CB;69,0;68,6978387699034;69;0,0;0,30216123009660123
378339;A. Pósito;CB;64,0;64,1233312266129;64;0,0;0,12333122661290474
378342;M. Gianoli;CB;70,0;70,14143094838923;70;0,0;0,1414309483892282
378761;E. Neira;CB;72,0;72,11401239732125;72;0,0;0,1140123973212468
379200;J. Arancibia;CB;64,0;63,503689764918384;64;0,0;0,49631023508161576
379709;Y. Osorio;CB;71,0;70,99342417550233;71;0,0;0,006575824497673466
1073776608;Clayton Sampaio;CB;68,0;68,25393083697716;68;0,0;0,2539308369771618
1073801803;M. Falcón;CB;72,0;71,68230337326891;72;0,0;0,31769662673109167
1073853601;Kim Min-jae;CB;84,0;83,67115338900192;84;0,0;0,32884661099808454
1073857234;K. Takai;CB;74,0;74,02095747730797;74;0,0;0,020957477307973704
1073857256;A. Seko;CB;73,0;72,96332618515396;73;0,0;0,03667381484603993
1073857540;K. Ajer;CB;77,0;76,6132169030717;77;0,0;0,3867830969282977
1697;R. Santa Cruz;CF;70,0;69,93765947435298;70;0,0;0,06234052564701642
4522;C. Ronaldo;CF;84,0;84,23618700825357;84;0,0;0,23618700825356598
7806;M. Satriano;CF;76,0;75,64548856854016;76;0,0;0,35451143145984076
7823;André Silva;CF;71,0;71,24510933360428;71;0,0;0,245109333604276
8823;P. Guerrero;CF;71,0;70,78062023974371;71;0,0;0,21937976025628814
9205;Fabri;CF;70,0;69,504912006946;70;0,0;0,49508799305399975
9211;J. Piroe;CF;74,0;74,19633431216211;74;0,0;0,19633431216210795
9332;W. Rivera;CF;63,0;63,46639560813601;63;0,0;0,4663956081360112
31044;R. Falcao;CF;73,0;72,62934278120939;73;0,0;0,37065721879061186
32440;J. Kusi-Asare;CF;65,0;64,80451665945756;65;0,0;0,1954833405424381
34881;L. Suárez;CF;80,0;79,74206837353277;80;0,0;0,2579316264672258
35252;M. Ruben;CF;71,0;71,43036271405754;71;0,0;0,43036271405753723
35477;E. Cavani;CF;72,0;72,2410518156323;72;0,0;0,2410518156323036
36718;A. Sánchez;CF;74,0;73,64086788392812;74;0,0;0,35913211607187634
36821;H. Barcos;CF;74,0;74,0331339255542;74;0,0;0,03313392555419625
36862;Ó. Cardozo;CF;71,0;70,83975170501687;71;0,0;0,1602482949831341
36912;R. Bentancourt;CF;68,0;68,39847521101319;68;0,0;0,39847521101319217
37304;C. Stuani;CF;74,0;74,477384154603;74;0,0;0,4773841546030013
37638;E. Džeko;CF;74,0;73,98317566221698;74;0,0;0,016824337783020837
37715;T. Barry;CF;77,0;76,59112653168899;77;0,0;0,4088734683110147
38274;D. Moreno;CF;76,0;75,90773471521294;76;0,0;0,09226528478706086
38352;D. Welbeck;CF;79,0;78,85305478714736;79;0,0;0,14694521285264273
38403;S. Ferreira;CF;72,0;72,26963413391081;72;0,0;0,26963413391081303
38539;K. Quetant;CF;65,0;64,73399455845966;65;0,0;0,26600544154034367
38627;O. Giroud;CF;77,0;76,73481398864804;77;0,0;0,2651860113519575
38685;B. Dadín;CF;73,0;73,03216735334055;73;0,0;0,03216735334055443
38743;Y. Valois;CF;66,0;65,9193259943387;66;0,0;0,08067400566129379
38951;A. Hernández;CF;74,0;73,91801499034047;74;0,0;0,08198500965953315
39673;André Luís;CF;70,0;70,40811458715616;70;0,0;0,4081145871561631
39719;S. Rondón;CF;74,0;74,28981024042604;74;0,0;0,28981024042603565
40002;R. Lewandowski;CF;87,0;87,11822339294939;87;0,0;0,118223392949389
40003;S. Kulenović;CF;71,0;70,6419970560795;71;0,0;0,35800294392049636
40122;R. Lukaku;CF;81,0;81,4421881947182;81;0,0;0,4421881947181987
40323;P. Aubameyang;CF;81,0;80,80488977849134;81;0,0;0,19511022150865642
40433;S. Tzimas;CF;73,0;72,73686883583248;73;0,0;0,26313116416751825
40455;I. Sosa;CF;70,0;70,4350977921378;70;0,0;0,4350977921377961
40581;C. Obi;CF;66,0;66,19711532291822;66;0,0;0,1971153229182221
40661;L. Pratto;CF;70,0;69,72782775186239;70;0,0;0,27217224813760765
40786;C. Wood;CF;80,0;80,2389134453484;80;0,0;0,23891344534840186
41066;C. Immobile;CF;72,0;72,38724089555178;72;0,0;0,3872408955517841
41084;K. N'Dri;CF;67,0;67,30208466430204;67;0,0;0,3020846643020434
41152;I. Subiabre;CF;76,0;75,53916938308461;76;0,0;0,46083061691538774
41444;M. Rodríguez;CF;67,0;67,00372355646613;67;0,0;0,00372355646612732
41637;M. Mohamed;CF;70,0;69,82979491584378;70;0,0;0,1702050841562226
41640;C. Bacca;CF;74,0;74,30600311466604;74;0,0;0,3060031146660407
41737;F. Colidio;CF;75,0;74,87192141097997;75;0,0;0,12807858902003488
42101;J. Iturbe;CF;65,0;65,33175494184357;65;0,0;0,33175494184357035
42117;U. Delgado;CF;65,0;65,01442469894668;65;0,0;0,014424698946683634
42173;E. Valencia;CF;71,0;71,37117722335489;71;0,0;0,37117722335489134
42311;Aylon;CF;69,0;69,22570185253538;69;0,0;0,22570185253538
42688;N. Blandi;CF;68,0;68,11690990292192;68;0,0;0,11690990292191827
42806;C. Bakambu;CF;75,0;75,23782148550285;75;0,0;0,23782148550284887
42854;Alerrandro;CF;72,0;72,37682277339535;72;0,0;0,37682277339534664
43094;Álvaro Morata;CF;78,0;78,10459060538204;78;0,0;0,10459060538204312
43747;D. Washington;CF;71,0;71,27844209096497;71;0,0;0,2784420909649725
43970;J. Lucero;CF;73,0;72,93138480836652;73;0,0;0,06861519163348362
44187;Gabriel Poveda;CF;67,0;66,9912877857522;67;0,0;0,008712214247793781
44193;J. Marcelo;CF;67,0;67,41027336218147;67;0,0;0,4102733621814707
44212;Neto Pessoa;CF;69,0;68,73257206422983;69;0,0;0,2674279357701721
44278;Pedro Raúl;CF;72,0;71,71637105634271;72;0,0;0,2836289436572912
44449;R. Nteka;CF;69,0;68,91653657313401;69;0,0;0,08346342686598973
44556;F. Toloza;CF;67,0;67,04971989920885;67;0,0;0,04971989920885278
44636;L. Muriel;CF;75,0;74,64397823174966;75;0,0;0,3560217682503435
44682;Rodrigo Muniz;CF;75,0;74,58917417008689;75;0,0;0,410825829913108
44838;H. Igamane;CF;74,0;73,94781087437453;74;0,0;0,05218912562547473
45079;T. Arokodare;CF;74,0;73,93733269018237;74;0,0;0,06266730981762691
45338;B. Dieng;CF;74,0;74,20969839650057;74;0,0;0,20969839650057054
45507;Gilberto;CF;69,0;68,59986228196553;69;0,0;0,40013771803447185
45661;G. Obredor;CF;64,0;63,74473384063258;64;0,0;0,25526615936742303
45831;R. Castillo;CF;77,0;77,12197279947854;77;0,0;0,12197279947854156
45962;Willian José;CF;77,0;76,97423047145838;77;0,0;0,025769528541616182
46153;F. Magri;CF;67,0;67,35626920761307;67;0,0;0,35626920761306735
46327;Fernando;CF;71,0;71,20400977358072;71;0,0;0,20400977358072225
46666;Iago Aspas;CF;81,0;80,8728461944643;81;0,0;0,12715380553569844
46720;J. Mangondo;CF;62,0;61,550090134365604;62;0,0;0,44990986563439606
46765;Perotti;CF;67,0;66,8138782135572;67;0,0;0,1861217864427971
46873;U. Saqid;CF;75,0;75,31763811954636;75;0,0;0,3176381195463591
46879;M. Depay;CF;78,0;78,04505100545474;78;0,0;0,04505100545473795
46897;A. Oviedo;CF;69,0;68,79145243561392;69;0,0;0,20854756438608035
47287;H. Kane;CF;89,0;89,38405640773784;89;0,0;0,38405640773784455
47415;A. Alonso;CF;67,0;67,14014977087463;67;0,0;0,1401497708746291
47429;N. Maupay;CF;74,0;74,43474266927238;74;0,0;0,4347426692723815
47527;R. Rodin;CF;61,0;61,25706761039119;61;0,0;0,2570676103911893
47586;J. Torres;CF;73,0;72,92035647623177;73;0,0;0,07964352376822603
47644;B. Cabrera;CF;62,0;62,30348383120428;62;0,0;0,30348383120428224
47814;D. Benedetto;CF;71,0;71,06810370394442;71;0,0;0,06810370394441634
53792;L. Castro;CF;72,0;72,10310349641489;72;0,0;0,1031034964148887
54067;D. Pereira;CF;62,0;62,12277657223363;62;0,0;0,12277657223363292
54167;Y. Cuevas;CF;65,0;65,02080409293201;65;0,0;0,020804092932010576
54266;H. Camara;CF;68,0;67,69062285497542;68;0,0;0,3093771450245839
54357;J. Carvajal;CF;63,0;62,88076873468957;63;0,0;0,11923126531043238
54387;Y. Garcés;CF;63,0;63,47217898230975;63;0,0;0,47217898230974953
54393;J. Medina;CF;72,0;71,61186998795777;72;0,0;0,3881300120422253
54422;F. De La Vega;CF;67,0;67,33003320851316;67;0,0;0,3300332085131572
54674;S. Haqawi;CF;57,0;57,31387907120768;57;0,0;0,31387907120767977
54745;S. Guirassy;CF;84,0;83,6502943795397;84;0,0;0,3497056204602984
54756;Gonçalo Ramos;CF;80,0;79,80018652674829;80;0,0;0,19981347325170873
54761;F. Monzón;CF;71,0;71,4557563343949;71;0,0;0,4557563343949056
54836;J. Hurtado;CF;65,0;64,83113235158946;65;0,0;0,16886764841054003
54838;E. Monteiro;CF;64,0;63,74918801782785;64;0,0;0,25081198217215217
54845;M. Parrales;CF;69,0;69,37904136795765;69;0,0;0,37904136795765453
54859;F. Zampedri;CF;74,0;73,82250843838814;74;0,0;0,17749156161185908
54865;F. Noguera;CF;63,0;63,3461624884212;63;0,0;0,3461624884212
54876;A. Al-Hamdan;CF;68,0;67,57981776099282;68;0,0;0,42018223900717544
54974;Luighi;CF;67,0;66,52167193062229;67;0,0;0,4783280693777101
55055;M. Marran;CF;64,0;64,02088843180954;64;0,0;0,020888431809538588
55118;G. Paiva;CF;71,0;70,73198752275532;71;0,0;0,2680124772446817
55435;E. Naya;CF;63,0;63,270872574906655;63;0,0;0,2708725749066545
55437;J. Goicochea;CF;64,0;63,68924029407201;64;0,0;0,3107597059279925
55522;M. Torres;CF;70,0;69,66195688721102;70;0,0;0,3380431127889807
55530;N. Johansen;CF;66,0;66,47095476877602;66;0,0;0,47095476877602493
55666;L. Campana;CF;73,0;72,75364292756932;73;0,0;0,2463570724306834
55705;J. Fuentes;CF;65,0;65,42295941778855;65;0,0;0,4229594177885474
55718;N. Benegas;CF;69,0;69,45757403021136;69;0,0;0,45757403021136156
55741;L. Pons;CF;71,0;70,66153725001635;71;0,0;0,33846274998364834
55753;R. Flores;CF;72,0;71,59439067692558;72;0,0;0,40560932307441533
55754;L. Guevara;CF;75,0;74,78963706684229;75;0,0;0,21036293315771104
55765;Alfa;CF;71,0;71,43306022214968;71;0,0;0,43306022214967754
55766;F. Aragón;CF;75,0;74,74698476732556;75;0,0;0,2530152326744428
55777;L. Riveros;CF;68,0;67,58050702002409;68;0,0;0,4194929799759137
55779;M. Estrada;CF;73,0;72,96745846951286;73;0,0;0,03254153048713704
55791;A. Cabeza;CF;67,0;66,71002135277412;67;0,0;0,2899786472258796
55816;N. Villarreal;CF;66,0;65,94430034245421;66;0,0;0,05569965754578732
55840;J. Riasco;CF;63,0;62,631037052608434;63;0,0;0,3689629473915659
55867;C. Ebere;CF;70,0;69,96205017723896;70;0,0;0,037949822761035534
55954;L. Ramos;CF;69,0;68,74118042511036;69;0,0;0,25881957488964247
55966;R. Holgado;CF;72,0;71,80899928096433;72;0,0;0,19100071903567084
55977;R. Machado;CF;67,0;66,60028517736215;67;0,0;0,3997148226378471
55990;L. Acosta;CF;65,0;64,79559343503627;65;0,0;0,20440656496373322
55993;S. Acuña;CF;66,0;66,41853228408286;66;0,0;0,4185322840828576
56054;S. Lomónaco;CF;66,0;66,11464788992414;66;0,0;0,11464788992414299
56064;B. Castillo;CF;70,0;69,5118196677648;70;0,0;0,48818033223520274
56113;Y. Vásquez;CF;65,0;65,44487966681419;65;0,0;0,4448796668141881
56142;J. Godoy;CF;68,0;67,87430953442103;68;0,0;0,12569046557896968
56162;A. Uribe;CF;69,0;68,80737996210279;69;0,0;0,19262003789721405
56165;F. Suárez;CF;68,0;67,85060327229087;68;0,0;0,14939672770913148
56168;I. Russo;CF;70,0;69,92739408633649;70;0,0;0,07260591366350866
56181;R. Borja;CF;61,0;61,39835009776004;61;0,0;0,39835009776003716
56235;H. Rodallega;CF;74,0;73,62716847793105;74;0,0;0,37283152206894954
56249;J. Rivera;CF;69,0;68,7069537699676;69;0,0;0,2930462300324024
56258;F. Barone;CF;67,0;66,75857513490392;67;0,0;0,24142486509607863
56260;T. Caballero;CF;66,0;65,98237782995297;66;0,0;0,017622170047033592
57201;J. Ardaiz;CF;66,0;65,76914268597658;66;0,0;0,23085731402342446
57257;N. Obougou;CF;63,0;63,47616633473119;63;0,0;0,4761663347311895
57330;R. Jiménez;CF;78,0;77,53873685437041;78;0,0;0,46126314562958726
57332;W. Geubbels;CF;68,0;67,5566797715971;68;0,0;0,44332022840289653
57349;Gerard Moreno;CF;80,0;80,2562038409816;80;0,0;0,2562038409815983
57739;A. Vásquez;CF;69,0;68,85431765029291;69;0,0;0,14568234970708716
57750;F. Balogun;CF;80,0;79,73275326057053;80;0,0;0,2672467394294671
57930;E. Larrosa;CF;66,0;65,59280809895047;66;0,0;0,4071919010495293
57947;G. Carneiro;CF;73,0;73,1093795778665;73;0,0;0,10937957786650543
57957;Chico Da Costa;CF;69,0;69,00961037017895;69;0,0;0,009610370178947392
57959;S. Araujo;CF;70,0;70,01898239634674;70;0,0;0,018982396346743258
57962;J. Alegría;CF;65,0;64,96951648641164;65;0,0;0,030483513588364985
57978;K. Jorge;CF;76,0;75,99531118849264;76;0,0;0,004688811507364221
57988;A. Parra;CF;70,0;70,12166569373993;70;0,0;0,12166569373992786
57992;C. Ramírez;CF;71,0;70,54455046415752;71;0,0;0,45544953584247594
57999;L. Sandoval;CF;71,0;71,10196253286342;71;0,0;0,10196253286342483
58029;A. Vombergar;CF;70,0;69,90342310215361;70;0,0;0,0965768978463899
58076;D. López;CF;76,0;76,22458409858172;76;0,0;0,22458409858171535
58165;M. Fonseca;CF;68,0;68,46133925245984;68;0,0;0,46133925245983676
58175;J. Duarte;CF;64,0;63,653153783877634;64;0,0;0,34684621612236555
58192;J. Angulo;CF;62,0;62,396167329361525;62;0,0;0,3961673293615249
58199;A. Balboa;CF;71,0;70,61916567951214;71;0,0;0,3808343204878639
58206;C. Ortiz;CF;65,0;65,20650273385128;65;0,0;0,2065027338512806
58222;B. Salinardi;CF;62,0;61,96152184507663;62;0,0;0,038478154923367924
58257;A. Alcaraz;CF;72,0;72,16958793125383;72;0,0;0,16958793125382954
58261;J. Velásquez;CF;66,0;65,8085598723291;66;0,0;0,19144012767090146
58264;D. Romero;CF;68,0;67,5413923653879;68;0,0;0,4586076346120933
58272;L. Martínez;CF;61,0;60,68846078925754;61;0,0;0,3115392107424597
58276;J. Vieira;CF;73,0;72,59274196425142;73;0,0;0,4072580357485833
58279;K. Angulo;CF;61,0;60,94014141499052;61;0,0;0,05985858500947927
58305;J. Candia;CF;67,0;67,49102226178296;67;0,0;0,49102226178295894
58323;B. Sepúlveda;CF;71,0;70,94896943108951;71;0,0;0,05103056891049107
58335;G. Aguilar;CF;67,0;66,55086578631479;67;0,0;0,44913421368521256
58348;S. Gassama;CF;68,0;67,58061159260797;68;0,0;0,4193884073920344
58369;R. Sarli;CF;60,0;59,84303068656395;60;0,0;0,15696931343605058
58406;M. De Lima;CF;65,0;65,11334176097887;65;0,0;0,11334176097886939
58653;A. Milik;CF;75,0;75,09871928401375;75;0,0;0,09871928401375385
58759;Gabi;CF;74,0;73,98324263849125;74;0,0;0,016757361508751956
58840;Morales;CF;74,0;73,83254340226696;74;0,0;0,167456597733036
59201;J. Ingratti;CF;59,0;58,5114611409721;59;0,0;0,48853885902789784
59459;L. Díaz;CF;70,0;70,1663176337324;70;0,0;0,1663176337324046
59476;C. González;CF;74,0;73,87142667021023;74;0,0;0,12857332978977354
59484;L. Pavoletti;CF;68,0;68,01780417279825;68;0,0;0,017804172798250306
59487;S. Liseth;CF;67,0;67,463003028974;67;0,0;0,4630030289740006
59526;Pablo;CF;69,0;68,80239360465434;69;0,0;0,19760639534565883
59715;J. Dinenno;CF;71,0;71,19126642884407;71;0,0;0,19126642884407374
59749;Y. Bolasie;CF;69,0;68,68969470840347;69;0,0;0,31030529159653497
59779;S. Soumano;CF;71,0;71,43442903394912;71;0,0;0,43442903394911525
59927;F. Caicedo;CF;67,0;66,64823034749722;67;0,0;0,3517696525027816
59964;J. Martínez;CF;74,0;73,66123948934155;74;0,0;0,3387605106584459
60009;F. González;CF;64,0;64,29513408374565;64;0,0;0,2951340837456513
60043;L. Cano;CF;67,0;67,4537591206901;67;0,0;0,45375912069009416
60060;D. Zapata;CF;79,0;79,42974143141305;79;0,0;0,4297414314130492
60062;G. Carrillo;CF;75,0;74,89891813269092;75;0,0;0,10108186730907676
60072;S. Rodríguez;CF;68,0;68,06575808725927;68;0,0;0,0657580872592689
60136;N. Orsini;CF;71,0;70,55830767523649;71;0,0;0,4416923247635083
60143;L. Alario;CF;72,0;71,72828114928551;72;0,0;0,27171885071449253
60169;R. Contreras;CF;70,0;69,67686983825229;70;0,0;0,3231301617477129
60331;F. Girotti;CF;73,0;73,05142379300719;73;0,0;0,05142379300718858
60373;M. Coronel;CF;74,0;73,70380762163452;74;0,0;0,2961923783654754
60375;D. Fernández;CF;60,0;60,117811206230684;60;0,0;0,11781120623068375
60461;W. Saïd;CF;70,0;69,97160380560715;70;0,0;0,028396194392854568
60501;A. Cerri;CF;66,0;65,78717440362475;66;0,0;0,21282559637525367
60527;E. Haaland;CF;91,0;91,0600667757952;91;0,0;0,060066775795206695
60596;P. Vegetti;CF;77,0;76,62461647555912;77;0,0;0,37538352444087764
60614;Pablo Felipe;CF;74,0;73,75654328261308;74;0,0;0,24345671738691976
60618;Deyverson;CF;73,0;73,13062943283715;73;0,0;0,13062943283715356
60622;M. Braithwaite;CF;75,0;74,54075122928681;75;0,0;0,45924877071318804
60631;I. Pussetto;CF;70,0;70,25075500707476;70;0,0;0,2507550070747584
60657;J. Calleri;CF;76,0;75,98998050527693;76;0,0;0,010019494723067623
60667;E. Triverio;CF;68,0;67,62594126898452;68;0,0;0,3740587310154808
60683;M. Tissera;CF;69,0;68,723600465557;69;0,0;0,27639953444300147
60694;G. Simeone;CF;77,0;77,24883790204179;77;0,0;0,24883790204178524
60704;E. Copetti;CF;69,0;68,83605664670694;69;0,0;0,16394335329306386
60855;M. Borja;CF;74,0;73,89516688629878;74;0,0;0,1048331137012184
60892;Arthur Cabral;CF;74,0;74,46663583722697;74;0,0;0,4666358372269741
60896;C. Kostoulas;CF;72,0;71,80026674069362;72;0,0;0,19973325930638453
60909;G. Kvilitaia;CF;71,0;71,20868854731003;71;0,0;0,2086885473100324
61000;Á. Arce;CF;73,0;73,22349458126597;73;0,0;0,22349458126596744
61035;S. Driussi;CF;73,0;72,53931658038395;73;0,0;0,4606834196160463
61062;G. Mastriani;CF;72,0;72,01929582251427;72;0,0;0,019295822514266092
61118;F. Fydriszewski;CF;72,0;71,59667673241778;72;0,0;0,40332326758222337
61138;I. Maestro Puch;CF;68,0;68,42945154998625;68;0,0;0,4294515499862541
61164;A. Sanabria;CF;74,0;74,48965648970685;74;0,0;0,48965648970684583
61167;H. Sandoval;CF;64,0;63,78461079881684;64;0,0;0,2153892011831573
61174;R. Mathias;CF;71,0;71,17142531101118;71;0,0;0,17142531101117697
63293;Ferran Jutglà;CF;75,0;74,63240380134125;75;0,0;0,36759619865874527
63308;N. Štulić;CF;72,0;71,6510888566613;72;0,0;0,34891114333869666
63333;L. Klimowicz;CF;65,0;65,14687369622078;65;0,0;0,14687369622077995
63350;L. Giménez;CF;66,0;65,92919816955886;66;0,0;0,07080183044114108
63413;G. Ávalos;CF;72,0;71,81345953577627;72;0,0;0,18654046422372517
63416;E. Emegha;CF;78,0;77,5120916682445;78;0,0;0,48790833175550574
63426;D. Pintér;CF;59,0;59,272596036025504;59;0,0;0,2725960360255044
63428;G. Lencina;CF;68,0;67,61952387354567;68;0,0;0,38047612645432594
63442;V. Muriqi;CF;79,0;79,4853445084821;79;0,0;0,4853445084821004
63447;M. Martínez;CF;80,0;80,18199236869454;80;0,0;0,18199236869453728
63511;F. Domínguez;CF;63,0;62,66220833080261;63;0,0;0,33779166919738657
65151;L. Amarilla;CF;71,0;70,98253337968042;71;0,0;0,01746662031958124
65258;M. Santos;CF;71,0;70,54177826582928;71;0,0;0,45822173417072065
100095;Vitinha;CF;76,0;75,83336387364729;76;0,0;0,16663612635271363
100159;J. Vardy;CF;76,0;75,77955601302551;76;0,0;0,22044398697448742
100196;Kike García;CF;76,0;75,9612325343574;76;0,0;0,038767465642592924
100269;E. Torres;CF;71,0;71,27079324920895;71;0,0;0,27079324920894976
100320;F. Moumbagna;CF;70,0;70,27717519353823;70;0,0;0,27717519353822695
100413;M. Giménez;CF;72,0;72,22125635838385;72;0,0;0,2212563583838545
100443;P. Esposito;CF;74,0;74,08699104339597;74;0,0;0,08699104339596886
100460;A. Guðmundsson;CF;76,0;75,71122394077236;76;0,0;0,2887760592276436
100479;M. Đurić;CF;71,0;70,79001143348482;71;0,0;0,20998856651517883
100516;T. Borbas;CF;71,0;70,68024093112776;71;0,0;0,31975906887224426
100607;A. Belotti;CF;73,0;72,83922155620459;73;0,0;0,16077844379540807
100631;F. Rami;CF;70,0;69,70044970511128;70;0,0;0,29955029488871787
100639;F. Bruera;CF;71,0;70,60561317021812;71;0,0;0,39438682978187956
100809;Ayoze;CF;81,0;81,2163947788357;81;0,0;0,21639477883570635
100898;L. Openda;CF;81,0;81,23877353872903;81;0,0;0,23877353872903484
100954;B. Dia;CF;76,0;76,32847712262529;76;0,0;0,32847712262528717
101042;C. Marshall;CF;67,0;66,69033971650698;67;0,0;0,30966028349301666
101359;A. Barnes;CF;71,0;70,74169883050122;71;0,0;0,2583011694987789
101399;F. Sartori;CF;70,0;70,14620516487284;70;0,0;0,14620516487283908
101406;J. Barbieri;CF;66,0;66,2309255735196;66;0,0;0,23092557351959897
101422;Labeau Lascary;CF;66,0;66,19924350843958;66;0,0;0,1992435084395794
101493;A. Buksa;CF;73,0;72,65992856478715;73;0,0;0,3400714352128489
101612;D. Scarlett;CF;68,0;68,10900066183137;68;0,0;0,10900066183137369
101755;N. Füllkrug;CF;77,0;76,73801842584575;77;0,0;0,26198157415424816
101863;M. Espinoza P.;CF;61,0;60,96600672494013;61;0,0;0,0339932750598706
101875;B. Embolo;CF;69,0;68,88287229049243;69;0,0;0,1171277095075709
101976;M. De Luca;CF;66,0;66,23069844762895;66;0,0;0,23069844762895286
102036;Raykkonen;CF;64,0;63,507161927724965;64;0,0;0,49283807227503473
102046;N. Cordero;CF;66,0;66,19320587248897;66;0,0;0,19320587248897425
102052;O. Rivero;CF;73,0;73,17764695089976;73;0,0;0,17764695089975646
102060;L. Vázquez;CF;72,0;71,67009735672224;72;0,0;0,3299026432777623
102097;Guruzeta;CF;78,0;77,58900761316852;78;0,0;0,41099238683148087
102329;B. Márquez;CF;60,0;60,36520997513506;60;0,0;0,36520997513505904
102345;G. Ambrosino;CF;67,0;66,61910732522765;67;0,0;0,38089267477235467
102388;D. Datro Fofana;CF;74,0;73,53938949439352;74;0,0;0,460610505606482
102475;M. Samatta;CF;71,0;70,88455395981745;71;0,0;0,11544604018254745
102611;L. Fernández;CF;69,0;68,8596209292915;69;0,0;0,14037907070850508
102692;C. Wilson;CF;77,0;76,64619097036595;77;0,0;0,3538090296340499
102719;P. Schick;CF;84,0;84,43408460562772;84;0,0;0,4340846056277172
102742;Borja Iglesias;CF;81,0;80,6571265549067;81;0,0;0,34287344509330353
102782;J. Correa;CF;74,0;74,15396981982957;74;0,0;0,1539698198295696
102968;S. Kılıçsoy;CF;76,0;76,23916724246588;76;0,0;0,23916724246588217
102991;A. Kalimuendo;CF;77,0;77,21923030815324;77;0,0;0,21923030815324296
103129;M. Abline;CF;75,0;74,62004058875749;75;0,0;0,37995941124250976
103271;E. Faty;CF;58,0;57,94969912358446;58;0,0;0,05030087641554104
103294;Renato Marques;CF;64,0;64,1031357139514;64;0,0;0,10313571395140286
103440;L. Passerini;CF;71,0;71,23086278119172;71;0,0;0,23086278119171766
103449;J. Álvarez;CF;84,0;84,16838401591914;84;0,0;0,16838401591914476
103453;Raúl García;CF;75,0;75,45720743897505;75;0,0;0,4572074389750469
103503;E. Ramos;CF;66,0;65,81776588525825;66;0,0;0,1822341147417461
103513;L. Delap;CF;77,0;76,58083667018823;77;0,0;0,4191633298117665
103582;L. Boyé;CF;77,0;76,68676047467865;77;0,0;0,31323952532135024
103619;Alemão;CF;74,0;73,90609405075074;74;0,0;0,09390594924926177
103643;V. Gandín;CF;60,0;59,640070003008475;60;0,0;0,35992999699152506
103677;John Kennedy;CF;72,0;71,81923159973182;72;0,0;0,1807684002681782
103821;J. Furch;CF;71,0;70,90797120068652;71;0,0;0,09202879931348207
103970;F. Bonazzoli;CF;72,0;72,15910093813253;72;0,0;0,15910093813252502
104067;H. Hernández;CF;72,0;71,74029764207198;72;0,0;0,25970235792802043
104114;K. Bowie;CF;67,0;66,81352601277274;67;0,0;0,18647398722725939
104124;W. Bou;CF;71,0;71,20279932143634;71;0,0;0,20279932143634483
104273;I. Ganago;CF;72,0;71,900389521397;72;0,0;0,09961047860299743
104284;Carlinhos;CF;67,0;67,36563882308067;67;0,0;0,36563882308067264
104293;F. Anselmo;CF;64,0;63,693426625811696;64;0,0;0,30657337418830366
104451;T. Dallinga;CF;74,0;74,49222029312355;74;0,0;0,49222029312355176
104541;R. Borré;CF;74,0;73,99299729549274;74;0,0;0,007002704507257818
104661;K. Barría;CF;67,0;66,89725103529707;67;0,0;0,1027489647029256
104680;D. Solanke;CF;79,0;78,57628269481472;79;0,0;0,42371730518527784
104794;V. Gyökeres;CF;85,0;84,75901147549564;85;0,0;0,2409885245043597
104808;S. Becker;CF;76,0;75,81560792140601;76;0,0;0,1843920785939872
105131;B. Romero;CF;72,0;72,42487154395891;72;0,0;0,4248715439589148
105144;W. Ábila;CF;71,0;71,35723504979617;71;0,0;0,3572350497961736
105188;G. Flores;CF;62,0;62,203510783978146;62;0,0;0,20351078397814604
105202;L. Gamba;CF;68,0;67,91215950024842;68;0,0;0,0878404997515787
105220;L. Díaz;CF;71,0;70,87537165539418;71;0,0;0,12462834460582428
105276;M. Romero;CF;71,0;71,33165711616509;71;0,0;0,33165711616508986
105310;S. Giordana;CF;69,0;69,30942535327696;69;0,0;0,3094253532769642
105313;F. Londoño;CF;66,0;66,49983974074983;66;0,0;0,4998397407498345
105322;E. Ramírez;CF;67,0;67,05149424994228;67;0,0;0,051494249942280135
105391;B. Gerez;CF;59,0;59,03601417076233;59;0,0;0,03601417076232849
105520;C. Tarragona;CF;72,0;72,27874655572865;72;0,0;0,27874655572864526
105583;T. Nasif;CF;69,0;69,44016000796785;69;0,0;0,4401600079678474
106604;Carlos Vinícius;CF;79,0;79,28709694234942;79;0,0;0,2870969423494216
106609;Bruno Henrique;CF;76,0;76,39386203029954;76;0,0;0,3938620302995446
107032;Carlos Martín;CF;70,0;69,71944880290042;70;0,0;0,28055119709958376
107271;Tiquinho Soares;CF;72,0;72,08813518565273;72;0,0;0,0881351856527317
107347;G. Paciência;CF;70,0;69,79600795747074;70;0,0;0,20399204252926495
107590;B. Šeško;CF;79,0;79,28496700562246;79;0,0;0,28496700562246247
107592;V. Bayo;CF;69,0;69,32039950717073;69;0,0;0,32039950717073395
107654;Rony;CF;72,0;71,64501010038494;72;0,0;0,3549898996150631
107674;Guedes;CF;75,0;75,02174018660831;75;0,0;0,02174018660831223
107840;M. Bamba;CF;69,0;68,9256075048096;69;0,0;0,07439249519039492
107854;E. Ünal;CF;74,0;74,39618297082329;74;0,0;0,3961829708232898
107904;A. Bonny;CF;77,0;77,05928751178186;77;0,0;0,05928751178186076
107990;M. Cauteruccio;CF;73,0;73,450964241446;73;0,0;0,4509642414460018
108043;M. Nzola;CF;74,0;73,88627321577175;74;0,0;0,11372678422824833
108069;M. Thuram;CF;84,0;84,4212858258949;84;0,0;0,4212858258948984
108200;Gabriel Jesus;CF;80,0;79,9067056600661;80;0,0;0,09329433993390523
108226;Borja Mayoral;CF;77,0;77,10079439297701;77;0,0;0,10079439297700787
108310;M. Frigan;CF;72,0;72,44492658788461;72;0,0;0,44492658788460915
108395;P. Peter;CF;70,0;69,88217360256994;70;0,0;0,11782639743006484
108401;A. Douvikas;CF;75,0;74,95322516558718;75;0,0;0,04677483441281538
108410;R. Piccoli;CF;75,0;74,9420655006724;75;0,0;0,057934499327600975
108432;M. Cassierra;CF;75,0;74,51884899881466;75;0,0;0,4811510011853386
108657;L. Martínez;CF;87,0;86,74895129098081;87;0,0;0,2510487090191873
108663;T. Perugini;CF;63,0;63,096117124603055;63;0,0;0,09611712460305455
108706;Mama Baldé;CF;66,0;66,08772129530965;66;0,0;0,0877212953096489
108745;M. Estigarribia;CF;68,0;68,08096624796406;68;0,0;0,08096624796405649
108767;R. Rodríguez;CF;69,0;68,63197556579583;69;0,0;0,3680244342041732
108878;Evanilson;CF;79,0;79,04455578897337;79;0,0;0,044555788973369204
108880;D. Pizarro;CF;68,0;68,11353228591223;68;0,0;0,1135322859122283
108983;Nathan Fogaça;CF;68,0;68,12301723104851;68;0,0;0,12301723104850737
108985;O. Édouard;CF;69,0;69,19281649585545;69;0,0;0,19281649585545324
108995;G. Koyalipou;CF;71,0;71,3353065829944;71;0,0;0,33530658299440574
109040;J. Miritello;CF;67,0;67,34988038712409;67;0,0;0,3498803871240881
109114;R. Aguirre;CF;75,0;74,80538967079436;75;0,0;0,19461032920564492
109131;L. Foster;CF;73,0;72,50912254206588;73;0,0;0,4908774579341184
109162;A. González;CF;64,0;64,13425418971424;64;0,0;0,13425418971424108
109243;D. Namaso;CF;72,0;72,20745027777856;72;0,0;0,2074502777785625
109250;Dell;CF;63,0;62,861458539893825;63;0,0;0,1385414601061754
109253;P. Cutrone;CF;67,0;67,4026119967194;67;0,0;0,4026119967194006
109260;H. Diallo;CF;72,0;72,14825506584693;72;0,0;0,14825506584692505
109343;André Silva;CF;75,0;75,30333790419273;75;0,0;0,30333790419273043
109358;D. Mosquera;CF;72,0;72,08634848359684;72;0,0;0,08634848359683645
109474;G. Mikautadze;CF;77,0;77,38178961684058;77;0,0;0,3817896168405781
109536;I. Gueye;CF;68,0;67,8855465054465;68;0,0;0,1144534945535014
109546;A. Camara;CF;63,0;62,8999201006091;63;0,0;0,10007989939089867
109583;D. Romero;CF;72,0;71,53686771776589;72;0,0;0,4631322822341133
109584;J. Dómina;CF;69,0;68,71574782505571;69;0,0;0,28425217494428523
109585;W. Osula;CF;72,0;72,34781565210196;72;0,0;0,3478156521019571
109846;M. Gómez;CF;75,0;75,20069941303787;75;0,0;0,2006994130378672
109996;Beto;CF;75,0;74,90484171315742;75;0,0;0,09515828684257599
110062;Cadu;CF;63,0;63,03700959690653;63;0,0;0,03700959690652894
110161;J. Balza;CF;66,0;66,18357228598519;66;0,0;0,1835722859851927
110211;A. Ruberto;CF;71,0;71,18078735859646;71;0,0;0,18078735859646144
110303;A. Budimir;CF;82,0;82,41123465039037;82;0,0;0,41123465039036944
110431;R. Yaremchuk;CF;76,0;76,24140530812099;76;0,0;0,2414053081209886
110451;Kevin Carlos;CF;72,0;71,85404759117715;72;0,0;0,14595240882285054
110526;N. Mukiele;CF;57,0;56,93926601437293;57;0,0;0,060733985627067
110570;E. Mayenda;CF;72,0;72,20838588039742;72;0,0;0,20838588039741524
110596;Oyarzabal;CF;79,0;79,00456330700577;79;0,0;0,0045633070057675695
110626;O. Dembélé;CF;87,0;86,98649715788125;87;0,0;0,013502842118754188
110635;Rafa Mir;CF;75,0;75,25706629208442;75;0,0;0,2570662920844171
110704;A. Colazo;CF;65,0;64,93697960088383;65;0,0;0,0630203991161693
110718;K. Mbappé;CF;91,0;91,00396796890406;91;0,0;0,003967968904063923
110729;M. Artuira;CF;66,0;65,85614422159124;66;0,0;0,1438557784087635
110838;A. Sørloth;CF;81,0;81,35986687644149;81;0,0;0,35986687644148674
110866;Richarlison;CF;78,0;78,35360464821638;78;0,0;0,3536046482163755
110895;J. García;CF;69,0;68,94912576472878;69;0,0;0,050874235271223256
110904;Eduardo Sasha;CF;73,0;73,0570721688185;73;0,0;0,057072168818493196
110946;M. Al-Nemer;CF;62,0;61,94770832602979;62;0,0;0,05229167397020973
110947;E. Ferguson;CF;75,0;74,6859713716716;75;0,0;0,3140286283284013
110988;P. Magnín;CF;67,0;67,07409755709351;67;0,0;0,07409755709350918
111035;K. Rodríguez;CF;72,0;72,3505396058473;72;0,0;0,3505396058473025
111066;A. Bareiro;CF;74,0;73,8874308184753;74;0,0;0,11256918152470519
111126;N. Pierini;CF;70,0;70,1791944982667;70;0,0;0,1791944982666962
111214;Kaio Jorge;CF;79,0;78,7269635304987;79;0,0;0,27303646950130656
111273;D. Núñez;CF;79,0;79,14112650985952;79;0,0;0,14112650985951802
111277;K. Davis;CF;75,0;74,71319813367884;75;0,0;0,2868018663211558
111286;R. López;CF;71,0;71,0322876269757;71;0,0;0,032287626975701755
111324;T. Molina;CF;74,0;73,62669549247532;74;0,0;0,37330450752467925
111336;Isaac Romero;CF;74,0;73,77863468203898;74;0,0;0,22136531796101622
111343;Mariano;CF;69,0;69,29489428520391;69;0,0;0,2948942852039096
111356;Felipe Vizeu;CF;71,0;71,24704712085573;71;0,0;0,24704712085572567
111408;Pedro;CF;81,0;81,05465276475915;81;0,0;0,05465276475915459
111427;D. Godoy;CF;67,0;67,13561043412078;67;0,0;0,13561043412077822
111483;J. Vignolo;CF;59,0;58,96716340052313;59;0,0;0,03283659947687312
111915;A. Armstrong;CF;72,0;72,0769095718948;72;0,0;0,0769095718948023
111963;D. Porcel;CF;66,0;65,83252241305424;66;0,0;0,16747758694576476
112283;João Pedro;CF;67,0;67,13743523983452;67;0,0;0,13743523983451666
112461;D. Okereke;CF;72,0;71,51023603646587;72;0,0;0,48976396353413065
112509;I. Diabaté;CF;71,0;70,88823338200366;71;0,0;0,11176661799633791
112514;H. Ekitike;CF;86,0;85,79827813316462;86;0,0;0,20172186683538484
112515;J. Panichelli;CF;76,0;75,99783521460678;76;0,0;0,002164785393219404
112589;Aitor Mañas;CF;64,0;64,17174522764074;64;0,0;0,1717452276407414
112593;W. Isidor;CF;74,0;73,99509337070548;74;0,0;0,004906629294524123
112608;Pau Cabanes;CF;64,0;63,925652570289756;64;0,0;0,07434742971024377
112745;Renan Peixoto;CF;68,0;68,46364810131531;68;0,0;0,4636481013153144
112888;U. Fernández;CF;72,0;71,66545727563566;72;0,0;0,33454272436433996
112928;L. Cabrera;CF;65,0;65,41077094945575;65;0,0;0,41077094945575254
112943;A. Azócar;CF;66,0;66,10583919057008;66;0,0;0,10583919057008018
113040;N. Bustos;CF;70,0;69,82807524302326;70;0,0;0,17192475697673615
113041;V. Ramis;CF;64,0;63,782084083335434;64;0,0;0,2179159166645661
113066;T. Abraham;CF;77,0;76,63600413480799;77;0,0;0,36399586519200966
113070;A. Lotti;CF;69,0;69,28045561329199;69;0,0;0,2804556132919913
113080;A. Módica;CF;69,0;68,86011233012692;69;0,0;0,139887669873076
113127;João Pedro;CF;79,0;79,14015843892044;79;0,0;0,14015843892043733
113352;M. Babi;CF;67,0;66,51640254817009;67;0,0;0,4835974518299082
113495;A. Gaich;CF;70,0;69,91363502000185;70;0,0;0,08636497999815163
113502;Y. Wissa;CF;78,0;78,0076666517945;78;0,0;0,007666651794494328
113503;L. Ajorque;CF;69,0;69,335668064976;69;0,0;0,3356680649760051
113507;J. Ajayi;CF;57,0;56,92874297556773;57;0,0;0,07125702443227055
113604;Toni Martínez;CF;77,0;76,65625700452972;77;0,0;0,3437429954702793
113633;F. Oviedo;CF;67,0;67,32463337072484;67;0,0;0,32463337072483966
113679;A. Pinamonti;CF;73,0;72,92519806703227;73;0,0;0,07480193296773052
113714;Z. Roberto;CF;69,0;69,43227372387858;69;0,0;0,43227372387858054
113770;Everaldo;CF;71,0;70,53436899700111;71;0,0;0,46563100299889015
113918;I. Pitta;CF;72,0;71,53180944767861;72;0,0;0,4681905523213885
113979;C. Kouamè;CF;68,0;68,2507942368715;68;0,0;0,25079423687149927
113981;Maroan;CF;72,0;71,59336190457626;72;0,0;0,4066380954237445
114000;T. Awoniyi;CF;75,0;74,98766384785952;75;0,0;0,012336152140477452
114016;M. Terrier;CF;77,0;77,1099622796446;77;0,0;0,10996227964460559
114075;M. Guiu;CF;72,0;71,86336124453747;72;0,0;0,13663875546252768
114084;L. Skjellerup;CF;68,0;67,60661966730697;68;0,0;0,3933803326930274
114092;A. Hausch;CF;66,0;66,15564905685324;66;0,0;0,15564905685323538
114147;C. Adams;CF;78,0;78,23624706667049;78;0,0;0,23624706667048656
114149;J. Ekhator;CF;67,0;66,64642812913131;67;0,0;0,35357187086869146
114168;E. Wahi;CF;73,0;72,93813752231527;73;0,0;0,06186247768472697
114229;S. Mara;CF;70,0;69,65088370617988;70;0,0;0,3491162938201171
114232;Pablo Durán;CF;74,0;73,94198780036493;74;0,0;0,05801219963507265
114283;J. Odgaard;CF;75,0;75,40502135207225;75;0,0;0,40502135207225365
114315;A. Dovbyk;CF;81,0;81,03769343473793;81;0,0;0,03769343473793185
114325;I. Morales;CF;69,0;68,63352024796365;69;0,0;0,36647975203635497
114372;G. Cano;CF;78,0;78,39609894593957;78;0,0;0,3960989459395705
114375;M. Merentiel;CF;77,0;77,11575343374575;77;0,0;0,11575343374575198
114386;M. Pellegrino;CF;70,0;69,5087923381251;70;0,0;0,4912076618748955
114422;Sergio Camello;CF;73,0;72,53285305458347;73;0,0;0,46714694541653046
114463;T. Oluwaseyi;CF;71,0;70,76412591217365;71;0,0;0,2358740878263461
114472;T. Cervera;CF;68,0;68,07457060143383;68;0,0;0,07457060143383387
114503;Igor Jesus;CF;76,0;75,62241751002232;76;0,0;0,3775824899776836
114538;S. Castro;CF;75,0;74,97918960101588;75;0,0;0,020810398984124845
114546;L. Gutiérrez;CF;64,0;63,95839312272781;64;0,0;0,04160687727218715
114558;F. Colidio;CF;73,0;73,07644073999249;73;0,0;0,07644073999249201
114564;Brenner;CF;72,0;72,02600342643878;72;0,0;0,026003426438776955
114567;Isaac;CF;69,0;68,73984479963795;69;0,0;0,26015520036204975
114569;R. Fofana;CF;64,0;64,18004164126208;64;0,0;0,1800416412620791
114576;B. Brobbey;CF;75,0;74,77171320256559;75;0,0;0,22828679743440716
114577;J. Mateta;CF;79,0;79,44646400861288;79;0,0;0,44646400861287816
114578;L. Machine;CF;64,0;64,2478718385075;64;0,0;0,24787183850750694
114597;Mateo Joseph;CF;70,0;70,08297035114823;70;0,0;0,08297035114823359
114606;F. Stojilkovic;CF;67,0;67,3275302776699;67;0,0;0,3275302776698936
114621;W. Cheddira;CF;73,0;72,56669839732582;73;0,0;0,4333016026741774
114624;M. Kean;CF;81,0;81,36048084026359;81;0,0;0,36048084026359106
114633;I. Mammini;CF;66,0;66,21733827122834;66;0,0;0,2173382712283427
114639;P. Hamel;CF;64,0;63,951107785170485;64;0,0;0,04889221482951456
114643;J. David;CF;80,0;80,08382881291838;80;0,0;0,08382881291838373
114663;Calvert-Lewin;CF;75,0;75,11790132488686;75;0,0;0,11790132488685856
114681;F. Camarda;CF;66,0;66,24021677899354;66;0,0;0,24021677899354188
114690;J. Krasso;CF;69,0;69,38806752127347;69;0,0;0,3880675212734701
114714;S. Giménez;CF;77,0;76,74204985091454;77;0,0;0,25795014908545966
114728;N. Krstović;CF;74,0;74,27867636920443;74;0,0;0,27867636920443317
114786;J. Caicedo;CF;72,0;72,2141921253823;72;0,0;0,21419212538229715
114799;A. Sarr;CF;71,0;71,04871346222585;71;0,0;0,04871346222584805
114800;A. Adams;CF;74,0;73,68680892202345;74;0,0;0,31319107797655477
114817;R. Degregorio;CF;66,0;66,15882370813276;66;0,0;0,1588237081327577
114847;G. Orban;CF;74,0;73,51390624544976;74;0,0;0,4860937545502395
114936;R. Fernández;CF;74,0;74,36081991834267;74;0,0;0,3608199183426706
114998;F. Krüger;CF;66,0;65,75785201336568;66;0,0;0,2421479866343219
115030;M. Luna Diale;CF;68,0;68,17115389688968;68;0,0;0,17115389688967753
115079;A. Isak;CF;86,0;85,64544232448074;86;0,0;0,3545576755192599
115117;G. Scamacca;CF;77,0;76,88155631280783;77;0,0;0,11844368719216902
115153;M. Beier;CF;79,0;78,80893839331921;79;0,0;0,19106160668079042
115176;V. Castellanos;CF;77,0;77,04300100601462;77;0,0;0,0430010060146202
115183;V. Dávila;CF;66,0;66,1013170752401;66;0,0;0,1013170752401038
115239;G. Luiz;CF;63,0;63,48034548472724;63;0,0;0,4803454847272377
115254;R. Kolo Muani;CF;79,0;78,69533776112517;79;0,0;0,30466223887482613
115290;G. Borrelli;CF;71,0;70,98481480928362;71;0,0;0,015185190716380248
115330;M. Brondo;CF;68,0;67,97540480666356;68;0,0;0,024595193336438115
115336;L. Beltrán;CF;74,0;74,26729862680314;74;0,0;0,2672986268031394
115393;C. Abeldaño;CF;65,0;65,48204615989863;65;0,0;0,48204615989862987
115543;B. Barticciotto;CF;72,0;71,63173198227767;72;0,0;0,368268017722329
115544;N. Ulariaga;CF;67,0;67,01665955298303;67;0,0;0,016659552983028902
115655;C. Kofane;CF;75,0;74,5725561400568;75;0,0;0,427443859943196
115785;C. Spinelli;CF;71,0;71,21987736000645;71;0,0;0,21987736000644986
115865;N. Mbala;CF;64,0;64,01821607731826;64;0,0;0,018216077318257362
115873;Wallace Yan;CF;63,0;62,80580709479311;63;0,0;0,19419290520689003
115903;L. González;CF;62,0;61,57751387606244;62;0,0;0,4224861239375599
115907;F. Jara;CF;72,0;71,63528508414214;72;0,0;0,36471491585786
115923;Renan Viana;CF;63,0;62,94400454070273;63;0,0;0,055995459297271566
115930;Igor Thiago;CF;80,0;79,72757882815296;80;0,0;0,27242117184704284
115935;R. Rodrigues;CF;68,0;67,63934250953523;68;0,0;0,36065749046477436
115990;Mateus Mané;CF;71,0;71,27948644332363;71;0,0;0,27948644332363415
116053;A. Tosin;CF;72,0;71,60032445218886;72;0,0;0,39967554781114245
116203;A. Véliz;CF;72,0;71,53375209226623;72;0,0;0,46624790773377356
116422;R. Braschi;CF;63,0;62,642710686046456;63;0,0;0,3572893139535438
116449;I. Bravo;CF;66,0;65,7108349233366;66;0,0;0,2891650766633944
116450;L. Lucca;CF;73,0;73,03417697587443;73;0,0;0,03417697587443058
116451;A. Cuello;CF;71,0;70,87920552613119;71;0,0;0,1207944738688127
116485;Yuri Alberto;CF;75,0;75,18421200681466;75;0,0;0,18421200681466132
116489;Karrikaburu;CF;69,0;68,81608094221343;69;0,0;0,18391905778656792
116500;D. Díaz;CF;68,0;68,01729818400027;68;0,0;0,017298184000267725
116577;Abel Ruiz;CF;73,0;72,92765703996996;73;0,0;0,07234296003004204
116588;G. Rodríguez;CF;67,0;67,30357261676676;67;0,0;0,3035726167667576
116604;M. Giménez;CF;71,0;71,02783587820468;71;0,0;0,027835878204683695
116606;E. Lepaul;CF;70,0;70,46643897775368;70;0,0;0,4664389777536826
116620;G. Morales;CF;69,0;69,36806161364775;69;0,0;0,3680616136477539
116633;S. Diop;CF;59,0;58,565600051024234;59;0,0;0,4343999489757664
116672;A. Osorio;CF;68,0;68,41430647195637;68;0,0;0,4143064719563654
116676;V. Vanat;CF;77,0;77,20730559827354;77;0,0;0,20730559827353545
116689;S. Esposito;CF;73,0;73,34576504497186;73;0,0;0,3457650449718557
116690;Y. Zabiri;CF;58,0;58,3508514214981;58;0,0;0,3508514214980991
116696;F. Jainikoski;CF;67,0;66,53785681635625;67;0,0;0,4621431836437466
116721;J. Yeboah;CF;71,0;70,798171905234;71;0,0;0,20182809476600028
116803;D. Vlahović;CF;80,0;79,92725705922663;80;0,0;0,07274294077336663
117038;L. Colombo;CF;72,0;72,08573982642518;72;0,0;0,08573982642518274
117335;M. Arezo;CF;74,0;74,17535321469168;74;0,0;0,17535321469168252
117362;N. Fúnez;CF;66,0;65,80807752492566;66;0,0;0,19192247507433535
117469;T. Perrotta;CF;66,0;65,73404828663077;66;0,0;0,2659517133692333
117492;M. Domenech;CF;65,0;64,62369407486638;65;0,0;0,3763059251336216
117501;C. Arango;CF;76,0;76,32250534902334;76;0,0;0,32250534902334493
117507;Vitor Roque;CF;80,0;79,73030703066813;80;0,0;0,2696929693318708
117510;D. Herazo;CF;69,0;68,97126114518457;69;0,0;0,028738854815429704
117520;Abdón Prats;CF;73,0;72,90211851191687;73;0,0;0,09788148808313224
117524;K. Kelsy;CF;67,0;67,45137878432753;67;0,0;0,451378784327531
117531;Á. Valera;CF;76,0;75,61791964870724;76;0,0;0,38208035129275686
117539;Paulinho;CF;77,0;76,92501197871552;77;0,0;0,0749880212844829
117552;Asier Hierro;CF;63,0;62,5595153656505;63;0,0;0,44048463434950236
117588;André Henrique;CF;66,0;66,23866333628854;66;0,0;0,23866333628853909
117593;J. López;CF;78,0;77,97845054920793;78;0,0;0,021549450792065272
117632;G. Berterame;CF;78,0;77,77499509286878;78;0,0;0,2250049071312219
117670;Á. Rodríguez;CF;73,0;72,56236635244674;73;0,0;0,4376336475532554
117674;K. Etta Eyong;CF;72,0;72,4090693968797;72;0,0;0,40906939687970123
117688;J. Córdoba;CF;75,0;75,3562109289576;75;0,0;0,3562109289575943
117775;J. Flores;CF;64,0;64,00530415760126;64;0,0;0,0053041576012589076
117799;Pedro Henrique;CF;72,0;72,05812818650564;72;0,0;0,05812818650564111
117884;C. Ekuban;CF;69,0;68,96484978769962;69;0,0;0,035150212300379735
117907;J. Hurtado;CF;67,0;66,88229953448169;67;0,0;0,11770046551831115
117916;E. Nketiah;CF;75,0;74,74114628113534;75;0,0;0,2588537188646569
117934;Cucho Hernández;CF;77,0;76,9053504552408;77;0,0;0,09464954475920706
117985;Gonzalo;CF;71,0;71,45561913168967;71;0,0;0,45561913168967294
117987;J. Freitas;CF;67,0;66,83286563901727;67;0,0;0,16713436098272894
118009;K. Retamar;CF;69,0;69,42223286932513;69;0,0;0,4222328693251285
118026;M. Salas;CF;74,0;73,71679625218061;74;0,0;0,2832037478193854
118042;O. Watkins;CF;79,0;79,13730158579123;79;0,0;0,13730158579123497
118081;A. Díaz;CF;69,0;68,61917086783448;69;0,0;0,38082913216551617
118110;A. Gouiri;CF;77,0;77,2842030471816;77;0,0;0,28420304718160594
118155;J. Arias;CF;65,0;64,9944470127659;65;0,0;0,005552987234096918
118203;J. Russell-Rowe;CF;68,0;67,63495104413356;68;0,0;0,3650489558664418
118253;Zito Luvumbo;CF;69,0;69,2242151831311;69;0,0;0,22421518313109345
118262;O. Marmoush;CF;81,0;80,66393771176155;81;0,0;0,33606228823845186
118264;M. Méndez;CF;71,0;71,34146398901528;71;0,0;0,3414639890152813
118336;F. Cabral;CF;65,0;65,27658859929632;65;0,0;0,27658859929631774
118338;P. Brunner;CF;67,0;66,89149165906409;67;0,0;0,10850834093591288
118339;D. Reasco;CF;71,0;70,81438614195511;71;0,0;0,1856138580448885
118354;Iván Romero;CF;73,0;73,32318069967494;73;0,0;0,32318069967493557
118365;L. Heredia;CF;68,0;67,9944435751402;68;0,0;0,005556424859804565
118370;T. Gigena;CF;59,0;59,094951512780234;59;0,0;0,09495151278023428
118438;R. Braschi;CF;58,0;57,9551098916983;58;0,0;0,04489010830170059
118491;N. Woltemade;CF;80,0;79,60837382950294;80;0,0;0,3916261704970623
118518;Izeta;CF;72,0;71,86574490547508;72;0,0;0,13425509452491724
118527;K. Havertz;CF;81,0;80,63413738060132;81;0,0;0,36586261939868336
118532;L. Drummond;CF;64,0;63,79003564928736;64;0,0;0,20996435071263875
118542;L. Moro;CF;69,0;69,11832439487854;69;0,0;0,11832439487854174
118553;M. Cóccaro;CF;69,0;68,9911304743863;69;0,0;0,008869525613704354
118555;Emersonn;CF;66,0;65,90993504660318;66;0,0;0,09006495339681919
118563;N. Jackson;CF;78,0;78,41915653760518;78;0,0;0,41915653760517557
118576;R. Martínez;CF;72,0;72,4394292299127;72;0,0;0,4394292299127045
118577;S. Rodríguez;CF;68,0;68,24520486632531;68;0,0;0,24520486632530947
118581;R. Durosinmi;CF;74,0;73,78216143781225;74;0,0;0,217838562187751
118599;O. Óskarsson;CF;73,0;73,27148070063166;73;0,0;0,2714807006316562
118602;L. Martínez D.;CF;68,0;68,47473225149828;68;0,0;0,47473225149828124
118619;Ryan Francisco;CF;66,0;65,57489124761173;66;0,0;0,42510875238826884
118629;P. Ratkov;CF;69,0;68,70142415369293;69;0,0;0,2985758463070738
118633;K. Furo;CF;65,0;64,51567364952098;65;0,0;0,48432635047902295
118650;N. Elphege;CF;67,0;67,43624891372369;67;0,0;0,4362489137236878
118663;R. Højlund;CF;79,0;78,76062069729348;79;0,0;0,2393793027065243
118712;L. Varaldo;CF;68,0;67,74514682837972;68;0,0;0,2548531716202831
118713;E. Galego;CF;69,0;68,60871327060553;69;0,0;0,39128672939446574
118726;L. Nmecha;CF;75,0;74,7904347540886;75;0,0;0,20956524591140635
118837;Renato Kayser;CF;71,0;71,42263245853624;71;0,0;0,422632458536242
118934;Carlos Espí;CF;73,0;73,08639269917067;73;0,0;0,08639269917067338
118968;Hugo Duro;CF;79,0;78,70824362271233;79;0,0;0,291756377287669
118980;A. Boayar;CF;63,0;62,59791568262709;63;0,0;0,4020843173729105
119097;A. Obando;CF;66,0;66,31894448973222;66;0,0;0,31894448973221756
119114;A. Sarco;CF;67,0;66,77834175735757;67;0,0;0,22165824264243383
119118;R. Vaz;CF;69,0;68,89915816400851;69;0,0;0,10084183599148844
119134;Gui Negão;CF;71,0;71,11959476953638;71;0,0;0,11959476953637704
119780;J. Marabel;CF;70,0;69,78711788689405;70;0,0;0,21288211310594818
119885;N. Fraser;CF;65,0;64,54595018133932;65;0,0;0,4540498186606783
119886;F. Viñas;CF;72,0;72,21963516173082;72;0,0;0,21963516173082098
120295;S. Hidalgo;CF;66,0;65,90399992434823;66;0,0;0,09600007565177293
120299;Endrick;CF;77,0;76,69973635344726;77;0,0;0,30026364655273596
120340;P. Mendy;CF;65,0;64,87241820876275;65;0,0;0,12758179123724744
120360;Álex Forés;CF;69,0;69,46803704773733;69;0,0;0,4680370477373259
120380;J. S. Larsen;CF;76,0;76,34292820683198;76;0,0;0,342928206831985
121238;Chris Ramos;CF;74,0;73,57372359037132;74;0,0;0,4262764096286844
121358;G. Verón;CF;70,0;69,54101690950327;70;0,0;0,45898309049673003
121945;A. Broja;CF;73,0;73,0327559180223;73;0,0;0,032755918022303376
121968;D. Valencia;CF;70,0;69,57508549474697;70;0,0;0,4249145052530281
121998;B. Dadín;CF;68,0;67,57978561340548;68;0,0;0,42021438659452315
122005;N. Okafor;CF;74,0;74,30645196978051;74;0,0;0,30645196978051104
122020;M. Succar;CF;65,0;65,26632393505349;65;0,0;0,2663239350534923
122033;A. Rodríguez;CF;67,0;66,82513233191861;67;0,0;0,1748676680813901
122037;D. Otoya;CF;64,0;63,87922906469331;64;0,0;0,12077093530668748
122288;J. Paredes;CF;64,0;64,2571531911427;64;0,0;0,25715319114270585
122321;C. Algarañaz;CF;68,0;68,49379806165135;68;0,0;0,4937980616513471
122696;L. Marimón;CF;66,0;65,50003831751987;66;0,0;0,4999616824801336
123077;R. Auzmendi;CF;69,0;68,99805096946903;69;0,0;0,0019490305309659561
123729;E. Rodríguez;CF;67,0;67,38222360272798;67;0,0;0,38222360272797573
123749;L. Suárez;CF;77,0;77,31279770907149;77;0,0;0,3127977090714893
124268;J. Tévez;CF;70,0;70,28446166075562;70;0,0;0,28446166075562473
124287;G. Barbosa;CF;65,0;64,87572378353035;65;0,0;0,12427621646965292
262235;Beto;CF;87,0;86,71230950437706;87;0,0;0,2876904956229396
262997;A. Morelos;CF;74,0;74,37029540185969;74;0,0;0,3702954018596927
263107;K. Viveros;CF;75,0;74,84810625039565;75;0,0;0,15189374960435487
263854;Amadeo;CF;89,0;88,52004741889078;89;0,0;0,4799525811092167
263889;F. Batista;CF;72,0;72,0075466733771;72;0,0;0,007546673377106572
278121;C. Renato;CF;67,0;67,20313619909038;67;0,0;0,2031361990903804
303384;M. Silvera;CF;72,0;71,6853754299632;72;0,0;0,31462457003679845
315552;M. Biereth;CF;76,0;76,4725457032101;76;0,0;0,4725457032101019
322889;A. Vaca;CF;61,0;60,57905081802815;61;0,0;0,4209491819718494
325519;A. Abdullahi;CF;61,0;60,98779132746119;61;0,0;0,012208672538811527
325544;N. Guerra;CF;69,0;68,87193338910643;69;0,0;0,12806661089356908
368704;Lucca;CF;67,0;66,62789078530182;67;0,0;0,3721092146981846
368757;M. Hernández;CF;67,0;67,42189107225369;67;0,0;0,42189107225368616
368774;N. Soria;CF;67,0;66,86039689415077;67;0,0;0,13960310584923263
370016;A. Villareal;CF;61,0;61,40588128963845;61;0,0;0,40588128963845094
370144;Z. Amdouni;CF;72,0;72,32597735439784;72;0,0;0,3259773543978355
370190;Fábio Silva;CF;78,0;78,27943704460223;78;0,0;0,27943704460223273
372424;J. Herrera;CF;71,0;70,85807286495822;71;0,0;0,141927135041783
376471;J. Bolívar;CF;67,0;67,15654249898732;67;0,0;0,15654249898732076
376737;F. Noguera;CF;57,0;57,029404966221605;57;0,0;0,029404966221605378
376971;R. Acuña Vera;CF;63,0;62,514981107238036;63;0,0;0,4850188927619641
377184;D. Lacerda;CF;68,0;68,05327855596133;68;0,0;0,053278555961327356
377227;M. Bajamich;CF;67,0;67,4549666579664;67;0,0;0,4549666579663949
377332;H. Meister;CF;70,0;69,9326254485481;70;0,0;0,06737455145190552
377440;M. Hoyos;CF;67,0;67,02845553165953;67;0,0;0,02845553165953163
378296;S. Rodríguez;CF;69,0;68,93672793289537;69;0,0;0,06327206710463429
379219;Kayke;CF;64,0;63,50115693397701;64;0,0;0,49884306602299233
379715;D. Churín;CF;69,0;69,24225393713986;69;0,0;0,2422539371398642
379733;L. Di Yorio;CF;74,0;73,51891946996935;74;0,0;0,48108053003065265
380132;Í. Ávila;CF;70,0;69,92249497733634;70;0,0;0,077505022663658
1073756862;Hulk;CF;76,0;76,0819403518026;76;0,0;0,08194035180260073
1073757878;Hwang Hee Chan;CF;74,0;73,55743682287115;74;0,0;0,4425631771288465
1073783713;Y. El-Arabi;CF;73,0;72,7777106785552;73;0,0;0,22228932144480495
1073847883;A. Auzmendi;CF;70,0;69,58668121847681;70;0,0;0,4133187815231878
1073857253;R. Kida;CF;64,0;63,52950012891748;64;0,0;0,47049987108251656
141;A. Thomasson;CMF;72,0;71,97982763801562;72;0,0;0,020172361984378995
4882;J. Milner;CMF;73,0;73,29856800796121;73;0,0;0,2985680079612081
7802;L. Lima;CMF;64,0;63,76712548926582;64;0,0;0,23287451073417742
7873;Y. Fofana;CMF;79,0;78,73980591704164;79;0,0;0,260194082958364
9238;M. Ramírez;CMF;62,0;61,90557950237259;62;0,0;0,09442049762741078
30012;I. Ilić;CMF;73,0;73,31044838776309;73;0,0;0,31044838776308836
31308;F. Baldassarra;CMF;67,0;66,57147742310534;67;0,0;0,42852257689466455
33604;C. Cásseres;CMF;69,0;69,08450221586327;69;0,0;0,08450221586326734
33878;C. Faya;CMF;66,0;65,50544281120196;66;0,0;0,49455718879804067
33887;S. Lovrić;CMF;73,0;72,68233093081356;73;0,0;0,31766906918643656
34098;L. Modrić;CMF;85,0;84,925458100807;85;0,0;0,07454189919299381
34986;T. Nnadi;CMF;66,0;65,77932633184682;66;0,0;0,22067366815318223
35138;F. Ugrinić;CMF;72,0;72,00328318971329;72;0,0;0,0032831897132865606
35200;L. Mouton;CMF;72,0;71,72444734593334;72;0,0;0,27555265406665796
35250;É. Banega;CMF;74,0;73,82717309463085;74;0,0;0,17282690536914913
35880;J. Sosa;CMF;71,0;71,40627401663387;71;0,0;0,40627401663387275
36336;M. Amarfil;CMF;70,0;70,17819787291766;70;0,0;0,1781978729176643
36714;A. Vidal;CMF;67,0;67,22987333207156;67;0,0;0,22987333207156269
37391;M. Araújo;CMF;68,0;67,80193520135674;68;0,0;0,19806479864325865
38112;Y. Neyou;CMF;76,0;75,53534811654941;76;0,0;0,4646518834505855
38779;Parejo;CMF;79,0;79,12732955742877;79;0,0;0,12732955742876584
38816;João Gomes;CMF;76,0;75,7036535891223;76;0,0;0,2963464108777032
39178;D. Tabibou;CMF;68,0;68,24683177878603;68;0,0;0,24683177878603146
39238;C. Gallagher;CMF;79,0;79,2919556108918;79;0,0;0,29195561089180444
39239;S. Jaurena;CMF;66,0;65,78094528221514;66;0,0;0,2190547177848572
39301;B. Fadiga;CMF;66,0;66,14037293468765;66;0,0;0,14037293468764744
39801;Y. Herrera;CMF;79,0;79,04082821239236;79;0,0;0,04082821239235557
39936;H. Mkhitaryan;CMF;81,0;81,28032211703845;81;0,0;0,2803221170384518
40211;F. Onyeka;CMF;73,0;72,74759618091954;73;0,0;0,25240381908045606
40456;A. Herrera;CMF;75,0;74,81929485774836;75;0,0;0,18070514225163947
40677;A. Grassi;CMF;70,0;69,80539984508447;70;0,0;0,19460015491553406
41120;T. Cairney;CMF;73,0;73,17667429294583;73;0,0;0,17667429294583314
41209;Patrick;CMF;68,0;67,7836488232645;68;0,0;0,21635117673550042
41451;C. Aránguiz;CMF;74,0;73,64329711757387;74;0,0;0,35670288242613424
41570;P. González;CMF;71,0;71,05536474775968;71;0,0;0,05536474775968259
42181;F. Gaibor;CMF;69,0;69,0888831398392;69;0,0;0,08888313983919716
42424;G. Xhaka;CMF;82,0;82,32514312542747;82;0,0;0,3251431254274735
42558;Pepê;CMF;67,0;67,38040360361039;67;0,0;0,3804036036103895
43047;Unai Vencedor;CMF;70,0;70,24422416896456;70;0,0;0,24422416896456411
43135;M. Kovačić;CMF;85,0;84,62170896991556;85;0,0;0,37829103008444065
43230;E. Giménez;CMF;68,0;67,65620269843774;68;0,0;0,34379730156226174
43441;Rodriguinho;CMF;66,0;65,78537324015377;66;0,0;0,21462675984622592
43814;F. Mancuello;CMF;69,0;69,21829360200995;69;0,0;0,2182936020099504
43988;Danielzinho;CMF;75,0;74,78496097839553;75;0,0;0,21503902160446842
44006;M. García;CMF;64,0;64,3707863851328;64;0,0;0,3707863851328028
44171;S. Oliveira;CMF;73,0;72,53844806921066;73;0,0;0,46155193078934076
44527;B. André;CMF;78,0;77,99247933316143;78;0,0;0,00752066683857322
44694;M. Amougou;CMF;71,0;71,0418727995235;71;0,0;0,04187279952350309
44702;R. Barkley;CMF;77,0;76,52378023395362;77;0,0;0,47621976604638405
44743;M. Jensen;CMF;78,0;77,56334457484691;78;0,0;0,4366554251530914
44766;R. Christie;CMF;76,0;75,58457941399661;76;0,0;0,4154205860033926
44797;J. Florentín;CMF;69,0;69,13298379346554;69;0,0;0,13298379346554157
45023;P. Pogba;CMF;75,0;74,94816229447628;75;0,0;0,0518377055237238
45081;H. Diarra;CMF;76,0;76,05542083082494;76;0,0;0,05542083082494287
45111;M. Coulibaly;CMF;71,0;71,28928324139237;71;0,0;0,2892832413923685
45182;J. Akpa-Akpro;CMF;71,0;70,97645890221271;71;0,0;0,023541097787287413
45300;M. Valoti;CMF;69,0;68,84161362507628;69;0,0;0,15838637492372243
45633;Alex Santana;CMF;67,0;67,05134656036549;67;0,0;0,0513465603654879
45780;B. Ndiaye;CMF;63,0;63,32449339000196;63;0,0;0,32449339000196176
45823;M. Vecino;CMF;74,0;74,23838584432613;74;0,0;0,23838584432613175
46025;Jádson;CMF;70,0;70,39236438667143;70;0,0;0,3923643866714315
46093;Pierre;CMF;65,0;65,43650525216701;65;0,0;0,4365052521670094
46208;Mandaca;CMF;70,0;70,47217442504062;70;0,0;0,47217442504062035
46536;J. Ward-Prowse;CMF;72,0;71,99561401895508;72;0,0;0,004385981044919163
46570;Y. Yotún;CMF;67,0;67,47163498305355;67;0,0;0,4716349830535478
46780;Pablo Barrios;CMF;83,0;82,9416170240736;83;0,0;0,05838297592640629
46829;M. Río;CMF;73,0;72,58512454227262;73;0,0;0,41487545772737633
46950;N. Ahamada;CMF;70,0;70,3297766960036;70;0,0;0,3297766960036057
47046;A. Thomasson;CMF;72,0;71,97982763801562;72;0,0;0,020172361984378995
47051;A. Rabiot;CMF;82,0;81,96388015442948;82;0,0;0,036119845570524944
47080;A. Ararat;CMF;59,0;58,801980650950455;59;0,0;0,1980193490495452
47134;S. Perciun;CMF;62,0;61,778877799681496;62;0,0;0,22112220031850427
47183;Alberto Reina;CMF;73,0;72,57159320625904;73;0,0;0,4284067937409617
47194;M. Caqueret;CMF;78,0;78,4572427700174;78;0,0;0,45724277001740177
47374;P. Zieliński;CMF;81,0;80,99359682079779;81;0,0;0,00640317920220923
47409;Lordkipanidze;CMF;61,0;60,59724719537511;61;0,0;0,40275280462488894
47433;A. Gomes;CMF;75,0;74,74516725489323;75;0,0;0,2548327451067678
47568;Paulinho Paula;CMF;71,0;71,4511020939403;71;0,0;0,45110209394030676
47675;M. Bianqui;CMF;64,0;64,43472567151858;64;0,0;0,4347256715185779
47812;Ronald;CMF;69,0;68,67098575335334;69;0,0;0,3290142466466648
47911;G. Costantini;CMF;66,0;65,96180902391339;66;0,0;0,03819097608661082
47929;L. Gómez;CMF;64,0;64,07022743517005;64;0,0;0,07022743517005381
53520;F. Ángel;CMF;67,0;66,90756309387186;67;0,0;0,09243690612814248
53589;J. Méndez;CMF;71,0;70,92487431299749;71;0,0;0,07512568700251165
53913;S. Serdar;CMF;74,0;74,44472171176665;74;0,0;0,4447217117666469
54113;M. Zepeda;CMF;60,0;60,10919585996771;60;0,0;0,10919585996771275
54168;L. Couture;CMF;62,0;62,05179244511514;62;0,0;0,05179244511514014
54384;R. Briones;CMF;68,0;67,75430797022013;68;0,0;0,2456920297798746
54388;P. Mercado;CMF;73,0;73,44128663080313;73;0,0;0,441286630803134
54394;M. Cáceres;CMF;71,0;71,21266424892706;71;0,0;0,21266424892705516
54416;Omar Mascarell;CMF;74,0;73,76004917397137;74;0,0;0,2399508260286325
54441;A. Silva;CMF;67,0;66,64509414202108;67;0,0;0,3549058579789204
54810;A. Tobar;CMF;72,0;72,306621455422;72;0,0;0,3066214554220039
54835;A. Bahachille;CMF;65,0;64,51639582015221;65;0,0;0,4836041798477879
54841;G. Charrupí;CMF;68,0;68,13644667222286;68;0,0;0,1364466722228599
55056;B. González;CMF;64,0;64,26187269575593;64;0,0;0,2618726957559261
55416;K. Mendoza;CMF;64,0;63,54513800216027;64;0,0;0,45486199783972836
55421;C. Martínez;CMF;62,0;61,995010527151855;62;0,0;0,004989472848144771
55531;J. Guzmán;CMF;61,0;61,35997479719894;61;0,0;0,3599747971989373
55661;D. Gómez;CMF;76,0;75,59522338394208;76;0,0;0,4047766160579158
55664;A. Al-Jaber;CMF;64,0;63,670891981586486;64;0,0;0,329108018413514
55696;F. Castro;CMF;68,0;67,85965682277914;68;0,0;0,14034317722085632
55710;F. Saucedo;CMF;68,0;67,8462474682853;68;0,0;0,1537525317147015
55712;J. Nieto;CMF;71,0;70,58103237510456;71;0,0;0,41896762489544415
55738;D. Chávez;CMF;65,0;65,28320393159433;65;0,0;0,2832039315943291
55750;P. Espiga;CMF;68,0;68,28263416018883;68;0,0;0,28263416018883447
55760;Catorce;CMF;70,0;69,71276508343846;70;0,0;0,28723491656154465
55761;M. Galo;CMF;70,0;70,40827757589967;70;0,0;0,4082775758996746
55783;C. Esparragoza;CMF;69,0;69,03729274531533;69;0,0;0,03729274531532667
55803;F. López;CMF;63,0;63,16253281281832;63;0,0;0,16253281281831988
55837;M. Lugo;CMF;68,0;68,32746108981671;68;0,0;0,3274610898167083
55838;J. Medina;CMF;65,0;65,03666079822061;65;0,0;0,03666079822060908
55848;J. Rivas;CMF;68,0;68,35176835463753;68;0,0;0,3517683546375281
55860;P. Lavandeira;CMF;68,0;67,93772231684814;68;0,0;0,06227768315186211
55864;F. Catarozzi;CMF;65,0;64,70932700999765;65;0,0;0,29067299000234925
55906;S. Viveros;CMF;63,0;63,05637685024146;63;0,0;0,05637685024146322
55913;T. O'Connor;CMF;72,0;72,25802794396266;72;0,0;0,2580279439626594
55947;K. González;CMF;63,0;62,74809188568409;63;0,0;0,25190811431590987
55961;R. Carrascal;CMF;71,0;70,88371709850955;71;0,0;0,11628290149045029
55974;D. Victoria;CMF;66,0;66,02280888636105;66;0,0;0,022808886361048053
55986;G. Nápoli;CMF;73,0;72,64973414210694;73;0,0;0,3502658578930635
56022;L. Berrío;CMF;69,0;69,16794222971319;69;0,0;0,16794222971319073
56035;M. García;CMF;70,0;70,47186998379159;70;0,0;0,47186998379159206
56043;J. Zapata;CMF;69,0;69,47355595500503;69;0,0;0,47355595500502545
56049;J. Requena;CMF;68,0;68,29002298427558;68;0,0;0,2900229842755806
56051;C. Calzadilla;CMF;67,0;66,72172318720958;67;0,0;0,2782768127904234
56060;G. Lozano;CMF;61,0;60,684172747670814;61;0,0;0,3158272523291856
56061;L. Wasilewsky;CMF;67,0;66,57667110859839;67;0,0;0,42332889140161
56063;M. Cova;CMF;71,0;71,3387317863443;71;0,0;0,33873178634429735
56065;D. Díaz;CMF;65,0;64,8218138216039;65;0,0;0,1781861783961034
56067;D. Soto;CMF;65,0;64,98180517509653;65;0,0;0,018194824903474682
56118;I. Poblete;CMF;71,0;71,45193985038068;71;0,0;0,45193985038068263
56150;D. Tonetto;CMF;67,0;66,98576874538499;67;0,0;0,01423125461501229
56175;F. Miretti;CMF;76,0;76,00763255387895;76;0,0;0,007632553878949011
56178;P. Monje;CMF;67,0;66,65054056243554;67;0,0;0,3494594375644624
56183;N. Fagioli;CMF;76,0;76,30445620297007;76;0,0;0,3044562029700728
56188;L. Landriel;CMF;63,0;63,19796362458699;63;0,0;0,1979636245869898
56221;J. Torres;CMF;68,0;68,46373583139284;68;0,0;0,4637358313928388
56253;J. Concha;CMF;73,0;72,71600125573387;73;0,0;0,28399874426612826
57212;D. Pereira;CMF;69,0;69,46242367810684;69;0,0;0,4624236781068447
57249;S. Ebonog;CMF;68,0;68,4655548173308;68;0,0;0,46555481733079773
57350;Moi Gómez;CMF;77,0;77,02864302090265;77;0,0;0,02864302090264914
57634;A. Bouaddi;CMF;78,0;77,69877570074989;78;0,0;0,30122429925010863
57639;Á. Madrid;CMF;70,0;70,16466444387386;70;0,0;0,16466444387386048
57643;L. Camara;CMF;77,0;76,9773139401795;77;0,0;0,02268605982050076
57653;M. Villarroel;CMF;66,0;65,86778945439137;66;0,0;0,1322105456086291
57658;F. Cáceres;CMF;70,0;69,71895192760094;70;0,0;0,2810480723990594
57897;G. Villamíl;CMF;71,0;70,55305330002155;71;0,0;0,4469466999784544
57911;M. Céliz;CMF;69,0;69,06508463462046;69;0,0;0,06508463462046166
57917;A. Serna;CMF;68,0;67,76842743106889;68;0,0;0,23157256893111366
57937;L. Bucca;CMF;66,0;66,08922082712628;66;0,0;0,0892208271262831
57944;D. González;CMF;65,0;64,86950889411904;65;0,0;0,1304911058809637
57983;V. Poggi;CMF;70,0;69,78888235388044;70;0,0;0,2111176461195612
57993;S. Rivero;CMF;68,0;67,97654709260608;68;0,0;0,023452907393917144
58021;F. Gino;CMF;67,0;67,39953601316796;67;0,0;0,3995360131679604
58087;J. Intriago;CMF;70,0;69,6463218346366;70;0,0;0,35367816536340513
58092;C. Sejas;CMF;65,0;64,53134793316937;65;0,0;0,46865206683062866
58111;M. Montenegro;CMF;60,0;59,74933590212126;60;0,0;0,2506640978787402
58128;C. Villalba;CMF;67,0;67,47152489503654;67;0,0;0,47152489503653783
58156;E. Godoy;CMF;66,0;66,09470654328918;66;0,0;0,0947065432891776
58216;Y. Mamani;CMF;57,0;57,059048464697014;57;0,0;0,05904846469701397
58268;A. Franco;CMF;67,0;66,72461135570263;67;0,0;0,2753886442973652
58271;J. Dominguez;CMF;68,0;68,15797438940848;68;0,0;0,15797438940847996
58285;E. Darias;CMF;71,0;71,32585105730791;71;0,0;0,32585105730791497
58321;H. Rivera;CMF;69,0;68,88072051938218;69;0,0;0,1192794806178199
58330;H. Martínez;CMF;69,0;68,76431063101455;69;0,0;0,23568936898544735
58353;C. Yucra;CMF;58,0;57,796417546584976;58;0,0;0,20358245341502368
58354;D. Mercado;CMF;60,0;59,763121823321455;60;0,0;0,2368781766785446
58355;C. Suárez;CMF;64,0;64,29931710817023;64;0,0;0,2993171081702286
58399;E. Sánchez;CMF;66,0;65,8103902282682;66;0,0;0,18960977173179572
58401;J. Herrera;CMF;67,0;66,51038823492843;67;0,0;0,48961176507157234
58402;H. Rodríguez;CMF;67,0;66,68136013848797;67;0,0;0,3186398615120254
58413;B. Schamine;CMF;63,0;62,93823824913985;63;0,0;0,06176175086014979
58765;L. Evangelista;CMF;72,0;72,22218518715992;72;0,0;0,22218518715992275
58858;Gustavo Neves;CMF;66,0;66,34463874600955;66;0,0;0,3446387460095508
59188;W. Alarcón;CMF;71,0;70,95406704547703;71;0,0;0,04593295452296786
59229;F. Cornejo;CMF;71,0;71,34547543661081;71;0,0;0,3454754366108119
59399;Nonato;CMF;73,0;72,67323244052368;73;0,0;0,3267675594763233
59400;Á. Cardozo;CMF;69,0;69,36510993342443;69;0,0;0,365109933424435
59547;P. Højbjerg;CMF;80,0;79,71613157076597;80;0,0;0,2838684292340332
59714;A. Mac Allister;CMF;83,0;82,61962768011469;83;0,0;0,3803723198853106
59801;Y. Tielemans;CMF;84,0;83,60510614154347;84;0,0;0,3948938584565269
59802;L. Dendoncker;CMF;73,0;72,80255190315671;73;0,0;0,19744809684328857
59842;M. Sanson;CMF;76,0;75,93421391450062;76;0,0;0,06578608549938281
60038;G. Iñíguez;CMF;65,0;64,89179127573257;65;0,0;0,10820872426742767
60134;F. Zuqui;CMF;73,0;73,41154608554568;73;0,0;0,4115460855456803
60171;L. Menossi;CMF;69,0;69,45133249685016;69;0,0;0,4513324968501564
60213;M. Duarte;CMF;66,0;66,46424468247287;66;0,0;0,46424468247286654
60241;R. De Paul;CMF;82,0;82,30658492411783;82;0,0;0,30658492411782845
60299;N. Fernández;CMF;73,0;72,52024093393915;73;0,0;0,4797590660608506
60337;L. Gil;CMF;72,0;72,23490066515187;72;0,0;0,23490066515186925
60372;W. Montoya;CMF;70,0;69,66593280188263;70;0,0;0,33406719811736707
60380;L. Goretzka;CMF;77,0;77,33854863363587;77;0,0;0,33854863363586674
60561;Miguel Román;CMF;75,0;74,60879324431623;75;0,0;0,3912067556837684
60650;F. Perruzzi;CMF;67,0;66,62739216182968;67;0,0;0,3726078381703246
60666;T. Bottari;CMF;69,0;69,48540250137297;69;0,0;0,4854025013729739
60675;R. Carrera;CMF;73,0;72,69261187319854;73;0,0;0,307388126801456
60835;R. Gagliardini;CMF;71,0;71,21450451306495;71;0,0;0,2145045130649521
60898;C. Vega;CMF;66,0;65,67854124059203;66;0,0;0,3214587594079745
60906;C. Tolisso;CMF;78,0;78,25578025445127;78;0,0;0,25578025445126684
60998;B. Cremaschi;CMF;70,0;69,6735606721472;70;0,0;0,32643932785279617
61010;P. Galdames;CMF;71,0;70,5049392787071;71;0,0;0,49506072129290146
61176;J. Kubicki;CMF;68,0;67,61737379575578;68;0,0;0,3826262042442181
61183;N. Bentaleb;CMF;75,0;75,12559803990013;75;0,0;0,12559803990012597
61481;U. Ortegoza;CMF;70,0;69,80187841511786;70;0,0;0,19812158488214493
63218;João Cruz;CMF;68,0;67,6714821604002;68;0,0;0,3285178395997974
63235;T. Cravero;CMF;64,0;64,47036982292549;64;0,0;0,4703698229254911
63495;Otávio;CMF;81,0;80,79519434744111;81;0,0;0,20480565255888905
63497;Saúl;CMF;75,0;75,25765833936977;75;0,0;0,2576583393697689
63627;Q. Timber;CMF;78,0;78,3151655967474;78;0,0;0,31516559674740563
100259;G. Piccinini;CMF;68,0;67,9539510020443;68;0,0;0,04604899795569395
100334;A. Richardson;CMF;68,0;68,22229123795566;68;0,0;0,22229123795565897
100383;N. El Aynaoui;CMF;75,0;75,30297331686491;75;0,0;0,30297331686490736
100421;Oriol Rey;CMF;73,0;72,85973796018331;73;0,0;0,14026203981669028
100425;J. Vandeputte;CMF;73,0;72,55881124646926;73;0,0;0,4411887535307386
100495;Hércules;CMF;73,0;73,24298756238314;73;0,0;0,24298756238313501
100543;Pepelu;CMF;75,0;74,91532953771731;75;0,0;0,08467046228268771
100586;D. Sotelo;CMF;63,0;63,034358929778364;63;0,0;0,034358929778363745
100618;Pablo Martínez;CMF;74,0;74,3561309523874;74;0,0;0,356130952387403
100735;Moncayola;CMF;78,0;77,98472060110629;78;0,0;0,01527939889371055
100822;P. Capelle;CMF;67,0;67,32856126997541;67;0,0;0,3285612699754097
100830;Y. Musah;CMF;73,0;73,2380851373909;73;0,0;0,23808513739089676
100887;R. Ndiaye;CMF;70,0;70,48390129337969;70;0,0;0,483901293379688
100935;B. Santamaria;CMF;75,0;74,85349725251243;75;0,0;0,14650274748757397
100967;T. Lemar;CMF;76,0;75,92701608105887;76;0,0;0,07298391894113365
101027;W. Hughes;CMF;76,0;76,03393411410661;76;0,0;0,03393411410661429
101097;H. Çalhanoğlu;CMF;83,0;83,31918890662924;83;0,0;0,31918890662923616
101107;S. Sohm;CMF;72,0;71,59052632519382;72;0,0;0,40947367480617913
101110;A. Irving;CMF;73,0;72,8266952917844;73;0,0;0,1733047082155963
101188;G. Abrego;CMF;69,0;68,92043758003811;69;0,0;0,07956241996188851
101195;S. González;CMF;68,0;68,2047417791334;68;0,0;0,20474177913339986
101309;L. Miller;CMF;70,0;69,53346232711571;70;0,0;0,4665376728842858
101485;M. Aleksic;CMF;61,0;61,47453587579923;61;0,0;0,4745358757992335
101600;L. Bergvall;CMF;77,0;76,99244517955051;77;0,0;0,007554820449485078
101838;J. McGinn;CMF;81,0;80,86402902400394;81;0,0;0,13597097599605945
101985;D. Rodríguez;CMF;73,0;72,61299151812783;73;0,0;0,3870084818721722
102022;G. Vega;CMF;69,0;68,74463707635243;69;0,0;0,2553629236475672
102055;E. Camavinga;CMF;82,0;81,53163254169621;82;0,0;0,46836745830378845
102065;M. Collocolo;CMF;71,0;71,3211479219996;71;0,0;0,3211479219995965
102069;Lourenço;CMF;69,0;69,3290580158482;69;0,0;0,3290580158482044
102094;Oier Zarraga;CMF;71,0;70,76852065962257;71;0,0;0,23147934037743312
102299;M. Pérez Curci;CMF;65,0;64,53320078171485;65;0,0;0,46679921828514637
102416;Gumbau;CMF;70,0;70,34095609724629;70;0,0;0,3409560972462913
102526;M. Sabitzer;CMF;79,0;78,76424524127384;79;0,0;0,23575475872615925
102707;Unai López;CMF;75,0;75,29842291879142;75;0,0;0,2984229187914167
102738;L. Mazzitelli;CMF;71,0;71,27971250148492;71;0,0;0,2797125014849229
102829;L. Escalante;CMF;64,0;64,3454158895456;64;0,0;0,3454158895456061
102840;M. Lopez;CMF;73,0;72,9662462843061;73;0,0;0,03375371569390495
102851;E. İlkhan;CMF;68,0;68,41565160538968;68;0,0;0,4156516053896837
103028;F. Marchwiński;CMF;68,0;67,53822532383967;68;0,0;0,4617746761603314
103133;M. Thorsby;CMF;70,0;70,05653783965698;70;0,0;0,05653783965698267
103197;A. Ounahi;CMF;79,0;79,48849279413339;79;0,0;0,48849279413339275
103286;M. Cardillo;CMF;66,0;65,74395870694863;66;0,0;0,2560412930513678
103312;N. Fernández;CMF;70,0;70,10359940960423;70;0,0;0,10359940960422875
103319;N. Oroz;CMF;73,0;72,90308090831596;73;0,0;0,09691909168404322
103372;M. Henrique;CMF;73,0;73,17417661060104;73;0,0;0,1741766106010374
103393;M. Cissé;CMF;63,0;62,918548632576616;63;0,0;0,08145136742338366
103419;J. Nardoni;CMF;76,0;76,00615637690703;76;0,0;0,006156376907028971
103458;M. Kaba;CMF;67,0;67,4075107394766;67;0,0;0,40751073947660643
103477;G. Fabbian;CMF;73,0;72,93118015306173;73;0,0;0,06881984693826837
103588;Rodrigo Nestor;CMF;73,0;72,719124957606;73;0,0;0,2808750423940012
103613;Mikel Merino;CMF;81,0;81,11083679867427;81;0,0;0,11083679867427065
103640;W. Bondo;CMF;71,0;70,89792668288398;71;0,0;0,10207331711602308
103656;Joan Jordán;CMF;73,0;73,13970651978477;73;0,0;0,13970651978476667
103686;N. Barella;CMF;86,0;85,97100177173789;86;0,0;0,02899822826211107
103820;S. Lukić;CMF;76,0;76,04987905311009;76;0,0;0,049879053110089444
103886;Olasagasti;CMF;73,0;72,64938703445503;73;0,0;0,35061296554496835
104093;H. Belkebla;CMF;75,0;75,14834513752243;75;0,0;0,14834513752242628
104277;V. Rongier;CMF;74,0;73,69184921401312;74;0,0;0,30815078598688217
104278;A. Bulatović;CMF;66,0;65,9573676675311;66;0,0;0,04263233246889797
104286;L. Boggio;CMF;72,0;71,99413102191731;72;0,0;0,005868978082688159
104396;C. Pickel;CMF;69,0;69,19599689204551;69;0,0;0,19599689204551396
104502;Hernani;CMF;68,0;67,7828777848179;68;0,0;0,21712221518210129
104519;J. Martínez;CMF;68,0;67,82578926411914;68;0,0;0,17421073588086244
104525;M. Insaurralde;CMF;69,0;68,67660377327867;69;0,0;0,3233962267213286
104527;Gerson;CMF;80,0;79,88722488221946;80;0,0;0,11277511778054361
104594;N. Nández;CMF;75,0;75,43572148032554;75;0,0;0,43572148032554026
104653;H. Boudaoui;CMF;74,0;74,01088436232288;74;0,0;0,01088436232288359
104710;Dani Ceballos;CMF;80,0;80,2977129913736;80;0,0;0,29771299137360074
104722;R. Loftus-Cheek;CMF;80,0;80,4308591927371;80;0,0;0,4308591927371026
104847;S. Becerra;CMF;59,0;59,218486599950324;59;0,0;0,2184865999503245
105082;M. Ellertsson;CMF;71,0;70,77014206832223;71;0,0;0,22985793167777047
105119;E. Ham;CMF;67,0;66,71099310771092;67;0,0;0,2890068922890805
105130;M. Galarza;CMF;72,0;71,7738088400342;72;0,0;0,22619115996579353
105175;A. Soñora;CMF;71,0;71,1756145006639;71;0,0;0,1756145006638974
105233;C. Cabellos;CMF;65,0;64,53205316099191;65;0,0;0,46794683900809275
105326;J. Amoroso;CMF;70,0;70,37652183429468;70;0,0;0,3765218342946781
105359;M. Barrios;CMF;68,0;68,23661425181574;68;0,0;0,23661425181573748
105469;E. Fernández;CMF;85,0;84,58737374923264;85;0,0;0,41262625076736015
106513;E. Martínez;CMF;70,0;70,33293585525958;70;0,0;0,3329358552595778
106571;Matheus Pereira;CMF;72,0;72,4730458386536;72;0,0;0,4730458386536043
106653;J. Piotrowski;CMF;70,0;70,02445876171026;70;0,0;0,024458761710263843
106779;T. Helgason;CMF;67,0;67,49051784183294;67;0,0;0,4905178418329399
106885;J. Gómez Mattar;CMF;65,0;65,01428417387321;65;0,0;0,014284173873207351
106925;M. Palavecino;CMF;61,0;61,19660806074031;61;0,0;0,19660806074031
107027;Ó. López;CMF;61,0;60,790671170947505;61;0,0;0,20932882905249528
107439;P. Vite;CMF;73,0;72,9626883878269;73;0,0;0,03731161217309875
107553;K. Mainoo;CMF;78,0;77,66708902403361;78;0,0;0,3329109759663851
107563;A. Scott;CMF;80,0;80,33145645375019;80;0,0;0,3314564537501923
107645;Éderson;CMF;80,0;80,442753553491;80;0,0;0,4427535534910021
107704;Turrientes;CMF;73,0;73,24852149505958;73;0,0;0,24852149505957755
107771;Y. Felipe;CMF;66,0;65,78408077575926;66;0,0;0,21591922424073573
107851;G. Galoppo;CMF;69,0;69,13205604111663;69;0,0;0,13205604111662694
107911;Javi Muñoz;CMF;73,0;73,10900271144284;73;0,0;0,1090027114428409
107941;D. Van De Beek;CMF;73,0;73,03329419472975;73;0,0;0,03329419472974848
107978;H. Makalou;CMF;62,0;61,50774175756176;62;0,0;0,4922582424382398
108073;Calebe;CMF;72,0;71,57727067184938;72;0,0;0,4227293281506235
108095;L. Miley;CMF;78,0;77,68305008884745;78;0,0;0,3169499111525482
108110;V. Marchetti;CMF;68,0;68,04091812845716;68;0,0;0,04091812845716447
108144;L. Montenegro;CMF;66,0;66,00466569353722;66;0,0;0,004665693537219795
108239;Fabián Ruiz;CMF;85,0;84,94256375614772;85;0,0;0,057436243852279745
108250;T. Bašić;CMF;73,0;73,06446370498678;73;0,0;0,06446370498677823
108272;Terrats;CMF;75,0;74,89407764424854;75;0,0;0,10592235575145992
108312;Dewsbury-Hall;CMF;79,0;79,3671938803287;79;0,0;0,36719388032869915
108402;Zambo Anguissa;CMF;82,0;81,70773005514226;82;0,0;0,29226994485773616
108591;M. Portillo;CMF;70,0;69,96081821631503;70;0,0;0,03918178368496683
108656;M. Rossetto;CMF;68,0;68,38905970698589;68;0,0;0,3890597069858899
108662;F. De Jong;CMF;88,0;87,91618539073608;88;0,0;0,08381460926392492
108726;M. Pittón;CMF;73,0;72,95214722729241;73;0,0;0,0478527727075857
108758;J. Elías;CMF;73,0;72,89272726987014;73;0,0;0,10727273012986416
108826;Andrey Santos;CMF;78,0;77,7563844131391;78;0,0;0,2436155868608978
108876;Gavi;CMF;84,0;83,98237909774922;84;0,0;0,017620902250783388
108890;R. Lezcano;CMF;68,0;68,42276929218826;68;0,0;0,42276929218826353
108952;N. Kovač;CMF;62,0;62,05512912126244;62;0,0;0,055129121262439185
108959;D. Rice;CMF;86,0;85,59979649693824;86;0,0;0,40020350306176056
108966;J. Onana;CMF;70,0;69,91754478134288;70;0,0;0,0824552186571168
109024;Van Den Boomen;CMF;71,0;70,70970953574195;71;0,0;0,2902904642580495
109101;Aleix García;CMF;84,0;84,14807620388339;84;0,0;0,1480762038833916
109152;Rego;CMF;70,0;70,11725539178337;70;0,0;0,11725539178337385
109238;A. Diouf;CMF;73,0;73,22677313918174;73;0,0;0,2267731391817449
109313;O. Mangala;CMF;76,0;75,91296405465924;76;0,0;0,08703594534075876
109504;Àlex Sala;CMF;71,0;71,30819477723152;71;0,0;0,30819477723152033
109517;L. Sučić;CMF;75,0;74,60179131340736;75;0,0;0,3982086865926391
109563;L. Coulibaly;CMF;73,0;73,27934820161845;73;0,0;0,279348201618447
109709;João Neto;CMF;64,0;64,18103018888185;64;0,0;0,18103018888184863
109816;G. Heredia;CMF;65,0;64,9686456304787;65;0,0;0,031354369521295666
109941;A. Deiola;CMF;70,0;70,23663366877845;70;0,0;0,2366336687784525
110083;P. Roberto;CMF;68,0;67,53439874740407;68;0,0;0,4656012525959312
110103;T. Pobega;CMF;72,0;71,80273243533199;72;0,0;0,1972675646680102
110154;Felipinho;CMF;65,0;65,1076231359058;65;0,0;0,10762313590579708
110267;Pablo Ibáñez;CMF;72,0;72,45540349832332;72;0,0;0,45540349832332083
110474;C. Alcaraz;CMF;73,0;72,9818943482755;73;0,0;0,018105651724496852
110549;M. Brescianini;CMF;72,0;71,68694646415115;72;0,0;0,31305353584885154
110582;D. Glaby;CMF;70,0;69,55924457521348;70;0,0;0,4407554247865164
110616;M. Sangaré;CMF;72,0;71,66195478770274;72;0,0;0,3380452122972599
110675;M. Rog;CMF;71,0;70,67105294321858;71;0,0;0,32894705678141634
110687;J. Makengo;CMF;71,0;71,28547599738575;71;0,0;0,2854759973857455
110724;André Luiz;CMF;70,0;70,255652379744;70;0,0;0,25565237974400645
110725;Javi Guerra;CMF;76,0;76,17190011440896;76;0,0;0,17190011440895603
110812;D. Sow;CMF;77,0;76,51756832095782;77;0,0;0,482431679042179
110819;K. Koné;CMF;79,0;79,14304301085099;79;0,0;0,14304301085098814
110852;S. Peña;CMF;71,0;71,4426393148714;71;0,0;0,44263931487139985
110939;T. Iroegbunam;CMF;75,0;74,95047116191022;75;0,0;0,0495288380897847
110965;R. Zalazar;CMF;77,0;77,21323796862198;77;0,0;0,21323796862198208
110984;M. Seoane;CMF;66,0;65,72980906958585;66;0,0;0,2701909304141452
111045;S. Longstaff;CMF;75,0;75,11918939124948;75;0,0;0,1191893912494777
111049;I. Guaraz;CMF;66,0;65,81943762274763;66;0,0;0,18056237725237168
111071;João Neves;CMF;88,0;88,2084265140235;88;0,0;0,20842651402350043
111138;R. Freuler;CMF;80,0;80,3623084513949;80;0,0;0,3623084513948953
111200;Maycon;CMF;72,0;71,58834685570162;72;0,0;0,4116531442983842
111212;João Vitor;CMF;66,0;65,54279953859248;66;0,0;0,457200461407524
111242;G. Zohouri;CMF;64,0;64,3411339337441;64;0,0;0,3411339337441035
111256;E. Akinsanmiro;CMF;69,0;68,98884335638579;69;0,0;0,01115664361421409
111263;Eric Ramires;CMF;73,0;72,73583178283019;73;0,0;0,26416821716981076
111435;K. Danois;CMF;76,0;75,54044134153241;76;0,0;0,4595586584675857
111438;Hyan;CMF;64,0;63,6838005495774;64;0,0;0,31619945042260156
112015;Carlos Soler;CMF;76,0;75,92515635046912;76;0,0;0,07484364953087663
112029;Martim Neto;CMF;74,0;73,91515541159573;74;0,0;0,08484458840426612
112528;Aleix Febas;CMF;79,0;78,51371239334692;79;0,0;0,4862876066530788
112733;Matheus Nunes;CMF;81,0;80,6683760916069;81;0,0;0,3316239083930981
112865;N. Garayalde;CMF;68,0;68,26947244052549;68;0,0;0,26947244052549024
112889;Adrián Bernabé;CMF;74,0;73,79745045680296;74;0,0;0,202549543197037
112900;Erick;CMF;71,0;71,47499604249522;71;0,0;0,47499604249522065
113091;A. Avom;CMF;73,0;73,47500506628158;73;0,0;0,47500506628158234
113312;Fernando Sobral;CMF;64,0;64,28493985785623;64;0,0;0,2849398578562301
113364;Tchê Tchê;CMF;71,0;71,30409668639443;71;0,0;0,30409668639443055
113380;S. Esquivel;CMF;65,0;64,87119787894248;65;0,0;0,1288021210575181
113406;O. Ejaria;CMF;68,0;67,60547174165093;68;0,0;0,39452825834906946
113425;B. Nadir;CMF;73,0;73,3993191646393;73;0,0;0,3993191646392944
113490;Djhordney;CMF;64,0;63,75032325863264;64;0,0;0,2496767413673595
113501;Y. Kechta;CMF;75,0;74,57326345501339;75;0,0;0,4267365449866105
113552;H. Armstrong;CMF;71,0;71,28147322410665;71;0,0;0,281473224106648
113564;R. Sánchez;CMF;71,0;70,59586993039811;71;0,0;0,4041300696018908
113661;C. Jones;CMF;80,0;79,83265225818703;80;0,0;0,16734774181297496
113760;Luis Milla;CMF;80,0;79,65164825853752;80;0,0;0,34835174146247994
113792;M. Berisha;CMF;70,0;69,56220021610802;70;0,0;0,4377997838919754
113840;I. Gómez;CMF;70,0;69,83589036783792;70;0,0;0,16410963216208074
113842;A. Bernede;CMF;74,0;74,36106077540133;74;0,0;0,3610607754013273
113889;I. Moriba;CMF;77,0;77,46251490495712;77;0,0;0,4625149049571178
113904;Y. Belkhdim;CMF;73,0;72,66528944769887;73;0,0;0,3347105523011322
113907;J. Bellegarde;CMF;73,0;73,44926160228218;73;0,0;0,4492616022821778
113911;F. Valverde;CMF;89,0;88,77567122449571;89;0,0;0,22432877550428998
113931;G. Kastanos;CMF;69,0;68,61681006095144;69;0,0;0,38318993904856313
113939;G. Bontempo;CMF;69,0;68,55665960975344;69;0,0;0,44334039024656136
113982;C. Chukwuemeka;CMF;78,0;78,14933227895158;78;0,0;0,14933227895157586
114015;N. Sadiki;CMF;74,0;74,49479214060547;74;0,0;0,49479214060546894
114040;J. Andrada;CMF;67,0;67,14016659091752;67;0,0;0,1401665909175165
114053;T. Ndombélé;CMF;73,0;72,63867067936958;73;0,0;0,3613293206304178
114056;T. Devernois;CMF;60,0;59,70931219388963;60;0,0;0,2906878061103697
114071;B. Munongo;CMF;64,0;63,555362896395195;64;0,0;0,4446371036048049
114089;C. Casadei;CMF;73,0;73,2212044050409;73;0,0;0,22120440504089345
114177;J. Matete;CMF;67,0;67,35829622664967;67;0,0;0,35829622664967076
114205;Lass Kourouma;CMF;65,0;65,28163146382727;65;0,0;0,2816314638272672
114228;P. Augusto;CMF;67,0;67,34060511058387;67;0,0;0,34060511058386567
114239;Manu Morlanes;CMF;77,0;76,61516039463045;77;0,0;0,38483960536954953
114267;Denilson;CMF;70,0;70,37128555522752;70;0,0;0,37128555522751583
114274;Bruno Matias;CMF;65,0;65,15696357386472;65;0,0;0,15696357386471504
114279;Pedro Díaz;CMF;73,0;73,25822080452933;73;0,0;0,25822080452932994
114297;Santi Comesaña;CMF;77,0;77,01353332925603;77;0,0;0,013533329256034676
114331;L. Robertone;CMF;73,0;73,47200053061671;73;0,0;0,472000530616711
114360;F. Loyola;CMF;73,0;73,14393280883267;73;0,0;0,14393280883267323
114425;J. Fazzini;CMF;72,0;71,53104956098781;72;0,0;0,4689504390121897
114439;Y. Maleh;CMF;71,0;71,37247808681508;71;0,0;0,37247808681507877
114562;Japa;CMF;67,0;66,57328186828158;67;0,0;0,42671813171841677
114568;J. Dasilva;CMF;72,0;72,15763763836452;72;0,0;0,15763763836451972
114614;K. Taylor;CMF;76,0;75,64782608534269;76;0,0;0,35217391465731396
114619;S. Mayulu;CMF;77,0;76,59757944616841;77;0,0;0,4024205538315897
114638;M. Guendouzi;CMF;73,0;73,02082928030423;73;0,0;0,020829280304226927
114647;Luis Pacheco;CMF;61,0;61,24089901357118;61;0,0;0,24089901357118038
114691;José Aldo;CMF;72,0;71,96127616498381;72;0,0;0,03872383501618515
114708;D. Coulibaly;CMF;62,0;62,38975085661532;62;0,0;0,38975085661532205
114724;H. Magnetti;CMF;71,0;71,05551448851783;71;0,0;0,05551448851782936
114725;W. Zaïre-Emery;CMF;83,0;83,48994391984112;83;0,0;0,4899439198411244
114731;M. Adopo;CMF;73,0;72,70284819556113;73;0,0;0,2971518044388688
114764;N. Pisilli;CMF;71,0;70,90035188503742;71;0,0;0,09964811496257653
114791;S. Nypan;CMF;72,0;71,82520688014269;72;0,0;0,17479311985731272
114796;L. Ferguson;CMF;76,0;76,41681348334026;76;0,0;0,41681348334026325
114797;O. Sørensen;CMF;72,0;71,61481996466337;72;0,0;0,3851800353366315
114816;J. Yriarte;CMF;66,0;66,31092803090142;66;0,0;0,3109280309014224
114835;D. Fratessi;CMF;78,0;78,16203264339617;78;0,0;0,16203264339617363
114860;A. Grønbæk;CMF;71,0;70,56418683185194;71;0,0;0,4358131681480586
114866;H. N. Caviglia;CMF;73,0;73,10613348050727;73;0,0;0,10613348050726756
114879;Pablo Marín;CMF;75,0;74,65517709119436;75;0,0;0,34482290880563937
114896;P. Masini;CMF;68,0;68,2761811969092;68;0,0;0,2761811969092065
114930;A. Osambela;CMF;66,0;65,98128365755642;66;0,0;0,018716342443582334
114933;P. Sarr;CMF;79,0;79,37975950593022;79;0,0;0,3797595059302239
115044;E. Palacios;CMF;82,0;81,86262273185827;82;0,0;0,13737726814173357
115084;M. Frendrup;CMF;74,0;73,61669024941735;74;0,0;0,3833097505826544
115105;İ. Vural;CMF;66,0;65,8836847604551;66;0,0;0,11631523954490319
115113;J. Bellingham;CMF;75,0;75,1342615197728;75;0,0;0,13426151977280654
115121;V. Méndez;CMF;71,0;70,82841860400538;71;0,0;0,17158139599462174
115146;M. Folorunsho;CMF;72,0;72,14076644698895;72;0,0;0,14076644698894825
115165;Y. Yarmolyuk;CMF;77,0;76,87044521344926;77;0,0;0,1295547865507416
115197;M. O'Riley;CMF;74,0;74,49733814210417;74;0,0;0,4973381421041694
115237;Fidalgo;CMF;78,0;77,73298584056266;78;0,0;0,26701415943733764
115242;J. Devenny;CMF;70,0;70,00894494630957;70;0,0;0,00894494630956899
115243;F. Dele-Bashiru;CMF;73,0;73,16698754230727;73;0,0;0,1669875423072682
115284;B. Barcia;CMF;67,0;67,24494937391694;67;0,0;0,24494937391693838
115535;N. Domínguez;CMF;77,0;76,77721779311929;77;0,0;0,2227822068807086
115542;Hugo Sotelo;CMF;73,0;72,66995608216588;73;0,0;0,3300439178341179
115839;Jean Lucas;CMF;73,0;72,82833551800285;73;0,0;0,1716644819971549
115864;E. Le Fée;CMF;78,0;78,19342381238313;78;0,0;0,19342381238313067
115876;S. El Mourabet;CMF;73,0;73,28463677890898;73;0,0;0,28463677890897543
115905;N. Deossa;CMF;73,0;72,57275991772747;73;0,0;0,4272400822725331
115914;A. Rodríguez;CMF;73,0;72,87238165907044;73;0,0;0,12761834092955837
115922;Vini Paulista;CMF;67,0;66,83738504178692;67;0,0;0,16261495821308358
115933;P. Maghoma;CMF;68,0;67,95199621391419;68;0,0;0,04800378608581468
116051;M. Baturina;CMF;80,0;79,68617685561955;80;0,0;0,31382314438045
116211;Douglas Luiz;CMF;77,0;76,86244172249074;77;0,0;0,13755827750925675
116401;G. Gineitis;CMF;70,0;69,70864011337132;70;0,0;0,2913598866286833
116402;Y. Santiago;CMF;68,0;68,43635773294749;68;0,0;0,43635773294748503
116418;B. Traoré;CMF;71,0;71,20637603932427;71;0,0;0,20637603932426885
116430;Manu Bueno;CMF;67,0;67,05568824220019;67;0,0;0,05568824220019053
116448;Breno Bidon;CMF;78,0;77,70236606483618;78;0,0;0,297633935163816
116455;C. Saco;CMF;66,0;66,11596465749471;66;0,0;0,11596465749471463
116462;Praxedes;CMF;66,0;65,5680694994975;66;0,0;0,4319305005025029
116471;Brais Méndez;CMF;78,0;78,25302343402235;78;0,0;0,25302343402235294
116607;D. Karim;CMF;70,0;70,24146612511045;70;0,0;0,24146612511044907
116679;A. Vermeeren;CMF;77,0;76,57432204412737;77;0,0;0,42567795587262935
116691;P. Gueye;CMF;77,0;77,40870604717416;77;0,0;0,4087060471741637
116743;Gonzalo Villar;CMF;73,0;72,66019477310087;73;0,0;0,33980522689913073
116755;Bahia;CMF;63,0;62,864596309461405;63;0,0;0,13540369053859536
117363;M. Munetsi;CMF;68,0;67,87447163082086;68;0,0;0,12552836917913623
117389;L. Regiardo;CMF;62,0;61,72096843459464;62;0,0;0,27903156540536145
117420;M. Aebischer;CMF;73,0;73,21817288041143;73;0,0;0,21817288041143001
117491;V. Barco;CMF;78,0;78,22594048453284;78;0,0;0,22594048453284188
117496;B. Perlaza;CMF;69,0;68,67589604338218;69;0,0;0,32410395661781877
117521;C. Ndour;CMF;71,0;71,46392934858576;71;0,0;0,46392934858576496
117546;Gabriel Menino;CMF;69,0;68,93523736511361;69;0,0;0,06476263488639233
117563;A. Gomes;CMF;76,0;76,35207529210959;76;0,0;0,3520752921095891
117613;W. McKennie;CMF;77,0;77,06720713430302;77;0,0;0,06720713430301828
117669;N. Buayi-Kiala;CMF;64,0;63,840463003626695;64;0,0;0,15953699637330487
117683;T. Bischof;CMF;76,0;76,29800047339369;76;0,0;0,2980004733936852
117697;Igor Gomes;CMF;72,0;71,579121809743;72;0,0;0,4208781902569996
117756;T. Leiva;CMF;67,0;66,87793270956989;67;0,0;0,12206729043010967
117779;P. Groß;CMF;76,0;76,44323653975721;76;0,0;0,44323653975720845
117784;I. Méndez;CMF;70,0;70,46019348384856;70;0,0;0,4601934838485562
117788;I. Koné;CMF;76,0;75,97465704875451;76;0,0;0,025342951245491463
117796;A. Haidara;CMF;73,0;72,77921885744615;73;0,0;0,22078114255384662
117802;D. Bobadilla;CMF;72,0;71,75737601575807;72;0,0;0,24262398424193066
117917;J. Willock;CMF;76,0;75,68350819514146;76;0,0;0,31649180485854345
117946;O. Vargas;CMF;73,0;72,66159006159425;73;0,0;0,3384099384057464
118053;Figueiredo;CMF;62,0;61,61188219467554;62;0,0;0,3881178053244625
118135;A. Vranckx;CMF;72,0;71,78934622494593;72;0,0;0,21065377505406957
118143;D. Castillo;CMF;70,0;69,69098248383133;70;0,0;0,3090175161686659
118146;L. Mamut;CMF;66,0;65,51530205003095;66;0,0;0,48469794996904625
118186;D. Cissé;CMF;67,0;67,40756001116358;67;0,0;0,4075600111635822
118188;L. González;CMF;70,0;70,27926268612337;70;0,0;0,27926268612337424
118213;M. Camara;CMF;70,0;69,97990982288914;70;0,0;0,02009017711085903
118225;N. Cadiou;CMF;71,0;70,88241848644658;71;0,0;0,11758151355341795
118236;Vitinha;CMF;91,0;91,15655824370587;91;0,0;0,15655824370587368
118274;T. Reijnders;CMF;84,0;84,27912930431516;84;0,0;0,2791293043151626
118284;A. Sánchez;CMF;71,0;71,48607101247163;71;0,0;0,4860710124716263
118306;Carlos Macià;CMF;64,0;63,896534576426774;64;0,0;0,10346542357322619
118313;R. Ríos;CMF;80,0;79,89458024811145;80;0,0;0,10541975188854735
118327;I. Rodríguez;CMF;68,0;68,2845471777453;68;0,0;0,2845471777452957
118344;M. Villasanti;CMF;72,0;72,20057474263811;72;0,0;0,2005747426381106
118348;B. Zapelli;CMF;72,0;71,61882847613019;72;0,0;0,3811715238698099
118353;N. De La Cruz;CMF;74,0;73,61499166861063;74;0,0;0,38500833138937196
118357;E. Iannoni;CMF;68,0;67,54471985104854;68;0,0;0,4552801489514593
118371;Ander Guevara;CMF;73,0;73,49632735994837;73;0,0;0,4963273599483671
118381;Pedri;CMF;92,0;92,27441159826078;92;0,0;0,27441159826078376
118400;M. Payero;CMF;71,0;71,01078420799676;71;0,0;0,01078420799676394
118430;J. Gómez;CMF;70,0;70,44069682980336;70;0,0;0,44069682980335756
118488;Jan Salas;CMF;64,0;63,62244857307445;64;0,0;0,37755142692554955
118501;L. Ríos;CMF;67,0;67,32007508593766;67;0,0;0,32007508593765976
118541;P. Diop;CMF;66,0;65,57473425548332;66;0,0;0,425265744516679
118566;A. Camara;CMF;67,0;67,48083448318627;67;0,0;0,4808344831862712
118570;A. Francis;CMF;66,0;65,99896434538768;66;0,0;0,0010356546123233557
118641;J. Deminguet;CMF;72,0;72,04298695174121;72;0,0;0,04298695174121292
118645;M. Vera;CMF;70,0;70,01666403404909;70;0,0;0,016664034049085785
118683;A. Franco;CMF;74,0;73,54830188294142;74;0,0;0,45169811705858365
118711;A. Montero;CMF;67,0;66,8149745175779;67;0,0;0,18502548242210537
118839;M. Sauer;CMF;68,0;67,57907956699718;68;0,0;0,42092043300282
118939;C. Medina;CMF;76,0;75,60347392329341;76;0,0;0,3965260767065928
119107;O. Gandelman;CMF;69,0;68,78569090246091;69;0,0;0,21430909753908622
119124;J. Sanabria;CMF;73,0;72,88817548181056;73;0,0;0,11182451818943662
119146;E. Cañete;CMF;68,0;67,5784935309947;68;0,0;0,4215064690052941
119152;A. Vossah;CMF;66,0;65,68101540492977;66;0,0;0,31898459507023347
119866;Cauan Barros;CMF;70,0;69,61059393755973;70;0,0;0,38940606244027265
119875;A. Harroui;CMF;70,0;70,22090724233544;70;0,0;0,2209072423354428
120082;Marcos Antônio;CMF;78,0;78,3488022598396;78;0,0;0,34880225983960145
120335;E. Roldán;CMF;67,0;67,35563299230728;67;0,0;0,3556329923072781
121216;G. Lodico;CMF;75,0;74,82516616369253;75;0,0;0,17483383630747085
121255;F. Paradela;CMF;67,0;67,13911017788867;67;0,0;0,13911017788866786
121307;K. Thuram;CMF;80,0;79,70133461383855;80;0,0;0,29866538616144567
121311;A. Almendra;CMF;76,0;75,60017056783954;76;0,0;0,39982943216045896
121960;A. Tóth;CMF;71,0;70,94231551721084;71;0,0;0,05768448278915628
121981;C. Da Silva;CMF;63,0;62,85780509747535;63;0,0;0,1421949025246505
122002;Joelinton;CMF;79,0;79,32694514412164;79;0,0;0,32694514412163755
122323;C. Cermeño;CMF;67,0;66,77703497617668;67;0,0;0,2229650238233205
122341;A. Molinas;CMF;65,0;65,4052245982612;65;0,0;0,4052245982611993
122715;C. Bobadilla;CMF;60,0;59,84248356140038;60;0,0;0,15751643859962172
122933;S. Mendoza;CMF;58,0;57,86194610294964;58;0,0;0,1380538970503622
123067;P. Cari;CMF;64,0;64,49754313912595;64;0,0;0,49754313912595194
123075;C. Paredes;CMF;68,0;68,39379125198059;68;0,0;0,39379125198058773
123751;J. Alfaro;CMF;66,0;65,9462616311167;66;0,0;0,053738368883301746
124281;I. Colman;CMF;71,0;70,7762751943407;71;0,0;0,22372480565930175
262869;Tobías;CMF;66,0;66,49205360931137;66;0,0;0,49205360931136966
263246;Robson Matheus;CMF;67,0;67,47756536495203;67;0,0;0,47756536495202795
263619;Manager;CMF;76,0;75,67066751905666;76;0,0;0,3293324809433358
263643;Laura;CMF;77,0;76,74134049756627;77;0,0;0,2586595024337299
263744;Comisario;CMF;75,0;74,67669870868004;75;0,0;0,32330129131996443
263835;Milton;CMF;88,0;88,23398008047073;88;0,0;0,2339800804707295
264299;Cordobés;CMF;88,0;87,83813703173534;88;0,0;0,16186296826465707
264470;Ratón;CMF;79,0;79,26457892976015;79;0,0;0,2645789297601482
271526;S. Rodríguez;CMF;71,0;71,10763968941484;71;0,0;0,10763968941483881
303378;Larson;CMF;63,0;63,18062289629539;63;0,0;0,18062289629538952
306041;R. Lima;CMF;66,0;66,19274190849097;66;0,0;0,19274190849097295
308100;T. Olase;CMF;63,0;62,57147071097952;63;0,0;0,4285292890204815
308107;A. Ayhuana;CMF;62,0;62,06142919746641;62;0,0;0,061429197466409846
309065;C. Melgar;CMF;70,0;69,61900722415551;70;0,0;0,38099277584449
320929;J. Cavadia;CMF;64,0;64,24095831643672;64;0,0;0,24095831643671772
322922;João Pedro;CMF;64,0;64,1358189385814;64;0,0;0,13581893858139438
323104;M. Gómez;CMF;62,0;61,754954678803536;62;0,0;0,24504532119646427
325621;Zé Rafael;CMF;69,0;69,31283288804613;69;0,0;0,3128328880461311
366795;M. Távara;CMF;70,0;69,53790341005593;70;0,0;0,46209658994406766
368381;M. Sepúlveda;CMF;70,0;70,24437887041927;70;0,0;0,24437887041926842
368758;Arthur;CMF;76,0;76,01223979698064;76;0,0;0,012239796980637152
369670;J. Pereira;CMF;67,0;66,9998614692823;67;0,0;0,0001385307177059758
369675;T. Andrada;CMF;68,0;67,67651134667767;68;0,0;0,3234886533223289
370641;H. Quintana;CMF;67,0;67,4724851078986;67;0,0;0,4724851078986063
370966;A. Zárate;CMF;65,0;64,61883043508752;65;0,0;0,3811695649124829
372417;M. Pérez Guedes;CMF;70,0;69,859703175067;70;0,0;0,140296824933003
375618;H. Calcaterra;CMF;70,0;69,84153819669872;70;0,0;0,1584618033012788
376017;L. Pascual;CMF;64,0;64,07328613691936;64;0,0;0,07328613691936425
376507;F. Moya;CMF;63,0;62,740016999779385;63;0,0;0,2599830002206147
377152;M. Aucca;CMF;64,0;63,643029186345196;64;0,0;0,35697081365480443
377191;I. Sosa;CMF;73,0;72,97830331286417;73;0,0;0,021696687135829507
377271;O. Ngom;CMF;66,0;66,32257490168202;66;0,0;0,3225749016820174
379816;J. Yangali;CMF;64,0;64,10052552156782;64;0,0;0,10052552156781758
1073857563;A. Valverde;CMF;65,0;64,76049304837578;65;0,0;0,23950695162422164
1680;D. Ayala;DMF;68,0;68,47007588472486;68;0,0;0,4700758847248636
4414;K. Sibo;DMF;68,0;68,48283933301214;68;0,0;0,4828393330121372
6959;Yuri Lara;DMF;65,0;65,1628052930073;65;0,0;0,1628052930072954
33302;Z. Lucas;DMF;70,0;69,94727620493244;70;0,0;0,05272379506756408
33817;Hudson;DMF;62,0;62,06472108798565;62;0,0;0,06472108798565301
33909;L. Perez;DMF;68,0;67,59843859836364;68;0,0;0,4015614016363571
34484;Iker Muñoz;DMF;70,0;70,19926451010103;70;0,0;0,19926451010103108
34991;M. Sales;DMF;65,0;64,86270336071922;65;0,0;0,13729663928077684
35033;G. Kamara;DMF;70,0;69,85164080586664;70;0,0;0,14835919413336285
35199;M. Fernandes;DMF;69,0;69,07917905550889;69;0,0;0,07917905550888804
37496;P. Tachtsidis;DMF;67,0;67,11628428520748;67;0,0;0,11628428520748457
37846;Richardson;DMF;65,0;64,61886923223108;65;0,0;0,38113076776892285
37901;T. Rincón;DMF;67,0;66,69072901652768;67;0,0;0,30927098347231663
38475;P. Sučić;DMF;74,0;74,40056986467154;74;0,0;0,40056986467153877
38509;R. Bochi;DMF;67,0;66,99063123690628;67;0,0;0,009368763093718258
38568;S. Busquets;DMF;77,0;76,96665665759978;77;0,0;0,03334334240021519
40179;Nico González;DMF;78,0;77,64585436275527;78;0,0;0,35414563724472714
40225;Antonio Blanco;DMF;74,0;74,44145234779499;74;0,0;0,44145234779499276
40240;N. Matić;DMF;75,0;75,41977930900856;75;0,0;0,4197793090085611
40260;F. Coquelin;DMF;71,0;71,09027770019983;71;0,0;0,0902777001998345
40295;J. Henderson;DMF;77,0;76,71790182346918;77;0,0;0,28209817653082325
40987;J. Karlström;DMF;72,0;71,86557827913283;72;0,0;0,13442172086716653
41082;Koke;DMF;79,0;79,28989313585353;79;0,0;0,28989313585353216
41163;E. Pérez;DMF;72,0;72,3931408831784;72;0,0;0,393140883178404
41428;M. Díaz;DMF;68,0;67,829938307399;68;0,0;0,17006169260099568
41904;J. Chotard;DMF;71,0;70,72926511756457;71;0,0;0,2707348824354341
42575;I. Gueye;DMF;76,0;76,00010689384449;76;0,0;0,00010689384448880901
42589;B. Stambouli;DMF;72,0;71,62030588260059;72;0,0;0,37969411739940995
42669;Casemiro;DMF;78,0;78,04079269024166;78;0,0;0,0407926902416591
43075;G. Kondogbia;DMF;75,0;74,65935532979066;75;0,0;0,3406446702093433
43133;Luiz Gustavo;DMF;69,0;68,99173768884613;69;0,0;0,008262311153870883
43256;Zé Welison;DMF;67,0;66,56447724637904;67;0,0;0,43552275362095827
43752;Richard;DMF;65,0;64,9881232893596;65;0,0;0,01187671064039364
44241;Roni;DMF;65,0;64,6697272005327;65;0,0;0,33027279946729493
44497;E. Ampadu;DMF;76,0;75,72296279966011;76;0,0;0,27703720033989043
44516;É. Ricardo;DMF;65,0;64,8432331597287;65;0,0;0,1567668402713025
44760;A. Varela;DMF;78,0;77,98760944168478;78;0,0;0,012390558315217959
44791;Jair;DMF;68,0;68,16856457804091;68;0,0;0,16856457804091463
45082;B. Deuff;DMF;64,0;63,88472153103011;64;0,0;0,11527846896989047
45356;L. Paredes;DMF;79,0;78,50402079479707;79;0,0;0,4959792052029286
45438;W. Davi;DMF;60,0;59,647674656189764;60;0,0;0,35232534381023584
45576;I. Marcone;DMF;72,0;72,22939683054729;72;0,0;0,22939683054728732
45641;Allan;DMF;73,0;72,66050119156024;73;0,0;0,33949880843975677
45809;D. Rodríguez;DMF;66,0;66,47674273291788;66;0,0;0,4767427329178844
45832;S. Cristóforo;DMF;68,0;67,7068190064761;68;0,0;0,2931809935239045
45868;R. Ortiz;DMF;68,0;68,13726519190595;68;0,0;0,13726519190595354
46021;Gabriel;DMF;71,0;70,73301644244559;71;0,0;0,2669835575544113
46237;William Arão;DMF;71,0;70,72380058361595;71;0,0;0,27619941638404555
46614;Lucas Silva;DMF;73,0;73,16088856966866;73;0,0;0,16088856966865706
46635;P. Fernández;DMF;70,0;70,47822568363136;70;0,0;0,478225683631365
46722;A. Dioussé;DMF;69,0;68,52055172246817;69;0,0;0,47944827753183006
46788;R. De Galarreta;DMF;78,0;78,11758995146307;78;0,0;0,11758995146307427
46825;E. Can;DMF;80,0;79,59469070160226;80;0,0;0,4053092983977393
46866;M. De Roon;DMF;78,0;77,78213332026107;78;0,0;0,2178666797389326
46959;Martinelli;DMF;75,0;74,59656108496026;75;0,0;0,40343891503974305
46990;C. Rivera;DMF;67,0;66,64028468131146;67;0,0;0,35971531868854356
47100;J. Medina;DMF;59,0;59,10992688765512;59;0,0;0,10992688765512071
47129;João Schmidt;DMF;69,0;69,17833617203264;69;0,0;0,17833617203264396
47184;Marc Casadó;DMF;76,0;76,21337947009951;76;0,0;0,21337947009951108
47246;L. Palavecino;DMF;62,0;62,29333560508904;62;0,0;0,293335605089041
47396;M. Brozović;DMF;77,0;77,47212244253171;77;0,0;0,4721224425317132
47398;K. Asllani;DMF;73,0;72,77700055071598;73;0,0;0,22299944928401771
47437;P. Ciss;DMF;74,0;73,89885860672484;74;0,0;0,10114139327515659
47565;Pablo Maia;DMF;70,0;70,26359133054788;70;0,0;0,2635913305478823
47653;D. Giraldo;DMF;68,0;67,57090332014901;68;0,0;0,42909667985098565
47659;Dudu;DMF;66,0;66,18999596218757;66;0,0;0,18999596218756665
47825;L. Romero;DMF;74,0;74,05420066627646;74;0,0;0,05420066627645781
47872;Carvalheira;DMF;68,0;67,93039799222676;68;0,0;0,06960200777324133
47999;D. Torres;DMF;70,0;69,54221454473092;70;0,0;0,4577854552690752
51511;R. Villagra;DMF;72,0;71,59426174353176;72;0,0;0,4057382564682399
54351;G. Celis;DMF;69,0;69,15900631555986;69;0,0;0,15900631555986422
54383;J. Escobar;DMF;68,0;67,59509438729755;68;0,0;0,40490561270244996
54389;J. Arroyo;DMF;62,0;62,43211894163831;62;0,0;0,4321189416383078
54602;P. Ortiz;DMF;59,0;58,66233979087096;59;0,0;0,3376602091290408
54671;J. Valencia;DMF;69,0;69,02125390106978;69;0,0;0,021253901069783865
54698;P. Aquino;DMF;72,0;71,6217773947667;72;0,0;0,3782226052333044
54732;Allan;DMF;71,0;70,98371233499194;71;0,0;0,016287665008064778
54807;J. Castillo;DMF;67,0;67,16730349201964;67;0,0;0,16730349201964145
54854;N. Eliseche;DMF;61,0;60,843114450878275;61;0,0;0,15688554912172492
54856;D. Mendoza;DMF;64,0;63,95437019059029;64;0,0;0,04562980940971073
54860;C. Montaño;DMF;63,0;63,37149614086263;63;0,0;0,3714961408626323
55045;A. Al-Hassan;DMF;67,0;66,55100317360181;67;0,0;0,4489968263981865
55051;A. Al-Khaibari;DMF;68,0;68,0220470054949;68;0,0;0,022047005494897576
55129;D. Moreno;DMF;68,0;67,5347654520139;68;0,0;0,46523454798609976
55443;J. Portilla;DMF;71,0;70,70062656348429;71;0,0;0,29937343651570814
55527;A. Burlamaqui;DMF;65,0;65,27379737044018;65;0,0;0,27379737044017816
55667;D. Ruiz;DMF;66,0;65,88740870464342;66;0,0;0,11259129535658019
55735;L. Flores;DMF;68,0;68,19381263127258;68;0,0;0,19381263127257853
55749;A. Roca;DMF;69,0;68,78717883312913;69;0,0;0,21282116687086727
55762;C. Montero;DMF;71,0;70,84554863723116;71;0,0;0,15445136276883886
55774;K. Minda;DMF;67,0;66,93166628652466;67;0,0;0,06833371347534012
55797;G. González;DMF;68,0;67,96446799064492;68;0,0;0,03553200935508016
55798;C. Ramos;DMF;65,0;64,98991741039936;65;0,0;0,010082589600642677
55806;F. Solé;DMF;65,0;65,3103308211412;65;0,0;0,310330821141207
55813;J. Archimbaud;DMF;66,0;66,37762457516716;66;0,0;0,37762457516716097
55814;V. Rodríguez;DMF;65,0;64,83978334853532;65;0,0;0,16021665146467967
55856;J. Gómez;DMF;63,0;63,07153581276098;63;0,0;0,07153581276097754
55900;F. Ibarra;DMF;73,0;73,20800491078555;73;0,0;0,20800491078554728
55910;M. Martínez;DMF;69,0;69,35078191455877;69;0,0;0,35078191455876606
55951;L. Paz;DMF;66,0;65,52589437282575;66;0,0;0,47410562717425364
55959;É. Balanta;DMF;69,0;68,9555909657402;69;0,0;0,04440903425980025
55960;F. Leys;DMF;67,0;67,01214344072196;67;0,0;0,012143440721956722
55973;N. Arévalo;DMF;68,0;67,7325167084325;68;0,0;0,26748329156750117
55988;M. Ríos;DMF;63,0;62,85326562788711;63;0,0;0,14673437211288842
55992;S. Milano;DMF;63,0;62,54333174380977;63;0,0;0,4566682561902269
56024;H. Loboa;DMF;65,0;64,77459192198198;65;0,0;0,22540807801802032
56025;M. Núñez;DMF;67,0;66,53492645818868;67;0,0;0,46507354181132143
56027;S. Guzmán;DMF;67,0;67,48667327648161;67;0,0;0,48667327648161063
56042;K. Toscano;DMF;65,0;64,67044019670656;65;0,0;0,32955980329343504
56047;I. Perruzzi;DMF;66,0;66,03414942645686;66;0,0;0,03414942645686381
56050;M. Rabuñal;DMF;67,0;67,26083624830682;67;0,0;0,2608362483068163
56151;R. Pérez;DMF;66,0;65,92067409437344;66;0,0;0,07932590562656117
56182;Y. Goitía;DMF;65,0;64,81308929346503;65;0,0;0,18691070653497377
56220;E. Murillo;DMF;67,0;67,15116197445326;67;0,0;0,15116197445325952
56232;K. Toscano;DMF;62,0;62,4906413145346;62;0,0;0,49064131453459936
56234;Y. Velásquez;DMF;69,0;68,80162691477605;69;0,0;0,19837308522394892
56246;J. Murrugarra;DMF;68,0;67,59158740684522;68;0,0;0,40841259315477885
56261;R. Ureña;DMF;71,0;70,7641245566092;71;0,0;0,23587544339079614
57619;B. Bentaberry;DMF;63,0;62,868280809926745;63;0,0;0,13171919007325528
57625;A. Canales;DMF;63,0;63,02071040922382;63;0,0;0,02071040922381684
57648;O. Valenzuela;DMF;65,0;64,72293063322422;65;0,0;0,27706936677577687
57654;H. Cuéllar;DMF;65,0;64,78621267231573;65;0,0;0,21378732768427255
57740;Marc Bernal;DMF;74,0;73,56454371615993;74;0,0;0,4354562838400682
57929;L. Fioravanti;DMF;63,0;63,41705497625037;63;0,0;0,4170549762503697
57931;J. Ríos;DMF;69,0;69,24782956395204;69;0,0;0,24782956395203826
57940;J. Morel;DMF;68,0;68,4543982653539;68;0,0;0,4543982653539018
57941;P. Da Motta;DMF;70,0;70,01987388777042;70;0,0;0,019873887770415877
57943;W. Viera;DMF;63,0;63,25306745165546;63;0,0;0,2530674516554612
57955;J. Rattalino;DMF;62,0;61,56200613257034;62;0,0;0,43799386742966107
57980;M. Puig;DMF;63,0;62,513789302605275;63;0,0;0,4862106973947249
58065;C. Oliva;DMF;73,0;72,767726986907;73;0,0;0,23227301309300685
58102;M. Galindo;DMF;59,0;58,84540700804268;59;0,0;0,15459299195732257
58121;A. Forneris;DMF;65,0;65,37094355324307;65;0,0;0,37094355324306605
58147;E. Martínez;DMF;71,0;71,09541161772911;71;0,0;0,09541161772911266
58157;R. Saravia;DMF;68,0;67,68612697411123;68;0,0;0,31387302588876764
58161;F. Peralta;DMF;67,0;66,6647924004848;67;0,0;0,3352075995152006
58171;Murilo Rhikman;DMF;63,0;63,490624753533226;63;0,0;0,49062475353322554
58173;M. Agámez;DMF;62,0;62,44656827211585;62;0,0;0,44656827211584726
58231;F. Juárez;DMF;66,0;65,76703557576941;66;0,0;0,2329644242305875
58235;Leonai;DMF;65,0;65,45474734036746;65;0,0;0,45474734036746156
58245;J. Trindade;DMF;68,0;68,41689611689483;68;0,0;0,41689611689483286
58249;D. Arroyo;DMF;67,0;66,70580641415916;67;0,0;0,2941935858408442
58307;C. Arce;DMF;63,0;63,37066901630335;63;0,0;0,3706690163033528
58319;R. Herrera;DMF;67,0;66,93906413867526;67;0,0;0,06093586132473661
58329;F. Bussio;DMF;63,0;63,35094026092255;63;0,0;0,35094026092254893
58343;H. Caballero;DMF;68,0;68,44624745716511;68;0,0;0,44624745716511427
58360;A. Medina;DMF;68,0;67,63236468461156;68;0,0;0,36763531538844063
58747;Thiago Mendes;DMF;71,0;71,47402240877636;71;0,0;0,4740224087763636
59179;E. Pulgar;DMF;75,0;74,5739653997053;75;0,0;0,42603460029469886
59265;C. Baeza;DMF;72,0;71,63333214737767;72;0,0;0,3666678526223279
59269;E. Pavez;DMF;65,0;64,84887411916179;65;0,0;0,1511258808382081
59445;R. Echeverria;DMF;72,0;71,5437488729018;72;0,0;0,4562511270981986
59458;Jorginho;DMF;81,0;81,48296335439106;81;0,0;0,4829633543910603
59783;Mario Martín;DMF;71,0;71,40804586914369;71;0,0;0,4080458691436917
59840;L. Abergel;DMF;74,0;74,18583433079306;74;0,0;0,18583433079305678
59963;Mateus Carvalho;DMF;63,0;63,30422172243118;63;0,0;0,30422172243117984
60035;F. Fattori;DMF;74,0;73,79333543572577;74;0,0;0,2066645642742344
60184;E. Ojeda;DMF;69,0;68,67232848092937;69;0,0;0,3276715190706341
60232;B. Zuculini;DMF;68,0;68,04796719983817;68;0,0;0,047967199838168995
60246;E. Fernández;DMF;76,0;75,55059383299992;76;0,0;0,4494061670000775
60273;F. Sánchez;DMF;61,0;61,01870295975487;61;0,0;0,018702959754868687
60293;D. Miloc;DMF;66,0;66,0118187840216;66;0,0;0,011818784021599527
60325;F. Navarro;DMF;71,0;70,97023531219469;71;0,0;0,029764687805311496
60531;Beñat Prados;DMF;75,0;75,1356826984751;75;0,0;0,13568269847509384
60673;G. Rodríguez;DMF;73,0;73,10042797607524;73;0,0;0,10042797607523823
60699;F. Quignón;DMF;70,0;69,9209518105747;70;0,0;0,07904818942529346
60776;Bruno Henrique;DMF;68,0;67,81355467590377;68;0,0;0,18644532409622627
60781;André;DMF;76,0;76,12072581059442;76;0,0;0,120725810594422
60800;Y. Ndayishimiye;DMF;73,0;73,10072863332394;73;0,0;0,10072863332393922
60956;Baralhas;DMF;69,0;68,74603018691556;69;0,0;0,25396981308443856
61182;H. Reed;DMF;71,0;71,21941111644982;71;0,0;0,2194111164498196
61494;G. Cuéllar;DMF;70,0;70,08402873570749;70;0,0;0,08402873570749136
61527;M. Arambarri;DMF;78,0;77,74333037130228;78;0,0;0,2566696286977219
62008;R. Mandragora;DMF;73,0;73,22960704326164;73;0,0;0,2296070432616375
63265;S. Özcan;DMF;71,0;71,01420639189152;71;0,0;0,014206391891519843
63305;M. Keita;DMF;71,0;71,36496769752858;71;0,0;0,36496769752858427
63307;N. Rovella;DMF;77,0;76,72230922415261;77;0,0;0,27769077584738966
63405;F. Bernal;DMF;70,0;70,46206922446193;70;0,0;0,4620692244619278
63520;B. Cristante;DMF;78,0;78,48010346806176;78;0,0;0,4801034680617562
63605;C. Nørgaard;DMF;79,0;78,54302732224875;79;0,0;0,45697267775125283
63679;Y. Gordillo;DMF;66,0;65,69996790748424;66;0,0;0,3000320925157638
100013;C. Protesoni;DMF;71,0;70,77485379219668;71;0,0;0,22514620780331995
100112;D. Cataldi;DMF;76,0;75,5435832029144;76;0,0;0,4564167970855948
100190;Alexsander;DMF;70,0;69,95933430186592;70;0,0;0,04066569813407739
100285;D. Boloca;DMF;71,0;70,96603060706549;71;0,0;0,033969392934508846
100303;Y. Ramadani;DMF;68,0;68,46337536845627;68;0,0;0,46337536845626914
100359;Óscar Valentín;DMF;75,0;74,90109303218989;75;0,0;0,09890696781010888
100393;Gabriel Pires;DMF;69,0;69,02992548555869;69;0,0;0,029925485558692344
100420;M. Marin;DMF;67,0;66,50310660287712;67;0,0;0,49689339712287506
100606;I. Sulemana;DMF;71,0;70,7496172420563;71;0,0;0,25038275794369724
100865;O. El Azzouzi;DMF;69,0;68,96256522686096;69;0,0;0,03743477313904009
100998;I. Gruev;DMF;73,0;72,73270592184643;73;0,0;0,26729407815356865
101203;N. Pelaitay;DMF;64,0;63,70194772761091;64;0,0;0,2980522723890928
101334;N. Kanté;DMF;81,0;81,3937957499054;81;0,0;0,3937957499053937
101342;C. Doucouré;DMF;76,0;75,86758231101945;76;0,0;0,13241768898055284
101398;J. Quiñónez;DMF;67,0;66,82749314075359;67;0,0;0,17250685924641118
101455;Otávio;DMF;67,0;67,15951617496346;67;0,0;0,15951617496345705
101615;T. Partey;DMF;78,0;77,59514221712932;78;0,0;0,4048577828706783
101687;L. Rodríguez;DMF;61,0;61,46272507716776;61;0,0;0,4627250771677609
101958;M. Ugarte;DMF;76,0;76,1929600161562;76;0,0;0,1929600161562064
102110;Rezende;DMF;65,0;65,09608343068923;65;0,0;0,09608343068923375
102139;Caio Alexandre;DMF;73,0;73,01970873149845;73;0,0;0,019708731498454313
102383;L. Ugochukwu;DMF;75,0;74,56027041348634;75;0,0;0,4397295865136641
102629;U. Raghouber;DMF;70,0;70,08091772078;70;0,0;0,08091772077999337
102746;C. Vanhoutte;DMF;75,0;74,75057840521976;75;0,0;0,2494215947802445
102873;Urko González;DMF;73,0;72,66092003683485;73;0,0;0,33907996316514755
102915;R. Tapia;DMF;74,0;73,55442271837295;74;0,0;0,44557728162705246
103038;A. Cubas;DMF;72,0;72,00903372728794;72;0,0;0,009033727287942384
103166;T. Adams;DMF;76,0;76,43982537545189;76;0,0;0,43982537545188904
103207;D. Mosengo;DMF;64,0;63,692125030957286;64;0,0;0,3078749690427145
103403;P. De Paula;DMF;68,0;67,61290103883223;68;0,0;0,38709896116776576
103460;Higor Meritão;DMF;66,0;65,63052808104457;66;0,0;0,3694719189554263
103558;S. Bajcetic;DMF;73,0;73,10001311327102;73;0,0;0,10001311327101803
103631;Rafael Luís;DMF;68,0;67,7525778211365;68;0,0;0,24742217886350204
103667;T. Pérez;DMF;65,0;65,34711989841549;65;0,0;0,3471198984154853
103701;S. Magassa;DMF;71,0;71,22470225863873;71;0,0;0,22470225863872884
103875;M. Caicedo;DMF;86,0;85,67877937684177;86;0,0;0,32122062315822575
103893;M. Amondarain;DMF;69,0;68,95544518165808;69;0,0;0,04455481834192199
103963;S. Vega;DMF;67,0;66,72697569082933;67;0,0;0,27302430917066545
103982;Hugo Moura;DMF;68,0;67,60865430758211;68;0,0;0,39134569241788597
104008;R. Lavia;DMF;76,0;76,20344347278593;76;0,0;0,2034434727859349
104102;L. Bogarde;DMF;72,0;72,43055860173101;72;0,0;0,4305586017310077
104112;L. Vega;DMF;60,0;59,96394827902352;60;0,0;0,036051720976480794
104185;L. Cook;DMF;77,0;76,58365818073283;77;0,0;0,4163418192671742
104201;Evertton Araújo;DMF;68,0;67,86765339544894;68;0,0;0,13234660455105995
104268;K. Castaño;DMF;68,0;68,24426452961994;68;0,0;0,24426452961994016
104271;T. Tessmann;DMF;73,0;73,49657575345518;73;0,0;0,4965757534551756
104388;A. Touré;DMF;72,0;71,64766527321768;72;0,0;0,3523347267823169
104745;S. Amrabat;DMF;77,0;76,62742307529757;77;0,0;0,37257692470242887
105081;V. Janelt;DMF;75,0;75,18661750325204;75;0,0;0,1866175032520374
105121;E. Remedi;DMF;71,0;70,62584486251743;71;0,0;0,3741551374825747
105251;M. Vera;DMF;70,0;69,85985925729301;70;0,0;0,14014074270698984
105270;N. Tripichio;DMF;71,0;71,20098373574665;71;0,0;0,20098373574664663
105278;S. Longo;DMF;69,0;68,71135380963841;69;0,0;0,28864619036158956
105293;G. Giménez;DMF;68,0;68,24371643049035;68;0,0;0,24371643049035185
105297;R. Bentancur;DMF;79,0;78,72174120826556;79;0,0;0,27825879173444434
105329;E. Cecchini;DMF;68,0;67,53031765693464;68;0,0;0,46968234306535805
105513;E. Piovi;DMF;72,0;71,67995543096313;72;0,0;0,32004456903686673
105532;K. López;DMF;68,0;67,71248092864444;68;0,0;0,2875190713555611
105748;N. Watson;DMF;65,0;65,01794092071671;65;0,0;0,01794092071671116
106591;E. Anderson;DMF;80,0;80,12307143989457;80;0,0;0,12307143989457359
106646;B. Pierret;DMF;60,0;59,80411176702448;60;0,0;0,19588823297551983
106749;M. Al-Musrati;DMF;74,0;73,73992138569902;74;0,0;0,2600786143009799
106974;Vesga;DMF;71,0;70,9394086597612;71;0,0;0,060591340238801195
107031;Fabinho;DMF;68,0;67,56839167131768;68;0,0;0,4316083286823158
107414;J. Mwanga;DMF;71,0;70,62200726354507;71;0,0;0,37799273645492804
107451;Lucas Torró;DMF;76,0;75,68593297033641;76;0,0;0,31406702966359035
107548;A. Baldi;DMF;65,0;64,76164281017134;65;0,0;0,23835718982866183
107559;E. Giaccone;DMF;64,0;64,02039548992529;64;0,0;0,020395489925292054
107778;Thiago Maia;DMF;69,0;68,60561916675174;69;0,0;0,39438083324826323
107918;L. Villegas;DMF;64,0;64,31390577259972;64;0,0;0,31390577259972474
107949;M. Locatelli;DMF;81,0;80,91285771097986;81;0,0;0,08714228902013588
107980;A. Touré;DMF;67,0;66,5348668171278;67;0,0;0,46513318287219363
108218;L. Tousart;DMF;68,0;67,79440565279825;68;0,0;0,20559434720175318
108474;Ó. Zambrano;DMF;70,0;69,5692629959668;70;0,0;0,4307370040332046
108523;L. Agoumé;DMF;73,0;73,14269791303147;73;0,0;0,14269791303146917
108525;J. Cullen;DMF;75,0;74,63355667413666;75;0,0;0,3664433258633437
108637;N. Acevedo;DMF;71,0;70,54904557605742;71;0,0;0,45095442394257645
108699;Dário Essugo;DMF;73,0;72,54736719418197;73;0,0;0,4526328058180269
108739;A. Camargo;DMF;68,0;67,89805143866798;68;0,0;0,10194856133202279
108817;Patrick;DMF;61,0;60,82589520038691;61;0,0;0,17410479961309022
108968;K. Rodney;DMF;63,0;63,202576862270476;63;0,0;0,202576862270476
108973;R. Guilherme;DMF;61,0;61,3865406314949;61;0,0;0,3865406314949027
109005;J. Kimmich;DMF;87,0;86,70975717956944;87;0,0;0,2902428204305636
109106;M. Delgado;DMF;72,0;72,4033199344525;72;0,0;0,40331993445249736
109211;M. Galarza;DMF;73,0;72,52027332491835;73;0,0;0,47972667508165046
109232;A. Tamèze;DMF;72,0;71,83160083510495;72;0,0;0,16839916489504958
109266;P. Lees-Melou;DMF;73,0;73,18689722024779;73;0,0;0,18689722024778632
109540;João Palhinha;DMF;80,0;79,78920769451335;80;0,0;0,21079230548664896
109564;I. Sissoko;DMF;72,0;72,10824952328709;72;0,0;0,10824952328708548
109568;Walace;DMF;69,0;68,74150559559224;69;0,0;0,25849440440775595
109582;Zé Ricardo;DMF;65,0;65,26179347213579;65;0,0;0,2617934721357926
109629;M. Uribe;DMF;72,0;71,64737128152504;72;0,0;0,3526287184749606
109914;Ryan;DMF;64,0;64,21680197075587;64;0,0;0,21680197075586705
109947;J. Lerma;DMF;74,0;73,74890919362753;74;0,0;0,25109080637247416
109960;A. Moreno;DMF;74,0;74,36278740958318;74;0,0;0,3627874095831771
110084;C. Baleba;DMF;78,0;77,52909868388167;78;0,0;0,4709013161183293
110319;Johnny Cardoso;DMF;77,0;77,16564564362594;77;0,0;0,16564564362593615
110356;K. Phillips;DMF;73,0;73,28842841612807;73;0,0;0,28842841612807035
110415;E. Rolón;DMF;69,0;68,7123822800978;69;0,0;0,287617719902201
110488;A. Medina;DMF;62,0;61,973458063819095;62;0,0;0,026541936180905168
110495;S. Colombatto;DMF;71,0;71,30772569162863;71;0,0;0,30772569162863306
110505;Jauregizar;DMF;78,0;78,41166619487942;78;0,0;0,411666194879416
110514;A. Jashari;DMF;75,0;75,10520148677799;75;0,0;0,10520148677798602
110557;I. Bennacer;DMF;78,0;77,5693399872361;78;0,0;0,43066001276389443
110562;Ronaldo;DMF;64,0;64,46093808056743;64;0,0;0,4609380805674306
110573;J. Laurent;DMF;71,0;70,95736491146108;71;0,0;0,04263508853891551
110602;L. Picco;DMF;71,0;70,77868246524298;71;0,0;0,22131753475701998
110689;Gourna-Douath;DMF;68,0;68,48813263025701;68;0,0;0,48813263025701303
110699;N. Gudelj;DMF;72,0;72,36432432636101;72;0,0;0,3643243263610145
110728;A. De La Cuesta;DMF;63,0;63,38750937769709;63;0,0;0,3875093776970928
110747;Luan;DMF;65,0;65,15918743264746;65;0,0;0,15918743264745672
110815;Rodri;DMF;86,0;85,73221546566012;86;0,0;0,2677845343398815
110993;G. Acosta;DMF;70,0;69,86868796083344;70;0,0;0,1313120391665592
111028;R. Aliendro;DMF;71,0;71,18266413571538;71;0,0;0,18266413571538465
111074;S. Ascacibar;DMF;74,0;74,4392448660806;74;0,0;0,43924486608059965
111104;A. Bouzat;DMF;71,0;71,40636797617694;71;0,0;0,4063679761769379
111287;F. Mac Allister;DMF;68,0;67,95579493299162;68;0,0;0,04420506700837734
111488;R. Profini;DMF;68,0;67,67454231934472;68;0,0;0,32545768065527625
111803;V. Cantillo;DMF;69,0;68,56357083566863;69;0,0;0,436429164331372
111935;M. Zubimendi;DMF;83,0;83,3273981016667;83;0,0;0,32739810166670225
111964;P. Madero;DMF;58,0;58,373831713719184;58;0,0;0,3738317137191842
111984;M. De Carvalho;DMF;68,0;67,68309770394158;68;0,0;0,3169022960584158
112005;Florentino;DMF;76,0;76,04003140914799;76;0,0;0,04003140914798564
112212;A. Onana;DMF;78,0;77,87957476825189;78;0,0;0,12042523174811492
112218;Y. Bissouma;DMF;75,0;75,35938964156307;75;0,0;0,3593896415630695
112229;N. Mukau;DMF;72,0;71,90055722413125;72;0,0;0,09944277586875216
112539;G. Abregú;DMF;66,0;66,02440256267647;66;0,0;0,024402562676471007
112728;W. Oliveira;DMF;66,0;65,7761768221635;66;0,0;0,22382317783649341
112907;L. Lipani;DMF;68,0;67,62966768150659;68;0,0;0,37033231849341064
113090;A. Atta;DMF;72,0;72,2126191397485;72;0,0;0,21261913974849733
113217;N. Pais;DMF;68,0;67,67960031180056;68;0,0;0,3203996881994442
113271;N. Moro;DMF;73,0;72,63633171816792;73;0,0;0,36366828183207645
113326;A. Cardozo;DMF;71,0;70,86830884788439;71;0,0;0,13169115211560722
113338;D. Zakaria;DMF;78,0;77,56709210738174;78;0,0;0,43290789261826035
113467;Y. Bright;DMF;69,0;68,54465154001643;69;0,0;0,45534845998356843
113628;R. Fernández C.;DMF;69,0;69,41433765112008;69;0,0;0,4143376511200785
113665;T. Alarcón;DMF;69,0;69,21710205212682;69;0,0;0,217102052126819
114034;P. Hellebrand;DMF;72,0;71,56890062931785;72;0,0;0,43109937068214776
114070;Marc Aguado;DMF;72,0;71,53055516601354;72;0,0;0,46944483398645787
114158;T. Morton;DMF;76,0;76,45317326196866;76;0,0;0,4531732619686579
114206;I. Sangaré;DMF;76,0;75,55149283225228;76;0,0;0,4485071677477208
114226;Marc Roca;DMF;77,0;77,24709651687351;77;0,0;0,24709651687351197
114268;Samú Costa;DMF;76,0;75,70393709677518;76;0,0;0,2960629032248221
114298;Fran Beltrán;DMF;75,0;75,29460237285771;75;0,0;0,2946023728577103
114335;B. Leyes;DMF;69,0;69,12249714622477;69;0,0;0,1224971462247737
114345;F. Vera;DMF;73,0;72,84457948664334;73;0,0;0,15542051335665974
114373;N. Schelotto;DMF;66,0;66,12269591745975;66;0,0;0,12269591745975106
114478;J. Sforza;DMF;69,0;68,88032049948013;69;0,0;0,1196795005198652
114502;Ismael;DMF;65,0;65,00015525677964;65;0,0;0,00015525677963523776
114521;Gorrotxa;DMF;74,0;73,75240465697033;74;0,0;0,24759534302967268
114545;M. Højholt;DMF;65,0;64,97843596613585;65;0,0;0,021564033864152066
114551;A. Max;DMF;68,0;68,30803355237063;68;0,0;0,308033552370631
114554;C. Diez;DMF;66,0;65,53499217126529;66;0,0;0,4650078287347128
114555;F. Di Biasi;DMF;66,0;65,77805884145046;66;0,0;0,22194115854954077
114603;M. Esponda;DMF;65,0;64,68177862121155;65;0,0;0,3182213787884507
114645;A. Gray;DMF;75,0;74,73073195781595;75;0,0;0,2692680421840521
114669;C. Gonçalves;DMF;68,0;68,13507564689823;68;0,0;0,1350756468982297
114682;K. Arriaga;DMF;70,0;70,11271295539743;70;0,0;0,1127129553974271
114784;M. Perrone;DMF;74,0;74,40363671749016;74;0,0;0,4036367174901585
114852;L. Otávio;DMF;62,0;62,03191886910933;62;0,0;0,03191886910933306
114880;B. Kamara;DMF;81,0;81,46587716873769;81;0,0;0,46587716873769125
114912;S. Ricci;DMF;77,0;77,09859928084607;77;0,0;0,09859928084607361
114972;Altimira;DMF;75,0;75,33614177652258;75;0,0;0,3361417765225809
114976;S. Fofana;DMF;65,0;65,26224286997254;65;0,0;0,262242869972539
115062;E. Owusu;DMF;71,0;71,46131992132626;71;0,0;0,46131992132626465
115156;Alisson;DMF;70,0;70,15026195319518;70;0,0;0,15026195319518365
115159;V. Balieiro;DMF;63,0;63,051887120428226;63;0,0;0,0518871204282263
115195;D. Neil;DMF;71,0;71,29389735904076;71;0,0;0,29389735904075565
115285;I. Saavedra;DMF;70,0;69,89279905907895;70;0,0;0,1072009409210466
115338;F. Potts;DMF;71,0;70,80448632529384;71;0,0;0,195513674706163
115379;F. Redondo;DMF;70,0;70,03341880243843;70;0,0;0,033418802438433204
115832;R. Andrich;DMF;75,0;75,13576308358952;75;0,0;0,1357630835895236
115844;B. Mendy;DMF;74,0;73,89966287520402;74;0,0;0,10033712479598478
115940;T. Guiacobini;DMF;63,0;63,14146094726284;63;0,0;0,14146094726284275
116066;S. Berge;DMF;77,0;76,81333709722118;77;0,0;0,1866629027788207
116254;S. Lobotka;DMF;82,0;81,59789287595751;82;0,0;0,4021071240424874
116419;R. Belahyane;DMF;68,0;67,79227890111193;68;0,0;0,20772109888807222
116420;M. Courcoul;DMF;68,0;67,58225809728923;68;0,0;0,41774190271077316
116467;M. García;DMF;68,0;67,72745127575926;68;0,0;0,2725487242407354
116468;J. Mosqueira;DMF;69,0;69,27585692456205;69;0,0;0,27585692456204924
116496;M. Morello;DMF;65,0;64,65112186336663;65;0,0;0,34887813663337397
116543;J. Garner;DMF;78,0;78,00977029456304;78;0,0;0,009770294563040238
116565;Y. Konak;DMF;66,0;65,91413601115626;66;0,0;0,08586398884374091
116602;J. López;DMF;66,0;66,35274990808016;66;0,0;0,35274990808015616
116603;S. Moreyra;DMF;68,0;67,58051068201486;68;0,0;0,4194893179851391
116605;S. McTominay;DMF;82,0;81,85058915590966;82;0,0;0,14941084409034033
116628;B. Donio;DMF;61,0;61,23311938693914;61;0,0;0,23311938693913703
117074;M. Oyedele;DMF;69,0;69,18481823592194;69;0,0;0,1848182359219379
117468;N. Fonseca;DMF;71,0;71,14285424361555;71;0,0;0,14285424361554533
117475;A. Wharton;DMF;79,0;79,41583889807913;79;0,0;0,4158388980791301
117498;K. Castaño;DMF;73,0;73,20921969602779;73;0,0;0,20921969602778745
117502;J. Cardozo;DMF;63,0;62,52840580212125;63;0,0;0,47159419787875123
117538;C. Ordóñez;DMF;69,0;68,99918773155166;69;0,0;0,0008122684483424791
117575;Zanocelo;DMF;66,0;65,87532335269516;66;0,0;0,12467664730483818
117579;A. Farías;DMF;65,0;65,16404795624469;65;0,0;0,16404795624468704
117594;F. Peña Biafore;DMF;67,0;67,16860489011104;67;0,0;0,16860489011104107
117735;G. Castillo;DMF;57,0;57,025400345983584;57;0,0;0,025400345983584316
117758;K. Ortiz;DMF;69,0;68,89678872701984;69;0,0;0,10321127298016108
117889;A. Pavlović;DMF;80,0;79,98979991981932;80;0,0;0,01020008018068097
117955;B. Ojeda;DMF;69,0;69,17873952262889;69;0,0;0,17873952262888793
117961;C. Crew;DMF;62,0;62,16433667715455;62;0,0;0,16433667715455158
118021;T. Soucek;DMF;73,0;73,14665323484545;73;0,0;0,146653234845445
118041;N. Estevez;DMF;70,0;70,14811006512112;70;0,0;0,14811006512111646
118098;R. Loaiza;DMF;71,0;70,84987253700479;71;0,0;0,15012746299521496
118102;J. Liteta;DMF;65,0;65,21791080747947;65;0,0;0,21791080747946978
118103;M. Prati;DMF;70,0;70,23144554027945;70;0,0;0,2314455402794522
118171;S. Tonali;DMF;82,0;81,67408815485302;82;0,0;0,325911845146976
118190;C. Gruezo;DMF;72,0;72,19505746895737;72;0,0;0,19505746895737275
118201;A. Stach;DMF;76,0;76,17711889377463;76;0,0;0,17711889377463308
118207;Jorge Cestero;DMF;64,0;64,30646695968554;64;0,0;0,3064669596855367
118208;Dodi;DMF;68,0;67,75502728431981;68;0,0;0,2449727156801913
118270;L. Kal;DMF;67,0;67,07554297859767;67;0,0;0,07554297859766734
118300;M. Fernández;DMF;68,0;68,05950608311991;68;0,0;0,059506083119913455
118305;C. Zabala;DMF;69,0;68,772917817118;69;0,0;0,22708218288200044
118316;T. Koopmeiners;DMF;77,0;77,33633882326558;77;0,0;0,33633882326557796
118335;R. Gravenberch;DMF;84,0;83,81751666967963;84;0,0;0,18248333032036612
118388;Raniele;DMF;71,0;70,82601891834537;71;0,0;0,173981081654631
118462;F. Díaz;DMF;66,0;66,46581623864242;66;0,0;0,46581623864241806
118507;G. Neves;DMF;74,0;73,95370612872327;74;0,0;0,046293871276731124
118551;Pol Lozano;DMF;74,0;74,21269380455904;74;0,0;0,21269380455903786
118558;S. Rosané;DMF;67,0;66,51914274720576;67;0,0;0,4808572527942374
118597;F. Moyano;DMF;67,0;67,27425050898334;67;0,0;0,2742505089833429
118664;M. Wieffer;DMF;75,0;74,71721705930604;75;0,0;0,2827829406939628
118675;J. Castillo;DMF;69,0;68,51830897397808;69;0,0;0,48169102602192027
118697;B. Gilmour;DMF;75,0;75,25593212596031;75;0,0;0,2559321259603138
118698;J. Martínez;DMF;73,0;72,85809349275935;73;0,0;0,14190650724064824
118826;J. Correa;DMF;61,0;60,81156616642097;61;0,0;0,1884338335790332
118844;I. Miramón;DMF;68,0;68,35992157185714;68;0,0;0,3599215718571429
118940;F. Nmecha;DMF;80,0;80,12573915658945;80;0,0;0,12573915658944657
118955;A. Bamba;DMF;68,0;68,33220700037532;68;0,0;0,3322070003753197
118957;T. Belmonte;DMF;71,0;70,82436168937588;71;0,0;0,17563831062412305
118961;D. Peixoto;DMF;62,0;62,18584240581233;62;0,0;0,18584240581233047
118979;A. Camara;DMF;54,0;54,02308159017852;54;0,0;0,023081590178520628
119112;F. Sylla;DMF;62,0;61,70363942745612;62;0,0;0,2963605725438825
119128;M. García;DMF;57,0;57,099006225991914;57;0,0;0,09900622599191422
119782;A. Tchouaméni;DMF;82,0;82,2546373498388;82;0,0;0,25463734983880215
119801;K. Gutiérrez;DMF;71,0;70,96293901907765;71;0,0;0,03706098092234811
119813;L. Rodríguez;DMF;71,0;71,43876944063099;71;0,0;0,4387694406309919
119839;J. Lepenant;DMF;73,0;72,96040971738722;73;0,0;0,03959028261277808
119864;C. Pérez;DMF;68,0;68,22929405303816;68;0,0;0,22929405303815997
119878;Y. Adli;DMF;74,0;74,02766204641048;74;0,0;0,027662046410483754
119884;S. Cordero;DMF;66,0;65,54700685889688;66;0,0;0,4529931411031214
120375;R. Ryller;DMF;66,0;65,67978507011036;66;0,0;0,3202149298896444
120377;S. Abdul Samed;DMF;71,0;70,57165716233888;71;0,0;0,4283428376611198
121200;Charles;DMF;66,0;66,2451990603637;66;0,0;0,24519906036370287
121223;J. Alcívar;DMF;72,0;72,15421419548818;72;0,0;0,15421419548817994
121300;M. González;DMF;65,0;65,13587076117378;65;0,0;0,13587076117377705
121359;S. Sosa;DMF;65,0;65,46520976675232;65;0,0;0,4652097667523236
121371;J. Campuzano;DMF;71,0;70,65838028168976;71;0,0;0,3416197183102412
121995;C. Niasse;DMF;69,0;69,09272567364192;69;0,0;0,09272567364192241
122000;J. Solis;DMF;71,0;70,72887345406696;71;0,0;0,2711265459330434
122008;Camilo;DMF;66,0;65,59878211671744;66;0,0;0,4012178832825555
122016;L. Sasha;DMF;67,0;66,92927235479463;67;0,0;0,07072764520536623
122305;A. Fuentes;DMF;64,0;63,808951251314284;64;0,0;0,19104874868571642
122347;A. González;DMF;63,0;63,10734815048722;63;0,0;0,10734815048721913
122932;L. Romero;DMF;66,0;65,63758946178555;66;0,0;0,3624105382144478
124296;J. Perdomo;DMF;65,0;64,73779115416686;65;0,0;0,2622088458331433
262961;E. Castillo;DMF;61,0;60,902706180385806;61;0,0;0,09729381961419392
263021;V. Pizarro;DMF;72,0;71,88325415705243;72;0,0;0,11674584294756585
263392;Tristán;DMF;68,0;67,64846327996689;68;0,0;0,3515367200331099
263774;Armando;DMF;75,0;75,34519839364788;75;0,0;0,34519839364787686
263885;C. liso;DMF;86,0;85,9941218888345;86;0,0;0,0058781111655008544
264272;Matías;DMF;61,0;60,879918920639405;61;0,0;0,12008107936059531
264281;Lechuga;DMF;86,0;86,28743396204179;86;0,0;0,2874339620417885
297409;Wallisson;DMF;66,0;66,31447770365116;66;0,0;0,3144777036511641
297590;Y. Rodríguez;DMF;67,0;66,76688504796341;67;0,0;0,23311495203658694
303339;L. Justiniano;DMF;69,0;68,51560916705253;69;0,0;0,48439083294746865
307480;E. Rivero;DMF;64,0;64,45404290895536;64;0,0;0,45404290895535837
308028;S. Gomez;DMF;72,0;72,16498751660792;72;0,0;0,16498751660792266
309178;Felipe Negrucci;DMF;63,0;62,74429388017917;63;0,0;0,2557061198208288
320992;Newton;DMF;65,0;65,36238672787326;65;0,0;0,36238672787325754
322888;Á. Campuzano;DMF;68,0;67,95293080709489;68;0,0;0,0470691929051128
364349;I. Wisdom;DMF;64,0;63,90133667386647;64;0,0;0,09866332613353279
366674;Marlon Freitas;DMF;73,0;73,48420379844893;73;0,0;0,4842037984489309
368708;L. Roldán;DMF;67,0;67,06751257971312;67;0,0;0,06751257971312441
368720;G. Henrique;DMF;62,0;62,33220437794;62;0,0;0,3322043779400019
369552;B. Rovira;DMF;69,0;69,20944882239122;69;0,0;0,20944882239122364
369664;G. Cazonatti;DMF;68,0;68,26971126259316;68;0,0;0,26971126259316236
369904;J. Pretell;DMF;68,0;67,8066536799714;68;0,0;0,19334632002859564
373169;K. Vázquez;DMF;68,0;67,92127713376287;68;0,0;0,0787228662371291
373324;D. Moreno;DMF;67,0;67,29183568194009;67;0,0;0,2918356819400856
375611;C. Trujillo;DMF;68,0;68,43543541187856;68;0,0;0,43543541187855794
375732;Danilo;DMF;77,0;76,7159089914855;77;0,0;0,2840910085144941
376949;S. Galani;DMF;65,0;65,47394672018505;65;0,0;0,47394672018505446
378340;Ó. Hernández;DMF;66,0;66,11373901704431;66;0,0;0,11373901704430978
1073758298;W. Endo;DMF;76,0;76,01577990927058;76;0,0;0,015779909270577264
1073779703;Neto Moura;DMF;70,0;69,6766096176693;70;0,0;0,3233903823307003
1073788255;Bruno Guimarães;DMF;84,0;84,3922174404678;84;0,0;0,39221744046780316
1073857391;R. Yates;DMF;74,0;73,67875588660645;74;0,0;0,3212441133935471
1073857486;A. Tanaka;DMF;74,0;73,54620889656462;74;0,0;0,4537911034353783
3673;F. Gattoni;GK;32,0;32,13984977628479;32;0,0;0,139849776284791
4039;Fábio;GK;78,0;77,62558987800793;78;0,0;0,3744101219920708
4583;F. Sanguinetti;GK;67,0;66,70686319856489;67;0,0;0,2931368014351108
6265;H. Valdimarsson;GK;66,0;66,07969417525688;66;0,0;0,07969417525687561
6317;N. Čavlina;GK;64,0;63,648475326472834;64;0,0;0,351524673527166
6480;A. Baroja;GK;66,0;66,19354595996438;66;0,0;0,19354595996438206
6621;S. Perilli;GK;64,0;64,34914385922927;64;0,0;0,3491438592292724
8770;Pedro Cobra;GK;58,0;58,165132608690506;58;0,0;0,16513260869050583
8959;D. Padelli;GK;62,0;62,17493601072998;62;0,0;0,17493601072997933
9226;Pichu Cuéllar;GK;64,0;63,72639202575255;64;0,0;0,2736079742474473
9379;L. Chevalier;GK;79,0;79,140493904074;79;0,0;0,14049390407400608
9416;H. Leite;GK;69,0;68,92183173680363;69;0,0;0,07816826319637471
32386;J. Ruddy;GK;66,0;65,62390538951183;66;0,0;0,37609461048816684
32549;J. Insúa;GK;56,0;55,735967890972006;56;0,0;0,264032109027994
32694;Dani Cárdenas;GK;70,0;70,25774466643975;70;0,0;0,25774466643974847
32780;G. Arias;GK;69,0;69,32222713956014;69;0,0;0,32222713956014104
33185;M. Neuer;GK;80,0;79,55936348410572;80;0,0;0,4406365158942833
34437;L. Fabianski;GK;71,0;70,98792473204304;71;0,0;0,012075267956959124
34638;Á. Montero;GK;74,0;73,85445227426982;74;0,0;0,14554772573018226
34781;A. Meyer;GK;71,0;71,22162419837431;71;0,0;0,22162419837431457
34979;B. Siegrist;GK;67,0;66,97645638081342;67;0,0;0,023543619186582987
35479;M. Di Gregorio;GK;78,0;78,0054548266342;78;0,0;0,005454826634206711
35492;S. Moore;GK;63,0;63,41154314611236;63;0,0;0,41154314611235776
36156;Daniel Fuzato;GK;64,0;64,48791366942469;64;0,0;0,4879136694246853
36627;Y. Sommer;GK;83,0;83,11926194249575;83;0,0;0,11926194249575417
36671;A. Šemper;GK;69,0;68,51157387064723;69;0,0;0,4884261293527743
36703;D. Ospina;GK;72,0;71,90287011347695;72;0,0;0,09712988652304944
36727;F. Muslera;GK;77,0;76,50881409281324;77;0,0;0,49118590718676103
36768;F. Forster;GK;69,0;68,8201769443005;69;0,0;0,17982305569950086
36878;Raúl Fernández;GK;69,0;68,91425983524447;69;0,0;0,08574016475553492
36943;Cássio;GK;73,0;72,51180944643936;73;0,0;0,4881905535606421
36949;S. Romero;GK;69,0;69,0691066290328;69;0,0;0,0691066290328024
37149;A. Desábato;GK;67,0;67,34281976176669;67;0,0;0,34281976176669104
37260;Keiller;GK;62,0;62,0623393769162;62;0,0;0,062339376916199285
37289;J. Steele;GK;70,0;70,21163749818359;70;0,0;0,2116374981835918
37506;J. García;GK;63,0;63,24045266177199;63;0,0;0,24045266177198954
37862;C. Toselli;GK;65,0;65,14083310852946;65;0,0;0,1408331085294634
37976;B. Bertinato;GK;61,0;60,69044252463855;61;0,0;0,3095574753614514
38192;Cleiton;GK;69,0;68,59153616976658;69;0,0;0,4084638302334156
38422;Anthoni;GK;67,0;67,07048168680605;67;0,0;0,0704816868060476
38534;F. Miguel;GK;66,0;66,09363200778552;66;0,0;0,09363200778551573
38630;V. Guaita;GK;74,0;74,06217094708788;74;0,0;0,0621709470878784
38640;J. González;GK;63,0;62,51297394648871;63;0,0;0,48702605351129336
38778;G. Marinelli;GK;65,0;65,33227858495852;65;0,0;0,3322785849585159
38831;Tomazella;GK;61,0;61,38737215815719;61;0,0;0,3873721581571914
39278;Ó. Ustari;GK;72,0;71,90834146028318;72;0,0;0,0916585397168177
39786;C. Lampe;GK;70,0;70,04031973393202;70;0,0;0,04031973393202293
39804;M. Silva;GK;66,0;66,27291498290916;66;0,0;0,27291498290915683
40525;M. Perin;GK;75,0;74,85265844583905;75;0,0;0,14734155416094552
40571;De Gea;GK;81,0;81,40490248558288;81;0,0;0,40490248558288044
40585;M. Okoye;GK;71,0;70,88321032233057;71;0,0;0,1167896776694306
40735;J. Papaleo;GK;66,0;65,50544068330632;66;0,0;0,4945593166936817
40937;W. Szczęsny;GK;80,0;79,8599722553908;80;0,0;0,1400277446091991
40990;Anthony Lopes;GK;74,0;73,56586702777149;74;0,0;0,434132972228511
41204;Rafael;GK;73,0;73,05950798679781;73;0,0;0,05950798679781144
41235;G. Átila;GK;58,0;58,015326381895804;58;0,0;0,01532638189580382
41522;R. Ríos Novo;GK;60,0;59,96743029149988;60;0,0;0,03256970850011953
41548;J. Espínola;GK;66,0;66,38250459979633;66;0,0;0,38250459979633433
41595;E. Bologna;GK;66,0;65,75278030806933;66;0,0;0,24721969193066684
41688;K. Mier;GK;72,0;72,20480565211453;72;0,0;0,20480565211452983
42539;M. Bizot;GK;75,0;74,85648237590927;75;0,0;0,14351762409073388
42821;B. Lecomte;GK;71,0;71,43373762661237;71;0,0;0,4337376266123698
42825;A. Areola;GK;73,0;73,35349509328033;73;0,0;0,3534950932803298
42839;Everson;GK;75,0;75,36655239248593;75;0,0;0,36655239248592864
42846;N. Leali;GK;70,0;70,23879428474538;70;0,0;0,23879428474538145
43001;M. Campaña;GK;69,0;69,42858415062955;69;0,0;0,4285841506295469
43202;Neto;GK;69,0;69,43297051086631;69;0,0;0,432970510866312
43211;M. Dmitrović;GK;77,0;77,2739272313836;77;0,0;0,2739272313835954
43380;A. Domínguez;GK;70,0;70,22601066160298;70;0,0;0,22601066160298444
43398;Lucão;GK;64,0;64,13367131175083;64;0,0;0,13367131175083102
43643;A. Mirbach;GK;55,0;55,34638408013125;55;0,0;0,34638408013125144
43694;Gabriel;GK;67,0;67,19422365738707;67;0,0;0,19422365738707015
43773;S. Moyano;GK;68,0;68,01787850532844;68;0,0;0,017878505328440042
43896;N. Cláa;GK;56,0;56,22672813605615;56;0,0;0,2267281360561526
44023;P. Gallese;GK;71,0;71,37778696662943;71;0,0;0,37778696662942934
44037;A. Aguerre;GK;67,0;66,86569773622384;67;0,0;0,1343022637761635
44104;J. Oblak;GK;85,0;85,09441286758931;85;0,0;0,09441286758931255
44383;T. Courtois;GK;87,0;87,17515111653795;87;0,0;0,1751511165379469
44591;G. Zacchi;GK;59,0;58,94800363841839;59;0,0;0,05199636158160814
44802;Léo Jardim;GK;75,0;75,08389638987683;75;0,0;0,08389638987682702
45041;P. Terracciano;GK;75,0;75,17194364677275;75;0,0;0,1719436467727462
45078;D. Léon;GK;74,0;73,60708267082313;74;0,0;0,3929173291768677
45106;M. Gorgelin;GK;58,0;57,68136626841927;58;0,0;0,31863373158073216
45144;B. Leno;GK;76,0;76,3604856292417;76;0,0;0,36048562924169403
45292;N. Törnqvist;GK;70,0;69,86490646996842;70;0,0;0,13509353003158253
45442;J. De Lange;GK;71,0;70,6082908234941;71;0,0;0,3917091765058984
45660;L. Barraza;GK;63,0;63,224538577449465;63;0,0;0,22453857744946504
45674;F. Armani;GK;71,0;71,35774782577525;71;0,0;0,3577478257752489
47114;A. Murić;GK;72,0;71,73697717850347;72;0,0;0,2630228214965342
47143;W. Falcone;GK;80,0;79,6728981634061;80;0,0;0,32710183659389713
47207;Álex Padilla;GK;67,0;66,51849520788161;67;0,0;0,48150479211838615
47237;P. Gazzaniga;GK;75,0;74,94572328052239;75;0,0;0,054276719477613256
47242;Kepa;GK;76,0;76,0342501681282;76;0,0;0,034250168128195924
47250;Adrián;GK;69,0;69,24683764629965;69;0,0;0,2468376462996531
47286;J. Pickdord;GK;82,0;81,7796454208014;82;0,0;0,2203545791985988
47406;Joan García;GK;84,0;83,7336271812453;84;0,0;0,26637281875470364
47529;B. Samba;GK;65,0;64,80210213645256;65;0,0;0,1978978635474391
47540;Rafael Santos;GK;64,0;63,677137684685945;64;0,0;0,3228623153140546
47550;K. Johnsson;GK;66,0;66,45462201759003;66;0,0;0,45462201759002596
47557;H. Galíndez;GK;72,0;72,28161403297985;72;0,0;0,2816140329798458
47596;M. Vincentini;GK;60,0;60,22079982163008;60;0,0;0,22079982163008083
47633;V. Krapyvtsov;GK;61,0;61,25649246496104;61;0,0;0,25649246496104183
47648;R. Di Gennaro;GK;66,0;65,60740094513324;66;0,0;0,39259905486676416
47671;B. Bustos;GK;63,0;63,101407319722384;63;0,0;0,1014073197223837
47836;R. Rey;GK;72,0;72,2336690334962;72;0,0;0,2336690334961986
47941;L. Amadé;GK;64,0;64,32422106677909;64;0,0;0,3242210667790886
47959;B. Cortés;GK;70,0;70,09747455369804;70;0,0;0,09747455369803504
47988;C. Vargas;GK;71,0;70,78442518780321;71;0,0;0,21557481219679175
51522;C. Dorador;GK;56,0;56,10146172231911;56;0,0;0,1014617223191081
54056;R. León;GK;61,0;60,88650828805846;61;0,0;0,11349171194154195
54165;O. Gill;GK;67,0;67,40209555051024;67;0,0;0,40209555051023926
54395;D. Novoa;GK;68,0;68,33252254676921;68;0,0;0,3325225467692121
54679;G. Schiavone;GK;64,0;63,96170103775583;64;0,0;0,03829896224416984
54821;L. Giossa;GK;63,0;63,32320258273433;63;0,0;0,3232025827343321
54863;E. Bores;GK;64,0;63,61912861664655;64;0,0;0,38087138335345117
55047;N. Al-Aqidi;GK;70,0;69,60023557118856;70;0,0;0,39976442881143726
55532;A. Duarte;GK;66,0;66,28667296345786;66;0,0;0,2866729634578604
55543;J. Rodríguez;GK;57,0;57,291667477094656;57;0,0;0,2916674770946557
55644;A. Marchesín;GK;72,0;72,11280171876372;72;0,0;0,1128017187637198
55694;Á. De La Cruz;GK;59,0;59,29903209602269;59;0,0;0,29903209602269243
55730;A. Quintana;GK;70,0;70,03677843759174;70;0,0;0,03677843759173527
55744;E. Correa;GK;71,0;70,91518327722777;71;0,0;0,0848167227722314
55755;V. Toledo;GK;70,0;69,72485239118463;70;0,0;0,2751476088153737
55756;R. Fierro;GK;65,0;65,2872303935142;65;0,0;0,2872303935142071
55769;R. Banegas;GK;63,0;62,799947149015516;63;0,0;0,2000528509844841
55780;G. Valle;GK;72,0;71,91231794400152;72;0,0;0,087682055998485
55781;A. Villa;GK;60,0;60,12579189388312;60;0,0;0,12579189388311818
55805;D. Gil;GK;60,0;59,53167076684294;60;0,0;0,468329233157057
55824;E. Rodríguez;GK;56,0;56,449511250297085;56;0,0;0,4495112502970855
55844;L. Marquinez;GK;64,0;63,571688878706674;64;0,0;0,4283111212933264
55894;Á. Campos;GK;65,0;65,3042950706283;65;0,0;0,3042950706282994
55905;F. Zenobio;GK;67,0;67,1864107088911;67;0,0;0,18641070889110267
55944;J. Soto;GK;67,0;66,95756824599381;67;0,0;0,042431754006187816
55948;J. Sánchez;GK;60,0;59,9993258949328;60;0,0;0,0006741050671976723
55955;S. Silva;GK;65,0;65,25394088446947;65;0,0;0,25394088446947194
55956;E. Villanueva;GK;57,0;56,91731764521259;57;0,0;0,08268235478740849
55969;S. Lentinelly;GK;65,0;64,86949385888235;65;0,0;0,13050614111764958
55980;E. Márquez;GK;61,0;61,255689840102896;61;0,0;0,25568984010289597
56019;N. Volpi;GK;68,0;67,87803723705765;68;0,0;0,12196276294234565
56046;A. Araque;GK;63,0;62,75763956717055;63;0,0;0,2423604328294502
56055;J. Martínez;GK;67,0;66,69167252745672;67;0,0;0,30832747254328297
56056;D. Enríquez;GK;70,0;70,46377321129468;70;0,0;0,4637732112946793
56105;L. Garzón;GK;62,0;62,48645013966724;62;0,0;0,48645013966724093
56139;W. Asprilla;GK;63,0;63,276869064669214;63;0,0;0,27686906466921357
56140;S. Paz;GK;55,0;55,080520512665004;55;0,0;0,08052051266500371
56155;A. Lastra;GK;60,0;60,00089671779916;60;0,0;0,0008967177991578978
56169;N. Manganelli;GK;57,0;57,26259358008758;57;0,0;0,26259358008758227
56225;A. Mosquera;GK;68,0;68,30731301305823;68;0,0;0,3073130130582342
56226;Matheus Cunha;GK;67,0;66,99317277933599;67;0,0;0,006827220664007427
56239;M. Vargas;GK;67,0;66,54771986421716;67;0,0;0,45228013578284276
56241;A. Calderón;GK;59,0;59,19102275123187;59;0,0;0,19102275123186985
56250;S. Britos;GK;67,0;67,0768518340969;67;0,0;0,07685183409689955
57214;M. Caillard;GK;64,0;64,45391424675877;64;0,0;0,4539142467587709
57255;M. Dupé;GK;72,0;72,10506345670932;72;0,0;0,10506345670931694
57292;L. Mpasi;GK;67,0;67,35127174167793;67;0,0;0,35127174167793385
57410;P. Albornoz;GK;56,0;56,09679896015353;56;0,0;0,09679896015352796
57613;I. Sáez;GK;60,0;60,029049621984;60;0,0;0,02904962198400085
57951;L. Vásquez;GK;63,0;63,270596649745734;63;0,0;0,27059664974573394
57974;R. Fernández;GK;69,0;69,2691919865716;69;0,0;0,2691919865715988
57977;N. Durán;GK;60,0;59,60025047449461;60;0,0;0,399749525505392
58010;Raul Steffens;GK;61,0;60,84892982411935;61;0,0;0,15107017588064764
58049;J. Cevallos;GK;68,0;67,57201351321267;68;0,0;0,42798648678733286
58058;D. Capdevila;GK;58,0;58,23116111112359;58;0,0;0,2311611111235905
58069;L. Mejía;GK;71,0;71,20601928328871;71;0,0;0,2060192832887111
58070;I. Suárez;GK;63,0;63,279337177425234;63;0,0;0,27933717742523356
58094;J. López;GK;54,0;54,044417538295654;54;0,0;0,044417538295654424
58142;N. Sumavil;GK;60,0;59,9720522049528;60;0,0;0,027947795047197133
58181;P. Garrido;GK;58,0;58,30280728605645;58;0,0;0,30280728605644924
58220;G. De Amores;GK;65,0;64,67325570663455;65;0,0;0,32674429336545074
58221;K. Morgan;GK;57,0;57,16050646867282;57;0,0;0,16050646867282126
58230;K. Pinargote;GK;58,0;57,927858390833144;58;0,0;0,07214160916685586
58240;De Arruabarrena;GK;71,0;70,57502852600224;71;0,0;0,4249714739977577
58254;G. Oliveira;GK;71,0;71,44941316060746;71;0,0;0,44941316060746317
58255;L. Verza;GK;63,0;62,899175670385944;63;0,0;0,1008243296140563
58280;H. Castillo;GK;65,0;65,0600849980845;65;0,0;0,060084998084505514
58291;L. Fuster;GK;55,0;54,854819294126116;55;0,0;0,14518070587388365
58302;F. Petroli;GK;69,0;68,95959317267179;69;0,0;0,0404068273282121
58325;T. Cardozo;GK;71,0;70,70881437673343;71;0,0;0,29118562326657127
58336;Á. González;GK;61,0;60,63659688791695;61;0,0;0,36340311208304854
58397;J. Peñarrieta;GK;60,0;59,867664620355455;60;0,0;0,13233537964454456
58407;G. Salvatierra;GK;59,0;59,05432510897262;59;0,0;0,05432510897261977
58503;M. Ryan;GK;77,0;76,5483225136246;77;0,0;0,4516774863754023
58666;Santos;GK;70,0;69,66579203961095;70;0,0;0,3342079603890511
58720;C. Kelleher;GK;76,0;75,90623191878187;76;0,0;0,09376808121812985
58756;Walter;GK;72,0;72,1577599323302;72;0,0;0,15775993233019392
58842;D. Greif;GK;77,0;77,38306915898332;77;0,0;0,38306915898331795
58849;Gabriel Delfim;GK;62,0;61,6731946869614;62;0,0;0,32680531303859794
59261;Bruno;GK;70,0;69,91294252948795;70;0,0;0,08705747051205037
59353;D. Melo;GK;60,0;60,345036364401906;60;0,0;0,3450363644019063
59453;Nícolas;GK;64,0;64,32685683178212;64;0,0;0,32685683178212344
59460;C. Mandas;GK;71,0;71,4178660307302;71;0,0;0,41786603073019535
59546;L. Hrádecký;GK;78,0;77,83947727928297;78;0,0;0,1605227207170259
59675;G. Siri;GK;63,0;62,70879542557545;63;0,0;0,2912045744245475
59706;Iñaki Peña;GK;73,0;73,36830929822139;73;0,0;0,3683092982213907
60029;A. Werner;GK;66,0;66,34357513821607;66;0,0;0,34357513821606744
60059;G. Rulli;GK;78,0;77,95912593516032;78;0,0;0,040874064839684365
60071;C. Fiermarin;GK;70,0;69,72741950769088;70;0,0;0,2725804923091175
60109;W. Benítez;GK;75,0;75,00514539122901;75;0,0;0,005145391229007146
60175;Gabreil Brazão;GK;73,0;73,47114632656195;73;0,0;0,47114632656195
60198;G. Herrera;GK;72,0;71,68304176497892;72;0,0;0,316958235021076
60236;Gabriel Grando;GK;65,0;64,6756836492517;65;0,0;0,32431635074830467
60238;J. Musso;GK;77,0;76,85375088232226;77;0,0;0,14624911767774051
60250;T. Marchiori;GK;72,0;72,02346589214227;72;0,0;0,02346589214226924
60266;Benassi;GK;57,0;57,27963953848516;57;0,0;0,27963953848516354
60272;I. López;GK;58,0;58,456977733501176;58;0,0;0,45697773350117643
60315;M. Łubik;GK;64,0;63,97098436358533;64;0,0;0,029015636414669643
60351;F. Broun;GK;69,0;69,06292150412784;69;0,0;0,06292150412784281
60360;C. Ledesma;GK;73,0;73,04246815136368;73;0,0;0,04246815136367843
60366;M. Mansilla;GK;69,0;68,86749136022821;69;0,0;0,1325086397717854
60447;M. Maignan;GK;84,0;84,29203592058737;84;0,0;0,2920359205873666
60466;M. Sportiello;GK;73,0;73,21612393084888;73;0,0;0,21612393084888026
60502;Ł. Skorupski;GK;75,0;75,45246036540519;75;0,0;0,4524603654051873
60504;M. Pessina;GK;55,0;54,61092904383896;55;0,0;0,38907095616104215
60558;Rubén Blanco;GK;70,0;69,69808322896847;70;0,0;0,3019167710315287
60560;S. Scuffet;GK;69,0;68,7783646135188;69;0,0;0,2216353864811964
60607;J. Vallejos;GK;56,0;56,03706134053583;56;0,0;0,037061340535828435
60639;R. Saracho;GK;64,0;64,0848974899346;64;0,0;0,08489748993460466
60677;L. Acosta;GK;67,0;67,32110041411538;67;0,0;0,32110041411537793
60680;A. Martín Arias;GK;70,0;70,24333034650748;70;0,0;0,2433303465074772
60682;J. Carranza;GK;67,0;67,24486218417522;67;0,0;0,24486218417521854
60690;Vitor Eudes;GK;61,0;60,77999788530468;61;0,0;0,22000211469531905
60706;Lucas Arcanjo;GK;70,0;70,45537153546611;70;0,0;0,45537153546611364
60709;José Sá;GK;73,0;73,16686058002642;73;0,0;0,16686058002642312
60719;S. Beltrán;GK;70,0;70,11239309770463;70;0,0;0,11239309770462569
60746;R. Majecki;GK;62,0;61,54772729320804;62;0,0;0,45227270679195897
60823;S. Barbi;GK;61,0;61,45270126397962;61;0,0;0,45270126397961974
60878;S. Dimitrievski;GK;74,0;74,29790830010583;74;0,0;0,29790830010583136
60883;B. Kamara;GK;67,0;66,919832942091;67;0,0;0,08016705790899437
60982;G. Castellón;GK;67,0;66,86058074328858;67;0,0;0,1394192567114203
61145;Aarón Escandell;GK;75,0;74,73202626258114;75;0,0;0,2679737374188562
61147;Pau López;GK;76,0;75,5696505349604;76;0,0;0,4303494650395976
61416;V. Reyes;GK;62,0;62,24750465866877;62;0,0;0,2475046586687668
61574;I. Arce;GK;71,0;71,2340626747178;71;0,0;0,23406267471780495
61577;C. Cáceda;GK;68,0;68,1590951483995;68;0,0;0,15909514839950134
61672;M. Ter Stegen;GK;81,0;81,01620058748372;81;0,0;0,01620058748372344
63159;C. Früchtl;GK;67,0;67,2152551760108;67;0,0;0,2152551760107997
63187;F. Piotti;GK;55,0;55,458164074585994;55;0,0;0,4581640745859943
63238;M. Vigorito;GK;61,0;61,378381726871645;61;0,0;0,37838172687164473
63371;Aitor Fernández;GK;74,0;74,49012724998451;74;0,0;0,4901272499845106
63414;G. Kobel;GK;83,0;82,9327025822938;83;0,0;0,06729741770620024
63452;R. Sava;GK;69,0;68,68941503176681;69;0,0;0,3105849682331865
63474;Alisson;GK;85,0;85,02523935497177;85;0,0;0,025239354971773764
63505;J. Ricardo;GK;71,0;71,03514050369644;71;0,0;0,035140503696439396
63536;R. Riou;GK;56,0;56,33750303389629;56;0,0;0,3375030338962901
63560;Weverton;GK;71,0;71,38441286656577;71;0,0;0,3844128665657678
63597;M. Silvestri;GK;70,0;69,59369294753627;70;0,0;0,4063070524637311
63661;M. Ledesma;GK;67,0;67,34019551775718;67;0,0;0,3401955177571807
64896;R. Al-Najjar;GK;58,0;58,4793977649153;58;0,0;0,47939776491529784
65044;G. Viscarra;GK;67,0;67,3165615224664;67;0,0;0,3165615224664009
65065;Matheus Donelli;GK;65,0;64,6141656049035;65;0,0;0,3858343950964951
100012;Juan Carlos;GK;67,0;66,7365833544579;67;0,0;0,2634166455420939
100043;R. Borzone;GK;61,0;61,42420670253815;61;0,0;0,4242067025381502
100132;M. Dituro;GK;73,0;72,71578232402389;73;0,0;0,2842176759761088
100133;Ø. Nyland;GK;72,0;72,25063890869896;72;0,0;0,25063890869896
100135;C. Pinsoglio;GK;66,0;65,88677609087942;66;0,0;0,11322390912057756
100178;Jandrei;GK;64,0;64,15993776201223;64;0,0;0,15993776201223397
100185;M. Carnesecchi;GK;82,0;81,74191373613127;82;0,0;0,25808626386873357
100212;Fortuño;GK;62,0;61,67004972935109;62;0,0;0,3299502706489079
100281;Mamardashvili;GK;80,0;79,75217769007376;80;0,0;0,2478223099262351
100346;Unai Marrero;GK;67,0;66,80230774345411;67;0,0;0,19769225654589206
100473;L. Montipò;GK;73,0;73,44803599108162;73;0,0;0,44803599108162473
100527;K. Darlow;GK;71,0;71,0907679694692;71;0,0;0,09076796946919785
100815;Ivan;GK;66,0;65,60894101063562;66;0,0;0,39105898936438166
100888;P. Sy;GK;65,0;64,57802783643588;65;0,0;0,4219721635641207
100925;B. Leroy;GK;65,0;64,77421350516137;65;0,0;0,2257864948386299
101076;E. Martínez;GK;82,0;82,36890268323027;82;0,0;0,3689026832302744
101141;A. Kinský;GK;73,0;72,62650240617522;73;0,0;0,37349759382478
101217;I. Jourdren;GK;52,0;52,265439539092014;52;0,0;0,26543953909201434
101292;Y. Lienard;GK;62,0;62,179086505573906;62;0,0;0,17908650557390615
101355;T. Heaton;GK;64,0;64,28152488748248;64;0,0;0,28152488748247606
101391;P. Drewes;GK;68,0;67,86749450146829;68;0,0;0,13250549853171378
101574;João Paulo;GK;70,0;70,17703071039989;70;0,0;0,17703071039989027
101743;Alex Muralha;GK;64,0;64,00209817685135;64;0,0;0,0020981768513479437
101760;Richard;GK;64,0;63,900529081747564;64;0,0;0,09947091825243604
101850;M. Pitaluga;GK;56,0;56,211630775464634;56;0,0;0,21163077546463427
101946;D. Rodríguez;GK;70,0;70,02549806621113;70;0,0;0,025498066211127934
101983;J. Blaswich;GK;71,0;71,12283547331656;71;0,0;0,12283547331655598
101989;J. Omlin;GK;71,0;70,69362962110566;71;0,0;0,3063703788943428
102149;M. Ramírez;GK;67,0;67,2932738093629;67;0,0;0,29327380936290126
102259;F. Losas;GK;62,0;61,60894196859999;62;0,0;0,39105803140000717
102315;N. Contini;GK;64,0;64,46350478452169;64;0,0;0,46350478452168886
102389;Tiago Volpi;GK;69,0;69,20003002435632;69;0,0;0,2000300243563231
102761;A. Bayındır;GK;73,0;72,63897762164653;73;0,0;0,36102237835346784
102841;Aranha;GK;58,0;58,21601018418408;58;0,0;0,21601018418407847
102895;S. Rochet;GK;71,0;70,80555236651628;71;0,0;0,19444763348371907
103047;M. Bettinelli;GK;67,0;66,89968321572908;67;0,0;0,10031678427091606
103120;I. Provedel;GK;81,0;80,5794608082322;81;0,0;0,4205391917678014
103128;F. Gomes Gerth;GK;57,0;57,17696460473387;57;0,0;0,1769646047338682
103176;G. Santilli;GK;66,0;65,66871470518797;66;0,0;0,3312852948120337
103300;P. Gollini;GK;71,0;70,95857878224214;71;0,0;0,041421217757857676
103525;T. Sultani;GK;61,0;61,00733601696687;61;0,0;0,007336016966867476
103586;J. Devecchi;GK;65,0;64,79906387005536;65;0,0;0,20093612994463683
103621;Iturbe;GK;63,0;62,860725098807244;63;0,0;0,13927490119275632
103658;Pedro Morisco;GK;71,0;71,17375590232298;71;0,0;0,17375590232298066
103683;T. Vermot;GK;57,0;57,41322211279055;57;0,0;0,41322211279054955
103687;E. Lysionok;GK;53,0;53,10992170340633;53;0,0;0,10992170340632867
103830;N. Pope;GK;76,0;75,99943597356805;76;0,0;0,0005640264319453081
103851;S. Ichazo;GK;69,0;68,77280180423425;69;0,0;0,22719819576575162
104250;S. Herrera;GK;76,0;76,22350817148644;76;0,0;0,22350817148644353
104382;M. Diaw;GK;69,0;69,15383993478214;69;0,0;0,15383993478214109
104431;D. Fernandes;GK;65,0;65,25795613546507;65;0,0;0,257956135465065
104485;A. Meret;GK;79,0;79,17386627233262;79;0,0;0,1738662723326172
104650;Aranu Tenas;GK;72,0;72,25645868146168;72;0,0;0,25645868146168027
104704;E. Audero;GK;77,0;76,85005627079123;77;0,0;0,14994372920877197
104731;T. King;GK;61,0;60,65685896108738;61;0,0;0,34314103891261993
104826;J. Graterol;GK;67,0;67,17660557458929;67;0,0;0,1766055745892885
104880;O. Nkambadio;GK;60,0;59,6501466685762;60;0,0;0,3498533314238017
105073;A. Lunin;GK;77,0;76,91367691704082;77;0,0;0,08632308295918278
105093;R. Morínigo;GK;67,0;66,83333001052135;67;0,0;0,16666998947864897
105098;A. Batalla;GK;76,0;76,00773762399308;76;0,0;0,007737623993079978
105172;R. Macagno;GK;66,0;66,19989035476017;66;0,0;0,19989035476017136
105223;F. Lanzillota;GK;67,0;67,25013252941642;67;0,0;0,25013252941641895
105304;A. Rossi;GK;78,0;77,7590207633413;78;0,0;0,2409792366587027
105331;F. Altamirano;GK;65,0;65,11496780994484;65;0,0;0,11496780994484368
105361;Kauê;GK;60,0;59,75707435293923;60;0,0;0,24292564706077258
105382;G. Ciocci;GK;56,0;56,290400387533914;56;0,0;0,2904003875339143
106367;J. Contreras;GK;70,0;70,23593113981963;70;0,0;0,23593113981962688
106414;A. Cairns;GK;60,0;59,65830132714228;60;0,0;0,34169867285771716
106425;S. Johnstone;GK;74,0;73,6975043485851;74;0,0;0,3024956514149011
106586;Marc Vidal;GK;61,0;60,78847561837538;61;0,0;0,21152438162462062
106618;Bento;GK;75,0;74,89738934969012;75;0,0;0,10261065030988448
106645;Z. Suzuki;GK;71,0;71,03732075914935;71;0,0;0,03732075914935251
106677;S. Turati;GK;69,0;68,90946876618041;69;0,0;0,09053123381958983
106754;M. Sels;GK;78,0;78,14585237744573;78;0,0;0,14585237744573476
106815;F. De Paul;GK;69,0;68,58913012192457;69;0,0;0,41086987807543096
106956;Álex Remiro;GK;79,0;78,75935139978532;79;0,0;0,24064860021468348
106957;Unai Simón;GK;81,0;81,09359532724103;81;0,0;0,09359532724103303
107142;M. Dúbravka;GK;75,0;74,77625381702903;75;0,0;0,22374618297097015
107218;J. Butez;GK;74,0;74,19008097887236;74;0,0;0,1900809788723592
107693;F. Woodman;GK;68,0;67,99742132222953;68;0,0;0,0025786777704723818
107901;David Soria;GK;78,0;77,88159718662087;78;0,0;0,11840281337913439
107930;Henrique Menke;GK;56,0;55,822880486805026;56;0,0;0,17711951319497388
108075;Gustavo Reis;GK;59,0;59,18903781363964;59;0,0;0,18903781363963645
108166;R. Matthews;GK;60,0;59,95546458839424;60;0,0;0,04453541160575725
108241;A. Bałabuch;GK;53,0;53,088531954459995;53;0,0;0,08853195445999518
108279;G. Donnarumma;GK;86,0;86,0244572105607;86;0,0;0,024457210560697717
108344;E. Gómez Riga;GK;60,0;60,221263783282076;60;0,0;0,22126378328207608
108664;J. Stawiecki;GK;57,0;57,062997748311076;57;0,0;0,0629977483110764
108688;J. Trafford;GK;74,0;73,84351035402516;74;0,0;0,15648964597484394
108765;L. Meuli;GK;60,0;59,575906540479735;60;0,0;0,42409345952026456
108792;C. França;GK;67,0;67,34625092977622;67;0,0;0,3462509297762182
108945;M. Cox;GK;63,0;63,008696528741275;63;0,0;0,008696528741275245
108953;C. Varela;GK;66,0;65,89329950430788;66;0,0;0,10670049569212381
108980;R. Descamps;GK;72,0;72,3149267398702;72;0,0;0,31492673987020225
108994;T. De Percin;GK;66,0;65,84200366666794;66;0,0;0,15799633333206486
109010;K. Trapp;GK;64,0;63,651535178447396;64;0,0;0,3484648215526036
109144;B. Radunovic;GK;59,0;59,10821616652609;59;0,0;0,10821616652609123
109163;M. Zinga;GK;62,0;62,36243957881801;62;0,0;0,36243957881801236
109213;I. Radu;GK;75,0;74,81149886451436;75;0,0;0,1885011354856374
109424;D. Cabezas;GK;66,0;65,69425189976637;66;0,0;0,30574810023362886
109455;Matheus Soares;GK;59,0;58,9654755432301;59;0,0;0,034524456769901235
109462;L. Lezzerini;GK;66,0;66,04998797669434;66;0,0;0,04998797669433941
109557;G. Souza;GK;58,0;57,55813895468413;58;0,0;0,4418610453158678
109884;H. Tyrer;GK;64,0;64,12749062239736;64;0,0;0,1274906223973602
109924;G. Toniolo;GK;53,0;53,10732881743935;53;0,0;0,10732881743935252
109968;M. Safonov;GK;79,0;79,13438163910733;79;0,0;0,1343816391073318
110008;Thiago Beltrame;GK;58,0;57,815274407833826;58;0,0;0,18472559216617412
110326;R. Zelezny;GK;62,0;61,62876943464212;62;0,0;0,3712305653578767
110351;B. Verbruggen;GK;77,0;76,86233057030817;77;0,0;0,13766942969182594
110379;J. Molina;GK;56,0;55,71309035914995;56;0,0;0,2869096408500482
110394;Lucas Perri;GK;75,0;75,2735239684348;75;0,0;0,27352396843480165
110414;Marcelo Rangel;GK;70,0;70,02220413762923;70;0,0;0,022204137629231013
110430;Otávio Costa;GK;59,0;59,45406370571284;59;0,0;0,4540637057128407
110627;Fintelman;GK;57,0;57,48034461919129;57;0,0;0,48034461919129257
110667;S. Lammens;GK;78,0;77,82184143439034;78;0,0;0,1781585656096638
110713;Hugo Souza;GK;77,0;77,09175615768436;77;0,0;0,09175615768435819
110739;L. Torriani;GK;59,0;59,190306556717445;59;0,0;0,19030655671744512
111024;M. Flekken;GK;75,0;75,3351173489176;75;0,0;0,33511734891760625
111041;S. Mele;GK;71,0;71,1008232390811;71;0,0;0,10082323908109458
111076;L. Brey;GK;67,0;67,12199676680446;67;0,0;0,12199676680445748
111117;S. Ortega;GK;76,0;76,4721743041299;76;0,0;0,4721743041298936
111130;J. Bijlow;GK;72,0;72,21171380762334;72;0,0;0,21171380762334024
111148;G. Astaldi;GK;53,0;52,75277816312968;53;0,0;0,24722183687031674
111152;F. Bonansea;GK;61,0;60,644544183727334;61;0,0;0,3554558162726664
111153;G. Guruceaga;GK;66,0;65,90192643642497;66;0,0;0,09807356357502783
111159;M. Weiß;GK;67,0;66,51605385457314;67;0,0;0,4839461454268559
111172;O. Vlachodimos;GK;75,0;75,06119780076332;75;0,0;0,06119780076332404
111189;Ð. Petrović;GK;76,0;76,39035263969575;76;0,0;0,39035263969574885
111295;F. Cambeses;GK;73,0;72,77014457781635;73;0,0;0,22985542218364685
111309;I. Chicco;GK;65,0;64,91607866830276;65;0,0;0,08392133169724048
111333;E. Motta;GK;64,0;64,45567427068423;64;0,0;0,45567427068422717
111424;L. Aragão;GK;60,0;60,29076741384499;60;0,0;0,29076741384498916
111442;G. Satalino;GK;63,0;63,411428079739004;63;0,0;0,41142807973900375
111450;D. Henderson;GK;80,0;79,8692666727818;80;0,0;0,13073332721819497
111458;M. Velazco;GK;61,0;60,94929408590032;61;0,0;0,05070591409968017
111842;T. Loska;GK;61,0;61,48185555022482;61;0,0;0,4818555502248216
111843;E. Caprile;GK;76,0;75,5173989424409;76;0,0;0,4826010575590942
111911;J. Letáček;GK;67,0;66,81156879722013;67;0,0;0,18843120277986714
112003;J. Burrai;GK;68,0;67,75822920879706;68;0,0;0,24177079120293854
112153;W. Faríñez;GK;67,0;67,49522371284692;67;0,0;0,4952237128469221
112398;H. Koffi;GK;75,0;75,12465774831986;75;0,0;0,1246577483198621
112518;P. Pietryga;GK;56,0;56,00551818085176;56;0,0;0,005518180851758814
112548;V. Rojas;GK;59,0;59,033115723930244;59;0,0;0,0331157239302442
112597;J. Samooja;GK;58,0;58,267240486433664;58;0,0;0,26724048643366416
112853;E. Balcombe;GK;60,0;60,17248465326637;60;0,0;0,1724846532663733
112855;B. Austin;GK;64,0;64,3779783383018;64;0,0;0,3779783383018014
112964;R. Risser;GK;61,0;60,68410473949323;61;0,0;0,3158952605067711
112978;M. Gillespie;GK;59,0;58,601452621003524;59;0,0;0,39854737899647574
113009;J. Eyestone;GK;56,0;55,532596310595935;56;0,0;0,4674036894040654
113293;B. Żelazowski;GK;59,0;59,41274843999687;59;0,0;0,41274843999686794
113337;P. Carlgren;GK;68,0;67,54214242930651;68;0,0;0,4578575706934913
113446;John Victor;GK;73,0;73,15697143989478;73;0,0;0,15697143989477524
113574;D. Bentley;GK;68,0;67,77106786316206;68;0,0;0,22893213683794045
113596;D. Livakovic;GK;75,0;75,14463176020692;75;0,0;0,14463176020692003
113656;N. Lomb;GK;63,0;63,48132335256147;63;0,0;0,48132335256146774
113743;A. Paleari;GK;67,0;67,34797553579726;67;0,0;0,3479755357972607
113775;G. Słonina;GK;65,0;64,95370387103131;65;0,0;0,04629612896869162
113813;W. Dennis;GK;65,0;64,8841685108173;65;0,0;0,11583148918269615
113822;M. Daniele;GK;56,0;56,00894921409868;56;0,0;0,008949214098677771
113863;A. Gunn;GK;69,0;69,23173895656524;69;0,0;0,23173895656523769
113890;T. Sharman-Lowe;GK;61,0;61,04259120345732;61;0,0;0,04259120345732015
113914;Jorge;GK;57,0;57,470382987767856;57;0,0;0,4703829877678558
113955;Josep Martínez;GK;72,0;71,78244990078807;72;0,0;0,2175500992119339
113968;D. Kochen;GK;59,0;58,76524714901545;59;0,0;0,2347528509845489
113999;Y. Diouf;GK;74,0;73,77236448591933;74;0,0;0,22763551408067428
114007;M. Chiesa;GK;68,0;67,85944220087417;68;0,0;0,14055779912582977
114050;J. Blázquez;GK;61,0;60,56701815006728;61;0,0;0,43298184993272315
114079;T. McGill;GK;59,0;59,25302206679937;59;0,0;0,25302206679936745
114086;Carlos Miguel;GK;71,0;71,26281963845885;71;0,0;0,2628196384588506
114101;Young;GK;60,0;59,56641405125345;60;0,0;0,433585948746547
114117;Á. Pécsi;GK;61,0;61,35162962032997;61;0,0;0,35162962032997314
114142;Mycael;GK;67,0;67,17733356522375;67;0,0;0,17733356522374777
114162;E. Sittaro;GK;58,0;57,53767603500941;58;0,0;0,46232396499058837
114189;Kauan;GK;59,0;59,126772056008285;59;0,0;0,126772056008285
114214;A. Nunziante;GK;53,0;53,15654089881003;53;0,0;0,15654089881002875
114215;Georgemy;GK;61,0;60,86632081776311;61;0,0;0,13367918223688946
114231;Renato Marin;GK;67,0;66,98152807706293;67;0,0;0,01847192293706712
114243;Anderson;GK;62,0;62,33798934058807;62;0,0;0,3379893405880665
114313;Luiz Júnior;GK;75,0;75,12789043115987;75;0,0;0,12789043115986942
114350;L. Mathias;GK;59,0;58,52274190438055;59;0,0;0,47725809561944743
114368;M. Roffo;GK;70,0;69,90680240337282;70;0,0;0,09319759662717786
114371;G. Villar;GK;68,0;68,07382377051334;68;0,0;0,07382377051334288
114403;Iván Villar;GK;69,0;69,42404210241064;69;0,0;0,4240421024106382
114404;C. McKenna;GK;54,0;54,002877071929774;54;0,0;0,0028770719297739333
114480;F. Ravaglia;GK;69,0;68,55823731249112;69;0,0;0,44176268750888426
114484;J. Urbig;GK;74,0;73,78049197171987;74;0,0;0,21950802828013138
114557;Á. Fernández;GK;70,0;70,0932776314825;70;0,0;0,09327763148249346
114561;V. Hladký;GK;65,0;64,72483737891683;65;0,0;0,2751626210831688
114616;S. Ulreich;GK;70,0;70,063950642826;70;0,0;0,0639506428260006
114653;M. Silistre;GK;52,0;52,29414599038512;52;0,0;0,29414599038511824
114664;Pedro Rangel;GK;65,0;65,31917366782947;65;0,0;0,31917366782947454
114666;T. Negrel;GK;57,0;56,861437992390535;57;0,0;0,13856200760946535
114677;K. Cataño;GK;62,0;62,18060461367041;62;0,0;0,18060461367041114
114679;S. Bajic;GK;62,0;61,83222240079999;62;0,0;0,1677775992000079
114698;Agirrezabala;GK;74,0;74,48375515927714;74;0,0;0,48375515927713764
114699;Cristian Rivero;GK;62,0;62,32011826126801;62;0,0;0,32011826126800713
114718;P. Argney;GK;58,0;58,0906895960907;58;0,0;0,09068959609069793
114734;J. Reinatti;GK;57,0;56,90447419016735;57;0,0;0,09552580983265102
114736;J. Fischer;GK;69,0;68,97220469350337;69;0,0;0,027795306496628314
114755;F. Masuero;GK;60,0;59,648284130734176;60;0,0;0,3517158692658242
114846;Matheus Aurélio;GK;61,0;60,7583752057207;61;0,0;0,2416247942793035
114848;Pablo Campos;GK;66,0;65,94498384410173;66;0,0;0,055016155898272245
114851;M. Penders;GK;74,0;74,45092965476198;74;0,0;0,4509296547619783
114864;Diógenes;GK;60,0;59,70777789175114;60;0,0;0,29222210824885764
114947;Dyogo Alves;GK;60,0;59,50424459516301;60;0,0;0,49575540483699143
114963;L. Vigouroux;GK;71,0;70,66970251337784;71;0,0;0,3302974866221575
114980;D. Sommariva;GK;59,0;58,96533006463914;59;0,0;0,03466993536085994
115038;F. Rossi;GK;59,0;59,43717531046588;59;0,0;0,4371753104658822
115043;Ronaldo;GK;71,0;70,99466780780791;71;0,0;0,005332192192085472
115136;T. Martinelli;GK;68,0;68,27023061175564;68;0,0;0,2702306117556361
115228;A. Ramsdale;GK;74,0;73,95575780878343;74;0,0;0,04424219121656847
115250;M. Cabrera;GK;56,0;55,82276191533109;56;0,0;0,17723808466890745
115355;L. Klanac;GK;53,0;53,30910265352958;53;0,0;0,3091026535295782
115388;O. Ba;GK;60,0;60,32490705721188;60;0,0;0,32490705721188107
115533;F. Iacovich;GK;68,0;67,63106477216883;68;0,0;0,36893522783117305
115644;L. Nava;GK;58,0;57,651325060633866;58;0,0;0,34867493936613414
115786;M. Ellborg;GK;64,0;64,16858984460043;64;0,0;0,16858984460043303
115788;Andrew;GK;72,0;71,77414503218029;72;0,0;0,22585496781971415
115843;E. Centuríon;GK;69,0;68,82019763417219;69;0,0;0,17980236582781117
115896;Vinícius;GK;65,0;65,39109174021557;65;0,0;0,3910917402155718
115921;Léo Vieira;GK;67,0;67,21190666076657;67;0,0;0,21190666076657294
116176;Pablo;GK;58,0;57,56985375706795;58;0,0;0,4301462429320466
116201;N. Insfrán;GK;69,0;69,37856781797097;69;0,0;0,37856781797097483
116482;G. Vicario;GK;78,0;77,79827393230197;78;0,0;0,2017260676980328
116483;J. Barceló;GK;58,0;58,049536867739945;58;0,0;0,04953686773994548
116661;N. Jauny;GK;51,0;50,59184301793657;51;0,0;0,40815698206343143
116741;Sivera;GK;74,0;73,59807859913482;74;0,0;0,40192140086517725
116950;E. Corvi;GK;65,0;65,37480011128117;65;0,0;0,37480011128117496
116958;F. Rinaldi;GK;60,0;60,19521559713627;60;0,0;0,19521559713626857
117373;M. Svilar;GK;81,0;80,98298915801668;81;0,0;0,017010841983321257
117384;A. Furlanetto;GK;58,0;58,24260627271487;58;0,0;0,24260627271487323
117400;R. Solís;GK;69,0;69,38092781012108;69;0,0;0,38092781012107935
117410;Y. Mvogo;GK;73,0;73,4789574299288;73;0,0;0,47895742992879775
117506;L. Diarra;GK;61,0;61,262548174136164;61;0,0;0,26254817413616394
117537;Álvaro Valles;GK;75,0;74,99279131204419;75;0,0;0,007208687955809978
117662;A. Sherri;GK;63,0;63,12750281056549;63;0,0;0,1275028105654883
117703;M. Hermansen;GK;72,0;72,29428718179639;72;0,0;0,2942871817963919
117710;Á. Busso;GK;57,0;57,259976568278816;57;0,0;0,259976568278816
117760;T. Gillier;GK;68,0;67,62375822163551;68;0,0;0,3762417783644878
117765;P. Köhn;GK;74,0;74,30605024137404;74;0,0;0,306050241374038
117769;Álex Domínguez;GK;58,0;58,49959617352487;58;0,0;0,4995961735248713
117785;Brenno;GK;68,0;67,67615784695732;68;0,0;0,3238421530426763
117791;G. Restes;GK;62,0;62,04273137550383;62;0,0;0,042731375503826996
117850;R. Carneiro;GK;58,0;57,658094507081785;58;0,0;0,34190549291821526
117866;H. Moldovan;GK;69,0;68,5618672068065;69;0,0;0,4381327931935033
117947;L. Mezerette;GK;56,0;56,09895343398263;56;0,0;0,09895343398262924
118031;M. Miño;GK;63,0;62,830241838031284;63;0,0;0,16975816196871563
118085;A. Bodart;GK;70,0;70,25407380995728;70;0,0;0,25407380995727635
118111;G. Coudert;GK;55,0;55,10534780214543;55;0,0;0,10534780214543105
118165;H. Davies;GK;58,0;58,1785400555508;58;0,0;0,17854005555079766
118230;F. Israel;GK;72,0;72,427281864863;72;0,0;0,427281864863005
118240;V. M. Savić;GK;76,0;76,22130878709778;76;0,0;0,221308787097783
118246;I. Meslier;GK;68,0;68,21182169618608;68;0,0;0,21182169618607816
118248;L. Hoyos;GK;66,0;66,07522107661481;66;0,0;0,07522107661480959
118261;L. Siviero;GK;53,0;52,848912717209984;53;0,0;0,15108728279001582
118278;M. Travers;GK;69,0;69,15953106563926;69;0,0;0,159531065639257
118323;Carlos Coronel;GK;70,0;69,5059176045025;70;0,0;0,4940823954975002
118333;M. Popa;GK;67,0;67,34033491629928;67;0,0;0,3403349162992839
118340;David Raya;GK;84,0;83,85206067995074;84;0,0;0,14793932004926091
118447;D. Vásquez;GK;72,0;72,2968593268531;72;0,0;0,29685932685309524
118449;T. Durso;GK;63,0;63,31565566556193;63;0,0;0,3156556655619269
118473;Ygor Vinhas;GK;63,0;63,32087771350157;63;0,0;0,3208777135015666
118475;P. Díaz;GK;67,0;67,24635481495363;67;0,0;0,24635481495363365
118505;M. Tagliamonte;GK;69,0;68,91494736642966;69;0,0;0,0850526335703421
118556;J. Van Neck;GK;59,0;58,565193026117704;59;0,0;0,4348069738822957
118569;Fabrício;GK;62,0;61,902971188918535;62;0,0;0,097028811081465
118571;Fran González;GK;62,0;61,64841250600905;62;0,0;0,351587493990948
118596;A. Cavagna;GK;55,0;55,326757582224396;55;0,0;0,32675758222439555
118617;Diego Conde;GK;73,0;73,1112736431833;73;0,0;0,11127364318329569
118639;D. Romero;GK;68,0;67,69643695523162;68;0,0;0,3035630447683815
118668;A. Vidal;GK;64,0;64,18497154494072;64;0,0;0,18497154494072277
118676;N. Bolcato;GK;64,0;63,65856265021849;64;0,0;0,34143734978150775
118680;F. Jörgensen;GK;74,0;74,25483382977964;74;0,0;0,254833829779642
118693;S. Ostrzinski;GK;60,0;60,40070727678911;60;0,0;0,4007072767891131
118702;L. Morales;GK;69,0;69,12397676728531;69;0,0;0,12397676728531337
118714;R. Gurtner;GK;60,0;59,71027720226334;60;0,0;0,2897227977366583
119099;W. Barlasina;GK;62,0;62,170154575899545;62;0,0;0,17015457589954508
119129;T. Ayala;GK;60,0;60,29872321739015;60;0,0;0,2987232173901475
119147;R. Romo;GK;70,0;70,24339793698135;70;0,0;0,2433979369813528
119840;B. Özer;GK;75,0;74,84077490536814;75;0,0;0,1592250946318643
119860;L. Bursich;GK;58,0;57,82241489779713;58;0,0;0,17758510220286894
119877;D. St. Clair;GK;70,0;70,38319644488169;70;0,0;0,38319644488169047
120306;K. Haug;GK;58,0;58,456427887984866;58;0,0;0,4564278879848658
120345;C. Varela;GK;66,0;65,89329950430788;66;0,0;0,10670049569212381
120363;S. Meza;GK;66,0;66,36024897303439;66;0,0;0,36024897303438763
121192;L. Bergström;GK;64,0;64,17196174879253;64;0,0;0,17196174879252624
121254;L. Lavagnino;GK;62,0;62,4008677804524;62;0,0;0,40086778045240123
121306;R. Roefs;GK;78,0;77,63137037510847;78;0,0;0,3686296248915255
121310;Robert Sánchez;GK;78,0;78,02441933761654;78;0,0;0,024419337616535586
121364;D. Fernández;GK;57,0;57,279794535929675;57;0,0;0,27979453592967474
121387;O. Pona;GK;57,0;56,69787229618312;57;0,0;0,30212770381687903
121944;A. Patterson;GK;71,0;70,85435920874187;71;0,0;0,14564079125813123
121972;L. Maldonado;GK;59,0;59,09155211558121;59;0,0;0,09155211558120868
122006;Leo Román;GK;74,0;74,07988694276783;74;0,0;0,07988694276782837
122011;O. Christensen;GK;68,0;67,9033115370005;68;0,0;0,09668846299949507
122302;J. Zozaya;GK;61,0;61,16661343918391;61;0,0;0,16661343918391225
122322;V. Bernedo;GK;64,0;64,40562276522924;64;0,0;0,40562276522923923
122678;D. Sánchez;GK;66,0;66,39180752722561;66;0,0;0,39180752722560896
123076;G. Flores;GK;57,0;57,002364765197655;57;0,0;0,002364765197654606
123732;R. Anderson;GK;61,0;61,16128070089292;61;0,0;0,16128070089291668
124249;M. Borgogno;GK;71,0;70,90260602104892;71;0,0;0,09739397895107516
124278;C. González;GK;60,0;60,27881958028104;60;0,0;0,2788195802810378
124291;N. González;GK;57,0;56,99001373711105;57;0,0;0,009986262888951103
263150;R. Cordano;GK;63,0;63,20136515060955;63;0,0;0,20136515060954707
263172;D. Méndez;GK;61,0;61,47191979270068;61;0,0;0,47191979270068174
263770;Pulpo;GK;87,0;86,67344230755847;87;0,0;0,32655769244152566
263776;Carmiño;GK;76,0;75,53372662918021;76;0,0;0,4662733708197919
263831;M. Silveira;GK;66,0;65,99806992452278;66;0,0;0,0019300754772189066
264488;Ramiro;GK;62,0;62,460294410532114;62;0,0;0,4602944105321143
266891;N. Losada;GK;74,0;73,73994741047586;74;0,0;0,2600525895241361
298871;J. Kadijevic;GK;59,0;59,45730542181873;59;0,0;0,4573054218187309
303349;E. Chaux;GK;68,0;67,87356540471251;68;0,0;0,1264345952874919
304418;Marcelo Lomba;GK;67,0;67,0019884952365;67;0,0;0,0019884952365032404
307686;W. Aguerre;GK;68,0;68,11446976072192;68;0,0;0,11446976072191717
320924;W. Yarbrough;GK;65,0;64,66179541605409;65;0,0;0,3382045839459096
364847;A. Sinisterra;GK;57,0;57,456050415538755;57;0,0;0,4560504155387548
366623;J. Acosta;GK;57,0;57,41750527590867;57;0,0;0,4175052759086668
366638;J. Chunga;GK;65,0;65,23922405091949;65;0,0;0,23922405091948917
368710;J. Camargo;GK;67,0;66,99133092572035;67;0,0;0,008669074279652023
369200;Davi;GK;56,0;55,80556372561517;56;0,0;0,19443627438482736
369333;F. Gómez;GK;57,0;57,401288127389854;57;0,0;0,4012881273898543
373527;Felipe Longo;GK;62,0;62,23332897100181;62;0,0;0,23332897100181071
373614;L. Bruera;GK;66,0;66,46895997530041;66;0,0;0,46895997530040745
375659;C. Bautista;GK;55,0;55,32548185012373;55;0,0;0,32548185012372954
378319;R. Alves;GK;59,0;59,186115826640545;59;0,0;0,18611582664054538
379800;L. Ingolotti;GK;64,0;64,15293478922527;64;0,0;0,15293478922527015
1073757816;E. Salinas;GK;60,0;59,908950847337685;60;0,0;0,09104915266231473
1073758337;T. Couto;GK;64,0;64,16045300606467;64;0,0;0,16045300606467094
1073806821;Léo Linck;GK;63,0;63,20181097630937;63;0,0;0,20181097630936762
3613;E. Diouf;LB;77,0;76,81989657450548;77;0,0;0,18010342549452218
7305;J. Elordi;LB;69,0;68,75014343633555;69;0,0;0,24985656366445141
33107;M. Bakker;LB;74,0;73,67495841404417;74;0,0;0,3250415859558302
35226;Rafa Obrador;LB;68,0;68,41032448624028;68;0,0;0,4103244862402846
37398;Reinaldo;LB;72,0;72,1785408090625;72;0,0;0,17854080906249692
37401;A. Kabar;LB;66,0;65,59991652914628;66;0,0;0,40008347085371554
39270;J. Hato;LB;76,0;75,65858948351105;76;0,0;0,34141051648894916
40353;Ayrton Lucas;LB;75,0;75,25869634910035;75;0,0;0,25869634910034733
40425;J. Alba;LB;76,0;76,31102571621383;76;0,0;0,3110257162138339
40662;N. Colazo;LB;65,0;65,3428864342013;65;0,0;0,34288643420130427
41236;N. Banegas;LB;69,0;68,79505266071436;69;0,0;0,20494733928563846
41272;L. Rodríguez;LB;66,0;65,54044707238053;66;0,0;0,45955292761946964
41596;N. Tagliafico;LB;77,0;77,37820903159508;77;0,0;0,3782090315950768
42308;Jesús Vázquez;LB;71,0;70,50276249270452;71;0,0;0,49723750729548044
42502;M. Paulo;LB;66,0;65,96270594222314;66;0,0;0,03729405777686168
42586;Kevyson;LB;64,0;63,532637540023956;64;0,0;0,4673624599760444
42751;E. Mena;LB;69,0;68,6237797137183;69;0,0;0,37622028628169346
43985;Alex Sandro;LB;75,0;75,36339923297977;75;0,0;0,3633992329797735
44214;Jamerson;LB;68,0;68,32246697641496;68;0,0;0,32246697641495814
44443;Luan Cândido;LB;66,0;65,61000284394277;66;0,0;0,38999715605723395
44679;N. Williams;LB;78,0;77,72203675301871;78;0,0;0,2779632469812867
44708;M. Kerkez;LB;79,0;79,22972707385404;79;0,0;0,22972707385403623
44941;Ramon;LB;68,0;67,95249492807606;68;0,0;0,04750507192393627
45089;L. Digne;LB;76,0;76,246663003675;76;0,0;0,24666300367499616
45134;B. Davies;LB;74,0;74,10838852324622;74;0,0;0,10838852324621939
45351;Marçal;LB;71,0;70,74935747118961;71;0,0;0,2506425288103884
45448;A. Kouassi;LB;73,0;73,42060548786257;73;0,0;0,42060548786257357
45807;G. Silva;LB;66,0;66,2989080033953;66;0,0;0,29890800339529733
46012;Caio Paulista;LB;66,0;66,21720900999881;66;0,0;0,2172090099988111
46332;Renê;LB;72,0;71,86180436689163;72;0,0;0,13819563310836713
46423;B. Humphreys;LB;74,0;73,76679852558149;74;0,0;0,23320147441850736
46458;Igor Cariús;LB;67,0;66,52483596921891;67;0,0;0,4751640307810874
46737;F. Hanin;LB;71,0;70,67706712177457;71;0,0;0,32293287822542993
46774;Nuno Tavares;LB;74,0;74,38055050509577;74;0,0;0,38055050509576915
46894;Jefté;LB;71,0;71,30418483784015;71;0,0;0,30418483784015393
47070;L. Shaw;LB;77,0;77,36538185935242;77;0,0;0,36538185935242495
47252;C. Lykogiannis;LB;71,0;70,63306587582925;71;0,0;0,3669341241707542
47464;C. Ndaba;LB;66,0;65,6264109191069;66;0,0;0,3735890808930975
47566;M. Viña;LB;73,0;72,54280696586511;73;0,0;0,4571930341348889
47630;R. Alhassane;LB;71,0;70,85680682977483;71;0,0;0,14319317022517453
47727;Alex Telles;LB;74,0;74,04522022427776;74;0,0;0,04522022427775596
47834;M. Casco;LB;71,0;71,01769120821052;71;0,0;0,017691208210521836
53475;R. Lagos;LB;65,0;65,41224665028216;65;0,0;0,4122466502821567
54121;A. Cantero;LB;68,0;68,3790249138137;68;0,0;0,3790249138136943
54169;M. Morales;LB;66,0;66,27835658581876;66;0,0;0,2783565858187558
54386;E. Ruiz;LB;62,0;62,24144891831029;62;0,0;0,24144891831029014
54429;J. Patiño;LB;65,0;65,16750292063439;65;0,0;0,16750292063439076
54446;M. Navarro;LB;71,0;70,57222752937692;71;0,0;0,42777247062308277
54822;E. Tamiche;LB;62,0;62,35004340485568;62;0,0;0,35004340485568264
54830;F. Salomoni;LB;68,0;67,9414284891343;68;0,0;0,05857151086570411
54833;C. De Las Salas;LB;67,0;66,71179578856885;67;0,0;0,28820421143115027
54862;U. Garcia;LB;71,0;71,47385559127954;71;0,0;0,4738555912795448
54864;L. Vargas;LB;66,0;65,8266169201313;66;0,0;0,1733830798686995
55400;A. Aman;LB;57,0;57,254080027104294;57;0,0;0,254080027104294
55523;A. Cabellos;LB;61,0;60,94959687421873;61;0,0;0,050403125781272706
55653;N. Allen;LB;67,0;67,4240110679393;67;0,0;0,4240110679393041
55656;G. Lucero;LB;62,0;61,72637470264716;62;0,0;0,2736252973528366
55697;J. Mina;LB;70,0;70,39045688820964;70;0,0;0,3904568882096413
55706;J. Perlaza;LB;69,0;68,5072457646515;69;0,0;0,4927542353484995
55722;J. Mosquera;LB;64,0;63,62626699901345;64;0,0;0,3737330009865474
55729;M. Valenzuela;LB;68,0;67,91635892603787;68;0,0;0,08364107396212717
55740;E. Wiemberg;LB;68,0;67,6075025483176;68;0,0;0,39249745168240224
55748;D. Gratzia;LB;68,0;67,65745714520749;68;0,0;0,34254285479251223
55759;E. Vaca;LB;64,0;63,922605915210276;64;0,0;0,07739408478972365
55772;Y. Erique;LB;67,0;67,31014556537423;67;0,0;0,31014556537422777
55792;L. Quiñónez;LB;73,0;72,87092212441819;73;0,0;0,12907787558181383
55810;M. Pernía;LB;70,0;69,68289776589474;70;0,0;0,3171022341052634
55811;F. Oliveros;LB;62,0;61,766119589935954;62;0,0;0,23388041006404592
55835;J. Cornejo;LB;65,0;64,89008413375994;65;0,0;0,10991586624005834
55847;J. Hernández;LB;64,0;64,11047901768117;64;0,0;0,11047901768117185
55849;C. Riquelme;LB;65,0;64,52169876804123;65;0,0;0,47830123195876695
55859;D. Banguero;LB;67,0;67,2751349809801;67;0,0;0,2751349809800985
55907;S. Valencia;LB;70,0;69,69505437562168;70;0,0;0,30494562437831974
55945;O. Bertel;LB;70,0;69,80354068546903;70;0,0;0,1964593145309692
55982;A. Cayetano;LB;68,0;68,39067274006905;68;0,0;0,39067274006904995
55983;E. Castillo;LB;70,0;69,62046459549417;70;0,0;0,37953540450583034
55985;N. Giraldo;LB;68,0;67,57619634196189;68;0,0;0,4238036580381106
56034;A. Salazar;LB;66,0;66,18607088859008;66;0,0;0,18607088859008059
56130;J. Angulo;LB;67,0;67,27547981381487;67;0,0;0,27547981381486863
56133;A. Díaz;LB;65,0;65,47094441363991;65;0,0;0,4709444136399128
56134;J. Navia;LB;64,0;63,520695960453025;64;0,0;0,47930403954697454
56157;T. Ostchega;LB;68,0;67,69891642644646;68;0,0;0,3010835735535409
56243;P. Reyna;LB;66,0;66,4301639147883;66;0,0;0,4301639147882952
56245;D. Ulloa;LB;65,0;65,43610595992604;65;0,0;0,4361059599260386
56252;C. Inga;LB;71,0;71,42577653218521;71;0,0;0,4257765321852105
57413;O. Scarles;LB;71,0;70,83933791999974;71;0,0;0,1606620800002645
57633;K. Ouattara;LB;72,0;72,07009816368466;72;0,0;0,07009816368466204
57636;Q. Merlin;LB;70,0;70,06810731068619;70;0,0;0,06810731068618736
57641;D. Carrillo;LB;66,0;65,59884997095938;66;0,0;0,4011500290406218
57736;Y. Suárez;LB;69,0;69,24915202093143;69;0,0;0,24915202093143307
57743;F. Bais;LB;65,0;64,52211200771927;65;0,0;0,47788799228072776
57939;D. León;LB;66,0;65,65369847082394;66;0,0;0,34630152917605983
57966;Vanderlan;LB;68,0;67,66676954710927;68;0,0;0,3332304528907315
57986;D. Flores;LB;65,0;65,00192508921572;65;0,0;0,0019250892157174349
58037;T. Cavanagh;LB;68,0;68,09449721539498;68;0,0;0,09449721539498057
58072;G. Báez;LB;70,0;70,1767547088674;70;0,0;0,1767547088674064
58091;R. Fernández;LB;66,0;66,42961878591731;66;0,0;0,42961878591731306
58096;C. López;LB;60,0;60,098330974004845;60;0,0;0,09833097400484547
58159;F. Bregante;LB;62,0;62,28175075249577;62;0,0;0,28175075249576764
58172;Kauã Prates;LB;63,0;62,73509956030971;63;0,0;0,26490043969028676
58209;T. Rodríguez;LB;65,0;64,7783648215061;65;0,0;0,2216351784938979
58212;L. Hernández;LB;64,0;64,21400800891871;64;0,0;0,21400800891871086
58215;Á. Marchese;LB;62,0;62,465259185728854;62;0,0;0,46525918572885416
58251;A. Chalá;LB;70,0;70,27528151557244;70;0,0;0,27528151557244485
58259;A. Paredes;LB;63,0;63,06352973097867;63;0,0;0,0635297309786722
58286;S. Velásquez;LB;68,0;67,98914615337983;68;0,0;0,010853846620165086
58356;J. Flores;LB;67,0;66,91985215902127;67;0,0;0,08014784097872507
58409;G. Mendoza;LB;64,0;63,50994821214313;64;0,0;0,49005178785687065
58665;A. Bernabei;LB;73,0;72,61487629147663;73;0,0;0,3851237085233663
58843;Alberto Moreno;LB;73,0;73,29451229806362;73;0,0;0,2945122980636228
59233;J. Meli;LB;68,0;68,00523698934074;68;0,0;0,005236989340744458
59333;R. Cardines;LB;64,0;63,83619850051661;64;0,0;0,16380149948339096
59335;Matheus Bidu;LB;73,0;72,78431968046962;73;0,0;0,21568031953037803
59835;R. Guerreiro;LB;75,0;75,23304056094095;75;0,0;0,2330405609409496
59993;Emerson;LB;74,0;74,13470751228469;74;0,0;0,1347075122846917
60000;D. Laxalt;LB;71,0;71,22768234317228;71;0,0;0,2276823431722761
60070;L. Diarte;LB;68,0;67,53955248830069;68;0,0;0,4604475116993143
60132;F. Angileri;LB;70,0;70,38918841785132;70;0,0;0,3891884178513152
60199;F. Álvarez;LB;65,0;65,39900716964269;65;0,0;0,3990071696426867
60254;N. Pasquini;LB;66,0;66,33954109896146;66;0,0;0,3395410989614618
60345;C. Mafla;LB;71,0;71,34883015454557;71;0,0;0,348830154545567
60365;R. Delgado;LB;69,0;68,61325304793239;69;0,0;0,386746952067611
60424;J. Mojica;LB;76,0;75,78342922199734;76;0,0;0,21657077800266222
60451;A. Masuaku;LB;72,0;71,65454100880618;72;0,0;0,34545899119382284
60633;A. Sández;LB;71,0;71,10427703679619;71;0,0;0,10427703679619071
60696;A. Rodríguez;LB;68,0;68,07294942503287;68;0,0;0,07294942503287416
60753;Abner Vinícius;LB;73,0;72,84187420513726;73;0,0;0,15812579486274103
60880;J. Godoy;LB;67,0;67,04013809886504;67;0,0;0,04013809886504305
61036;E. Gómez;LB;72,0;71,71275458744049;72;0,0;0,2872454125595141
61058;Gayá;LB;76,0;76,2439606465018;76;0,0;0,2439606465018045
61117;F. Escobar;LB;70,0;70,43876259654634;70;0,0;0,43876259654634
61606;M. Pineida;LB;65,0;65,49694519283807;65;0,0;0,49694519283806926
63106;S. Angori;LB;70,0;69,89565266114279;70;0,0;0,10434733885720959
63372;Victor Luís;LB;65,0;64,92832323292582;65;0,0;0,07167676707418025
63475;D. Barbosa;LB;66,0;65,69768093019195;66;0,0;0,3023190698080498
63500;R. Calafiori;LB;80,0;79,62101933320136;80;0,0;0,37898066679863973
63667;C. Biraghi;LB;74,0;73,60854698846671;74;0,0;0,3914530115332866
63675;Reinildo;LB;79,0;78,54783722737021;79;0,0;0,45216277262979077
63735;Mayk;LB;69,0;68,54251251241253;69;0,0;0,45748748758747126
65283;M. Olivera;LB;68,0;68,05796055616088;68;0,0;0,057960556160878696
100224;Yuri Berchiche;LB;77,0;76,64541237844381;77;0,0;0,35458762155619183
100226;A. Abdi;LB;72,0;72,44726663663779;72;0,0;0,4472666366377922
100316;Diego Rico;LB;73,0;73,43427654798565;73;0,0;0,43427654798564674
100426;Salinas;LB;71,0;70,72175626038748;71;0,0;0,27824373961252036
100458;Lucas Piton;LB;70,0;69,63302358272965;70;0,0;0,3669764172703509
100504;L. Netz;LB;73,0;72,86343995200419;73;0,0;0,13656004799581467
100630;L. Spinazzola;LB;78,0;77,65871177334344;78;0,0;0,3412882266565589
100693;G. Lopes;LB;65,0;64,53996975423539;65;0,0;0,4600302457646137
100764;Souza;LB;70,0;70,25528349168916;70;0,0;0,25528349168915554
101028;A. Robertson;LB;80,0;79,77424486097992;80;0,0;0,22575513902008026
101058;Grimaldo;LB;81,0;81,43393063508853;81;0,0;0,43393063508852947
101108;Nicolas;LB;67,0;66,97142528565855;67;0,0;0,02857471434144543
101116;Guilherme Arana;LB;72,0;72,02772851473308;72;0,0;0,027728514733084353
101245;D. Álvarez;LB;64,0;64,31358958174081;64;0,0;0,3135895817408141
101288;I. Maatsen;LB;76,0;76,1880351203172;76;0,0;0,1880351203171955
101343;Riquelme;LB;64,0;63,90461473514826;64;0,0;0,09538526485174259
101435;Matheus Bahia;LB;70,0;69,60413222210504;70;0,0;0,3958677778949635
101617;Álex Moreno;LB;75,0;74,94936509324212;75;0,0;0,050634906757878184
101667;L. Lescano;LB;65,0;65,35781867371446;65;0,0;0,35781867371446197
101691;A. Ruschel;LB;65,0;65,25770298514743;65;0,0;0,2577029851474322
101734;M. Bard;LB;76,0;76,04503422868017;76;0,0;0,04503422868016571
101761;J. Gvardiol;LB;82,0;81,95817552789359;82;0,0;0,04182447210641271
101899;I. Abraham;LB;68,0;68,31086501625745;68;0,0;0,310865016257452
102319;Mancha;LB;66,0;65,6534470585012;66;0,0;0,3465529414987998
102542;C. Bravo;LB;70,0;69,75212771246511;70;0,0;0,24787228753488932
102588;Yusi;LB;69,0;69,17884024160192;69;0,0;0,17884024160191814
102663;E. Valeri;LB;73,0;73,38285534441752;73;0,0;0,38285534441752134
102966;M. Orihuela;LB;70,0;69,8529937999373;70;0,0;0,14700620006270526
103062;Lucas Pires;LB;73,0;73,10047638503886;73;0,0;0,10047638503885992
103156;G. Ávila;LB;72,0;71,97587695144355;72;0,0;0,024123048556447202
103219;H. Kamara;LB;72,0;71,7165754038335;72;0,0;0,2834245961664976
103317;M. Acuña;LB;75,0;75,39016558724195;75;0,0;0,3901655872419525
103338;A. Aznou;LB;67,0;67,02306864341114;67;0,0;0,023068643411136236
103480;N. Fortini;LB;70,0;70,43486625662828;70;0,0;0,4348662566282826
104384;O. Ontivero;LB;63,0;62,54209102325933;63;0,0;0,45790897674066855
104540;F. Fabra;LB;71,0;70,94439022886385;71;0,0;0,0556097711361474
105088;T. Silva;LB;68,0;67,74709022180002;68;0,0;0,25290977819997806
105373;F. Carboni;LB;64,0;64,08648187458216;64;0,0;0,08648187458216228
106340;M. De Ritis;LB;68,0;67,61557919774643;68;0,0;0,38442080225357245
106496;J. Zemura;LB;72,0;71,52699418723478;72;0,0;0,4730058127652228
106541;J. Capixaba;LB;71,0;70,65865280036967;71;0,0;0,34134719963033433
106570;Vincícius Lira;LB;65,0;64,68267686834213;65;0,0;0,3173231316578722
106611;M. Hermes;LB;69,0;68,8668023306654;69;0,0;0,13319766933460642
106733;Davinchi;LB;67,0;66,50006122722672;67;0,0;0,4999387727732767
106824;L. Esteves;LB;70,0;70,45778497270791;70;0,0;0,45778497270791263
107039;R. Sayavedra;LB;64,0;64,29705303040106;64;0,0;0,29705303040105946
107410;Bruno Pacheco;LB;68,0;67,8530562468507;68;0,0;0,14694375314930141
107609;M. Frese;LB;72,0;71,61920063564635;72;0,0;0,38079936435364914
107641;A. Marušić;LB;75,0;75,29538203885743;75;0,0;0,29538203885742575
107714;A. Balde;LB;82,0;82,42160963182401;82;0,0;0,4216096318240119
107889;F. Mendy;LB;81,0;80,84988472802443;81;0,0;0,15011527197556518
107906;Angeliño;LB;76,0;76,11846242099624;76;0,0;0,11846242099623794
107922;A. Alese;LB;68,0;68,2502192410184;68;0,0;0,25021924101839943
107940;C. Verdonk;LB;69,0;69,46560398631458;69;0,0;0,46560398631457645
107957;M. Udol;LB;70,0;70,15363109814324;70;0,0;0,1536310981432365
107960;D. Machado;LB;72,0;71,8782994501546;72;0,0;0,12170054984540002
108169;Felipe Jonatan;LB;65,0;65,35156776377625;65;0,0;0,3515677637762451
108209;N. O'reilly;LB;76,0;75,79812127464574;76;0,0;0,20187872535426266
108225;K. Tsimikas;LB;76,0;76,06314199659056;76;0,0;0,0631419965905593
108352;Marlon;LB;71,0;70,88942918787055;71;0,0;0,11057081212945263
108380;Pedraza;LB;74,0;73,57930088480869;74;0,0;0,42069911519131153
108482;G. Paredes;LB;63,0;63,36934219804899;63;0,0;0,36934219804899016
108518;L. Bernasconi;LB;70,0;69,57052852023062;70;0,0;0,4294714797693757
108697;Y. Medina;LB;69,0;68,86783144854412;69;0,0;0,13216855145587658
108725;B. Pittón;LB;68,0;67,57885367540047;68;0,0;0,4211463245995333
108881;G. Suazo;LB;73,0;73,36976950426319;73;0,0;0,3697695042631892
108931;A. Robinson;LB;80,0;79,75153361453394;80;0,0;0,2484663854660596
108971;A. Boiro;LB;73,0;73,01736763513092;73;0,0;0,017367635130923986
109248;Léo Derik;LB;67,0;67,01343851176154;67;0,0;0,01343851176153521
109461;Álex Valle;LB;73,0;73,18031151839827;73;0,0;0,18031151839826975
109560;G. Fuentes;LB;70,0;69,62809974805359;70;0,0;0,3719002519464141
109743;B. Riveros;LB;70,0;70,40676005849252;70;0,0;0,40676005849252306
109849;M. Olivera;LB;76,0;75,95776686443467;76;0,0;0,0422331355653256
109872;P. Estupiñán;LB;78,0;77,93731684981839;78;0,0;0,06268315018161275
109907;G. Pezzella;LB;70,0;70,45044943034463;70;0,0;0,4504494303446336
109933;D. Domínguez;LB;59,0;59,27609698980322;59;0,0;0,2760969898032215
109934;Y. Lawson;LB;67,0;67,41173549623377;67;0,0;0,41173549623377426
109982;Patryck;LB;65,0;64,556934446933;65;0,0;0,4430655530670009
110079;B. Chilwell;LB;75,0;75,02704973380301;75;0,0;0,027049733803011122
110085;D. Guindo;LB;67,0;67,31697998163878;67;0,0;0,31697998163878083
110109;M. Luciano;LB;67,0;67,08498260719372;67;0,0;0,08498260719372297
110223;M. Trauco;LB;69,0;68,74178647476673;69;0,0;0,25821352523327334
110438;E. Pieragnolo;LB;66,0;66,47945077478795;66;0,0;0,4794507747879493
110441;R. Aït-Nouri;LB;79,0;79,18672163427938;79;0,0;0,1867216342793796
110476;B. Cufré;LB;67,0;67,43902157229601;67;0,0;0,4390215722960136
110491;G. Gudmundsson;LB;76,0;76,0488716482924;76;0,0;0,04887164829240476
110540;A. Laâziri;LB;67,0;67,41369370009191;67;0,0;0,41369370009191186
110600;A. Soto;LB;69,0;69,39536396964702;69;0,0;0,3953639696470219
110633;Javi Galán;LB;76,0;75,63366372594359;76;0,0;0,36633627405640823
110849;D. Methalie;LB;67,0;67,30187448622314;67;0,0;0,3018744862231415
110869;G. Benítez;LB;70,0;69,92255636578521;70;0,0;0,07744363421478795
110929;D. Udogie;LB;78,0;78,13908772463421;78;0,0;0,1390877246342086
110958;Toni Lato;LB;71,0;71,35194236627008;71;0,0;0,35194236627008024
110995;J. Piquerez;LB;75,0;75,3402718959093;75;0,0;0,3402718959092965
111097;P. Silva T.;LB;70,0;70,43511023556812;70;0,0;0,4351102355681178
111123;L. Hall;LB;79,0;78,68465646133447;79;0,0;0,31534353866553033
111252;T. Hernández;LB;81,0;80,96413012305656;81;0,0;0,03586987694343691
111829;L. Pétrot;LB;70,0;70,1377710840319;70;0,0;0,13777108403189686
111847;Pacha Espino;LB;72,0;71,68609150932319;72;0,0;0,31390849067680904
111933;Aihen Muñoz;LB;74,0;74,15599281138861;74;0,0;0,15599281138861443
111937;Víctor Parada;LB;69,0;69,01702519308199;69;0,0;0,017025193081991574
111956;I. Guerrico;LB;69,0;68,91142618820473;69;0,0;0,08857381179527124
111967;A. Maidana;LB;65,0;65,3651651244609;65;0,0;0,3651651244609013
112307;Y. Zouaoui;LB;68,0;68,01508214082352;68;0,0;0,015082140823523105
112468;D. Pérez;LB;68,0;67,77679269239782;68;0,0;0,22320730760218055
112510;A. Davies;LB;82,0;82,48657204839834;82;0,0;0,4865720483983438
112516;T. Ortega;LB;65,0;64,7804645991956;65;0,0;0,21953540080440348
112544;M. Nagida;LB;65,0;65,49535906487543;65;0,0;0,49535906487543
112568;A. Spörle;LB;68,0;68,13609266730836;68;0,0;0,13609266730836111
112806;R. Henry;LB;76,0;76,4463103640584;76;0,0;0,4463103640584052
112906;Gerard Martín;LB;75,0;74,5859666217886;75;0,0;0,41403337821139985
113081;G. Escobar;LB;70,0;69,83493122115785;70;0,0;0,16506877884215498
113082;J. Infante;LB;68,0;67,60849425104578;68;0,0;0,3915057489542164
113167;M. De Cuyper;LB;75,0;74,97933935437568;75;0,0;0,020660645624317908
113195;F. Parisi;LB;74,0;74,07761741491257;74;0,0;0,07761741491256657
113265;B. Sosa;LB;69,0;68,58618941946969;69;0,0;0,41381058053030984
113294;Oso;LB;68,0;67,70760909495161;68;0,0;0,2923909050483928
113340;O. Zinchenko;LB;76,0;75,91755591626772;76;0,0;0,08244408373228396
113418;E. Matus;LB;68,0;67,85391703407603;68;0,0;0,1460829659239664
113626;Carlos Augusto;LB;79,0;79,18785549237876;79;0,0;0,18785549237875898
113671;M. Espinoza;LB;68,0;68,22328579365627;68;0,0;0,22328579365627377
113787;D. Wolfe;LB;71,0;70,65390782760714;71;0,0;0,34609217239285783
113898;J. Gutiérrez;LB;66,0;65,84024761163546;66;0,0;0,15975238836453798
113936;Bruno Melo;LB;67,0;66,5463480021327;67;0,0;0,45365199786729704
113938;W. Clar;LB;69,0;68,83696987271779;69;0,0;0,16303012728221233
113969;Caio Henrique;LB;74,0;73,59790308081;74;0,0;0,4020969191900008
113974;A. González;LB;62,0;62,382034159886835;62;0,0;0,3820341598868353
114011;F. Oppegård;LB;68,0;67,88041127795947;68;0,0;0,1195887220405325
114021;R. Sessegnon;LB;76,0;75,69439977792713;76;0,0;0,30560022207286863
114143;M. Ruggeri;LB;76,0;75,6451319303406;76;0,0;0,3548680696594033
114195;P. Dorgu;LB;75,0;75,35688272261248;75;0,0;0,35688272261248244
114197;D. Spence;LB;78,0;78,44411564107608;78;0,0;0,44411564107608115
114212;D. Yongwa;LB;71,0;71,03283963188555;71;0,0;0,03283963188555106
114225;Aarón Martin;LB;71,0;70,80475075219785;71;0,0;0,19524924780215258
114294;Hugo Bueno;LB;73,0;72,71193211680803;73;0,0;0,28806788319197096
114376;Abel Bretones;LB;72,0;72,17152999704042;72;0,0;0,17152999704042315
114481;D. Sosa;LB;68,0;67,72772904846694;68;0,0;0,27227095153305925
114492;L. Esquivel;LB;68,0;67,75820217006165;68;0,0;0,2417978299383492
114523;Renan Lodi;LB;76,0;75,69168365266111;76;0,0;0,3083163473388879
114563;R. Gallo;LB;67,0;66,74043370204649;67;0,0;0,25956629795351205
114625;G. Díaz Núñez;LB;69,0;69,16425961491396;69;0,0;0,16425961491395924
114641;F. Ballo-Touré;LB;71,0;71,28546885088224;71;0,0;0,28546885088223917
114712;D. Bradarić;LB;70,0;70,49244007374864;70;0,0;0,4924400737486394
114715;G. Benedetti;LB;70,0;70,39647808654739;70;0,0;0,3964780865473898
114785;Kauã Pascini;LB;63,0;62,66478384979166;63;0,0;0,33521615020833906
114821;Weverson;LB;68,0;67,70206247175005;68;0,0;0,2979375282499461
114831;Kaiki;LB;73,0;72,93302508509977;73;0,0;0,06697491490022855
114853;R. Perraud;LB;73,0;72,63027620709245;73;0,0;0,36972379290754986
114871;M. Gutiérrez;LB;78,0;77,86219215605779;78;0,0;0,13780784394221257
114886;N. L'Huillier;LB;62,0;61,86342169940775;62;0,0;0,13657830059224807
114890;M. Lewis-Skelly;LB;76,0;75,77024390907172;76;0,0;0,22975609092827654
114903;L. Pellegrini;LB;73,0;72,737263598968;73;0,0;0,2627364010320008
114924;Q. Hartman;LB;74,0;74,34333448303883;74;0,0;0,34333448303883074
114946;S. Marcich;LB;71,0;71,26731966019314;71;0,0;0,267319660193138
115087;G. Risso Patrón;LB;67,0;66,94592467798142;67;0,0;0,054075322018576344
115103;D. Bartesaghi;LB;71,0;70,92439151413292;71;0,0;0,07560848586707891
115135;M. Del Blanco;LB;72,0;71,79902858536155;72;0,0;0,20097141463844537
115143;F. Román;LB;68,0;67,882702130455;68;0,0;0,11729786954499843
115234;A. Murphy;LB;65,0;64,8507847155884;65;0,0;0,14921528441159637
115521;T. Mitchell;LB;79,0;78,64742201101151;79;0,0;0,3525779889884859
115522;A. Truffert;LB;77,0;76,64871936718981;77;0,0;0,3512806328101874
115541;D. Sinaté;LB;59,0;58,89360558039676;59;0,0;0,10639441960324092
115842;Luciano Juba;LB;72,0;71,90736078208514;72;0,0;0,09263921791486496
115911;J. Soler;LB;68,0;68,44043416498853;68;0,0;0,44043416498853105
116495;J. Morán;LB;67,0;66,6508884875821;67;0,0;0,34911151241790606
116575;Marc Cucurella;LB;82,0;82,48807962110084;82;0,0;0,48807962110083736
116598;S. Prieto;LB;68,0;67,77799753605694;68;0,0;0,22200246394305623
116642;F. Kadıoğlu;LB;77,0;76,82330146296698;77;0,0;0,17669853703301897
116677;T. Ollila;LB;66,0;65,95924113613393;66;0,0;0,04075886386607408
116953;M. Løvik;LB;62,0;62,281763071252925;62;0,0;0,2817630712529251
117043;C. Wiley;LB;68,0;68,3721112495783;68;0,0;0,3721112495782961
117082;Pep Chavarría;LB;77,0;76,94083156812604;77;0,0;0,059168431873956706
117230;D. Vargas;LB;63,0;62,91042978448857;63;0,0;0,0895702155114293
117358;T. De Smet;LB;68,0;68,3917358750153;68;0,0;0,39173587501529994
117401;Sergi Cardona;LB;78,0;77,65231124176576;78;0,0;0,3476887582342414
117453;Manu Sánchez;LB;74,0;74,11663756956087;74;0,0;0,11663756956086502
117456;Douglas Santos;LB;75,0;74,81325692222063;75;0,0;0,1867430777793686
117464;D. Svensson;LB;78,0;77,8540828886899;78;0,0;0,14591711131009788
117542;Wendell;LB;71,0;71,0232148057626;71;0,0;0,02321480576260626
117620;J. Doig;LB;73,0;72,50026501657354;73;0,0;0,49973498342646394
117651;L. Hjelde;LB;67,0;67,19851501230585;67;0,0;0,19851501230584745
117726;J. Ekomié;LB;72,0;72,26917972443184;72;0,0;0,2691797244318366
117773;L. Blanco;LB;74,0;73,87062344872204;74;0,0;0,12937655127795722
117798;Hugo;LB;65,0;65,22416911946229;65;0,0;0,2241691194622888
117842;B. Locko;LB;71,0;71,41741921178102;71;0,0;0,4174192117810236
117931;Nuno Mendes;LB;87,0;87,32975891128044;87;0,0;0,329758911280436
117938;Fran García;LB;76,0;76,3829127273076;76;0,0;0,3829127273075983
117969;N. Cozza;LB;70,0;70,3133620442096;70;0,0;0,31336204420959746
117984;C. Ibáñez;LB;72,0;71,94941104068137;72;0,0;0,050588959318631055
118038;T. Malacia;LB;75,0;74,6712736935473;75;0,0;0,32872630645269396
118080;M. Ristić;LB;70,0;70,36930517938114;70;0,0;0,3693051793811435
118092;Álvaro Carreras;LB;79,0;78,99760646470429;79;0,0;0,0023935352957096256
118140;E. Abadia-Reda;LB;59,0;58,78535323591491;59;0,0;0,21464676408508865
118176;E. Janža;LB;69,0;68,9353734760688;69;0,0;0,06462652393119583
118178;K. Lewis-Potter;LB;74,0;74,44552442229268;74;0,0;0,44552442229267797
118200;Diego Pampín;LB;69,0;69,33504794013027;69;0,0;0,3350479401302664
118259;E. Díaz;LB;73,0;73,45403194976545;73;0,0;0,4540319497654508
118293;Arthur Gabriel;LB;67,0;67,08751540753791;67;0,0;0,08751540753790721
118322;L. Loor;LB;71,0;70,60825261553904;71;0,0;0,391747384460956
118343;J. Russo;LB;61,0;61,27961650515241;61;0,0;0,2796165051524113
118347;V. Mykolenko;LB;76,0;75,98178761974243;76;0,0;0,018212380257565997
118451;M. Melluso;LB;69,0;69,09075629721868;69;0,0;0,09075629721867529
118472;Juan Miranda;LB;73,0;72,9667385257522;73;0,0;0,033261474247794354
118479;C. Nascimento;LB;64,0;63,66435158591034;64;0,0;0,3356484140896612
118506;A. Gallo;LB;74,0;73,74034581547372;74;0,0;0,2596541845262834
118509;R. Idrissi;LB;67,0;66,92821005150552;67;0,0;0,07178994849448372
118523;M. López;LB;73,0;72,7120092416477;73;0,0;0,2879907583522936
118549;G. Trindade;LB;63,0;62,85191862767205;63;0,0;0,14808137232795104
118587;E. Báez;LB;73,0;72,97092396393678;73;0,0;0,029076036063216293
118626;Carlos Romero;LB;77,0;76,74362690764772;77;0,0;0,2563730923522769
118643;L. Balbo;LB;62,0;61,675494625645506;62;0,0;0,32450537435449434
118677;Adrià Pedrosa;LB;74,0;73,50309254939481;74;0,0;0,4969074506051925
118727;J. Rouhi;LB;66,0;66,4207227981046;66;0,0;0,420722798104606
118841;A. Cambiaso;LB;78,0;77,83177166842295;78;0,0;0,16822833157705475
118960;R. Insúa;LB;68,0;68,32178099152169;68;0,0;0,3217809915216918
118970;Juan Cruz;LB;73,0;72,73697288690506;73;0,0;0,2630271130949353
118984;Iago;LB;71,0;70,91707850563884;71;0,0;0,08292149436115892
118986;N. Sangui;LB;66,0;66,47894318113268;66;0,0;0,47894318113267786
119126;G. Mensah;LB;73,0;73,29820679201734;73;0,0;0,29820679201733924
119814;R. Hernández;LB;70,0;69,53009187963347;70;0,0;0,46990812036652585
119819;N. Nkounkou;LB;73,0;72,54935047992934;73;0,0;0,4506495200706553
119834;P. Souto;LB;66,0;65,58458824786767;66;0,0;0,4154117521323286
119868;C. Akpa;LB;74,0;73,5870061165346;74;0,0;0,4129938834654041
119882;Cristiano;LB;65,0;65,34619204993074;65;0,0;0,3461920499307354
120336;C. Ramírez;LB;70,0;69,75364868820344;70;0,0;0,246351311796559
120361;Javi López;LB;71,0;71,45402708049495;71;0,0;0,4540270804949529
121213;E. Pereyra;LB;68,0;67,66657739609441;68;0,0;0,3334226039055892
121215;D. Cáceres;LB;68,0;67,94428566635496;68;0,0;0,0557143336450423
121237;Reguilón;LB;74,0;73,57436013805908;74;0,0;0,4256398619409225
121314;Junior Firpo;LB;73,0;73,31488344101669;73;0,0;0,31488344101668986
121318;S. Arzamendia;LB;73,0;72,76002585572988;73;0,0;0,23997414427012131
121331;J. Bay;LB;69,0;68,57619765221511;69;0,0;0,42380234778488557
121340;C. Cándido;LB;69,0;68,834325045987;69;0,0;0,16567495401299936
121989;D. Cirkin;LB;72,0;72,0886317152791;72;0,0;0,08863171527910652
121990;I. Galván;LB;64,0;63,6697301711845;64;0,0;0,3302698288155028
122281;L. Marchi;LB;65,0;65,209580050462;65;0,0;0,20958005046199446
122307;Á. Angulo;LB;72,0;71,50247842554768;72;0,0;0,49752157445232115
122332;C. Carbajal;LB;66,0;66,19336746371474;66;0,0;0,19336746371473623
122699;I. Erquiaga;LB;68,0;67,67046772406333;68;0,0;0,3295322759366712
122702;Á. Ampuero;LB;63,0;62,93479655238611;63;0,0;0,06520344761388941
122733;J. Vertrouwd;LB;68,0;68,26237164518261;68;0,0;0,26237164518261125
123242;J. Bolívar;LB;66,0;66,36560904715408;66;0,0;0,3656090471540807
263879;Cura;LB;77,0;77,33327186198865;77;0,0;0,3332718619886492
264036;J. Díaz;LB;70,0;69,78510581295059;70;0,0;0,21489418704940988
264184;J. De Irastorza;LB;65,0;64,98068148992557;65;0,0;0,01931851007442731
299651;D. Romero;LB;66,0;65,87740783828754;66;0,0;0,12259216171246123
301848;S. Barbosa;LB;63,0;63,25059139114886;63;0,0;0,2505913911488591
308295;A. Artunduaga;LB;64,0;63,50760800177906;64;0,0;0,4923919982209384
308336;João Almeida;LB;62,0;61,858871134855846;62;0,0;0,1411288651441538
308487;G. Cortez;LB;69,0;68,63415599237088;69;0,0;0,3658440076291214
309872;A. Tabares;LB;66,0;65,76010499226494;66;0,0;0,23989500773505767
315544;D. Londoño;LB;71,0;70,63059510255466;71;0,0;0,3694048974453352
315546;S. Al-Najdi;LB;64,0;63,780845549450596;64;0,0;0,21915445054940363
319572;D. Mina;LB;70,0;69,7317511072714;70;0,0;0,2682488927285931
325468;Y. Hernández;LB;64,0;63,58427920032924;64;0,0;0,41572079967075837
363894;M. Jesus;LB;65,0;65,35937967427465;65;0,0;0,3593796742746491
366621;S. Cabrera;LB;68,0;67,76448549824144;68;0,0;0,23551450175855848
370709;A. Fretes;LB;64,0;64,4560666670966;64;0,0;0,45606666709659294
372821;F. Zabala;LB;69,0;69,42022603738936;69;0,0;0,42022603738935516
372860;G. Ascanio;LB;60,0;60,25360993072883;60;0,0;0,2536099307288282
376598;Cuiabano;LB;72,0;71,61420528393496;72;0,0;0,38579471606503546
379714;J. Carabalí;LB;68,0;67,75826663547883;68;0,0;0,241733364521167
379801;J. Hernández;LB;69,0;69,03619192663862;69;0,0;0,03619192663862236
1664;J. Bisanz;LMF;66,0;66,39979733561098;66;0,0;0,39979733561098385
7506;Alfon;LMF;75,0;74,58905025514647;75;0,0;0,4109497448535251
33301;S. Nanasi;LMF;73,0;73,41803729870587;73;0,0;0,4180372987058689
37087;F. Minerva;LMF;63,0;62,560912140583014;63;0,0;0,43908785941698625
37510;M. Zalazar;LMF;66,0;66,40484047439607;66;0,0;0,4048404743960674
38297;Willian;LMF;70,0;70,38038993355056;70;0,0;0,3803899335505605
41100;Juanmi;LMF;70,0;70,10965567169869;70;0,0;0,10965567169868962
41276;J. Velázquez;LMF;64,0;63,945576895822384;64;0,0;0,054423104177615755
43638;Álex Baena;LMF;79,0;79,46310854336924;79;0,0;0,4631085433692448
43761;S. Lencina;LMF;73,0;73,42970443999221;73;0,0;0,4297044399922072
43888;M. Porcel;LMF;65,0;64,91935924960559;65;0,0;0,08064075039440866
44620;Felipe Anderson;LMF;75,0;75,1268008379272;75;0,0;0,1268008379272061
44656;C. Da Costa;LMF;72,0;71,55744114793308;72;0,0;0,4425588520669237
44910;A. Sbaï;LMF;72,0;71,87259352252799;72;0,0;0,1274064774720074
45055;B. Dominguès;LMF;69,0;68,9492022590586;69;0,0;0,05079774094140532
45130;D. McNeil;LMF;76,0;75,98699257103812;76;0,0;0,01300742896188467
45358;K. Zenón;LMF;72,0;72,33776554584101;72;0,0;0,33776554584100893
45457;G. Nunes;LMF;73,0;72,87568061036761;73;0,0;0,1243193896323902
46037;Bernard;LMF;74,0;74,39228020635598;74;0,0;0,39228020635597716
46989;M. Kudus;LMF;77,0;76,98185401503544;77;0,0;0,01814598496456199
47833;D. Aquino;LMF;71,0;70,98664510386189;71;0,0;0,013354896138110917
47837;R. Sosa;LMF;74,0;74,18906223224083;74;0,0;0,18906223224082908
53389;B. Chandía;LMF;67,0;67,16537507422495;67;0,0;0,16537507422495423
54356;R. López;LMF;65,0;65,42506537788837;65;0,0;0,42506537788837306
54391;A. Rodríguez;LMF;71,0;71,09246804109472;71;0,0;0,09246804109471896
54403;J. Lerma;LMF;65,0;65,29312421669391;65;0,0;0,2931242166939114
54440;S. Al-Nasser;LMF;66,0;65,80870617458444;66;0,0;0,19129382541555628
54670;D. Torrico;LMF;66,0;65,88225586416499;66;0,0;0,11774413583501087
54757;J. Brekalo;LMF;74,0;73,51770317730369;74;0,0;0,4822968226963127
54771;Tiago;LMF;66,0;66,43402859475576;66;0,0;0,43402859475575895
54837;M. Alonso;LMF;66,0;65,80133670657936;66;0,0;0,19866329342063693
54852;I. Aliseda;LMF;76,0;76,05211560157376;76;0,0;0,05211560157376027
54858;C. Cuevas;LMF;70,0;70,09643005779128;70;0,0;0,09643005779128089
54884;Michael;LMF;75,0;75,37149427085451;75;0,0;0,37149427085451237
55053;A. Ghareeb;LMF;69,0;69,15612985338575;69;0,0;0,15612985338574958
55441;D. García;LMF;72,0;72,31873989548416;72;0,0;0,31873989548415693
55716;J. Gutiérrez;LMF;68,0;67,84346192274145;68;0,0;0,15653807725854563
55728;F. Hinestroza;LMF;66,0;65,63547793082391;66;0,0;0,36452206917608976
55852;E. Castillo;LMF;72,0;71,70779031636808;72;0,0;0,2922096836319241
55902;M. Pellegrini;LMF;72,0;72,00466011876156;72;0,0;0,004660118761563581
55950;M. Castillo;LMF;66,0;66,25713711799246;66;0,0;0,25713711799245687
56104;R. Perlaza;LMF;65,0;64,73023571308569;65;0,0;0,26976428691430954
56129;J. Enamorado;LMF;72,0;71,61627284524259;72;0,0;0,38372715475740904
56215;O. Fernández;LMF;74,0;73,53930576559462;74;0,0;0,4606942344053806
56255;J. Colmán;LMF;66,0;66,43982147180748;66;0,0;0,4398214718074769
57269;Aitor;LMF;74,0;74,08860579939125;74;0,0;0,08860579939124591
57644;K. Lukoszek;LMF;64,0;64,11916867656848;64;0,0;0,11916867656847785
57920;F. Chaverra;LMF;72,0;71,92582788206674;72;0,0;0,07417211793325862
57926;E. Cetré;LMF;74,0;73,55427396336867;74;0,0;0,4457260366313278
57997;G. Chiaverano;LMF;63,0;63,310657058782176;63;0,0;0,3106570587821764
58073;F. Waller;LMF;69,0;69,0360070741304;69;0,0;0,03600707413039572
58125;J. Saucedo;LMF;57,0;57,42405481008056;57;0,0;0,42405481008056256
58136;M. Paniagua;LMF;64,0;64,40978730423609;64;0,0;0,4097873042360902
58158;A. Martínez;LMF;69,0;69,4715485414985;69;0,0;0,4715485414985068
58178;Y. Cumaná;LMF;66,0;65,57708161325176;66;0,0;0,42291838674823623
58237;J. Rojas;LMF;70,0;69,78672367991216;70;0,0;0,21327632008784292
58239;C. Solano;LMF;66,0;66,08792169071883;66;0,0;0,08792169071882938
58247;B. Oyola;LMF;69,0;68,7710420987732;69;0,0;0,22895790122680637
58258;T. Morinigo;LMF;60,0;59,99389609712429;60;0,0;0,006103902875707945
58304;B. Calderara;LMF;67,0;66,62841653675062;67;0,0;0,3715834632493795
58309;C. Domínguez;LMF;69,0;69,26077569660787;69;0,0;0,26077569660786537
58320;B. Reyna;LMF;73,0;73,12236846523398;73;0,0;0,1223684652339756
58363;A. Cruz;LMF;70,0;69,88891984371563;70;0,0;0,11108015628437329
58405;A. Ávalos;LMF;60,0;59,676943245123184;60;0,0;0,3230567548768164
59249;M. García;LMF;66,0;66,41417729123556;66;0,0;0,4141772912355606
59358;Riquelme;LMF;77,0;77,16656420280492;77;0,0;0,16656420280492057
60042;J. Ramírez;LMF;70,0;69,83915195920835;70;0,0;0,16084804079164883
60068;J. Correa;LMF;72,0;72,03556773529199;72;0,0;0,0355677352919912
60218;A. Obando;LMF;65,0;64,64775965168948;65;0,0;0,35224034831051654
60242;D. Barrea;LMF;66,0;65,70222374655656;66;0,0;0,2977762534434447
60529;Sergi Darder;LMF;76,0;76,40004727228417;76;0,0;0,40004727228416925
60537;L. Sinisterra;LMF;72,0;71,9127758677018;72;0,0;0,08722413229820347
61402;F. Cervi;LMF;72,0;72,3148623079468;72;0,0;0,3148623079467967
61643;Y. Soteldo;LMF;74,0;74,01704255847297;74;0,0;0,017042558472965652
65281;B. Sánchez;LMF;63,0;63,381707347526586;63;0,0;0,38170734752658575
100719;L. Besozzi;LMF;70,0;70,28842504272261;70;0,0;0,2884250427226078
100922;Samuel Lino;LMF;77,0;77,25960260197958;77;0,0;0,25960260197958007
101234;M. Cornet;LMF;72,0;71,91355807619078;72;0,0;0,08644192380921822
101499;K. Arroyo;LMF;72,0;71,85572843214851;72;0,0;0,1442715678514901
101664;I. Ndiaye;LMF;81,0;80,69596836576007;81;0,0;0,3040316342399336
101725;R. Gosens;LMF;74,0;74,19830115551378;74;0,0;0,19830115551377503
101833;B. Yáñez;LMF;70,0;69,93732087438413;70;0,0;0,06267912561587252
102418;Puado;LMF;76,0;76,06999764639636;76;0,0;0,06999764639635941
103291;A. Danjuma;LMF;74,0;73,88521836957712;74;0,0;0,11478163042288259
103657;Barrenetxea;LMF;77,0;77,03249042100389;77;0,0;0,03249042100388522
103703;A. Preciado;LMF;71,0;70,6837527301899;71;0,0;0,31624726981010554
104061;K. Saverio;LMF;67,0;67,46556754423602;67;0,0;0,4655675442360234
104706;Pere Milla;LMF;74,0;73,9978833155576;74;0,0;0,002116684442398764
105274;R. Márquez;LMF;68,0;68,1053677912475;68;0,0;0,1053677912475024
105284;J. Lavega;LMF;68,0;67,71851640085254;68;0,0;0,2814835991474638
105321;Á. Barreal;LMF;75,0;74,88191568124167;75;0,0;0,11808431875833492
105379;V. Depietri;LMF;70,0;70,07837000530918;70;0,0;0,07837000530918203
105383;L. Ramazani;LMF;75,0;74,68426975039895;75;0,0;0,3157302496010459
105808;A. Castro;LMF;67,0;66,99872961573192;67;0,0;0,0012703842680821253
106280;Keno;LMF;70,0;69,57577529374215;70;0,0;0,4242247062578457
106838;J. Meneses;LMF;69,0;69,03563880411514;69;0,0;0,035638804115137646
107686;F. Dimarco;LMF;81,0;80,97301432551521;81;0,0;0,02698567448479139
107819;F. Kostić;LMF;77,0;76,58654091248127;77;0,0;0,4134590875187314
108770;T. Fernández;LMF;73,0;72,56573214903518;73;0,0;0,43426785096481524
108771;H. Tijanovich;LMF;66,0;66,11012487079576;66;0,0;0,11012487079575806
108883;A. Aravena;LMF;70,0;70,0266960706432;70;0,0;0,026696070643197345
108955;G. Diangana;LMF;72,0;71,62406423720316;72;0,0;0,3759357627968427
109079;R. Vargas;LMF;78,0;78,1143171360222;78;0,0;0,11431713602219418
110312;N. Palavecino;LMF;63,0;63,04365444100678;63;0,0;0,04365444100677962
110457;S. Grella;LMF;63,0;63,40275533196537;63;0,0;0,4027553319653734
110458;L. Pereira;LMF;69,0;69,08013241019412;69;0,0;0,08013241019412476
110576;K. Serna;LMF;74,0;73,66115458102817;74;0,0;0,33884541897182885
111067;G. Rojas;LMF;77,0;77,04463037015601;77;0,0;0,04463037015601401
111243;J. Cavallaro;LMF;68,0;67,96839653315148;68;0,0;0,031603466848523
111361;H. Fértoli;LMF;72,0;71,6293139643657;72;0,0;0,3706860356342929
112739;Giovanny;LMF;66,0;66,44759029964997;66;0,0;0,4475902996499741
112991;E. Viveros;LMF;69,0;68,96383429072242;69;0,0;0,03616570927758289
113245;J. Banel;LMF;68,0;67,58017605329141;68;0,0;0,4198239467085898
113261;J. Duranville;LMF;74,0;73,54387631451532;74;0,0;0,45612368548468396
113308;F. Fragapane;LMF;73,0;72,65306883194779;73;0,0;0,34693116805220825
113310;M. Tramoni;LMF;73,0;73,25701093832323;73;0,0;0,2570109383232335
113500;J. Menéndez;LMF;71,0;70,84209553174944;71;0,0;0,15790446825056392
113709;Javi Llabrés;LMF;71,0;70,79631796429389;71;0,0;0,20368203570610888
113839;Moleiro;LMF;80,0;80,24910621155263;80;0,0;0,24910621155262902
113995;Rick;LMF;71,0;71,25782539525275;71;0,0;0,25782539525275183
114076;Y. Arismendi;LMF;67,0;67,33110958402598;67;0,0;0,331109584025981
114116;M. Araújo;LMF;68,0;68,40637458314265;68;0,0;0,4063745831426502
114330;Biel;LMF;72,0;71,9978399295465;72;0,0;0,0021600704534989745
114394;Vitinho;LMF;73,0;73,07716482911783;73;0,0;0,07716482911783373
114431;Ó. Cortés;LMF;70,0;70,10144879660854;70;0,0;0,1014487966085369
114537;J. Gho;LMF;69,0;69,24804340060132;69;0,0;0,24804340060131835
114634;D. Tarzia;LMF;66,0;66,31977093850938;66;0,0;0,31977093850937877
114884;L. Lobato;LMF;71,0;71,16399447073489;71;0,0;0,1639944707348917
114911;T. Chirewa;LMF;66,0;65,68631114379632;66;0,0;0,31368885620368303
114983;J. Tobio Burgos;LMF;72,0;71,8547054028187;72;0,0;0,1452945971813051
114984;B. Brereton;LMF;73,0;72,67562357422125;73;0,0;0,3243764257787518
115119;T. Segovia;LMF;69,0;68,98615949677391;69;0,0;0,013840503226091982
115161;Diego López;LMF;77,0;76,81294336186743;77;0,0;0,18705663813257445
115291;T. Watson;LMF;69,0;69,451569240851;69;0,0;0,4515692408510006
115540;M. Braida;LMF;70,0;70,34856402560912;70;0,0;0,3485640256091216
116144;M. Sanabria;LMF;71,0;70,52409296227152;71;0,0;0,47590703772847576
116191;Allex;LMF;63,0;62,989886007781536;63;0,0;0,010113992218464318
116409;R. Cabral;LMF;71,0;71,12679146285653;71;0,0;0,12679146285653076
116592;T. Galván;LMF;72,0;72,20332547936796;72;0,0;0,20332547936796175
116656;N. Zalewski;LMF;76,0;76,22275431694707;76;0,0;0,22275431694707493
116956;J. Ondrejka;LMF;71,0;71,42031262878034;71;0,0;0,42031262878033715
117039;A. Urzi;LMF;71,0;71,27717668535485;71;0,0;0,27717668535484563
117289;Tete Morente;LMF;71,0;71,17993989095358;71;0,0;0,17993989095357676
117402;I. Chaira;LMF;73,0;73,38836477265835;73;0,0;0,388364772658349
117545;T. Cuello;LMF;73,0;72,62820546841141;73;0,0;0,3717945315885913
117678;Kaique Kenji;LMF;68,0;67,82198610618272;68;0,0;0,17801389381727972
117723;J. Kalumba;LMF;68,0;67,5666001201035;68;0,0;0,4333998798964984
117731;N. Angulo;LMF;72,0;72,02526824538869;72;0,0;0,02526824538868766
117771;D. Puebla;LMF;71,0;70,97248870197262;71;0,0;0,027511298027377507
118078;G. Gentile;LMF;65,0;65,25080009639701;65;0,0;0,2508000963970147
118127;A. Canelo;LMF;69,0;69,18125710764349;69;0,0;0,18125710764348923
118303;J. Ramsey;LMF;75,0;74,78830328385469;75;0,0;0,21169671614531183
118325;S. Medina;LMF;69,0;68,79723085735526;69;0,0;0,20276914264474044
118363;A. Piedrahita;LMF;69,0;69,202603219269;69;0,0;0,20260321926899394
118385;A. Sosa;LMF;66,0;66,44908566148612;66;0,0;0,44908566148612294
118421;M. Godoy;LMF;67,0;67,39949384538278;67;0,0;0,39949384538277855
118425;M. Tavernier;LMF;76,0;75,80797313497145;76;0,0;0,19202686502855215
118562;A. Gory;LMF;68,0;67,7094544152834;68;0,0;0,29054558471659675
118585;T. Adoryán;LMF;65,0;65,45138198893726;65;0,0;0,451381988937257
118592;K. Lamadrid;LMF;69,0;68,66295015211122;69;0,0;0,33704984788877823
118628;S. Andino;LMF;74,0;73,5880763761712;74;0,0;0,4119236238287982
118657;Diego Moreira;LMF;77,0;76,57693819143485;77;0,0;0,4230618085651514
118716;F. Zapiola;LMF;71,0;70,9626455386329;71;0,0;0,03735446136710152
118723;C. Ejuke;LMF;76,0;76,15617906920639;76;0,0;0,15617906920638802
118827;Hugo Álvarez;LMF;73,0;72,78729258990072;73;0,0;0,2127074100992843
118836;A. Riep;LMF;65,0;64,74479402425966;65;0,0;0,25520597574033843
118945;F. Nicola;LMF;66,0;66,0166978203672;66;0,0;0,0166978203671988
118983;B. Martínez;LMF;69,0;68,87544617215309;69;0,0;0,12455382784690983
119113;D. Hernández;LMF;70,0;69,5108768466496;70;0,0;0,48912315335040546
119131;Sergio Gómez;LMF;76,0;75,9252105816906;76;0,0;0,07478941830939334
119140;E. Ben Seghir;LMF;74,0;74,10944558645966;74;0,0;0,10944558645965685
119799;N. Vallejo;LMF;74,0;73,91134253268646;74;0,0;0,08865746731353852
119841;F. Orozco;LMF;68,0;68,06305383090984;68;0,0;0,06305383090983696
120315;E. Zeballos;LMF;77,0;77,1392703088853;77;0,0;0,13927030888530112
120327;S. Montiel;LMF;72,0;72,29732493132008;72;0,0;0,29732493132007676
123232;L. Herrera;LMF;69,0;68,55847404237255;69;0,0;0,44152595762744795
263032;B. Arce;LMF;69,0;69,06343667096681;69;0,0;0,0634366709668086
263898;Bielorruso;LMF;87,0;87,01077735345692;87;0,0;0,010777353456916217
292521;L. Piñero;LMF;68,0;67,67331893822023;68;0,0;0,32668106177976597
292559;K. Merida;LMF;59,0;59,35782580678631;59;0,0;0,35782580678630893
306125;L. Zúñiga;LMF;61,0;60,77825748434448;61;0,0;0,22174251565552083
371283;Jeffinho;LMF;72,0;72,4807182994432;72;0,0;0,4807182994431969
7857;P. Pagis;LWF;70,0;70,34703372290751;70;0,0;0,34703372290751133
16346;K. Mitoma;LWF;79,0;78,76960203777034;79;0,0;0,23039796222965947
16794;A. Benedyczak;LWF;65,0;65,39785782979868;65;0,0;0,39785782979868145
33473;Osvaldo;LWF;68,0;67,86085884828802;68;0,0;0,13914115171198205
33915;J. Gittens;LWF;78,0;78,22371362562941;78;0,0;0,223713625629415
35031;H. Guirassy;LWF;69,0;69,04315371952055;69;0,0;0,043153719520546474
37522;Nuno Moreira;LWF;70,0;70,38465359646861;70;0,0;0,38465359646860975
38858;S. El Shaarawy;LWF;75,0;75,40137775442903;75;0,0;0,4013777544290349
39913;T. Sanusi;LWF;62,0;62,07316287296732;62;0,0;0,07316287296732327
40277;David;LWF;67,0;67,39061010353814;67;0,0;0,39061010353813685
40362;Ênio;LWF;66,0;65,9221261680107;66;0,0;0,07787383198929376
41144;J. Merlo;LWF;65,0;64,7463038944599;65;0,0;0,2536961055401008
42346;Alesson;LWF;71,0;70,88162172133639;71;0,0;0,11837827866361295
42559;R. Sottil;LWF;72,0;72,22218713942925;72;0,0;0,22218713942925206
42654;G. González;LWF;65,0;65,28712267623551;65;0,0;0,28712267623551213
43695;Dudu;LWF;72,0;72,20117360517997;72;0,0;0,2011736051799744
43949;B. Guille;LWF;65,0;65,10121392232111;65;0,0;0,10121392232110793
44272;Guilherme;LWF;71,0;70,9361128140605;71;0,0;0,06388718593950671
44987;L. Melgarejo;LWF;68,0;67,50821255833418;68;0,0;0,4917874416658208
45049;B. Rodríguez;LWF;75,0;75,14344303545337;75;0,0;0,1434430354533731
45137;W. Gnonto;LWF;73,0;73,05642534899441;73;0,0;0,05642534899440932
45463;K. Schade;LWF;75,0;75,1040882385788;75;0,0;0,10408823857879668
45664;I. Zufiaurre;LWF;66,0;65,68985386319618;66;0,0;0,31014613680382297
45690;L. Angulo;LWF;71,0;71,37679633963097;71;0,0;0,37679633963097103
46023;Vitinho;LWF;68,0;68,14610429831062;68;0,0;0,14610429831061822
46049;Wanderson;LWF;72,0;71,79687205974325;72;0,0;0,20312794025674918
46951;C. Summerville;LWF;77,0;76,70476009903439;77;0,0;0,2952399009656119
47148;R. Mundle;LWF;70,0;69,85515641475028;70;0,0;0,14484358524971697
47182;Alef Manga;LWF;68,0;68,3431426489999;68;0,0;0,3431426489999012
47583;L. Janson;LWF;67,0;67,27002755849755;67;0,0;0,2700275584975458
48129;L. Díaz;LWF;86,0;86,17745756068902;86;0,0;0,17745756068902097
54348;E. Delmás;LWF;61,0;60,94812526501408;61;0,0;0,051874734985922544
54680;Y. Quiñónez;LWF;65,0;64,9939907230168;65;0,0;0,006009276983206746
54826;E. Mosquera;LWF;69,0;68,8831397768353;69;0,0;0,11686022316469291
54829;Y. Del Valle;LWF;67,0;66,93212628269707;67;0,0;0,06787371730293046
54832;A. Castro;LWF;68,0;67,68902656636698;68;0,0;0,31097343363302343
54839;Y. Orozco;LWF;68,0;67,7907886186732;68;0,0;0,20921138132679573
55128;B. Castrillón;LWF;69,0;68,55025939632804;69;0,0;0,44974060367195534
55432;J. Meza;LWF;65,0;65,1629284154429;65;0,0;0,16292841544290582
55709;J. Valencia;LWF;66,0;66,16598868277775;66;0,0;0,16598868277775125
55786;A. Alvarado;LWF;71,0;70,59234870384815;71;0,0;0,4076512961518546
55787;M. Díaz;LWF;62,0;61,92608784755959;62;0,0;0,07391215244040694
55788;Bruno Rodrigues;LWF;69,0;69,47805363025418;69;0,0;0,47805363025418046
55789;F. Mina;LWF;64,0;64,30789048568838;64;0,0;0,3078904856883753
55801;J. Cuesta;LWF;66,0;66,21187882224048;66;0,0;0,21187882224047883
55804;R. Hernández;LWF;64,0;63,87094461459627;64;0,0;0,1290553854037313
55976;F. Núñez;LWF;60,0;60,065631083821756;60;0,0;0,06563108382175642
56040;C. Cañozales;LWF;63,0;62,64559469659218;63;0,0;0,35440530340782317
56137;J. Uzeda;LWF;64,0;64,00964579850621;64;0,0;0,009645798506213055
56143;L. Cano;LWF;68,0;68,15691189228485;68;0,0;0,15691189228485314
57304;S. Mané;LWF;81,0;80,81615337596256;81;0,0;0,183846624037443
57651;L. Colitto;LWF;68,0;67,94819357434994;68;0,0;0,05180642565005655
57657;J. Vargas;LWF;65,0;65,26595971746141;65;0,0;0,26595971746141345
57901;E. Tortolero;LWF;65,0;65,00123668066915;65;0,0;0,001236680669151724
57922;J. Montaño;LWF;66,0;65,85845407385084;66;0,0;0,1415459261491634
57923;G. Mancilla;LWF;59,0;58,89076083729573;59;0,0;0,10923916270427014
57996;E. Valencia;LWF;67,0;66,88079501485579;67;0,0;0,11920498514420785
58066;E. Mereles;LWF;64,0;64,26411691151594;64;0,0;0,2641169115159414
58078;B. Arady;LWF;63,0;63,386445234474785;63;0,0;0,3864452344747846
58164;D. Vergara;LWF;73,0;73,00262928616287;73;0,0;0,0026292861628718356
58269;H. Fernández;LWF;68,0;67,92997889986803;68;0,0;0,07002110013196727
58270;E. López;LWF;64,0;64,09045926034648;64;0,0;0,09045926034647778
58273;P. Rodríguez;LWF;69,0;68,61556006977133;69;0,0;0,38443993022866607
58830;M. Solomon;LWF;74,0;74,39054459830815;74;0,0;0,39054459830815347
60425;Álvaro García;LWF;80,0;80,16366297420397;80;0,0;0,16366297420397302
60522;D. Ouattara;LWF;73,0;72,76676417646651;73;0,0;0,23323582353349082
60550;Saint-Maximin;LWF;71,0;70,63195275879266;71;0,0;0,3680472412073357
60965;Rodriguinho;LWF;64,0;63,614619325035015;64;0,0;0,38538067496498485
61031;M. Fernández;LWF;73,0;73,21994839459065;73;0,0;0,21994839459064508
63142;Fernandinho;LWF;68,0;68,32378348147326;68;0,0;0,32378348147325653
63695;K. Ramirez;LWF;67,0;67,48371086373808;67;0,0;0,48371086373808225
65142;D. González;LWF;71,0;71,17845674415999;71;0,0;0,17845674415998758
100072;A. Rebbach;LWF;70,0;69,92018477548035;70;0,0;0,07981522451964906
100904;S. Boufal;LWF;74,0;73,57873144286148;74;0,0;0,42126855713851796
100910;R. Khadra;LWF;69,0;69,32181434250364;69;0,0;0,32181434250364305
100912;F. Picault;LWF;70,0;69,71577195944325;70;0,0;0,284228040556755
101115;J. Grealish;LWF;80,0;79,62334971534119;80;0,0;0,37665028465880823
101301;L. Trossard;LWF;80,0;80,01216051405996;80;0,0;0,012160514059956995
101569;Mateus Xavier;LWF;61,0;61,23178973799166;61;0,0;0,23178973799166158
102123;G. Abuashvili;LWF;66,0;65,5186833607591;66;0,0;0,4813166392409016
102327;Fabinho;LWF;66,0;66,07382219061999;66;0,0;0,07382219061999251
102403;Vinicinho;LWF;67,0;66,90347160117085;67;0,0;0,09652839882915032
103136;I. Soumaré;LWF;70,0;70,41779649858108;70;0,0;0,41779649858108314
103181;L. Rafaelli;LWF;61,0;60,700798248195404;61;0,0;0,2992017518045955
103505;A. Garnacho;LWF;79,0;79,49664470868893;79;0,0;0,4966447086889332
103612;Berenguer;LWF;78,0;77,89868230240857;78;0,0;0,10131769759142628
103625;L. Banda;LWF;70,0;69,5540219433418;70;0,0;0,44597805665820545
104241;A. Peñaranda;LWF;67,0;66,69793208372187;67;0,0;0,30206791627813345
104344;D. Crego;LWF;65,0;64,75634244301061;65;0,0;0,2436575569893904
104417;Kike Barja;LWF;72,0;72,41114209020563;72;0,0;0,41114209020562953
104466;Jesús Rodríguez;LWF;73,0;73,39637210787873;73;0,0;0,396372107878733
104503;Isaac;LWF;65,0;65,02860797678755;65;0,0;0,02860797678755489
104636;A. Santos;LWF;69,0;69,44062440513834;69;0,0;0,4406244051383368
104666;I. Jansson;LWF;70,0;69,81057603180902;70;0,0;0,1894239681909795
105423;Paco Cortés;LWF;65,0;65,38143181109362;65;0,0;0,3814318110936199
105457;João Félix;LWF;80,0;79,7416274376589;80;0,0;0,2583725623410942
105482;J. Nsumoh;LWF;62,0;61,5049809478581;62;0,0;0,4950190521418989
106238;Julimar;LWF;70,0;69,75016337693985;70;0,0;0,24983662306014764
106410;A. Iwobi;LWF;77,0;76,58511425745968;77;0,0;0,41488574254032073
106476;M. Godo;LWF;71,0;71,46320072192147;71;0,0;0,4632007219214671
106617;Perdo Rocha;LWF;71,0;71,30519001450374;71;0,0;0,3051900145037365
106773;M. Simon;LWF;69,0;69,23471364656058;69;0,0;0,23471364656057858
106832;C. Jaime;LWF;66,0;65,93778995709359;66;0,0;0,06221004290641474
106929;P. Baya;LWF;65,0;65,11520920674292;65;0,0;0,11520920674291801
107256;G. Martinelli;LWF;80,0;80,14016003616501;80;0,0;0,14016003616501393
107635;Q. Ndjantou;LWF;68,0;67,73303472750784;68;0,0;0,2669652724921576
107646;J. Boga;LWF;75,0;74,60749005369844;75;0,0;0,39250994630155844
107782;Roger;LWF;60,0;60,2000502065108;60;0,0;0,2000502065108023
107784;M. Moreno;LWF;69,0;68,85703646261832;69;0,0;0,1429635373816751
108079;E. Buendía;LWF;75,0;74,79495875528173;75;0,0;0,20504124471827367
108118;Ferreirinha;LWF;72,0;72,46562158831165;72;0,0;0,4656215883116488
108577;N. Ferreira;LWF;64,0;63,94641039723787;64;0,0;0,05358960276213054
108689;W. Mike;LWF;62,0;61,77594546732807;62;0,0;0,22405453267192854
108875;A. Velasco;LWF;72,0;71,85794449547993;72;0,0;0,14205550452007287
108895;J. Carbonero;LWF;75,0;74,5032770526664;75;0,0;0,4967229473335948
108948;S. Gnabry;LWF;79,0;79,33504541253998;79;0,0;0,33504541253998354
109046;D. Johnsen;LWF;67,0;67,24449754252261;67;0,0;0,24449754252260902
109179;L. Da Cunha;LWF;71,0;71,3246852815073;71;0,0;0,3246852815072998
109263;M. Zaccagni;LWF;79,0;78,77040323127937;79;0,0;0,22959676872062573
109396;R. Ngumoha;LWF;70,0;69,80346275725665;70;0,0;0,1965372427433465
110069;T. George;LWF;69,0;69,03035898022577;69;0,0;0,030358980225770438
110368;G. Mendoza;LWF;62,0;62,40630496509131;62;0,0;0,40630496509130865
110461;M. Cafaro;LWF;67,0;67,29513584285499;67;0,0;0,2951358428549895
110523;P. Mboup;LWF;63,0;62,97911504390679;63;0,0;0,02088495609321228
110638;M. Rashford;LWF;79,0;79,01684672768071;79;0,0;0,016846727680714935
110644;Raphinha;LWF;87,0;86,77731459122302;87;0,0;0,22268540877698229
110801;G. Perrin;LWF;73,0;72,59868875005222;73;0,0;0,40131124994778133
110948;S. Villa;LWF;75,0;74,69562556743489;75;0,0;0,3043744325651119
111000;Wesley;LWF;70,0;69,50556180224702;70;0,0;0,49443819775298437
111033;Ansu Fati;LWF;74,0;73,73110370469655;74;0,0;0,26889629530344905
111058;T. Conechny;LWF;69,0;69,17472390651349;69;0,0;0,174723906513492
111062;B. Domínguez;LWF;73,0;72,80629362154615;73;0,0;0,19370637845385374
111203;N. Silva;LWF;70,0;69,64930994685318;70;0,0;0,35069005314682045
111289;Adrián Liso;LWF;70,0;69,673865167979;70;0,0;0,3261348320209976
111328;B. Aguirre;LWF;70,0;70,0739093699856;70;0,0;0,07390936998559994
111844;Kvaratskhelia;LWF;85,0;85,29419072576594;85;0,0;0,29419072576594374
111859;T. Begić;LWF;62,0;62,4047455567251;62;0,0;0,4047455567251035
111978;R. Himbert;LWF;67,0;67,28750185951938;67;0,0;0,2875018595193808
112031;A. Fadera;LWF;70,0;69,95091491312209;70;0,0;0,049085086877909134
112417;Y. Gboho;LWF;69,0;68,88910848179734;69;0,0;0,11089151820266352
112446;S. Iling-Junior;LWF;69,0;69,4970228300569;69;0,0;0,4970228300569062
112469;Maurício Garcez;LWF;65,0;64,79979205018863;65;0,0;0,20020794981137158
112746;Wermeson;LWF;64,0;63,674428170983255;64;0,0;0,3255718290167451
112833;J. Lopez;LWF;63,0;63,36244245838772;63;0,0;0,3624424583877186
112893;H. Vaca;LWF;67,0;66,77449089193887;67;0,0;0,22550910806113222
112921;M. Lovera;LWF;70,0;69,66866520244493;70;0,0;0,33133479755507267
113162;Lucas Silva;LWF;67,0;66,5420316904505;67;0,0;0,45796830954949996
113297;J. Bruun Larsen;LWF;70,0;70,03885188994289;70;0,0;0,03885188994289024
113608;Nico Williams;LWF;83,0;83,44877248229173;83;0,0;0,44877248229173006
113782;D. Bakola;LWF;66,0;66,38096796996459;66;0,0;0,3809679699645869
113803;Abde;LWF;78,0;77,70930518266263;78;0,0;0,2906948173373678
113810;Ítalo Vargas;LWF;65,0;65,0120961875922;65;0,0;0,01209618759220632
113827;Á. Verón;LWF;61,0;61,22092363073887;61;0,0;0,22092363073886645
113855;N. Briasco;LWF;66,0;66,17801726074981;66;0,0;0,1780172607498116
113933;Moisés;LWF;70,0;69,90890863684447;70;0,0;0,09109136315552746
114003;J. Doku;LWF;82,0;81,84483023061736;82;0,0;0,15516976938263838
114077;W. Núñez;LWF;68,0;67,71927073239175;68;0,0;0,2807292676082511
114194;Félix Correia;LWF;73,0;73,36437236059452;73;0,0;0,3643723605945155
114219;S. López;LWF;67,0;67,41808797099196;67;0,0;0,41808797099196227
114235;F. Chiesa;LWF;78,0;78,10186067442535;78;0,0;0,10186067442535318
114257;E. Taborda;LWF;65,0;64,95378811504209;65;0,0;0,04621188495791273
114273;Bruninho;LWF;63,0;63,10858973746799;63;0,0;0,10858973746798739
114282;L. Buffon;LWF;57,0;56,629684886864624;57;0,0;0,37031511313537635
114284;B. Barcola;LWF;83,0;83,04238501462123;83;0,0;0,042385014621231676
114347;J. Silva;LWF;67,0;66,5887784717594;67;0,0;0,41122152824060265
114395;A. Bermont;LWF;62,0;62,016448283970476;62;0,0;0,01644828397047604
114396;S. Diop;LWF;73,0;73,32785627312526;73;0,0;0,32785627312526344
114419;Bryan Zaragoza;LWF;76,0;75,85029771188857;76;0,0;0,1497022881114276
114540;Breno Lopes;LWF;70,0;69,60161386300618;70;0,0;0,3983861369938211
114709;W. Mazzantti;LWF;70,0;69,75835885167679;70;0,0;0,24164114832321104
114766;F. Kalinger;LWF;63,0;63,154535423746296;63;0,0;0,15453542374629592
114855;H. Barnes;LWF;77,0;77,46988985398549;77;0,0;0,4698898539854923
114877;L. Michal;LWF;66,0;66,28157434387282;66;0,0;0,2815743438728191
114927;A. Sima;LWF;67,0;66,93067886226108;67;0,0;0,06932113773892468
114967;Víctor Muñoz;LWF;74,0;74,47522925886572;74;0,0;0,4752292588657241
114970;J. Arizala;LWF;65,0;64,65447459859257;65;0,0;0,3455254014074285
115023;G. Togni;LWF;71,0;70,92822026804467;71;0,0;0,07177973195533127
115128;D. Aguilar;LWF;64,0;63,62976667330025;64;0,0;0,37023332669974707
115162;A. Diao;LWF;75,0;74,90101674828637;75;0,0;0,09898325171363354
115175;L. Pastrán;LWF;69,0;68,55947725472663;69;0,0;0,44052274527336976
115538;P. Barrios;LWF;69,0;69,04723661725929;69;0,0;0,04723661725928707
115778;W. Swedberg;LWF;71,0;70,58145118043966;71;0,0;0,4185488195603426
115841;H. Mosquera;LWF;70,0;69,57563133566836;70;0,0;0,424368664331638
115924;Erick Pulga;LWF;74,0;74,13532975851071;74;0,0;0,13532975851070717
115989;Davi Gomes;LWF;64,0;63,88892654808968;64;0,0;0,11107345191032181
115997;Afonso Moreira;LWF;73,0;72,66805742361308;73;0,0;0,33194257638692193
116145;G. Infantino;LWF;64,0;64,1336266937305;64;0,0;0,1336266937305055
116270;Kevin;LWF;73,0;72,88761673660916;73;0,0;0,11238326339083926
116446;N. Cambiaghi;LWF;73,0;73,35907903813259;73;0,0;0,3590790381325917
116484;M. Silvetti;LWF;67,0;66,59969660041972;67;0,0;0,40030339958028094
116625;K. Sulemana;LWF;72,0;71,80374768173304;72;0,0;0,1962523182669571
116667;Jan Virgili;LWF;73,0;72,94073175049117;73;0,0;0,05926824950883258
116708;M. Mudryk;LWF;74,0;74,12111167029978;74;0,0;0,12111167029978276
116751;Ferran Torres;LWF;83,0;82,72723918062117;83;0,0;0,27276081937883134
116959;A. Njie;LWF;66,0;65,77330664208709;66;0,0;0,22669335791290735
117047;Vinícius Júnior;LWF;88,0;87,94645411931242;88;0,0;0,053545880687579483
117485;T. Magno;LWF;71,0;70,68826584576288;71;0,0;0,31173415423711504
117567;M. González;LWF;61,0;61,373370977334396;61;0,0;0,37337097733439606
117576;A. Zerbin;LWF;72,0;72,40472648523046;72;0,0;0,40472648523045507
117582;V. Birmančević;LWF;73,0;73,46739914236063;73;0,0;0,46739914236063385
117604;C. Franco;LWF;60,0;60,3603960907565;60;0,0;0,3603960907565025
117689;J. Campaz;LWF;74,0;73,68176110327519;74;0,0;0,3182388967248073
117699;M. Trésor;LWF;70,0;69,83220213353023;70;0,0;0,16779786646976902
117786;Robinho Júnior;LWF;67,0;66,64525928090343;67;0,0;0,35474071909656857
117901;Joel Roca;LWF;72,0;72,39523359651771;72;0,0;0,3952335965177127
117981;M. Khlan;LWF;67,0;66,64663192648067;67;0,0;0,3533680735193343
118007;J. Sancho;LWF;77,0;77,30418622044179;77;0,0;0,30418622044179244
118173;J. Mercado;LWF;67,0;66,62693386063509;67;0,0;0,3730661393649086
118175;Nico Serrano;LWF;70,0;69,62193159786287;70;0,0;0,37806840213713144
118379;Bryan Gil;LWF;75,0;75,39030708379583;75;0,0;0,39030708379583245
118434;M. Felici;LWF;71,0;71,40397456255299;71;0,0;0,4039745625529889
118634;Allanzinho;LWF;66,0;65,68101250041023;66;0,0;0,3189874995897668
118686;M. Tel;LWF;76,0;75,63470356021693;76;0,0;0,3652964397830658
118687;M. Fofana;LWF;76,0;76,11856428717635;76;0,0;0,11856428717635481
118732;Edson Carioca;LWF;67,0;66,69324404195262;67;0,0;0,30675595804737554
118936;B. Álvarez;LWF;62,0;61,91499081750891;62;0,0;0,0850091824910919
118946;M. Panaro;LWF;67,0;66,71641283206934;67;0,0;0,2835871679306621
118954;S. Sosa;LWF;67,0;67,0931195827694;67;0,0;0,09311958276940402
118969;O. Sahraoui;LWF;73,0;73,26908231811424;73;0,0;0,26908231811424344
118987;K. Coman;LWF;79,0;79,22241219776913;79;0,0;0,22241219776913113
119143;J. Anthony;LWF;73,0;72,80209576953585;73;0,0;0,19790423046414674
119153;Rafael Leão;LWF;83,0;82,86989396140298;83;0,0;0,1301060385970203
119830;Igor Paixão;LWF;76,0;76,03254679059516;76;0,0;0,032546790595162634
119892;Raúl Moro;LWF;75,0;74,71336261505552;75;0,0;0,2866373849444841
120300;F. Amuzu;LWF;73,0;72,91301404612791;73;0,0;0,08698595387208741
120309;C. Hudson-Odoi;LWF;76,0;76,0237138082953;76;0,0;0,023713808295298122
120368;A. Gordon;LWF;79,0;78,5145560841672;79;0,0;0,48544391583280344
121224;E. González;LWF;65,0;64,93891354544452;65;0,0;0,06108645455547901
121958;J. Rowe;LWF;73,0;73,37343098586263;73;0,0;0,37343098586262613
121996;L. Koleosho;LWF;69,0;68,98511265413336;69;0,0;0,01488734586664009
122012;C. Gakpo;LWF;80,0;79,80344492609915;80;0,0;0,19655507390085347
122314;C. Montes;LWF;67,0;67,30253239647557;67;0,0;0,30253239647556995
122331;J. Manzaneda;LWF;65,0;65,2075038297115;65;0,0;0,2075038297114986
122342;M. Castro;LWF;69,0;68,59175870356955;69;0,0;0,4082412964304467
122728;N. Lang;LWF;78,0;77,70671850073502;78;0,0;0,29328149926497815
122934;M. Chaparro;LWF;63,0;63,08358609124559;63;0,0;0,0835860912455928
123442;S. Mosquera;LWF;68,0;68,28191883085813;68;0,0;0,28191883085813174
123726;A. Lauriente;LWF;77,0;76,54885681353949;77;0,0;0,4511431864605129
124295;M. Mundaca;LWF;65,0;65,04788413877799;65;0,0;0,04788413877798803
262959;A. Sarmiento;LWF;69,0;69,06572789278717;69;0,0;0,06572789278716584
264664;M. Fernández;LWF;67,0;66,6304106499954;67;0,0;0,3695893500046026
299562;B. Méndez;LWF;56,0;55,95408440513479;56;0,0;0,0459155948652068
307653;Matheus Martins;LWF;72,0;71,8189299156566;72;0,0;0,18107008434340344
308506;D. Ruiz Rivera;LWF;68,0;68,42780961245553;68;0,0;0,4278096124555333
322947;L. Hernández;LWF;64,0;64,37651969391997;64;0,0;0,376519693919974
323595;Éverton C.;LWF;77,0;76,87271861509674;77;0,0;0,1272813849032559
325168;L. Iberico;LWF;66,0;66,34942901809715;66;0,0;0,34942901809715465
325170;Grosso;LWF;91,0;90,81146033115206;91;0,0;0,1885396688479375
325174;Capi;LWF;89,0;89,16605427944637;89;0,0;0,16605427944637086
368379;L. Cepeda;LWF;69,0;68,91320725861598;69;0,0;0,08679274138401638
372206;G. Cantizano;LWF;62,0;62,331547192485786;62;0,0;0,331547192485786
4884;J. Bogle;RB;74,0;73,9526873382229;74;0,0;0,0473126617770987
8849;E. Mancuso;RB;72,0;71,52810713151793;72;0,0;0,47189286848207246
31018;Daniel Borges;RB;68,0;67,9046188332226;68;0,0;0,0953811667774005
32470;Bruno Gomes;RB;71,0;70,69114592181568;71;0,0;0,308854078184325
32566;Dieguinho;RB;70,0;70,05223894129429;70;0,0;0,05223894129429141
32919;Paulo Henrique;RB;75,0;75,1513816175468;75;0,0;0,15138161754680368
33041;Yan Couto;RB;76,0;75,61886755615986;76;0,0;0,3811324438401442
33075;L. De Silvestri;RB;69,0;69,04463894478361;69;0,0;0,044638944783613965
34882;J. Timber;RB;82,0;82,33114267466948;82;0,0;0,3311426746694792
36945;Fagner;RB;71,0;70,72000724055198;71;0,0;0,27999275944802093
37030;Arguibide;RB;64,0;64,26456759832904;64;0,0;0,2645675983290374
37140;M. Darmian;RB;76,0;76,47705417101652;76;0,0;0,47705417101651904
37337;M. Isla;RB;68,0;68,4280761519788;68;0,0;0,4280761519788001
37356;Guga;RB;71,0;70,5746275710535;71;0,0;0,4253724289465026
37405;M. Alexandre;RB;67,0;66,59774470467957;67;0,0;0,4022552953204297
37518;J. Hurtado;RB;72,0;71,7188868957911;72;0,0;0,2811131042088988
38199;Emerson Royal;RB;73,0;73,19335445070904;73;0,0;0,19335445070903745
38292;I. Andrada;RB;65,0;65,19276940568582;65;0,0;0,1927694056858229
38810;Lucas Ramon;RB;71,0;70,80303217129918;71;0,0;0,19696782870082075
39441;A. Hickey;RB;73,0;73,39268666183503;73;0,0;0,39268666183502887
40283;S. Coleman;RB;70,0;70,3929157585511;70;0,0;0,39291575855109784
40568;Igor Vinícius;RB;72,0;71,72188207220945;72;0,0;0,27811792779054656
40617;J. Gordon;RB;69,0;68,7066663248883;69;0,0;0,29333367511169683
41119;K. Walker;RB;75,0;75,4297021893731;75;0,0;0,4297021893731028
41686;D. Muñoz;RB;80,0;80,13637418707117;80;0,0;0,13637418707116922
41975;A. González;RB;69,0;69,43998282082771;69;0,0;0,43998282082770857
42125;M. Galarza;RB;75,0;74,82677120526809;75;0,0;0,17322879473191222
42322;Kiko Femenía;RB;73,0;73,4841465849168;73;0,0;0,4841465849168003
42433;M. Bracamonte;RB;65,0;64,53715159327356;65;0,0;0,4628484067264367
42535;Cédric;RB;68,0;68,26291169311617;68;0,0;0,26291169311616613
42606;J. Stanišić;RB;77,0;77,04866100882347;77;0,0;0,048661008823472685
42892;Sergi Roberto;RB;73,0;73,15019736098442;73;0,0;0,15019736098442138
43058;R. Ramos;RB;69,0;69,128368271007;69;0,0;0,12836827100700532
43166;M. Doherty;RB;73,0;72,74852316876586;73;0,0;0,2514768312341431
43210;Juan Iglesias;RB;73,0;73,36572174295043;73;0,0;0,36572174295042714
43815;U. Ciccioli;RB;64,0;64,13856193053866;64;0,0;0,13856193053865695
44637;A. Nyom;RB;71,0;70,80408846064854;71;0,0;0,19591153935145655
44857;S. Arias;RB;72,0;72,00005108430216;72;0,0;5,1084302157278216e-05
44858;Hereda;RB;66,0;66,28557980559295;66;0,0;0,2855798055929455
44953;D. Suárez;RB;68,0;67,62088124963086;68;0,0;0,37911875036914466
45069;L. Abecasis;RB;65,0;65,39302381309822;65;0,0;0,39302381309822465
45113;D. Foulquier;RB;73,0;72,67283429303856;73;0,0;0,32716570696143776
45120;K. Lala;RB;71,0;70,56441462762564;71;0,0;0,4355853723743621
46350;Marcos Vinícius;RB;67,0;66,71758735816944;67;0,0;0,28241264183056103
46498;D. Sidibé;RB;70,0;69,88003525984597;70;0,0;0,1199647401540318
46642;Van Der Brempt;RB;71,0;70,65676333512631;71;0,0;0,343236664873686
46647;T. Meunier;RB;73,0;73,29222302035286;73;0,0;0,2922230203528642
46752;Fabiano;RB;72,0;71,58559551567593;72;0,0;0,4144044843240664
46850;J. Veltman;RB;76,0;76,35883124543736;76;0,0;0,3588312454373579
47012;K. Coronel;RB;67,0;67,06526878979595;67;0,0;0,06526878979595097
47115;João Mário;RB;76,0;75,56924946736065;76;0,0;0,43075053263935104
47238;N. Clyne;RB;70,0;70,37728994658318;70;0,0;0,3772899465831756
47357;Areso;RB;75,0;74,5687403170436;75;0,0;0,4312596829563944
47405;Jonny;RB;75,0;74,82866860828592;75;0,0;0,17133139171407663
47419;M. Colin;RB;69,0;69,1348135390858;69;0,0;0,13481353908579763
47787;João Cancelo;RB;80,0;79,9187002191424;80;0,0;0,0812997808576057
47933;J. García;RB;74,0;73,84297495704038;74;0,0;0,15702504295961717
53384;B. Gutiérrez;RB;64,0;63,65294868752248;64;0,0;0,3470513124775181
53474;J. Guerrero;RB;69,0;68,9933174554305;69;0,0;0,006682544569500237
53906;J. Alfaro;RB;65,0;65,32080005298566;65;0,0;0,3208000529856605
54400;M. Fernández;RB;71,0;70,61077089484522;71;0,0;0,38922910515478293
54787;Mayke;RB;69,0;69,44676842807382;69;0,0;0,446768428073824
54791;S. Posch;RB;72,0;71,54046615480996;72;0,0;0,4595338451900375
54798;Marcos Rocha;RB;70,0;70,04266396987249;70;0,0;0,04266396987249266
54820;I. Alba;RB;67,0;66,58019869401541;67;0,0;0,419801305984592
54825;B. Duarte;RB;63,0;62,51521905333665;63;0,0;0,48478094666334925
54849;J. Cuero;RB;66,0;65,9868998044276;66;0,0;0,013100195572405937
54851;L. Soza;RB;69,0;69,25701773700158;69;0,0;0,2570177370015756
54855;D. Escobar;RB;65,0;65,09212808191529;65;0,0;0,0921280819152912
55037;S. Al-Ghannam;RB;72,0;71,72428323498384;72;0,0;0,2757167650161563
55043;N. Boushal;RB;73,0;72,9693510637224;73;0,0;0,03064893627760057
55412;D. Montenegro;RB;66,0;65,8079721847487;66;0,0;0,19202781525129353
55708;M. Puerta;RB;68,0;68,24335251006468;68;0,0;0,24335251006468184
55719;C. Gómez;RB;63,0;62,879354970948256;63;0,0;0,12064502905174379
55724;A. Gutiérrez;RB;69,0;69,46391324611521;69;0,0;0,46391324611521156
55747;L. Palacios;RB;68,0;67,66357839143036;68;0,0;0,336421608569637
55784;D. De La Cruz;RB;70,0;69,90796688261685;70;0,0;0,09203311738315278
55809;M. Guaramato;RB;67,0;67,24916367456022;67;0,0;0,24916367456022215
55855;J. Espinoza;RB;71,0;70,87743335370492;71;0,0;0,12256664629508407
55896;C. Sarabia;RB;66,0;66,49627105801237;66;0,0;0,49627105801236837
55949;Y. Candelo;RB;70,0;70,01630309712462;70;0,0;0,01630309712462008
55972;F. Perdomo;RB;67,0;66,95562056578605;67;0,0;0,044379434213951185
55984;K. Amaro;RB;70,0;69,91426297076941;70;0,0;0,0857370292305859
55991;Y. Perlaza;RB;66,0;66,38319148950868;66;0,0;0,38319148950867543
56026;E. Mena;RB;69,0;69,02839569834767;69;0,0;0,028395698347665643
56036;S. Martín;RB;65,0;64,82942142088136;65;0,0;0,17057857911864005
56037;A. Román;RB;71,0;70,53313076794922;71;0,0;0,466869232050783
56039;J. Castro;RB;68,0;67,50032555591073;68;0,0;0,49967444408926553
56059;N. Hernández;RB;68,0;67,73191430701516;68;0,0;0,2680856929848403
56120;N. Fernández;RB;68,0;68,16389683756813;68;0,0;0,16389683756813156
56122;S. Navarro;RB;67,0;66,59245726922919;67;0,0;0,40754273077081393
56148;N. Sansotre;RB;64,0;64,24507553100618;64;0,0;0,2450755310061794
56153;L. Di Placido;RB;69,0;69,09180475195944;69;0,0;0,09180475195944382
56174;P. Ramírez;RB;66,0;66,14082893269702;66;0,0;0,14082893269701913
56185;P. Bonilla;RB;67,0;66,93612181750318;67;0,0;0,06387818249682198
56190;A. Vigo;RB;70,0;70,24113387664845;70;0,0;0,24113387664844765
56312;Y. Moreno;RB;68,0;67,64183621627431;68;0,0;0,35816378372568636
57256;Wesley;RB;78,0;77,91328254816706;78;0,0;0,08671745183293922
57280;Khellven;RB;71,0;71,35270501941974;71;0,0;0,3527050194197443
57353;Carvajal;RB;82,0;81,95685676853714;82;0,0;0,043143231462863696
57622;J. Teze;RB;76,0;75,84145754389792;76;0,0;0,15854245610208295
57624;E. Herrera;RB;67,0;66,88879197997557;67;0,0;0,11120802002443497
57910;D. Romero;RB;67,0;66,74427393297196;67;0,0;0,2557260670280357
57916;H. Palacios;RB;67,0;67,25306191948573;67;0,0;0,25306191948573087
57919;J. Viveros;RB;61,0;61,10963219256614;61;0,0;0,10963219256613854
58035;D. Medina;RB;67,0;67,09326630817348;67;0,0;0,09326630817348303
58046;C. Rodríguez;RB;63,0;63,2239721941655;63;0,0;0,22397219416549774
58047;C. Medina;RB;62,0;61,814029369086846;62;0,0;0,1859706309131539
58061;G. Varela;RB;76,0;76,30619148092701;76;0,0;0,3061914809270121
58062;E. Ancheta;RB;70,0;69,99735026478034;70;0,0;0,00264973521966283
58063;N. Rodríguez;RB;69,0;68,76060643204752;69;0,0;0,2393935679524759
58145;R. Gómez;RB;64,0;64,20564044602219;64;0,0;0,205640446022187
58160;A. Benítez;RB;69,0;68,6504599951231;69;0,0;0,34954000487689996
58208;Y. Rocha;RB;66,0;65,56856460694941;66;0,0;0,43143539305059164
58214;P. Milans;RB;71,0;71,18889772800887;71;0,0;0,18889772800886817
58219;L. Paz;RB;63,0;62,60637784153428;63;0,0;0,3936221584657176
58229;Y. Hurtado;RB;69,0;69,3491971114049;69;0,0;0,34919711140490506
58232;B. Castillo;RB;71,0;70,8904841040548;71;0,0;0,10951589594519362
58234;W. Vargas;RB;68,0;67,78827317332237;68;0,0;0,21172682667763354
58241;B. Carabalí;RB;71,0;70,85789764289714;71;0,0;0,142102357102857
58266;C. Olmedo;RB;64,0;63,66896263073376;64;0,0;0,33103736926624094
58287;T. Santamaría;RB;69,0;68,53381456449866;69;0,0;0,4661854355013446
58311;F. Mater;RB;70,0;70,16326478960552;70;0,0;0,16326478960552038
58338;A. Troche;RB;64,0;63,723651367466275;64;0,0;0,27634863253372544
58364;W. Saucedo;RB;67,0;67,38018193696075;67;0,0;0,38018193696075286
58365;I. Boatwright;RB;59,0;59,35327914941475;59;0,0;0,35327914941475314
58400;J. Saborido;RB;69,0;69,42525734771552;69;0,0;0,42525734771551527
59407;Ó. Opazo;RB;66,0;66,19295274036133;66;0,0;0,19295274036133492
59443;B. Cerezo;RB;68,0;67,83465879081817;68;0,0;0,16534120918183248
59474;Dudu;RB;68,0;67,91523857250502;68;0,0;0,08476142749498194
59596;K. Tete;RB;77,0;76,88392564345054;77;0,0;0,1160743565494613
60036;A. Sant'Anna;RB;69,0;68,79128773511053;69;0,0;0,2087122648894706
60096;G. Benavídez;RB;71,0;71,47677391111;71;0,0;0,47677391111000134
60201;R. Saravia;RB;71,0;71,21620835804411;71;0,0;0,21620835804411342
60505;J. Rodríguez;RB;72,0;71,78337704650603;72;0,0;0,21662295349396743
60518;M. Sáček;RB;68,0;67,69281230516766;68;0,0;0,30718769483233643
60523;R. James;RB;80,0;80,2197875350523;80;0,0;0,21978753505230486
60581;E. Beltrán;RB;66,0;65,55739267718354;66;0,0;0,44260732281645687
60916;Z. Çelik;RB;76,0;75,9312407574821;76;0,0;0,06875924251789911
61489;Á. Preciado;RB;75,0;74,9971361194133;75;0,0;0,002863880586701839
63294;V. Moreno;RB;68,0;68,39404813139097;68;0,0;0,3940481313909743
63314;I. Pillud;RB;68,0;67,64930930734809;68;0,0;0,35069069265190933
63339;L. Jara;RB;68,0;68,34475867553722;68;0,0;0,3447586755372214
63370;Hugo Rincón;RB;73,0;73,00891982704552;73;0,0;0,008919827045517081
63392;I. Campo;RB;63,0;62,5687645910494;63;0,0;0,43123540895059875
63702;Gilberto;RB;71,0;71,33243839306975;71;0,0;0,33243839306975076
63719;William;RB;73,0;72,70476716114142;73;0,0;0,2952328388585812
100092;T. Esteves;RB;68,0;68,36664482558437;68;0,0;0,3666448255843733
100101;G. Compagnucci;RB;66,0;65,83868453650334;66;0,0;0,16131546349666337
100134;S. Moyano;RB;68,0;68,00460579880027;68;0,0;0,004605798800270122
100219;E. Holm;RB;74,0;73,68490571065996;74;0,0;0,31509428934003836
100249;I. Smolčić;RB;72,0;71,89668031872637;72;0,0;0,10331968127363211
100299;K. Trippier;RB;76,0;75,97054937277039;76;0,0;0,029450627229607562
100315;S. Sabelli;RB;70,0;70,04312393078673;70;0,0;0,04312393078673438
100428;D. Zappacosta;RB;76,0;76,2867941395743;76;0,0;0,28679413957429745
100481;A. Ratiu;RB;79,0;78,6588567889942;79;0,0;0,34114321100580014
100510;Héctor Bellerín;RB;76,0;75,65750076993056;76;0,0;0,3424992300694356
100658;J. Vallejos;RB;62,0;62,09226275769134;62;0,0;0,09226275769133707
100762;F. Doucouré;RB;71,0;70,5921402012551;71;0,0;0,4078597987448944
100810;L. Négo;RB;71,0;70,85000244568987;71;0,0;0,14999755431013284
100856;Buba Sangaré;RB;68,0;67,60578288048026;68;0,0;0,3942171195197375
100906;Reginaldo;RB;66,0;66,43514125723715;66;0,0;0,4351412572371487
101117;W. Kamanzi;RB;68,0;67,85008350705365;68;0,0;0,14991649294634612
101196;P. Olkowski;RB;68,0;67,86904783620271;68;0,0;0,13095216379728924
101221;H. Hateboer;RB;73,0;73,11643121363808;73;0,0;0,11643121363808007
101223;B. Sarr;RB;70,0;69,57316304731681;70;0,0;0,426836952683189
101338;C. Kporha;RB;64,0;64,48589836661552;64;0,0;0,48589836661551544
101771;A. Smith;RB;71,0;71,4018290776388;71;0,0;0,4018290776387943
101902;R. Cáceres;RB;68,0;68,09961045853419;68;0,0;0,09961045853418682
101952;G. Luján;RB;68,0;68,03744754240778;68;0,0;0,03744754240777581
102151;M. Peinipil;RB;68,0;67,86431596151031;68;0,0;0,13568403848968558
102300;N. Zortea;RB;73,0;72,98059757180688;73;0,0;0,01940242819311777
102420;Juanlu Sánchez;RB;73,0;73,16632827660881;73;0,0;0,16632827660880878
102561;H. Palacios;RB;69,0;69,29044833813796;69;0,0;0,29044833813796345
102610;D. Martínez;RB;67,0;66,67240132820325;67;0,0;0,32759867179674984
102765;E. Hysaj;RB;72,0;71,67625225334324;72;0,0;0,323747746656764
102838;Ewerthon;RB;67,0;66,89783597869015;67;0,0;0,10216402130984648
102983;J. Aramburu;RB;75,0;75,1069333218149;75;0,0;0,10693332181490689
103008;Marcos Llorente;RB;82,0;81,7945518568473;82;0,0;0,20544814315269377
103101;Claudinho;RB;66,0;65,9811402258724;66;0,0;0,018859774127605533
103408;Lucas Vázquez;RB;75,0;75,05736681660032;75;0,0;0,05736681660032161
103454;I. Ramírez;RB;67,0;66,75342123337734;67;0,0;0,24657876662266176
103576;Ángel Ortiz;RB;71,0;70,72996630870428;71;0,0;0,27003369129572263
103753;L. Lozano;RB;74,0;73,6544456347479;74;0,0;0,3455543652520987
104020;T. Hume;RB;76,0;75,95725036735985;76;0,0;0,04274963264015241
104151;Vitinho;RB;75,0;75,18095089463972;75;0,0;0,18095089463972158
104265;E. Bonifacio;RB;68,0;67,85677593466949;68;0,0;0,14322406533051435
104391;R. Aguilar;RB;72,0;72,13668586237291;72;0,0;0,13668586237291436
104440;F. Martínez;RB;68,0;68,0268427290074;68;0,0;0,026842729007398702
104516;I. Bekhoucha;RB;65,0;64,74091277557407;65;0,0;0,2590872244259259
104649;A. Calabresi;RB;68,0;67,70610422907387;68;0,0;0,2938957709261274
104720;Maitland-Niles;RB;76,0;76,01194688674913;76;0,0;0,011946886749129249
104854;E. Delprato;RB;74,0;73,87614558613393;74;0,0;0,12385441386606999
104930;R. Belghali;RB;70,0;70,26308616950573;70;0,0;0,2630861695057263
105324;L. Godoy;RB;70,0;70,0347295304126;70;0,0;0,03472953041260496
105341;M. Weigandt;RB;70,0;70,03627962196977;70;0,0;0,03627962196976853
105409;G. Enrique;RB;68,0;68,49776682172444;68;0,0;0,49776682172444
105411;G. Soto;RB;67,0;66,77263297431938;67;0,0;0,22736702568062128
105471;E. López;RB;68,0;67,5942308655091;68;0,0;0,405769134490896
105584;F. Hormazabal;RB;69,0;69,32825346174778;69;0,0;0,3282534617477779
106416;J. Justin;RB;74,0;74,31583071127598;74;0,0;0,3158307112759786
106423;S. Byram;RB;71,0;70,6910623218897;71;0,0;0,30893767811029704
106588;B. White;RB;80,0;80,45733474374818;80;0,0;0,4573347437481772
106725;C. Arcus;RB;71,0;71,3068476569561;71;0,0;0,3068476569560943
106968;Lekue;RB;71,0;70,73312970038226;71;0,0;0,2668702996177359
107045;Everton;RB;67,0;66,54053261156604;67;0,0;0,4594673884339642
107068;K. Ehizibue;RB;71,0;71,20425007258956;71;0,0;0,2042500725895593
107482;A. Dembélé;RB;64,0;63,92220833419726;64;0,0;0,07779166580274222
107516;F. Guilbert;RB;72,0;72,37963545241978;72;0,0;0,3796354524197767
107656;J. Frimpong;RB;82,0;82,2651351899975;82;0,0;0,2651351899974941
107858;O. Raterink;RB;62,0;62,31395794293055;62;0,0;0,3139579429305499
107895;João Pedro;RB;68,0;67,59040681990462;68;0,0;0,4095931800953849
107954;M. Gusto;RB;78,0;78,24305445390796;78;0,0;0,2430544539079591
108146;JP Chermont;RB;66,0;66,0687550726437;66;0,0;0,06875507264369674
108590;M. Brandán;RB;63,0;63,169978413088224;63;0,0;0,1699784130882236
108643;B. Schelotto;RB;65,0;65,4085922971449;65;0,0;0,4085922971449065
108873;J. Cáceres;RB;73,0;72,65784176493112;73;0,0;0,34215823506887943
108927;O. Aina;RB;80,0;80,04103936441966;80;0,0;0,041039364419660274
108969;N. Mukiele;RB;78,0;78,28800800959645;78;0,0;0,288008009596453
109047;J. Ryerson;RB;79,0;79,01138496924578;79;0,0;0,011384969245781917
109080;Maffeo;RB;77,0;76,86434103628424;77;0,0;0,13565896371575548
109141;M. Kayode;RB;78,0;78,07998125117201;78;0,0;0,07998125117201482
109226;F. Centonze;RB;69,0;69,20426434050806;69;0,0;0,20426434050806108
109270;A. Lagos;RB;68,0;67,67919326971032;68;0,0;0,3208067302896751
109351;H. Traoré;RB;73,0;73,46203997460792;73;0,0;0,4620399746079187
109390;Igor Formiga;RB;70,0;69,69798006133304;70;0,0;0,30201993866695886
109911;E. Krafth;RB;72,0;72,38002274668277;72;0,0;0,38002274668276925
109989;Á. Lemos;RB;66,0;65,86471117177467;66;0,0;0,1352888282253275
110051;Tinga;RB;67,0;67,36447211374806;67;0,0;0,36447211374806443
110073;J. Acheampong;RB;73,0;73,28997234550094;73;0,0;0,2899723455009422
110104;Javi Rueda;RB;73,0;72,99683272814288;73;0,0;0,0031672718571229552
110460;K. Amian;RB;72,0;71,77962643138943;72;0,0;0,22037356861056878
110520;G. Montiel;RB;75,0;75,38827453003087;75;0,0;0,38827453003086987
110533;F. Gerometta;RB;67,0;67,24918042501534;67;0,0;0,24918042501533932
110551;C. Ramsay;RB;65,0;65,41334628847693;65;0,0;0,4133462884769301
110555;A. Tuanzebe;RB;73,0;73,38330203677319;73;0,0;0,38330203677318764
110558;João Lucas;RB;68,0;67,70632745467478;68;0,0;0,29367254532522225
110563;J. Iribarren;RB;66,0;65,84567960000943;66;0,0;0,15432039999056713
110715;M. Gutiérrez;RB;68,0;68,17952899657813;68;0,0;0,17952899657812793
110735;T. Barbieri;RB;71,0;70,60255915564626;71;0,0;0,3974408443537385
110736;G. Zappa;RB;73,0;72,74972442972485;73;0,0;0,25027557027515
110769;Lucas Ahijado;RB;68,0;68,41952219225999;68;0,0;0,4195221922599899
110772;Carreira;RB;74,0;73,71313041319951;74;0,0;0,286869586800492
110784;J. Koundé;RB;84,0;84,1810646758031;84;0,0;0,18106467580309982
110786;M. Louër;RB;64,0;64,14095140914701;64;0,0;0,1409514091470072
110805;L. Raolisoa;RB;70,0;69,5629914105311;70;0,0;0,43700858946890264
110834;M. Garay;RB;68,0;68,15296307448237;68;0,0;0,152963074482372
110974;E. Meza;RB;72,0;71,97654807623309;72;0,0;0,023451923766913296
111096;N. Molina;RB;77,0;76,81177988381067;77;0,0;0,18822011618932777
111116;R. Lewis;RB;77,0;76,68298928275726;77;0,0;0,3170107172427379
111248;J. Gómez;RB;66,0;66,39230771137231;66;0,0;0,392307711372311
111272;Rubén Sánchez;RB;69,0;69,13153687636398;69;0,0;0,13153687636398104
111301;L. Gómez;RB;70,0;69,78977630075738;70;0,0;0,21022369924261852
111808;Dodô;RB;77,0;76,558511506035;77;0,0;0,44148849396499656
111850;I. Balliu;RB;74,0;74,3615228950851;74;0,0;0,36152289508510194
111852;M. Lazzari;RB;74,0;74,37073792662417;74;0,0;0,37073792662417304
111870;Mingueza;RB;78,0;78,24131751393666;78;0,0;0,24131751393666434
111950;L. Sernicola;RB;68,0;67,99221765067976;68;0,0;0,007782349320237358
111969;M. Ortega;RB;66,0;66,35260350807921;66;0,0;0,3526035080792127
112000;A. Freeman;RB;73,0;72,58169493266449;73;0,0;0,41830506733550976
112012;Walker-Peters;RB;76,0;75,64159907179338;76;0,0;0,3584009282066205
112508;G. Doué;RB;75,0;75,03181988972801;75;0,0;0,03181988972801264
112572;J. Hinshelwood;RB;73,0;73,40434285792936;73;0,0;0,40434285792936464
112576;S. Alakouch;RB;66,0;66,04818116393253;66;0,0;0,048181163932525806
112790;Héctor Fort;RB;71,0;70,58130930247447;71;0,0;0,418690697525534
112940;Odriozola;RB;73,0;72,59667079306801;73;0,0;0,4033292069319856
113189;Arnau Martínez;RB;76,0;76,13125168085544;76;0,0;0,13125168085544203
113258;Matheuzinho;RB;73,0;73,18382178167928;73;0,0;0,18382178167928487
113405;T. Arnold;RB;80,0;80,34993917700466;80;0,0;0,34993917700465715
113428;L. Blondel;RB;70,0;70,19897252374085;70;0,0;0,19897252374084928
113443;V. Rosier;RB;77,0;76,78031227504732;77;0,0;0,21968772495267785
113737;R. González;RB;70,0;70,12034614822453;70;0,0;0,12034614822452738
113749;Nathan Mendes;RB;65,0;65,15364859070029;65;0,0;0,15364859070028558
113795;M. Vojvoda;RB;74,0;74,03166606909869;74;0,0;0,03166606909869074
113819;I. Garguez;RB;68,0;67,74403838087093;68;0,0;0,25596161912906723
113917;Marcelinho;RB;65,0;65,13689460023036;65;0,0;0,13689460023036304
113929;Pol Lirola;RB;72,0;71,50290252756874;72;0,0;0,497097472431264
113940;Natanael;RB;71,0;71,37030824780778;71;0,0;0,3703082478077846
113960;A. Hakimi;RB;86,0;85,73505940455507;86;0,0;0,26494059544492643
114017;B. Norton-Cuffy;RB;75,0;74,93757869683354;75;0,0;0,06242130316645955
114029;M. Cash;RB;79,0;79,12489712345884;79;0,0;0,12489712345883675
114061;B. Aguirre;RB;69,0;69,01469159133904;69;0,0;0,014691591339044408
114135;S. García;RB;69,0;68,51871347748077;69;0,0;0,4812865225192269
114159;D. Szala;RB;65,0;65,11854161891429;65;0,0;0,11854161891429271
114163;N. Patterson;RB;71,0;71,01052124770729;71;0,0;0,01052124770728824
114237;F. Corbalán;RB;66,0;65,59628863890981;66;0,0;0,40371136109018835
114241;Omar El Hilali;RB;76,0;76,29389306518475;76;0,0;0,2938930651847471
114341;M. Acapandié;RB;64,0;63,98208816754187;64;0,0;0,017911832458132437
114366;F. Bustos;RB;74,0;74,28970474895421;74;0,0;0,2897047489542075
114412;Álvaro Núñez;RB;74,0;74,35006685713431;74;0,0;0,3500668571343084
114418;G. Cerato;RB;68,0;67,73730944718318;68;0,0;0,26269055281682085
114433;F. Mura;RB;72,0;71,9885409889441;72;0,0;0,011459011055904966
114535;W. Coulibaly;RB;72,0;72,1058553855107;72;0,0;0,10585538551069362
114583;T. Lamptey;RB;72,0;71,74980820305737;72;0,0;0,25019179694263016
114626;Andrés García;RB;74,0;73,55834040637313;74;0,0;0,44165959362686635
114695;Pubill;RB;79,0;78,68319638244488;79;0,0;0,31680361755512365
114696;R. F. Mussolini;RB;69,0;69,46769591991927;69;0,0;0,4676959199192652
114750;Kauã Moraes;RB;65,0;64,5816771303722;65;0,0;0,41832286962780074
114862;Y. Paz;RB;69,0;68,64495648581556;69;0,0;0,3550435141844446
114876;A. Wan-Bissaka;RB;79,0;79,27620538289901;79;0,0;0,27620538289900765
114888;Álex Jiménez;RB;75,0;74,91399467984444;75;0,0;0,08600532015556439
114901;Z. Athekame;RB;67,0;66,60087573446603;67;0,0;0,3991242655339704
114964;J. Araujo;RB;73,0;72,71833233348615;73;0,0;0,28166766651385444
114978;S. Boey;RB;78,0;78,43460364176886;78;0,0;0,43460364176885946
114982;A. Di Pardo;RB;67,0;67,431753435769;67;0,0;0,4317534357689965
114990;L. Arce;RB;70,0;70,31060537081795;70;0,0;0,31060537081795303
115022;R. Gómez;RB;69,0;69,0087133507863;69;0,0;0,008713350786294427
115074;N. Savona;RB;72,0;72,26797684000938;72;0,0;0,26797684000938204
115095;Gilberto Junior;RB;64,0;64,09649848484337;64;0,0;0,09649848484336587
115163;O. Garrido;RB;63,0;63,478900993193015;63;0,0;0,47890099319301527
115236;E. Cannavo;RB;71,0;70,91841834533075;71;0,0;0,08158165466925027
115375;T. Guidara;RB;73,0;72,95613374738315;73;0,0;0,0438662526168514
115652;C. Roberts;RB;73,0;73,11048591897698;73;0,0;0,1104859189769769
115804;M. Senaya;RB;70,0;70,15267518937083;70;0,0;0,15267518937082514
115846;J. Mosquera;RB;69,0;69,14047805283629;69;0,0;0,14047805283628634
115898;R. Lozano;RB;69,0;69,26954912878361;69;0,0;0,26954912878360915
115931;Mateusinho;RB;70,0;69,85490103950133;70;0,0;0,14509896049867166
115999;L. Vargas;RB;71,0;70,78158117674863;71;0,0;0,21841882325136908
116143;Nacho Vidal;RB;72,0;72,30667799032685;72;0,0;0,30667799032684684
116179;Maílton;RB;68,0;67,94187116154353;68;0,0;0,05812883845646866
116297;Júlio Fidelis;RB;64,0;64,32596355749497;64;0,0;0,32596355749497263
116405;T. Pembélé;RB;71,0;71,2131506496996;71;0,0;0,21315064969959963
116452;Danilo Veiga;RB;69,0;69,49428173242529;69;0,0;0,49428173242529283
116487;J. Franco;RB;68,0;67,85262282303296;68;0,0;0,14737717696704067
116501;A. Schott;RB;71,0;70,66521348838573;71;0,0;0,33478651161426853
116521;F. Vera;RB;70,0;70,03268098679486;70;0,0;0,03268098679485831
116568;A. Altimira;RB;72,0;72,06763931807527;72;0,0;0,06763931807526546
116631;Tiago Santos;RB;76,0;75,50923337524716;76;0,0;0,49076662475283683
116634;O. Sonne;RB;73,0;72,75295360242929;73;0,0;0,24704639757071334
116638;R. Barrios;RB;68,0;67,93777396576364;68;0,0;0,062226034236360306
116946;P. Mazzocchi;RB;71,0;70,71212772982159;71;0,0;0,2878722701784113
116970;G. Di Lorenzo;RB;81,0;80,61027673111893;81;0,0;0,38972326888107034
117040;S. Britschgi;RB;67,0;66,95506662500118;67;0,0;0,044933374998819886
117495;S. Mouriño;RB;76,0;75,74924182368875;76;0,0;0,2507581763112512
117513;A. Mendy;RB;72,0;72,2592198037848;72;0,0;0,25921980378480214
117517;J. Barinaga;RB;73,0;72,72382844333372;73;0,0;0,27617155666628435
117518;L. Advíncula;RB;74,0;73,78101620260067;74;0,0;0,21898379739933205
117643;A. Méndez;RB;70,0;70,23283314126137;70;0,0;0,23283314126136645
117644;J. Clauss;RB;75,0;75,49998666340827;75;0,0;0,49998666340826503
117652;D. Oyegoke;RB;66,0;66,42329011523026;66;0,0;0,42329011523025883
117720;J. Cabrera;RB;64,0;64,10360602254495;64;0,0;0,10360602254495177
117728;Vanderson;RB;75,0;74,66717463990224;75;0,0;0,33282536009775754
117766;K. Laimer;RB;81,0;80,80577039384167;81;0,0;0,19422960615833063
117774;A. Steimbach;RB;67,0;66,6738669270479;67;0,0;0,3261330729521035
117843;F. Domínguez;RB;70,0;70,28402841819575;70;0,0;0,28402841819574576
117879;Mateu Morey;RB;73,0;72,66655962901685;73;0,0;0,3334403709831548
117886;T. Castagne;RB;73,0;73,13088913014049;73;0,0;0,13088913014048842
117920;J. Cuenca;RB;60,0;59,930105124305264;60;0,0;0,06989487569473596
117960;E. Iñiguez;RB;67,0;66,7762798556565;67;0,0;0,22372014434350262
118047;S. Abdulhamid;RB;70,0;69,98004281944587;70;0,0;0,01995718055412965
118049;F. Cham;RB;67,0;66,65872571462128;67;0,0;0,3412742853787165
118076;N. Tenaglia;RB;75,0;75,40315044270385;75;0,0;0,40315044270384703
118079;N. Montoya;RB;63,0;62,920297242792174;63;0,0;0,07970275720782638
118108;D. Rensch;RB;72,0;71,53424887296492;72;0,0;0,4657511270350767
118109;Arthur;RB;73,0;72,74766652162938;73;0,0;0,25233347837061615
118122;K. Kouao;RB;71,0;70,82184276504826;71;0,0;0,1781572349517404
118136;Diogo Dalot;RB;76,0;76,24013133395715;76;0,0;0,24013133395715158
118205;T. Livramento;RB;78,0;78,47613948974008;78;0,0;0,4761394897400777
118269;Maik;RB;67,0;67,46339551640251;67;0,0;0,46339551640251386
118295;J. González;RB;68,0;68,41785729525473;68;0,0;0,41785729525473414
118334;L. Zogbé;RB;67,0;67,48851794570714;67;0,0;0,48851794570714446
118350;M. Pedersen;RB;73,0;72,7663332581615;73;0,0;0,23366674183850478
118360;G. Martirena;RB;72,0;71,53289544662393;72;0,0;0,4671045533760747
118395;T. Rubio;RB;65,0;65,4607933424796;65;0,0;0,46079334247960446
118399;E. Coronel;RB;73,0;73,1005471210116;73;0,0;0,10054712101160135
118401;A. Giay;RB;72,0;72,40427261320083;72;0,0;0,4042726132008312
118446;K. Antonio;RB;61,0;60,82703336597724;61;0,0;0,1729666340227567
118531;J. Toljan;RB;74,0;73,6350240492161;74;0,0;0,36497595078390077
118573;K. Hoever;RB;73,0;72,71157073243334;73;0,0;0,28842926756665577
118588;H. Ashby;RB;68,0;67,71540644601706;68;0,0;0,28459355398294406
118637;A. Molina;RB;65,0;65,1435689508936;65;0,0;0,14356895089359512
118648;L. Geertruida;RB;76,0;75,66455390680412;76;0,0;0,33544609319588403
118685;Gorosabel;RB;74,0;73,99471519523748;74;0,0;0,005284804762524686
118965;M. Palestra;RB;73,0;73,40220531423425;73;0,0;0,40220531423425143
119138;H. De La Fuente;RB;70,0;69,81482432753467;70;0,0;0,18517567246533417
119151;R. Bellanova;RB;75,0;75,45493468486748;75;0,0;0,45493468486748156
119810;N. Morgantini;RB;67,0;67,38728903543428;67;0,0;0,3872890354342786
119816;Aitor Ruibal;RB;75,0;75,09924957374645;75;0,0;0,09924957374644805
119820;Pau Navarro;RB;69,0;68,69292523669601;69;0,0;0,3070747633039872
119822;Igor Silva;RB;70,0;70,07863305403264;70;0,0;0,0786330540326361
119827;M. Villa;RB;67,0;66,74039662319888;67;0,0;0,2596033768011239
119828;Pedro Porro;RB;78,0;78,37116341598973;78;0,0;0,37116341598972724
119889;N. Mazraoui;RB;78,0;78,04259791193961;78;0,0;0,042597911939608935
120296;Aderlan;RB;66,0;66,40319145365268;66;0,0;0,4031914536526813
120376;Josan;RB;72,0;71,92208031433186;72;0,0;0,07791968566813523
121235;L. Souto;RB;68,0;67,75829715658624;68;0,0;0,24170284341376203
121239;Thierry Correia;RB;75,0;75,1190868505163;75;0,0;0,11908685051629675
121256;A. Zanoli;RB;73,0;72,70881274215353;73;0,0;0,2911872578464738
121322;Pedro Lima;RB;68,0;68,42347951571561;68;0,0;0,4234795157156128
121344;Carmona;RB;76,0;76,11935719783743;76;0,0;0,11935719783743082
121980;C. Bradley;RB;78,0;78,37942966905881;78;0,0;0,37942966905880837
122320;M. Ruidías;RB;69,0;68,75846084742504;69;0,0;0,2415391525749584
122330;N. Arias;RB;66,0;66,39431571562179;66;0,0;0,39431571562178647
122914;J. Zevallos;RB;64,0;64,26527085326255;64;0,0;0,2652708532625496
123225;L. Chaverra;RB;69,0;69,0408784901414;69;0,0;0,04087849014139522
123717;J. Rojas;RB;68,0;68,20829589516597;68;0,0;0,2082958951659748
124233;K. Rodríguez;RB;63,0;62,7239154965068;63;0,0;0,2760845034932018
124270;S. Arancibia;RB;65,0;65,22593371170096;65;0,0;0,22593371170096077
124858;E. Villalba;RB;60,0;60,02778502465479;60;0,0;0,027785024654789936
263116;L. Macazaga;RB;62,0;61,9124967369287;62;0,0;0,08750326307129797
264483;H. Domínguez;RB;77,0;76,6672514376449;77;0,0;0,33274856235510697
297352;L. Morales;RB;71,0;71,19199779696393;71;0,0;0,19199779696393193
299660;M. Ponte;RB;72,0;71,80209451978227;72;0,0;0,19790548021772736
305932;E. Herrera;RB;70,0;69,6959039470211;70;0,0;0,3040960529789061
307625;J. Lora;RB;71,0;70,69057244862955;71;0,0;0,3094275513704474
308173;E. Álvarez;RB;66,0;65,56227686554728;66;0,0;0,4377231344527246
320983;J. Pintado;RB;71,0;71,12205773679098;71;0,0;0,12205773679097831
323105;J. Quintero;RB;68,0;68,40268671640698;68;0,0;0,4026867164069756
325169;J. Estrada;RB;67,0;66,95710176520602;67;0,0;0,042898234793980805
363707;R. Rosales;RB;69,0;68,77298912079337;69;0,0;0,227010879206631
368378;C. Arrieta;RB;68,0;67,99097405466695;68;0,0;0,009025945333050345
368781;Samuel Xavier;RB;72,0;72,3123672890758;72;0,0;0,3123672890757945
371710;F. López;RB;65,0;64,80700262236427;65;0,0;0,19299737763573432
377269;H. Ancajima;RB;68,0;67,69640128989765;68;0,0;0,3035987101023494
378314;F. Salinas;RB;68,0;68,42147607063445;68;0,0;0,4214760706344549
1073806633;F. Facello;RB;65,0;65,18173690011697;65;0,0;0,18173690011697374
4007;M. Da Luz;RMF;67,0;66,85624255771418;67;0,0;0,14375744228581766
9452;J. Tchatchoua;RMF;73,0;72,64536995900784;73;0,0;0,3546300409921628
16728;T. Asano;RMF;74,0;74,09878520622355;74;0,0;0,09878520622355325
30163;A. Benítez;RMF;72,0;71,81797334391689;72;0,0;0,18202665608311008
32475;E. Batalla;RMF;71,0;70,76429881186945;71;0,0;0,2357011881305482
38187;G. Prado;RMF;68,0;67,66373993845487;68;0,0;0,33626006154513277
38269;M. Carrizo;RMF;72,0;72,08413193557747;72;0,0;0,08413193557747434
39706;A. Segovia;RMF;65,0;64,78040578810719;65;0,0;0,21959421189281159
40631;J. Cuadrado;RMF;73,0;73,13061203156397;73;0,0;0,13061203156397028
41083;E. Salvio;RMF;74,0;73,85022052103636;74;0,0;0,1497794789636373
41158;S. Luján;RMF;65,0;64,71245232346935;65;0,0;0,28754767653065016
42033;A. Carrillo;RMF;74,0;74,37362552991556;74;0,0;0,3736255299155573
42473;Guilherme;RMF;69,0;69,34794027206244;69;0,0;0,34794027206244493
42898;Lucas Moura;RMF;74,0;74,49092642833993;74;0,0;0,4909264283399324
42944;C. Auzqui;RMF;67,0;66,78283294243043;67;0,0;0,21716705756956856
43190;Maceió;RMF;63,0;63,069391664277774;63;0,0;0,06939166427777366
43816;L. Sequeira;RMF;67,0;66,64293363519305;67;0,0;0,3570663648069541
44444;T. Abed;RMF;67,0;66,62260723496573;67;0,0;0,37739276503427277
44761;R. Ibarra;RMF;69,0;69,49082065355051;69;0,0;0,4908206535505144
45025;Rubén García;RMF;77,0;76,88060889646174;77;0,0;0,11939110353826266
45095;M. Lacava;RMF;69,0;69,28658962533623;69;0,0;0,28658962533623367
45668;I. Machuca;RMF;71,0;71,19401889618241;71;0,0;0,19401889618241341
46918;G. Verón;RMF;70,0;70,17985319729914;70;0,0;0,1798531972991384
47645;B. Garré;RMF;69,0;69,35567285781285;69;0,0;0,3556728578128485
53383;F. Salazar;RMF;69,0;69,20762564454333;69;0,0;0,20762564454332733
53451;N. Rodríguez;RMF;69,0;68,62158310407298;69;0,0;0,37841689592701755
53591;L. González;RMF;69,0;69,02726671605161;69;0,0;0,02726671605161357
54255;P. García;RMF;68,0;68,11084891028695;68;0,0;0,11084891028694699
54675;M. Akliouche;RMF;79,0;78,84123485152828;79;0,0;0,15876514847171563
54701;Estêvão;RMF;78,0;78,0656582593028;78;0,0;0,06565825930279345
55426;M. Iacobellis;RMF;68,0;67,9273561008598;68;0,0;0,07264389914020342
55521;Y. Chará;RMF;75,0;74,51883109220687;75;0,0;0,48116890779313337
55737;F. Sambueza;RMF;70,0;69,77767181463717;70;0,0;0,2223281853628265
55739;K. Londoño;RMF;68,0;67,91704034315488;68;0,0;0,08295965684511941
55743;J. Vásquez;RMF;72,0;71,51293511416813;72;0,0;0,48706488583187024
55817;M. Ruiz;RMF;64,0;64,27208294142002;64;0,0;0,27208294142002387
55863;M. Fernández;RMF;63,0;63,38043848139894;63;0,0;0,3804384813989401
55865;J. Córdoba;RMF;70,0;69,80412590833069;70;0,0;0,19587409166931025
55975;E. Forclaz;RMF;65,0;64,95663166953075;65;0,0;0,04336833046924937
56052;J. Ortíz;RMF;67,0;66,69984412950774;67;0,0;0,30015587049226156
56062;A. Oroz;RMF;68,0;68,27572699179743;68;0,0;0,275726991797427
56066;J. Castillo;RMF;65,0;65,07685041398213;65;0,0;0,07685041398212888
56254;M. Sosa;RMF;62,0;62,098266708716366;62;0,0;0,09826670871636622
57226;Jofre;RMF;75,0;74,55973563395966;75;0,0;0,4402643660403385
57649;G. Peredo;RMF;67,0;66,86341439809274;67;0,0;0,13658560190725666
57749;E. Mbappé;RMF;72,0;72,05185650990005;72;0,0;0,05185650990004831
57898;T. Palacios;RMF;74,0;73,9010917251978;74;0,0;0,09890827480219855
57945;B. Bosch;RMF;66,0;66,4887031502923;66;0,0;0,48870315029229516
58000;J. González;RMF;70,0;69,7105951484254;70;0,0;0,28940485157460216
58027;E. Bello;RMF;70,0;69,62525330882208;70;0,0;0,3747466911779185
58213;T. Villalba;RMF;71,0;70,68953502488395;71;0,0;0,310464975116048
58246;J. Gómez;RMF;65,0;65,19337390779167;65;0,0;0,19337390779166697
58331;M. Huamán;RMF;64,0;64,26313441656292;64;0,0;0,26313441656292014
58340;J. Romero;RMF;64,0;63,50239772480085;64;0,0;0,49760227519914935
58368;J. Contrera;RMF;68,0;67,6760016677274;68;0,0;0,3239983322725948
58403;J. Montenegro;RMF;68,0;68,24330592896172;68;0,0;0,24330592896171765
58636;V. Lazaro;RMF;75,0;74,56181544727936;75;0,0;0,4381845527206423
59288;Victor Hugo;RMF;70,0;70,29399790952543;70;0,0;0,29399790952543015
59388;M. Romero;RMF;66,0;65,85621605673104;66;0,0;0,14378394326895716
59590;C. Ngonge;RMF;72,0;71,90366736801792;72;0,0;0,09633263198207942
59839;M. Al Tamari;RMF;71,0;70,5137786815439;71;0,0;0,48622131845610284
60152;P. Román;RMF;65,0;65,10616225362472;65;0,0;0,1061622536247171
60203;E. Rigoni;RMF;71,0;70,69967503670588;71;0,0;0,3003249632941163
60265;A. Solari;RMF;67,0;67,2240343194565;67;0,0;0,2240343194565071
60308;M. Meza;RMF;72,0;71,76614344096772;72;0,0;0,23385655903227587
60458;A. Palavecino;RMF;66,0;65,76411775272582;66;0,0;0,2358822472741764
60710;R. Modesto;RMF;62,0;62,0566700011005;62;0,0;0,05667000110049969
61492;S. Mendoza;RMF;71,0;71,35224856996734;71;0,0;0,3522485699673439
63275;E. Giménez;RMF;69,0;68,98736163259011;69;0,0;0,012638367409891771
63398;A. Portillo;RMF;66,0;66,29986159225862;66;0,0;0,2998615922586225
100120;Romarinho;RMF;66,0;66,11781569370329;66;0,0;0,11781569370329237
100261;S. March;RMF;72,0;71,74573773389972;72;0,0;0,2542622661002838
100591;C. Vicente;RMF;77,0;76,62005523297762;77;0,0;0,3799447670223799
100801;Christian;RMF;71,0;70,63050106721997;71;0,0;0,3694989327800329
100806;Iker Benito;RMF;72,0;71,9255307197171;72;0,0;0,0744692802828979
100930;A. Gómez;RMF;73,0;73,44423355032286;73;0,0;0,4442335503228634
101018;Y. Minteh;RMF;80,0;80,43326970870045;80;0,0;0,43326970870045045
101148;M. Peart-Harris;RMF;67,0;67,22586215855927;67;0,0;0,2258621585592664
101267;C. Campbell;RMF;71,0;70,57406028148752;71;0,0;0,42593971851248114
101824;C. Barletta;RMF;71,0;71,06166880809265;71;0,0;0,061668808092647964
101874;I. Schor;RMF;71,0;70,63286743472585;71;0,0;0,3671325652741473
101901;G. Ríos;RMF;70,0;69,89505548449577;70;0,0;0,10494451550422923
101955;F. Pizzini;RMF;70,0;69,66576533928992;70;0,0;0,3342346607100808
102203;R. Messali;RMF;65,0;64,80464512542196;65;0,0;0,1953548745780438
102212;G. Kyeremeh;RMF;69,0;69,05742551705397;69;0,0;0,057425517053971475
102244;P. Henrique;RMF;69,0;68,9108081739252;69;0,0;0,0891918260747957
103107;N. Laméndola;RMF;71,0;70,52011934866456;71;0,0;0,479880651335435
103473;Antoniu Roca;RMF;74,0;74,38453637728105;74;0,0;0,3845363772810515
103781;G. Costa;RMF;67,0;66,7941099013765;67;0,0;0,20589009862349883
103997;A. Polo;RMF;76,0;75,60012588695915;76;0,0;0,39987411304085185
104314;L. Suárez;RMF;72,0;71,64134305795456;72;0,0;0,3586569420454424
104394;P. Frankowski;RMF;70,0;69,51165906047135;70;0,0;0,48834093952865487
104462;L. Sy;RMF;70,0;69,51456458102714;70;0,0;0,48543541897285536
104672;N. Guzmán;RMF;68,0;68,04631726700003;68;0,0;0,04631726700003469
105161;Adson;RMF;69,0;69,22358182424243;69;0,0;0,22358182424243012
105312;G. Alanís;RMF;70,0;69,68643989763169;70;0,0;0,31356010236831366
105360;B. Armoa;RMF;67,0;67,12808016474976;67;0,0;0,12808016474976114
107716;N. Pépé;RMF;80,0;80,08190777792935;80;0,0;0,08190777792934512
107831;Allan;RMF;72,0;71,73052513324171;72;0,0;0,26947486675828713
108162;F. García;RMF;67,0;67,42998703790694;67;0,0;0,4299870379069404
108165;D. Barrera;RMF;68,0;67,8732401484438;68;0,0;0,1267598515562014
108215;S. Adingra;RMF;77,0;77,29815530931909;77;0,0;0,2981553093190854
109182;E. Poku;RMF;77,0;76,63657598413641;77;0,0;0,3634240158635862
109262;I. Touré;RMF;68,0;68,45772200106336;68;0,0;0,4577220010633596
109439;L. Suhr;RMF;67,0;66,74445033762117;67;0,0;0,2555496623788258
109909;C. Talbi;RMF;77,0;77,35129936058321;77;0,0;0,3512993605832122
110753;S. Moreno;RMF;70,0;69,66224279097067;70;0,0;0,33775720902933415
110802;Yago Pikachu;RMF;69,0;69,3508744357729;69;0,0;0,35087443577289434
111121;M. Kmet';RMF;65,0;65,3422808264954;65;0,0;0,34228082649539715
111213;G. Caballero;RMF;68,0;68,45768999866782;68;0,0;0,4576899986678171
111337;J. Saralegui;RMF;69,0;69,08191412018529;69;0,0;0,08191412018528865
111807;Marquinhos;RMF;71,0;71,3535985356155;71;0,0;0,3535985356155038
111839;Dani Raba;RMF;72,0;72,4534829103456;72;0,0;0,45348291034559907
111968;I. Laquintana;RMF;70,0;69,64894161550275;70;0,0;0,35105838449725013
111986;D. Dumfries;RMF;80,0;79,84195267594838;80;0,0;0,1580473240516227
112478;Carlos Eduardo;RMF;69,0;69,27894094017341;69;0,0;0,2789409401734133
113038;T. Pozzo;RMF;66,0;66,41415720876012;66;0,0;0,4141572087601162
113042;U. Sánchez;RMF;73,0;72,96037541856606;73;0,0;0,039624581433940875
113247;Tetê;RMF;76,0;76,09646588763415;76;0,0;0,09646588763415309
113379;Luiz Araújo;RMF;77,0;76,88688404955714;77;0,0;0,11311595044286094
113554;J. Dina Ebimbe;RMF;69,0;68,88271829763045;69;0,0;0,11728170236955293
113710;J. Palacios;RMF;72,0;71,78480065428829;72;0,0;0,21519934571171007
113806;L. Braga;RMF;68,0;67,70244428299216;68;0,0;0,2975557170078389
113896;De Frutos;RMF;80,0;80,319733463701;80;0,0;0,31973346370099875
114081;D. Sarmiento;RMF;68,0;68,12074455200768;68;0,0;0,12074455200767886
114100;L. Venturino;RMF;63,0;63,122614763712804;63;0,0;0,12261476371280366
114120;B. Cuello;RMF;67,0;66,70429059041953;67;0,0;0,29570940958046776
114369;A. Lucena;RMF;65,0;65,18458388623432;65;0,0;0,18458388623432143
114379;A. Nordin;RMF;70,0;70,20095947250391;70;0,0;0,20095947250391077
114534;N. Moreno;RMF;64,0;63,602862313730206;64;0,0;0,39713768626979373
114689;G. Simeone;RMF;81,0;80,53850949671661;81;0,0;0,46149050328338603
114730;M. Mónaco;RMF;64,0;63,532351166606134;64;0,0;0,4676488333938664
114792;F. Torres;RMF;69,0;69,14615738882388;69;0,0;0,1461573888238803
114892;T. Buchanan;RMF;74,0;74,07386954343204;74;0,0;0,07386954343203911
115065;S. Salle;RMF;66,0;66,36416385039536;66;0,0;0,36416385039535726
115186;Riquelme;RMF;65,0;65,45784075910133;65;0,0;0,45784075910133026
115194;J. Arias;RMF;77,0;77,30555219895183;77;0,0;0,3055521989518297
115240;C. Mélières;RMF;64,0;64,0346464277935;64;0,0;0,03464642779350413
115932;Bruno Tabata;RMF;70,0;69,93194791867607;70;0,0;0,06805208132392693
115998;Jáderson;RMF;68,0;68,27716729753723;68;0,0;0,27716729753723257
116207;Yeremy Pino;RMF;78,0;78,39720895618966;78;0,0;0,3972089561896581
116437;F. Cardozo;RMF;67,0;67,15116497142171;67;0,0;0,15116497142170715
116585;F. Torres;RMF;74,0;74,13270918334335;74;0,0;0,13270918334335136
117239;F. Altamira;RMF;66,0;66,20199976507715;66;0,0;0,20199976507714723
117378;A. Dønnum;RMF;70,0;70,19838751285585;70;0,0;0,19838751285584522
117547;Kaio César;RMF;74,0;74,25514065393256;74;0,0;0,2551406539325569
117598;M. Leris;RMF;69,0;68,63225234213158;69;0,0;0,3677476578684207
117621;A. Zakharyan;RMF;72,0;71,95994856833757;72;0,0;0,040051431662433856
117668;Antonio Sánchez;RMF;72,0;71,81580306307644;72;0,0;0,18419693692355565
117675;Kayky;RMF;72,0;71,77406793086115;72;0,0;0,22593206913884956
117702;F. Conceição;RMF;79,0;79,24734054166949;79;0,0;0,24734054166948738
117776;Luiz Henrique;RMF;79,0;78,80078342874644;79;0,0;0,19921657125355807
117812;R. Tesuri;RMF;71,0;70,77502341850283;71;0,0;0,2249765814971738
117813;Y. Asprilla;RMF;75,0;75,32508030151361;75;0,0;0,32508030151360856
117835;T. Weah;RMF;75,0;75,28433904872331;75;0,0;0,28433904872331084
118011;Luis Henrique;RMF;77,0;77,08057688128204;77;0,0;0,08057688128204177
118082;Víctor García;RMF;70,0;70,08985642775126;70;0,0;0,08985642775125768
118129;L. Coulibaly;RMF;71,0;70,88798188672268;71;0,0;0,11201811327731548
118352;M. González;RMF;68,0;67,70715760007994;68;0,0;0,2928423999200618
118393;F. Terracciano;RMF;70,0;70,44315128325398;70;0,0;0,44315128325398234
118394;T. Le Bris;RMF;71,0;70,57119669706101;71;0,0;0,42880330293898794
118429;B. Rodríguez;RMF;69,0;68,81871125517122;69;0,0;0,18128874482877677
118433;L. Guilherme;RMF;71,0;71,22356112754697;71;0,0;0,22356112754697222
118478;J. Hernández;RMF;69,0;68,67864272830568;69;0,0;0,3213572716943247
118627;N. Tella;RMF;78,0;78,40362295336894;78;0,0;0,40362295336893794
118638;J. Acevedo;RMF;67,0;66,8659892990225;67;0,0;0,13401070097749823
118656;L. Bailey;RMF;79,0;79,13245620784151;79;0,0;0,13245620784151413
118659;M. Culbreath;RMF;67,0;66,90273290823052;67;0,0;0,09726709176948134
118943;A. Canobbio;RMF;73,0;72,67849060719901;73;0,0;0,32150939280099067
119135;Luis Rioja;RMF;75,0;74,81989049910057;75;0,0;0,18010950089943378
119818;R. Faivre;RMF;75,0;75,1908653166574;75;0,0;0,19086531665739415
119854;P. Katseris;RMF;71,0;70,7542797816993;71;0,0;0,24572021830070412
120351;H. Hassan;RMF;76,0;76,31989781287211;76;0,0;0,3198978128721137
121197;T. Allende;RMF;70,0;69,78921743197962;70;0,0;0,21078256802037743
121205;G. Mainero;RMF;71,0;71,24684933090955;71;0,0;0,24684933090955496
121210;Rodrigo Gomes;RMF;72,0;72,17648554764149;72;0,0;0,17648554764149083
121332;K. Diatta;RMF;74,0;74,1195074875935;74;0,0;0,11950748759349494
121962;J. Harrison;RMF;72,0;71,8317392072829;72;0,0;0,16826079271710626
122017;T. Louchet;RMF;70,0;70,49887232909349;70;0,0;0,4988723290934871
122264;A. Saelemaekers;RMF;78,0;77,74699632287918;78;0,0;0,25300367712081595
122310;L. Peña;RMF;63,0;63,12646992108803;63;0,0;0,1264699210880309
308178;R. Bilu;RMF;68,0;67,67006272770047;68;0,0;0,3299372722995315
308458;G. Aguayo;RMF;66,0;65,91623132922047;66;0,0;0,0837686707795342
325171;Coreano;RMF;87,0;87,12237063822784;87;0,0;0,12237063822783512
325552;M. Castro;RMF;71,0;70,72531184112442;71;0,0;0,27468815887557696
364021;E. Saavedra;RMF;67,0;66,65310505344681;67;0,0;0,3468949465531921
373471;T. Dolan;RMF;77,0;76,66772032081738;77;0,0;0,33227967918261925
1073758338;T. Kubo;RMF;80,0;80,07515538998123;80;0,0;0,07515538998123361
6089;Marinho;RWF;69,0;69,02861321823598;69;0,0;0,02861321823597507
7511;L. Messi;RWF;83,0;83,0504754713434;83;0,0;0,05047547134340391
32561;T. Noslin;RWF;71,0;71,13999366781302;71;0,0;0,13999366781301603
32568;A. Galeano;RWF;71,0;71,06224739182329;71;0,0;0,06224739182329131
33735;Carlos Álvarez;RWF;74,0;74,10685007801256;74;0,0;0,10685007801255608
34514;A. Minda;RWF;69,0;69,4651692466293;69;0,0;0,46516924662930137
34848;Z. Aboukhlal;RWF;72,0;72,45833891251782;72;0,0;0,4583389125178172
34939;R. Pablo;RWF;64,0;63,86048750923632;64;0,0;0,13951249076367844
37005;L. Gueye;RWF;62,0;61,99358537455715;62;0,0;0,006414625442850763
37106;Á. Di María;RWF;79,0;78,88870667238803;79;0,0;0,11129332761197475
38175;Ademir;RWF;72,0;71,61433034259824;72;0,0;0,3856696574017633
38374;T. Rodríguez;RWF;63,0;62,66658248907126;63;0,0;0,33341751092874006
38567;Pedro;RWF;73,0;73,31202790393682;73;0,0;0,3120279039368228
38852;Z. Savva;RWF;59,0;59,32504207047775;59;0,0;0,3250420704777497
43026;D. Brooks;RWF;73,0;73,20373694502567;73;0,0;0,20373694502566764
44245;A. Elanga;RWF;74,0;74,46355996757931;74;0,0;0,4635599675793145
44643;P. Almqvist;RWF;69,0;69,44541737054729;69;0,0;0,4454173705472897
45402;D. Bakwa;RWF;73,0;73,16352010887057;73;0,0;0,16352010887057133
46221;Matheuzinho;RWF;70,0;69,65031093048091;70;0,0;0,34968906951908707
46487;F. Thauvin;RWF;70,0;69,98180458013356;70;0,0;0,01819541986644424
46952;O. Sow;RWF;71,0;70,89234782869198;71;0,0;0,1076521713080183
46992;I. Poveda;RWF;69,0;69,2026723707096;69;0,0;0,20267237070960675
47049;R. Ghezzal;RWF;70,0;69,52007093893879;70;0,0;0,47992906106121325
47243;G. Duarte;RWF;67,0;66,5157971915107;67;0,0;0,4842028084893002
47334;A. Ouattara;RWF;70,0;69,76901751212117;70;0,0;0,23098248787883335
47759;Giovane;RWF;67,0;67,43239283840497;67;0,0;0,4323928384049651
48009;Á. Romero;RWF;70,0;70,34491966920028;70;0,0;0,34491966920028005
53387;D. Caicedo;RWF;69,0;69,33322769016812;69;0,0;0,3332276901681155
54401;E. Pata;RWF;67,0;66,99944963420643;67;0,0;0,0005503657935719275
54809;G. Plata;RWF;74,0;74,03952071266148;74;0,0;0,039520712661484936
54814;De Los Santos;RWF;70,0;70,12414692139001;70;0,0;0,12414692139000749
54840;B. Castro;RWF;68,0;67,93849277610622;68;0,0;0,06150722389378416
54857;D. Corral;RWF;62,0;61,652271029017705;62;0,0;0,3477289709822955
55052;A. Yahya;RWF;67,0;66,7778596353679;67;0,0;0,22214036463209652
55119;J. Canchimbo;RWF;65,0;65,37598618388385;65;0,0;0,3759861838838532
55528;Y. Murillo;RWF;62,0;62,23119765173195;62;0,0;0,2311976517319465
55538;J. Moretti;RWF;61,0;61,12462978141144;61;0,0;0,12462978141144276
55646;P. Durán;RWF;65,0;64,75168489710228;65;0,0;0,2483151028977204
55711;R. Piñeiro;RWF;67,0;66,5645788915664;67;0,0;0,4354211084336015
55758;J. Velázquez;RWF;57,0;57,174344810192466;57;0,0;0,17434481019246562
55776;L. Alzugaray;RWF;71,0;71,38486641556298;71;0,0;0,38486641556298196
55802;J. Berríos;RWF;67,0;66,75622215067524;67;0,0;0,24377784932475777
55815;D. De Sousa;RWF;61,0;61,24486888640788;61;0,0;0,24486888640787896
55818;F. Ruíz;RWF;64,0;64,10432523062913;64;0,0;0,10432523062912935
55836;F. Nava;RWF;65,0;65,16769112788135;65;0,0;0,16769112788135487
55858;S. Muhlethaler;RWF;61,0;60,68241602767327;61;0,0;0,3175839723267302
55862;M. Sosa;RWF;69,0;68,59152729323897;69;0,0;0,40847270676103165
55897;J. Angulo;RWF;67,0;67,36910210109394;67;0,0;0,3691021010939437
55953;C. Barrios;RWF;70,0;70,3295498702791;70;0,0;0,3295498702790951
55964;J. Murillo;RWF;72,0;71,75008554186665;72;0,0;0,24991445813334678
55965;J. Lucumí;RWF;66,0;66,23654120852588;66;0,0;0,23654120852587823
55981;C. Zavala;RWF;66,0;66,05932913247122;66;0,0;0,05932913247121974
55987;A. De Luca;RWF;61,0;60,85912147472058;61;0,0;0,1408785252794189
56031;K. Pérez;RWF;65,0;65,12021847392772;65;0,0;0,12021847392772145
56163;M. Reali;RWF;68,0;68,18021098932051;68;0,0;0,18021098932051416
56218;L. Palacios;RWF;69,0;68,50004941398815;69;0,0;0,49995058601184894
56219;J. Meléndez;RWF;63,0;62,781888611284955;63;0,0;0,21811138871504454
56230;J. Obrian;RWF;69,0;69,1153758647641;69;0,0;0,11537586476410411
56257;R. Arace;RWF;67,0;67,02607221094733;67;0,0;0,026072210947333474
57123;M. Salah;RWF;88,0;87,61274143628427;88;0,0;0,38725856371573286
57434;Rubens;RWF;62,0;61,626728808316614;62;0,0;0,3732711916833864
57642;M. Greenwood;RWF;80,0;79,57901766708757;80;0,0;0,4209823329124305
57645;Y. Rivas;RWF;63,0;63,31815581175777;63;0,0;0,3181558117577694
57650;M. Sulbarán;RWF;63,0;63,250284457848316;63;0,0;0,2502844578483163
57904;S. Góngora;RWF;61,0;61,11425839330022;61;0,0;0,11425839330021859
57913;M. Mamani;RWF;63,0;62,70608859614581;63;0,0;0,2939114038541888
57918;J. Sarmiento;RWF;67,0;67,39668282606142;67;0,0;0,39668282606142213
57973;K. Adeyemi;RWF;81,0;81,1803689130161;81;0,0;0,18036891301609614
57979;M. Soulé;RWF;76,0;76,14706459473706;76;0,0;0,1470645947370599
57985;E. Lopez;RWF;67,0;67,39411001808794;67;0,0;0,3941100180879431
57989;M. Mejía;RWF;62,0;62,38764766662332;62;0,0;0,38764766662332306
58079;L. Villalba;RWF;68,0;67,65395994733407;68;0,0;0,3460400526659271
58118;K. Flórez;RWF;64,0;64,19162873068395;64;0,0;0,19162873068394504
58193;M. Perelló;RWF;69,0;68,70521798783902;69;0,0;0,29478201216097943
58248;J. Corozo;RWF;69,0;69,07532307099662;69;0,0;0,0753230709966175
58298;L. Umpiérrez;RWF;67,0;67,3559747957213;67;0,0;0,35597479572129487
58312;D. Zalazar;RWF;66,0;66,05971070105795;66;0,0;0,059710701057952065
58334;I. Franco;RWF;66,0;65,86346095048059;66;0,0;0,13653904951941342
58346;R. Villalba;RWF;64,0;63,70971542632349;64;0,0;0,29028457367650873
58674;Riquelme F.;RWF;61,0;60,605531049132686;61;0,0;0,3944689508673136
59416;M. Almirón;RWF;75,0;74,92047719106759;75;0,0;0,07952280893240982
59481;D. Berardi;RWF;79,0;78,52651102879392;79;0,0;0,4734889712060806
59637;E. Guessand;RWF;75,0;74,87777238878022;75;0,0;0,12222761121978465
59773;N. Madueke;RWF;77,0;77,30719457900847;77;0,0;0,3071945790084669
59797;J. Murphy;RWF;75,0;75,12752391423668;75;0,0;0,12752391423667575
60066;J. Gauto;RWF;68,0;67,67175558300755;68;0,0;0,32824441699244744
60204;S. Solari;RWF;69,0;68,97102279709173;69;0,0;0,028977202908265554
60347;P. Cerutti;RWF;68,0;68,4242046370481;68;0,0;0,4242046370481063
60435;E. L. Quiñónez;RWF;58,0;57,631753018114004;58;0,0;0,3682469818859957
60534;A. Januzaj;RWF;72,0;72,26322583391017;72;0,0;0,2632258339101696
60711;M. Bolados;RWF;67,0;66,5942906408097;67;0,0;0,40570935919029694
60922;B. Traoré;RWF;72,0;71,99859031334051;72;0,0;0,0014096866594854873
61050;Adama Traoré;RWF;74,0;74,45143220029416;74;0,0;0,451432200294164
61650;T. Peralta;RWF;64,0;63,58896026904681;64;0,0;0,4110397309531919
63086;H. Djibirin;RWF;67,0;67,0839933563526;67;0,0;0,0839933563525932
63383;A. Semenyo;RWF;79,0;79,4615694955099;79;0,0;0,4615694955099059
63492;El-Abdellaoui;RWF;69,0;69,00851958530374;69;0,0;0,008519585303744748
100117;F. Bernardeschi;RWF;72,0;71,53749878227948;72;0,0;0,462501217720515
100620;M. Politano;RWF;79,0;79,32457893145775;79;0,0;0,32457893145775074
100676;Alysson;RWF;68,0;68,1001051267756;68;0,0;0,10010512677560257
100901;B. Brahimi;RWF;69,0;68,63650571408566;69;0,0;0,3634942859143422
101047;D. James;RWF;75,0;74,57433827401456;75;0,0;0,42566172598543517
101185;B. Mbeumo;RWF;82,0;81,99609322255286;82;0,0;0,0039067774471419625
102290;Iñaki Williams;RWF;79,0;78,77019346767105;79;0,0;0,22980653232895065
102884;J. Cabrera;RWF;68,0;67,73330636012848;68;0,0;0,2666936398715194
103339;Lucas Ronier;RWF;70,0;70,23840410361196;70;0,0;0,23840410361195552
103584;Rayan;RWF;76,0;75,80385109531103;76;0,0;0,19614890468896817
103783;R. Massimo;RWF;64,0;64,44392998561368;64;0,0;0,44392998561367847
104257;Negueba;RWF;72,0;72,32316230366573;72;0,0;0,3231623036657254
104640;G. Tapia;RWF;71,0;70,51689876783603;71;0,0;0,4831012321639747
104644;G. Isaksen;RWF;73,0;72,88405183080414;73;0,0;0,11594816919586037
104670;L. Albarracín;RWF;63,0;62,70907489133872;63;0,0;0,29092510866127697
104727;B. Gannon Doak;RWF;70,0;70,48536403623088;70;0,0;0,48536403623087665
104837;I. Alastra;RWF;60,0;60,42294181977846;60;0,0;0,42294181977845824
104853;Z. Luvumbo;RWF;68,0;68,36131775285826;68;0,0;0,3613177528582554
105089;Chimy Ávila;RWF;70,0;70,19047785954182;70;0,0;0,19047785954181506
105183;I. Leguizamón;RWF;69,0;68,88275863059724;69;0,0;0,11724136940276253
105389;T. Fernández;RWF;68,0;67,7019488374157;68;0,0;0,29805116258430076
105528;M. Aguirre;RWF;59,0;59,26040126105213;59;0,0;0,2604012610521309
105550;Fran Pérez;RWF;72,0;71,6213245084161;72;0,0;0,37867549158390545
105633;C. Pavón;RWF;70,0;69,98596506087057;70;0,0;0,014034939129430768
106433;Yago Santiago;RWF;69,0;69,18561684547407;69;0,0;0,18561684547407253
106778;V. Tsygankov;RWF;76,0;75,66023183563614;76;0,0;0,3397681643638606
106833;J. Fernández;RWF;67,0;66,83316070088335;67;0,0;0,16683929911664563
107587;W. Odobert;RWF;76,0;75,70414525656837;76;0,0;0,295854743431633
107667;Tiago Gouveia;RWF;73,0;72,7617009349046;73;0,0;0,23829906509540422
108457;Álex Sancris;RWF;70,0;69,88957572748595;70;0,0;0,11042427251405229
108693;B. Saka;RWF;85,0;84,61014656769233;85;0,0;0,38985343230767455
108695;Amad;RWF;78,0;78,47189725608455;78;0,0;0,4718972560845458
108750;J. Giani;RWF;69,0;69,47607935906937;69;0,0;0,4760793590693737
108979;R. Esse;RWF;71,0;70,67332789517774;71;0,0;0,32667210482226494
109041;T. Dibling;RWF;73,0;72,54595806731312;73;0,0;0,4540419326868772
109128;H. Wilson;RWF;75,0;75,3204377282457;75;0,0;0,32043772824569317
109222;J. Ta Bi;RWF;67,0;66,67104424265851;67;0,0;0,32895575734148963
109359;L. Tchaouna;RWF;71,0;70,5453844250214;71;0,0;0,45461557497860383
109425;J. Herrera;RWF;65,0;65,15295659738233;65;0,0;0,15295659738232814
110648;R. Del Castillo;RWF;68,0;68,15866159041973;68;0,0;0,15866159041972594
110777;A. Przyborek;RWF;66,0;65,8358413941092;66;0,0;0,16415860589080467
111112;E. Da Silva;RWF;62,0;61,92096819800265;62;0,0;0,0790318019973526
111136;E. Agyei;RWF;65,0;64,7926687030533;65;0,0;0,20733129694670538
111198;Lucca;RWF;63,0;62,955239864937965;63;0,0;0,04476013506203458
111285;D. Batallini;RWF;68,0;68,18686001435407;68;0,0;0,18686001435406752
111449;Marcelinho Braz;RWF;65,0;64,63621277265818;65;0,0;0,3637872273418168
111484;R. Orsolini;RWF;78,0;78,0620050343417;78;0,0;0,06200503434169491
111979;N. Fernandes;RWF;67,0;67,13045534218088;67;0,0;0,1304553421808805
112513;Savinho;RWF;79,0;78,562481737215;79;0,0;0,43751826278500516
112574;B. Johnson;RWF;77,0;77,33199865692059;77;0,0;0,3319986569205895
112579;R. Rees-Dottin;RWF;60,0;59,60021839350185;60;0,0;0,3997816064981521
112604;Valera;RWF;74,0;73,92309964514575;74;0,0;0,07690035485424573
112819;M. Broholm;RWF;66,0;66,33272821951573;66;0,0;0,3327282195157295
113073;G. Strefezza;RWF;73,0;73,38914182059483;73;0,0;0,3891418205948298
113513;I. Kebbal;RWF;68,0;67,80477589606829;68;0,0;0,1952241039317073
113655;J. Rentería;RWF;66,0;65,87325901378304;66;0,0;0,12674098621695862
113769;Lucas Barbosa;RWF;68,0;67,77125491090669;68;0,0;0,2287450890933087
113843;J. Ikoné;RWF;68,0;68,14371471791833;68;0,0;0,14371471791832846
113962;G. Gelini;RWF;64,0;63,87942924378731;64;0,0;0,1205707562126932
113986;M. Edwards;RWF;74,0;74,14007921564767;74;0,0;0,140079215647674
114018;M. Olise;RWF;85,0;84,96447292479806;85;0,0;0,03552707520194076
114186;J. Bowen;RWF;78,0;78,32479115507714;78;0,0;0,3247911550771363
114193;E. Garnier;RWF;56,0;55,649474023883926;56;0,0;0,3505259761160744
114200;F. Pellistri;RWF;74,0;73,59986440710182;74;0,0;0,4001355928981809
114251;Pablo García;RWF;68,0;68,27000415142936;68;0,0;0,2700041514293616
114293;D. Borrero;RWF;67,0;67,29041612959512;67;0,0;0,29041612959511554
114333;David Neres;RWF;79,0;79,46254935828793;79;0,0;0,4625493582879301
114430;I. Akhomach;RWF;74,0;73,57434170484872;74;0,0;0,42565829515127973
114471;F. Medina;RWF;63,0;62,77717800495597;63;0,0;0,2228219950440291
114510;O. Bobb;RWF;75,0;74,70067157510242;75;0,0;0,29932842489758116
114542;D. Osorio;RWF;72,0;71,96378133676457;72;0,0;0,03621866323543088
114566;Brahim;RWF;79,0;79,42502691659948;79;0,0;0,425026916599478
114627;C. Stengs;RWF;72,0;71,64496232679703;72;0,0;0,35503767320297186
114636;Y. González;RWF;70,0;69,58346491063305;70;0,0;0,4165350893669455
114640;D. Doué;RWF;82,0;82,40820838826018;82;0,0;0,4082083882601779
114644;Dieguinho;RWF;67,0;66,52661471038465;67;0,0;0,47338528961535076
114808;P. Foden;RWF;84,0;83,73533834116118;84;0,0;0,2646616588388184
114894;H. Cuenca;RWF;61,0;60,70339248779794;61;0,0;0,2966075122020584
114929;G. Yassine;RWF;68,0;68,26406813342996;68;0,0;0,2640681334299586
114999;D. Juárez;RWF;57,0;56,5510464021806;57;0,0;0,44895359781939703
115532;T. González;RWF;64,0;63,76875089697992;64;0,0;0,23124910302008317
115790;J. Addai;RWF;69,0;69,24100935502871;69;0,0;0,24100935502870868
115872;S. Amo-Ameyaw;RWF;70,0;69,59411098291739;70;0,0;0,4058890170826146
115901;M. Abaldo;RWF;70,0;70,32576740313739;70;0,0;0,32576740313739094
115918;Everton Galdino;RWF;68,0;67,68980309659601;68;0,0;0,3101969034039911
115925;J. Casimir;RWF;69,0;68,66472222166303;69;0,0;0,33527777833697314
115926;Leozinho;RWF;67,0;67,1346556542928;67;0,0;0,1346556542927999
115927;Antony;RWF;79,0;78,74439320983139;79;0,0;0,25560679016861343
115934;R. Donovan;RWF;64,0;64,42975542158563;64;0,0;0,4297554215856252
116142;E. Koffi;RWF;64,0;64,29497790636795;64;0,0;0,2949779063679472
116166;Kayke;RWF;64,0;63,8463202053341;64;0,0;0,15367979466589787
116206;A. Abdullahi;RWF;58,0;58,00846565064774;58;0,0;0,008465650647742962
116298;F. Pimienta;RWF;61,0;61,01935226761664;61;0,0;0,01935226761663955
116305;E. Nuamah;RWF;74,0;73,93723789490242;74;0,0;0,06276210509757618
116410;Marcinho;RWF;68,0;67,7324236354755;68;0,0;0,2675763645245013
116541;N. González;RWF;75,0;75,06723761930292;75;0,0;0,06723761930291516
116570;I. Subiabre;RWF;67,0;67,46509197123981;67;0,0;0,46509197123981494
116630;A. Ladstatter;RWF;66,0;66,27006520832704;66;0,0;0,27006520832703984
116692;M. Guerrero;RWF;67,0;67,05653301914845;67;0,0;0,05653301914844633
117030;F. Callejo;RWF;65,0;65,17462053880206;65;0,0;0,17462053880205985
117072;A. Kamara;RWF;67,0;67,2013099567015;67;0,0;0,20130995670149332
117087;Pedro Neto;RWF;81,0;80,98497789526272;81;0,0;0,015022104737283826
117403;F. Pacheco;RWF;64,0;63,742600627866445;64;0,0;0,25739937213355546
117528;J. Grimaldo;RWF;70,0;70,12968110143683;70;0,0;0,1296811014368302
117532;K. Quevedo;RWF;67,0;67,18928111151388;67;0,0;0,1892811115138784
117717;A. Albarracín;RWF;67,0;67,09415149247135;67;0,0;0,09415149247135446
117736;Lamine Yamal;RWF;87,0;87,14926585333743;87;0,0;0,14926585333742537
117747;Matheus Reis;RWF;63,0;62,63165513153136;63;0,0;0,3683448684686397
117763;M. Cancellieri;RWF;73,0;72,67771365615303;73;0,0;0,32228634384696875
117932;D. Malen;RWF;77,0;76,70501807929381;77;0,0;0,2949819207061921
117940;R. Nelson;RWF;73,0;73,12613672467417;73;0,0;0,12613672467416848
118030;E. Nwaneri;RWF;73,0;73,44999484520919;73;0,0;0,44999484520919
118072;N. Kühn;RWF;74,0;74,17768042229177;74;0,0;0,17768042229177183
118142;L. Giaccone;RWF;70,0;70,29065758955456;70;0,0;0,2906575895545558
118181;Junior Messias;RWF;70,0;69,8181318940391;70;0,0;0,18186810596090197
118209;Brugui;RWF;72,0;71,64873079191347;72;0,0;0,35126920808653495
118211;S. Chukwueze;RWF;77,0;76,74208098005987;77;0,0;0,25791901994013244
118221;D. Ndoye;RWF;74,0;73,90913291851138;74;0,0;0,09086708148862499
118226;E. Zhegrova;RWF;75,0;74,70113579818386;75;0,0;0,29886420181614426
118321;Júnior Santos;RWF;70,0;69,50806436873694;70;0,0;0,49193563126306117
118358;A. Alaniz;RWF;67,0;66,59041547980945;67;0,0;0,40958452019054903
118373;Fer López;RWF;70,0;69,7199604538271;70;0,0;0,28003954617290105
118380;N. Edjouma;RWF;67,0;67,48686301503518;67;0,0;0,48686301503518337
118417;Rodrygo;RWF;81,0;81,46202172239137;81;0,0;0,46202172239136985
118480;J. Sarmiento;RWF;66,0;66,2666266361919;66;0,0;0,2666266361919014
118522;Miguel Sierra;RWF;63,0;63,374028989900275;63;0,0;0,37402898990027467
118715;J. Alí;RWF;59,0;59,114134253447155;59;0,0;0,11413425344715478
118717;Erick;RWF;72,0;72,19096730127399;72;0,0;0,19096730127398587
118734;Ângelo;RWF;75,0;74,59742634706035;75;0,0;0,4025736529396511
118931;M. Rodríguez;RWF;61,0;61,18693180830599;61;0,0;0,18693180830599232
118949;C. Olivera;RWF;70,0;70,01211085426216;70;0,0;0,012110854262161297
119130;I. Mbaye;RWF;72,0;72,28548274419295;72;0,0;0,2854827441929473
119803;M. Cho;RWF;73,0;73,30789271929022;73;0,0;0,30789271929022277
119809;F. Alfonso;RWF;67,0;67,23318902441646;67;0,0;0,23318902441646117
119863;Estêvão;RWF;77,0;77,21388631744279;77;0,0;0,2138863174427854
121339;D. Valoyes;RWF;73,0;72,50017766044601;73;0,0;0,4998223395539867
121382;Ángel Pérez;RWF;67,0;66,5673075664465;67;0,0;0,4326924335534983
121391;D. Martínez;RWF;65,0;65,15767249460302;65;0,0;0,15767249460301969
121979;R. Bardghji;RWF;73,0;72,73317604535134;73;0,0;0,2668239546486575
122319;L. Sinayoko;RWF;72,0;71,56477896977869;72;0,0;0,43522103022131375
122324;T. Verón Lupi;RWF;69,0;68,87634067169552;69;0,0;0,123659328304484
122717;P. Villalba;RWF;62,0;61,92510168258276;62;0,0;0,07489831741723663
122732;A. Granko;RWF;60,0;60,08222211243895;60;0,0;0,08222211243894861
123722;M. Alvarado;RWF;59,0;58,929981502543825;59;0,0;0,07001849745617506
124269;R. Martínez;RWF;61,0;60,77503198196881;61;0,0;0,22496801803119126
124277;Miguel;RWF;64,0;64,13235221088338;64;0,0;0,13235221088338278
124846;G. Tsitaishvili;RWF;71,0;70,59837828669168;71;0,0;0,401621713308316
124860;J. Ruiz;RWF;69,0;69,24707414234246;69;0,0;0,24707414234245562
262981;M. Hinestroza;RWF;72,0;72,08326056893051;72;0,0;0,08326056893051259
263022;F. Gil;RWF;67,0;66,53696855015961;67;0,0;0,46303144984038624
263109;D. Asprilla;RWF;67,0;66,69973778698413;67;0,0;0,30026221301586986
263620;Loco;RWF;83,0;83,34978032054445;83;0,0;0,34978032054445407
303623;B. Ramírez;RWF;71,0;71,30017465398943;71;0,0;0,3001746539894299
307770;R. Redes;RWF;69,0;68,61589697345573;69;0,0;0,38410302654426687
370814;S. Muñoz;RWF;65,0;65,00507139107677;65;0,0;0,00507139107676835
377202;Á. Stringa;RWF;57,0;57,2528896973929;57;0,0;0,25288969739290224
377335;Kareem Tunde;RWF;67,0;66,9530852773882;67;0,0;0,04691472261180252
378294;L. Sosa;RWF;65,0;65,44067510345731;65;0,0;0,4406751034573091
1073847680;Artur;RWF;69,0;69,04716783116554;69;0,0;0,04716783116553813
1073857268;Lee Kang-In;RWF;77,0;76,60772235379818;77;0,0;0,39227764620181915
40749;T. Gutiérrez;SS;70,0;69,65795389310192;70;0,0;0,34204610689808135
41425;E. Vargas;SS;68,0;68,23502586439136;68;0,0;0,23502586439136053
42316;A. Griezmann;SS;81,0;80,99868851578911;81;0,0;0,00131148421088767
43596;Thaciano;SS;69,0;69,10291289811659;69;0,0;0,10291289811658544
47179;P. Dybala;SS;82,0;82,4815031856321;82;0,0;0,48150318563210703
47456;Luciano;SS;72,0;72,05989392909436;72;0,0;0,059893929094357645
55046;S. Al-Najei;SS;62,0;62,20839074797938;62;0,0;0,2083907479793794
55764;A. Garrido;SS;70,0;70,40009018779638;70;0,0;0,40009018779637984
55911;D. Quintero;SS;71,0;71,18483143676325;71;0,0;0,18483143676324687
55952;E. Peralta;SS;64,0;64,18343185596994;64;0,0;0,1834318559699426
57956;P. Vera;SS;67,0;67,3449350981805;67;0,0;0,3449350981804997
57990;S. Núñez;SS;63,0;62,78161359154571;63;0,0;0,21838640845429325
58163;F. Fagúndez;SS;68,0;67,63762447386917;68;0,0;0,36237552613083324
58224;J. Zapata;SS;68,0;68,44630764940204;68;0,0;0,44630764940204415
58414;R. Vargas;SS;66,0;65,6532401344833;66;0,0;0,34675986551670235
59259;S. Inácio;SS;64,0;64,19992087646794;64;0,0;0,19992087646794232
59433;H. Bobadilla;SS;66,0;66,38912124238544;66;0,0;0,38912124238544266
60235;L. Vietto;SS;71,0;70,86435036019448;71;0,0;0,13564963980552136
100462;Gabriel Taliari;SS;71,0;70,75815476898819;71;0,0;0,24184523101180844
103043;G. Rutter;SS;75,0;74,66710534004449;75;0,0;0,3328946599555138
104398;E. Kroupi;SS;76,0;75,71274634359284;76;0,0;0,2872536564071595
105289;G. Vadalá;SS;69,0;69,27503096399732;69;0,0;0,27503096399732385
108984;C. Nkunku;SS;80,0;79,89441767923921;80;0,0;0,10558232076078866
109772;E. Flores;SS;72,0;72,07124008549297;72;0,0;0,071240085492974
110599;A. Lookman;SS;81,0;81,19247087424161;81;0,0;0,19247087424160725
110608;J. Enciso;SS;74,0;74,04892659851895;74;0,0;0,04892659851894621
112104;C. Pulisic;SS;83,0;82,89081449523746;83;0,0;0,10918550476253586
112550;Thalys;SS;66,0;65,94899507787704;66;0,0;0,051004922122956486
112977;F. Sotoca;SS;67,0;67,44663226068892;67;0,0;0,44663226068891504
113345;G. Zelarayán;SS;63,0;62,718148563720455;63;0,0;0,28185143627954545
114598;J. Bauzá;SS;67,0;66,86705453108709;67;0,0;0,13294546891290793
115238;K. Yıldız;SS;80,0;80,1274434607098;80;0,0;0,12744346070979873
116436;Isi;SS;79,0;79,13808470934555;79;0,0;0,13808470934554862
117067;F. Mambimbi;SS;68,0;67,83011839772205;68;0,0;0,1698816022779539
117509;J. Herrera;SS;63,0;62,72202913687251;63;0,0;0,27797086312749286
117686;Y. Trepy;SS;63,0;63,48194872703394;63;0,0;0,481948727033938
117867;Z. Flemming;SS;70,0;70,14423354923099;70;0,0;0,1442335492309894
118195;J. Zirkzee;SS;74,0;73,8864904072175;74;0,0;0,11350959278250627
119571;C. De Ketelaere;SS;78,0;77,9612240164938;78;0,0;0,038775983506198486
119872;A. Houary;SS;66,0;66,44596435023468;66;0,0;0,44596435023467507
122716;G. Raspadori;SS;76,0;76,15369855124949;76;0,0;0,15369855124949083
124279;S. Fini;SS;61,0;60,69499940562189;61;0,0;0,30500059437810734
262960;Gastón;SS;66,0;65,88219075563045;66;0,0;0,11780924436955331
263699;Emo;SS;80,0;79,81326519707372;80;0,0;0,18673480292628142
263818;Evaristo;SS;78,0;77,63249912677108;78;0,0;0,36750087322892
373253;F. Pasadore;SS;64,0;63,551811831426306;64;0,0;0,4481881685736937
373327;V. Cárcamo;SS;62,0;61,79600370766129;62;0,0;0,20399629233870797
