player_id;jugador;posicion;media_real;media_predicha_decimal;media_predicha;error;error_decimal;formula_posicion;posicion_original;origen_calculo
118707;A. Adli;AMF;;76,44886083336975;76;;;AMF;AMF;formulas_por_posicion.json
55076;A. Arce;AMF;;65,43233790088424;65;;;AMF;AMF;formulas_por_posicion.json
110568;A. Ba;AMF;;65,76824554163012;66;;;AMF;AMF;formulas_por_posicion.json
58317;A. Cantero;AMF;;70,57630569657614;71;;;AMF;AMF;formulas_por_posicion.json
104874;A. Diallo;AMF;;57,523538743479946;58;;;AMF;AMF;formulas_por_posicion.json
57674;A. Dos Santos;AMF;;63,56100595919534;64;;;AMF;AMF;formulas_por_posicion.json
38365;A. Dramisino;AMF;;64,03419390344429;64;;;AMF;AMF;formulas_por_posicion.json
57954;A. Fariña;AMF;;66,08107677700828;66;;;AMF;AMF;formulas_por_posicion.json
117687;A. Fernández;AMF;;67,85597049739542;68;;;AMF;AMF;formulas_por_posicion.json
109412;A. García;AMF;;67,00357373118314;67;;;AMF;AMF;formulas_por_posicion.json
112062;A. Golovin;AMF;;76,7471156058588;77;;;AMF;AMF;formulas_por_posicion.json
103797;A. Güler;AMF;;84,02785405687165;84;;;AMF;AMF;formulas_por_posicion.json
118285;A. Karabec;AMF;;72,52849620692979;73;;;AMF;AMF;formulas_por_posicion.json
115910;A. Lahdo;AMF;;63,47725278285611;63;;;AMF;AMF;formulas_por_posicion.json
105578;A. Laprida;AMF;;66,90710404998951;67;;;AMF;AMF;formulas_por_posicion.json
100065;A. Lescano;AMF;;74,13918304729286;74;;;AMF;AMF;formulas_por_posicion.json
115354;A. Luna;AMF;;71,46397318140264;71;;;AMF;AMF;formulas_por_posicion.json
117952;A. Martegani;AMF;;69,98736024763569;70;;;AMF;AMF;formulas_por_posicion.json
117659;A. Milambo;AMF;;72,25383698718733;72;;;AMF;AMF;formulas_por_posicion.json
105162;A. Molinas;AMF;;73,63500310073663;74;;;AMF;AMF;formulas_por_posicion.json
111912;A. Muñoz;AMF;;64,10845590235283;64;;;AMF;AMF;formulas_por_posicion.json
114642;A. Ocampo;AMF;;67,97698503770155;68;;;AMF;AMF;formulas_por_posicion.json
115005;A. Sabiri;AMF;;69,90434913022821;70;;;AMF;AMF;formulas_por_posicion.json
54828;A. Terrazas;AMF;;66,29486243376341;66;;;AMF;AMF;formulas_por_posicion.json
111951;A. Vergara;AMF;;67,38624052067729;67;;;AMF;AMF;formulas_por_posicion.json
103117;A. Zapata;AMF;;66,9638283807709;67;;;AMF;AMF;formulas_por_posicion.json
119876;Aimar Oroz;AMF;;77,41933923615326;77;;;AMF;AMF;formulas_por_posicion.json
106629;Alan Patrick;AMF;;76,621618294314;77;;;AMF;AMF;formulas_por_posicion.json
118048;Alex Amorim;AMF;;68,65818877833672;69;;;AMF;AMF;formulas_por_posicion.json
111342;Aleñá;AMF;;74,5658762923057;75;;;AMF;AMF;formulas_por_posicion.json
104493;Andreas Pereira;AMF;;77,9686930633523;78;;;AMF;AMF;formulas_por_posicion.json
100720;André Almeida;AMF;;73,13598235316151;73;;;AMF;AMF;formulas_por_posicion.json
115263;B. Aaronson;AMF;;74,46059891960319;74;;;AMF;AMF;formulas_por_posicion.json
54390;B. García;AMF;;64,0219087497962;64;;;AMF;AMF;formulas_por_posicion.json
115132;B. Gruda;AMF;;74,12367765126442;74;;;AMF;AMF;formulas_por_posicion.json
111040;B. Merlini;AMF;;69,87746763867314;70;;;AMF;AMF;formulas_por_posicion.json
113039;B. Reynoso;AMF;;73,92231313123457;74;;;AMF;AMF;formulas_por_posicion.json
114364;B. Rollheiser;AMF;;73,72150038091398;74;;;AMF;AMF;formulas_por_posicion.json
55831;B. Silva;AMF;;64,67663923950501;65;;;AMF;AMF;formulas_por_posicion.json
54823;B. Sávio;AMF;;68,70981613252913;69;;;AMF;AMF;formulas_por_posicion.json
104226;Bernardo Silva;AMF;;82,07581116667237;82;;;AMF;AMF;formulas_por_posicion.json
60512;Bruno Fernandes;AMF;;87,09679213758507;87;;;AMF;AMF;formulas_por_posicion.json
58099;C. Alemán;AMF;;68,19319670649647;68;;;AMF;AMF;formulas_por_posicion.json
116591;C. Aquino;AMF;;71,8443262281719;72;;;AMF;AMF;formulas_por_posicion.json
379997;C. Benavente;AMF;;68,82405191150211;69;;;AMF;AMF;formulas_por_posicion.json
105516;C. Echeverri;AMF;;76,24795371359848;76;;;AMF;AMF;formulas_por_posicion.json
112505;C. Ferreira;AMF;;68,33604071758822;68;;;AMF;AMF;formulas_por_posicion.json
363615;C. Gonzáles;AMF;;70,31162830364623;70;;;AMF;AMF;formulas_por_posicion.json
118595;C. Palacios;AMF;;72,73821749084634;73;;;AMF;AMF;formulas_por_posicion.json
114891;C. Palmer;AMF;;82,90222964273558;83;;;AMF;AMF;formulas_por_posicion.json
108114;C. Rigg;AMF;;70,24470309690014;70;;;AMF;AMF;formulas_por_posicion.json
58345;C. Sosa;AMF;;67,3595443660949;67;;;AMF;AMF;formulas_por_posicion.json
100955;C. Uche;AMF;;71,8781376219765;72;;;AMF;AMF;formulas_por_posicion.json
47132;C. Volpato;AMF;;69,38523594772538;69;;;AMF;AMF;formulas_por_posicion.json
106738;Cauly;AMF;;73,7130307877142;74;;;AMF;AMF;formulas_por_posicion.json
1073847867;Chico Kim;AMF;;69,17080103669235;69;;;AMF;AMF;formulas_por_posicion.json
105307;D. Barbona;AMF;;69,44589852338429;69;;;AMF;AMF;formulas_por_posicion.json
377513;D. Cataño;AMF;;69,53429437748795;70;;;AMF;AMF;formulas_por_posicion.json
102239;D. Guagua;AMF;;64,49372451200115;64;;;AMF;AMF;formulas_por_posicion.json
1073754405;D. Kamada;AMF;;76,1795190359555;76;;;AMF;AMF;formulas_por_posicion.json
109201;D. Kulusevski;AMF;;81,2853395415004;81;;;AMF;AMF;formulas_por_posicion.json
117081;D. Maldini;AMF;;72,02374886134852;72;;;AMF;AMF;formulas_por_posicion.json
112503;D. Rodríguez;AMF;;73,44962726873905;73;;;AMF;AMF;formulas_por_posicion.json
56058;D. Saggiomo;AMF;;67,50168322778926;68;;;AMF;AMF;formulas_por_posicion.json
47775;D. Silva;AMF;;68,74124434880251;69;;;AMF;AMF;formulas_por_posicion.json
100706;D. Szoboszlai;AMF;;82,88664699412607;83;;;AMF;AMF;formulas_por_posicion.json
103651;D. Terans;AMF;;71,49955265586136;71;;;AMF;AMF;formulas_por_posicion.json
60817;D. Valdés;AMF;;72,92950585941617;73;;;AMF;AMF;formulas_por_posicion.json
110902;Dani Olmo;AMF;;83,49359482846019;83;;;AMF;AMF;formulas_por_posicion.json
113748;De Arrascaeta;AMF;;83,20013253441975;83;;;AMF;AMF;formulas_por_posicion.json
101065;Denis Suárez;AMF;;74,2983416121553;74;;;AMF;AMF;formulas_por_posicion.json
118428;Dro Fernández;AMF;;71,34937930207721;71;;;AMF;AMF;formulas_por_posicion.json
103112;Dudu;AMF;;67,21995145521109;67;;;AMF;AMF;formulas_por_posicion.json
114304;Dzięgielewski;AMF;;62,723874155472664;63;;;AMF;AMF;formulas_por_posicion.json
118661;E. Cabrera;AMF;;69,28817402198285;69;;;AMF;AMF;formulas_por_posicion.json
61457;E. Cardona;AMF;;73,63810362037067;74;;;AMF;AMF;formulas_por_posicion.json
120357;E. Elmas;AMF;;75,54274636244486;76;;;AMF;AMF;formulas_por_posicion.json
114906;E. Eze;AMF;;83,96686941868712;84;;;AMF;AMF;formulas_por_posicion.json
114417;E. Plicco;AMF;;54,22654688531682;54;;;AMF;AMF;formulas_por_posicion.json
118164;E. Smith Rowe;AMF;;78,1421924286462;78;;;AMF;AMF;formulas_por_posicion.json
110500;Edenilson;AMF;;70,22482159900724;70;;;AMF;AMF;formulas_por_posicion.json
116049;Edu Expósito;AMF;;76,35663455610757;76;;;AMF;AMF;formulas_por_posicion.json
104374;Eduardo;AMF;;68,41627733808197;68;;;AMF;AMF;formulas_por_posicion.json
115385;F. Buonanotte;AMF;;73,41123493901611;73;;;AMF;AMF;formulas_por_posicion.json
118974;F. Cabanillas;AMF;;62,35640171821668;62;;;AMF;AMF;formulas_por_posicion.json
104336;F. Cardoso;AMF;;62,99452691528192;63;;;AMF;AMF;formulas_por_posicion.json
60355;F. Carrizo;AMF;;69,09272920765335;69;;;AMF;AMF;formulas_por_posicion.json
55727;F. Castañeda;AMF;;68,70092485261333;69;;;AMF;AMF;formulas_por_posicion.json
55795;F. Charrupí;AMF;;63,553301076966;64;;;AMF;AMF;formulas_por_posicion.json
105298;F. Cristaldo;AMF;;73,0585653825304;73;;;AMF;AMF;formulas_por_posicion.json
297025;F. Farías;AMF;;71,74482786578528;72;;;AMF;AMF;formulas_por_posicion.json
102042;F. Frías;AMF;;66,28314156634441;66;;;AMF;AMF;formulas_por_posicion.json
315542;F. González;AMF;;65,28597534529797;65;;;AMF;AMF;formulas_por_posicion.json
113831;F. González M.;AMF;;68,98228529223769;69;;;AMF;AMF;formulas_por_posicion.json
110518;F. Guch;AMF;;64,78106702098242;65;;;AMF;AMF;formulas_por_posicion.json
55963;F. Gulli;AMF;;67,75569360228297;68;;;AMF;AMF;formulas_por_posicion.json
118032;F. Lo Celso;AMF;;65,51628290322682;66;;;AMF;AMF;formulas_por_posicion.json
55851;F. Marchant;AMF;;67,99847211701606;68;;;AMF;AMF;formulas_por_posicion.json
61230;F. Mastantuono;AMF;;76,22292625692376;76;;;AMF;AMF;formulas_por_posicion.json
109188;F. Pérez;AMF;;69,91158569309567;70;;;AMF;AMF;formulas_por_posicion.json
45334;F. Vázquez;AMF;;74,46925376806293;74;;;AMF;AMF;formulas_por_posicion.json
110951;F. Watson;AMF;;71,06861111806985;71;;;AMF;AMF;formulas_por_posicion.json
113900;F. Wirtz;AMF;;87,81915149480844;88;;;AMF;AMF;formulas_por_posicion.json
105352;F. Álvarez;AMF;;68,58539809454383;69;;;AMF;AMF;formulas_por_posicion.json
118559;Fermín;AMF;;81,90424111046302;82;;;AMF;AMF;formulas_por_posicion.json
263072;Fernando;AMF;;67,02668457116212;67;;;AMF;AMF;formulas_por_posicion.json
110439;Fornals;AMF;;79,95492828213091;80;;;AMF;AMF;formulas_por_posicion.json
117661;Fábio Carvalho;AMF;;74,04315152787252;74;;;AMF;AMF;formulas_por_posicion.json
101762;G. Augusto;AMF;;73,3678098338562;73;;;AMF;AMF;formulas_por_posicion.json
117452;G. Baroni;AMF;;65,8087549767953;66;;;AMF;AMF;formulas_por_posicion.json
63382;G. Bernardeau;AMF;;67,14292641134804;67;;;AMF;AMF;formulas_por_posicion.json
112936;G. Bogado;AMF;;66,40383775527388;66;;;AMF;AMF;formulas_por_posicion.json
111023;G. Carabajal;AMF;;68,63000265070521;69;;;AMF;AMF;formulas_por_posicion.json
58236;G. Cortez;AMF;;69,49457450631927;69;;;AMF;AMF;formulas_por_posicion.json
114693;G. Earthy;AMF;;67,22730167542088;67;;;AMF;AMF;formulas_por_posicion.json
111962;G. Florentín;AMF;;69,44478862525332;69;;;AMF;AMF;formulas_por_posicion.json
100604;G. Gaetano;AMF;;74,09580133091856;74;;;AMF;AMF;formulas_por_posicion.json
114199;G. Hein;AMF;;75,15836081364205;75;;;AMF;AMF;formulas_por_posicion.json
108751;G. Lo Celso;AMF;;79,76195881614956;80;;;AMF;AMF;formulas_por_posicion.json
110892;G. Maroni;AMF;;70,76189719675821;71;;;AMF;AMF;formulas_por_posicion.json
104864;G. Martínez;AMF;;70,83253424659941;71;;;AMF;AMF;formulas_por_posicion.json
55752;G. Moreti;AMF;;79,34205204205729;79;;;AMF;AMF;formulas_por_posicion.json
43086;G. Oristanio;AMF;;73,52510800093184;74;;;AMF;AMF;formulas_por_posicion.json
118829;G. Piñeiro;AMF;;65,83012415943048;66;;;AMF;AMF;formulas_por_posicion.json
46303;Gabriel;AMF;;73,33955775482512;73;;;AMF;AMF;formulas_por_posicion.json
100265;Gabriel Mec;AMF;;65,18964608411706;65;;;AMF;AMF;formulas_por_posicion.json
42455;Ganso;AMF;;74,48771767671371;74;;;AMF;AMF;formulas_por_posicion.json
115653;Guridi;AMF;;73,89126967976803;74;;;AMF;AMF;formulas_por_posicion.json
117894;Gustavo;AMF;;67,79941582099;68;;;AMF;AMF;formulas_por_posicion.json
101544;Gustavo Scarpa;AMF;;73,02167672935244;73;;;AMF;AMF;formulas_por_posicion.json
109812;H. Abdelli;AMF;;74,94397675552631;75;;;AMF;AMF;formulas_por_posicion.json
375729;H. Abdulkareem;AMF;;61,27398209609943;61;;;AMF;AMF;formulas_por_posicion.json
106863;H. Elliot;AMF;;77,5894678463521;78;;;AMF;AMF;formulas_por_posicion.json
116710;H. Haraldsson;AMF;;77,09344266114078;77;;;AMF;AMF;formulas_por_posicion.json
114370;H. Jones;AMF;;60,346634304928656;60;;;AMF;AMF;formulas_por_posicion.json
118163;H. López;AMF;;62,1027028205815;62;;;AMF;AMF;formulas_por_posicion.json
118342;H. López Muñoz;AMF;;74,60286762196708;75;;;AMF;AMF;formulas_por_posicion.json
117497;H. Traorè;AMF;;75,25139505437498;75;;;AMF;AMF;formulas_por_posicion.json
101675;Hannibal;AMF;;72,68308146729213;73;;;AMF;AMF;formulas_por_posicion.json
104490;Hyoran;AMF;;67,06059687165362;67;;;AMF;AMF;formulas_por_posicion.json
102547;I. Guerti;AMF;;58,25340526248241;58;;;AMF;AMF;formulas_por_posicion.json
34797;I. Malcorra;AMF;;73,12410583283156;73;;;AMF;AMF;formulas_por_posicion.json
106732;I. Maza;AMF;;75,61120311503281;76;;;AMF;AMF;formulas_por_posicion.json
61080;I. Rossi;AMF;;62,29641908162781;62;;;AMF;AMF;formulas_por_posicion.json
114201;I. Sarr;AMF;;78,48477404302447;78;;;AMF;AMF;formulas_por_posicion.json
100262;I. Tapia;AMF;;67,361623852706;67;;;AMF;AMF;formulas_por_posicion.json
105309;I. Tapia;AMF;;65,39569224427566;65;;;AMF;AMF;formulas_por_posicion.json
58341;I. Vásquez;AMF;;64,9793528607542;65;;;AMF;AMF;formulas_por_posicion.json
42582;Iker Losada;AMF;;72,37551627032369;72;;;AMF;AMF;formulas_por_posicion.json
42556;Isco;AMF;;84,85492561010332;85;;;AMF;AMF;formulas_por_posicion.json
114752;Iván Martín;AMF;;76,77954122462988;77;;;AMF;AMF;formulas_por_posicion.json
114897;J. Altamirano;AMF;;71,52028003666854;72;;;AMF;AMF;formulas_por_posicion.json
108634;J. Barrera;AMF;;70,86771101882526;71;;;AMF;AMF;formulas_por_posicion.json
101291;J. Bellingham;AMF;;85,6461402753955;86;;;AMF;AMF;formulas_por_posicion.json
60928;J. Brandt;AMF;;81,33829258113704;81;;;AMF;AMF;formulas_por_posicion.json
103966;J. Carrascal;AMF;;78,6743270279968;79;;;AMF;AMF;formulas_por_posicion.json
57637;J. Castellanos;AMF;;67,21021086631404;67;;;AMF;AMF;formulas_por_posicion.json
54399;J. Cazares;AMF;;73,40169871782552;73;;;AMF;AMF;formulas_por_posicion.json
122727;J. Ekkelenkamp;AMF;;72,38044182717542;72;;;AMF;AMF;formulas_por_posicion.json
56136;J. García;AMF;;63,49396301761378;63;;;AMF;AMF;formulas_por_posicion.json
58120;J. García;AMF;;67,89446847711957;68;;;AMF;AMF;formulas_por_posicion.json
114881;J. Hofmann;AMF;;74,72109640518747;75;;;AMF;AMF;formulas_por_posicion.json
111173;J. Jhon;AMF;;72,1340710868173;72;;;AMF;AMF;formulas_por_posicion.json
60743;J. King;AMF;;71,01195826505753;71;;;AMF;AMF;formulas_por_posicion.json
114845;J. Kluivert;AMF;;77,24978508964736;77;;;AMF;AMF;formulas_por_posicion.json
61181;J. Lingard;AMF;;73,10121279476641;73;;;AMF;AMF;formulas_por_posicion.json
100275;J. Lucco;AMF;;63,345491945765225;63;;;AMF;AMF;formulas_por_posicion.json
111319;J. Lázaro;AMF;;66,25837179836176;66;;;AMF;AMF;formulas_por_posicion.json
55800;J. López;AMF;;63,29753057173751;63;;;AMF;AMF;formulas_por_posicion.json
114036;J. Maddison;AMF;;83,32674430041493;83;;;AMF;AMF;formulas_por_posicion.json
55843;J. Maraude;AMF;;63,880332403104866;64;;;AMF;AMF;formulas_por_posicion.json
60252;J. Mavilla;AMF;;67,57854237273058;68;;;AMF;AMF;formulas_por_posicion.json
114907;J. McAtee;AMF;;71,91833539097132;72;;;AMF;AMF;formulas_por_posicion.json
60977;J. Meza;AMF;;71,84190374412663;72;;;AMF;AMF;formulas_por_posicion.json
114883;J. Musiala;AMF;;86,97170022689028;87;;;AMF;AMF;formulas_por_posicion.json
59393;J. Pérez;AMF;;64,09955675607208;64;;;AMF;AMF;formulas_por_posicion.json
305909;J. Pérez;AMF;;67,17762630701095;67;;;AMF;AMF;formulas_por_posicion.json
45685;J. Quintero;AMF;;78,08658729903226;78;;;AMF;AMF;formulas_por_posicion.json
114184;J. Ramírez;AMF;;66,39727176223569;66;;;AMF;AMF;formulas_por_posicion.json
116208;J. Recalde;AMF;;69,09772766815445;69;;;AMF;AMF;formulas_por_posicion.json
58295;J. Rengifo;AMF;;69,47969781287154;69;;;AMF;AMF;formulas_por_posicion.json
41581;J. Rodríguez;AMF;;79,91359319838949;80;;;AMF;AMF;formulas_por_posicion.json
110399;J. Rojas;AMF;;66,70094103652714;67;;;AMF;AMF;formulas_por_posicion.json
372710;J. Rossel;AMF;;64,61625551171286;65;;;AMF;AMF;formulas_por_posicion.json
120332;J. Savarino;AMF;;74,52660754447184;75;;;AMF;AMF;formulas_por_posicion.json
54404;J. Sornoza;AMF;;74,28459269270344;74;;;AMF;AMF;formulas_por_posicion.json
57680;J. Torres;AMF;;69,0306663730128;69;;;AMF;AMF;formulas_por_posicion.json
58250;J. Valiente;AMF;;69,20429422987472;69;;;AMF;AMF;formulas_por_posicion.json
55763;J. Vidal;AMF;;74,42151067284179;74;;;AMF;AMF;formulas_por_posicion.json
57914;J. Vélez;AMF;;69,33536441993408;69;;;AMF;AMF;formulas_por_posicion.json
41533;Jean Carlos;AMF;;69,6296853181328;70;;;AMF;AMF;formulas_por_posicion.json
42402;Josué;AMF;;75,23940211109176;75;;;AMF;AMF;formulas_por_posicion.json
118448;K. Cabrera;AMF;;67,78366668145969;68;;;AMF;AMF;formulas_por_posicion.json
44379;K. De Bruyne;AMF;;86,39764856329568;86;;;AMF;AMF;formulas_por_posicion.json
45090;K. Doumbia;AMF;;70,40586356778799;70;;;AMF;AMF;formulas_por_posicion.json
111982;K. Merah;AMF;;70,2328186255867;70;;;AMF;AMF;formulas_por_posicion.json
104313;K. Páez;AMF;;73,56095130426361;74;;;AMF;AMF;formulas_por_posicion.json
101472;K. Thorstvedt;AMF;;72,87658987534783;73;;;AMF;AMF;formulas_por_posicion.json
105138;Kaku;AMF;;76,58158081926953;77;;;AMF;AMF;formulas_por_posicion.json
54850;L. Abreu;AMF;;63,89252485705648;64;;;AMF;AMF;formulas_por_posicion.json
5417;L. Acosta;AMF;;78,9596215264318;79;;;AMF;AMF;formulas_por_posicion.json
38115;L. Acosta;AMF;;69,88647938293704;70;;;AMF;AMF;formulas_por_posicion.json
117770;L. Ambros;AMF;;66,69942692557923;67;;;AMF;AMF;formulas_por_posicion.json
56041;L. Assadi;AMF;;73,80361969360582;74;;;AMF;AMF;formulas_por_posicion.json
109402;L. Blas;AMF;;73,50544962466118;74;;;AMF;AMF;formulas_por_posicion.json
119815;L. Cabral;AMF;;71,35047586711173;71;;;AMF;AMF;formulas_por_posicion.json
113991;L. Chávez;AMF;;67,98847879480805;68;;;AMF;AMF;formulas_por_posicion.json
113937;L. Cornejo;AMF;;62,92591141506979;63;;;AMF;AMF;formulas_por_posicion.json
111473;L. Fernandes;AMF;;66,78472299615373;67;;;AMF;AMF;formulas_por_posicion.json
121324;L. Fernández;AMF;;75,303785857732;75;;;AMF;AMF;formulas_por_posicion.json
110521;L. Godoy;AMF;;66,19485452190666;66;;;AMF;AMF;formulas_por_posicion.json
103376;L. Gómez;AMF;;67,33310856741144;67;;;AMF;AMF;formulas_por_posicion.json
107454;L. Ilic;AMF;;68,92634250650124;69;;;AMF;AMF;formulas_por_posicion.json
103680;L. Karl;AMF;;73,83057660539308;74;;;AMF;AMF;formulas_por_posicion.json
114676;L. Leroux;AMF;;69,65948373114728;70;;;AMF;AMF;formulas_por_posicion.json
319586;L. Lima;AMF;;72,3188128838417;72;;;AMF;AMF;formulas_por_posicion.json
58033;L. Millán;AMF;;69,07938340233343;69;;;AMF;AMF;formulas_por_posicion.json
41517;L. Mugni;AMF;;71,83699707490017;72;;;AMF;AMF;formulas_por_posicion.json
108096;L. Pellegrini;AMF;;75,95190825485362;76;;;AMF;AMF;formulas_por_posicion.json
6526;L. Podolski;AMF;;68,24644353521357;68;;;AMF;AMF;formulas_por_posicion.json
102805;L. Samardžić;AMF;;76,37182832397463;76;;;AMF;AMF;formulas_por_posicion.json
58342;L. Sanabria;AMF;;67,27674993851807;67;;;AMF;AMF;formulas_por_posicion.json
114218;L. Sequeira;AMF;;69,94724482047121;70;;;AMF;AMF;formulas_por_posicion.json
118933;L. Zahović;AMF;;65,13274735237894;65;;;AMF;AMF;formulas_por_posicion.json
114106;L. Zelarayán;AMF;;75,0862320079038;75;;;AMF;AMF;formulas_por_posicion.json
1073805122;Lima;AMF;;71,93639034215755;72;;;AMF;AMF;formulas_por_posicion.json
380134;Lorran;AMF;;66,22917993060393;66;;;AMF;AMF;formulas_por_posicion.json
111804;Lucas Paquetá;AMF;;76,53986431288504;77;;;AMF;AMF;formulas_por_posicion.json
121198;M. Aguiar;AMF;;61,728089475405;62;;;AMF;AMF;formulas_por_posicion.json
59267;M. Arias;AMF;;64,28746682076444;64;;;AMF;AMF;formulas_por_posicion.json
101961;M. Benítez;AMF;;69,80104170286164;70;;;AMF;AMF;formulas_por_posicion.json
58080;M. Bergara;AMF;;63,02617146187588;63;;;AMF;AMF;formulas_por_posicion.json
118528;M. Damsgaard;AMF;;76,01334776652746;76;;;AMF;AMF;formulas_por_posicion.json
114782;M. Dowman;AMF;;67,01603260943475;67;;;AMF;AMF;formulas_por_posicion.json
46741;M. Fernandes;AMF;;77,07400076840963;77;;;AMF;AMF;formulas_por_posicion.json
43792;M. Fernández;AMF;;71,6581238177126;72;;;AMF;AMF;formulas_por_posicion.json
118183;M. Gallardo;AMF;;69,08133817153045;69;;;AMF;AMF;formulas_por_posicion.json
114935;M. Gibbs-White;AMF;;78,25317732314531;78;;;AMF;AMF;formulas_por_posicion.json
110346;M. Goti;AMF;;65,80112826202505;66;;;AMF;AMF;formulas_por_posicion.json
122275;M. Klimowicz;AMF;;68,61009064622519;69;;;AMF;AMF;formulas_por_posicion.json
42697;M. Lanzini;AMF;;75,56558278734745;76;;;AMF;AMF;formulas_por_posicion.json
55751;M. Mejía;AMF;;72,99862897442755;73;;;AMF;AMF;formulas_por_posicion.json
57987;M. Miljevic;AMF;;74,80272934832037;75;;;AMF;AMF;formulas_por_posicion.json
47934;M. Miranda;AMF;;67,54098728580523;68;;;AMF;AMF;formulas_por_posicion.json
106236;M. Monsalve;AMF;;68,92966485644232;69;;;AMF;AMF;formulas_por_posicion.json
113883;M. Moreno;AMF;;77,3204570379869;77;;;AMF;AMF;formulas_por_posicion.json
118096;M. Mount;AMF;;76,65901354392552;77;;;AMF;AMF;formulas_por_posicion.json
108877;M. Palavecino;AMF;;70,09749041398837;70;;;AMF;AMF;formulas_por_posicion.json
61720;M. Pašalić;AMF;;75,73534900476864;76;;;AMF;AMF;formulas_por_posicion.json
58075;M. Pereyra;AMF;;68,64187052447318;69;;;AMF;AMF;formulas_por_posicion.json
118174;M. Rogers;AMF;;81,66847828593907;82;;;AMF;AMF;formulas_por_posicion.json
63347;M. Rojas;AMF;;70,91532536132765;71;;;AMF;AMF;formulas_por_posicion.json
65000;M. Röhl;AMF;;72,81208171102115;73;;;AMF;AMF;formulas_por_posicion.json
4188;M. Schwartz;AMF;;63,3239354760244;63;;;AMF;AMF;formulas_por_posicion.json
59206;M. Smarra;AMF;;60,120505628841;60;;;AMF;AMF;formulas_por_posicion.json
40884;M. Tillman;AMF;;75,3540795278387;75;;;AMF;AMF;formulas_por_posicion.json
114637;M. Zaracho;AMF;;70,22828194239;70;;;AMF;AMF;formulas_por_posicion.json
103404;M. Ødegaard;AMF;;85,6857249452963;86;;;AMF;AMF;formulas_por_posicion.json
113573;Matheus Cunha;AMF;;79,8466195567771;80;;;AMF;AMF;formulas_por_posicion.json
114794;Matheus França;AMF;;66,08076802977578;66;;;AMF;AMF;formulas_por_posicion.json
108865;Matheus Pereira;AMF;;79,69462256510445;80;;;AMF;AMF;formulas_por_posicion.json
108560;Matheusinho;AMF;;70,36317042860499;70;;;AMF;AMF;formulas_por_posicion.json
377282;Maurício;AMF;;74,25736333234038;74;;;AMF;AMF;formulas_por_posicion.json
46816;Miguelito;AMF;;71,72958468561605;72;;;AMF;AMF;formulas_por_posicion.json
114958;N. Cavuoti;AMF;;65,38957927552116;65;;;AMF;AMF;formulas_por_posicion.json
54119;N. Lodeiro;AMF;;71,86843295966938;72;;;AMF;AMF;formulas_por_posicion.json
114093;N. Nartey;AMF;;68,3927706399366;68;;;AMF;AMF;formulas_por_posicion.json
46694;N. Stanciu;AMF;;70,4070656663465;70;;;AMF;AMF;formulas_por_posicion.json
103469;N. Stefanelli;AMF;;69,23463991277391;69;;;AMF;AMF;formulas_por_posicion.json
118494;N. Vlašić;AMF;;77,84050966800889;78;;;AMF;AMF;formulas_por_posicion.json
114909;N. Zaniolo;AMF;;74,09099135248101;74;;;AMF;AMF;formulas_por_posicion.json
7474;Nenê;AMF;;72,34063838426327;72;;;AMF;AMF;formulas_por_posicion.json
40352;Neymar Júnior;AMF;;85,83799709907954;86;;;AMF;AMF;formulas_por_posicion.json
61426;Nico Paz;AMF;;78,61408716118225;79;;;AMF;AMF;formulas_por_posicion.json
60587;O. Giménez;AMF;;63,52891207465002;64;;;AMF;AMF;formulas_por_posicion.json
111478;O. Hutchinson;AMF;;75,21748469831263;75;;;AMF;AMF;formulas_por_posicion.json
1073783056;Oscar;AMF;;73,82044502013213;74;;;AMF;AMF;formulas_por_posicion.json
47136;P. Castro;AMF;;69,23567334346937;69;;;AMF;AMF;formulas_por_posicion.json
55545;P. Ceppelini;AMF;;68,70485895887745;69;;;AMF;AMF;formulas_por_posicion.json
42641;P. Coutinho;AMF;;79,38582832383187;79;;;AMF;AMF;formulas_por_posicion.json
55652;P. Rodríguez;AMF;;62,773931715211546;63;;;AMF;AMF;formulas_por_posicion.json
103700;P. Šulc;AMF;;76,88804515325806;77;;;AMF;AMF;formulas_por_posicion.json
119865;Pablo Agudín;AMF;;64,74190015701359;65;;;AMF;AMF;formulas_por_posicion.json
108516;Pablo Torre;AMF;;73,89354581300084;74;;;AMF;AMF;formulas_por_posicion.json
63504;Pedro Ferreira;AMF;;64,62207412104463;65;;;AMF;AMF;formulas_por_posicion.json
117364;Peque;AMF;;72,79804922806434;73;;;AMF;AMF;formulas_por_posicion.json
63738;Portu;AMF;;74,40046252014753;74;;;AMF;AMF;formulas_por_posicion.json
366643;R. Atencio;AMF;;69,50434980439209;70;;;AMF;AMF;formulas_por_posicion.json
47347;R. Benítez;AMF;;67,69975673986828;68;;;AMF;AMF;formulas_por_posicion.json
60114;R. Bogarín;AMF;;66,59606248091396;67;;;AMF;AMF;formulas_por_posicion.json
47594;R. Botta;AMF;;74,15599297969914;74;;;AMF;AMF;formulas_por_posicion.json
41000;R. Cabella;AMF;;73,92709124881176;74;;;AMF;AMF;formulas_por_posicion.json
39268;R. Cherki;AMF;;84,28400789763137;84;;;AMF;AMF;formulas_por_posicion.json
111353;R. Garro;AMF;;75,18797546282624;75;;;AMF;AMF;formulas_por_posicion.json
46978;R. Hernandes;AMF;;66,47086480785289;66;;;AMF;AMF;formulas_por_posicion.json
118728;R. Malinovskyi;AMF;;73,76751671962651;74;;;AMF;AMF;formulas_por_posicion.json
119899;R. Matondo;AMF;;58,40732788971703;58;;;AMF;AMF;formulas_por_posicion.json
41984;R. Otero;AMF;;67,74325867472686;68;;;AMF;AMF;formulas_por_posicion.json
58293;R. Rodrigues;AMF;;65,92782187734878;66;;;AMF;AMF;formulas_por_posicion.json
304128;R. Vaca;AMF;;71,68170822753436;72;;;AMF;AMF;formulas_por_posicion.json
111422;R. Veiga;AMF;;74,85510576266975;75;;;AMF;AMF;formulas_por_posicion.json
116912;Reinier;AMF;;69,69893510417113;70;;;AMF;AMF;formulas_por_posicion.json
54428;Riquelme F.;AMF;;64,59298919804489;65;;;AMF;AMF;formulas_por_posicion.json
118941;Robert Navarro;AMF;;75,11734946291699;75;;;AMF;AMF;formulas_por_posicion.json
103182;Robert Santos;AMF;;65,83401994310368;66;;;AMF;AMF;formulas_por_posicion.json
118267;Rodri Mendoza;AMF;;70,72660555156351;71;;;AMF;AMF;formulas_por_posicion.json
269216;Romarinho;AMF;;73,94713319251771;74;;;AMF;AMF;formulas_por_posicion.json
118294;S. Chambers;AMF;;62,07505043818091;62;;;AMF;AMF;formulas_por_posicion.json
120369;S. Dalmasso;AMF;;61,643694326625834;62;;;AMF;AMF;formulas_por_posicion.json
59421;S. González;AMF;;69,48094114398303;69;;;AMF;AMF;formulas_por_posicion.json
263819;S. González;AMF;;70,42085615070862;70;;;AMF;AMF;formulas_por_posicion.json
107747;S. Idumbo;AMF;;68,77636707033474;69;;;AMF;AMF;formulas_por_posicion.json
109992;S. Lencina;AMF;;72,35581755703171;72;;;AMF;AMF;formulas_por_posicion.json
55650;S. Morales;AMF;;58,665350783340216;59;;;AMF;AMF;formulas_por_posicion.json
102369;S. Moreo;AMF;;70,07971855673497;70;;;AMF;AMF;formulas_por_posicion.json
55962;S. Navarro;AMF;;66,95781677843765;67;;;AMF;AMF;formulas_por_posicion.json
121257;S. Pierotti;AMF;;68,61929216591044;69;;;AMF;AMF;formulas_por_posicion.json
119812;S. Quillahuamán;AMF;;57,494693881987246;57;;;AMF;AMF;formulas_por_posicion.json
116141;S. Quiroga;AMF;;63,91460911527004;64;;;AMF;AMF;formulas_por_posicion.json
47795;S. Rodríguez;AMF;;73,8394046291707;74;;;AMF;AMF;formulas_por_posicion.json
58174;S. Segovia;AMF;;63,04890546697801;63;;;AMF;AMF;formulas_por_posicion.json
116666;S. Szymański;AMF;;70,35729859814849;70;;;AMF;AMF;formulas_por_posicion.json
109594;S. Toloza;AMF;;68,86407187930092;69;;;AMF;AMF;formulas_por_posicion.json
106975;Sancet;AMF;;81,41435468774277;81;;;AMF;AMF;formulas_por_posicion.json
9375;Santi Cazorla;AMF;;75,00390285280774;75;;;AMF;AMF;formulas_por_posicion.json
117523;Selton;AMF;;63,1347623296873;63;;;AMF;AMF;formulas_por_posicion.json
113532;Shaylon;AMF;;68,86479300393813;69;;;AMF;AMF;formulas_por_posicion.json
115032;T. Almada;AMF;;76,72767708383991;77;;;AMF;AMF;formulas_por_posicion.json
111194;T. Anjorin;AMF;;68,95788754140865;69;;;AMF;AMF;formulas_por_posicion.json
119088;T. Aranda;AMF;;71,0667750876595;71;;;AMF;AMF;formulas_por_posicion.json
108285;T. Baldanzi;AMF;;75,0077487178268;75;;;AMF;AMF;formulas_por_posicion.json
58169;T. Lavezzi;AMF;;58,80296674890614;59;;;AMF;AMF;formulas_por_posicion.json
56131;T. Martínez;AMF;;69,27768102335585;69;;;AMF;AMF;formulas_por_posicion.json
16851;T. Minamino;AMF;;77,52275628796498;78;;;AMF;AMF;formulas_por_posicion.json
58337;T. Muro;AMF;;64,92769904525292;65;;;AMF;AMF;formulas_por_posicion.json
101215;T. Nyoni;AMF;;66,11813935293536;66;;;AMF;AMF;formulas_por_posicion.json
110614;T. Pochettino;AMF;;70,03192528131166;70;;;AMF;AMF;formulas_por_posicion.json
39687;T. Porra;AMF;;68,60229813561772;69;;;AMF;AMF;formulas_por_posicion.json
54392;T. Serrago;AMF;;67,36158034668229;67;;;AMF;AMF;formulas_por_posicion.json
60468;T. Suslov;AMF;;70,1701213445516;70;;;AMF;AMF;formulas_por_posicion.json
114278;Tiaguinho;AMF;;61,67340315079444;62;;;AMF;AMF;formulas_por_posicion.json
263134;U. Zabaleta;AMF;;71,81334301597718;72;;;AMF;AMF;formulas_por_posicion.json
37277;Unai Gómez;AMF;;71,86259995426599;72;;;AMF;AMF;formulas_por_posicion.json
115376;V. Acuña;AMF;;64,60702584650706;65;;;AMF;AMF;formulas_por_posicion.json
115536;V. Adžić;AMF;;66,66547676854077;67;;;AMF;AMF;formulas_por_posicion.json
115122;V. Carboni;AMF;;73,29273355354849;73;;;AMF;AMF;formulas_por_posicion.json
113804;V. González;AMF;;58,77406479867415;59;;;AMF;AMF;formulas_por_posicion.json
114788;Vina;AMF;;71,71445194773912;72;;;AMF;AMF;formulas_por_posicion.json
109932;Vitor Bueno;AMF;;69,78619350333892;70;;;AMF;AMF;formulas_por_posicion.json
114989;Xavi Simons;AMF;;80,76876167038581;81;;;AMF;AMF;formulas_por_posicion.json
54677;Y. Ayari;AMF;;75,6523539696388;76;;;AMF;AMF;formulas_por_posicion.json
58106;Y. Del Valle;AMF;;63,439480115777855;63;;;AMF;AMF;formulas_por_posicion.json
1073850272;Y. Goh;AMF;;65,66581693540641;66;;;AMF;AMF;formulas_por_posicion.json
57335;Y. Guzmán;AMF;;71,60947374508919;72;;;AMF;AMF;formulas_por_posicion.json
57908;Y. Ochoa;AMF;;61,66473136533397;62;;;AMF;AMF;formulas_por_posicion.json
114803;Yago Noal;AMF;;63,20347600256042;63;;;AMF;AMF;formulas_por_posicion.json
42416;Z. Labyad;AMF;;71,42688589917108;71;;;AMF;AMF;formulas_por_posicion.json
45802;Á. Montoro;AMF;;74,27716415608327;74;;;AMF;AMF;formulas_por_posicion.json
46373;Éverton Ribeiro;AMF;;75,22130878048218;75;;;AMF;AMF;formulas_por_posicion.json
118578;Índio;AMF;;59,25954959746703;59;;;AMF;AMF;formulas_por_posicion.json
43668;Ó. Romero;AMF;;72,20396628654855;72;;;AMF;AMF;formulas_por_posicion.json
35124;Ó. Trejo;AMF;;71,09608347572127;71;;;AMF;AMF;formulas_por_posicion.json
59966;A. Abqar;CB;;74,99652237962718;75;;;CB;CB;formulas_por_posicion.json
55038;A. Al-Amri;CB;;70,87401188312884;71;;;CB;CB;formulas_por_posicion.json
54846;A. Alfonzo;CB;;64,19770427678019;64;;;CB;CB;formulas_por_posicion.json
323535;A. Angulo;CB;;73,80037171792623;74;;;CB;CB;formulas_por_posicion.json
121354;A. Anselmino;CB;;72,24701776924786;72;;;CB;CB;formulas_por_posicion.json
110472;A. Aït Boudlal;CB;;64,18049322492642;64;;;CB;CB;formulas_por_posicion.json
44451;A. Bamba;CB;;67,58727412709734;68;;;CB;CB;formulas_por_posicion.json
322246;A. Barboza;CB;;74,82631283136072;75;;;CB;CB;formulas_por_posicion.json
56172;A. Barrionuevo;CB;;73,28264211012612;73;;;CB;CB;formulas_por_posicion.json
114662;A. Bastoni;CB;;84,59052583206879;85;;;CB;CB;formulas_por_posicion.json
54385;A. Bravo;CB;;63,688854196180955;64;;;CB;CB;formulas_por_posicion.json
115098;A. Buongiorno;CB;;82,98136888416008;83;;;CB;CB;formulas_por_posicion.json
102311;A. Caracciolo;CB;;72,25288554121397;72;;;CB;CB;formulas_por_posicion.json
37377;A. Catena;CB;;78,7357326956433;79;;;CB;CB;formulas_por_posicion.json
103845;A. Christensen;CB;;81,29575341916497;81;;;CB;CB;formulas_por_posicion.json
32262;A. Circati;CB;;74,08279209227713;74;;;CB;CB;formulas_por_posicion.json
39798;A. Corzo;CB;;69,55419699735499;70;;;CB;CB;formulas_por_posicion.json
121949;A. Costa;CB;;77,01465086167542;77;;;CB;CB;formulas_por_posicion.json
124285;A. Custodio;CB;;64,09225935772645;64;;;CB;CB;formulas_por_posicion.json
54405;A. Córdoba;CB;;66,4104957851808;66;;;CB;CB;formulas_por_posicion.json
109579;A. Disasi;CB;;78,96001670546228;79;;;CB;CB;formulas_por_posicion.json
103295;A. Dossena;CB;;74,16523583341692;74;;;CB;CB;formulas_por_posicion.json
108781;A. Duarte;CB;;72,69904148647544;73;;;CB;CB;formulas_por_posicion.json
119847;A. Edmundsson;CB;;69,93313098470792;70;;;CB;CB;formulas_por_posicion.json
104748;A. Elustondo;CB;;75,59930522608337;76;;;CB;CB;formulas_por_posicion.json
45181;A. Faye;CB;;70,97314839308913;71;;;CB;CB;formulas_por_posicion.json
115020;A. Franco;CB;;75,89716096445301;76;;;CB;CB;formulas_por_posicion.json
114255;A. Frías;CB;;70,60401101500122;71;;;CB;CB;formulas_por_posicion.json
37437;A. García Basso;CB;;70,23762897943405;70;;;CB;CB;formulas_por_posicion.json
110803;A. Heaven;CB;;74,6310124843376;75;;;CB;CB;formulas_por_posicion.json
118162;A. Ismajli;CB;;76,00702617161417;76;;;CB;CB;formulas_por_posicion.json
118653;A. Khusanov;CB;;82,22434721836801;82;;;CB;CB;formulas_por_posicion.json
47522;A. Laporte;CB;;82,41418417571501;82;;;CB;CB;formulas_por_posicion.json
63585;A. Leguizamón;CB;;69,38651153950467;69;;;CB;CB;formulas_por_posicion.json
378292;A. Llinás;CB;;72,18056243271101;72;;;CB;CB;formulas_por_posicion.json
116441;A. Luciatti;CB;;74,20386615337301;74;;;CB;CB;formulas_por_posicion.json
118502;A. Maciel;CB;;73,24160228998677;73;;;CB;CB;formulas_por_posicion.json
123066;A. Madruga;CB;;69,17355854806878;69;;;CB;CB;formulas_por_posicion.json
112606;A. Maldonado;CB;;73,73015321562586;74;;;CB;CB;formulas_por_posicion.json
46466;A. Mandi;CB;;76,27692957609332;76;;;CB;CB;formulas_por_posicion.json
118403;A. Marcandalli;CB;;72,69209299098466;73;;;CB;CB;formulas_por_posicion.json
122007;A. Martínez;CB;;69,6215012940279;70;;;CB;CB;formulas_por_posicion.json
102975;A. Masina;CB;;65,89756451607013;66;;;CB;CB;formulas_por_posicion.json
108935;A. Massaccesi;CB;;64,14252008373842;64;;;CB;CB;formulas_por_posicion.json
115025;A. Matturro;CB;;70,33185199862724;70;;;CB;CB;formulas_por_posicion.json
308753;A. Moreno;CB;;68,09306184947577;68;;;CB;CB;formulas_por_posicion.json
55967;A. Mosquera;CB;;70,94217406648144;71;;;CB;CB;formulas_por_posicion.json
104413;A. Mumin;CB;;77,5880094003812;78;;;CB;CB;formulas_por_posicion.json
100280;A. Ndiaye;CB;;75,99482588493593;76;;;CB;CB;formulas_por_posicion.json
117883;A. Obert;CB;;73,66048082582049;74;;;CB;CB;formulas_por_posicion.json
103366;A. Omobamidele;CB;;72,19157505038962;72;;;CB;CB;formulas_por_posicion.json
38812;A. Osella;CB;;70,92886110623262;71;;;CB;CB;formulas_por_posicion.json
34704;A. Petit Dol;CB;;62,740024501691096;63;;;CB;CB;formulas_por_posicion.json
378339;A. Pósito;CB;;64,1233312266129;64;;;CB;CB;formulas_por_posicion.json
57915;A. Quiroga;CB;;67,41536603781233;67;;;CB;CB;formulas_por_posicion.json
118095;A. Quirós;CB;;72,09011748025686;72;;;CB;CB;formulas_por_posicion.json
57647;A. Rambal;CB;;70,00514464406002;70;;;CB;CB;formulas_por_posicion.json
9121;A. Rogel;CB;;71,98015234957299;72;;;CB;CB;formulas_por_posicion.json
47190;A. Romagnoli;CB;;80,96371417181588;81;;;CB;CB;formulas_por_posicion.json
111814;A. Rouault;CB;;71,26456380919826;71;;;CB;CB;formulas_por_posicion.json
110651;A. Rrahmani;CB;;84,58545406549199;85;;;CB;CB;formulas_por_posicion.json
104677;A. Rüdiger;CB;;85,18808900829087;85;;;CB;CB;formulas_por_posicion.json
263154;A. Saldivia;CB;;74,47510970244868;74;;;CB;CB;formulas_por_posicion.json
38179;A. Sangante;CB;;76,41040568768642;76;;;CB;CB;formulas_por_posicion.json
110130;A. Santamaría;CB;;70,54678306397847;71;;;CB;CB;formulas_por_posicion.json
40368;A. Seidu;CB;;71,90594762116247;72;;;CB;CB;formulas_por_posicion.json
1073857256;A. Seko;CB;;72,96332618515396;73;;;CB;CB;formulas_por_posicion.json
37602;A. Seyral;CB;;64,86403697608752;65;;;CB;CB;formulas_por_posicion.json
118669;A. Simarra;CB;;66,80657422276346;67;;;CB;CB;formulas_por_posicion.json
114181;A. Tape;CB;;66,67149038401514;67;;;CB;CB;formulas_por_posicion.json
58349;A. Velasco;CB;;65,59982997707047;66;;;CB;CB;formulas_por_posicion.json
113603;A. Webster;CB;;76,75519771651065;77;;;CB;CB;formulas_por_posicion.json
37827;A. Witsel;CB;;74,76088060183878;75;;;CB;CB;formulas_por_posicion.json
115080;A. Youssif;CB;;73,10183128140717;73;;;CB;CB;formulas_por_posicion.json
113845;Abner;CB;;67,76714200050216;68;;;CB;CB;formulas_por_posicion.json
117927;Aitor Paredes;CB;;80,94298687993874;81;;;CB;CB;formulas_por_posicion.json
109420;Alexsandro;CB;;79,8328508053803;80;;;CB;CB;formulas_por_posicion.json
108497;Alix Vinicius;CB;;73,89336585447464;74;;;CB;CB;formulas_por_posicion.json
117379;André Ramalho;CB;;74,09701852391602;74;;;CB;CB;formulas_por_posicion.json
101996;Andrés Castrín;CB;;69,51835232112147;70;;;CB;CB;formulas_por_posicion.json
116447;Arthur Dias;CB;;67,78038536326109;68;;;CB;CB;formulas_por_posicion.json
115913;Asencio;CB;;76,73913566285155;77;;;CB;CB;formulas_por_posicion.json
35876;Azpilicueta;CB;;76,12900786052725;76;;;CB;CB;formulas_por_posicion.json
105454;B. Aguilar;CB;;65,92267321539096;66;;;CB;CB;formulas_por_posicion.json
105364;B. Ampuero;CB;;71,7705265006627;72;;;CB;CB;formulas_por_posicion.json
115929;B. Arthur;CB;;63,7042953088186;64;;;CB;CB;formulas_por_posicion.json
113901;B. Badiashile;CB;;77,09786663542862;77;;;CB;CB;formulas_por_posicion.json
118533;B. Cabrera;CB;;68,627042883072;69;;;CB;CB;formulas_por_posicion.json
100780;B. Chardonnet;CB;;72,48560341884426;72;;;CB;CB;formulas_por_posicion.json
118973;B. Diaby;CB;;73,20712124949095;73;;;CB;CB;formulas_por_posicion.json
100825;B. Diakité;CB;;77,64575100291144;78;;;CB;CB;formulas_por_posicion.json
110650;B. Djimsiti;CB;;79,95052080956766;80;;;CB;CB;formulas_por_posicion.json
54843;B. Gazzolo;CB;;71,39245687084428;71;;;CB;CB;formulas_por_posicion.json
104635;B. Kuščević;CB;;74,86629065735558;75;;;CB;CB;formulas_por_posicion.json
102948;B. Meïté;CB;;76,59505316445393;77;;;CB;CB;formulas_por_posicion.json
118691;B. Mlačić;CB;;68,15455414327532;68;;;CB;CB;formulas_por_posicion.json
114507;B. Okoh;CB;;71,54729616525489;72;;;CB;CB;formulas_por_posicion.json
47745;B. Oviedo;CB;;68,82547530247949;69;;;CB;CB;formulas_por_posicion.json
54753;B. Pavard;CB;;78,77350184595161;79;;;CB;CB;formulas_por_posicion.json
54848;B. Tamayo;CB;;67,58937271258891;68;;;CB;CB;formulas_por_posicion.json
65045;B. Valdez;CB;;73,19711574369352;73;;;CB;CB;formulas_por_posicion.json
42868;Bartra;CB;;77,74453115910524;78;;;CB;CB;formulas_por_posicion.json
114290;Bastos;CB;;74,16581087709852;74;;;CB;CB;formulas_por_posicion.json
113125;Bella-Kotchap;CB;;73,71016436060584;74;;;CB;CB;formulas_por_posicion.json
118461;Benedetti;CB;;69,45291782336672;69;;;CB;CB;formulas_por_posicion.json
45386;Bigas;CB;;77,52468461124118;78;;;CB;CB;formulas_por_posicion.json
113487;Bremer;CB;;86,61650825570561;87;;;CB;CB;formulas_por_posicion.json
33290;Bruno Alves;CB;;67,1640297705051;67;;;CB;CB;formulas_por_posicion.json
109234;Bruno Fuchs;CB;;77,41909027409466;77;;;CB;CB;formulas_por_posicion.json
112738;Bruno Leonardo;CB;;73,62783561676174;74;;;CB;CB;formulas_por_posicion.json
111168;C. Awaziem;CB;;73,18446386423528;73;;;CB;CB;formulas_por_posicion.json
115108;C. Bassey;CB;;77,26986684509521;77;;;CB;CB;formulas_por_posicion.json
60234;C. Corvalán;CB;;68,30708793117199;68;;;CB;CB;formulas_por_posicion.json
114950;C. Cresswell;CB;;71,51004996916471;72;;;CB;CB;formulas_por_posicion.json
117505;C. Cuesta;CB;;74,85764182082237;75;;;CB;CB;formulas_por_posicion.json
120343;C. Domínguez;CB;;74,53258768340078;75;;;CB;CB;formulas_por_posicion.json
43178;C. Egan-Riley;CB;;72,92090440668075;73;;;CB;CB;formulas_por_posicion.json
122897;C. Fara;CB;;67,16561624352343;67;;;CB;CB;formulas_por_posicion.json
120339;C. Ferreira;CB;;72,65863103663419;73;;;CB;CB;formulas_por_posicion.json
119778;C. Gamarra;CB;;68,99520447054351;69;;;CB;CB;formulas_por_posicion.json
54166;C. Haydar;CB;;73,61716426653474;74;;;CB;CB;formulas_por_posicion.json
55733;C. Henao;CB;;70,3215880602856;70;;;CB;CB;formulas_por_posicion.json
56045;C. Izquierdoz;CB;;75,95963060512832;76;;;CB;CB;formulas_por_posicion.json
113334;C. Kabasele;CB;;76,67530162954269;77;;;CB;CB;formulas_por_posicion.json
41295;C. Lema;CB;;73,16093051016418;73;;;CB;CB;formulas_por_posicion.json
104418;C. Lenglet;CB;;77,23691096350484;77;;;CB;CB;formulas_por_posicion.json
118067;C. Makoun;CB;;68,76037892938534;69;;;CB;CB;formulas_por_posicion.json
315553;C. Mawissa;CB;;75,80871991922594;76;;;CB;CB;formulas_por_posicion.json
59806;C. Mbemba;CB;;75,50488401449475;76;;;CB;CB;formulas_por_posicion.json
102397;C. Mosquera;CB;;79,74876824660262;80;;;CB;CB;formulas_por_posicion.json
104092;C. Odenthal;CB;;70,57104621205974;71;;;CB;CB;formulas_por_posicion.json
57224;C. Paz;CB;;71,00296812999136;71;;;CB;CB;formulas_por_posicion.json
41547;C. Quintana;CB;;76,63860586472677;77;;;CB;CB;formulas_por_posicion.json
108202;C. Riad;CB;;73,37018782670576;73;;;CB;CB;formulas_por_posicion.json
101191;C. Richards;CB;;80,0454546464802;80;;;CB;CB;formulas_por_posicion.json
116706;C. Riedel;CB;;74,06422350902754;74;;;CB;CB;formulas_por_posicion.json
119893;C. Rivero;CB;;71,15004771564132;71;;;CB;CB;formulas_por_posicion.json
55732;C. Romaña;CB;;67,79096710317836;68;;;CB;CB;formulas_por_posicion.json
111280;C. Romero;CB;;83,96585074010108;84;;;CB;CB;formulas_por_posicion.json
118662;C. Roque;CB;;64,8379416731647;65;;;CB;CB;formulas_por_posicion.json
55713;C. Salgado;CB;;60,19179641738032;60;;;CB;CB;formulas_por_posicion.json
105354;C. Starfelt;CB;;77,62548742669419;78;;;CB;CB;formulas_por_posicion.json
60804;C. Terán;CB;;74,09020611055149;74;;;CB;CB;formulas_por_posicion.json
55958;C. Tovar;CB;;70,1103491845271;70;;;CB;CB;formulas_por_posicion.json
54861;C. Valencia;CB;;63,504537206366805;64;;;CB;CB;formulas_por_posicion.json
118377;C. Vivas;CB;;69,93242872310083;70;;;CB;CB;formulas_por_posicion.json
59949;C. Zambrano;CB;;72,83409513182401;73;;;CB;CB;formulas_por_posicion.json
61641;Cacá;CB;;68,49142731679521;68;;;CB;CB;formulas_por_posicion.json
114628;Calero;CB;;76,15301661279545;76;;;CB;CB;formulas_por_posicion.json
46453;Camutanga;CB;;70,74143838376443;71;;;CB;CB;formulas_por_posicion.json
124248;Choi Gu-rum;CB;;71,67674535769234;72;;;CB;CB;formulas_por_posicion.json
264303;Ciro;CB;;71,82635130734269;72;;;CB;CB;formulas_por_posicion.json
263877;Claudio;CB;;80,91094418791147;81;;;CB;CB;formulas_por_posicion.json
1073776608;Clayton Sampaio;CB;;68,25393083697716;68;;;CB;CB;formulas_por_posicion.json
55908;Cleiton;CB;;67,31682916701513;67;;;CB;CB;formulas_por_posicion.json
117787;Clinton Mata;CB;;74,17181310797567;74;;;CB;CB;formulas_por_posicion.json
100621;Copete;CB;;75,79739416158229;76;;;CB;CB;formulas_por_posicion.json
61081;César Tárrega;CB;;76,78467278384883;77;;;CB;CB;formulas_por_posicion.json
114917;D. Affengruber;CB;;76,11475095002265;76;;;CB;CB;formulas_por_posicion.json
55773;D. Aimar;CB;;68,16764129074437;68;;;CB;CB;formulas_por_posicion.json
41124;D. Alaba;CB;;76,65657904931955;77;;;CB;CB;formulas_por_posicion.json
373054;D. Arboleda;CB;;73,77372339290243;74;;;CB;CB;formulas_por_posicion.json
54827;D. Arroyo;CB;;62,859254902795634;63;;;CB;CB;formulas_por_posicion.json
108934;D. Ballard;CB;;79,87544902497346;80;;;CB;CB;formulas_por_posicion.json
38797;D. Blind;CB;;73,30248101000912;73;;;CB;CB;formulas_por_posicion.json
61459;D. Bocanegra;CB;;67,71632263900638;68;;;CB;CB;formulas_por_posicion.json
42917;D. Burn;CB;;77,85472641007854;78;;;CB;CB;formulas_por_posicion.json
119890;D. Caleta-Car;CB;;74,83951574913387;75;;;CB;CB;formulas_por_posicion.json
113168;D. Coppola;CB;;68,65580025631672;69;;;CB;CB;formulas_por_posicion.json
63244;D. Denoon;CB;;64,72310900707905;65;;;CB;CB;formulas_por_posicion.json
107722;D. Djené;CB;;78,19607326974551;78;;;CB;CB;formulas_por_posicion.json
118719;D. Fernández;CB;;71,39222092309804;71;;;CB;CB;formulas_por_posicion.json
112902;D. Ghilardi;CB;;73,87495790790797;74;;;CB;CB;formulas_por_posicion.json
264275;D. Gutiérrez;CB;;67,98448703032969;68;;;CB;CB;formulas_por_posicion.json
124854;D. Gónzalez;CB;;70,29858052341619;70;;;CB;CB;formulas_por_posicion.json
63546;D. Hancko;CB;;81,24146727899782;81;;;CB;CB;formulas_por_posicion.json
376489;D. Herrera;CB;;67,28995113555543;67;;;CB;CB;formulas_por_posicion.json
103003;D. Huijsen;CB;;77,30540115911269;77;;;CB;CB;formulas_por_posicion.json
114367;D. Martínez;CB;;67,11606611408422;67;;;CB;CB;formulas_por_posicion.json
113913;D. Mastrángelo;CB;;64,26124620505311;64;;;CB;CB;formulas_por_posicion.json
116490;D. Odogu;CB;;67,78849273840001;68;;;CB;CB;formulas_por_posicion.json
55978;D. Ordóñez;CB;;59,01445460205915;59;;;CB;CB;formulas_por_posicion.json
55808;D. Osio;CB;;70,53974118447532;71;;;CB;CB;formulas_por_posicion.json
373057;D. Pedrozo;CB;;66,43856030212592;66;;;CB;CB;formulas_por_posicion.json
54824;D. Retamal;CB;;68,21798940968233;68;;;CB;CB;formulas_por_posicion.json
44748;D. Ricardo;CB;;71,11047098354271;71;;;CB;CB;formulas_por_posicion.json
53453;D. Rivera;CB;;70,11958518689363;70;;;CB;CB;formulas_por_posicion.json
102759;D. Rugani;CB;;76,42311194698823;76;;;CB;CB;formulas_por_posicion.json
42291;D. Silva;CB;;66,42407391796277;66;;;CB;CB;formulas_por_posicion.json
104612;D. Sánchez;CB;;81,81203185994683;82;;;CB;CB;formulas_por_posicion.json
121227;D. Tchamba;CB;;73,62849718014107;74;;;CB;CB;formulas_por_posicion.json
116655;D. Upamecano;CB;;88,07532020855285;88;;;CB;CB;formulas_por_posicion.json
58344;D. Viera;CB;;71,41595797659363;71;;;CB;CB;formulas_por_posicion.json
105123;D. Zabala;CB;;65,67250177261441;66;;;CB;CB;formulas_por_posicion.json
60980;Dani Calvo;CB;;75,15260697704409;75;;;CB;CB;formulas_por_posicion.json
43989;Danilo;CB;;75,0669019410705;75;;;CB;CB;formulas_por_posicion.json
7814;Dante;CB;;76,95767486711644;77;;;CB;CB;formulas_por_posicion.json
47267;David Carmo;CB;;74,04613222946537;74;;;CB;CB;formulas_por_posicion.json
60875;David Costas;CB;;74,89656789809798;75;;;CB;CB;formulas_por_posicion.json
107703;David Duarte;CB;;72,48002804771149;72;;;CB;CB;formulas_por_posicion.json
63399;David López;CB;;76,62067140424705;77;;;CB;CB;formulas_por_posicion.json
112854;David López;CB;;71,08771711414403;71;;;CB;CB;formulas_por_posicion.json
104548;De Los Santos;CB;;68,52317262156228;69;;;CB;CB;formulas_por_posicion.json
55745;Dedé;CB;;72,18591301239891;72;;;CB;CB;formulas_por_posicion.json
109084;Dela;CB;;74,2662539272043;74;;;CB;CB;formulas_por_posicion.json
103268;Diego Carlos;CB;;78,48863954607341;78;;;CB;CB;formulas_por_posicion.json
61056;Diego Llorente;CB;;80,15448629528484;80;;;CB;CB;formulas_por_posicion.json
102779;Doma;CB;;71,97080692161151;72;;;CB;CB;formulas_por_posicion.json
108117;Domingos Duarte;CB;;76,13605164220235;76;;;CB;CB;formulas_por_posicion.json
32021;E. Agbadou;CB;;79,86984220054312;80;;;CB;CB;formulas_por_posicion.json
41169;E. Aguilera;CB;;71,35530996283953;71;;;CB;CB;formulas_por_posicion.json
105269;E. Amor;CB;;70,69446156508495;71;;;CB;CB;formulas_por_posicion.json
104647;E. Bailly;CB;;74,82218773221409;75;;;CB;CB;formulas_por_posicion.json
113122;E. Biumla;CB;;69,71954323767119;70;;;CB;CB;formulas_por_posicion.json
104751;E. Boyomo;CB;;79,85295340116024;80;;;CB;CB;formulas_por_posicion.json
105192;E. Brítez;CB;;73,6465304905849;74;;;CB;CB;formulas_por_posicion.json
104629;E. Burgos;CB;;69,10101548361388;69;;;CB;CB;formulas_por_posicion.json
118355;E. Cömert;CB;;72,21735180559939;72;;;CB;CB;formulas_por_posicion.json
47431;E. Dier;CB;;75,14822509765105;75;;;CB;CB;formulas_por_posicion.json
113906;E. Ebosse;CB;;70,57958598307665;71;;;CB;CB;formulas_por_posicion.json
118690;E. Elizalde;CB;;69,19775711295793;69;;;CB;CB;formulas_por_posicion.json
58207;E. Freita;CB;;65,04605482863873;65;;;CB;CB;formulas_por_posicion.json
103125;E. Goldaniga;CB;;73,56716069627471;74;;;CB;CB;formulas_por_posicion.json
58361;E. Gularte;CB;;73,45202463547373;73;;;CB;CB;formulas_por_posicion.json
116427;E. Helland;CB;;69,78467598175314;70;;;CB;CB;formulas_por_posicion.json
121948;E. Konsa;CB;;83,06345031656156;83;;;CB;CB;formulas_por_posicion.json
103001;E. Kouadio;CB;;63,174605597887755;63;;;CB;CB;formulas_por_posicion.json
108392;E. Košpo;CB;;63,62515684945619;64;;;CB;CB;formulas_por_posicion.json
102467;E. Legros;CB;;62,26472032015249;62;;;CB;CB;formulas_por_posicion.json
61130;E. Mammana;CB;;74,57154878320469;75;;;CB;CB;formulas_por_posicion.json
103396;E. Martínez;CB;;74,00993193834172;74;;;CB;CB;formulas_por_posicion.json
115335;E. Mayers;CB;;61,6629396870474;62;;;CB;CB;formulas_por_posicion.json
57656;E. Morales;CB;;67,4380962081342;67;;;CB;CB;formulas_por_posicion.json
38288;E. Muñoz;CB;;71,2302515369823;71;;;CB;CB;formulas_por_posicion.json
114390;E. Ndicka;CB;;79,86210584436553;80;;;CB;CB;formulas_por_posicion.json
378761;E. Neira;CB;;72,11401239732125;72;;;CB;CB;formulas_por_posicion.json
55533;E. Noriega;CB;;72,39850741521072;72;;;CB;CB;formulas_por_posicion.json
41538;E. Olivera;CB;;69,79025641296802;70;;;CB;CB;formulas_por_posicion.json
117708;E. Pinnock;CB;;76,65531555485435;77;;;CB;CB;formulas_por_posicion.json
100291;E. Raggio;CB;;71,15948825182736;71;;;CB;CB;formulas_por_posicion.json
118088;E. Tapsoba;CB;;83,1995232140178;83;;;CB;CB;formulas_por_posicion.json
306131;E. Tovo;CB;;66,92820613258033;67;;;CB;CB;formulas_por_posicion.json
59507;Edu Ribeiro;CB;;70,29474468274182;70;;;CB;CB;formulas_por_posicion.json
115799;Eduardo Santos;CB;;71,21056844961612;71;;;CB;CB;formulas_por_posicion.json
30074;Egiluz;CB;;72,34289715478795;72;;;CB;CB;formulas_por_posicion.json
114600;Elgezabal;CB;;72,21399849751754;72;;;CB;CB;formulas_por_posicion.json
114762;Eric García;CB;;80,3311617492777;80;;;CB;CB;formulas_por_posicion.json
263769;Eusebio;CB;;81,35855688340737;81;;;CB;CB;formulas_por_posicion.json
44676;F. Acerbi;CB;;81,3059795568317;81;;;CB;CB;formulas_por_posicion.json
117147;F. Alarcón;CB;;71,91428385788662;72;;;CB;CB;formulas_por_posicion.json
60819;F. Balbuena;CB;;72,51729478588038;73;;;CB;CB;formulas_por_posicion.json
114618;F. Baschirotto;CB;;76,39760061245686;76;;;CB;CB;formulas_por_posicion.json
119850;F. Calderón;CB;;72,87149993723254;73;;;CB;CB;formulas_por_posicion.json
59465;F. Ceccherini;CB;;72,32477802502882;72;;;CB;CB;formulas_por_posicion.json
117580;F. Coppola;CB;;64,14870991435811;64;;;CB;CB;formulas_por_posicion.json
303352;F. Díaz;CB;;62,87369386722599;63;;;CB;CB;formulas_por_posicion.json
113776;F. Folino;CB;;66,46635237472087;66;;;CB;CB;formulas_por_posicion.json
116709;F. Garcés;CB;;74,18894489816091;74;;;CB;CB;formulas_por_posicion.json
56184;F. Gatti;CB;;79,17623706352238;79;;;CB;CB;formulas_por_posicion.json
122920;F. Gattoni;CB;;72,21810590466245;72;;;CB;CB;formulas_por_posicion.json
103598;F. Grillo;CB;;70,92538259955396;71;;;CB;CB;formulas_por_posicion.json
370969;F. Guerra;CB;;66,22657302581153;66;;;CB;CB;formulas_por_posicion.json
116469;F. Laurelli;CB;;61,35193928206576;61;;;CB;CB;formulas_por_posicion.json
47524;F. Lejeune;CB;;77,81285196579137;78;;;CB;CB;formulas_por_posicion.json
59256;F. Lorenzón;CB;;68,8615430279451;69;;;CB;CB;formulas_por_posicion.json
42752;F. Mallo;CB;;75,81282633679803;76;;;CB;CB;formulas_por_posicion.json
108740;F. Mansilla;CB;;70,94356411131703;71;;;CB;CB;formulas_por_posicion.json
115133;F. Mané;CB;;68,1332991849215;68;;;CB;CB;formulas_por_posicion.json
114719;F. Medina;CB;;77,65647644397835;78;;;CB;CB;formulas_por_posicion.json
377208;F. Mena;CB;;58,109143629544555;58;;;CB;CB;formulas_por_posicion.json
106901;F. Miño;CB;;69,83299235961576;70;;;CB;CB;formulas_por_posicion.json
102051;F. Noguera;CB;;68,9883329101633;69;;;CB;CB;formulas_por_posicion.json
102569;F. Ortellado;CB;;67,19484510151416;67;;;CB;CB;formulas_por_posicion.json
117050;F. Pardo;CB;;73,2712996649421;73;;;CB;CB;formulas_por_posicion.json
106834;F. Paredes;CB;;65,83257668579176;66;;;CB;CB;formulas_por_posicion.json
48142;F. Pereyra;CB;;74,3368657454474;74;;;CB;CB;formulas_por_posicion.json
104294;F. Rasmussen;CB;;73,32072852632831;73;;;CB;CB;formulas_por_posicion.json
104103;F. Ricca;CB;;70,79175158087921;71;;;CB;CB;formulas_por_posicion.json
63430;F. Rodríguez;CB;;75,78175464448418;76;;;CB;CB;formulas_por_posicion.json
104697;F. Romagna;CB;;71,79637500497014;72;;;CB;CB;formulas_por_posicion.json
37511;F. Roncaglia;CB;;70,27323880785762;70;;;CB;CB;formulas_por_posicion.json
59486;F. Schär;CB;;81,37753420418356;81;;;CB;CB;formulas_por_posicion.json
108620;F. Sierralta;CB;;73,1178210547115;73;;;CB;CB;formulas_por_posicion.json
41527;F. Tobio;CB;;69,46524876029272;69;;;CB;CB;formulas_por_posicion.json
113065;F. Tomori;CB;;78,32617770289258;78;;;CB;CB;formulas_por_posicion.json
118345;F. Torres;CB;;73,5118894224448;74;;;CB;CB;formulas_por_posicion.json
58004;F. Zamora;CB;;60,56050955866799;61;;;CB;CB;formulas_por_posicion.json
117641;F. Álvarez;CB;;75,08869221227003;75;;;CB;CB;formulas_por_posicion.json
119862;Fabrício Bruno;CB;;80,34510800668028;80;;;CB;CB;formulas_por_posicion.json
44562;Fali Candé;CB;;67,87410395832514;68;;;CB;CB;formulas_por_posicion.json
114723;Francés;CB;;74,04635315758374;74;;;CB;CB;formulas_por_posicion.json
104860;Fábio Cardoso;CB;;76,41570172688382;76;;;CB;CB;formulas_por_posicion.json
55782;G. Allala;CB;;70,31313269885511;70;;;CB;CB;formulas_por_posicion.json
119817;G. Arturia;CB;;65,3771126834256;65;;;CB;CB;formulas_por_posicion.json
378324;G. Bahia;CB;;65,47340908188208;65;;;CB;CB;formulas_por_posicion.json
115258;G. Bonfanti;CB;;63,616471977235214;64;;;CB;CB;formulas_por_posicion.json
61126;G. Campi;CB;;69,30797186522163;69;;;CB;CB;formulas_por_posicion.json
117406;G. Chávez;CB;;70,71567845413054;71;;;CB;CB;formulas_por_posicion.json
60151;G. Conti;CB;;70,9617140111211;71;;;CB;CB;formulas_por_posicion.json
115908;G. Corujo;CB;;70,95600337698575;71;;;CB;CB;formulas_por_posicion.json
112582;G. Errecalde;CB;;66,71564664936368;67;;;CB;CB;formulas_por_posicion.json
107468;G. Escudero;CB;;60,63107761575802;61;;;CB;CB;formulas_por_posicion.json
114966;G. Ferrari;CB;;70,97665231446716;71;;;CB;CB;formulas_por_posicion.json
103879;G. González;CB;;63,51915813258681;64;;;CB;CB;formulas_por_posicion.json
114385;G. Goñi;CB;;67,85404773460506;68;;;CB;CB;formulas_por_posicion.json
59419;G. Guiffrey;CB;;68,44229649603109;68;;;CB;CB;formulas_por_posicion.json
45756;G. Gómez;CB;;80,5902557395181;81;;;CB;CB;formulas_por_posicion.json
103306;G. Henrique;CB;;76,71670786963969;77;;;CB;CB;formulas_por_posicion.json
111419;G. Hernández;CB;;74,82233421942573;75;;;CB;CB;formulas_por_posicion.json
109503;G. Jean;CB;;70,61751104021977;71;;;CB;CB;formulas_por_posicion.json
32156;G. Lacerda;CB;;69,44909532905744;69;;;CB;CB;formulas_por_posicion.json
114711;G. Leoni;CB;;69,55701627017795;70;;;CB;CB;formulas_por_posicion.json
104693;G. Lloris;CB;;76,8599309398406;77;;;CB;CB;formulas_por_posicion.json
106671;G. Mancini;CB;;82,83278796868039;83;;;CB;CB;formulas_por_posicion.json
61012;G. Maripán;CB;;78,69852212310423;79;;;CB;CB;formulas_por_posicion.json
39699;G. Medel;CB;;69,32899079014305;69;;;CB;CB;formulas_por_posicion.json
42452;G. Mercado;CB;;72,80134302797258;73;;;CB;CB;formulas_por_posicion.json
114253;G. Mottes;CB;;72,02540277229292;72;;;CB;CB;formulas_por_posicion.json
45071;G. Pezzella;CB;;75,7900826203951;76;;;CB;CB;formulas_por_posicion.json
110705;G. Pérez;CB;;72,33547938398702;72;;;CB;CB;formulas_por_posicion.json
118383;G. Requena;CB;;69,6269028294738;70;;;CB;CB;formulas_por_posicion.json
120342;G. Rodríguez;CB;;73,38423527049734;73;;;CB;CB;formulas_por_posicion.json
102891;G. Scalvini;CB;;76,74533103360903;77;;;CB;CB;formulas_por_posicion.json
114329;G. Suso;CB;;71,89430319971792;72;;;CB;CB;formulas_por_posicion.json
307719;G. Vallecilla;CB;;69,79934233419212;70;;;CB;CB;formulas_por_posicion.json
54844;G. Vargas;CB;;71,24853988271722;71;;;CB;CB;formulas_por_posicion.json
110998;G. Velázquez;CB;;76,38671315957174;76;;;CB;CB;formulas_por_posicion.json
104137;Gabriel;CB;;68,81682126988449;69;;;CB;CB;formulas_por_posicion.json
111207;Gabriel;CB;;90,80919462799952;91;;;CB;CB;formulas_por_posicion.json
58691;Gabriel P.;CB;;78,11965290760702;78;;;CB;CB;formulas_por_posicion.json
107770;Gabriel Xavier;CB;;75,65754097822007;76;;;CB;CB;formulas_por_posicion.json
45392;Gustavo Marques;CB;;70,49488430950026;70;;;CB;CB;formulas_por_posicion.json
58847;Gustavo Martins;CB;;73,94209115915663;74;;;CB;CB;formulas_por_posicion.json
110456;H. Ahanor;CB;;70,07352552172081;70;;;CB;CB;formulas_por_posicion.json
58100;H. Butrón;CB;;60,04935051472596;60;;;CB;CB;formulas_por_posicion.json
117374;H. Delcroix;CB;;74,46932132738432;74;;;CB;CB;formulas_por_posicion.json
45238;H. Ekdal;CB;;71,03764224795157;71;;;CB;CB;formulas_por_posicion.json
116034;H. Ito;CB;;76,3228969015848;76;;;CB;CB;formulas_por_posicion.json
109329;H. Maguire;CB;;82,27704021066778;82;;;CB;CB;formulas_por_posicion.json
45579;H. Nervo;CB;;71,41926027232483;71;;;CB;CB;formulas_por_posicion.json
111407;Habraão;CB;;68,70305260528407;69;;;CB;CB;formulas_por_posicion.json
110645;I. Diop;CB;;77,38276208665789;77;;;CB;CB;formulas_por_posicion.json
47569;I. Doukouré;CB;;74,66889683583105;75;;;CB;CB;formulas_por_posicion.json
55654;I. Fray;CB;;66,19801180632943;66;;;CB;CB;formulas_por_posicion.json
122001;I. Ganiou;CB;;65,40404126323507;65;;;CB;CB;formulas_por_posicion.json
58217;I. Gariglio;CB;;67,46481794068895;67;;;CB;CB;formulas_por_posicion.json
373326;I. Glavinovich;CB;;65,73521598580794;66;;;CB;CB;formulas_por_posicion.json
111874;I. Hien;CB;;79,33935103702636;79;;;CB;CB;formulas_por_posicion.json
114975;I. Konaté;CB;;84,95896064496353;85;;;CB;CB;formulas_por_posicion.json
60279;I. Ovando;CB;;68,90415730727506;69;;;CB;CB;formulas_por_posicion.json
107982;I. Pérez;CB;;63,00586538221708;63;;;CB;CB;formulas_por_posicion.json
109399;I. Román;CB;;71,1520458111548;71;;;CB;CB;formulas_por_posicion.json
56227;I. Scarpeta;CB;;70,2117458886541;70;;;CB;CB;formulas_por_posicion.json
113983;I. Tapia;CB;;70,43328995428772;70;;;CB;CB;formulas_por_posicion.json
114180;I. Touré;CB;;71,2674447008352;71;;;CB;CB;formulas_por_posicion.json
106753;I. Traoré;CB;;66,58612770231585;67;;;CB;CB;formulas_por_posicion.json
38863;I. Villalba;CB;;71,35339650400462;71;;;CB;CB;formulas_por_posicion.json
114353;I. Vázquez;CB;;74,95892061915026;75;;;CB;CB;formulas_por_posicion.json
115262;I. Zabarnyi;CB;;80,87098024327133;81;;;CB;CB;formulas_por_posicion.json
112458;I. Zubeldía;CB;;75,6680640869583;76;;;CB;CB;formulas_por_posicion.json
41294;Ignácio;CB;;74,96620450426634;75;;;CB;CB;formulas_por_posicion.json
46812;Igor Julio;CB;;74,27146542417239;74;;;CB;CB;formulas_por_posicion.json
109304;Igor Rabello;CB;;71,22538668976307;71;;;CB;CB;formulas_por_posicion.json
58059;J. Aguirre;CB;;73,7207554008383;74;;;CB;CB;formulas_por_posicion.json
118215;J. Aidoo;CB;;75,66737115923212;76;;;CB;CB;formulas_por_posicion.json
61475;J. Alonso;CB;;73,2973680440835;73;;;CB;CB;formulas_por_posicion.json
115287;J. Ananias;CB;;62,61331706616805;63;;;CB;CB;formulas_por_posicion.json
103551;J. Andersen;CB;;78,31318402307426;78;;;CB;CB;formulas_por_posicion.json
58167;J. Angulo;CB;;69,84903511486459;70;;;CB;CB;formulas_por_posicion.json
379200;J. Arancibia;CB;;63,50368976491839;64;;;CB;CB;formulas_por_posicion.json
55846;J. Arias;CB;;70,62913240404737;71;;;CB;CB;formulas_por_posicion.json
309492;J. Arias;CB;;71,85938659043389;72;;;CB;CB;formulas_por_posicion.json
118463;J. Astudillo;CB;;61,77465780587183;62;;;CB;CB;formulas_por_posicion.json
121321;J. Bah;CB;;75,22555907943516;75;;;CB;CB;formulas_por_posicion.json
58256;J. Barreto;CB;;70,19565258850623;70;;;CB;CB;formulas_por_posicion.json
114467;J. Basso;CB;;69,87641029170224;70;;;CB;CB;formulas_por_posicion.json
114188;J. Belocian;CB;;72,52538889384009;73;;;CB;CB;formulas_por_posicion.json
37151;J. Beyer;CB;;72,65451328008601;73;;;CB;CB;formulas_por_posicion.json
101075;J. Bijol;CB;;76,96707147224105;77;;;CB;CB;formulas_por_posicion.json
45247;J. Branthwaite;CB;;79,17759988016236;79;;;CB;CB;formulas_por_posicion.json
102229;J. Báez;CB;;71,60597512740847;72;;;CB;CB;formulas_por_posicion.json
114686;J. Cabal;CB;;72,22333633200458;72;;;CB;CB;formulas_por_posicion.json
61131;J. Cabello;CB;;65,46017224087504;65;;;CB;CB;formulas_por_posicion.json
121381;J. Canale;CB;;73,95326887029786;74;;;CB;CB;formulas_por_posicion.json
114667;J. Canvot;CB;;74,7474996638383;75;;;CB;CB;formulas_por_posicion.json
378338;J. Chalá;CB;;68,69783876990338;69;;;CB;CB;formulas_por_posicion.json
57893;J. Chancellor;CB;;69,87852805365405;70;;;CB;CB;formulas_por_posicion.json
117878;J. Cortazzo;CB;;65,83337163696329;66;;;CB;CB;formulas_por_posicion.json
53476;J. Cuenú;CB;;70,28472344871668;70;;;CB;CB;formulas_por_posicion.json
106420;J. Diaz;CB;;65,51895127071904;66;;;CB;CB;formulas_por_posicion.json
58362;J. Escobar;CB;;70,91369227786629;71;;;CB;CB;formulas_por_posicion.json
115104;J. Fedorco;CB;;71,31498105200923;71;;;CB;CB;formulas_por_posicion.json
101953;J. Figal;CB;;73,35103106656376;73;;;CB;CB;formulas_por_posicion.json
114381;J. Foyth;CB;;77,91885437692001;78;;;CB;CB;formulas_por_posicion.json
45254;J. Freytes;CB;;71,80432997757889;72;;;CB;CB;formulas_por_posicion.json
54842;J. Fuentes;CB;;71,67590747482139;72;;;CB;CB;formulas_por_posicion.json
105106;J. Galván;CB;;70,32453473865041;70;;;CB;CB;formulas_por_posicion.json
55695;J. García;CB;;67,39314217712626;67;;;CB;CB;formulas_por_posicion.json
122313;J. García;CB;;60,931672842269315;61;;;CB;CB;formulas_por_posicion.json
54445;J. Gbamin;CB;;69,91016951478566;70;;;CB;CB;formulas_por_posicion.json
58839;J. Giménez;CB;;86,15763729548807;86;;;CB;CB;formulas_por_posicion.json
114787;J. Giménez;CB;;66,6810653761957;67;;;CB;CB;formulas_por_posicion.json
104337;J. Gomez;CB;;79,18558172513646;79;;;CB;CB;formulas_por_posicion.json
100939;J. Gradit;CB;;70,9325604093764;71;;;CB;CB;formulas_por_posicion.json
9041;J. Herrando;CB;;77,2723404937;77;;;CB;CB;formulas_por_posicion.json
112857;J. Hill;CB;;75,80112665106292;76;;;CB;CB;formulas_por_posicion.json
113413;J. Idzes;CB;;72,44404719195548;72;;;CB;CB;formulas_por_posicion.json
41275;J. Insaurralde;CB;;69,89950320711239;70;;;CB;CB;formulas_por_posicion.json
102536;J. Jacquet;CB;;69,23850878501824;69;;;CB;CB;formulas_por_posicion.json
105288;J. Komar;CB;;73,6019312307389;74;;;CB;CB;formulas_por_posicion.json
100530;J. Lascelles;CB;;76,76456101714916;77;;;CB;CB;formulas_por_posicion.json
105117;J. Laso;CB;;71,29935745638691;71;;;CB;CB;formulas_por_posicion.json
113354;J. Lefort;CB;;73,40128684538807;73;;;CB;CB;formulas_por_posicion.json
117650;J. Lucumí;CB;;74,6632873058129;75;;;CB;CB;formulas_por_posicion.json
121296;J. Ludueña;CB;;71,26539947948564;71;;;CB;CB;formulas_por_posicion.json
56240;J. Marchio;CB;;66,92681994803165;67;;;CB;CB;formulas_por_posicion.json
118154;J. Martín;CB;;74,74053541259039;75;;;CB;CB;formulas_por_posicion.json
115520;J. Mbambi;CB;;59,65169800923811;60;;;CB;CB;formulas_por_posicion.json
115031;J. Mejías;CB;;69,35469236569314;69;;;CB;CB;formulas_por_posicion.json
55723;J. Mena;CB;;70,93040312886977;71;;;CB;CB;formulas_por_posicion.json
370372;J. Mera;CB;;71,39977586197372;71;;;CB;CB;formulas_por_posicion.json
58060;J. Millán;CB;;74,83443536274811;75;;;CB;CB;formulas_por_posicion.json
58227;J. Méndez;CB;;69,80845608210981;70;;;CB;CB;formulas_por_posicion.json
63226;J. Novillo;CB;;70,5844808847735;71;;;CB;CB;formulas_por_posicion.json
115109;J. O'Brien;CB;;77,13295615038092;77;;;CB;CB;formulas_por_posicion.json
113551;J. Ordóñez;CB;;75,01412742466799;75;;;CB;CB;formulas_por_posicion.json
309756;J. Ortiz;CB;;71,42167615571996;71;;;CB;CB;formulas_por_posicion.json
60663;J. Palomino;CB;;76,17465343848579;76;;;CB;CB;formulas_por_posicion.json
55957;J. Pestaña;CB;;71,58643231954866;72;;;CB;CB;formulas_por_posicion.json
55720;J. Peña;CB;;73,0543429846953;73;;;CB;CB;formulas_por_posicion.json
116502;J. Pignani;CB;;68,11125324237307;68;;;CB;CB;formulas_por_posicion.json
103707;J. Pombo;CB;;70,15079796057275;70;;;CB;CB;formulas_por_posicion.json
115281;J. Portillo;CB;;72,0945234519442;72;;;CB;CB;formulas_por_posicion.json
118959;J. Portillo;CB;;62,12667262129371;62;;;CB;CB;formulas_por_posicion.json
104865;J. Quansah;CB;;76,72054827801686;77;;;CB;CB;formulas_por_posicion.json
104547;J. Quintero;CB;;72,5374980359893;73;;;CB;CB;formulas_por_posicion.json
102400;J. Randazzo;CB;;68,40659238607206;68;;;CB;CB;formulas_por_posicion.json
104306;J. Rodon;CB;;75,68347010647614;76;;;CB;CB;formulas_por_posicion.json
58210;J. Rodríguez;CB;;69,8064446404871;70;;;CB;CB;formulas_por_posicion.json
110999;J. Rodríguez;CB;;72,89467402836932;73;;;CB;CB;formulas_por_posicion.json
116961;J. Romaña;CB;;77,73263348384286;78;;;CB;CB;formulas_por_posicion.json
116463;J. Rosso;CB;;63,38662945670335;63;;;CB;CB;formulas_por_posicion.json
56033;J. Sagredo;CB;;64,64371986841834;65;;;CB;CB;formulas_por_posicion.json
57895;J. Sagredo;CB;;67,11244907280592;67;;;CB;CB;formulas_por_posicion.json
108396;J. Siebert;CB;;69,74347234111028;70;;;CB;CB;formulas_por_posicion.json
123728;J. Silva;CB;;69,46248635267945;69;;;CB;CB;formulas_por_posicion.json
103678;J. Sosa;CB;;71,25962698120354;71;;;CB;CB;formulas_por_posicion.json
47785;J. Stones;CB;;81,96449106272134;82;;;CB;CB;formulas_por_posicion.json
365497;J. Sánchez;CB;;66,52342030672722;67;;;CB;CB;formulas_por_posicion.json
118593;J. Tah;CB;;87,53947875112013;88;;;CB;CB;formulas_por_posicion.json
101781;J. Tarkowski;CB;;81,23825471178425;81;;;CB;CB;formulas_por_posicion.json
113357;J. Todibo;CB;;77,3455091908004;77;;;CB;CB;formulas_por_posicion.json
107719;J. Van Hecke;CB;;79,30170567430096;79;;;CB;CB;formulas_por_posicion.json
55794;J. Vargas;CB;;74,1516937046739;74;;;CB;CB;formulas_por_posicion.json
55731;J. Velásquez;CB;;61,889160326185525;62;;;CB;CB;formulas_por_posicion.json
56171;J. Vera;CB;;69,90471989467193;70;;;CB;CB;formulas_por_posicion.json
363870;J. Viacava;CB;;67,24417622441987;67;;;CB;CB;formulas_por_posicion.json
263024;J. Villagra;CB;;69,48491617848029;69;;;CB;CB;formulas_por_posicion.json
110899;J. Villalba;CB;;68,71715628357636;69;;;CB;CB;formulas_por_posicion.json
36665;J. Vásquez;CB;;75,06195533214354;75;;;CB;CB;formulas_por_posicion.json
112571;J. Worrall;CB;;76,39162006103801;76;;;CB;CB;formulas_por_posicion.json
110097;J. Ziółkowski;CB;;70,08065792601997;70;;;CB;CB;formulas_por_posicion.json
108427;Jacobo Ramón;CB;;74,5369606823756;75;;;CB;CB;formulas_por_posicion.json
102360;Jacy;CB;;73,52144149565824;74;;;CB;CB;formulas_por_posicion.json
308314;Jair Cunha;CB;;77,78661470974302;78;;;CB;CB;formulas_por_posicion.json
100272;Janderson;CB;;67,48872856777406;67;;;CB;CB;formulas_por_posicion.json
117562;Javi Rodríguez;CB;;74,81882635583982;75;;;CB;CB;formulas_por_posicion.json
58680;Jemerson;CB;;70,8207579377997;71;;;CB;CB;formulas_por_posicion.json
33669;Jemmes;CB;;73,26464806341453;73;;;CB;CB;formulas_por_posicion.json
106488;John Donald;CB;;68,61774620744679;69;;;CB;CB;formulas_por_posicion.json
104660;Jonathan Jesus;CB;;71,11313379314414;71;;;CB;CB;formulas_por_posicion.json
117636;Jorge Cuenca;CB;;76,8134754410418;77;;;CB;CB;formulas_por_posicion.json
114006;Josema;CB;;68,4526275907451;68;;;CB;CB;formulas_por_posicion.json
112737;João Marcelo;CB;;72,32045231608659;72;;;CB;CB;formulas_por_posicion.json
104858;João Paulo;CB;;69,54696576159823;70;;;CB;CB;formulas_por_posicion.json
37053;João Victor;CB;;76,31614942406918;76;;;CB;CB;formulas_por_posicion.json
42429;Juan Jesus;CB;;76,6175820826172;77;;;CB;CB;formulas_por_posicion.json
34850;Juninho;CB;;68,01766085811387;68;;;CB;CB;formulas_por_posicion.json
1073857540;K. Ajer;CB;;76,61321690307169;77;;;CB;CB;formulas_por_posicion.json
101504;K. Danso;CB;;80,08783504221032;80;;;CB;CB;formulas_por_posicion.json
109500;K. De Winter;CB;;75,14616471554089;75;;;CB;CB;formulas_por_posicion.json
108475;K. Fernando;CB;;74,24394366242771;74;;;CB;CB;formulas_por_posicion.json
42698;K. Jappert;CB;;71,42190649638914;71;;;CB;CB;formulas_por_posicion.json
55301;K. Lomónaco;CB;;72,64099132460227;73;;;CB;CB;formulas_por_posicion.json
108324;K. Mantilla;CB;;70,7035516146521;71;;;CB;CB;formulas_por_posicion.json
120310;K. Mavropanos;CB;;77,56824435240361;78;;;CB;CB;formulas_por_posicion.json
54676;K. Silva;CB;;67,30186624237784;67;;;CB;CB;formulas_por_posicion.json
111813;K. Szcześniak;CB;;70,78660453379237;71;;;CB;CB;formulas_por_posicion.json
1073857234;K. Takai;CB;;74,02095747730799;74;;;CB;CB;formulas_por_posicion.json
114109;Kanu;CB;;73,76032167711863;74;;;CB;CB;formulas_por_posicion.json
35324;Kauan Faria;CB;;65,25763751431569;65;;;CB;CB;formulas_por_posicion.json
115150;Kayky Almeida;CB;;68,18778924930962;68;;;CB;CB;formulas_por_posicion.json
110306;Kialonda Gaspar;CB;;73,62859640264045;74;;;CB;CB;formulas_por_posicion.json
118703;Kike Salas;CB;;75,57069111562599;76;;;CB;CB;formulas_por_posicion.json
1073853601;Kim Min-jae;CB;;83,67115338900193;84;;;CB;CB;formulas_por_posicion.json
107829;Kolodziejczak;CB;;65,34591235195317;65;;;CB;CB;formulas_por_posicion.json
100216;L. Abascia;CB;;70,17980207186568;70;;;CB;CB;formulas_por_posicion.json
106339;L. Abram;CB;;73,06239931854336;73;;;CB;CB;formulas_por_posicion.json
56048;L. Acevedo;CB;;68,66198788432058;69;;;CB;CB;formulas_por_posicion.json
55721;L. Aponte;CB;;66,7659037553712;67;;;CB;CB;formulas_por_posicion.json
115160;L. Badé;CB;;79,28025104689678;79;;;CB;CB;formulas_por_posicion.json
115184;L. Balerdi;CB;;80,78005918975697;81;;;CB;CB;formulas_por_posicion.json
115294;L. Bernabéu;CB;;62,653936585858425;63;;;CB;CB;formulas_por_posicion.json
108021;L. Brassier;CB;;69,13319584190681;69;;;CB;CB;formulas_por_posicion.json
103310;L. Cabrera;CB;;78,78128293933123;79;;;CB;CB;formulas_por_posicion.json
61613;L. Caicedo;CB;;69,73690719272741;70;;;CB;CB;formulas_por_posicion.json
57156;L. Cardozo;CB;;60,87848846395169;61;;;CB;CB;formulas_por_posicion.json
121226;L. Carrizo;CB;;67,30687489562024;67;;;CB;CB;formulas_por_posicion.json
118454;L. Colwill;CB;;78,91007441665641;79;;;CB;CB;formulas_por_posicion.json
111482;L. Costa;CB;;79,56604661569578;80;;;CB;CB;formulas_por_posicion.json
117725;L. Costa;CB;;72,36814216388777;72;;;CB;CB;formulas_por_posicion.json
118958;L. Cristaldo;CB;;63,088795931319304;63;;;CB;CB;formulas_por_posicion.json
115282;L. Cunha;CB;;67,47133912685997;67;;;CB;CB;formulas_por_posicion.json
104264;L. Di Lollo;CB;;75,25969498425397;75;;;CB;CB;formulas_por_posicion.json
100246;L. Dunk;CB;;77,54062566761858;78;;;CB;CB;formulas_por_posicion.json
55736;L. Díaz;CB;;65,262768655523;65;;;CB;CB;formulas_por_posicion.json
53799;L. Escorcia;CB;;65,83523143786267;66;;;CB;CB;formulas_por_posicion.json
109380;L. Ferreira;CB;;72,01383003243804;72;;;CB;CB;formulas_por_posicion.json
118149;L. Freitas;CB;;68,5178217283924;69;;;CB;CB;formulas_por_posicion.json
114423;L. Gazal;CB;;70,20296973125909;70;;;CB;CB;formulas_por_posicion.json
101204;L. González P.;CB;;74,42508299110662;74;;;CB;CB;formulas_por_posicion.json
44184;L. Halter;CB;;73,51011158631086;74;;;CB;CB;formulas_por_posicion.json
57652;L. Haquín;CB;;69,85970277277988;70;;;CB;CB;formulas_por_posicion.json
104717;L. Hernández;CB;;81,3274091694986;81;;;CB;CB;formulas_por_posicion.json
106403;L. Høgsberg;CB;;72,43729887005148;72;;;CB;CB;formulas_por_posicion.json
376502;L. Justiniano;CB;;63,00387337176344;63;;;CB;CB;formulas_por_posicion.json
114937;L. Kelly;CB;;75,39918843521608;75;;;CB;CB;formulas_por_posicion.json
118145;L. Krejcí;CB;;77,62973724312249;78;;;CB;CB;formulas_por_posicion.json
60188;L. Lollo;CB;;73,68130753336789;74;;;CB;CB;formulas_por_posicion.json
45582;L. López;CB;;74,79020191519496;75;;;CB;CB;formulas_por_posicion.json
47830;L. Magallán;CB;;72,04127503464784;72;;;CB;CB;formulas_por_posicion.json
100283;L. Marianucci;CB;;69,16542057793096;69;;;CB;CB;formulas_por_posicion.json
117793;L. Martínez;CB;;78,44696943910654;78;;;CB;CB;formulas_por_posicion.json
108669;L. Martínez Q.;CB;;76,92928736695985;77;;;CB;CB;formulas_por_posicion.json
56263;L. Monzón;CB;;71,89862789113351;72;;;CB;CB;formulas_por_posicion.json
112026;L. Morales;CB;;73,91689544042454;74;;;CB;CB;formulas_por_posicion.json
110603;L. Mosevich;CB;;70,54370195019962;71;;;CB;CB;formulas_por_posicion.json
122015;L. O'Nien;CB;;71,18910087544282;71;;;CB;CB;formulas_por_posicion.json
32353;L. Otávio;CB;;70,34211222444745;70;;;CB;CB;formulas_por_posicion.json
63184;L. Otávio;CB;;70,22901150650043;70;;;CB;CB;formulas_por_posicion.json
55746;L. Quintana;CB;;74,16224367593789;74;;;CB;CB;formulas_por_posicion.json
57948;L. Quintana;CB;;66,37751632318516;66;;;CB;CB;formulas_por_posicion.json
118521;L. Quiroz;CB;;67,55308873521743;68;;;CB;CB;formulas_por_posicion.json
115357;L. Raffin;CB;;63,85153143881381;64;;;CB;CB;formulas_por_posicion.json
118349;L. Ranieri;CB;;72,77325952002842;73;;;CB;CB;formulas_por_posicion.json
373521;L. Recalde;CB;;68,83738778773285;69;;;CB;CB;formulas_por_posicion.json
115106;L. Reggiani;CB;;68,1968429836204;68;;;CB;CB;formulas_por_posicion.json
110607;L. Rivero;CB;;75,30906139203411;75;;;CB;CB;formulas_por_posicion.json
114416;L. Rivero;CB;;73,244619733992;73;;;CB;CB;formulas_por_posicion.json
56236;L. Segovia;CB;;67,82472934177643;68;;;CB;CB;formulas_por_posicion.json
110861;L. Sosa;CB;;70,79583443374244;71;;;CB;CB;formulas_por_posicion.json
104334;L. Suárez;CB;;70,6298016437134;71;;;CB;CB;formulas_por_posicion.json
115936;L. Sylla;CB;;73,8598279841014;74;;;CB;CB;formulas_por_posicion.json
108889;L. Sánchez;CB;;63,04416790130352;63;;;CB;CB;formulas_por_posicion.json
39469;L. Valenti;CB;;70,8752878315201;71;;;CB;CB;formulas_por_posicion.json
42935;L. Vallejo;CB;;64,90812505428487;65;;;CB;CB;formulas_por_posicion.json
102232;L. Villalba;CB;;69,75568277141882;70;;;CB;CB;formulas_por_posicion.json
54834;L. Yanarico;CB;;64,10643733839625;64;;;CB;CB;formulas_por_posicion.json
111989;L. Yoro;CB;;80,81486448215462;81;;;CB;CB;formulas_por_posicion.json
58284;L. Zabala;CB;;65,92842701549452;66;;;CB;CB;formulas_por_posicion.json
54396;L. Zárate;CB;;72,16760317636418;72;;;CB;CB;formulas_por_posicion.json
105254;L. Østigård;CB;;76,64978528751115;77;;;CB;CB;formulas_por_posicion.json
263509;Lautaro;CB;;70,66466574375224;71;;;CB;CB;formulas_por_posicion.json
113590;Luan Peres;CB;;73,5017530400467;74;;;CB;CB;formulas_por_posicion.json
118392;Lucas Beraldo;CB;;77,61791188479296;78;;;CB;CB;formulas_por_posicion.json
38390;Lucas Freitas;CB;;68,3433684303138;68;;;CB;CB;formulas_por_posicion.json
46507;Lucas Oliveira;CB;;68,85429265362963;69;;;CB;CB;formulas_por_posicion.json
110681;Lucas Veríssimo;CB;;77,175313257402;77;;;CB;CB;formulas_por_posicion.json
111011;Luisão;CB;;69,67976820623865;70;;;CB;CB;formulas_por_posicion.json
114440;Luiz Felipe;CB;;76,77978052668615;77;;;CB;CB;formulas_por_posicion.json
100820;Luiz Gustavo;CB;;66,08833615177359;66;;;CB;CB;formulas_por_posicion.json
108839;Lyanco;CB;;75,54442093401957;76;;;CB;CB;formulas_por_posicion.json
101689;Léo Andrade;CB;;70,53283650736938;71;;;CB;CB;formulas_por_posicion.json
118276;Léo Ortiz;CB;;78,86140614532326;79;;;CB;CB;formulas_por_posicion.json
110362;Léo Pelé;CB;;65,49876443172195;65;;;CB;CB;formulas_por_posicion.json
56029;Léo Pereira;CB;;81,23641897428335;81;;;CB;CB;formulas_por_posicion.json
100682;M. Abdelmonem;CB;;75,59930063218621;76;;;CB;CB;formulas_por_posicion.json
109124;M. Akanji;CB;;83,2206148907952;83;;;CB;CB;formulas_por_posicion.json
104091;M. Akinmboni;CB;;60,06435385854158;60;;;CB;CB;formulas_por_posicion.json
118418;M. Alleyne;CB;;70,6277576547456;71;;;CB;CB;formulas_por_posicion.json
105201;M. Antoni;CB;;69,456184621115;69;;;CB;CB;formulas_por_posicion.json
45788;M. Araujo;CB;;72,00147016587275;72;;;CB;CB;formulas_por_posicion.json
111334;M. Barbieri;CB;;70,86310870276418;71;;;CB;CB;formulas_por_posicion.json
45196;M. Bianchetti;CB;;71,70374459003405;72;;;CB;CB;formulas_por_posicion.json
117820;M. Bombito;CB;;74,61508837354197;75;;;CB;CB;formulas_por_posicion.json
118482;M. Brizuela;CB;;71,14950961549395;71;;;CB;CB;formulas_por_posicion.json
54163;M. Caicedo;CB;;64,1404530340017;64;;;CB;CB;formulas_por_posicion.json
55946;M. Caicedo;CB;;66,62911440616563;67;;;CB;CB;formulas_por_posicion.json
30117;M. Capasso;CB;;72,99093116113336;73;;;CB;CB;formulas_por_posicion.json
118529;M. Carabajal;CB;;73,28560688564234;73;;;CB;CB;formulas_por_posicion.json
60167;M. Catalán;CB;;72,29213263481834;72;;;CB;CB;formulas_por_posicion.json
114105;M. De Ligt;CB;;83,21483350738123;83;;;CB;CB;formulas_por_posicion.json
58408;M. Di Benedetto;CB;;69,4332288731279;69;;;CB;CB;formulas_por_posicion.json
45669;M. Di Cesare;CB;;75,50006952993024;76;;;CB;CB;formulas_por_posicion.json
107985;M. Diakhaby;CB;;77,07375105413271;77;;;CB;CB;formulas_por_posicion.json
113351;M. Diarra;CB;;73,83425594441226;74;;;CB;CB;formulas_por_posicion.json
46611;M. Dória;CB;;70,65484180865886;71;;;CB;CB;formulas_por_posicion.json
103498;M. Estève;CB;;77,25473719377015;77;;;CB;CB;formulas_por_posicion.json
1073801803;M. Falcón;CB;;71,68230337326891;72;;;CB;CB;formulas_por_posicion.json
117596;M. Faye;CB;;68,548897646039;69;;;CB;CB;formulas_por_posicion.json
54853;M. Fernández;CB;;70,86653169211453;71;;;CB;CB;formulas_por_posicion.json
116711;M. Gabbia;CB;;79,3703426523806;79;;;CB;CB;formulas_por_posicion.json
113430;M. Gamarra;CB;;70,22781598443751;70;;;CB;CB;formulas_por_posicion.json
55757;M. Gauna;CB;;71,5666966409526;72;;;CB;CB;formulas_por_posicion.json
378342;M. Gianoli;CB;;70,14143094838923;70;;;CB;CB;formulas_por_posicion.json
121363;M. González;CB;;68,62879812564195;69;;;CB;CB;formulas_por_posicion.json
42577;M. Guéhi;CB;;82,28790487476641;82;;;CB;CB;formulas_por_posicion.json
58352;M. Jacquet;CB;;70,54518892123535;71;;;CB;CB;formulas_por_posicion.json
103514;M. Keane;CB;;78,79277911066796;79;;;CB;CB;formulas_por_posicion.json
54364;M. Kempf;CB;;76,34262239231008;76;;;CB;CB;formulas_por_posicion.json
115937;M. Kilman;CB;;76,12812190945071;76;;;CB;CB;formulas_por_posicion.json
118332;M. Kumbulla;CB;;78,10471393415709;78;;;CB;CB;formulas_por_posicion.json
113356;M. Lacroix;CB;;81,25870167276358;81;;;CB;CB;formulas_por_posicion.json
117407;M. Lazo;CB;;70,6680152545746;71;;;CB;CB;formulas_por_posicion.json
61531;M. Lemos;CB;;71,25106310353408;71;;;CB;CB;formulas_por_posicion.json
116960;M. Lusuardi;CB;;62,329140225578804;62;;;CB;CB;formulas_por_posicion.json
56145;M. Maidana;CB;;69,44770342526779;69;;;CB;CB;formulas_por_posicion.json
100975;M. Mbow;CB;;65,46013017397662;65;;;CB;CB;formulas_por_posicion.json
119783;M. McKenzie;CB;;68,72566886951527;69;;;CB;CB;formulas_por_posicion.json
113059;M. Mendoza;CB;;71,5115854942138;72;;;CB;CB;formulas_por_posicion.json
110950;M. Mendía;CB;;64,88857763441992;65;;;CB;CB;formulas_por_posicion.json
115390;M. Moreno;CB;;73,29199632100577;73;;;CB;CB;formulas_por_posicion.json
107977;M. Niakhaté;CB;;79,2886239907598;79;;;CB;CB;formulas_por_posicion.json
118282;M. Ortiz;CB;;69,55947315642457;70;;;CB;CB;formulas_por_posicion.json
377146;M. Palacios;CB;;60,38031174828082;60;;;CB;CB;formulas_por_posicion.json
116047;M. Palazzo;CB;;63,63691363440142;64;;;CB;CB;formulas_por_posicion.json
115389;M. Palma;CB;;59,85506685513555;60;;;CB;CB;formulas_por_posicion.json
45758;M. Pellegrino;CB;;71,66684961320846;72;;;CB;CB;formulas_por_posicion.json
104186;M. Pingot;CB;;64,79111427113423;65;;;CB;CB;formulas_por_posicion.json
115086;M. Pongračić;CB;;75,10516131699275;75;;;CB;CB;formulas_por_posicion.json
57949;M. Pérez;CB;;73,63152179212116;74;;;CB;CB;formulas_por_posicion.json
110462;M. Pérez;CB;;66,5813309030799;67;;;CB;CB;formulas_por_posicion.json
55970;M. Rea;CB;;72,35991383566606;72;;;CB;CB;formulas_por_posicion.json
58292;M. Rodríguez;CB;;70,67596214154547;71;;;CB;CB;formulas_por_posicion.json
41174;M. Rojo;CB;;72,47180206482824;72;;;CB;CB;formulas_por_posicion.json
57646;M. Salisu;CB;;76,93920172906245;77;;;CB;CB;formulas_por_posicion.json
61069;M. Sarr;CB;;77,18217519521224;77;;;CB;CB;formulas_por_posicion.json
114196;M. Sarr;CB;;68,86030212669156;69;;;CB;CB;formulas_por_posicion.json
111073;M. Senesi;CB;;79,96653946951078;80;;;CB;CB;formulas_por_posicion.json
102134;M. Simakan;CB;;79,52656889518457;80;;;CB;CB;formulas_por_posicion.json
58131;M. Suárez;CB;;65,75671965563748;66;;;CB;CB;formulas_por_posicion.json
110712;M. Talbi;CB;;77,3063492577611;77;;;CB;CB;formulas_por_posicion.json
112489;M. Thiaw;CB;;81,79475421496628;82;;;CB;CB;formulas_por_posicion.json
377512;M. Torrez;CB;;64,89282562094215;65;;;CB;CB;formulas_por_posicion.json
42093;M. Torrén;CB;;66,70241922504789;67;;;CB;CB;formulas_por_posicion.json
60507;M. Troilo;CB;;67,9786665748069;68;;;CB;CB;formulas_por_posicion.json
112998;M. Valenti;CB;;68,5189591945916;69;;;CB;CB;formulas_por_posicion.json
63319;M. Valjent;CB;;78,08016289856712;78;;;CB;CB;formulas_por_posicion.json
113972;M. Van De Ven;CB;;82,99014671435536;83;;;CB;CB;formulas_por_posicion.json
112896;M. Viti;CB;;67,31017410805245;67;;;CB;CB;formulas_por_posicion.json
107912;M. Vitík;CB;;74,436465786586;74;;;CB;CB;formulas_por_posicion.json
47813;M. Zaldivia;CB;;71,25162224926842;71;;;CB;CB;formulas_por_posicion.json
122729;M. Zelaya;CB;;63,59049374808044;64;;;CB;CB;formulas_por_posicion.json
40407;Maicon;CB;;72,18305607945803;72;;;CB;CB;formulas_por_posicion.json
263768;Malparitti I;CB;;88,8491186179288;89;;;CB;CB;formulas_por_posicion.json
264478;Malparitti II;CB;;88,8491186179288;89;;;CB;CB;formulas_por_posicion.json
58668;Manoel;CB;;73,59662126376453;74;;;CB;CB;formulas_por_posicion.json
117995;Manu Fernández;CB;;71,22188982929599;71;;;CB;CB;formulas_por_posicion.json
43157;Marcos Alonso;CB;;73,31442398432135;73;;;CB;CB;formulas_por_posicion.json
37874;Marcos Victor;CB;;69,88355746998447;70;;;CB;CB;formulas_por_posicion.json
108051;Marcão;CB;;75,96777038481905;76;;;CB;CB;formulas_por_posicion.json
33250;Mario Gila;CB;;79,67189674212774;80;;;CB;CB;formulas_por_posicion.json
109997;Mario Hermoso;CB;;78,06900359963903;78;;;CB;CB;formulas_por_posicion.json
57418;Marllon;CB;;72,49998448628882;72;;;CB;CB;formulas_por_posicion.json
45993;Marquinhos;CB;;87,39627067298768;87;;;CB;CB;formulas_por_posicion.json
114344;Micael;CB;;72,8699311734268;73;;;CB;CB;formulas_por_posicion.json
124276;Miguel Rubio;CB;;73,2327441615925;73;;;CB;CB;formulas_por_posicion.json
115358;Milosavljević;CB;;70,2011320078879;70;;;CB;CB;formulas_por_posicion.json
101316;Morato;CB;;75,54805143739634;76;;;CB;CB;formulas_por_posicion.json
308521;Murillo;CB;;83,06869810160305;83;;;CB;CB;formulas_por_posicion.json
115061;Murilo;CB;;76,76760336957506;77;;;CB;CB;formulas_por_posicion.json
43082;N. Adjei;CB;;71,27938551694152;71;;;CB;CB;formulas_por_posicion.json
118584;N. Aguerd;CB;;81,68105109719654;82;;;CB;CB;formulas_por_posicion.json
59766;N. Aké;CB;;83,20568910575328;83;;;CB;CB;formulas_por_posicion.json
54659;N. Al-Sharari;CB;;68,4479446471485;68;;;CB;CB;formulas_por_posicion.json
45454;N. Arena;CB;;66,98426727359993;67;;;CB;CB;formulas_por_posicion.json
108467;N. Bertola;CB;;74,36670309468049;74;;;CB;CB;formulas_por_posicion.json
102233;N. Breitenbruch;CB;;68,42471718661241;68;;;CB;CB;formulas_por_posicion.json
55971;N. Cabral;CB;;66,29202748924445;66;;;CB;CB;formulas_por_posicion.json
58315;N. Capraro;CB;;70,07031741572916;70;;;CB;CB;formulas_por_posicion.json
56173;N. Caro Torres;CB;;68,61599496680543;69;;;CB;CB;formulas_por_posicion.json
114780;N. Casale;CB;;74,49816034235758;74;;;CB;CB;formulas_por_posicion.json
45124;N. Collins;CB;;80,24311369240843;80;;;CB;CB;formulas_por_posicion.json
60133;N. Colombo;CB;;72,09506524664563;72;;;CB;CB;formulas_por_posicion.json
118405;N. Demartini;CB;;68,607073967995;69;;;CB;CB;formulas_por_posicion.json
60364;N. Domínguez;CB;;68,98912642983743;69;;;CB;CB;formulas_por_posicion.json
47269;N. Ferraresi;CB;;71,90594780093811;72;;;CB;CB;formulas_por_posicion.json
58127;N. Freire;CB;;69,56016831444549;70;;;CB;CB;formulas_por_posicion.json
58327;N. Giménez;CB;;63,701123357187655;64;;;CB;CB;formulas_por_posicion.json
47532;N. Goitea;CB;;70,08265673155704;70;;;CB;CB;formulas_por_posicion.json
117814;N. Hernández;CB;;68,7978208335796;69;;;CB;CB;formulas_por_posicion.json
58211;N. Herrera;CB;;75,31541148494398;75;;;CB;CB;formulas_por_posicion.json
121251;N. Kamara;CB;;66,81966572318493;67;;;CB;CB;formulas_por_posicion.json
114769;N. Maras;CB;;74,17405300994525;74;;;CB;CB;formulas_por_posicion.json
114914;N. Mendy;CB;;74,75344625994529;75;;;CB;CB;formulas_por_posicion.json
105189;N. Meriano;CB;;70,40237453137357;70;;;CB;CB;formulas_por_posicion.json
112583;N. Milenković;CB;;80,97499015561513;81;;;CB;CB;formulas_por_posicion.json
104419;N. Ngoy;CB;;74,92712171290361;75;;;CB;CB;formulas_por_posicion.json
40725;N. Otamendi;CB;;84,09812078555144;84;;;CB;CB;formulas_por_posicion.json
308531;N. Parra;CB;;61,99294460167006;62;;;CB;CB;formulas_por_posicion.json
60653;N. Paz;CB;;73,2741509542244;73;;;CB;CB;formulas_por_posicion.json
104325;N. Paz;CB;;71,2873455115963;71;;;CB;CB;formulas_por_posicion.json
116636;N. Pintus;CB;;59,143829459451126;59;;;CB;CB;formulas_por_posicion.json
58350;N. Ramírez;CB;;72,26367664139144;72;;;CB;CB;formulas_por_posicion.json
57925;N. Rodríguez;CB;;75,23308373930881;75;;;CB;CB;formulas_por_posicion.json
115534;N. Roselli;CB;;61,93214217667407;62;;;CB;CB;formulas_por_posicion.json
54247;N. Süle;CB;;78,96784834654221;79;;;CB;CB;formulas_por_posicion.json
114476;N. Trabucchi;CB;;59,73131684592547;60;;;CB;CB;formulas_por_posicion.json
114453;N. Valentini;CB;;74,97824994486045;75;;;CB;CB;formulas_por_posicion.json
371342;N. Villarroel;CB;;61,03378819233793;61;;;CB;CB;formulas_por_posicion.json
114675;N. Zalazar;CB;;70,18049677154934;70;;;CB;CB;formulas_por_posicion.json
121244;N. Zätterström;CB;;66,66237461678351;67;;;CB;CB;formulas_por_posicion.json
114525;N. Čelik;CB;;64,71438044707449;65;;;CB;CB;formulas_por_posicion.json
117821;Natan;CB;;77,3922661905559;77;;;CB;CB;formulas_por_posicion.json
105271;Natã;CB;;66,75272640438332;67;;;CB;CB;formulas_por_posicion.json
111388;Neris;CB;;69,13733913576007;69;;;CB;CB;formulas_por_posicion.json
118193;O. Alderete;CB;;79,68508234004632;80;;;CB;CB;formulas_por_posicion.json
38891;O. Bevan;CB;;65,86143439524099;66;;;CB;CB;formulas_por_posicion.json
107909;O. Boscagli;CB;;74,96053244581678;75;;;CB;CB;formulas_por_posicion.json
114192;O. Camara;CB;;74,53735384616611;75;;;CB;CB;formulas_por_posicion.json
115144;O. Kossounou;CB;;79,68069736596118;80;;;CB;CB;formulas_por_posicion.json
47175;O. Kouassi;CB;;64,6030618519128;65;;;CB;CB;formulas_por_posicion.json
116943;O. Luengo;CB;;72,86103102686324;73;;;CB;CB;formulas_por_posicion.json
117390;O. Provstgaard;CB;;71,06323804009497;71;;;CB;CB;formulas_por_posicion.json
58242;O. Salomón;CB;;70,08709761640196;70;;;CB;CB;formulas_por_posicion.json
101211;O. Solet;CB;;77,31068909558856;77;;;CB;CB;formulas_por_posicion.json
118097;O. Touré;CB;;68,20234583502302;68;;;CB;CB;formulas_por_posicion.json
110690;Otávio;CB;;67,31521291387295;67;;;CB;CB;formulas_por_posicion.json
58071;P. Calione;CB;;67,39901085254928;67;;;CB;CB;formulas_por_posicion.json
308187;P. Camacho;CB;;63,68601407782134;64;;;CB;CB;formulas_por_posicion.json
102310;P. Comuzzo;CB;;76,16997335798625;76;;;CB;CB;formulas_por_posicion.json
59356;P. Díaz;CB;;73,4440444846568;73;;;CB;CB;formulas_por_posicion.json
113436;P. Hincapié;CB;;83,20830760749077;83;;;CB;CB;formulas_por_posicion.json
114059;P. Kalulu;CB;;78,85162308752356;79;;;CB;CB;formulas_por_posicion.json
103206;P. Kimpembe;CB;;79,09221854956279;79;;;CB;CB;formulas_por_posicion.json
106893;P. Marí;CB;;69,60290522609772;70;;;CB;CB;formulas_por_posicion.json
113891;P. Oppong;CB;;73,1446466919117;73;;;CB;CB;formulas_por_posicion.json
115261;P. Schuurs;CB;;69,20928933686538;69;;;CB;CB;formulas_por_posicion.json
111344;P. Struijk;CB;;77,38382856305188;77;;;CB;CB;formulas_por_posicion.json
118148;Pacheco;CB;;73,83059625183093;74;;;CB;CB;formulas_por_posicion.json
61397;Patric;CB;;72,55608904267582;73;;;CB;CB;formulas_por_posicion.json
114620;Pau Cubarsí;CB;;82,61739901647752;83;;;CB;CB;formulas_por_posicion.json
114910;Pau Torres;CB;;79,44604937485703;79;;;CB;CB;formulas_por_posicion.json
60904;Pedro Felipe;CB;;71,64984718246866;72;;;CB;CB;formulas_por_posicion.json
101118;Pedro Henrique;CB;;74,76676505210631;75;;;CB;CB;formulas_por_posicion.json
55771;R. Adé;CB;;76,95877582942758;77;;;CB;CB;formulas_por_posicion.json
33266;R. Araújo;CB;;82,02036854021519;82;;;CB;CB;formulas_por_posicion.json
116952;R. Arboleda;CB;;76,61520717251048;77;;;CB;CB;formulas_por_posicion.json
44423;R. Arias;CB;;68,66177450473087;69;;;CB;CB;formulas_por_posicion.json
58410;R. Barbosa;CB;;68,91735601499697;69;;;CB;CB;formulas_por_posicion.json
60687;R. Battaglia;CB;;74,27674270630585;74;;;CB;CB;formulas_por_posicion.json
108692;R. Bensebaini;CB;;76,61486103096333;77;;;CB;CB;formulas_por_posicion.json
116659;R. Bozhinov;CB;;65,11239568720191;65;;;CB;CB;formulas_por_posicion.json
44711;R. Cáseres;CB;;68,54977518205423;69;;;CB;CB;formulas_por_posicion.json
110089;R. Dejesús;CB;;69,8633636393493;70;;;CB;CB;formulas_por_posicion.json
60431;R. Drâguşin;CB;;77,17777114522447;77;;;CB;CB;formulas_por_posicion.json
100564;R. Ely;CB;;72,10104163992337;72;;;CB;CB;formulas_por_posicion.json
43006;R. Funes Mori;CB;;72,96465551215053;73;;;CB;CB;formulas_por_posicion.json
117404;R. Garcés;CB;;67,26815171871303;67;;;CB;CB;formulas_por_posicion.json
118646;R. Giampaoli;CB;;73,11993716860813;73;;;CB;CB;formulas_por_posicion.json
56242;R. Guzmán;CB;;66,30340931643428;66;;;CB;CB;formulas_por_posicion.json
57902;R. Gómez;CB;;68,6217167576124;69;;;CB;CB;formulas_por_posicion.json
118989;R. Ibarra;CB;;65,75023491432626;66;;;CB;CB;formulas_por_posicion.json
110076;R. Janicki;CB;;70,52418440964837;71;;;CB;CB;formulas_por_posicion.json
107796;R. Kluivert;CB;;75,66738300579576;76;;;CB;CB;formulas_por_posicion.json
114351;R. Le Guen;CB;;56,70272416629337;57;;;CB;CB;formulas_por_posicion.json
114844;R. Le Normand;CB;;83,47023394553658;83;;;CB;CB;formulas_por_posicion.json
307772;R. Lutiger;CB;;66,9300620293776;67;;;CB;CB;formulas_por_posicion.json
100017;R. Martínez;CB;;66,13510898561522;66;;;CB;CB;formulas_por_posicion.json
57938;R. Melgarejo;CB;;64,8176786712334;65;;;CB;CB;formulas_por_posicion.json
100432;R. Menezes;CB;;69,50800501221292;70;;;CB;CB;formulas_por_posicion.json
55770;R. Mina;CB;;70,91675933742056;71;;;CB;CB;formulas_por_posicion.json
116671;R. Nicolaisen;CB;;72,32445787378063;72;;;CB;CB;formulas_por_posicion.json
111819;R. Orihuela;CB;;69,79015931417581;70;;;CB;CB;formulas_por_posicion.json
370724;R. Pedroza;CB;;62,72946822936638;63;;;CB;CB;formulas_por_posicion.json
58218;R. Ramírez;CB;;68,05914847082511;68;;;CB;CB;formulas_por_posicion.json
59354;R. Riquelme;CB;;66,10602675020212;66;;;CB;CB;formulas_por_posicion.json
43467;R. Rodríguez;CB;;67,99026815480377;68;;;CB;CB;formulas_por_posicion.json
109854;R. Rojas;CB;;72,28662507547075;72;;;CB;CB;formulas_por_posicion.json
55651;R. Sailor;CB;;70,4634414506993;70;;;CB;CB;formulas_por_posicion.json
38807;R. Sam;CB;;71,28729309099083;71;;;CB;CB;formulas_por_posicion.json
54397;R. Schunke;CB;;72,15317910972854;72;;;CB;CB;formulas_por_posicion.json
111031;R. Williams;CB;;63,93808873942832;64;;;CB;CB;formulas_por_posicion.json
58834;Rafa Marín;CB;;76,80049780688564;77;;;CB;CB;formulas_por_posicion.json
39339;Rafael Thyere;CB;;69,4787629363624;69;;;CB;CB;formulas_por_posicion.json
47128;Rafael Tolói;CB;;72,02092111358684;72;;;CB;CB;formulas_por_posicion.json
109264;Raíllo;CB;;80,85969638532002;81;;;CB;CB;formulas_por_posicion.json
5518;Raúl Albiol;CB;;77,27362563453535;77;;;CB;CB;formulas_por_posicion.json
111997;Renato Veiga;CB;;73,92001762195802;74;;;CB;CB;formulas_por_posicion.json
40335;Renzo;CB;;67,12836250567516;67;;;CB;CB;formulas_por_posicion.json
36776;Riccieli;CB;;72,98673126940417;73;;;CB;CB;formulas_por_posicion.json
114721;Robert Renan;CB;;74,34821418817289;74;;;CB;CB;formulas_por_posicion.json
308179;Rodrigo Guth;CB;;70,82942097768598;71;;;CB;CB;formulas_por_posicion.json
44619;Rodrigo Moledo;CB;;71,62275144289752;72;;;CB;CB;formulas_por_posicion.json
108042;Rodrigues;CB;;72,72468591486947;73;;;CB;CB;formulas_por_posicion.json
60448;Ruan Tressoldi;CB;;71,93246117987314;72;;;CB;CB;formulas_por_posicion.json
111800;Rúben Dias;CB;;89,55924245415899;90;;;CB;CB;formulas_por_posicion.json
263019;S. Arce;CB;;63,76586383823702;64;;;CB;CB;formulas_por_posicion.json
47152;S. Baidoo;CB;;67,91308900840163;68;;;CB;CB;formulas_por_posicion.json
111949;S. Beukema;CB;;77,10591770782133;77;;;CB;CB;formulas_por_posicion.json
122265;S. Bornauw;CB;;75,19601275410518;75;;;CB;CB;formulas_por_posicion.json
118044;S. Boselli;CB;;73,69277960593811;74;;;CB;CB;formulas_por_posicion.json
103512;S. Botman;CB;;81,07680835759415;81;;;CB;CB;formulas_por_posicion.json
116576;S. Bueno;CB;;77,44234199848609;77;;;CB;CB;formulas_por_posicion.json
119096;S. Canestrelli;CB;;72,83522342968259;73;;;CB;CB;formulas_por_posicion.json
113973;S. Cena;CB;;63,9025107078393;64;;;CB;CB;formulas_por_posicion.json
7318;S. Chergui;CB;;62,753964701487774;63;;;CB;CB;formulas_por_posicion.json
41153;S. Coates;CB;;76,39460169056093;76;;;CB;CB;formulas_por_posicion.json
38540;S. Coulibaly;CB;;63,72055125857112;64;;;CB;CB;formulas_por_posicion.json
115068;S. Cuestas;CB;;58,31785650549774;58;;;CB;CB;formulas_por_posicion.json
100115;S. Cáceres;CB;;78,42329580935163;78;;;CB;CB;formulas_por_posicion.json
110768;S. Daniele;CB;;65,56208946414483;66;;;CB;CB;formulas_por_posicion.json
40875;S. De Vrij;CB;;82,1119424410381;82;;;CB;CB;formulas_por_posicion.json
58326;S. Delvalle;CB;;64,91955642553455;65;;;CB;CB;formulas_por_posicion.json
60893;S. Diomandé;CB;;75,6153155892859;76;;;CB;CB;formulas_por_posicion.json
117627;S. Doucouré;CB;;66,82183370980482;67;;;CB;CB;formulas_por_posicion.json
58223;S. Echeverría;CB;;70,81280168883721;71;;;CB;CB;formulas_por_posicion.json
58290;S. Fernández;CB;;69,36173750204098;69;;;CB;CB;formulas_por_posicion.json
58093;S. Flores;CB;;70,12521167493541;70;;;CB;CB;formulas_por_posicion.json
55845;S. García;CB;;69,50771083653065;70;;;CB;CB;formulas_por_posicion.json
102481;S. Gigot;CB;;76,88675587976121;77;;;CB;CB;formulas_por_posicion.json
108646;S. Goglichidze;CB;;62,84167224493967;63;;;CB;CB;formulas_por_posicion.json
47162;S. Kolašinac;CB;;76,26304926720313;76;;;CB;CB;formulas_por_posicion.json
100958;S. Koumbassa;CB;;59,72156170502011;60;;;CB;CB;formulas_por_posicion.json
308508;S. Laquidaín;CB;;63,97776596118185;64;;;CB;CB;formulas_por_posicion.json
60590;S. Lucero;CB;;65,04944529156735;65;;;CB;CB;formulas_por_posicion.json
104719;S. Luperto;CB;;75,92283299904197;76;;;CB;CB;formulas_por_posicion.json
114240;S. Morales;CB;;65,8347118818509;66;;;CB;CB;formulas_por_posicion.json
58198;S. Mosquera;CB;;68,5811629586507;69;;;CB;CB;formulas_por_posicion.json
36706;S. Moya;CB;;66,18364528580629;66;;;CB;CB;formulas_por_posicion.json
63344;S. Núñez;CB;;75,21906497195174;75;;;CB;CB;formulas_por_posicion.json
114380;S. Otoa;CB;;71,1621093704655;71;;;CB;CB;formulas_por_posicion.json
378337;S. Palacios;CB;;66,87286580425575;67;;;CB;CB;formulas_por_posicion.json
6577;S. Pavlović;CB;;79,396791803484;79;;;CB;CB;formulas_por_posicion.json
121396;S. Quirós;CB;;67,38430222051198;67;;;CB;CB;formulas_por_posicion.json
43798;S. Ramos Mingo;CB;;75,70436250368326;76;;;CB;CB;formulas_por_posicion.json
108274;S. Salcedo;CB;;71,78091591668642;72;;;CB;CB;formulas_por_posicion.json
118015;S. Sané;CB;;71,46932187061489;71;;;CB;CB;formulas_por_posicion.json
59757;S. Sazonov;CB;;74,33279044967922;74;;;CB;CB;formulas_por_posicion.json
115067;S. Sosa;CB;;76,81967796332943;77;;;CB;CB;formulas_por_posicion.json
63152;S. Studer;CB;;74,58036254926418;75;;;CB;CB;formulas_por_posicion.json
61104;S. Valdez;CB;;74,53908934496275;75;;;CB;CB;formulas_por_posicion.json
121961;S. Van Den Berg;CB;;77,559264595832;78;;;CB;CB;formulas_por_posicion.json
263063;S. Vegas;CB;;71,81685263150699;72;;;CB;CB;formulas_por_posicion.json
58398;S. Villarroel;CB;;57,48619135119182;57;;;CB;CB;formulas_por_posicion.json
60659;S. Vittor;CB;;67,2777051032931;67;;;CB;CB;formulas_por_posicion.json
111974;S. Walukiewicz;CB;;73,87541942165825;74;;;CB;CB;formulas_por_posicion.json
110525;S. Zagadou;CB;;67,7018250625775;68;;;CB;CB;formulas_por_posicion.json
45028;Sabino;CB;;74,30064843757735;74;;;CB;CB;formulas_por_posicion.json
113908;Saúl Coco;CB;;74,7689977222349;75;;;CB;CB;formulas_por_posicion.json
118437;Schlotterbeck;CB;;84,73464387680825;85;;;CB;CB;formulas_por_posicion.json
110679;T. Adarabioyo;CB;;79,54092596518718;80;;;CB;CB;formulas_por_posicion.json
59418;T. Asta-Buruaga;CB;;68,20404616005472;68;;;CB;CB;formulas_por_posicion.json
55657;T. Avilés;CB;;72,57236972605692;73;;;CB;CB;formulas_por_posicion.json
105087;T. Cardona;CB;;73,75007085411559;74;;;CB;CB;formulas_por_posicion.json
120355;T. Chalobah;CB;;79,62380180163231;80;;;CB;CB;formulas_por_posicion.json
105387;T. Fernández;CB;;64,91680256465447;65;;;CB;CB;formulas_por_posicion.json
118247;T. Fernández;CB;;64,3778526150796;64;;;CB;CB;formulas_por_posicion.json
108419;T. Fredricson;CB;;68,2529724657224;68;;;CB;CB;formulas_por_posicion.json
58351;T. Hall;CB;;60,24938082755614;60;;;CB;CB;formulas_por_posicion.json
114258;T. Heggem;CB;;75,39816867933683;75;;;CB;CB;formulas_por_posicion.json
113284;T. Kehrer;CB;;77,43032587738605;77;;;CB;CB;formulas_por_posicion.json
63591;T. Kristensen;CB;;74,14813501357413;74;;;CB;CB;formulas_por_posicion.json
114713;T. Kummer;CB;;68,73441534645384;69;;;CB;CB;formulas_por_posicion.json
60981;T. Lecanda;CB;;66,23060785257354;66;;;CB;CB;formulas_por_posicion.json
100400;T. Mings;CB;;77,7400225540093;78;;;CB;CB;formulas_por_posicion.json
116955;T. Muharemović;CB;;73,25513065154632;73;;;CB;CB;formulas_por_posicion.json
113598;T. Nianzou;CB;;72,87852106365338;73;;;CB;CB;formulas_por_posicion.json
110905;T. Oermann;CB;;71,73062621845497;72;;;CB;CB;formulas_por_posicion.json
117591;T. Palacios;CB;;75,65412474303369;76;;;CB;CB;formulas_por_posicion.json
58044;T. Ramírez;CB;;69,5968348537021;70;;;CB;CB;formulas_por_posicion.json
112960;T. Rossi;CB;;69,08921352129524;69;;;CB;CB;formulas_por_posicion.json
39173;T. Silva;CB;;84,72375431076667;85;;;CB;CB;formulas_por_posicion.json
308712;T. Silvero;CB;;68,76484195926307;69;;;CB;CB;formulas_por_posicion.json
109527;T. Siwe;CB;;67,17508737043521;67;;;CB;CB;formulas_por_posicion.json
117055;T. Slotsage;CB;;71,56983724197943;72;;;CB;CB;formulas_por_posicion.json
59848;T. Tati;CB;;70,09816539336998;70;;;CB;CB;formulas_por_posicion.json
55411;T. Viera;CB;;67,35351435549698;67;;;CB;CB;formulas_por_posicion.json
100987;T. Yegbe;CB;;71,4851967305425;71;;;CB;CB;formulas_por_posicion.json
117426;Tchoca;CB;;69,64766519326919;70;;;CB;CB;formulas_por_posicion.json
106548;Thalisson;CB;;64,72864142081401;65;;;CB;CB;formulas_por_posicion.json
110063;Thiago Santos;CB;;67,9209425371227;68;;;CB;CB;formulas_por_posicion.json
111426;Tiago Cóser;CB;;66,00246408949488;66;;;CB;CB;formulas_por_posicion.json
111369;Tiago Gabriel;CB;;71,45921361902786;71;;;CB;CB;formulas_por_posicion.json
114878;Toti;CB;;76,7452324183918;77;;;CB;CB;formulas_por_posicion.json
121284;U. Giménez;CB;;65,33914102937061;65;;;CB;CB;formulas_por_posicion.json
117371;U. Mboula;CB;;69,12922385591943;69;;;CB;CB;formulas_por_posicion.json
118308;U. Radaković;CB;;70,36161362338956;70;;;CB;CB;formulas_por_posicion.json
118191;Unai Núñez;CB;;77,28360115900263;77;;;CB;CB;formulas_por_posicion.json
48056;V. Cuesta;CB;;71,79594823120163;72;;;CB;CB;formulas_por_posicion.json
56097;V. Fascendini;CB;;67,74312239169045;68;;;CB;CB;formulas_por_posicion.json
114356;V. Gómez;CB;;75,18348522269399;75;;;CB;CB;formulas_por_posicion.json
111030;V. Koski;CB;;68,05927417711919;68;;;CB;CB;formulas_por_posicion.json
109123;V. Lindelöf;CB;;77,6660701523549;78;;;CB;CB;formulas_por_posicion.json
56141;V. Moreno;CB;;70,9189168957271;71;;;CB;CB;formulas_por_posicion.json
38771;V. Nelsson;CB;;75,40714480686864;75;;;CB;CB;formulas_por_posicion.json
55854;V. Pierani;CB;;65,1790085576048;65;;;CB;CB;formulas_por_posicion.json
44840;V. Van Dijk;CB;;89,27658405619725;89;;;CB;CB;formulas_por_posicion.json
113951;Victor Caetano;CB;;69,17513488995169;69;;;CB;CB;formulas_por_posicion.json
57964;Victor Gabriel;CB;;68,50281617352314;69;;;CB;CB;formulas_por_posicion.json
104696;Viery;CB;;66,0148750919337;66;;;CB;CB;formulas_por_posicion.json
107255;Vitor Hugo;CB;;76,38459616515112;76;;;CB;CB;formulas_por_posicion.json
118944;Vitor Reis;CB;;77,42160260364872;77;;;CB;CB;formulas_por_posicion.json
44550;Vitão;CB;;78,1564472304579;78;;;CB;CB;formulas_por_posicion.json
111127;Vitão;CB;;63,5181809877957;64;;;CB;CB;formulas_por_posicion.json
47251;Vivian;CB;;83,02088482740702;83;;;CB;CB;formulas_por_posicion.json
107910;Víctor Chust;CB;;72,12982174355562;72;;;CB;CB;formulas_por_posicion.json
109161;W. Anton;CB;;83,71257921389049;84;;;CB;CB;formulas_por_posicion.json
44654;W. Boly;CB;;76,25047654649507;76;;;CB;CB;formulas_por_posicion.json
115152;W. Faes;CB;;75,51580531790582;76;;;CB;CB;formulas_por_posicion.json
121373;W. Fofana;CB;;82,00357546749578;82;;;CB;CB;formulas_por_posicion.json
108993;W. Kambwala;CB;;73,16819076485503;73;;;CB;CB;formulas_por_posicion.json
118384;W. Kannemann;CB;;74,3659342731778;74;;;CB;CB;formulas_por_posicion.json
118407;W. Pacho;CB;;88,69073181742401;89;;;CB;CB;formulas_por_posicion.json
118077;W. Riveros;CB;;69,4096020403671;69;;;CB;CB;formulas_por_posicion.json
110774;W. Saliba;CB;;87,7235351922117;88;;;CB;CB;formulas_por_posicion.json
55857;W. Tesillo;CB;;74,54252655736772;75;;;CB;CB;formulas_por_posicion.json
122701;W. Velásquez;CB;;69,41715911297024;69;;;CB;CB;formulas_por_posicion.json
43731;W. Ángel;CB;;71,62087549724197;72;;;CB;CB;formulas_por_posicion.json
60611;Wagner Leonardo;CB;;74,53221032869237;75;;;CB;CB;formulas_por_posicion.json
101766;Willian Machado;CB;;70,92250957263133;71;;;CB;CB;formulas_por_posicion.json
58243;X. Arreaga;CB;;70,57509028165205;71;;;CB;CB;formulas_por_posicion.json
121327;Y. Bisseck;CB;;74,73145484490092;75;;;CB;CB;formulas_por_posicion.json
61128;Y. Cabral;CB;;69,64688538987458;70;;;CB;CB;formulas_por_posicion.json
111439;Y. Casermeiro;CB;;67,80701824432275;68;;;CB;CB;formulas_por_posicion.json
61468;Y. Mina;CB;;79,9713591820496;80;;;CB;CB;formulas_por_posicion.json
41674;Y. Mosquera;CB;;74,12920443473392;74;;;CB;CB;formulas_por_posicion.json
298690;Y. Murillo;CB;;62,83818442976513;63;;;CB;CB;formulas_por_posicion.json
379709;Y. Osorio;CB;;70,99342417550233;71;;;CB;CB;formulas_por_posicion.json
41045;Y. Rak;CB;;70,75626586067693;71;;;CB;CB;formulas_por_posicion.json
106958;Yeray;CB;;80,51894562132048;81;;;CB;CB;formulas_por_posicion.json
120364;Yoel Lago;CB;;69,84433287911841;70;;;CB;CB;formulas_por_posicion.json
100944;Youté Kinkoué;CB;;72,45058889833798;72;;;CB;CB;formulas_por_posicion.json
111250;Ythallo;CB;;64,41198205224067;64;;;CB;CB;formulas_por_posicion.json
59493;Z. Abbott;CB;;66,91413541920535;67;;;CB;CB;formulas_por_posicion.json
107383;Z. Marcos;CB;;70,97890672763431;71;;;CB;CB;formulas_por_posicion.json
110832;Z. Romero;CB;;73,97946041303787;74;;;CB;CB;formulas_por_posicion.json
108654;Zé Ivaldo;CB;;71,08349426426983;71;;;CB;CB;formulas_por_posicion.json
33073;Zé Pedro;CB;;72,25196559389994;72;;;CB;CB;formulas_por_posicion.json
320874;Á. Rangel;CB;;73,0929434692846;73;;;CB;CB;formulas_por_posicion.json
47589;É. Godoy;CB;;72,3415187234047;72;;;CB;CB;formulas_por_posicion.json
11034;Éder;CB;;71,76621184167979;72;;;CB;CB;formulas_por_posicion.json
113525;Éder Militão;CB;;85,05183035346104;85;;;CB;CB;formulas_por_posicion.json
45290;Íñigo Martínez;CB;;84,33589749140009;84;;;CB;CB;formulas_por_posicion.json
58281;Ó. Quiñónez;CB;;68,06909790778559;68;;;CB;CB;formulas_por_posicion.json
325519;A. Abdullahi;CF;;60,98779132746117;61;;;CF;CF;formulas_por_posicion.json
114800;A. Adams;CF;;73,68680892202345;74;;;CF;CF;formulas_por_posicion.json
54876;A. Al-Hamdan;CF;;67,57981776099281;68;;;CF;CF;formulas_por_posicion.json
58257;A. Alcaraz;CF;;72,16958793125382;72;;;CF;CF;formulas_por_posicion.json
47415;A. Alonso;CF;;67,14014977087461;67;;;CF;CF;formulas_por_posicion.json
111915;A. Armstrong;CF;;72,07690957189479;72;;;CF;CF;formulas_por_posicion.json
1073847883;A. Auzmendi;CF;;69,58668121847678;70;;;CF;CF;formulas_por_posicion.json
112943;A. Azócar;CF;;66,10583919057007;66;;;CF;CF;formulas_por_posicion.json
58199;A. Balboa;CF;;70,61916567951214;71;;;CF;CF;formulas_por_posicion.json
111066;A. Bareiro;CF;;73,88743081847528;74;;;CF;CF;formulas_por_posicion.json
101359;A. Barnes;CF;;70,7416988305012;71;;;CF;CF;formulas_por_posicion.json
100607;A. Belotti;CF;;72,83922155620458;73;;;CF;CF;formulas_por_posicion.json
118980;A. Boayar;CF;;62,597915682627075;63;;;CF;CF;formulas_por_posicion.json
107904;A. Bonny;CF;;77,05928751178186;77;;;CF;CF;formulas_por_posicion.json
121945;A. Broja;CF;;73,03275591802229;73;;;CF;CF;formulas_por_posicion.json
110303;A. Budimir;CF;;82,41123465039037;82;;;CF;CF;formulas_por_posicion.json
101493;A. Buksa;CF;;72,65992856478714;73;;;CF;CF;formulas_por_posicion.json
55791;A. Cabeza;CF;;66,71002135277412;67;;;CF;CF;formulas_por_posicion.json
109546;A. Camara;CF;;62,89992010060908;63;;;CF;CF;formulas_por_posicion.json
60501;A. Cerri;CF;;65,78717440362473;66;;;CF;CF;formulas_por_posicion.json
110704;A. Colazo;CF;;64,93697960088383;65;;;CF;CF;formulas_por_posicion.json
116451;A. Cuello;CF;;70,87920552613117;71;;;CF;CF;formulas_por_posicion.json
108401;A. Douvikas;CF;;74,95322516558717;75;;;CF;CF;formulas_por_posicion.json
114315;A. Dovbyk;CF;;81,03769343473792;81;;;CF;CF;formulas_por_posicion.json
118081;A. Díaz;CF;;68,61917086783447;69;;;CF;CF;formulas_por_posicion.json
113495;A. Gaich;CF;;69,91363502000183;70;;;CF;CF;formulas_por_posicion.json
109162;A. González;CF;;64,13425418971424;64;;;CF;CF;formulas_por_posicion.json
118110;A. Gouiri;CF;;77,28420304718159;77;;;CF;CF;formulas_por_posicion.json
100460;A. Guðmundsson;CF;;75,71122394077233;76;;;CF;CF;formulas_por_posicion.json
114092;A. Hausch;CF;;66,15564905685322;66;;;CF;CF;formulas_por_posicion.json
38951;A. Hernández;CF;;73,91801499034045;74;;;CF;CF;formulas_por_posicion.json
115079;A. Isak;CF;;85,64544232448073;86;;;CF;CF;formulas_por_posicion.json
102991;A. Kalimuendo;CF;;77,21923030815323;77;;;CF;CF;formulas_por_posicion.json
113070;A. Lotti;CF;;69,28045561329198;69;;;CF;CF;formulas_por_posicion.json
58653;A. Milik;CF;;75,09871928401375;75;;;CF;CF;formulas_por_posicion.json
262997;A. Morelos;CF;;74,37029540185969;74;;;CF;CF;formulas_por_posicion.json
113080;A. Módica;CF;;68,86011233012692;69;;;CF;CF;formulas_por_posicion.json
119097;A. Obando;CF;;66,31894448973222;66;;;CF;CF;formulas_por_posicion.json
116672;A. Osorio;CF;;68,41430647195634;68;;;CF;CF;formulas_por_posicion.json
46897;A. Oviedo;CF;;68,7914524356139;69;;;CF;CF;formulas_por_posicion.json
57988;A. Parra;CF;;70,12166569373991;70;;;CF;CF;formulas_por_posicion.json
113679;A. Pinamonti;CF;;72,92519806703226;73;;;CF;CF;formulas_por_posicion.json
122033;A. Rodríguez;CF;;66,8251323319186;67;;;CF;CF;formulas_por_posicion.json
110211;A. Ruberto;CF;;71,18078735859645;71;;;CF;CF;formulas_por_posicion.json
61164;A. Sanabria;CF;;74,48965648970685;74;;;CF;CF;formulas_por_posicion.json
119114;A. Sarco;CF;;66,77834175735754;67;;;CF;CF;formulas_por_posicion.json
114799;A. Sarr;CF;;71,04871346222582;71;;;CF;CF;formulas_por_posicion.json
36718;A. Sánchez;CF;;73,64086788392811;74;;;CF;CF;formulas_por_posicion.json
110838;A. Sørloth;CF;;81,35986687644147;81;;;CF;CF;formulas_por_posicion.json
116053;A. Tosin;CF;;71,60032445218884;72;;;CF;CF;formulas_por_posicion.json
56162;A. Uribe;CF;;68,80737996210277;69;;;CF;CF;formulas_por_posicion.json
322889;A. Vaca;CF;;60,57905081802813;61;;;CF;CF;formulas_por_posicion.json
370016;A. Villareal;CF;;61,40588128963843;61;;;CF;CF;formulas_por_posicion.json
58029;A. Vombergar;CF;;69,90342310215358;70;;;CF;CF;formulas_por_posicion.json
57739;A. Vásquez;CF;;68,8543176502929;69;;;CF;CF;formulas_por_posicion.json
116203;A. Véliz;CF;;71,53375209226621;72;;;CF;CF;formulas_por_posicion.json
117520;Abdón Prats;CF;;72,90211851191685;73;;;CF;CF;formulas_por_posicion.json
116577;Abel Ruiz;CF;;72,92765703996994;73;;;CF;CF;formulas_por_posicion.json
112589;Aitor Mañas;CF;;64,17174522764073;64;;;CF;CF;formulas_por_posicion.json
103619;Alemão;CF;;73,90609405075074;74;;;CF;CF;formulas_por_posicion.json
42854;Alerrandro;CF;;72,37682277339533;72;;;CF;CF;formulas_por_posicion.json
55765;Alfa;CF;;71,43306022214968;71;;;CF;CF;formulas_por_posicion.json
263854;Amadeo;CF;;88,52004741889077;89;;;CF;CF;formulas_por_posicion.json
117588;André Henrique;CF;;66,23866333628852;66;;;CF;CF;formulas_por_posicion.json
39673;André Luís;CF;;70,40811458715615;70;;;CF;CF;formulas_por_posicion.json
7823;André Silva;CF;;71,24510933360426;71;;;CF;CF;formulas_por_posicion.json
109343;André Silva;CF;;75,30333790419273;75;;;CF;CF;formulas_por_posicion.json
60892;Arthur Cabral;CF;;74,46663583722696;74;;;CF;CF;formulas_por_posicion.json
117552;Asier Hierro;CF;;62,55951536565048;63;;;CF;CF;formulas_por_posicion.json
42311;Aylon;CF;;69,22570185253537;69;;;CF;CF;formulas_por_posicion.json
100809;Ayoze;CF;;81,2163947788357;81;;;CF;CF;formulas_por_posicion.json
115543;B. Barticciotto;CF;;71,63173198227764;72;;;CF;CF;formulas_por_posicion.json
114576;B. Brobbey;CF;;74,77171320256558;75;;;CF;CF;formulas_por_posicion.json
47644;B. Cabrera;CF;;62,30348383120426;62;;;CF;CF;formulas_por_posicion.json
56064;B. Castillo;CF;;69,51181966776478;70;;;CF;CF;formulas_por_posicion.json
38685;B. Dadín;CF;;73,03216735334054;73;;;CF;CF;formulas_por_posicion.json
121998;B. Dadín;CF;;67,57978561340546;68;;;CF;CF;formulas_por_posicion.json
100954;B. Dia;CF;;76,32847712262529;76;;;CF;CF;formulas_por_posicion.json
45338;B. Dieng;CF;;74,20969839650056;74;;;CF;CF;formulas_por_posicion.json
101875;B. Embolo;CF;;68,88287229049243;69;;;CF;CF;formulas_por_posicion.json
105391;B. Gerez;CF;;59,03601417076231;59;;;CF;CF;formulas_por_posicion.json
102329;B. Márquez;CF;;60,36520997513504;60;;;CF;CF;formulas_por_posicion.json
105131;B. Romero;CF;;72,4248715439589;72;;;CF;CF;formulas_por_posicion.json
58222;B. Salinardi;CF;;61,96152184507662;62;;;CF;CF;formulas_por_posicion.json
58323;B. Sepúlveda;CF;;70,94896943108948;71;;;CF;CF;formulas_por_posicion.json
107590;B. Šeško;CF;;79,28496700562243;79;;;CF;CF;formulas_por_posicion.json
109996;Beto;CF;;74,9048417131574;75;;;CF;CF;formulas_por_posicion.json
262235;Beto;CF;;86,71230950437705;87;;;CF;CF;formulas_por_posicion.json
102742;Borja Iglesias;CF;;80,65712655490665;81;;;CF;CF;formulas_por_posicion.json
108226;Borja Mayoral;CF;;77,100794392977;77;;;CF;CF;formulas_por_posicion.json
114564;Brenner;CF;;72,02600342643875;72;;;CF;CF;formulas_por_posicion.json
106609;Bruno Henrique;CF;;76,3938620302995;76;;;CF;CF;formulas_por_posicion.json
115393;C. Abeldaño;CF;;65,48204615989863;65;;;CF;CF;formulas_por_posicion.json
114147;C. Adams;CF;;78,23624706667049;78;;;CF;CF;formulas_por_posicion.json
122321;C. Algarañaz;CF;;68,49379806165132;68;;;CF;CF;formulas_por_posicion.json
117501;C. Arango;CF;;76,32250534902333;76;;;CF;CF;formulas_por_posicion.json
41640;C. Bacca;CF;;74,30600311466603;74;;;CF;CF;formulas_por_posicion.json
42806;C. Bakambu;CF;;75,23782148550283;75;;;CF;CF;formulas_por_posicion.json
55867;C. Ebere;CF;;69,96205017723895;70;;;CF;CF;formulas_por_posicion.json
117884;C. Ekuban;CF;;68,9648497876996;69;;;CF;CF;formulas_por_posicion.json
59476;C. González;CF;;73,87142667021023;74;;;CF;CF;formulas_por_posicion.json
41066;C. Immobile;CF;;72,38724089555177;72;;;CF;CF;formulas_por_posicion.json
115655;C. Kofane;CF;;74,5725561400568;75;;;CF;CF;formulas_por_posicion.json
60896;C. Kostoulas;CF;;71,80026674069362;72;;;CF;CF;formulas_por_posicion.json
113979;C. Kouamè;CF;;68,25079423687149;68;;;CF;CF;formulas_por_posicion.json
101042;C. Marshall;CF;;66,69033971650697;67;;;CF;CF;formulas_por_posicion.json
40581;C. Obi;CF;;66,19711532291821;66;;;CF;CF;formulas_por_posicion.json
58206;C. Ortiz;CF;;65,20650273385127;65;;;CF;CF;formulas_por_posicion.json
57992;C. Ramírez;CF;;70,54455046415751;71;;;CF;CF;formulas_por_posicion.json
278121;C. Renato;CF;;67,20313619909035;67;;;CF;CF;formulas_por_posicion.json
4522;C. Ronaldo;CF;;84,23618700825357;84;;;CF;CF;formulas_por_posicion.json
115785;C. Spinelli;CF;;71,21987736000644;71;;;CF;CF;formulas_por_posicion.json
37304;C. Stuani;CF;;74,47738415460299;74;;;CF;CF;formulas_por_posicion.json
105520;C. Tarragona;CF;;72,27874655572862;72;;;CF;CF;formulas_por_posicion.json
102692;C. Wilson;CF;;76,64619097036592;77;;;CF;CF;formulas_por_posicion.json
40786;C. Wood;CF;;80,23891344534837;80;;;CF;CF;formulas_por_posicion.json
110062;Cadu;CF;;63,037009596906515;63;;;CF;CF;formulas_por_posicion.json
114663;Calvert-Lewin;CF;;75,11790132488686;75;;;CF;CF;formulas_por_posicion.json
104284;Carlinhos;CF;;67,36563882308064;67;;;CF;CF;formulas_por_posicion.json
118934;Carlos Espí;CF;;73,08639269917064;73;;;CF;CF;formulas_por_posicion.json
107032;Carlos Martín;CF;;69,71944880290039;70;;;CF;CF;formulas_por_posicion.json
106604;Carlos Vinícius;CF;;79,2870969423494;79;;;CF;CF;formulas_por_posicion.json
57957;Chico Da Costa;CF;;69,00961037017893;69;;;CF;CF;formulas_por_posicion.json
121238;Chris Ramos;CF;;73,57372359037132;74;;;CF;CF;formulas_por_posicion.json
117934;Cucho Hernández;CF;;76,90535045524076;77;;;CF;CF;formulas_por_posicion.json
47814;D. Benedetto;CF;;71,0681037039444;71;;;CF;CF;formulas_por_posicion.json
379715;D. Churín;CF;;69,24225393713985;69;;;CF;CF;formulas_por_posicion.json
102388;D. Datro Fofana;CF;;73,53938949439352;74;;;CF;CF;formulas_por_posicion.json
116500;D. Díaz;CF;;68,01729818400025;68;;;CF;CF;formulas_por_posicion.json
60375;D. Fernández;CF;;60,11781120623068;60;;;CF;CF;formulas_por_posicion.json
111427;D. Godoy;CF;;67,13561043412075;67;;;CF;CF;formulas_por_posicion.json
117510;D. Herazo;CF;;68,97126114518457;69;;;CF;CF;formulas_por_posicion.json
377184;D. Lacerda;CF;;68,05327855596133;68;;;CF;CF;formulas_por_posicion.json
58076;D. López;CF;;76,22458409858172;76;;;CF;CF;formulas_por_posicion.json
38274;D. Moreno;CF;;75,90773471521292;76;;;CF;CF;formulas_por_posicion.json
109358;D. Mosquera;CF;;72,08634848359682;72;;;CF;CF;formulas_por_posicion.json
109243;D. Namaso;CF;;72,20745027777855;72;;;CF;CF;formulas_por_posicion.json
111273;D. Núñez;CF;;79,14112650985949;79;;;CF;CF;formulas_por_posicion.json
112461;D. Okereke;CF;;71,51023603646586;72;;;CF;CF;formulas_por_posicion.json
122037;D. Otoya;CF;;63,87922906469329;64;;;CF;CF;formulas_por_posicion.json
54067;D. Pereira;CF;;62,12277657223362;62;;;CF;CF;formulas_por_posicion.json
63426;D. Pintér;CF;;59,27259603602549;59;;;CF;CF;formulas_por_posicion.json
108880;D. Pizarro;CF;;68,11353228591221;68;;;CF;CF;formulas_por_posicion.json
111963;D. Porcel;CF;;65,83252241305422;66;;;CF;CF;formulas_por_posicion.json
118339;D. Reasco;CF;;70,8143861419551;71;;;CF;CF;formulas_por_posicion.json
58264;D. Romero;CF;;67,54139236538789;68;;;CF;CF;formulas_por_posicion.json
109583;D. Romero;CF;;71,53686771776587;72;;;CF;CF;formulas_por_posicion.json
101612;D. Scarlett;CF;;68,10900066183135;68;;;CF;CF;formulas_por_posicion.json
104680;D. Solanke;CF;;78,57628269481471;79;;;CF;CF;formulas_por_posicion.json
121968;D. Valencia;CF;;69,57508549474694;70;;;CF;CF;formulas_por_posicion.json
116803;D. Vlahović;CF;;79,9272570592266;80;;;CF;CF;formulas_por_posicion.json
43747;D. Washington;CF;;71,27844209096497;71;;;CF;CF;formulas_por_posicion.json
38352;D. Welbeck;CF;;78,85305478714734;79;;;CF;CF;formulas_por_posicion.json
60060;D. Zapata;CF;;79,42974143141302;79;;;CF;CF;formulas_por_posicion.json
109250;Dell;CF;;62,86145853989381;63;;;CF;CF;formulas_por_posicion.json
60618;Deyverson;CF;;73,13062943283714;73;;;CF;CF;formulas_por_posicion.json
35477;E. Cavani;CF;;72,24105181563228;72;;;CF;CF;formulas_por_posicion.json
60704;E. Copetti;CF;;68,83605664670692;69;;;CF;CF;formulas_por_posicion.json
37638;E. Džeko;CF;;73,98317566221696;74;;;CF;CF;formulas_por_posicion.json
63416;E. Emegha;CF;;77,51209166824448;78;;;CF;CF;formulas_por_posicion.json
103271;E. Faty;CF;;57,949699123584445;58;;;CF;CF;formulas_por_posicion.json
110947;E. Ferguson;CF;;74,68597137167158;75;;;CF;CF;formulas_por_posicion.json
118713;E. Galego;CF;;68,6087132706055;69;;;CF;CF;formulas_por_posicion.json
60527;E. Haaland;CF;;91,06006677579518;91;;;CF;CF;formulas_por_posicion.json
57930;E. Larrosa;CF;;65,59280809895046;66;;;CF;CF;formulas_por_posicion.json
116606;E. Lepaul;CF;;70,46643897775367;70;;;CF;CF;formulas_por_posicion.json
110570;E. Mayenda;CF;;72,2083858803974;72;;;CF;CF;formulas_por_posicion.json
54838;E. Monteiro;CF;;63,74918801782784;64;;;CF;CF;formulas_por_posicion.json
55435;E. Naya;CF;;63,27087257490663;63;;;CF;CF;formulas_por_posicion.json
117916;E. Nketiah;CF;;74,74114628113533;75;;;CF;CF;formulas_por_posicion.json
103503;E. Ramos;CF;;65,81776588525823;66;;;CF;CF;formulas_por_posicion.json
105322;E. Ramírez;CF;;67,05149424994227;67;;;CF;CF;formulas_por_posicion.json
123729;E. Rodríguez;CF;;67,38222360272796;67;;;CF;CF;formulas_por_posicion.json
100269;E. Torres;CF;;71,27079324920892;71;;;CF;CF;formulas_por_posicion.json
60667;E. Triverio;CF;;67,62594126898452;68;;;CF;CF;formulas_por_posicion.json
42173;E. Valencia;CF;;71,37117722335486;71;;;CF;CF;formulas_por_posicion.json
114168;E. Wahi;CF;;72,93813752231524;73;;;CF;CF;formulas_por_posicion.json
107854;E. Ünal;CF;;74,39618297082328;74;;;CF;CF;formulas_por_posicion.json
110904;Eduardo Sasha;CF;;73,0570721688185;73;;;CF;CF;formulas_por_posicion.json
118555;Emersonn;CF;;65,90993504660317;66;;;CF;CF;formulas_por_posicion.json
120299;Endrick;CF;;76,69973635344725;77;;;CF;CF;formulas_por_posicion.json
108878;Evanilson;CF;;79,04455578897335;79;;;CF;CF;formulas_por_posicion.json
113770;Everaldo;CF;;70,5343689970011;71;;;CF;CF;formulas_por_posicion.json
104293;F. Anselmo;CF;;63,69342662581168;64;;;CF;CF;formulas_por_posicion.json
55766;F. Aragón;CF;;74,74698476732554;75;;;CF;CF;formulas_por_posicion.json
57750;F. Balogun;CF;;79,73275326057052;80;;;CF;CF;formulas_por_posicion.json
56258;F. Barone;CF;;66,75857513490391;67;;;CF;CF;formulas_por_posicion.json
263889;F. Batista;CF;;72,00754667337709;72;;;CF;CF;formulas_por_posicion.json
103970;F. Bonazzoli;CF;;72,1591009381325;72;;;CF;CF;formulas_por_posicion.json
100639;F. Bruera;CF;;70,6056131702181;71;;;CF;CF;formulas_por_posicion.json
118336;F. Cabral;CF;;65,27658859929629;65;;;CF;CF;formulas_por_posicion.json
59927;F. Caicedo;CF;;66,64823034749719;67;;;CF;CF;formulas_por_posicion.json
114681;F. Camarda;CF;;66,24021677899353;66;;;CF;CF;formulas_por_posicion.json
41737;F. Colidio;CF;;74,87192141097997;75;;;CF;CF;formulas_por_posicion.json
114558;F. Colidio;CF;;73,07644073999246;73;;;CF;CF;formulas_por_posicion.json
54422;F. De La Vega;CF;;67,33003320851314;67;;;CF;CF;formulas_por_posicion.json
63511;F. Domínguez;CF;;62,6622083308026;63;;;CF;CF;formulas_por_posicion.json
61118;F. Fydriszewski;CF;;71,59667673241776;72;;;CF;CF;formulas_por_posicion.json
60331;F. Girotti;CF;;73,05142379300717;73;;;CF;CF;formulas_por_posicion.json
60009;F. González;CF;;64,29513408374564;64;;;CF;CF;formulas_por_posicion.json
116696;F. Jainikoski;CF;;66,53785681635624;67;;;CF;CF;formulas_por_posicion.json
115907;F. Jara;CF;;71,63528508414213;72;;;CF;CF;formulas_por_posicion.json
114998;F. Krüger;CF;;65,75785201336565;66;;;CF;CF;formulas_por_posicion.json
105313;F. Londoño;CF;;66,49983974074982;66;;;CF;CF;formulas_por_posicion.json
46153;F. Magri;CF;;67,35626920761304;67;;;CF;CF;formulas_por_posicion.json
54761;F. Monzón;CF;;71,45575633439489;71;;;CF;CF;formulas_por_posicion.json
100320;F. Moumbagna;CF;;70,2771751935382;70;;;CF;CF;formulas_por_posicion.json
54865;F. Noguera;CF;;63,3461624884212;63;;;CF;CF;formulas_por_posicion.json
376737;F. Noguera;CF;;57,02940496622159;57;;;CF;CF;formulas_por_posicion.json
113633;F. Oviedo;CF;;67,32463337072483;67;;;CF;CF;formulas_por_posicion.json
100631;F. Rami;CF;;69,70044970511127;70;;;CF;CF;formulas_por_posicion.json
101399;F. Sartori;CF;;70,14620516487281;70;;;CF;CF;formulas_por_posicion.json
114606;F. Stojilkovic;CF;;67,32753027766988;67;;;CF;CF;formulas_por_posicion.json
56165;F. Suárez;CF;;67,85060327229085;68;;;CF;CF;formulas_por_posicion.json
44556;F. Toloza;CF;;67,04971989920885;67;;;CF;CF;formulas_por_posicion.json
119886;F. Viñas;CF;;72,21963516173082;72;;;CF;CF;formulas_por_posicion.json
54859;F. Zampedri;CF;;73,82250843838814;74;;;CF;CF;formulas_por_posicion.json
9205;Fabri;CF;;69,50491200694599;70;;;CF;CF;formulas_por_posicion.json
111356;Felipe Vizeu;CF;;71,24704712085571;71;;;CF;CF;formulas_por_posicion.json
46327;Fernando;CF;;71,20400977358072;71;;;CF;CF;formulas_por_posicion.json
63293;Ferran Jutglà;CF;;74,63240380134125;75;;;CF;CF;formulas_por_posicion.json
370190;Fábio Silva;CF;;78,27943704460222;78;;;CF;CF;formulas_por_posicion.json
58335;G. Aguilar;CF;;66,55086578631479;67;;;CF;CF;formulas_por_posicion.json
102345;G. Ambrosino;CF;;66,61910732522763;67;;;CF;CF;formulas_por_posicion.json
124287;G. Barbosa;CF;;64,87572378353032;65;;;CF;CF;formulas_por_posicion.json
117632;G. Berterame;CF;;77,77499509286876;78;;;CF;CF;formulas_por_posicion.json
115290;G. Borrelli;CF;;70,98481480928359;71;;;CF;CF;formulas_por_posicion.json
114372;G. Cano;CF;;78,39609894593956;78;;;CF;CF;formulas_por_posicion.json
57947;G. Carneiro;CF;;73,10937957786649;73;;;CF;CF;formulas_por_posicion.json
60062;G. Carrillo;CF;;74,89891813269091;75;;;CF;CF;formulas_por_posicion.json
105188;G. Flores;CF;;62,20351078397813;62;;;CF;CF;formulas_por_posicion.json
108995;G. Koyalipou;CF;;71,33530658299439;71;;;CF;CF;formulas_por_posicion.json
60909;G. Kvilitaia;CF;;71,20868854731002;71;;;CF;CF;formulas_por_posicion.json
63428;G. Lencina;CF;;67,61952387354565;68;;;CF;CF;formulas_por_posicion.json
115239;G. Luiz;CF;;63,48034548472722;63;;;CF;CF;formulas_por_posicion.json
61062;G. Mastriani;CF;;72,01929582251427;72;;;CF;CF;formulas_por_posicion.json
109474;G. Mikautadze;CF;;77,38178961684056;77;;;CF;CF;formulas_por_posicion.json
116620;G. Morales;CF;;69,36806161364774;69;;;CF;CF;formulas_por_posicion.json
45661;G. Obredor;CF;;63,74473384063256;64;;;CF;CF;formulas_por_posicion.json
114847;G. Orban;CF;;73,51390624544973;74;;;CF;CF;formulas_por_posicion.json
107347;G. Paciência;CF;;69,79600795747072;70;;;CF;CF;formulas_por_posicion.json
55118;G. Paiva;CF;;70,7319875227553;71;;;CF;CF;formulas_por_posicion.json
116588;G. Rodríguez;CF;;67,30357261676673;67;;;CF;CF;formulas_por_posicion.json
115117;G. Scamacca;CF;;76,8815563128078;77;;;CF;CF;formulas_por_posicion.json
60694;G. Simeone;CF;;77,24883790204179;77;;;CF;CF;formulas_por_posicion.json
121358;G. Verón;CF;;69,54101690950326;70;;;CF;CF;formulas_por_posicion.json
63413;G. Ávalos;CF;;71,81345953577626;72;;;CF;CF;formulas_por_posicion.json
58759;Gabi;CF;;73,98324263849122;74;;;CF;CF;formulas_por_posicion.json
108200;Gabriel Jesus;CF;;79,9067056600661;80;;;CF;CF;formulas_por_posicion.json
44187;Gabriel Poveda;CF;;66,99128778575219;67;;;CF;CF;formulas_por_posicion.json
57349;Gerard Moreno;CF;;80,2562038409816;80;;;CF;CF;formulas_por_posicion.json
45507;Gilberto;CF;;68,59986228196551;69;;;CF;CF;formulas_por_posicion.json
117985;Gonzalo;CF;;71,45561913168964;71;;;CF;CF;formulas_por_posicion.json
54756;Gonçalo Ramos;CF;;79,80018652674826;80;;;CF;CF;formulas_por_posicion.json
107674;Guedes;CF;;75,02174018660828;75;;;CF;CF;formulas_por_posicion.json
119134;Gui Negão;CF;;71,11959476953636;71;;;CF;CF;formulas_por_posicion.json
102097;Guruzeta;CF;;77,58900761316852;78;;;CF;CF;formulas_por_posicion.json
36821;H. Barcos;CF;;74,03313392555417;74;;;CF;CF;formulas_por_posicion.json
54266;H. Camara;CF;;67,69062285497539;68;;;CF;CF;formulas_por_posicion.json
109260;H. Diallo;CF;;72,14825506584691;72;;;CF;CF;formulas_por_posicion.json
112514;H. Ekitike;CF;;85,79827813316459;86;;;CF;CF;formulas_por_posicion.json
104067;H. Hernández;CF;;71,74029764207197;72;;;CF;CF;formulas_por_posicion.json
44838;H. Igamane;CF;;73,94781087437451;74;;;CF;CF;formulas_por_posicion.json
47287;H. Kane;CF;;89,38405640773786;89;;;CF;CF;formulas_por_posicion.json
377332;H. Meister;CF;;69,93262544854808;70;;;CF;CF;formulas_por_posicion.json
56235;H. Rodallega;CF;;73,62716847793104;74;;;CF;CF;formulas_por_posicion.json
61167;H. Sandoval;CF;;63,78461079881682;64;;;CF;CF;formulas_por_posicion.json
118968;Hugo Duro;CF;;78,70824362271232;79;;;CF;CF;formulas_por_posicion.json
1073756862;Hulk;CF;;76,0819403518026;76;;;CF;CF;formulas_por_posicion.json
1073757878;Hwang Hee Chan;CF;;73,55743682287114;74;;;CF;CF;formulas_por_posicion.json
116449;I. Bravo;CF;;65,71083492333659;66;;;CF;CF;formulas_por_posicion.json
112509;I. Diabaté;CF;;70,88823338200365;71;;;CF;CF;formulas_por_posicion.json
104273;I. Ganago;CF;;71,900389521397;72;;;CF;CF;formulas_por_posicion.json
109536;I. Gueye;CF;;67,88554650544647;68;;;CF;CF;formulas_por_posicion.json
61138;I. Maestro Puch;CF;;68,42945154998623;68;;;CF;CF;formulas_por_posicion.json
114633;I. Mammini;CF;;66,21733827122833;66;;;CF;CF;formulas_por_posicion.json
114325;I. Morales;CF;;68,63352024796365;69;;;CF;CF;formulas_por_posicion.json
113918;I. Pitta;CF;;71,53180944767858;72;;;CF;CF;formulas_por_posicion.json
60631;I. Pussetto;CF;;70,25075500707474;70;;;CF;CF;formulas_por_posicion.json
56168;I. Russo;CF;;69,92739408633649;70;;;CF;CF;formulas_por_posicion.json
40455;I. Sosa;CF;;70,43509779213778;70;;;CF;CF;formulas_por_posicion.json
41152;I. Subiabre;CF;;75,53916938308461;76;;;CF;CF;formulas_por_posicion.json
46666;Iago Aspas;CF;;80,87284619446427;81;;;CF;CF;formulas_por_posicion.json
114503;Igor Jesus;CF;;75,6224175100223;76;;;CF;CF;formulas_por_posicion.json
115930;Igor Thiago;CF;;79,72757882815296;80;;;CF;CF;formulas_por_posicion.json
114567;Isaac;CF;;68,73984479963792;69;;;CF;CF;formulas_por_posicion.json
111336;Isaac Romero;CF;;73,77863468203897;74;;;CF;CF;formulas_por_posicion.json
118354;Iván Romero;CF;;73,32318069967492;73;;;CF;CF;formulas_por_posicion.json
118518;Izeta;CF;;71,86574490547507;72;;;CF;CF;formulas_por_posicion.json
113507;J. Ajayi;CF;;56,92874297556771;57;;;CF;CF;formulas_por_posicion.json
57962;J. Alegría;CF;;64,96951648641162;65;;;CF;CF;formulas_por_posicion.json
58192;J. Angulo;CF;;62,39616732936152;62;;;CF;CF;formulas_por_posicion.json
57201;J. Ardaiz;CF;;65,76914268597656;66;;;CF;CF;formulas_por_posicion.json
118155;J. Arias;CF;;64,99444701276589;65;;;CF;CF;formulas_por_posicion.json
110161;J. Balza;CF;;66,18357228598518;66;;;CF;CF;formulas_por_posicion.json
101406;J. Barbieri;CF;;66,2309255735196;66;;;CF;CF;formulas_por_posicion.json
376471;J. Bolívar;CF;;67,1565424989873;67;;;CF;CF;formulas_por_posicion.json
114786;J. Caicedo;CF;;72,21419212538227;72;;;CF;CF;formulas_por_posicion.json
60657;J. Calleri;CF;;75,9899805052769;76;;;CF;CF;formulas_por_posicion.json
58305;J. Candia;CF;;67,49102226178293;67;;;CF;CF;formulas_por_posicion.json
54357;J. Carvajal;CF;;62,880768734689546;63;;;CF;CF;formulas_por_posicion.json
102782;J. Correa;CF;;74,15396981982956;74;;;CF;CF;formulas_por_posicion.json
117688;J. Córdoba;CF;;75,35621092895758;75;;;CF;CF;formulas_por_posicion.json
114643;J. David;CF;;80,08382881291838;80;;;CF;CF;formulas_por_posicion.json
59715;J. Dinenno;CF;;71,19126642884406;71;;;CF;CF;formulas_por_posicion.json
58175;J. Duarte;CF;;63,65315378387763;64;;;CF;CF;formulas_por_posicion.json
109584;J. Dómina;CF;;68,7157478250557;69;;;CF;CF;formulas_por_posicion.json
114149;J. Ekhator;CF;;66,6464281291313;67;;;CF;CF;formulas_por_posicion.json
117775;J. Flores;CF;;64,00530415760123;64;;;CF;CF;formulas_por_posicion.json
117987;J. Freitas;CF;;66,83286563901724;67;;;CF;CF;formulas_por_posicion.json
55705;J. Fuentes;CF;;65,42295941778852;65;;;CF;CF;formulas_por_posicion.json
103821;J. Furch;CF;;70,9079712006865;71;;;CF;CF;formulas_por_posicion.json
110895;J. García;CF;;68,94912576472876;69;;;CF;CF;formulas_por_posicion.json
56142;J. Godoy;CF;;67,874309534421;68;;;CF;CF;formulas_por_posicion.json
55437;J. Goicochea;CF;;63,68924029407198;64;;;CF;CF;formulas_por_posicion.json
372424;J. Herrera;CF;;70,8580728649582;71;;;CF;CF;formulas_por_posicion.json
54836;J. Hurtado;CF;;64,83113235158946;65;;;CF;CF;formulas_por_posicion.json
117907;J. Hurtado;CF;;66,88229953448167;67;;;CF;CF;formulas_por_posicion.json
59201;J. Ingratti;CF;;58,51146114097209;59;;;CF;CF;formulas_por_posicion.json
42101;J. Iturbe;CF;;65,33175494184356;65;;;CF;CF;formulas_por_posicion.json
114690;J. Krasso;CF;;69,38806752127346;69;;;CF;CF;formulas_por_posicion.json
32440;J. Kusi-Asare;CF;;64,80451665945753;65;;;CF;CF;formulas_por_posicion.json
43970;J. Lucero;CF;;72,9313848083665;73;;;CF;CF;formulas_por_posicion.json
117593;J. López;CF;;77,9784505492079;78;;;CF;CF;formulas_por_posicion.json
46720;J. Mangondo;CF;;61,55009013436559;62;;;CF;CF;formulas_por_posicion.json
119780;J. Marabel;CF;;69,78711788689405;70;;;CF;CF;formulas_por_posicion.json
44193;J. Marcelo;CF;;67,41027336218144;67;;;CF;CF;formulas_por_posicion.json
59964;J. Martínez;CF;;73,66123948934154;74;;;CF;CF;formulas_por_posicion.json
114577;J. Mateta;CF;;79,44646400861286;79;;;CF;CF;formulas_por_posicion.json
54393;J. Medina;CF;;71,61186998795777;72;;;CF;CF;formulas_por_posicion.json
109040;J. Miritello;CF;;67,34988038712407;67;;;CF;CF;formulas_por_posicion.json
114283;J. Odgaard;CF;;75,40502135207224;75;;;CF;CF;formulas_por_posicion.json
112515;J. Panichelli;CF;;75,99783521460675;76;;;CF;CF;formulas_por_posicion.json
122288;J. Paredes;CF;;64,25715319114269;64;;;CF;CF;formulas_por_posicion.json
9211;J. Piroe;CF;;74,1963343121621;74;;;CF;CF;formulas_por_posicion.json
55840;J. Riasco;CF;;62,63103705260842;63;;;CF;CF;formulas_por_posicion.json
56249;J. Rivera;CF;;68,70695376996758;69;;;CF;CF;formulas_por_posicion.json
118203;J. Russell-Rowe;CF;;67,63495104413354;68;;;CF;CF;formulas_por_posicion.json
120380;J. S. Larsen;CF;;76,34292820683198;76;;;CF;CF;formulas_por_posicion.json
47586;J. Torres;CF;;72,92035647623176;73;;;CF;CF;formulas_por_posicion.json
124268;J. Tévez;CF;;70,28446166075561;70;;;CF;CF;formulas_por_posicion.json
100159;J. Vardy;CF;;75,77955601302548;76;;;CF;CF;formulas_por_posicion.json
58261;J. Velásquez;CF;;65,8085598723291;66;;;CF;CF;formulas_por_posicion.json
58276;J. Vieira;CF;;72,59274196425142;73;;;CF;CF;formulas_por_posicion.json
111483;J. Vignolo;CF;;58,96716340052311;59;;;CF;CF;formulas_por_posicion.json
116721;J. Yeboah;CF;;70,79817190523397;71;;;CF;CF;formulas_por_posicion.json
103449;J. Álvarez;CF;;84,16838401591912;84;;;CF;CF;formulas_por_posicion.json
103677;John Kennedy;CF;;71,81923159973181;72;;;CF;CF;formulas_por_posicion.json
112283;João Pedro;CF;;67,13743523983449;67;;;CF;CF;formulas_por_posicion.json
113127;João Pedro;CF;;79,14015843892042;79;;;CF;CF;formulas_por_posicion.json
58279;K. Angulo;CF;;60,94014141499049;61;;;CF;CF;formulas_por_posicion.json
104661;K. Barría;CF;;66,89725103529703;67;;;CF;CF;formulas_por_posicion.json
104114;K. Bowie;CF;;66,81352601277271;67;;;CF;CF;formulas_por_posicion.json
111277;K. Davis;CF;;74,71319813367884;75;;;CF;CF;formulas_por_posicion.json
117674;K. Etta Eyong;CF;;72,40906939687966;72;;;CF;CF;formulas_por_posicion.json
118633;K. Furo;CF;;64,51567364952095;65;;;CF;CF;formulas_por_posicion.json
118527;K. Havertz;CF;;80,63413738060129;81;;;CF;CF;formulas_por_posicion.json
57978;K. Jorge;CF;;75,99531118849262;76;;;CF;CF;formulas_por_posicion.json
117524;K. Kelsy;CF;;67,45137878432753;67;;;CF;CF;formulas_por_posicion.json
110718;K. Mbappé;CF;;91,00396796890406;91;;;CF;CF;formulas_por_posicion.json
41084;K. N'Dri;CF;;67,30208466430201;67;;;CF;CF;formulas_por_posicion.json
38539;K. Quetant;CF;;64,73399455845963;65;;;CF;CF;formulas_por_posicion.json
118009;K. Retamar;CF;;69,4222328693251;69;;;CF;CF;formulas_por_posicion.json
111035;K. Rodríguez;CF;;72,3505396058473;72;;;CF;CF;formulas_por_posicion.json
263107;K. Viveros;CF;;74,84810625039563;75;;;CF;CF;formulas_por_posicion.json
111214;Kaio Jorge;CF;;78,72696353049868;79;;;CF;CF;formulas_por_posicion.json
116489;Karrikaburu;CF;;68,81608094221342;69;;;CF;CF;formulas_por_posicion.json
379219;Kayke;CF;;63,50115693397699;64;;;CF;CF;formulas_por_posicion.json
110451;Kevin Carlos;CF;;71,85404759117714;72;;;CF;CF;formulas_por_posicion.json
100196;Kike García;CF;;75,96123253435739;76;;;CF;CF;formulas_por_posicion.json
55990;L. Acosta;CF;;64,79559343503625;65;;;CF;CF;formulas_por_posicion.json
113503;L. Ajorque;CF;;69,335668064976;69;;;CF;CF;formulas_por_posicion.json
60143;L. Alario;CF;;71,7282811492855;72;;;CF;CF;formulas_por_posicion.json
65151;L. Amarilla;CF;;70,9825333796804;71;;;CF;CF;formulas_por_posicion.json
115336;L. Beltrán;CF;;74,26729862680313;74;;;CF;CF;formulas_por_posicion.json
103582;L. Boyé;CF;;76,68676047467865;77;;;CF;CF;formulas_por_posicion.json
112928;L. Cabrera;CF;;65,41077094945574;65;;;CF;CF;formulas_por_posicion.json
55666;L. Campana;CF;;72,7536429275693;73;;;CF;CF;formulas_por_posicion.json
60043;L. Cano;CF;;67,45375912069008;67;;;CF;CF;formulas_por_posicion.json
53792;L. Castro;CF;;72,10310349641487;72;;;CF;CF;formulas_por_posicion.json
117038;L. Colombo;CF;;72,08573982642515;72;;;CF;CF;formulas_por_posicion.json
103513;L. Delap;CF;;76,58083667018825;77;;;CF;CF;formulas_por_posicion.json
379733;L. Di Yorio;CF;;73,51891946996935;74;;;CF;CF;formulas_por_posicion.json
118532;L. Drummond;CF;;63,79003564928735;64;;;CF;CF;formulas_por_posicion.json
59459;L. Díaz;CF;;70,16631763373239;70;;;CF;CF;formulas_por_posicion.json
105220;L. Díaz;CF;;70,87537165539416;71;;;CF;CF;formulas_por_posicion.json
102611;L. Fernández;CF;;68,85962092929148;69;;;CF;CF;formulas_por_posicion.json
109131;L. Foster;CF;;72,50912254206587;73;;;CF;CF;formulas_por_posicion.json
105202;L. Gamba;CF;;67,91215950024839;68;;;CF;CF;formulas_por_posicion.json
63350;L. Giménez;CF;;65,92919816955883;66;;;CF;CF;formulas_por_posicion.json
115903;L. González;CF;;61,57751387606242;62;;;CF;CF;formulas_por_posicion.json
55754;L. Guevara;CF;;74,78963706684229;75;;;CF;CF;formulas_por_posicion.json
114546;L. Gutiérrez;CF;;63,958393122727806;64;;;CF;CF;formulas_por_posicion.json
118365;L. Heredia;CF;;67,99444357514018;68;;;CF;CF;formulas_por_posicion.json
63333;L. Klimowicz;CF;;65,14687369622078;65;;;CF;CF;formulas_por_posicion.json
116450;L. Lucca;CF;;73,03417697587442;73;;;CF;CF;formulas_por_posicion.json
114578;L. Machine;CF;;64,24787183850748;64;;;CF;CF;formulas_por_posicion.json
122696;L. Marimón;CF;;65,50003831751985;66;;;CF;CF;formulas_por_posicion.json
58272;L. Martínez;CF;;60,688460789257526;61;;;CF;CF;formulas_por_posicion.json
108657;L. Martínez;CF;;86,74895129098081;87;;;CF;CF;formulas_por_posicion.json
118602;L. Martínez D.;CF;;68,47473225149828;68;;;CF;CF;formulas_por_posicion.json
118542;L. Moro;CF;;69,11832439487853;69;;;CF;CF;formulas_por_posicion.json
44636;L. Muriel;CF;;74,64397823174964;75;;;CF;CF;formulas_por_posicion.json
118726;L. Nmecha;CF;;74,79043475408858;75;;;CF;CF;formulas_por_posicion.json
100898;L. Openda;CF;;81,23877353872903;81;;;CF;CF;formulas_por_posicion.json
103440;L. Passerini;CF;;71,2308627811917;71;;;CF;CF;formulas_por_posicion.json
59484;L. Pavoletti;CF;;68,01780417279825;68;;;CF;CF;formulas_por_posicion.json
55741;L. Pons;CF;;70,66153725001634;71;;;CF;CF;formulas_por_posicion.json
40661;L. Pratto;CF;;69,72782775186239;70;;;CF;CF;formulas_por_posicion.json
55954;L. Ramos;CF;;68,74118042511034;69;;;CF;CF;formulas_por_posicion.json
55777;L. Riveros;CF;;67,58050702002407;68;;;CF;CF;formulas_por_posicion.json
57999;L. Sandoval;CF;;71,10196253286341;71;;;CF;CF;formulas_por_posicion.json
114084;L. Skjellerup;CF;;67,60661966730694;68;;;CF;CF;formulas_por_posicion.json
34881;L. Suárez;CF;;79,74206837353275;80;;;CF;CF;formulas_por_posicion.json
123749;L. Suárez;CF;;77,31279770907148;77;;;CF;CF;formulas_por_posicion.json
118712;L. Varaldo;CF;;67,7451468283797;68;;;CF;CF;formulas_por_posicion.json
102060;L. Vázquez;CF;;71,67009735672222;72;;;CF;CF;formulas_por_posicion.json
101422;Labeau Lascary;CF;;66,19924350843958;66;;;CF;CF;formulas_por_posicion.json
368704;Lucca;CF;;66,62789078530179;67;;;CF;CF;formulas_por_posicion.json
54974;Luighi;CF;;66,52167193062226;67;;;CF;CF;formulas_por_posicion.json
103129;M. Abline;CF;;74,62004058875749;75;;;CF;CF;formulas_por_posicion.json
110946;M. Al-Nemer;CF;;61,947708326029776;62;;;CF;CF;formulas_por_posicion.json
117335;M. Arezo;CF;;74,17535321469167;74;;;CF;CF;formulas_por_posicion.json
110729;M. Artuira;CF;;65,85614422159122;66;;;CF;CF;formulas_por_posicion.json
113352;M. Babi;CF;;66,51640254817009;67;;;CF;CF;formulas_por_posicion.json
377227;M. Bajamich;CF;;67,45496665796638;67;;;CF;CF;formulas_por_posicion.json
107840;M. Bamba;CF;;68,92560750480959;69;;;CF;CF;formulas_por_posicion.json
115153;M. Beier;CF;;78,80893839331917;79;;;CF;CF;formulas_por_posicion.json
315552;M. Biereth;CF;;76,47254570321009;76;;;CF;CF;formulas_por_posicion.json
60855;M. Borja;CF;;73,89516688629877;74;;;CF;CF;formulas_por_posicion.json
60622;M. Braithwaite;CF;;74,5407512292868;75;;;CF;CF;formulas_por_posicion.json
115330;M. Brondo;CF;;67,97540480666356;68;;;CF;CF;formulas_por_posicion.json
108432;M. Cassierra;CF;;74,51884899881463;75;;;CF;CF;formulas_por_posicion.json
107990;M. Cauteruccio;CF;;73,45096424144599;73;;;CF;CF;formulas_por_posicion.json
60373;M. Coronel;CF;;73,7038076216345;74;;;CF;CF;formulas_por_posicion.json
118553;M. Cóccaro;CF;;68,99113047438628;69;;;CF;CF;formulas_por_posicion.json
58406;M. De Lima;CF;;65,11334176097886;65;;;CF;CF;formulas_por_posicion.json
101976;M. De Luca;CF;;66,23069844762892;66;;;CF;CF;formulas_por_posicion.json
46879;M. Depay;CF;;78,04505100545472;78;;;CF;CF;formulas_por_posicion.json
117492;M. Domenech;CF;;64,62369407486636;65;;;CF;CF;formulas_por_posicion.json
101863;M. Espinoza P.;CF;;60,96600672494011;61;;;CF;CF;formulas_por_posicion.json
108745;M. Estigarribia;CF;;68,08096624796404;68;;;CF;CF;formulas_por_posicion.json
55779;M. Estrada;CF;;72,96745846951286;73;;;CF;CF;formulas_por_posicion.json
58165;M. Fonseca;CF;;68,46133925245984;68;;;CF;CF;formulas_por_posicion.json
108310;M. Frigan;CF;;72,44492658788458;72;;;CF;CF;formulas_por_posicion.json
100413;M. Giménez;CF;;72,22125635838383;72;;;CF;CF;formulas_por_posicion.json
116604;M. Giménez;CF;;71,02783587820467;71;;;CF;CF;formulas_por_posicion.json
114075;M. Guiu;CF;;71,86336124453743;72;;;CF;CF;formulas_por_posicion.json
109846;M. Gómez;CF;;75,20069941303784;75;;;CF;CF;formulas_por_posicion.json
368757;M. Hernández;CF;;67,42189107225367;67;;;CF;CF;formulas_por_posicion.json
377440;M. Hoyos;CF;;67,02845553165952;67;;;CF;CF;formulas_por_posicion.json
114624;M. Kean;CF;;81,36048084026356;81;;;CF;CF;formulas_por_posicion.json
115030;M. Luna Diale;CF;;68,17115389688966;68;;;CF;CF;formulas_por_posicion.json
55055;M. Marran;CF;;64,02088843180952;64;;;CF;CF;formulas_por_posicion.json
63447;M. Martínez;CF;;80,1819923686945;80;;;CF;CF;formulas_por_posicion.json
114375;M. Merentiel;CF;;77,11575343374572;77;;;CF;CF;formulas_por_posicion.json
41637;M. Mohamed;CF;;69,82979491584376;70;;;CF;CF;formulas_por_posicion.json
118264;M. Méndez;CF;;71,34146398901527;71;;;CF;CF;formulas_por_posicion.json
108043;M. Nzola;CF;;73,88627321577175;74;;;CF;CF;formulas_por_posicion.json
54845;M. Parrales;CF;;69,37904136795764;69;;;CF;CF;formulas_por_posicion.json
114386;M. Pellegrino;CF;;69,50879233812509;70;;;CF;CF;formulas_por_posicion.json
41444;M. Rodríguez;CF;;67,0037235564661;67;;;CF;CF;formulas_por_posicion.json
105276;M. Romero;CF;;71,33165711616509;71;;;CF;CF;formulas_por_posicion.json
35252;M. Ruben;CF;;71,43036271405751;71;;;CF;CF;formulas_por_posicion.json
118026;M. Salas;CF;;73,7167962521806;74;;;CF;CF;formulas_por_posicion.json
102475;M. Samatta;CF;;70,88455395981742;71;;;CF;CF;formulas_por_posicion.json
65258;M. Santos;CF;;70,54177826582925;71;;;CF;CF;formulas_por_posicion.json
7806;M. Satriano;CF;;75,64548856854013;76;;;CF;CF;formulas_por_posicion.json
303384;M. Silvera;CF;;71,68537542996319;72;;;CF;CF;formulas_por_posicion.json
122020;M. Succar;CF;;65,26632393505348;65;;;CF;CF;formulas_por_posicion.json
114016;M. Terrier;CF;;77,10996227964459;77;;;CF;CF;formulas_por_posicion.json
108069;M. Thuram;CF;;84,42128582589487;84;;;CF;CF;formulas_por_posicion.json
60683;M. Tissera;CF;;68,72360046555698;69;;;CF;CF;formulas_por_posicion.json
55522;M. Torres;CF;;69,661956887211;70;;;CF;CF;formulas_por_posicion.json
100479;M. Đurić;CF;;70,7900114334848;71;;;CF;CF;formulas_por_posicion.json
108706;Mama Baldé;CF;;66,08772129530963;66;;;CF;CF;formulas_por_posicion.json
111343;Mariano;CF;;69,2948942852039;69;;;CF;CF;formulas_por_posicion.json
113981;Maroan;CF;;71,59336190457623;72;;;CF;CF;formulas_por_posicion.json
114597;Mateo Joseph;CF;;70,08297035114823;70;;;CF;CF;formulas_por_posicion.json
115990;Mateus Mané;CF;;71,27948644332362;71;;;CF;CF;formulas_por_posicion.json
58840;Morales;CF;;73,83254340226695;74;;;CF;CF;formulas_por_posicion.json
55718;N. Benegas;CF;;69,45757403021136;69;;;CF;CF;formulas_por_posicion.json
42688;N. Blandi;CF;;68,1169099029219;68;;;CF;CF;formulas_por_posicion.json
113040;N. Bustos;CF;;69,82807524302325;70;;;CF;CF;formulas_por_posicion.json
102046;N. Cordero;CF;;66,19320587248896;66;;;CF;CF;formulas_por_posicion.json
118650;N. Elphege;CF;;67,43624891372367;67;;;CF;CF;formulas_por_posicion.json
119885;N. Fraser;CF;;64,54595018133932;65;;;CF;CF;formulas_por_posicion.json
117362;N. Fúnez;CF;;65,80807752492565;66;;;CF;CF;formulas_por_posicion.json
101755;N. Füllkrug;CF;;76,73801842584575;77;;;CF;CF;formulas_por_posicion.json
325544;N. Guerra;CF;;68,87193338910643;69;;;CF;CF;formulas_por_posicion.json
118563;N. Jackson;CF;;78,41915653760515;78;;;CF;CF;formulas_por_posicion.json
55530;N. Johansen;CF;;66,47095476877601;66;;;CF;CF;formulas_por_posicion.json
114728;N. Krstović;CF;;74,27867636920443;74;;;CF;CF;formulas_por_posicion.json
47429;N. Maupay;CF;;74,43474266927238;74;;;CF;CF;formulas_por_posicion.json
115865;N. Mbala;CF;;64,01821607731824;64;;;CF;CF;formulas_por_posicion.json
110526;N. Mukiele;CF;;56,939266014372926;57;;;CF;CF;formulas_por_posicion.json
57257;N. Obougou;CF;;63,47616633473118;63;;;CF;CF;formulas_por_posicion.json
122005;N. Okafor;CF;;74,3064519697805;74;;;CF;CF;formulas_por_posicion.json
60136;N. Orsini;CF;;70,55830767523648;71;;;CF;CF;formulas_por_posicion.json
111126;N. Pierini;CF;;70,17919449826667;70;;;CF;CF;formulas_por_posicion.json
368774;N. Soria;CF;;66,86039689415075;67;;;CF;CF;formulas_por_posicion.json
115544;N. Ulariaga;CF;;67,01665955298301;67;;;CF;CF;formulas_por_posicion.json
55816;N. Villarreal;CF;;65,94430034245418;66;;;CF;CF;formulas_por_posicion.json
118491;N. Woltemade;CF;;79,60837382950292;80;;;CF;CF;formulas_por_posicion.json
63308;N. Štulić;CF;;71,6510888566613;72;;;CF;CF;formulas_por_posicion.json
108983;Nathan Fogaça;CF;;68,1230172310485;68;;;CF;CF;formulas_por_posicion.json
44212;Neto Pessoa;CF;;68,73257206422981;69;;;CF;CF;formulas_por_posicion.json
110626;O. Dembélé;CF;;86,98649715788123;87;;;CF;CF;formulas_por_posicion.json
38627;O. Giroud;CF;;76,73481398864803;77;;;CF;CF;formulas_por_posicion.json
118262;O. Marmoush;CF;;80,66393771176156;81;;;CF;CF;formulas_por_posicion.json
102052;O. Rivero;CF;;73,17764695089974;73;;;CF;CF;formulas_por_posicion.json
118042;O. Watkins;CF;;79,1373015857912;79;;;CF;CF;formulas_por_posicion.json
108985;O. Édouard;CF;;69,19281649585544;69;;;CF;CF;formulas_por_posicion.json
118599;O. Óskarsson;CF;;73,27148070063163;73;;;CF;CF;formulas_por_posicion.json
110596;Oyarzabal;CF;;79,00456330700574;79;;;CF;CF;formulas_por_posicion.json
40323;P. Aubameyang;CF;;80,80488977849133;81;;;CF;CF;formulas_por_posicion.json
118338;P. Brunner;CF;;66,89149165906407;67;;;CF;CF;formulas_por_posicion.json
109253;P. Cutrone;CF;;67,40261199671939;67;;;CF;CF;formulas_por_posicion.json
100443;P. Esposito;CF;;74,08699104339597;74;;;CF;CF;formulas_por_posicion.json
8823;P. Guerrero;CF;;70,7806202397437;71;;;CF;CF;formulas_por_posicion.json
114639;P. Hamel;CF;;63,95110778517047;64;;;CF;CF;formulas_por_posicion.json
110988;P. Magnín;CF;;67,07409755709348;67;;;CF;CF;formulas_por_posicion.json
120340;P. Mendy;CF;;64,87241820876274;65;;;CF;CF;formulas_por_posicion.json
108395;P. Peter;CF;;69,88217360256992;70;;;CF;CF;formulas_por_posicion.json
118629;P. Ratkov;CF;;68,7014241536929;69;;;CF;CF;formulas_por_posicion.json
102719;P. Schick;CF;;84,4340846056277;84;;;CF;CF;formulas_por_posicion.json
60596;P. Vegetti;CF;;76,62461647555911;77;;;CF;CF;formulas_por_posicion.json
59526;Pablo;CF;;68,80239360465433;69;;;CF;CF;formulas_por_posicion.json
114232;Pablo Durán;CF;;73,9419878003649;74;;;CF;CF;formulas_por_posicion.json
60614;Pablo Felipe;CF;;73,75654328261305;74;;;CF;CF;formulas_por_posicion.json
112608;Pau Cabanes;CF;;63,925652570289735;64;;;CF;CF;formulas_por_posicion.json
117539;Paulinho;CF;;76,9250119787155;77;;;CF;CF;formulas_por_posicion.json
111408;Pedro;CF;;81,05465276475914;81;;;CF;CF;formulas_por_posicion.json
117799;Pedro Henrique;CF;;72,05812818650561;72;;;CF;CF;formulas_por_posicion.json
44278;Pedro Raúl;CF;;71,71637105634271;72;;;CF;CF;formulas_por_posicion.json
46765;Perotti;CF;;66,81387821355716;67;;;CF;CF;formulas_por_posicion.json
376971;R. Acuña Vera;CF;;62,51498110723801;63;;;CF;CF;formulas_por_posicion.json
109114;R. Aguirre;CF;;74,80538967079434;75;;;CF;CF;formulas_por_posicion.json
123077;R. Auzmendi;CF;;68,99805096946902;69;;;CF;CF;formulas_por_posicion.json
36912;R. Bentancourt;CF;;68,39847521101318;68;;;CF;CF;formulas_por_posicion.json
56181;R. Borja;CF;;61,39835009776003;61;;;CF;CF;formulas_por_posicion.json
104541;R. Borré;CF;;73,99299729549271;74;;;CF;CF;formulas_por_posicion.json
116422;R. Braschi;CF;;62,64271068604644;63;;;CF;CF;formulas_por_posicion.json
118438;R. Braschi;CF;;57,95510989169828;58;;;CF;CF;formulas_por_posicion.json
45831;R. Castillo;CF;;77,12197279947853;77;;;CF;CF;formulas_por_posicion.json
60169;R. Contreras;CF;;69,67686983825226;70;;;CF;CF;formulas_por_posicion.json
114817;R. Degregorio;CF;;66,15882370813274;66;;;CF;CF;formulas_por_posicion.json
118581;R. Durosinmi;CF;;73,78216143781223;74;;;CF;CF;formulas_por_posicion.json
31044;R. Falcao;CF;;72,62934278120937;73;;;CF;CF;formulas_por_posicion.json
114936;R. Fernández;CF;;74,36081991834266;74;;;CF;CF;formulas_por_posicion.json
55753;R. Flores;CF;;71,59439067692557;72;;;CF;CF;formulas_por_posicion.json
114569;R. Fofana;CF;;64,18004164126208;64;;;CF;CF;formulas_por_posicion.json
55966;R. Holgado;CF;;71,80899928096431;72;;;CF;CF;formulas_por_posicion.json
118663;R. Højlund;CF;;78,76062069729348;79;;;CF;CF;formulas_por_posicion.json
57330;R. Jiménez;CF;;77,5387368543704;78;;;CF;CF;formulas_por_posicion.json
1073857253;R. Kida;CF;;63,52950012891747;64;;;CF;CF;formulas_por_posicion.json
115254;R. Kolo Muani;CF;;78,69533776112515;79;;;CF;CF;formulas_por_posicion.json
40002;R. Lewandowski;CF;;87,11822339294937;87;;;CF;CF;formulas_por_posicion.json
40122;R. Lukaku;CF;;81,4421881947182;81;;;CF;CF;formulas_por_posicion.json
111286;R. López;CF;;71,0322876269757;71;;;CF;CF;formulas_por_posicion.json
55977;R. Machado;CF;;66,60028517736214;67;;;CF;CF;formulas_por_posicion.json
118576;R. Martínez;CF;;72,43942922991268;72;;;CF;CF;formulas_por_posicion.json
61174;R. Mathias;CF;;71,17142531101115;71;;;CF;CF;formulas_por_posicion.json
44449;R. Nteka;CF;;68,91653657313398;69;;;CF;CF;formulas_por_posicion.json
108410;R. Piccoli;CF;;74,9420655006724;75;;;CF;CF;formulas_por_posicion.json
47527;R. Rodin;CF;;61,25706761039116;61;;;CF;CF;formulas_por_posicion.json
115935;R. Rodrigues;CF;;67,63934250953521;68;;;CF;CF;formulas_por_posicion.json
108767;R. Rodríguez;CF;;68,63197556579581;69;;;CF;CF;formulas_por_posicion.json
1697;R. Santa Cruz;CF;;69,93765947435296;70;;;CF;CF;formulas_por_posicion.json
58369;R. Sarli;CF;;59,843030686563935;60;;;CF;CF;formulas_por_posicion.json
119118;R. Vaz;CF;;68,8991581640085;69;;;CF;CF;formulas_por_posicion.json
110431;R. Yaremchuk;CF;;76,24140530812096;76;;;CF;CF;formulas_por_posicion.json
110635;Rafa Mir;CF;;75,2570662920844;75;;;CF;CF;formulas_por_posicion.json
102036;Raykkonen;CF;;63,50716192772495;64;;;CF;CF;formulas_por_posicion.json
103453;Raúl García;CF;;75,45720743897505;75;;;CF;CF;formulas_por_posicion.json
112745;Renan Peixoto;CF;;68,46364810131531;68;;;CF;CF;formulas_por_posicion.json
115923;Renan Viana;CF;;62,94400454070271;63;;;CF;CF;formulas_por_posicion.json
118837;Renato Kayser;CF;;71,42263245853623;71;;;CF;CF;formulas_por_posicion.json
103294;Renato Marques;CF;;64,10313571395139;64;;;CF;CF;formulas_por_posicion.json
110866;Richarlison;CF;;78,35360464821636;78;;;CF;CF;formulas_por_posicion.json
44682;Rodrigo Muniz;CF;;74,58917417008688;75;;;CF;CF;formulas_por_posicion.json
107654;Rony;CF;;71,64501010038492;72;;;CF;CF;formulas_por_posicion.json
118619;Ryan Francisco;CF;;65,57489124761172;66;;;CF;CF;formulas_por_posicion.json
55993;S. Acuña;CF;;66,41853228408283;66;;;CF;CF;formulas_por_posicion.json
57959;S. Araujo;CF;;70,01898239634673;70;;;CF;CF;formulas_por_posicion.json
104808;S. Becker;CF;;75,815607921406;76;;;CF;CF;formulas_por_posicion.json
114538;S. Castro;CF;;74,97918960101586;75;;;CF;CF;formulas_por_posicion.json
116633;S. Diop;CF;;58,56560005102423;59;;;CF;CF;formulas_por_posicion.json
61035;S. Driussi;CF;;72,53931658038394;73;;;CF;CF;formulas_por_posicion.json
116689;S. Esposito;CF;;73,34576504497184;73;;;CF;CF;formulas_por_posicion.json
38403;S. Ferreira;CF;;72,2696341339108;72;;;CF;CF;formulas_por_posicion.json
58348;S. Gassama;CF;;67,58061159260794;68;;;CF;CF;formulas_por_posicion.json
114714;S. Giménez;CF;;76,74204985091453;77;;;CF;CF;formulas_por_posicion.json
105310;S. Giordana;CF;;69,30942535327692;69;;;CF;CF;formulas_por_posicion.json
54745;S. Guirassy;CF;;83,6502943795397;84;;;CF;CF;formulas_por_posicion.json
54674;S. Haqawi;CF;;57,31387907120766;57;;;CF;CF;formulas_por_posicion.json
120295;S. Hidalgo;CF;;65,9039999243482;66;;;CF;CF;formulas_por_posicion.json
40003;S. Kulenović;CF;;70,64199705607949;71;;;CF;CF;formulas_por_posicion.json
102968;S. Kılıçsoy;CF;;76,23916724246584;76;;;CF;CF;formulas_por_posicion.json
59487;S. Liseth;CF;;67,463003028974;67;;;CF;CF;formulas_por_posicion.json
56054;S. Lomónaco;CF;;66,11464788992413;66;;;CF;CF;formulas_por_posicion.json
114229;S. Mara;CF;;69,65088370617987;70;;;CF;CF;formulas_por_posicion.json
60072;S. Rodríguez;CF;;68,06575808725925;68;;;CF;CF;formulas_por_posicion.json
118577;S. Rodríguez;CF;;68,2452048663253;68;;;CF;CF;formulas_por_posicion.json
378296;S. Rodríguez;CF;;68,93672793289535;69;;;CF;CF;formulas_por_posicion.json
39719;S. Rondón;CF;;74,28981024042604;74;;;CF;CF;formulas_por_posicion.json
59779;S. Soumano;CF;;71,43442903394912;71;;;CF;CF;formulas_por_posicion.json
40433;S. Tzimas;CF;;72,73686883583245;73;;;CF;CF;formulas_por_posicion.json
114422;Sergio Camello;CF;;72,53285305458346;73;;;CF;CF;formulas_por_posicion.json
113066;T. Abraham;CF;;76,63600413480798;77;;;CF;CF;formulas_por_posicion.json
45079;T. Arokodare;CF;;73,93733269018237;74;;;CF;CF;formulas_por_posicion.json
114000;T. Awoniyi;CF;;74,98766384785952;75;;;CF;CF;formulas_por_posicion.json
37715;T. Barry;CF;;76,59112653168897;77;;;CF;CF;formulas_por_posicion.json
100516;T. Borbas;CF;;70,68024093112774;71;;;CF;CF;formulas_por_posicion.json
56260;T. Caballero;CF;;65,98237782995295;66;;;CF;CF;formulas_por_posicion.json
114472;T. Cervera;CF;;68,07457060143382;68;;;CF;CF;formulas_por_posicion.json
104451;T. Dallinga;CF;;74,49222029312355;74;;;CF;CF;formulas_por_posicion.json
118370;T. Gigena;CF;;59,09495151278022;59;;;CF;CF;formulas_por_posicion.json
111324;T. Molina;CF;;73,6266954924753;74;;;CF;CF;formulas_por_posicion.json
105583;T. Nasif;CF;;69,44016000796783;69;;;CF;CF;formulas_por_posicion.json
114463;T. Oluwaseyi;CF;;70,76412591217364;71;;;CF;CF;formulas_por_posicion.json
117469;T. Perrotta;CF;;65,73404828663074;66;;;CF;CF;formulas_por_posicion.json
108663;T. Perugini;CF;;63,09611712460305;63;;;CF;CF;formulas_por_posicion.json
107271;Tiquinho Soares;CF;;72,08813518565272;72;;;CF;CF;formulas_por_posicion.json
113604;Toni Martínez;CF;;76,65625700452969;77;;;CF;CF;formulas_por_posicion.json
42117;U. Delgado;CF;;65,01442469894667;65;;;CF;CF;formulas_por_posicion.json
112888;U. Fernández;CF;;71,66545727563563;72;;;CF;CF;formulas_por_posicion.json
46873;U. Saqid;CF;;75,31763811954636;75;;;CF;CF;formulas_por_posicion.json
107592;V. Bayo;CF;;69,32039950717072;69;;;CF;CF;formulas_por_posicion.json
115176;V. Castellanos;CF;;77,04300100601462;77;;;CF;CF;formulas_por_posicion.json
115183;V. Dávila;CF;;66,10131707524008;66;;;CF;CF;formulas_por_posicion.json
103643;V. Gandín;CF;;59,64007000300846;60;;;CF;CF;formulas_por_posicion.json
104794;V. Gyökeres;CF;;84,75901147549561;85;;;CF;CF;formulas_por_posicion.json
63442;V. Muriqi;CF;;79,4853445084821;79;;;CF;CF;formulas_por_posicion.json
113041;V. Ramis;CF;;63,78208408333541;64;;;CF;CF;formulas_por_posicion.json
116676;V. Vanat;CF;;77,20730559827352;77;;;CF;CF;formulas_por_posicion.json
100095;Vitinha;CF;;75,83336387364729;76;;;CF;CF;formulas_por_posicion.json
117507;Vitor Roque;CF;;79,73030703066811;80;;;CF;CF;formulas_por_posicion.json
104124;W. Bou;CF;;71,20279932143633;71;;;CF;CF;formulas_por_posicion.json
114621;W. Cheddira;CF;;72,5666983973258;73;;;CF;CF;formulas_por_posicion.json
57332;W. Geubbels;CF;;67,55667977159708;68;;;CF;CF;formulas_por_posicion.json
112593;W. Isidor;CF;;73,99509337070545;74;;;CF;CF;formulas_por_posicion.json
109585;W. Osula;CF;;72,34781565210194;72;;;CF;CF;formulas_por_posicion.json
9332;W. Rivera;CF;;63,46639560813599;63;;;CF;CF;formulas_por_posicion.json
60461;W. Saïd;CF;;69,97160380560713;70;;;CF;CF;formulas_por_posicion.json
105144;W. Ábila;CF;;71,35723504979615;71;;;CF;CF;formulas_por_posicion.json
115873;Wallace Yan;CF;;62,8058070947931;63;;;CF;CF;formulas_por_posicion.json
45962;Willian José;CF;;76,97423047145836;77;;;CF;CF;formulas_por_posicion.json
59749;Y. Bolasie;CF;;68,68969470840345;69;;;CF;CF;formulas_por_posicion.json
54167;Y. Cuevas;CF;;65,02080409293201;65;;;CF;CF;formulas_por_posicion.json
1073783713;Y. El-Arabi;CF;;72,77771067855518;73;;;CF;CF;formulas_por_posicion.json
54387;Y. Garcés;CF;;63,47217898230973;63;;;CF;CF;formulas_por_posicion.json
38743;Y. Valois;CF;;65,91932599433869;66;;;CF;CF;formulas_por_posicion.json
56113;Y. Vásquez;CF;;65,44487966681417;65;;;CF;CF;formulas_por_posicion.json
113502;Y. Wissa;CF;;78,00766665179447;78;;;CF;CF;formulas_por_posicion.json
116690;Y. Zabiri;CF;;58,350851421498085;58;;;CF;CF;formulas_por_posicion.json
116485;Yuri Alberto;CF;;75,18421200681465;75;;;CF;CF;formulas_por_posicion.json
370144;Z. Amdouni;CF;;72,32597735439782;72;;;CF;CF;formulas_por_posicion.json
113714;Z. Roberto;CF;;69,43227372387857;69;;;CF;CF;formulas_por_posicion.json
118253;Zito Luvumbo;CF;;69,2242151831311;69;;;CF;CF;formulas_por_posicion.json
61000;Á. Arce;CF;;73,22349458126597;73;;;CF;CF;formulas_por_posicion.json
117670;Á. Rodríguez;CF;;72,56236635244673;73;;;CF;CF;formulas_por_posicion.json
117531;Á. Valera;CF;;75,61791964870724;76;;;CF;CF;formulas_por_posicion.json
120360;Álex Forés;CF;;69,4680370477373;69;;;CF;CF;formulas_por_posicion.json
43094;Álvaro Morata;CF;;78,10459060538203;78;;;CF;CF;formulas_por_posicion.json
380132;Í. Ávila;CF;;69,92249497733631;70;;;CF;CF;formulas_por_posicion.json
36862;Ó. Cardozo;CF;;70,83975170501685;71;;;CF;CF;formulas_por_posicion.json
55664;A. Al-Jaber;CMF;;63,67089198158647;64;;;CMF;CMF;formulas_por_posicion.json
121311;A. Almendra;CMF;;75,60017056783953;76;;;CMF;CMF;formulas_por_posicion.json
47080;A. Ararat;CMF;;58,80198065095043;59;;;CMF;CMF;formulas_por_posicion.json
113091;A. Avom;CMF;;73,47500506628155;73;;;CMF;CMF;formulas_por_posicion.json
308107;A. Ayhuana;CMF;;62,06142919746641;62;;;CMF;CMF;formulas_por_posicion.json
54835;A. Bahachille;CMF;;64,51639582015221;65;;;CMF;CMF;formulas_por_posicion.json
113842;A. Bernede;CMF;;74,36106077540133;74;;;CMF;CMF;formulas_por_posicion.json
57634;A. Bouaddi;CMF;;77,69877570074989;78;;;CMF;CMF;formulas_por_posicion.json
104278;A. Bulatović;CMF;;65,95736766753109;66;;;CMF;CMF;formulas_por_posicion.json
118566;A. Camara;CMF;;67,48083448318624;67;;;CMF;CMF;formulas_por_posicion.json
109941;A. Deiola;CMF;;70,23663366877844;70;;;CMF;CMF;formulas_por_posicion.json
109238;A. Diouf;CMF;;73,22677313918174;73;;;CMF;CMF;formulas_por_posicion.json
118570;A. Francis;CMF;;65,99896434538766;66;;;CMF;CMF;formulas_por_posicion.json
58268;A. Franco;CMF;;66,72461135570263;67;;;CMF;CMF;formulas_por_posicion.json
118683;A. Franco;CMF;;73,54830188294139;74;;;CMF;CMF;formulas_por_posicion.json
47433;A. Gomes;CMF;;74,7451672548932;75;;;CMF;CMF;formulas_por_posicion.json
117563;A. Gomes;CMF;;76,35207529210957;76;;;CMF;CMF;formulas_por_posicion.json
40677;A. Grassi;CMF;;69,80539984508447;70;;;CMF;CMF;formulas_por_posicion.json
114860;A. Grønbæk;CMF;;70,56418683185193;71;;;CMF;CMF;formulas_por_posicion.json
117796;A. Haidara;CMF;;72,77921885744614;73;;;CMF;CMF;formulas_por_posicion.json
119875;A. Harroui;CMF;;70,22090724233544;70;;;CMF;CMF;formulas_por_posicion.json
40456;A. Herrera;CMF;;74,81929485774833;75;;;CMF;CMF;formulas_por_posicion.json
101110;A. Irving;CMF;;72,8266952917844;73;;;CMF;CMF;formulas_por_posicion.json
59714;A. Mac Allister;CMF;;82,61962768011466;83;;;CMF;CMF;formulas_por_posicion.json
122341;A. Molinas;CMF;;65,40522459826119;65;;;CMF;CMF;formulas_por_posicion.json
118711;A. Montero;CMF;;66,81497451757788;67;;;CMF;CMF;formulas_por_posicion.json
114930;A. Osambela;CMF;;65,9812836575564;66;;;CMF;CMF;formulas_por_posicion.json
103197;A. Ounahi;CMF;;79,48849279413338;79;;;CMF;CMF;formulas_por_posicion.json
47051;A. Rabiot;CMF;;81,96388015442948;82;;;CMF;CMF;formulas_por_posicion.json
100334;A. Richardson;CMF;;68,22229123795564;68;;;CMF;CMF;formulas_por_posicion.json
115914;A. Rodríguez;CMF;;72,87238165907041;73;;;CMF;CMF;formulas_por_posicion.json
107563;A. Scott;CMF;;80,33145645375018;80;;;CMF;CMF;formulas_por_posicion.json
57917;A. Serna;CMF;;67,76842743106887;68;;;CMF;CMF;formulas_por_posicion.json
54441;A. Silva;CMF;;66,64509414202107;67;;;CMF;CMF;formulas_por_posicion.json
105175;A. Soñora;CMF;;71,1756145006639;71;;;CMF;CMF;formulas_por_posicion.json
118284;A. Sánchez;CMF;;71,48607101247161;71;;;CMF;CMF;formulas_por_posicion.json
141;A. Thomasson;CMF;;71,9798276380156;72;;;CMF;CMF;formulas_por_posicion.json
47046;A. Thomasson;CMF;;71,9798276380156;72;;;CMF;CMF;formulas_por_posicion.json
54810;A. Tobar;CMF;;72,306621455422;72;;;CMF;CMF;formulas_por_posicion.json
121960;A. Tóth;CMF;;70,94231551721083;71;;;CMF;CMF;formulas_por_posicion.json
1073857563;A. Valverde;CMF;;64,76049304837576;65;;;CMF;CMF;formulas_por_posicion.json
116679;A. Vermeeren;CMF;;76,57432204412737;77;;;CMF;CMF;formulas_por_posicion.json
36714;A. Vidal;CMF;;67,22987333207155;67;;;CMF;CMF;formulas_por_posicion.json
119152;A. Vossah;CMF;;65,68101540492975;66;;;CMF;CMF;formulas_por_posicion.json
118135;A. Vranckx;CMF;;71,78934622494592;72;;;CMF;CMF;formulas_por_posicion.json
370966;A. Zárate;CMF;;64,6188304350875;65;;;CMF;CMF;formulas_por_posicion.json
112889;Adrián Bernabé;CMF;;73,79745045680296;74;;;CMF;CMF;formulas_por_posicion.json
47183;Alberto Reina;CMF;;72,57159320625902;73;;;CMF;CMF;formulas_por_posicion.json
112528;Aleix Febas;CMF;;78,5137123933469;79;;;CMF;CMF;formulas_por_posicion.json
109101;Aleix García;CMF;;84,14807620388339;84;;;CMF;CMF;formulas_por_posicion.json
45633;Alex Santana;CMF;;67,05134656036547;67;;;CMF;CMF;formulas_por_posicion.json
118371;Ander Guevara;CMF;;73,49632735994837;73;;;CMF;CMF;formulas_por_posicion.json
108826;Andrey Santos;CMF;;77,75638441313907;78;;;CMF;CMF;formulas_por_posicion.json
110724;André Luiz;CMF;;70,25565237974399;70;;;CMF;CMF;formulas_por_posicion.json
368758;Arthur;CMF;;76,01223979698062;76;;;CMF;CMF;formulas_por_posicion.json
44527;B. André;CMF;;77,99247933316143;78;;;CMF;CMF;formulas_por_posicion.json
115284;B. Barcia;CMF;;67,24494937391692;67;;;CMF;CMF;formulas_por_posicion.json
60998;B. Cremaschi;CMF;;69,6735606721472;70;;;CMF;CMF;formulas_por_posicion.json
39301;B. Fadiga;CMF;;66,14037293468765;66;;;CMF;CMF;formulas_por_posicion.json
55056;B. González;CMF;;64,26187269575591;64;;;CMF;CMF;formulas_por_posicion.json
114071;B. Munongo;CMF;;63,55536289639518;64;;;CMF;CMF;formulas_por_posicion.json
113425;B. Nadir;CMF;;73,39931916463928;73;;;CMF;CMF;formulas_por_posicion.json
45780;B. Ndiaye;CMF;;63,32449339000195;63;;;CMF;CMF;formulas_por_posicion.json
117496;B. Perlaza;CMF;;68,67589604338217;69;;;CMF;CMF;formulas_por_posicion.json
100935;B. Santamaria;CMF;;74,85349725251243;75;;;CMF;CMF;formulas_por_posicion.json
58413;B. Schamine;CMF;;62,938238249139836;63;;;CMF;CMF;formulas_por_posicion.json
116418;B. Traoré;CMF;;71,20637603932425;71;;;CMF;CMF;formulas_por_posicion.json
118348;B. Zapelli;CMF;;71,61882847613018;72;;;CMF;CMF;formulas_por_posicion.json
116755;Bahia;CMF;;62,86459630946138;63;;;CMF;CMF;formulas_por_posicion.json
116471;Brais Méndez;CMF;;78,25302343402234;78;;;CMF;CMF;formulas_por_posicion.json
116448;Breno Bidon;CMF;;77,70236606483617;78;;;CMF;CMF;formulas_por_posicion.json
114274;Bruno Matias;CMF;;65,1569635738647;65;;;CMF;CMF;formulas_por_posicion.json
110474;C. Alcaraz;CMF;;72,98189434827549;73;;;CMF;CMF;formulas_por_posicion.json
41451;C. Aránguiz;CMF;;73,64329711757387;74;;;CMF;CMF;formulas_por_posicion.json
122715;C. Bobadilla;CMF;;59,84248356140036;60;;;CMF;CMF;formulas_por_posicion.json
105233;C. Cabellos;CMF;;64,5320531609919;65;;;CMF;CMF;formulas_por_posicion.json
56051;C. Calzadilla;CMF;;66,72172318720958;67;;;CMF;CMF;formulas_por_posicion.json
114089;C. Casadei;CMF;;73,22120440504088;73;;;CMF;CMF;formulas_por_posicion.json
122323;C. Cermeño;CMF;;66,77703497617665;67;;;CMF;CMF;formulas_por_posicion.json
113982;C. Chukwuemeka;CMF;;78,14933227895156;78;;;CMF;CMF;formulas_por_posicion.json
33604;C. Cásseres;CMF;;69,08450221586325;69;;;CMF;CMF;formulas_por_posicion.json
121981;C. Da Silva;CMF;;62,85780509747535;63;;;CMF;CMF;formulas_por_posicion.json
55783;C. Esparragoza;CMF;;69,03729274531533;69;;;CMF;CMF;formulas_por_posicion.json
33878;C. Faya;CMF;;65,50544281120195;66;;;CMF;CMF;formulas_por_posicion.json
39238;C. Gallagher;CMF;;79,29195561089179;79;;;CMF;CMF;formulas_por_posicion.json
113661;C. Jones;CMF;;79,83265225818701;80;;;CMF;CMF;formulas_por_posicion.json
55421;C. Martínez;CMF;;61,995010527151834;62;;;CMF;CMF;formulas_por_posicion.json
118939;C. Medina;CMF;;75,6034739232934;76;;;CMF;CMF;formulas_por_posicion.json
309065;C. Melgar;CMF;;69,61900722415551;70;;;CMF;CMF;formulas_por_posicion.json
117521;C. Ndour;CMF;;71,46392934858576;71;;;CMF;CMF;formulas_por_posicion.json
123075;C. Paredes;CMF;;68,39379125198059;68;;;CMF;CMF;formulas_por_posicion.json
104396;C. Pickel;CMF;;69,1959968920455;69;;;CMF;CMF;formulas_por_posicion.json
116455;C. Saco;CMF;;66,11596465749471;66;;;CMF;CMF;formulas_por_posicion.json
58092;C. Sejas;CMF;;64,53134793316937;65;;;CMF;CMF;formulas_por_posicion.json
58355;C. Suárez;CMF;;64,29931710817021;64;;;CMF;CMF;formulas_por_posicion.json
60906;C. Tolisso;CMF;;78,25578025445125;78;;;CMF;CMF;formulas_por_posicion.json
60898;C. Vega;CMF;;65,67854124059203;66;;;CMF;CMF;formulas_por_posicion.json
58128;C. Villalba;CMF;;67,47152489503652;67;;;CMF;CMF;formulas_por_posicion.json
58353;C. Yucra;CMF;;57,79641754658496;58;;;CMF;CMF;formulas_por_posicion.json
108073;Calebe;CMF;;71,57727067184936;72;;;CMF;CMF;formulas_por_posicion.json
118306;Carlos Macià;CMF;;63,89653457642677;64;;;CMF;CMF;formulas_por_posicion.json
112015;Carlos Soler;CMF;;75,92515635046911;76;;;CMF;CMF;formulas_por_posicion.json
55760;Catorce;CMF;;69,71276508343844;70;;;CMF;CMF;formulas_por_posicion.json
119866;Cauan Barros;CMF;;69,61059393755971;70;;;CMF;CMF;formulas_por_posicion.json
263744;Comisario;CMF;;74,67669870868004;75;;;CMF;CMF;formulas_por_posicion.json
264299;Cordobés;CMF;;87,83813703173533;88;;;CMF;CMF;formulas_por_posicion.json
117802;D. Bobadilla;CMF;;71,75737601575804;72;;;CMF;CMF;formulas_por_posicion.json
118143;D. Castillo;CMF;;69,6909824838313;70;;;CMF;CMF;formulas_por_posicion.json
55738;D. Chávez;CMF;;65,28320393159431;65;;;CMF;CMF;formulas_por_posicion.json
118186;D. Cissé;CMF;;67,40756001116358;67;;;CMF;CMF;formulas_por_posicion.json
114708;D. Coulibaly;CMF;;62,389750856615315;62;;;CMF;CMF;formulas_por_posicion.json
56065;D. Díaz;CMF;;64,8218138216039;65;;;CMF;CMF;formulas_por_posicion.json
114835;D. Fratessi;CMF;;78,16203264339615;78;;;CMF;CMF;formulas_por_posicion.json
110582;D. Glaby;CMF;;69,55924457521347;70;;;CMF;CMF;formulas_por_posicion.json
57944;D. González;CMF;;64,86950889411902;65;;;CMF;CMF;formulas_por_posicion.json
55661;D. Gómez;CMF;;75,59522338394207;76;;;CMF;CMF;formulas_por_posicion.json
116607;D. Karim;CMF;;70,24146612511043;70;;;CMF;CMF;formulas_por_posicion.json
58354;D. Mercado;CMF;;59,76312182332146;60;;;CMF;CMF;formulas_por_posicion.json
57212;D. Pereira;CMF;;69,46242367810683;69;;;CMF;CMF;formulas_por_posicion.json
108959;D. Rice;CMF;;85,59979649693823;86;;;CMF;CMF;formulas_por_posicion.json
101985;D. Rodríguez;CMF;;72,6129915181278;73;;;CMF;CMF;formulas_por_posicion.json
100586;D. Sotelo;CMF;;63,034358929778335;63;;;CMF;CMF;formulas_por_posicion.json
56067;D. Soto;CMF;;64,98180517509651;65;;;CMF;CMF;formulas_por_posicion.json
110812;D. Sow;CMF;;76,51756832095779;77;;;CMF;CMF;formulas_por_posicion.json
39178;D. Tabibou;CMF;;68,24683177878602;68;;;CMF;CMF;formulas_por_posicion.json
56150;D. Tonetto;CMF;;66,98576874538499;67;;;CMF;CMF;formulas_por_posicion.json
107941;D. Van De Beek;CMF;;73,03329419472973;73;;;CMF;CMF;formulas_por_posicion.json
55974;D. Victoria;CMF;;66,02280888636103;66;;;CMF;CMF;formulas_por_posicion.json
104710;Dani Ceballos;CMF;;80,29771299137359;80;;;CMF;CMF;formulas_por_posicion.json
43988;Danielzinho;CMF;;74,78496097839552;75;;;CMF;CMF;formulas_por_posicion.json
114267;Denilson;CMF;;70,3712855552275;70;;;CMF;CMF;formulas_por_posicion.json
108312;Dewsbury-Hall;CMF;;79,36719388032868;79;;;CMF;CMF;formulas_por_posicion.json
113490;Djhordney;CMF;;63,75032325863263;64;;;CMF;CMF;formulas_por_posicion.json
116211;Douglas Luiz;CMF;;76,86244172249073;77;;;CMF;CMF;formulas_por_posicion.json
111256;E. Akinsanmiro;CMF;;68,98884335638579;69;;;CMF;CMF;formulas_por_posicion.json
102055;E. Camavinga;CMF;;81,53163254169618;82;;;CMF;CMF;formulas_por_posicion.json
119146;E. Cañete;CMF;;67,5784935309947;68;;;CMF;CMF;formulas_por_posicion.json
58285;E. Darias;CMF;;71,32585105730791;71;;;CMF;CMF;formulas_por_posicion.json
105469;E. Fernández;CMF;;84,58737374923264;85;;;CMF;CMF;formulas_por_posicion.json
43230;E. Giménez;CMF;;67,65620269843772;68;;;CMF;CMF;formulas_por_posicion.json
58156;E. Godoy;CMF;;66,09470654328916;66;;;CMF;CMF;formulas_por_posicion.json
105119;E. Ham;CMF;;66,7109931077109;67;;;CMF;CMF;formulas_por_posicion.json
118357;E. Iannoni;CMF;;67,54471985104853;68;;;CMF;CMF;formulas_por_posicion.json
115864;E. Le Fée;CMF;;78,1934238123831;78;;;CMF;CMF;formulas_por_posicion.json
106513;E. Martínez;CMF;;70,33293585525956;70;;;CMF;CMF;formulas_por_posicion.json
115044;E. Palacios;CMF;;81,86262273185825;82;;;CMF;CMF;formulas_por_posicion.json
120335;E. Roldán;CMF;;67,35563299230726;67;;;CMF;CMF;formulas_por_posicion.json
58399;E. Sánchez;CMF;;65,81039022826819;66;;;CMF;CMF;formulas_por_posicion.json
102851;E. İlkhan;CMF;;68,41565160538968;68;;;CMF;CMF;formulas_por_posicion.json
111263;Eric Ramires;CMF;;72,7358317828302;73;;;CMF;CMF;formulas_por_posicion.json
112900;Erick;CMF;;71,4749960424952;71;;;CMF;CMF;formulas_por_posicion.json
31308;F. Baldassarra;CMF;;66,57147742310534;67;;;CMF;CMF;formulas_por_posicion.json
55696;F. Castro;CMF;;67,85965682277914;68;;;CMF;CMF;formulas_por_posicion.json
55864;F. Catarozzi;CMF;;64,70932700999765;65;;;CMF;CMF;formulas_por_posicion.json
59229;F. Cornejo;CMF;;71,3454754366108;71;;;CMF;CMF;formulas_por_posicion.json
57658;F. Cáceres;CMF;;69,71895192760093;70;;;CMF;CMF;formulas_por_posicion.json
108662;F. De Jong;CMF;;87,91618539073605;88;;;CMF;CMF;formulas_por_posicion.json
115243;F. Dele-Bashiru;CMF;;73,16698754230725;73;;;CMF;CMF;formulas_por_posicion.json
42181;F. Gaibor;CMF;;69,0888831398392;69;;;CMF;CMF;formulas_por_posicion.json
58021;F. Gino;CMF;;67,39953601316796;67;;;CMF;CMF;formulas_por_posicion.json
114360;F. Loyola;CMF;;73,14393280883267;73;;;CMF;CMF;formulas_por_posicion.json
55803;F. López;CMF;;63,162532812818306;63;;;CMF;CMF;formulas_por_posicion.json
43814;F. Mancuello;CMF;;69,21829360200994;69;;;CMF;CMF;formulas_por_posicion.json
103028;F. Marchwiński;CMF;;67,53822532383965;68;;;CMF;CMF;formulas_por_posicion.json
56175;F. Miretti;CMF;;76,00763255387895;76;;;CMF;CMF;formulas_por_posicion.json
376507;F. Moya;CMF;;62,740016999779385;63;;;CMF;CMF;formulas_por_posicion.json
40211;F. Onyeka;CMF;;72,74759618091953;73;;;CMF;CMF;formulas_por_posicion.json
121255;F. Paradela;CMF;;67,13911017788867;67;;;CMF;CMF;formulas_por_posicion.json
60650;F. Perruzzi;CMF;;66,62739216182966;67;;;CMF;CMF;formulas_por_posicion.json
55710;F. Saucedo;CMF;;67,8462474682853;68;;;CMF;CMF;formulas_por_posicion.json
35138;F. Ugrinić;CMF;;72,00328318971329;72;;;CMF;CMF;formulas_por_posicion.json
113911;F. Valverde;CMF;;88,77567122449572;89;;;CMF;CMF;formulas_por_posicion.json
60134;F. Zuqui;CMF;;73,41154608554568;73;;;CMF;CMF;formulas_por_posicion.json
53520;F. Ángel;CMF;;66,90756309387184;67;;;CMF;CMF;formulas_por_posicion.json
108239;Fabián Ruiz;CMF;;84,94256375614772;85;;;CMF;CMF;formulas_por_posicion.json
110154;Felipinho;CMF;;65,10762313590581;65;;;CMF;CMF;formulas_por_posicion.json
113312;Fernando Sobral;CMF;;64,28493985785622;64;;;CMF;CMF;formulas_por_posicion.json
115237;Fidalgo;CMF;;77,73298584056265;78;;;CMF;CMF;formulas_por_posicion.json
118053;Figueiredo;CMF;;61,61188219467552;62;;;CMF;CMF;formulas_por_posicion.json
101188;G. Abrego;CMF;;68,92043758003811;69;;;CMF;CMF;formulas_por_posicion.json
113939;G. Bontempo;CMF;;68,55665960975341;69;;;CMF;CMF;formulas_por_posicion.json
54841;G. Charrupí;CMF;;68,13644667222285;68;;;CMF;CMF;formulas_por_posicion.json
47911;G. Costantini;CMF;;65,96180902391337;66;;;CMF;CMF;formulas_por_posicion.json
103477;G. Fabbian;CMF;;72,93118015306172;73;;;CMF;CMF;formulas_por_posicion.json
107851;G. Galoppo;CMF;;69,13205604111661;69;;;CMF;CMF;formulas_por_posicion.json
116401;G. Gineitis;CMF;;69,7086401133713;70;;;CMF;CMF;formulas_por_posicion.json
109816;G. Heredia;CMF;;64,9686456304787;65;;;CMF;CMF;formulas_por_posicion.json
60038;G. Iñíguez;CMF;;64,89179127573256;65;;;CMF;CMF;formulas_por_posicion.json
113931;G. Kastanos;CMF;;68,61681006095144;69;;;CMF;CMF;formulas_por_posicion.json
121216;G. Lodico;CMF;;74,82516616369253;75;;;CMF;CMF;formulas_por_posicion.json
56060;G. Lozano;CMF;;60,684172747670814;61;;;CMF;CMF;formulas_por_posicion.json
55986;G. Nápoli;CMF;;72,64973414210692;73;;;CMF;CMF;formulas_por_posicion.json
100259;G. Piccinini;CMF;;67,95395100204429;68;;;CMF;CMF;formulas_por_posicion.json
102022;G. Vega;CMF;;68,74463707635242;69;;;CMF;CMF;formulas_por_posicion.json
57897;G. Villamíl;CMF;;70,55305330002153;71;;;CMF;CMF;formulas_por_posicion.json
42424;G. Xhaka;CMF;;82,32514312542746;82;;;CMF;CMF;formulas_por_posicion.json
111242;G. Zohouri;CMF;;64,34113393374409;64;;;CMF;CMF;formulas_por_posicion.json
117546;Gabriel Menino;CMF;;68,93523736511361;69;;;CMF;CMF;formulas_por_posicion.json
108876;Gavi;CMF;;83,9823790977492;84;;;CMF;CMF;formulas_por_posicion.json
104527;Gerson;CMF;;79,88722488221944;80;;;CMF;CMF;formulas_por_posicion.json
116743;Gonzalo Villar;CMF;;72,66019477310084;73;;;CMF;CMF;formulas_por_posicion.json
102416;Gumbau;CMF;;70,34095609724628;70;;;CMF;CMF;formulas_por_posicion.json
58858;Gustavo Neves;CMF;;66,34463874600954;66;;;CMF;CMF;formulas_por_posicion.json
113552;H. Armstrong;CMF;;71,28147322410665;71;;;CMF;CMF;formulas_por_posicion.json
104093;H. Belkebla;CMF;;75,14834513752243;75;;;CMF;CMF;formulas_por_posicion.json
104653;H. Boudaoui;CMF;;74,01088436232286;74;;;CMF;CMF;formulas_por_posicion.json
375618;H. Calcaterra;CMF;;69,8415381966987;70;;;CMF;CMF;formulas_por_posicion.json
45081;H. Diarra;CMF;;76,05542083082493;76;;;CMF;CMF;formulas_por_posicion.json
114724;H. Magnetti;CMF;;71,05551448851782;71;;;CMF;CMF;formulas_por_posicion.json
107978;H. Makalou;CMF;;61,50774175756176;62;;;CMF;CMF;formulas_por_posicion.json
58330;H. Martínez;CMF;;68,76431063101454;69;;;CMF;CMF;formulas_por_posicion.json
39936;H. Mkhitaryan;CMF;;81,28032211703844;81;;;CMF;CMF;formulas_por_posicion.json
114866;H. N. Caviglia;CMF;;73,10613348050725;73;;;CMF;CMF;formulas_por_posicion.json
370641;H. Quintana;CMF;;67,47248510789859;67;;;CMF;CMF;formulas_por_posicion.json
58321;H. Rivera;CMF;;68,88072051938217;69;;;CMF;CMF;formulas_por_posicion.json
58402;H. Rodríguez;CMF;;66,68136013848796;67;;;CMF;CMF;formulas_por_posicion.json
101097;H. Çalhanoğlu;CMF;;83,31918890662922;83;;;CMF;CMF;formulas_por_posicion.json
104502;Hernani;CMF;;67,78287778481788;68;;;CMF;CMF;formulas_por_posicion.json
115542;Hugo Sotelo;CMF;;72,66995608216587;73;;;CMF;CMF;formulas_por_posicion.json
111438;Hyan;CMF;;63,6838005495774;64;;;CMF;CMF;formulas_por_posicion.json
100495;Hércules;CMF;;73,24298756238314;73;;;CMF;CMF;formulas_por_posicion.json
124281;I. Colman;CMF;;70,7762751943407;71;;;CMF;CMF;formulas_por_posicion.json
111049;I. Guaraz;CMF;;65,81943762274761;66;;;CMF;CMF;formulas_por_posicion.json
113840;I. Gómez;CMF;;69,8358903678379;70;;;CMF;CMF;formulas_por_posicion.json
30012;I. Ilić;CMF;;73,31044838776307;73;;;CMF;CMF;formulas_por_posicion.json
117788;I. Koné;CMF;;75,97465704875451;76;;;CMF;CMF;formulas_por_posicion.json
113889;I. Moriba;CMF;;77,4625149049571;77;;;CMF;CMF;formulas_por_posicion.json
117784;I. Méndez;CMF;;70,46019348384854;70;;;CMF;CMF;formulas_por_posicion.json
56118;I. Poblete;CMF;;71,45193985038067;71;;;CMF;CMF;formulas_por_posicion.json
118327;I. Rodríguez;CMF;;68,28454717774528;68;;;CMF;CMF;formulas_por_posicion.json
377191;I. Sosa;CMF;;72,97830331286414;73;;;CMF;CMF;formulas_por_posicion.json
117697;Igor Gomes;CMF;;71,579121809743;72;;;CMF;CMF;formulas_por_posicion.json
45182;J. Akpa-Akpro;CMF;;70,9764589022127;71;;;CMF;CMF;formulas_por_posicion.json
123751;J. Alfaro;CMF;;65,9462616311167;66;;;CMF;CMF;formulas_por_posicion.json
105326;J. Amoroso;CMF;;70,37652183429466;70;;;CMF;CMF;formulas_por_posicion.json
114040;J. Andrada;CMF;;67,1401665909175;67;;;CMF;CMF;formulas_por_posicion.json
113907;J. Bellegarde;CMF;;73,44926160228218;73;;;CMF;CMF;formulas_por_posicion.json
115113;J. Bellingham;CMF;;75,1342615197728;75;;;CMF;CMF;formulas_por_posicion.json
320929;J. Cavadia;CMF;;64,24095831643672;64;;;CMF;CMF;formulas_por_posicion.json
56253;J. Concha;CMF;;72,71600125573386;73;;;CMF;CMF;formulas_por_posicion.json
114568;J. Dasilva;CMF;;72,15763763836452;72;;;CMF;CMF;formulas_por_posicion.json
118641;J. Deminguet;CMF;;72,0429869517412;72;;;CMF;CMF;formulas_por_posicion.json
115242;J. Devenny;CMF;;70,00894494630957;70;;;CMF;CMF;formulas_por_posicion.json
58271;J. Dominguez;CMF;;68,15797438940847;68;;;CMF;CMF;formulas_por_posicion.json
108758;J. Elías;CMF;;72,89272726987014;73;;;CMF;CMF;formulas_por_posicion.json
114425;J. Fazzini;CMF;;71,53104956098778;72;;;CMF;CMF;formulas_por_posicion.json
44797;J. Florentín;CMF;;69,13298379346554;69;;;CMF;CMF;formulas_por_posicion.json
55531;J. Guzmán;CMF;;61,359974797198916;61;;;CMF;CMF;formulas_por_posicion.json
118430;J. Gómez;CMF;;70,44069682980334;70;;;CMF;CMF;formulas_por_posicion.json
106885;J. Gómez Mattar;CMF;;65,01428417387321;65;;;CMF;CMF;formulas_por_posicion.json
58401;J. Herrera;CMF;;66,51038823492843;67;;;CMF;CMF;formulas_por_posicion.json
58087;J. Intriago;CMF;;69,64632183463658;70;;;CMF;CMF;formulas_por_posicion.json
61176;J. Kubicki;CMF;;67,61737379575577;68;;;CMF;CMF;formulas_por_posicion.json
110687;J. Makengo;CMF;;71,28547599738575;71;;;CMF;CMF;formulas_por_posicion.json
104519;J. Martínez;CMF;;67,82578926411912;68;;;CMF;CMF;formulas_por_posicion.json
114177;J. Matete;CMF;;67,35829622664966;67;;;CMF;CMF;formulas_por_posicion.json
101838;J. McGinn;CMF;;80,86402902400393;81;;;CMF;CMF;formulas_por_posicion.json
55838;J. Medina;CMF;;65,03666079822061;65;;;CMF;CMF;formulas_por_posicion.json
4882;J. Milner;CMF;;73,29856800796121;73;;;CMF;CMF;formulas_por_posicion.json
53589;J. Méndez;CMF;;70,92487431299747;71;;;CMF;CMF;formulas_por_posicion.json
103419;J. Nardoni;CMF;;76,00615637690701;76;;;CMF;CMF;formulas_por_posicion.json
55712;J. Nieto;CMF;;70,58103237510456;71;;;CMF;CMF;formulas_por_posicion.json
108966;J. Onana;CMF;;69,91754478134287;70;;;CMF;CMF;formulas_por_posicion.json
369670;J. Pereira;CMF;;66,99986146928228;67;;;CMF;CMF;formulas_por_posicion.json
106653;J. Piotrowski;CMF;;70,02445876171024;70;;;CMF;CMF;formulas_por_posicion.json
56049;J. Requena;CMF;;68,29002298427557;68;;;CMF;CMF;formulas_por_posicion.json
55848;J. Rivas;CMF;;68,35176835463751;68;;;CMF;CMF;formulas_por_posicion.json
119124;J. Sanabria;CMF;;72,88817548181055;73;;;CMF;CMF;formulas_por_posicion.json
35880;J. Sosa;CMF;;71,40627401663387;71;;;CMF;CMF;formulas_por_posicion.json
56221;J. Torres;CMF;;68,46373583139285;68;;;CMF;CMF;formulas_por_posicion.json
100425;J. Vandeputte;CMF;;72,55881124646923;73;;;CMF;CMF;formulas_por_posicion.json
46536;J. Ward-Prowse;CMF;;71,99561401895508;72;;;CMF;CMF;formulas_por_posicion.json
117917;J. Willock;CMF;;75,68350819514144;76;;;CMF;CMF;formulas_por_posicion.json
379816;J. Yangali;CMF;;64,10052552156782;64;;;CMF;CMF;formulas_por_posicion.json
114816;J. Yriarte;CMF;;66,3109280309014;66;;;CMF;CMF;formulas_por_posicion.json
56043;J. Zapata;CMF;;69,47355595500503;69;;;CMF;CMF;formulas_por_posicion.json
118488;Jan Salas;CMF;;63,62244857307443;64;;;CMF;CMF;formulas_por_posicion.json
114562;Japa;CMF;;66,57328186828157;67;;;CMF;CMF;formulas_por_posicion.json
110725;Javi Guerra;CMF;;76,17190011440893;76;;;CMF;CMF;formulas_por_posicion.json
107911;Javi Muñoz;CMF;;73,10900271144283;73;;;CMF;CMF;formulas_por_posicion.json
115839;Jean Lucas;CMF;;72,82833551800283;73;;;CMF;CMF;formulas_por_posicion.json
103656;Joan Jordán;CMF;;73,13970651978475;73;;;CMF;CMF;formulas_por_posicion.json
122002;Joelinton;CMF;;79,32694514412164;79;;;CMF;CMF;formulas_por_posicion.json
114691;José Aldo;CMF;;71,9612761649838;72;;;CMF;CMF;formulas_por_posicion.json
63218;João Cruz;CMF;;67,67148216040019;68;;;CMF;CMF;formulas_por_posicion.json
38816;João Gomes;CMF;;75,70365358912228;76;;;CMF;CMF;formulas_por_posicion.json
109709;João Neto;CMF;;64,18103018888185;64;;;CMF;CMF;formulas_por_posicion.json
111071;João Neves;CMF;;88,20842651402349;88;;;CMF;CMF;formulas_por_posicion.json
322922;João Pedro;CMF;;64,1358189385814;64;;;CMF;CMF;formulas_por_posicion.json
111212;João Vitor;CMF;;65,54279953859248;66;;;CMF;CMF;formulas_por_posicion.json
46025;Jádson;CMF;;70,3923643866714;70;;;CMF;CMF;formulas_por_posicion.json
111435;K. Danois;CMF;;75,54044134153241;76;;;CMF;CMF;formulas_por_posicion.json
55947;K. González;CMF;;62,748091885684076;63;;;CMF;CMF;formulas_por_posicion.json
110819;K. Koné;CMF;;79,14304301085096;79;;;CMF;CMF;formulas_por_posicion.json
107553;K. Mainoo;CMF;;77,6670890240336;78;;;CMF;CMF;formulas_por_posicion.json
55416;K. Mendoza;CMF;;63,54513800216025;64;;;CMF;CMF;formulas_por_posicion.json
114614;K. Taylor;CMF;;75,64782608534267;76;;;CMF;CMF;formulas_por_posicion.json
121307;K. Thuram;CMF;;79,70133461383857;80;;;CMF;CMF;formulas_por_posicion.json
101600;L. Bergvall;CMF;;76,9924451795505;77;;;CMF;CMF;formulas_por_posicion.json
56022;L. Berrío;CMF;;69,16794222971318;69;;;CMF;CMF;formulas_por_posicion.json
104286;L. Boggio;CMF;;71,9941310219173;72;;;CMF;CMF;formulas_por_posicion.json
57937;L. Bucca;CMF;;66,08922082712627;66;;;CMF;CMF;formulas_por_posicion.json
57643;L. Camara;CMF;;76,97731394017949;77;;;CMF;CMF;formulas_por_posicion.json
109563;L. Coulibaly;CMF;;73,27934820161843;73;;;CMF;CMF;formulas_por_posicion.json
54168;L. Couture;CMF;;62,05179244511513;62;;;CMF;CMF;formulas_por_posicion.json
59802;L. Dendoncker;CMF;;72,8025519031567;73;;;CMF;CMF;formulas_por_posicion.json
102829;L. Escalante;CMF;;64,34541588954559;64;;;CMF;CMF;formulas_por_posicion.json
58765;L. Evangelista;CMF;;72,22218518715991;72;;;CMF;CMF;formulas_por_posicion.json
114796;L. Ferguson;CMF;;76,41681348334023;76;;;CMF;CMF;formulas_por_posicion.json
60337;L. Gil;CMF;;72,23490066515186;72;;;CMF;CMF;formulas_por_posicion.json
118188;L. González;CMF;;70,27926268612336;70;;;CMF;CMF;formulas_por_posicion.json
60380;L. Goretzka;CMF;;77,33854863363585;77;;;CMF;CMF;formulas_por_posicion.json
47929;L. Gómez;CMF;;64,07022743517005;64;;;CMF;CMF;formulas_por_posicion.json
56188;L. Landriel;CMF;;63,19796362458699;63;;;CMF;CMF;formulas_por_posicion.json
7802;L. Lima;CMF;;63,76712548926581;64;;;CMF;CMF;formulas_por_posicion.json
118146;L. Mamut;CMF;;65,51530205003094;66;;;CMF;CMF;formulas_por_posicion.json
102738;L. Mazzitelli;CMF;;71,27971250148492;71;;;CMF;CMF;formulas_por_posicion.json
60171;L. Menossi;CMF;;69,45133249685013;69;;;CMF;CMF;formulas_por_posicion.json
108095;L. Miley;CMF;;77,68305008884744;78;;;CMF;CMF;formulas_por_posicion.json
101309;L. Miller;CMF;;69,5334623271157;70;;;CMF;CMF;formulas_por_posicion.json
34098;L. Modrić;CMF;;84,925458100807;85;;;CMF;CMF;formulas_por_posicion.json
108144;L. Montenegro;CMF;;66,00466569353722;66;;;CMF;CMF;formulas_por_posicion.json
35200;L. Mouton;CMF;;71,72444734593333;72;;;CMF;CMF;formulas_por_posicion.json
376017;L. Pascual;CMF;;64,07328613691935;64;;;CMF;CMF;formulas_por_posicion.json
117389;L. Regiardo;CMF;;61,720968434594624;62;;;CMF;CMF;formulas_por_posicion.json
114331;L. Robertone;CMF;;73,47200053061671;73;;;CMF;CMF;formulas_por_posicion.json
118501;L. Ríos;CMF;;67,32007508593766;67;;;CMF;CMF;formulas_por_posicion.json
109517;L. Sučić;CMF;;74,60179131340736;75;;;CMF;CMF;formulas_por_posicion.json
56061;L. Wasilewsky;CMF;;66,57667110859839;67;;;CMF;CMF;formulas_por_posicion.json
303378;Larson;CMF;;63,180622896295375;63;;;CMF;CMF;formulas_por_posicion.json
114205;Lass Kourouma;CMF;;65,28163146382724;65;;;CMF;CMF;formulas_por_posicion.json
263643;Laura;CMF;;76,74134049756626;77;;;CMF;CMF;formulas_por_posicion.json
47409;Lordkipanidze;CMF;;60,59724719537509;61;;;CMF;CMF;formulas_por_posicion.json
102069;Lourenço;CMF;;69,32905801584819;69;;;CMF;CMF;formulas_por_posicion.json
113760;Luis Milla;CMF;;79,65164825853752;80;;;CMF;CMF;formulas_por_posicion.json
114647;Luis Pacheco;CMF;;61,240899013571166;61;;;CMF;CMF;formulas_por_posicion.json
114731;M. Adopo;CMF;;72,70284819556113;73;;;CMF;CMF;formulas_por_posicion.json
117420;M. Aebischer;CMF;;73,21817288041142;73;;;CMF;CMF;formulas_por_posicion.json
101485;M. Aleksic;CMF;;61,47453587579922;61;;;CMF;CMF;formulas_por_posicion.json
36336;M. Amarfil;CMF;;70,17819787291766;70;;;CMF;CMF;formulas_por_posicion.json
44694;M. Amougou;CMF;;71,0418727995235;71;;;CMF;CMF;formulas_por_posicion.json
37391;M. Araújo;CMF;;67,80193520135674;68;;;CMF;CMF;formulas_por_posicion.json
377152;M. Aucca;CMF;;63,64302918634518;64;;;CMF;CMF;formulas_por_posicion.json
105359;M. Barrios;CMF;;68,23661425181572;68;;;CMF;CMF;formulas_por_posicion.json
116051;M. Baturina;CMF;;79,68617685561954;80;;;CMF;CMF;formulas_por_posicion.json
113792;M. Berisha;CMF;;69,56220021610801;70;;;CMF;CMF;formulas_por_posicion.json
47675;M. Bianqui;CMF;;64,43472567151855;64;;;CMF;CMF;formulas_por_posicion.json
110549;M. Brescianini;CMF;;71,68694646415112;72;;;CMF;CMF;formulas_por_posicion.json
118213;M. Camara;CMF;;69,97990982288913;70;;;CMF;CMF;formulas_por_posicion.json
47194;M. Caqueret;CMF;;78,4572427700174;78;;;CMF;CMF;formulas_por_posicion.json
103286;M. Cardillo;CMF;;65,74395870694862;66;;;CMF;CMF;formulas_por_posicion.json
103393;M. Cissé;CMF;;62,918548632576616;63;;;CMF;CMF;formulas_por_posicion.json
102065;M. Collocolo;CMF;;71,32114792199961;71;;;CMF;CMF;formulas_por_posicion.json
45111;M. Coulibaly;CMF;;71,28928324139237;71;;;CMF;CMF;formulas_por_posicion.json
56063;M. Cova;CMF;;71,3387317863443;71;;;CMF;CMF;formulas_por_posicion.json
54394;M. Cáceres;CMF;;71,21266424892706;71;;;CMF;CMF;formulas_por_posicion.json
57911;M. Céliz;CMF;;69,06508463462045;69;;;CMF;CMF;formulas_por_posicion.json
60213;M. Duarte;CMF;;66,46424468247287;66;;;CMF;CMF;formulas_por_posicion.json
105082;M. Ellertsson;CMF;;70,77014206832222;71;;;CMF;CMF;formulas_por_posicion.json
115146;M. Folorunsho;CMF;;72,14076644698893;72;;;CMF;CMF;formulas_por_posicion.json
115084;M. Frendrup;CMF;;73,61669024941733;74;;;CMF;CMF;formulas_por_posicion.json
105130;M. Galarza;CMF;;71,77380884003419;72;;;CMF;CMF;formulas_por_posicion.json
55761;M. Galo;CMF;;70,40827757589967;70;;;CMF;CMF;formulas_por_posicion.json
44006;M. García;CMF;;64,37078638513279;64;;;CMF;CMF;formulas_por_posicion.json
56035;M. García;CMF;;70,47186998379159;70;;;CMF;CMF;formulas_por_posicion.json
114638;M. Guendouzi;CMF;;73,02082928030421;73;;;CMF;CMF;formulas_por_posicion.json
323104;M. Gómez;CMF;;61,75495467880353;62;;;CMF;CMF;formulas_por_posicion.json
103372;M. Henrique;CMF;;73,17417661060102;73;;;CMF;CMF;formulas_por_posicion.json
104525;M. Insaurralde;CMF;;68,67660377327866;69;;;CMF;CMF;formulas_por_posicion.json
44743;M. Jensen;CMF;;77,56334457484691;78;;;CMF;CMF;formulas_por_posicion.json
103458;M. Kaba;CMF;;67,4075107394766;67;;;CMF;CMF;formulas_por_posicion.json
43135;M. Kovačić;CMF;;84,62170896991553;85;;;CMF;CMF;formulas_por_posicion.json
102840;M. Lopez;CMF;;72,9662462843061;73;;;CMF;CMF;formulas_por_posicion.json
55837;M. Lugo;CMF;;68,3274610898167;68;;;CMF;CMF;formulas_por_posicion.json
58111;M. Montenegro;CMF;;59,749335902121246;60;;;CMF;CMF;formulas_por_posicion.json
117363;M. Munetsi;CMF;;67,87447163082086;68;;;CMF;CMF;formulas_por_posicion.json
115197;M. O'Riley;CMF;;74,49733814210416;74;;;CMF;CMF;formulas_por_posicion.json
106925;M. Palavecino;CMF;;61,196608060740296;61;;;CMF;CMF;formulas_por_posicion.json
118400;M. Payero;CMF;;71,01078420799675;71;;;CMF;CMF;formulas_por_posicion.json
108726;M. Pittón;CMF;;72,9521472272924;73;;;CMF;CMF;formulas_por_posicion.json
108591;M. Portillo;CMF;;69,96081821631502;70;;;CMF;CMF;formulas_por_posicion.json
102299;M. Pérez Curci;CMF;;64,53320078171484;65;;;CMF;CMF;formulas_por_posicion.json
372417;M. Pérez Guedes;CMF;;69,859703175067;70;;;CMF;CMF;formulas_por_posicion.json
9238;M. Ramírez;CMF;;61,90557950237258;62;;;CMF;CMF;formulas_por_posicion.json
110675;M. Rog;CMF;;70,67105294321858;71;;;CMF;CMF;formulas_por_posicion.json
108656;M. Rossetto;CMF;;68,38905970698588;68;;;CMF;CMF;formulas_por_posicion.json
46829;M. Río;CMF;;72,58512454227262;73;;;CMF;CMF;formulas_por_posicion.json
102526;M. Sabitzer;CMF;;78,76424524127383;79;;;CMF;CMF;formulas_por_posicion.json
110616;M. Sangaré;CMF;;71,66195478770271;72;;;CMF;CMF;formulas_por_posicion.json
59842;M. Sanson;CMF;;75,9342139145006;76;;;CMF;CMF;formulas_por_posicion.json
118839;M. Sauer;CMF;;67,57907956699717;68;;;CMF;CMF;formulas_por_posicion.json
110984;M. Seoane;CMF;;65,72980906958584;66;;;CMF;CMF;formulas_por_posicion.json
368381;M. Sepúlveda;CMF;;70,24437887041924;70;;;CMF;CMF;formulas_por_posicion.json
103133;M. Thorsby;CMF;;70,05653783965697;70;;;CMF;CMF;formulas_por_posicion.json
366795;M. Távara;CMF;;69,53790341005592;70;;;CMF;CMF;formulas_por_posicion.json
45300;M. Valoti;CMF;;68,84161362507626;69;;;CMF;CMF;formulas_por_posicion.json
45823;M. Vecino;CMF;;74,23838584432613;74;;;CMF;CMF;formulas_por_posicion.json
118645;M. Vera;CMF;;70,01666403404906;70;;;CMF;CMF;formulas_por_posicion.json
57653;M. Villarroel;CMF;;65,86778945439137;66;;;CMF;CMF;formulas_por_posicion.json
118344;M. Villasanti;CMF;;72,2005747426381;72;;;CMF;CMF;formulas_por_posicion.json
54113;M. Zepeda;CMF;;60,1091958599677;60;;;CMF;CMF;formulas_por_posicion.json
263619;Manager;CMF;;75,67066751905666;76;;;CMF;CMF;formulas_por_posicion.json
46208;Mandaca;CMF;;70,4721744250406;70;;;CMF;CMF;formulas_por_posicion.json
116430;Manu Bueno;CMF;;67,05568824220018;67;;;CMF;CMF;formulas_por_posicion.json
114239;Manu Morlanes;CMF;;76,61516039463045;77;;;CMF;CMF;formulas_por_posicion.json
120082;Marcos Antônio;CMF;;78,3488022598396;78;;;CMF;CMF;formulas_por_posicion.json
112029;Martim Neto;CMF;;73,91515541159572;74;;;CMF;CMF;formulas_por_posicion.json
112733;Matheus Nunes;CMF;;80,6683760916069;81;;;CMF;CMF;formulas_por_posicion.json
106571;Matheus Pereira;CMF;;72,47304583865359;72;;;CMF;CMF;formulas_por_posicion.json
111200;Maycon;CMF;;71,5883468557016;72;;;CMF;CMF;formulas_por_posicion.json
60561;Miguel Román;CMF;;74,6087932443162;75;;;CMF;CMF;formulas_por_posicion.json
103613;Mikel Merino;CMF;;81,11083679867424;81;;;CMF;CMF;formulas_por_posicion.json
263835;Milton;CMF;;88,23398008047073;88;;;CMF;CMF;formulas_por_posicion.json
57350;Moi Gómez;CMF;;77,02864302090263;77;;;CMF;CMF;formulas_por_posicion.json
100735;Moncayola;CMF;;77,98472060110628;78;;;CMF;CMF;formulas_por_posicion.json
46950;N. Ahamada;CMF;;70,32977669600359;70;;;CMF;CMF;formulas_por_posicion.json
103686;N. Barella;CMF;;85,97100177173789;86;;;CMF;CMF;formulas_por_posicion.json
61183;N. Bentaleb;CMF;;75,12559803990011;75;;;CMF;CMF;formulas_por_posicion.json
117669;N. Buayi-Kiala;CMF;;63,84046300362668;64;;;CMF;CMF;formulas_por_posicion.json
118225;N. Cadiou;CMF;;70,88241848644657;71;;;CMF;CMF;formulas_por_posicion.json
118353;N. De La Cruz;CMF;;73,61499166861061;74;;;CMF;CMF;formulas_por_posicion.json
115905;N. Deossa;CMF;;72,57275991772745;73;;;CMF;CMF;formulas_por_posicion.json
115535;N. Domínguez;CMF;;76,77721779311928;77;;;CMF;CMF;formulas_por_posicion.json
100383;N. El Aynaoui;CMF;;75,30297331686491;75;;;CMF;CMF;formulas_por_posicion.json
56183;N. Fagioli;CMF;;76,30445620297006;76;;;CMF;CMF;formulas_por_posicion.json
60299;N. Fernández;CMF;;72,52024093393914;73;;;CMF;CMF;formulas_por_posicion.json
103312;N. Fernández;CMF;;70,10359940960421;70;;;CMF;CMF;formulas_por_posicion.json
112865;N. Garayalde;CMF;;68,26947244052548;68;;;CMF;CMF;formulas_por_posicion.json
108952;N. Kovač;CMF;;62,055129121262425;62;;;CMF;CMF;formulas_por_posicion.json
104594;N. Nández;CMF;;75,43572148032553;75;;;CMF;CMF;formulas_por_posicion.json
103319;N. Oroz;CMF;;72,90308090831593;73;;;CMF;CMF;formulas_por_posicion.json
114764;N. Pisilli;CMF;;70,9003518850374;71;;;CMF;CMF;formulas_por_posicion.json
114015;N. Sadiki;CMF;;74,49479214060545;74;;;CMF;CMF;formulas_por_posicion.json
59399;Nonato;CMF;;72,67323244052366;73;;;CMF;CMF;formulas_por_posicion.json
113406;O. Ejaria;CMF;;67,60547174165093;68;;;CMF;CMF;formulas_por_posicion.json
119107;O. Gandelman;CMF;;68,7856909024609;69;;;CMF;CMF;formulas_por_posicion.json
109313;O. Mangala;CMF;;75,91296405465923;76;;;CMF;CMF;formulas_por_posicion.json
377271;O. Ngom;CMF;;66,322574901682;66;;;CMF;CMF;formulas_por_posicion.json
114797;O. Sørensen;CMF;;71,61481996466337;72;;;CMF;CMF;formulas_por_posicion.json
117946;O. Vargas;CMF;;72,66159006159424;73;;;CMF;CMF;formulas_por_posicion.json
102094;Oier Zarraga;CMF;;70,76852065962255;71;;;CMF;CMF;formulas_por_posicion.json
103886;Olasagasti;CMF;;72,64938703445503;73;;;CMF;CMF;formulas_por_posicion.json
54416;Omar Mascarell;CMF;;73,76004917397137;74;;;CMF;CMF;formulas_por_posicion.json
100421;Oriol Rey;CMF;;72,85973796018331;73;;;CMF;CMF;formulas_por_posicion.json
63495;Otávio;CMF;;80,79519434744108;81;;;CMF;CMF;formulas_por_posicion.json
114228;P. Augusto;CMF;;67,34060511058385;67;;;CMF;CMF;formulas_por_posicion.json
100822;P. Capelle;CMF;;67,32856126997541;67;;;CMF;CMF;formulas_por_posicion.json
123067;P. Cari;CMF;;64,49754313912594;64;;;CMF;CMF;formulas_por_posicion.json
118541;P. Diop;CMF;;65,5747342554833;66;;;CMF;CMF;formulas_por_posicion.json
55750;P. Espiga;CMF;;68,28263416018882;68;;;CMF;CMF;formulas_por_posicion.json
61010;P. Galdames;CMF;;70,5049392787071;71;;;CMF;CMF;formulas_por_posicion.json
41570;P. González;CMF;;71,05536474775967;71;;;CMF;CMF;formulas_por_posicion.json
117779;P. Groß;CMF;;76,44323653975718;76;;;CMF;CMF;formulas_por_posicion.json
116691;P. Gueye;CMF;;77,40870604717415;77;;;CMF;CMF;formulas_por_posicion.json
59547;P. Højbjerg;CMF;;79,71613157076595;80;;;CMF;CMF;formulas_por_posicion.json
55860;P. Lavandeira;CMF;;67,93772231684814;68;;;CMF;CMF;formulas_por_posicion.json
115933;P. Maghoma;CMF;;67,95199621391416;68;;;CMF;CMF;formulas_por_posicion.json
114896;P. Masini;CMF;;68,27618119690919;68;;;CMF;CMF;formulas_por_posicion.json
54388;P. Mercado;CMF;;73,44128663080313;73;;;CMF;CMF;formulas_por_posicion.json
56178;P. Monje;CMF;;66,65054056243554;67;;;CMF;CMF;formulas_por_posicion.json
45023;P. Pogba;CMF;;74,94816229447626;75;;;CMF;CMF;formulas_por_posicion.json
110083;P. Roberto;CMF;;67,53439874740407;68;;;CMF;CMF;formulas_por_posicion.json
114933;P. Sarr;CMF;;79,37975950593022;79;;;CMF;CMF;formulas_por_posicion.json
107439;P. Vite;CMF;;72,96268838782689;73;;;CMF;CMF;formulas_por_posicion.json
47374;P. Zieliński;CMF;;80,99359682079778;81;;;CMF;CMF;formulas_por_posicion.json
46780;Pablo Barrios;CMF;;82,94161702407358;83;;;CMF;CMF;formulas_por_posicion.json
110267;Pablo Ibáñez;CMF;;72,4554034983233;72;;;CMF;CMF;formulas_por_posicion.json
100618;Pablo Martínez;CMF;;74,35613095238739;74;;;CMF;CMF;formulas_por_posicion.json
114879;Pablo Marín;CMF;;74,65517709119435;75;;;CMF;CMF;formulas_por_posicion.json
38779;Parejo;CMF;;79,12732955742874;79;;;CMF;CMF;formulas_por_posicion.json
41209;Patrick;CMF;;67,78364882326449;68;;;CMF;CMF;formulas_por_posicion.json
47568;Paulinho Paula;CMF;;71,45110209394028;71;;;CMF;CMF;formulas_por_posicion.json
118381;Pedri;CMF;;92,27441159826077;92;;;CMF;CMF;formulas_por_posicion.json
114279;Pedro Díaz;CMF;;73,25822080452932;73;;;CMF;CMF;formulas_por_posicion.json
100543;Pepelu;CMF;;74,9153295377173;75;;;CMF;CMF;formulas_por_posicion.json
42558;Pepê;CMF;;67,38040360361036;67;;;CMF;CMF;formulas_por_posicion.json
46093;Pierre;CMF;;65,436505252167;65;;;CMF;CMF;formulas_por_posicion.json
116462;Praxedes;CMF;;65,56806949949748;66;;;CMF;CMF;formulas_por_posicion.json
63627;Q. Timber;CMF;;78,31516559674739;78;;;CMF;CMF;formulas_por_posicion.json
44702;R. Barkley;CMF;;76,52378023395362;77;;;CMF;CMF;formulas_por_posicion.json
54384;R. Briones;CMF;;67,75430797022013;68;;;CMF;CMF;formulas_por_posicion.json
55961;R. Carrascal;CMF;;70,88371709850955;71;;;CMF;CMF;formulas_por_posicion.json
60675;R. Carrera;CMF;;72,69261187319853;73;;;CMF;CMF;formulas_por_posicion.json
44766;R. Christie;CMF;;75,58457941399658;76;;;CMF;CMF;formulas_por_posicion.json
60241;R. De Paul;CMF;;82,30658492411781;82;;;CMF;CMF;formulas_por_posicion.json
111138;R. Freuler;CMF;;80,3623084513949;80;;;CMF;CMF;formulas_por_posicion.json
60835;R. Gagliardini;CMF;;71,21450451306495;71;;;CMF;CMF;formulas_por_posicion.json
108890;R. Lezcano;CMF;;68,42276929218825;68;;;CMF;CMF;formulas_por_posicion.json
306041;R. Lima;CMF;;66,19274190849096;66;;;CMF;CMF;formulas_por_posicion.json
104722;R. Loftus-Cheek;CMF;;80,43085919273709;80;;;CMF;CMF;formulas_por_posicion.json
100887;R. Ndiaye;CMF;;70,48390129337969;70;;;CMF;CMF;formulas_por_posicion.json
118313;R. Ríos;CMF;;79,89458024811144;80;;;CMF;CMF;formulas_por_posicion.json
113564;R. Sánchez;CMF;;70,5958699303981;71;;;CMF;CMF;formulas_por_posicion.json
110965;R. Zalazar;CMF;;77,21323796862197;77;;;CMF;CMF;formulas_por_posicion.json
264470;Ratón;CMF;;79,26457892976015;79;;;CMF;CMF;formulas_por_posicion.json
109152;Rego;CMF;;70,11725539178336;70;;;CMF;CMF;formulas_por_posicion.json
263246;Robson Matheus;CMF;;67,47756536495201;67;;;CMF;CMF;formulas_por_posicion.json
103588;Rodrigo Nestor;CMF;;72,71912495760598;73;;;CMF;CMF;formulas_por_posicion.json
43441;Rodriguinho;CMF;;65,78537324015376;66;;;CMF;CMF;formulas_por_posicion.json
47812;Ronald;CMF;;68,6709857533533;69;;;CMF;CMF;formulas_por_posicion.json
104847;S. Becerra;CMF;;59,21848659995031;59;;;CMF;CMF;formulas_por_posicion.json
57249;S. Ebonog;CMF;;68,46555481733077;68;;;CMF;CMF;formulas_por_posicion.json
115876;S. El Mourabet;CMF;;73,28463677890895;73;;;CMF;CMF;formulas_por_posicion.json
113380;S. Esquivel;CMF;;64,87119787894247;65;;;CMF;CMF;formulas_por_posicion.json
101195;S. González;CMF;;68,2047417791334;68;;;CMF;CMF;formulas_por_posicion.json
39239;S. Jaurena;CMF;;65,78094528221513;66;;;CMF;CMF;formulas_por_posicion.json
111045;S. Longstaff;CMF;;75,11918939124948;75;;;CMF;CMF;formulas_por_posicion.json
33887;S. Lovrić;CMF;;72,68233093081355;73;;;CMF;CMF;formulas_por_posicion.json
103820;S. Lukić;CMF;;76,04987905311008;76;;;CMF;CMF;formulas_por_posicion.json
114619;S. Mayulu;CMF;;76,5975794461684;77;;;CMF;CMF;formulas_por_posicion.json
122933;S. Mendoza;CMF;;57,86194610294964;58;;;CMF;CMF;formulas_por_posicion.json
114791;S. Nypan;CMF;;71,82520688014267;72;;;CMF;CMF;formulas_por_posicion.json
44171;S. Oliveira;CMF;;72,53844806921066;73;;;CMF;CMF;formulas_por_posicion.json
47134;S. Perciun;CMF;;61,77887779968149;62;;;CMF;CMF;formulas_por_posicion.json
110852;S. Peña;CMF;;71,4426393148714;71;;;CMF;CMF;formulas_por_posicion.json
57993;S. Rivero;CMF;;67,97654709260608;68;;;CMF;CMF;formulas_por_posicion.json
271526;S. Rodríguez;CMF;;71,10763968941484;71;;;CMF;CMF;formulas_por_posicion.json
53913;S. Serdar;CMF;;74,44472171176662;74;;;CMF;CMF;formulas_por_posicion.json
101107;S. Sohm;CMF;;71,59052632519382;72;;;CMF;CMF;formulas_por_posicion.json
55906;S. Viveros;CMF;;63,05637685024145;63;;;CMF;CMF;formulas_por_posicion.json
114297;Santi Comesaña;CMF;;77,01353332925603;77;;;CMF;CMF;formulas_por_posicion.json
63497;Saúl;CMF;;75,25765833936975;75;;;CMF;CMF;formulas_por_posicion.json
369675;T. Andrada;CMF;;67,67651134667766;68;;;CMF;CMF;formulas_por_posicion.json
108250;T. Bašić;CMF;;73,06446370498676;73;;;CMF;CMF;formulas_por_posicion.json
117683;T. Bischof;CMF;;76,29800047339369;76;;;CMF;CMF;formulas_por_posicion.json
60666;T. Bottari;CMF;;69,48540250137296;69;;;CMF;CMF;formulas_por_posicion.json
41120;T. Cairney;CMF;;73,17667429294582;73;;;CMF;CMF;formulas_por_posicion.json
63235;T. Cravero;CMF;;64,47036982292548;64;;;CMF;CMF;formulas_por_posicion.json
114056;T. Devernois;CMF;;59,709312193889616;60;;;CMF;CMF;formulas_por_posicion.json
106779;T. Helgason;CMF;;67,49051784183294;67;;;CMF;CMF;formulas_por_posicion.json
110939;T. Iroegbunam;CMF;;74,9504711619102;75;;;CMF;CMF;formulas_por_posicion.json
117756;T. Leiva;CMF;;66,87793270956988;67;;;CMF;CMF;formulas_por_posicion.json
100967;T. Lemar;CMF;;75,92701608105887;76;;;CMF;CMF;formulas_por_posicion.json
114053;T. Ndombélé;CMF;;72,63867067936955;73;;;CMF;CMF;formulas_por_posicion.json
34986;T. Nnadi;CMF;;65,77932633184679;66;;;CMF;CMF;formulas_por_posicion.json
55913;T. O'Connor;CMF;;72,25802794396265;72;;;CMF;CMF;formulas_por_posicion.json
308100;T. Olase;CMF;;62,57147071097951;63;;;CMF;CMF;formulas_por_posicion.json
110103;T. Pobega;CMF;;71,80273243533199;72;;;CMF;CMF;formulas_por_posicion.json
118274;T. Reijnders;CMF;;84,27912930431516;84;;;CMF;CMF;formulas_por_posicion.json
113364;Tchê Tchê;CMF;;71,30409668639442;71;;;CMF;CMF;formulas_por_posicion.json
108272;Terrats;CMF;;74,89407764424853;75;;;CMF;CMF;formulas_por_posicion.json
262869;Tobías;CMF;;66,49205360931136;66;;;CMF;CMF;formulas_por_posicion.json
107704;Turrientes;CMF;;73,24852149505956;73;;;CMF;CMF;formulas_por_posicion.json
61481;U. Ortegoza;CMF;;69,80187841511786;70;;;CMF;CMF;formulas_por_posicion.json
102707;Unai López;CMF;;75,2984229187914;75;;;CMF;CMF;formulas_por_posicion.json
43047;Unai Vencedor;CMF;;70,24422416896456;70;;;CMF;CMF;formulas_por_posicion.json
117491;V. Barco;CMF;;78,22594048453283;78;;;CMF;CMF;formulas_por_posicion.json
108110;V. Marchetti;CMF;;68,04091812845715;68;;;CMF;CMF;formulas_por_posicion.json
115121;V. Méndez;CMF;;70,82841860400538;71;;;CMF;CMF;formulas_por_posicion.json
57983;V. Poggi;CMF;;69,78888235388041;70;;;CMF;CMF;formulas_por_posicion.json
104277;V. Rongier;CMF;;73,6918492140131;74;;;CMF;CMF;formulas_por_posicion.json
109024;Van Den Boomen;CMF;;70,70970953574194;71;;;CMF;CMF;formulas_por_posicion.json
115922;Vini Paulista;CMF;;66,83738504178692;67;;;CMF;CMF;formulas_por_posicion.json
118236;Vitinha;CMF;;91,15655824370587;91;;;CMF;CMF;formulas_por_posicion.json
59188;W. Alarcón;CMF;;70,95406704547702;71;;;CMF;CMF;formulas_por_posicion.json
103640;W. Bondo;CMF;;70,89792668288396;71;;;CMF;CMF;formulas_por_posicion.json
101027;W. Hughes;CMF;;76,0339341141066;76;;;CMF;CMF;formulas_por_posicion.json
117613;W. McKennie;CMF;;77,067207134303;77;;;CMF;CMF;formulas_por_posicion.json
60372;W. Montoya;CMF;;69,66593280188262;70;;;CMF;CMF;formulas_por_posicion.json
114725;W. Zaïre-Emery;CMF;;83,48994391984112;83;;;CMF;CMF;formulas_por_posicion.json
113904;Y. Belkhdim;CMF;;72,66528944769885;73;;;CMF;CMF;formulas_por_posicion.json
107771;Y. Felipe;CMF;;65,78408077575925;66;;;CMF;CMF;formulas_por_posicion.json
7873;Y. Fofana;CMF;;78,73980591704162;79;;;CMF;CMF;formulas_por_posicion.json
39801;Y. Herrera;CMF;;79,04082821239236;79;;;CMF;CMF;formulas_por_posicion.json
113501;Y. Kechta;CMF;;74,57326345501338;75;;;CMF;CMF;formulas_por_posicion.json
114439;Y. Maleh;CMF;;71,37247808681505;71;;;CMF;CMF;formulas_por_posicion.json
58216;Y. Mamani;CMF;;57,05904846469701;57;;;CMF;CMF;formulas_por_posicion.json
100830;Y. Musah;CMF;;73,23808513739088;73;;;CMF;CMF;formulas_por_posicion.json
38112;Y. Neyou;CMF;;75,53534811654941;76;;;CMF;CMF;formulas_por_posicion.json
116402;Y. Santiago;CMF;;68,43635773294747;68;;;CMF;CMF;formulas_por_posicion.json
59801;Y. Tielemans;CMF;;83,60510614154346;84;;;CMF;CMF;formulas_por_posicion.json
115165;Y. Yarmolyuk;CMF;;76,87044521344924;77;;;CMF;CMF;formulas_por_posicion.json
46570;Y. Yotún;CMF;;67,47163498305355;67;;;CMF;CMF;formulas_por_posicion.json
108402;Zambo Anguissa;CMF;;81,70773005514226;82;;;CMF;CMF;formulas_por_posicion.json
325621;Zé Rafael;CMF;;69,31283288804613;69;;;CMF;CMF;formulas_por_posicion.json
109504;Àlex Sala;CMF;;71,30819477723149;71;;;CMF;CMF;formulas_por_posicion.json
59400;Á. Cardozo;CMF;;69,36510993342443;69;;;CMF;CMF;formulas_por_posicion.json
57639;Á. Madrid;CMF;;70,16466444387385;70;;;CMF;CMF;formulas_por_posicion.json
35250;É. Banega;CMF;;73,82717309463082;74;;;CMF;CMF;formulas_por_posicion.json
107645;Éderson;CMF;;80,44275355349102;80;;;CMF;CMF;formulas_por_posicion.json
107027;Ó. López;CMF;;60,79067117094749;61;;;CMF;CMF;formulas_por_posicion.json
115105;İ. Vural;CMF;;65,8836847604551;66;;;CMF;CMF;formulas_por_posicion.json
55045;A. Al-Hassan;DMF;;66,55100317360183;67;;;DMF;DMF;formulas_por_posicion.json
55051;A. Al-Khaibari;DMF;;68,0220470054949;68;;;DMF;DMF;formulas_por_posicion.json
113090;A. Atta;DMF;;72,2126191397485;72;;;DMF;DMF;formulas_por_posicion.json
107548;A. Baldi;DMF;;64,76164281017134;65;;;DMF;DMF;formulas_por_posicion.json
118955;A. Bamba;DMF;;68,33220700037532;68;;;DMF;DMF;formulas_por_posicion.json
111104;A. Bouzat;DMF;;71,40636797617694;71;;;DMF;DMF;formulas_por_posicion.json
55527;A. Burlamaqui;DMF;;65,27379737044018;65;;;DMF;DMF;formulas_por_posicion.json
118979;A. Camara;DMF;;54,02308159017852;54;;;DMF;DMF;formulas_por_posicion.json
108739;A. Camargo;DMF;;67,89805143866798;68;;;DMF;DMF;formulas_por_posicion.json
57625;A. Canales;DMF;;63,02071040922383;63;;;DMF;DMF;formulas_por_posicion.json
113326;A. Cardozo;DMF;;70,86830884788438;71;;;DMF;DMF;formulas_por_posicion.json
103038;A. Cubas;DMF;;72,00903372728796;72;;;DMF;DMF;formulas_por_posicion.json
110728;A. De La Cuesta;DMF;;63,3875093776971;63;;;DMF;DMF;formulas_por_posicion.json
46722;A. Dioussé;DMF;;68,52055172246817;69;;;DMF;DMF;formulas_por_posicion.json
117579;A. Farías;DMF;;65,1640479562447;65;;;DMF;DMF;formulas_por_posicion.json
58121;A. Forneris;DMF;;65,37094355324308;65;;;DMF;DMF;formulas_por_posicion.json
122305;A. Fuentes;DMF;;63,808951251314284;64;;;DMF;DMF;formulas_por_posicion.json
122347;A. González;DMF;;63,107348150487226;63;;;DMF;DMF;formulas_por_posicion.json
114645;A. Gray;DMF;;74,73073195781595;75;;;DMF;DMF;formulas_por_posicion.json
110514;A. Jashari;DMF;;75,105201486778;75;;;DMF;DMF;formulas_por_posicion.json
114551;A. Max;DMF;;68,30803355237065;68;;;DMF;DMF;formulas_por_posicion.json
58360;A. Medina;DMF;;67,63236468461156;68;;;DMF;DMF;formulas_por_posicion.json
110488;A. Medina;DMF;;61,9734580638191;62;;;DMF;DMF;formulas_por_posicion.json
109960;A. Moreno;DMF;;74,36278740958316;74;;;DMF;DMF;formulas_por_posicion.json
112212;A. Onana;DMF;;77,87957476825189;78;;;DMF;DMF;formulas_por_posicion.json
117889;A. Pavlović;DMF;;79,98979991981932;80;;;DMF;DMF;formulas_por_posicion.json
55749;A. Roca;DMF;;68,78717883312913;69;;;DMF;DMF;formulas_por_posicion.json
118201;A. Stach;DMF;;76,17711889377463;76;;;DMF;DMF;formulas_por_posicion.json
109232;A. Tamèze;DMF;;71,83160083510494;72;;;DMF;DMF;formulas_por_posicion.json
1073857486;A. Tanaka;DMF;;73,54620889656462;74;;;DMF;DMF;formulas_por_posicion.json
119782;A. Tchouaméni;DMF;;82,25463734983879;82;;;DMF;DMF;formulas_por_posicion.json
104388;A. Touré;DMF;;71,64766527321768;72;;;DMF;DMF;formulas_por_posicion.json
107980;A. Touré;DMF;;66,5348668171278;67;;;DMF;DMF;formulas_por_posicion.json
44760;A. Varela;DMF;;77,9876094416848;78;;;DMF;DMF;formulas_por_posicion.json
117475;A. Wharton;DMF;;79,41583889807914;79;;;DMF;DMF;formulas_por_posicion.json
100190;Alexsander;DMF;;69,95933430186592;70;;;DMF;DMF;formulas_por_posicion.json
115156;Alisson;DMF;;70,1502619531952;70;;;DMF;DMF;formulas_por_posicion.json
45641;Allan;DMF;;72,66050119156024;73;;;DMF;DMF;formulas_por_posicion.json
54732;Allan;DMF;;70,98371233499194;71;;;DMF;DMF;formulas_por_posicion.json
114972;Altimira;DMF;;75,3361417765226;75;;;DMF;DMF;formulas_por_posicion.json
60781;André;DMF;;76,12072581059444;76;;;DMF;DMF;formulas_por_posicion.json
40225;Antonio Blanco;DMF;;74,441452347795;74;;;DMF;DMF;formulas_por_posicion.json
263774;Armando;DMF;;75,34519839364788;75;;;DMF;DMF;formulas_por_posicion.json
57619;B. Bentaberry;DMF;;62,86828080992675;63;;;DMF;DMF;formulas_por_posicion.json
63520;B. Cristante;DMF;;78,48010346806177;78;;;DMF;DMF;formulas_por_posicion.json
45082;B. Deuff;DMF;;63,88472153103011;64;;;DMF;DMF;formulas_por_posicion.json
116628;B. Donio;DMF;;61,233119386939144;61;;;DMF;DMF;formulas_por_posicion.json
118697;B. Gilmour;DMF;;75,25593212596033;75;;;DMF;DMF;formulas_por_posicion.json
114880;B. Kamara;DMF;;81,4658771687377;81;;;DMF;DMF;formulas_por_posicion.json
114335;B. Leyes;DMF;;69,12249714622477;69;;;DMF;DMF;formulas_por_posicion.json
115844;B. Mendy;DMF;;73,89966287520402;74;;;DMF;DMF;formulas_por_posicion.json
117955;B. Ojeda;DMF;;69,1787395226289;69;;;DMF;DMF;formulas_por_posicion.json
106646;B. Pierret;DMF;;59,80411176702448;60;;;DMF;DMF;formulas_por_posicion.json
369552;B. Rovira;DMF;;69,20944882239122;69;;;DMF;DMF;formulas_por_posicion.json
42589;B. Stambouli;DMF;;71,6203058826006;72;;;DMF;DMF;formulas_por_posicion.json
60232;B. Zuculini;DMF;;68,04796719983817;68;;;DMF;DMF;formulas_por_posicion.json
60956;Baralhas;DMF;;68,74603018691556;69;;;DMF;DMF;formulas_por_posicion.json
60531;Beñat Prados;DMF;;75,13568269847511;75;;;DMF;DMF;formulas_por_posicion.json
1073788255;Bruno Guimarães;DMF;;84,39221744046782;84;;;DMF;DMF;formulas_por_posicion.json
60776;Bruno Henrique;DMF;;67,81355467590379;68;;;DMF;DMF;formulas_por_posicion.json
58307;C. Arce;DMF;;63,37066901630335;63;;;DMF;DMF;formulas_por_posicion.json
59265;C. Baeza;DMF;;71,63333214737769;72;;;DMF;DMF;formulas_por_posicion.json
110084;C. Baleba;DMF;;77,52909868388167;78;;;DMF;DMF;formulas_por_posicion.json
117961;C. Crew;DMF;;62,16433667715455;62;;;DMF;DMF;formulas_por_posicion.json
114554;C. Diez;DMF;;65,53499217126529;66;;;DMF;DMF;formulas_por_posicion.json
101342;C. Doucouré;DMF;;75,86758231101945;76;;;DMF;DMF;formulas_por_posicion.json
114669;C. Gonçalves;DMF;;68,13507564689823;68;;;DMF;DMF;formulas_por_posicion.json
118190;C. Gruezo;DMF;;72,19505746895737;72;;;DMF;DMF;formulas_por_posicion.json
54860;C. Montaño;DMF;;63,37149614086263;63;;;DMF;DMF;formulas_por_posicion.json
55762;C. Montero;DMF;;70,84554863723116;71;;;DMF;DMF;formulas_por_posicion.json
121995;C. Niasse;DMF;;69,09272567364194;69;;;DMF;DMF;formulas_por_posicion.json
63605;C. Nørgaard;DMF;;78,54302732224873;79;;;DMF;DMF;formulas_por_posicion.json
58065;C. Oliva;DMF;;72,767726986907;73;;;DMF;DMF;formulas_por_posicion.json
117538;C. Ordóñez;DMF;;68,99918773155166;69;;;DMF;DMF;formulas_por_posicion.json
100013;C. Protesoni;DMF;;70,7748537921967;71;;;DMF;DMF;formulas_por_posicion.json
119864;C. Pérez;DMF;;68,22929405303816;68;;;DMF;DMF;formulas_por_posicion.json
55798;C. Ramos;DMF;;64,98991741039934;65;;;DMF;DMF;formulas_por_posicion.json
46990;C. Rivera;DMF;;66,64028468131147;67;;;DMF;DMF;formulas_por_posicion.json
375611;C. Trujillo;DMF;;68,43543541187854;68;;;DMF;DMF;formulas_por_posicion.json
102746;C. Vanhoutte;DMF;;74,75057840521977;75;;;DMF;DMF;formulas_por_posicion.json
118305;C. Zabala;DMF;;68,772917817118;69;;;DMF;DMF;formulas_por_posicion.json
263885;C. liso;DMF;;85,9941218888345;86;;;DMF;DMF;formulas_por_posicion.json
102139;Caio Alexandre;DMF;;73,01970873149847;73;;;DMF;DMF;formulas_por_posicion.json
122008;Camilo;DMF;;65,59878211671746;66;;;DMF;DMF;formulas_por_posicion.json
47872;Carvalheira;DMF;;67,93039799222677;68;;;DMF;DMF;formulas_por_posicion.json
42669;Casemiro;DMF;;78,04079269024167;78;;;DMF;DMF;formulas_por_posicion.json
121200;Charles;DMF;;66,2451990603637;66;;;DMF;DMF;formulas_por_posicion.json
58249;D. Arroyo;DMF;;66,70580641415916;67;;;DMF;DMF;formulas_por_posicion.json
1680;D. Ayala;DMF;;68,47007588472486;68;;;DMF;DMF;formulas_por_posicion.json
100285;D. Boloca;DMF;;70,96603060706549;71;;;DMF;DMF;formulas_por_posicion.json
100112;D. Cataldi;DMF;;75,54358320291442;76;;;DMF;DMF;formulas_por_posicion.json
47653;D. Giraldo;DMF;;67,57090332014901;68;;;DMF;DMF;formulas_por_posicion.json
54856;D. Mendoza;DMF;;63,954370190590296;64;;;DMF;DMF;formulas_por_posicion.json
60293;D. Miloc;DMF;;66,0118187840216;66;;;DMF;DMF;formulas_por_posicion.json
55129;D. Moreno;DMF;;67,5347654520139;68;;;DMF;DMF;formulas_por_posicion.json
373324;D. Moreno;DMF;;67,2918356819401;67;;;DMF;DMF;formulas_por_posicion.json
103207;D. Mosengo;DMF;;63,692125030957286;64;;;DMF;DMF;formulas_por_posicion.json
115195;D. Neil;DMF;;71,29389735904076;71;;;DMF;DMF;formulas_por_posicion.json
118961;D. Peixoto;DMF;;62,18584240581234;62;;;DMF;DMF;formulas_por_posicion.json
45809;D. Rodríguez;DMF;;66,47674273291788;66;;;DMF;DMF;formulas_por_posicion.json
55667;D. Ruiz;DMF;;65,88740870464342;66;;;DMF;DMF;formulas_por_posicion.json
47999;D. Torres;DMF;;69,54221454473092;70;;;DMF;DMF;formulas_por_posicion.json
113338;D. Zakaria;DMF;;77,56709210738173;78;;;DMF;DMF;formulas_por_posicion.json
375732;Danilo;DMF;;76,7159089914855;77;;;DMF;DMF;formulas_por_posicion.json
118208;Dodi;DMF;;67,75502728431981;68;;;DMF;DMF;formulas_por_posicion.json
47659;Dudu;DMF;;66,18999596218757;66;;;DMF;DMF;formulas_por_posicion.json
108699;Dário Essugo;DMF;;72,54736719418196;73;;;DMF;DMF;formulas_por_posicion.json
44497;E. Ampadu;DMF;;75,72296279966011;76;;;DMF;DMF;formulas_por_posicion.json
106591;E. Anderson;DMF;;80,12307143989459;80;;;DMF;DMF;formulas_por_posicion.json
46825;E. Can;DMF;;79,59469070160226;80;;;DMF;DMF;formulas_por_posicion.json
262961;E. Castillo;DMF;;60,902706180385806;61;;;DMF;DMF;formulas_por_posicion.json
105329;E. Cecchini;DMF;;67,53031765693466;68;;;DMF;DMF;formulas_por_posicion.json
60246;E. Fernández;DMF;;75,55059383299992;76;;;DMF;DMF;formulas_por_posicion.json
107559;E. Giaccone;DMF;;64,0203954899253;64;;;DMF;DMF;formulas_por_posicion.json
58147;E. Martínez;DMF;;71,0954116177291;71;;;DMF;DMF;formulas_por_posicion.json
56220;E. Murillo;DMF;;67,15116197445326;67;;;DMF;DMF;formulas_por_posicion.json
60184;E. Ojeda;DMF;;68,67232848092937;69;;;DMF;DMF;formulas_por_posicion.json
115062;E. Owusu;DMF;;71,46131992132626;71;;;DMF;DMF;formulas_por_posicion.json
59269;E. Pavez;DMF;;64,84887411916179;65;;;DMF;DMF;formulas_por_posicion.json
105513;E. Piovi;DMF;;71,67995543096315;72;;;DMF;DMF;formulas_por_posicion.json
59179;E. Pulgar;DMF;;74,5739653997053;75;;;DMF;DMF;formulas_por_posicion.json
41163;E. Pérez;DMF;;72,3931408831784;72;;;DMF;DMF;formulas_por_posicion.json
105121;E. Remedi;DMF;;70,62584486251743;71;;;DMF;DMF;formulas_por_posicion.json
307480;E. Rivero;DMF;;64,45404290895536;64;;;DMF;DMF;formulas_por_posicion.json
110415;E. Rolón;DMF;;68,71238228009778;69;;;DMF;DMF;formulas_por_posicion.json
104201;Evertton Araújo;DMF;;67,86765339544893;68;;;DMF;DMF;formulas_por_posicion.json
63405;F. Bernal;DMF;;70,46206922446193;70;;;DMF;DMF;formulas_por_posicion.json
58329;F. Bussio;DMF;;63,35094026092255;63;;;DMF;DMF;formulas_por_posicion.json
40260;F. Coquelin;DMF;;71,09027770019985;71;;;DMF;DMF;formulas_por_posicion.json
114555;F. Di Biasi;DMF;;65,77805884145046;66;;;DMF;DMF;formulas_por_posicion.json
118462;F. Díaz;DMF;;66,46581623864242;66;;;DMF;DMF;formulas_por_posicion.json
60035;F. Fattori;DMF;;73,79333543572578;74;;;DMF;DMF;formulas_por_posicion.json
55900;F. Ibarra;DMF;;73,20800491078553;73;;;DMF;DMF;formulas_por_posicion.json
58231;F. Juárez;DMF;;65,76703557576941;66;;;DMF;DMF;formulas_por_posicion.json
55960;F. Leys;DMF;;67,01214344072196;67;;;DMF;DMF;formulas_por_posicion.json
111287;F. Mac Allister;DMF;;67,95579493299164;68;;;DMF;DMF;formulas_por_posicion.json
118597;F. Moyano;DMF;;67,27425050898334;67;;;DMF;DMF;formulas_por_posicion.json
60325;F. Navarro;DMF;;70,97023531219469;71;;;DMF;DMF;formulas_por_posicion.json
118940;F. Nmecha;DMF;;80,12573915658946;80;;;DMF;DMF;formulas_por_posicion.json
58161;F. Peralta;DMF;;66,6647924004848;67;;;DMF;DMF;formulas_por_posicion.json
117594;F. Peña Biafore;DMF;;67,16860489011104;67;;;DMF;DMF;formulas_por_posicion.json
115338;F. Potts;DMF;;70,80448632529382;71;;;DMF;DMF;formulas_por_posicion.json
60699;F. Quignón;DMF;;69,92095181057472;70;;;DMF;DMF;formulas_por_posicion.json
115379;F. Redondo;DMF;;70,03341880243843;70;;;DMF;DMF;formulas_por_posicion.json
55806;F. Solé;DMF;;65,3103308211412;65;;;DMF;DMF;formulas_por_posicion.json
119112;F. Sylla;DMF;;61,70363942745612;62;;;DMF;DMF;formulas_por_posicion.json
60273;F. Sánchez;DMF;;61,01870295975487;61;;;DMF;DMF;formulas_por_posicion.json
114345;F. Vera;DMF;;72,84457948664335;73;;;DMF;DMF;formulas_por_posicion.json
107031;Fabinho;DMF;;67,56839167131768;68;;;DMF;DMF;formulas_por_posicion.json
309178;Felipe Negrucci;DMF;;62,744293880179164;63;;;DMF;DMF;formulas_por_posicion.json
112005;Florentino;DMF;;76,04003140914799;76;;;DMF;DMF;formulas_por_posicion.json
114298;Fran Beltrán;DMF;;75,2946023728577;75;;;DMF;DMF;formulas_por_posicion.json
112539;G. Abregú;DMF;;66,02440256267649;66;;;DMF;DMF;formulas_por_posicion.json
110993;G. Acosta;DMF;;69,86868796083344;70;;;DMF;DMF;formulas_por_posicion.json
117735;G. Castillo;DMF;;57,025400345983584;57;;;DMF;DMF;formulas_por_posicion.json
369664;G. Cazonatti;DMF;;68,26971126259318;68;;;DMF;DMF;formulas_por_posicion.json
54351;G. Celis;DMF;;69,15900631555985;69;;;DMF;DMF;formulas_por_posicion.json
61494;G. Cuéllar;DMF;;70,08402873570749;70;;;DMF;DMF;formulas_por_posicion.json
105293;G. Giménez;DMF;;68,24371643049037;68;;;DMF;DMF;formulas_por_posicion.json
55797;G. González;DMF;;67,96446799064492;68;;;DMF;DMF;formulas_por_posicion.json
368720;G. Henrique;DMF;;62,332204377939995;62;;;DMF;DMF;formulas_por_posicion.json
35033;G. Kamara;DMF;;69,85164080586662;70;;;DMF;DMF;formulas_por_posicion.json
43075;G. Kondogbia;DMF;;74,65935532979066;75;;;DMF;DMF;formulas_por_posicion.json
118507;G. Neves;DMF;;73,95370612872327;74;;;DMF;DMF;formulas_por_posicion.json
60673;G. Rodríguez;DMF;;73,10042797607524;73;;;DMF;DMF;formulas_por_posicion.json
46021;Gabriel;DMF;;70,73301644244557;71;;;DMF;DMF;formulas_por_posicion.json
100393;Gabriel Pires;DMF;;69,02992548555869;69;;;DMF;DMF;formulas_por_posicion.json
114521;Gorrotxa;DMF;;73,75240465697033;74;;;DMF;DMF;formulas_por_posicion.json
110689;Gourna-Douath;DMF;;68,48813263025701;68;;;DMF;DMF;formulas_por_posicion.json
58343;H. Caballero;DMF;;68,44624745716513;68;;;DMF;DMF;formulas_por_posicion.json
57654;H. Cuéllar;DMF;;64,78621267231573;65;;;DMF;DMF;formulas_por_posicion.json
56024;H. Loboa;DMF;;64,774591921982;65;;;DMF;DMF;formulas_por_posicion.json
61182;H. Reed;DMF;;71,21941111644983;71;;;DMF;DMF;formulas_por_posicion.json
103460;Higor Meritão;DMF;;65,63052808104457;66;;;DMF;DMF;formulas_por_posicion.json
33817;Hudson;DMF;;62,06472108798566;62;;;DMF;DMF;formulas_por_posicion.json
103982;Hugo Moura;DMF;;67,60865430758213;68;;;DMF;DMF;formulas_por_posicion.json
110557;I. Bennacer;DMF;;77,5693399872361;78;;;DMF;DMF;formulas_por_posicion.json
100998;I. Gruev;DMF;;72,73270592184643;73;;;DMF;DMF;formulas_por_posicion.json
42575;I. Gueye;DMF;;76,00010689384449;76;;;DMF;DMF;formulas_por_posicion.json
45576;I. Marcone;DMF;;72,22939683054729;72;;;DMF;DMF;formulas_por_posicion.json
118844;I. Miramón;DMF;;68,35992157185714;68;;;DMF;DMF;formulas_por_posicion.json
56047;I. Perruzzi;DMF;;66,03414942645685;66;;;DMF;DMF;formulas_por_posicion.json
115285;I. Saavedra;DMF;;69,89279905907895;70;;;DMF;DMF;formulas_por_posicion.json
114206;I. Sangaré;DMF;;75,55149283225228;76;;;DMF;DMF;formulas_por_posicion.json
109564;I. Sissoko;DMF;;72,10824952328709;72;;;DMF;DMF;formulas_por_posicion.json
100606;I. Sulemana;DMF;;70,7496172420563;71;;;DMF;DMF;formulas_por_posicion.json
364349;I. Wisdom;DMF;;63,90133667386647;64;;;DMF;DMF;formulas_por_posicion.json
34484;Iker Muñoz;DMF;;70,19926451010105;70;;;DMF;DMF;formulas_por_posicion.json
114502;Ismael;DMF;;65,00015525677964;65;;;DMF;DMF;formulas_por_posicion.json
121223;J. Alcívar;DMF;;72,1542141954882;72;;;DMF;DMF;formulas_por_posicion.json
55813;J. Archimbaud;DMF;;66,37762457516716;66;;;DMF;DMF;formulas_por_posicion.json
54389;J. Arroyo;DMF;;62,432118941638315;62;;;DMF;DMF;formulas_por_posicion.json
121371;J. Campuzano;DMF;;70,65838028168977;71;;;DMF;DMF;formulas_por_posicion.json
117502;J. Cardozo;DMF;;62,528405802121256;63;;;DMF;DMF;formulas_por_posicion.json
54807;J. Castillo;DMF;;67,16730349201964;67;;;DMF;DMF;formulas_por_posicion.json
118675;J. Castillo;DMF;;68,51830897397807;69;;;DMF;DMF;formulas_por_posicion.json
41904;J. Chotard;DMF;;70,72926511756457;71;;;DMF;DMF;formulas_por_posicion.json
118826;J. Correa;DMF;;60,81156616642098;61;;;DMF;DMF;formulas_por_posicion.json
108525;J. Cullen;DMF;;74,63355667413667;75;;;DMF;DMF;formulas_por_posicion.json
54383;J. Escobar;DMF;;67,59509438729755;68;;;DMF;DMF;formulas_por_posicion.json
116543;J. Garner;DMF;;78,00977029456304;78;;;DMF;DMF;formulas_por_posicion.json
55856;J. Gómez;DMF;;63,07153581276099;63;;;DMF;DMF;formulas_por_posicion.json
40295;J. Henderson;DMF;;76,71790182346916;77;;;DMF;DMF;formulas_por_posicion.json
40987;J. Karlström;DMF;;71,86557827913285;72;;;DMF;DMF;formulas_por_posicion.json
109005;J. Kimmich;DMF;;86,70975717956942;87;;;DMF;DMF;formulas_por_posicion.json
110573;J. Laurent;DMF;;70,95736491146108;71;;;DMF;DMF;formulas_por_posicion.json
119839;J. Lepenant;DMF;;72,96040971738722;73;;;DMF;DMF;formulas_por_posicion.json
109947;J. Lerma;DMF;;73,74890919362753;74;;;DMF;DMF;formulas_por_posicion.json
118102;J. Liteta;DMF;;65,21791080747948;65;;;DMF;DMF;formulas_por_posicion.json
116602;J. López;DMF;;66,35274990808016;66;;;DMF;DMF;formulas_por_posicion.json
118698;J. Martínez;DMF;;72,85809349275935;73;;;DMF;DMF;formulas_por_posicion.json
47100;J. Medina;DMF;;59,109926887655114;59;;;DMF;DMF;formulas_por_posicion.json
57940;J. Morel;DMF;;68,4543982653539;68;;;DMF;DMF;formulas_por_posicion.json
116468;J. Mosqueira;DMF;;69,27585692456205;69;;;DMF;DMF;formulas_por_posicion.json
56246;J. Murrugarra;DMF;;67,59158740684524;68;;;DMF;DMF;formulas_por_posicion.json
107414;J. Mwanga;DMF;;70,62200726354506;71;;;DMF;DMF;formulas_por_posicion.json
124296;J. Perdomo;DMF;;64,73779115416686;65;;;DMF;DMF;formulas_por_posicion.json
55443;J. Portilla;DMF;;70,70062656348429;71;;;DMF;DMF;formulas_por_posicion.json
369904;J. Pretell;DMF;;67,8066536799714;68;;;DMF;DMF;formulas_por_posicion.json
101398;J. Quiñónez;DMF;;66,82749314075359;67;;;DMF;DMF;formulas_por_posicion.json
57955;J. Rattalino;DMF;;61,56200613257035;62;;;DMF;DMF;formulas_por_posicion.json
57931;J. Ríos;DMF;;69,24782956395204;69;;;DMF;DMF;formulas_por_posicion.json
114478;J. Sforza;DMF;;68,88032049948015;69;;;DMF;DMF;formulas_por_posicion.json
122000;J. Solis;DMF;;70,72887345406696;71;;;DMF;DMF;formulas_por_posicion.json
58245;J. Trindade;DMF;;68,41689611689483;68;;;DMF;DMF;formulas_por_posicion.json
54671;J. Valencia;DMF;;69,02125390106978;69;;;DMF;DMF;formulas_por_posicion.json
44791;Jair;DMF;;68,16856457804091;68;;;DMF;DMF;formulas_por_posicion.json
110505;Jauregizar;DMF;;78,41166619487943;78;;;DMF;DMF;formulas_por_posicion.json
110319;Johnny Cardoso;DMF;;77,16564564362594;77;;;DMF;DMF;formulas_por_posicion.json
118207;Jorge Cestero;DMF;;64,30646695968555;64;;;DMF;DMF;formulas_por_posicion.json
59458;Jorginho;DMF;;81,48296335439107;81;;;DMF;DMF;formulas_por_posicion.json
109540;João Palhinha;DMF;;79,78920769451334;80;;;DMF;DMF;formulas_por_posicion.json
47129;João Schmidt;DMF;;69,17833617203266;69;;;DMF;DMF;formulas_por_posicion.json
114682;K. Arriaga;DMF;;70,11271295539741;70;;;DMF;DMF;formulas_por_posicion.json
47398;K. Asllani;DMF;;72,77700055071597;73;;;DMF;DMF;formulas_por_posicion.json
104268;K. Castaño;DMF;;68,24426452961995;68;;;DMF;DMF;formulas_por_posicion.json
117498;K. Castaño;DMF;;73,20921969602779;73;;;DMF;DMF;formulas_por_posicion.json
119801;K. Gutiérrez;DMF;;70,96293901907765;71;;;DMF;DMF;formulas_por_posicion.json
105532;K. López;DMF;;67,71248092864445;68;;;DMF;DMF;formulas_por_posicion.json
55774;K. Minda;DMF;;66,93166628652466;67;;;DMF;DMF;formulas_por_posicion.json
117758;K. Ortiz;DMF;;68,89678872701984;69;;;DMF;DMF;formulas_por_posicion.json
110356;K. Phillips;DMF;;73,28842841612808;73;;;DMF;DMF;formulas_por_posicion.json
108968;K. Rodney;DMF;;63,20257686227049;63;;;DMF;DMF;formulas_por_posicion.json
4414;K. Sibo;DMF;;68,48283933301215;68;;;DMF;DMF;formulas_por_posicion.json
56042;K. Toscano;DMF;;64,67044019670658;65;;;DMF;DMF;formulas_por_posicion.json
56232;K. Toscano;DMF;;62,49064131453461;62;;;DMF;DMF;formulas_por_posicion.json
373169;K. Vázquez;DMF;;67,92127713376287;68;;;DMF;DMF;formulas_por_posicion.json
41082;Koke;DMF;;79,28989313585353;79;;;DMF;DMF;formulas_por_posicion.json
59840;L. Abergel;DMF;;74,18583433079307;74;;;DMF;DMF;formulas_por_posicion.json
108523;L. Agoumé;DMF;;73,14269791303145;73;;;DMF;DMF;formulas_por_posicion.json
104102;L. Bogarde;DMF;;72,43055860173101;72;;;DMF;DMF;formulas_por_posicion.json
104185;L. Cook;DMF;;76,58365818073283;77;;;DMF;DMF;formulas_por_posicion.json
57929;L. Fioravanti;DMF;;63,41705497625037;63;;;DMF;DMF;formulas_por_posicion.json
55735;L. Flores;DMF;;68,19381263127259;68;;;DMF;DMF;formulas_por_posicion.json
303339;L. Justiniano;DMF;;68,51560916705253;69;;;DMF;DMF;formulas_por_posicion.json
118270;L. Kal;DMF;;67,07554297859768;67;;;DMF;DMF;formulas_por_posicion.json
112907;L. Lipani;DMF;;67,6296676815066;68;;;DMF;DMF;formulas_por_posicion.json
114852;L. Otávio;DMF;;62,03191886910933;62;;;DMF;DMF;formulas_por_posicion.json
47246;L. Palavecino;DMF;;62,293335605089034;62;;;DMF;DMF;formulas_por_posicion.json
45356;L. Paredes;DMF;;78,50402079479709;79;;;DMF;DMF;formulas_por_posicion.json
55951;L. Paz;DMF;;65,52589437282576;66;;;DMF;DMF;formulas_por_posicion.json
33909;L. Perez;DMF;;67,59843859836363;68;;;DMF;DMF;formulas_por_posicion.json
110602;L. Picco;DMF;;70,778682465243;71;;;DMF;DMF;formulas_por_posicion.json
101687;L. Rodríguez;DMF;;61,46272507716776;61;;;DMF;DMF;formulas_por_posicion.json
119813;L. Rodríguez;DMF;;71,438769440631;71;;;DMF;DMF;formulas_por_posicion.json
368708;L. Roldán;DMF;;67,06751257971312;67;;;DMF;DMF;formulas_por_posicion.json
47825;L. Romero;DMF;;74,05420066627644;74;;;DMF;DMF;formulas_por_posicion.json
122932;L. Romero;DMF;;65,63758946178555;66;;;DMF;DMF;formulas_por_posicion.json
122016;L. Sasha;DMF;;66,92927235479463;67;;;DMF;DMF;formulas_por_posicion.json
108218;L. Tousart;DMF;;67,79440565279825;68;;;DMF;DMF;formulas_por_posicion.json
102383;L. Ugochukwu;DMF;;74,56027041348634;75;;;DMF;DMF;formulas_por_posicion.json
104112;L. Vega;DMF;;59,96394827902352;60;;;DMF;DMF;formulas_por_posicion.json
107918;L. Villegas;DMF;;64,31390577259972;64;;;DMF;DMF;formulas_por_posicion.json
264281;Lechuga;DMF;;86,2874339620418;86;;;DMF;DMF;formulas_por_posicion.json
58235;Leonai;DMF;;65,45474734036745;65;;;DMF;DMF;formulas_por_posicion.json
110747;Luan;DMF;;65,15918743264746;65;;;DMF;DMF;formulas_por_posicion.json
46614;Lucas Silva;DMF;;73,16088856966866;73;;;DMF;DMF;formulas_por_posicion.json
107451;Lucas Torró;DMF;;75,68593297033642;76;;;DMF;DMF;formulas_por_posicion.json
43133;Luiz Gustavo;DMF;;68,99173768884613;69;;;DMF;DMF;formulas_por_posicion.json
58173;M. Agámez;DMF;;62,44656827211586;62;;;DMF;DMF;formulas_por_posicion.json
106749;M. Al-Musrati;DMF;;73,73992138569902;74;;;DMF;DMF;formulas_por_posicion.json
103893;M. Amondarain;DMF;;68,95544518165808;69;;;DMF;DMF;formulas_por_posicion.json
61527;M. Arambarri;DMF;;77,74333037130228;78;;;DMF;DMF;formulas_por_posicion.json
47396;M. Brozović;DMF;;77,47212244253171;77;;;DMF;DMF;formulas_por_posicion.json
103875;M. Caicedo;DMF;;85,67877937684177;86;;;DMF;DMF;formulas_por_posicion.json
116420;M. Courcoul;DMF;;67,58225809728924;68;;;DMF;DMF;formulas_por_posicion.json
111984;M. De Carvalho;DMF;;67,68309770394158;68;;;DMF;DMF;formulas_por_posicion.json
46866;M. De Roon;DMF;;77,78213332026108;78;;;DMF;DMF;formulas_por_posicion.json
109106;M. Delgado;DMF;;72,4033199344525;72;;;DMF;DMF;formulas_por_posicion.json
41428;M. Díaz;DMF;;67,829938307399;68;;;DMF;DMF;formulas_por_posicion.json
114603;M. Esponda;DMF;;64,68177862121156;65;;;DMF;DMF;formulas_por_posicion.json
35199;M. Fernandes;DMF;;69,07917905550889;69;;;DMF;DMF;formulas_por_posicion.json
118300;M. Fernández;DMF;;68,05950608311993;68;;;DMF;DMF;formulas_por_posicion.json
109211;M. Galarza;DMF;;72,52027332491835;73;;;DMF;DMF;formulas_por_posicion.json
58102;M. Galindo;DMF;;58,84540700804269;59;;;DMF;DMF;formulas_por_posicion.json
116467;M. García;DMF;;67,72745127575926;68;;;DMF;DMF;formulas_por_posicion.json
119128;M. García;DMF;;57,09900622599193;57;;;DMF;DMF;formulas_por_posicion.json
121300;M. González;DMF;;65,13587076117378;65;;;DMF;DMF;formulas_por_posicion.json
114545;M. Højholt;DMF;;64,97843596613586;65;;;DMF;DMF;formulas_por_posicion.json
63305;M. Keita;DMF;;71,36496769752858;71;;;DMF;DMF;formulas_por_posicion.json
107949;M. Locatelli;DMF;;80,91285771097986;81;;;DMF;DMF;formulas_por_posicion.json
100420;M. Marin;DMF;;66,50310660287712;67;;;DMF;DMF;formulas_por_posicion.json
55910;M. Martínez;DMF;;69,35078191455877;69;;;DMF;DMF;formulas_por_posicion.json
116496;M. Morello;DMF;;64,65112186336663;65;;;DMF;DMF;formulas_por_posicion.json
56025;M. Núñez;DMF;;66,53492645818869;67;;;DMF;DMF;formulas_por_posicion.json
117074;M. Oyedele;DMF;;69,18481823592194;69;;;DMF;DMF;formulas_por_posicion.json
114784;M. Perrone;DMF;;74,40363671749017;74;;;DMF;DMF;formulas_por_posicion.json
118103;M. Prati;DMF;;70,23144554027945;70;;;DMF;DMF;formulas_por_posicion.json
57980;M. Puig;DMF;;62,513789302605275;63;;;DMF;DMF;formulas_por_posicion.json
56050;M. Rabuñal;DMF;;67,2608362483068;67;;;DMF;DMF;formulas_por_posicion.json
55988;M. Ríos;DMF;;62,853265627887126;63;;;DMF;DMF;formulas_por_posicion.json
34991;M. Sales;DMF;;64,86270336071922;65;;;DMF;DMF;formulas_por_posicion.json
101958;M. Ugarte;DMF;;76,19296001615622;76;;;DMF;DMF;formulas_por_posicion.json
109629;M. Uribe;DMF;;71,64737128152504;72;;;DMF;DMF;formulas_por_posicion.json
105251;M. Vera;DMF;;69,85985925729302;70;;;DMF;DMF;formulas_por_posicion.json
118664;M. Wieffer;DMF;;74,71721705930604;75;;;DMF;DMF;formulas_por_posicion.json
111935;M. Zubimendi;DMF;;83,32739810166672;83;;;DMF;DMF;formulas_por_posicion.json
114070;Marc Aguado;DMF;;71,53055516601354;72;;;DMF;DMF;formulas_por_posicion.json
57740;Marc Bernal;DMF;;73,56454371615996;74;;;DMF;DMF;formulas_por_posicion.json
47184;Marc Casadó;DMF;;76,21337947009951;76;;;DMF;DMF;formulas_por_posicion.json
114226;Marc Roca;DMF;;77,24709651687351;77;;;DMF;DMF;formulas_por_posicion.json
59783;Mario Martín;DMF;;71,4080458691437;71;;;DMF;DMF;formulas_por_posicion.json
366674;Marlon Freitas;DMF;;73,48420379844893;73;;;DMF;DMF;formulas_por_posicion.json
46959;Martinelli;DMF;;74,59656108496027;75;;;DMF;DMF;formulas_por_posicion.json
59963;Mateus Carvalho;DMF;;63,30422172243118;63;;;DMF;DMF;formulas_por_posicion.json
264272;Matías;DMF;;60,87991892063941;61;;;DMF;DMF;formulas_por_posicion.json
58171;Murilo Rhikman;DMF;;63,49062475353322;63;;;DMF;DMF;formulas_por_posicion.json
108637;N. Acevedo;DMF;;70,54904557605741;71;;;DMF;DMF;formulas_por_posicion.json
55973;N. Arévalo;DMF;;67,7325167084325;68;;;DMF;DMF;formulas_por_posicion.json
54854;N. Eliseche;DMF;;60,84311445087829;61;;;DMF;DMF;formulas_por_posicion.json
118041;N. Estevez;DMF;;70,14811006512112;70;;;DMF;DMF;formulas_por_posicion.json
117468;N. Fonseca;DMF;;71,14285424361555;71;;;DMF;DMF;formulas_por_posicion.json
110699;N. Gudelj;DMF;;72,36432432636101;72;;;DMF;DMF;formulas_por_posicion.json
101334;N. Kanté;DMF;;81,3937957499054;81;;;DMF;DMF;formulas_por_posicion.json
40240;N. Matić;DMF;;75,41977930900856;75;;;DMF;DMF;formulas_por_posicion.json
113271;N. Moro;DMF;;72,63633171816792;73;;;DMF;DMF;formulas_por_posicion.json
112229;N. Mukau;DMF;;71,90055722413126;72;;;DMF;DMF;formulas_por_posicion.json
113217;N. Pais;DMF;;67,67960031180056;68;;;DMF;DMF;formulas_por_posicion.json
101203;N. Pelaitay;DMF;;63,70194772761091;64;;;DMF;DMF;formulas_por_posicion.json
63307;N. Rovella;DMF;;76,72230922415262;77;;;DMF;DMF;formulas_por_posicion.json
114373;N. Schelotto;DMF;;66,12269591745975;66;;;DMF;DMF;formulas_por_posicion.json
105270;N. Tripichio;DMF;;71,20098373574663;71;;;DMF;DMF;formulas_por_posicion.json
105748;N. Watson;DMF;;65,01794092071671;65;;;DMF;DMF;formulas_por_posicion.json
1073779703;Neto Moura;DMF;;69,6766096176693;70;;;DMF;DMF;formulas_por_posicion.json
320992;Newton;DMF;;65,36238672787326;65;;;DMF;DMF;formulas_por_posicion.json
40179;Nico González;DMF;;77,64585436275527;78;;;DMF;DMF;formulas_por_posicion.json
100865;O. El Azzouzi;DMF;;68,96256522686096;69;;;DMF;DMF;formulas_por_posicion.json
57648;O. Valenzuela;DMF;;64,72293063322422;65;;;DMF;DMF;formulas_por_posicion.json
101455;Otávio;DMF;;67,15951617496346;67;;;DMF;DMF;formulas_por_posicion.json
54698;P. Aquino;DMF;;71,6217773947667;72;;;DMF;DMF;formulas_por_posicion.json
47437;P. Ciss;DMF;;73,89885860672484;74;;;DMF;DMF;formulas_por_posicion.json
57941;P. Da Motta;DMF;;70,01987388777042;70;;;DMF;DMF;formulas_por_posicion.json
103403;P. De Paula;DMF;;67,61290103883225;68;;;DMF;DMF;formulas_por_posicion.json
46635;P. Fernández;DMF;;70,47822568363138;70;;;DMF;DMF;formulas_por_posicion.json
114034;P. Hellebrand;DMF;;71,56890062931785;72;;;DMF;DMF;formulas_por_posicion.json
109266;P. Lees-Melou;DMF;;73,18689722024779;73;;;DMF;DMF;formulas_por_posicion.json
111964;P. Madero;DMF;;58,37383171371919;58;;;DMF;DMF;formulas_por_posicion.json
54602;P. Ortiz;DMF;;58,662339790870966;59;;;DMF;DMF;formulas_por_posicion.json
38475;P. Sučić;DMF;;74,40056986467155;74;;;DMF;DMF;formulas_por_posicion.json
37496;P. Tachtsidis;DMF;;67,11628428520748;67;;;DMF;DMF;formulas_por_posicion.json
47565;Pablo Maia;DMF;;70,2635913305479;70;;;DMF;DMF;formulas_por_posicion.json
108817;Patrick;DMF;;60,825895200386896;61;;;DMF;DMF;formulas_por_posicion.json
118551;Pol Lozano;DMF;;74,21269380455902;74;;;DMF;DMF;formulas_por_posicion.json
111028;R. Aliendro;DMF;;71,18266413571538;71;;;DMF;DMF;formulas_por_posicion.json
115832;R. Andrich;DMF;;75,13576308358954;75;;;DMF;DMF;formulas_por_posicion.json
116419;R. Belahyane;DMF;;67,79227890111194;68;;;DMF;DMF;formulas_por_posicion.json
105297;R. Bentancur;DMF;;78,72174120826556;79;;;DMF;DMF;formulas_por_posicion.json
38509;R. Bochi;DMF;;66,99063123690628;67;;;DMF;DMF;formulas_por_posicion.json
46788;R. De Galarreta;DMF;;78,11758995146307;78;;;DMF;DMF;formulas_por_posicion.json
59445;R. Echeverria;DMF;;71,5437488729018;72;;;DMF;DMF;formulas_por_posicion.json
113628;R. Fernández C.;DMF;;69,41433765112008;69;;;DMF;DMF;formulas_por_posicion.json
118335;R. Gravenberch;DMF;;83,81751666967963;84;;;DMF;DMF;formulas_por_posicion.json
108973;R. Guilherme;DMF;;61,38654063149491;61;;;DMF;DMF;formulas_por_posicion.json
58319;R. Herrera;DMF;;66,93906413867526;67;;;DMF;DMF;formulas_por_posicion.json
104008;R. Lavia;DMF;;76,20344347278595;76;;;DMF;DMF;formulas_por_posicion.json
118098;R. Loaiza;DMF;;70,84987253700479;71;;;DMF;DMF;formulas_por_posicion.json
62008;R. Mandragora;DMF;;73,22960704326164;73;;;DMF;DMF;formulas_por_posicion.json
45868;R. Ortiz;DMF;;68,13726519190595;68;;;DMF;DMF;formulas_por_posicion.json
111488;R. Profini;DMF;;67,67454231934472;68;;;DMF;DMF;formulas_por_posicion.json
56151;R. Pérez;DMF;;65,92067409437344;66;;;DMF;DMF;formulas_por_posicion.json
120375;R. Ryller;DMF;;65,67978507011036;66;;;DMF;DMF;formulas_por_posicion.json
58157;R. Saravia;DMF;;67,68612697411123;68;;;DMF;DMF;formulas_por_posicion.json
102915;R. Tapia;DMF;;73,55442271837295;74;;;DMF;DMF;formulas_por_posicion.json
56261;R. Ureña;DMF;;70,7641245566092;71;;;DMF;DMF;formulas_por_posicion.json
51511;R. Villagra;DMF;;71,59426174353176;72;;;DMF;DMF;formulas_por_posicion.json
1073857391;R. Yates;DMF;;73,67875588660645;74;;;DMF;DMF;formulas_por_posicion.json
103631;Rafael Luís;DMF;;67,7525778211365;68;;;DMF;DMF;formulas_por_posicion.json
118388;Raniele;DMF;;70,82601891834538;71;;;DMF;DMF;formulas_por_posicion.json
102110;Rezende;DMF;;65,09608343068925;65;;;DMF;DMF;formulas_por_posicion.json
43752;Richard;DMF;;64,9881232893596;65;;;DMF;DMF;formulas_por_posicion.json
37846;Richardson;DMF;;64,61886923223109;65;;;DMF;DMF;formulas_por_posicion.json
110815;Rodri;DMF;;85,73221546566013;86;;;DMF;DMF;formulas_por_posicion.json
110562;Ronaldo;DMF;;64,46093808056746;64;;;DMF;DMF;formulas_por_posicion.json
44241;Roni;DMF;;64,6697272005327;65;;;DMF;DMF;formulas_por_posicion.json
109914;Ryan;DMF;;64,21680197075588;64;;;DMF;DMF;formulas_por_posicion.json
120377;S. Abdul Samed;DMF;;70,57165716233888;71;;;DMF;DMF;formulas_por_posicion.json
104745;S. Amrabat;DMF;;76,62742307529757;77;;;DMF;DMF;formulas_por_posicion.json
111074;S. Ascacibar;DMF;;74,43924486608061;74;;;DMF;DMF;formulas_por_posicion.json
103558;S. Bajcetic;DMF;;73,10001311327103;73;;;DMF;DMF;formulas_por_posicion.json
116066;S. Berge;DMF;;76,81333709722118;77;;;DMF;DMF;formulas_por_posicion.json
38568;S. Busquets;DMF;;76,9666566575998;77;;;DMF;DMF;formulas_por_posicion.json
110495;S. Colombatto;DMF;;71,30772569162865;71;;;DMF;DMF;formulas_por_posicion.json
119884;S. Cordero;DMF;;65,54700685889689;66;;;DMF;DMF;formulas_por_posicion.json
45832;S. Cristóforo;DMF;;67,7068190064761;68;;;DMF;DMF;formulas_por_posicion.json
114976;S. Fofana;DMF;;65,26224286997254;65;;;DMF;DMF;formulas_por_posicion.json
376949;S. Galani;DMF;;65,47394672018507;65;;;DMF;DMF;formulas_por_posicion.json
308028;S. Gomez;DMF;;72,16498751660792;72;;;DMF;DMF;formulas_por_posicion.json
56027;S. Guzmán;DMF;;67,48667327648161;67;;;DMF;DMF;formulas_por_posicion.json
116254;S. Lobotka;DMF;;81,59789287595751;82;;;DMF;DMF;formulas_por_posicion.json
105278;S. Longo;DMF;;68,71135380963842;69;;;DMF;DMF;formulas_por_posicion.json
103701;S. Magassa;DMF;;71,22470225863873;71;;;DMF;DMF;formulas_por_posicion.json
116605;S. McTominay;DMF;;81,85058915590967;82;;;DMF;DMF;formulas_por_posicion.json
55992;S. Milano;DMF;;62,54333174380978;63;;;DMF;DMF;formulas_por_posicion.json
116603;S. Moreyra;DMF;;67,58051068201486;68;;;DMF;DMF;formulas_por_posicion.json
114912;S. Ricci;DMF;;77,09859928084609;77;;;DMF;DMF;formulas_por_posicion.json
118558;S. Rosané;DMF;;66,51914274720576;67;;;DMF;DMF;formulas_por_posicion.json
121359;S. Sosa;DMF;;65,46520976675232;65;;;DMF;DMF;formulas_por_posicion.json
118171;S. Tonali;DMF;;81,67408815485302;82;;;DMF;DMF;formulas_por_posicion.json
103963;S. Vega;DMF;;66,72697569082933;67;;;DMF;DMF;formulas_por_posicion.json
63265;S. Özcan;DMF;;71,01420639189152;71;;;DMF;DMF;formulas_por_posicion.json
114268;Samú Costa;DMF;;75,70393709677518;76;;;DMF;DMF;formulas_por_posicion.json
103166;T. Adams;DMF;;76,43982537545189;76;;;DMF;DMF;formulas_por_posicion.json
113665;T. Alarcón;DMF;;69,2171020521268;69;;;DMF;DMF;formulas_por_posicion.json
118957;T. Belmonte;DMF;;70,82436168937588;71;;;DMF;DMF;formulas_por_posicion.json
115940;T. Guiacobini;DMF;;63,14146094726284;63;;;DMF;DMF;formulas_por_posicion.json
118316;T. Koopmeiners;DMF;;77,33633882326558;77;;;DMF;DMF;formulas_por_posicion.json
114158;T. Morton;DMF;;76,45317326196867;76;;;DMF;DMF;formulas_por_posicion.json
101615;T. Partey;DMF;;77,59514221712932;78;;;DMF;DMF;formulas_por_posicion.json
103667;T. Pérez;DMF;;65,34711989841547;65;;;DMF;DMF;formulas_por_posicion.json
37901;T. Rincón;DMF;;66,69072901652768;67;;;DMF;DMF;formulas_por_posicion.json
118021;T. Soucek;DMF;;73,14665323484545;73;;;DMF;DMF;formulas_por_posicion.json
104271;T. Tessmann;DMF;;73,49657575345518;73;;;DMF;DMF;formulas_por_posicion.json
107778;Thiago Maia;DMF;;68,60561916675174;69;;;DMF;DMF;formulas_por_posicion.json
58747;Thiago Mendes;DMF;;71,47402240877636;71;;;DMF;DMF;formulas_por_posicion.json
263392;Tristán;DMF;;67,64846327996688;68;;;DMF;DMF;formulas_por_posicion.json
102629;U. Raghouber;DMF;;70,08091772077998;70;;;DMF;DMF;formulas_por_posicion.json
102873;Urko González;DMF;;72,66092003683487;73;;;DMF;DMF;formulas_por_posicion.json
115159;V. Balieiro;DMF;;63,05188712042823;63;;;DMF;DMF;formulas_por_posicion.json
111803;V. Cantillo;DMF;;68,56357083566863;69;;;DMF;DMF;formulas_por_posicion.json
105081;V. Janelt;DMF;;75,18661750325204;75;;;DMF;DMF;formulas_por_posicion.json
263021;V. Pizarro;DMF;;71,88325415705243;72;;;DMF;DMF;formulas_por_posicion.json
55814;V. Rodríguez;DMF;;64,83978334853532;65;;;DMF;DMF;formulas_por_posicion.json
106974;Vesga;DMF;;70,9394086597612;71;;;DMF;DMF;formulas_por_posicion.json
45438;W. Davi;DMF;;59,647674656189764;60;;;DMF;DMF;formulas_por_posicion.json
1073758298;W. Endo;DMF;;76,01577990927058;76;;;DMF;DMF;formulas_por_posicion.json
112728;W. Oliveira;DMF;;65,77617682216352;66;;;DMF;DMF;formulas_por_posicion.json
57943;W. Viera;DMF;;63,25306745165547;63;;;DMF;DMF;formulas_por_posicion.json
109568;Walace;DMF;;68,74150559559226;69;;;DMF;DMF;formulas_por_posicion.json
297409;Wallisson;DMF;;66,31447770365118;66;;;DMF;DMF;formulas_por_posicion.json
46237;William Arão;DMF;;70,72380058361595;71;;;DMF;DMF;formulas_por_posicion.json
119878;Y. Adli;DMF;;74,02766204641047;74;;;DMF;DMF;formulas_por_posicion.json
112218;Y. Bissouma;DMF;;75,35938964156307;75;;;DMF;DMF;formulas_por_posicion.json
113467;Y. Bright;DMF;;68,54465154001643;69;;;DMF;DMF;formulas_por_posicion.json
56182;Y. Goitía;DMF;;64,81308929346503;65;;;DMF;DMF;formulas_por_posicion.json
63679;Y. Gordillo;DMF;;65,69996790748424;66;;;DMF;DMF;formulas_por_posicion.json
116565;Y. Konak;DMF;;65,91413601115626;66;;;DMF;DMF;formulas_por_posicion.json
60800;Y. Ndayishimiye;DMF;;73,10072863332394;73;;;DMF;DMF;formulas_por_posicion.json
100303;Y. Ramadani;DMF;;68,46337536845628;68;;;DMF;DMF;formulas_por_posicion.json
297590;Y. Rodríguez;DMF;;66,76688504796343;67;;;DMF;DMF;formulas_por_posicion.json
56234;Y. Velásquez;DMF;;68,80162691477605;69;;;DMF;DMF;formulas_por_posicion.json
6959;Yuri Lara;DMF;;65,1628052930073;65;;;DMF;DMF;formulas_por_posicion.json
33302;Z. Lucas;DMF;;69,94727620493245;70;;;DMF;DMF;formulas_por_posicion.json
117575;Zanocelo;DMF;;65,87532335269516;66;;;DMF;DMF;formulas_por_posicion.json
109582;Zé Ricardo;DMF;;65,26179347213579;65;;;DMF;DMF;formulas_por_posicion.json
43256;Zé Welison;DMF;;66,56447724637904;67;;;DMF;DMF;formulas_por_posicion.json
322888;Á. Campuzano;DMF;;67,95293080709489;68;;;DMF;DMF;formulas_por_posicion.json
55959;É. Balanta;DMF;;68,9555909657402;69;;;DMF;DMF;formulas_por_posicion.json
44516;É. Ricardo;DMF;;64,8432331597287;65;;;DMF;DMF;formulas_por_posicion.json
378340;Ó. Hernández;DMF;;66,11373901704432;66;;;DMF;DMF;formulas_por_posicion.json
108474;Ó. Zambrano;DMF;;69,5692629959668;70;;;DMF;DMF;formulas_por_posicion.json
100359;Óscar Valentín;DMF;;74,9010930321899;75;;;DMF;DMF;formulas_por_posicion.json
44037;A. Aguerre;GK;;66,86569773622384;67;;;GK;GK;formulas_por_posicion.json
56046;A. Araque;GK;;62,75763956717054;63;;;GK;GK;formulas_por_posicion.json
42825;A. Areola;GK;;73,35349509328033;73;;;GK;GK;formulas_por_posicion.json
6480;A. Baroja;GK;;66,19354595996438;66;;;GK;GK;formulas_por_posicion.json
105098;A. Batalla;GK;;76,00773762399308;76;;;GK;GK;formulas_por_posicion.json
102761;A. Bayındır;GK;;72,63897762164653;73;;;GK;GK;formulas_por_posicion.json
108241;A. Bałabuch;GK;;53,08853195445998;53;;;GK;GK;formulas_por_posicion.json
118085;A. Bodart;GK;;70,25407380995728;70;;;GK;GK;formulas_por_posicion.json
106414;A. Cairns;GK;;59,65830132714228;60;;;GK;GK;formulas_por_posicion.json
56241;A. Calderón;GK;;59,19102275123187;59;;;GK;GK;formulas_por_posicion.json
118596;A. Cavagna;GK;;55,326757582224396;55;;;GK;GK;formulas_por_posicion.json
37149;A. Desábato;GK;;67,34281976176669;67;;;GK;GK;formulas_por_posicion.json
43380;A. Domínguez;GK;;70,226010661603;70;;;GK;GK;formulas_por_posicion.json
55532;A. Duarte;GK;;66,28667296345787;66;;;GK;GK;formulas_por_posicion.json
117384;A. Furlanetto;GK;;58,24260627271488;58;;;GK;GK;formulas_por_posicion.json
113863;A. Gunn;GK;;69,23173895656524;69;;;GK;GK;formulas_por_posicion.json
101141;A. Kinský;GK;;72,62650240617522;73;;;GK;GK;formulas_por_posicion.json
56155;A. Lastra;GK;;60,000896717799165;60;;;GK;GK;formulas_por_posicion.json
105073;A. Lunin;GK;;76,91367691704082;77;;;GK;GK;formulas_por_posicion.json
55644;A. Marchesín;GK;;72,11280171876372;72;;;GK;GK;formulas_por_posicion.json
60680;A. Martín Arias;GK;;70,24333034650748;70;;;GK;GK;formulas_por_posicion.json
104485;A. Meret;GK;;79,17386627233262;79;;;GK;GK;formulas_por_posicion.json
34781;A. Meyer;GK;;71,22162419837431;71;;;GK;GK;formulas_por_posicion.json
43643;A. Mirbach;GK;;55,34638408013125;55;;;GK;GK;formulas_por_posicion.json
56225;A. Mosquera;GK;;68,30731301305823;68;;;GK;GK;formulas_por_posicion.json
47114;A. Murić;GK;;71,73697717850348;72;;;GK;GK;formulas_por_posicion.json
114214;A. Nunziante;GK;;53,15654089881003;53;;;GK;GK;formulas_por_posicion.json
113743;A. Paleari;GK;;67,34797553579727;67;;;GK;GK;formulas_por_posicion.json
121944;A. Patterson;GK;;70,85435920874187;71;;;GK;GK;formulas_por_posicion.json
55730;A. Quintana;GK;;70,03677843759174;70;;;GK;GK;formulas_por_posicion.json
115228;A. Ramsdale;GK;;73,95575780878343;74;;;GK;GK;formulas_por_posicion.json
105304;A. Rossi;GK;;77,7590207633413;78;;;GK;GK;formulas_por_posicion.json
117662;A. Sherri;GK;;63,127502810565495;63;;;GK;GK;formulas_por_posicion.json
364847;A. Sinisterra;GK;;57,456050415538755;57;;;GK;GK;formulas_por_posicion.json
118668;A. Vidal;GK;;64,18497154494071;64;;;GK;GK;formulas_por_posicion.json
55781;A. Villa;GK;;60,12579189388312;60;;;GK;GK;formulas_por_posicion.json
60029;A. Werner;GK;;66,34357513821607;66;;;GK;GK;formulas_por_posicion.json
36671;A. Šemper;GK;;68,51157387064723;69;;;GK;GK;formulas_por_posicion.json
61145;Aarón Escandell;GK;;74,73202626258116;75;;;GK;GK;formulas_por_posicion.json
47250;Adrián;GK;;69,24683764629965;69;;;GK;GK;formulas_por_posicion.json
114698;Agirrezabala;GK;;74,48375515927714;74;;;GK;GK;formulas_por_posicion.json
63371;Aitor Fernández;GK;;74,49012724998452;74;;;GK;GK;formulas_por_posicion.json
101743;Alex Muralha;GK;;64,00209817685135;64;;;GK;GK;formulas_por_posicion.json
63474;Alisson;GK;;85,02523935497179;85;;;GK;GK;formulas_por_posicion.json
114243;Anderson;GK;;62,33798934058807;62;;;GK;GK;formulas_por_posicion.json
115788;Andrew;GK;;71,7741450321803;72;;;GK;GK;formulas_por_posicion.json
38422;Anthoni;GK;;67,07048168680603;67;;;GK;GK;formulas_por_posicion.json
40990;Anthony Lopes;GK;;73,56586702777149;74;;;GK;GK;formulas_por_posicion.json
102841;Aranha;GK;;58,216010184184086;58;;;GK;GK;formulas_por_posicion.json
104650;Aranu Tenas;GK;;72,25645868146168;72;;;GK;GK;formulas_por_posicion.json
112855;B. Austin;GK;;64,3779783383018;64;;;GK;GK;formulas_por_posicion.json
37976;B. Bertinato;GK;;60,690442524638556;61;;;GK;GK;formulas_por_posicion.json
47671;B. Bustos;GK;;63,101407319722384;63;;;GK;GK;formulas_por_posicion.json
47959;B. Cortés;GK;;70,09747455369804;70;;;GK;GK;formulas_por_posicion.json
60883;B. Kamara;GK;;66,919832942091;67;;;GK;GK;formulas_por_posicion.json
42821;B. Lecomte;GK;;71,43373762661238;71;;;GK;GK;formulas_por_posicion.json
45144;B. Leno;GK;;76,3604856292417;76;;;GK;GK;formulas_por_posicion.json
100925;B. Leroy;GK;;64,77421350516136;65;;;GK;GK;formulas_por_posicion.json
109144;B. Radunovic;GK;;59,10821616652609;59;;;GK;GK;formulas_por_posicion.json
47529;B. Samba;GK;;64,80210213645256;65;;;GK;GK;formulas_por_posicion.json
34979;B. Siegrist;GK;;66,97645638081342;67;;;GK;GK;formulas_por_posicion.json
110351;B. Verbruggen;GK;;76,86233057030819;77;;;GK;GK;formulas_por_posicion.json
119840;B. Özer;GK;;74,84077490536815;75;;;GK;GK;formulas_por_posicion.json
113293;B. Żelazowski;GK;;59,412748439996875;59;;;GK;GK;formulas_por_posicion.json
60266;Benassi;GK;;57,27963953848516;57;;;GK;GK;formulas_por_posicion.json
106618;Bento;GK;;74,89738934969012;75;;;GK;GK;formulas_por_posicion.json
117785;Brenno;GK;;67,67615784695732;68;;;GK;GK;formulas_por_posicion.json
59261;Bruno;GK;;69,91294252948796;70;;;GK;GK;formulas_por_posicion.json
375659;C. Bautista;GK;;55,32548185012372;55;;;GK;GK;formulas_por_posicion.json
61577;C. Cáceda;GK;;68,1590951483995;68;;;GK;GK;formulas_por_posicion.json
51522;C. Dorador;GK;;56,1014617223191;56;;;GK;GK;formulas_por_posicion.json
60071;C. Fiermarin;GK;;69,72741950769088;70;;;GK;GK;formulas_por_posicion.json
108792;C. França;GK;;67,3462509297762;67;;;GK;GK;formulas_por_posicion.json
63159;C. Früchtl;GK;;67,21525517601079;67;;;GK;GK;formulas_por_posicion.json
124278;C. González;GK;;60,278819580281045;60;;;GK;GK;formulas_por_posicion.json
58720;C. Kelleher;GK;;75,90623191878186;76;;;GK;GK;formulas_por_posicion.json
39786;C. Lampe;GK;;70,04031973393202;70;;;GK;GK;formulas_por_posicion.json
60360;C. Ledesma;GK;;73,04246815136369;73;;;GK;GK;formulas_por_posicion.json
59460;C. Mandas;GK;;71,4178660307302;71;;;GK;GK;formulas_por_posicion.json
114404;C. McKenna;GK;;54,00287707192978;54;;;GK;GK;formulas_por_posicion.json
100135;C. Pinsoglio;GK;;65,88677609087941;66;;;GK;GK;formulas_por_posicion.json
37862;C. Toselli;GK;;65,14083310852946;65;;;GK;GK;formulas_por_posicion.json
108953;C. Varela;GK;;65,89329950430789;66;;;GK;GK;formulas_por_posicion.json
120345;C. Varela;GK;;65,89329950430789;66;;;GK;GK;formulas_por_posicion.json
47988;C. Vargas;GK;;70,78442518780321;71;;;GK;GK;formulas_por_posicion.json
118323;Carlos Coronel;GK;;69,50591760450251;70;;;GK;GK;formulas_por_posicion.json
114086;Carlos Miguel;GK;;71,26281963845885;71;;;GK;GK;formulas_por_posicion.json
263776;Carmiño;GK;;75,53372662918021;76;;;GK;GK;formulas_por_posicion.json
38192;Cleiton;GK;;68,59153616976658;69;;;GK;GK;formulas_por_posicion.json
114699;Cristian Rivero;GK;;62,32011826126801;62;;;GK;GK;formulas_por_posicion.json
36943;Cássio;GK;;72,51180944643937;73;;;GK;GK;formulas_por_posicion.json
113574;D. Bentley;GK;;67,77106786316206;68;;;GK;GK;formulas_por_posicion.json
109424;D. Cabezas;GK;;65,69425189976637;66;;;GK;GK;formulas_por_posicion.json
58058;D. Capdevila;GK;;58,2311611111236;58;;;GK;GK;formulas_por_posicion.json
56056;D. Enríquez;GK;;70,46377321129468;70;;;GK;GK;formulas_por_posicion.json
104431;D. Fernandes;GK;;65,25795613546507;65;;;GK;GK;formulas_por_posicion.json
121364;D. Fernández;GK;;57,279794535929675;57;;;GK;GK;formulas_por_posicion.json
55805;D. Gil;GK;;59,53167076684294;60;;;GK;GK;formulas_por_posicion.json
58842;D. Greif;GK;;77,38306915898332;77;;;GK;GK;formulas_por_posicion.json
111450;D. Henderson;GK;;79,8692666727818;80;;;GK;GK;formulas_por_posicion.json
113968;D. Kochen;GK;;58,76524714901545;59;;;GK;GK;formulas_por_posicion.json
113596;D. Livakovic;GK;;75,14463176020692;75;;;GK;GK;formulas_por_posicion.json
45078;D. Léon;GK;;73,60708267082313;74;;;GK;GK;formulas_por_posicion.json
59353;D. Melo;GK;;60,345036364401906;60;;;GK;GK;formulas_por_posicion.json
263172;D. Méndez;GK;;61,47191979270068;61;;;GK;GK;formulas_por_posicion.json
54395;D. Novoa;GK;;68,33252254676921;68;;;GK;GK;formulas_por_posicion.json
36703;D. Ospina;GK;;71,90287011347695;72;;;GK;GK;formulas_por_posicion.json
8959;D. Padelli;GK;;62,17493601072998;62;;;GK;GK;formulas_por_posicion.json
101946;D. Rodríguez;GK;;70,02549806621113;70;;;GK;GK;formulas_por_posicion.json
118639;D. Romero;GK;;67,69643695523162;68;;;GK;GK;formulas_por_posicion.json
114980;D. Sommariva;GK;;58,96533006463915;59;;;GK;GK;formulas_por_posicion.json
119877;D. St. Clair;GK;;70,38319644488169;70;;;GK;GK;formulas_por_posicion.json
122678;D. Sánchez;GK;;66,39180752722561;66;;;GK;GK;formulas_por_posicion.json
118447;D. Vásquez;GK;;72,2968593268531;72;;;GK;GK;formulas_por_posicion.json
32694;Dani Cárdenas;GK;;70,25774466643976;70;;;GK;GK;formulas_por_posicion.json
36156;Daniel Fuzato;GK;;64,4879136694247;64;;;GK;GK;formulas_por_posicion.json
369200;Davi;GK;;55,80556372561517;56;;;GK;GK;formulas_por_posicion.json
118340;David Raya;GK;;83,85206067995074;84;;;GK;GK;formulas_por_posicion.json
107901;David Soria;GK;;77,88159718662087;78;;;GK;GK;formulas_por_posicion.json
58240;De Arruabarrena;GK;;70,57502852600226;71;;;GK;GK;formulas_por_posicion.json
40571;De Gea;GK;;81,4049024855829;81;;;GK;GK;formulas_por_posicion.json
118617;Diego Conde;GK;;73,11127364318331;73;;;GK;GK;formulas_por_posicion.json
114864;Diógenes;GK;;59,707777891751135;60;;;GK;GK;formulas_por_posicion.json
114947;Dyogo Alves;GK;;59,504244595163;60;;;GK;GK;formulas_por_posicion.json
104704;E. Audero;GK;;76,85005627079123;77;;;GK;GK;formulas_por_posicion.json
112853;E. Balcombe;GK;;60,17248465326637;60;;;GK;GK;formulas_por_posicion.json
41595;E. Bologna;GK;;65,75278030806935;66;;;GK;GK;formulas_por_posicion.json
54863;E. Bores;GK;;63,61912861664655;64;;;GK;GK;formulas_por_posicion.json
111843;E. Caprile;GK;;75,51739894244092;76;;;GK;GK;formulas_por_posicion.json
115843;E. Centuríon;GK;;68,82019763417219;69;;;GK;GK;formulas_por_posicion.json
303349;E. Chaux;GK;;67,87356540471251;68;;;GK;GK;formulas_por_posicion.json
55744;E. Correa;GK;;70,91518327722777;71;;;GK;GK;formulas_por_posicion.json
116950;E. Corvi;GK;;65,37480011128117;65;;;GK;GK;formulas_por_posicion.json
108344;E. Gómez Riga;GK;;60,22126378328208;60;;;GK;GK;formulas_por_posicion.json
103687;E. Lysionok;GK;;53,10992170340634;53;;;GK;GK;formulas_por_posicion.json
101076;E. Martínez;GK;;82,36890268323027;82;;;GK;GK;formulas_por_posicion.json
111333;E. Motta;GK;;64,45567427068423;64;;;GK;GK;formulas_por_posicion.json
55980;E. Márquez;GK;;61,2556898401029;61;;;GK;GK;formulas_por_posicion.json
55824;E. Rodríguez;GK;;56,44951125029709;56;;;GK;GK;formulas_por_posicion.json
1073757816;E. Salinas;GK;;59,908950847337685;60;;;GK;GK;formulas_por_posicion.json
114162;E. Sittaro;GK;;57,53767603500942;58;;;GK;GK;formulas_por_posicion.json
55956;E. Villanueva;GK;;56,91731764521259;57;;;GK;GK;formulas_por_posicion.json
42839;Everson;GK;;75,36655239248594;75;;;GK;GK;formulas_por_posicion.json
105331;F. Altamirano;GK;;65,11496780994486;65;;;GK;GK;formulas_por_posicion.json
45674;F. Armani;GK;;71,35774782577526;71;;;GK;GK;formulas_por_posicion.json
111152;F. Bonansea;GK;;60,644544183727334;61;;;GK;GK;formulas_por_posicion.json
60351;F. Broun;GK;;69,06292150412784;69;;;GK;GK;formulas_por_posicion.json
111295;F. Cambeses;GK;;72,77014457781635;73;;;GK;GK;formulas_por_posicion.json
106815;F. De Paul;GK;;68,58913012192457;69;;;GK;GK;formulas_por_posicion.json
36768;F. Forster;GK;;68,8201769443005;69;;;GK;GK;formulas_por_posicion.json
3673;F. Gattoni;GK;;32,13984977628479;32;;;GK;GK;formulas_por_posicion.json
103128;F. Gomes Gerth;GK;;57,17696460473387;57;;;GK;GK;formulas_por_posicion.json
369333;F. Gómez;GK;;57,40128812738986;57;;;GK;GK;formulas_por_posicion.json
115533;F. Iacovich;GK;;67,63106477216883;68;;;GK;GK;formulas_por_posicion.json
118230;F. Israel;GK;;72,427281864863;72;;;GK;GK;formulas_por_posicion.json
118680;F. Jörgensen;GK;;74,25483382977964;74;;;GK;GK;formulas_por_posicion.json
105223;F. Lanzillota;GK;;67,25013252941642;67;;;GK;GK;formulas_por_posicion.json
102259;F. Losas;GK;;61,60894196859999;62;;;GK;GK;formulas_por_posicion.json
114755;F. Masuero;GK;;59,64828413073418;60;;;GK;GK;formulas_por_posicion.json
38534;F. Miguel;GK;;66,09363200778552;66;;;GK;GK;formulas_por_posicion.json
36727;F. Muslera;GK;;76,50881409281324;77;;;GK;GK;formulas_por_posicion.json
58302;F. Petroli;GK;;68,95959317267177;69;;;GK;GK;formulas_por_posicion.json
63187;F. Piotti;GK;;55,458164074585994;55;;;GK;GK;formulas_por_posicion.json
114480;F. Ravaglia;GK;;68,55823731249112;69;;;GK;GK;formulas_por_posicion.json
116958;F. Rinaldi;GK;;60,19521559713627;60;;;GK;GK;formulas_por_posicion.json
115038;F. Rossi;GK;;59,43717531046589;59;;;GK;GK;formulas_por_posicion.json
4583;F. Sanguinetti;GK;;66,70686319856489;67;;;GK;GK;formulas_por_posicion.json
107693;F. Woodman;GK;;67,99742132222953;68;;;GK;GK;formulas_por_posicion.json
55905;F. Zenobio;GK;;67,18641070889112;67;;;GK;GK;formulas_por_posicion.json
118569;Fabrício;GK;;61,90297118891854;62;;;GK;GK;formulas_por_posicion.json
373527;Felipe Longo;GK;;62,23332897100181;62;;;GK;GK;formulas_por_posicion.json
110627;Fintelman;GK;;57,4803446191913;57;;;GK;GK;formulas_por_posicion.json
100212;Fortuño;GK;;61,67004972935109;62;;;GK;GK;formulas_por_posicion.json
118571;Fran González;GK;;61,64841250600905;62;;;GK;GK;formulas_por_posicion.json
4039;Fábio;GK;;77,62558987800793;78;;;GK;GK;formulas_por_posicion.json
32780;G. Arias;GK;;69,32222713956014;69;;;GK;GK;formulas_por_posicion.json
111148;G. Astaldi;GK;;52,752778163129676;53;;;GK;GK;formulas_por_posicion.json
60982;G. Castellón;GK;;66,86058074328858;67;;;GK;GK;formulas_por_posicion.json
105382;G. Ciocci;GK;;56,29040038753392;56;;;GK;GK;formulas_por_posicion.json
118111;G. Coudert;GK;;55,10534780214544;55;;;GK;GK;formulas_por_posicion.json
58220;G. De Amores;GK;;64,67325570663455;65;;;GK;GK;formulas_por_posicion.json
108279;G. Donnarumma;GK;;86,0244572105607;86;;;GK;GK;formulas_por_posicion.json
123076;G. Flores;GK;;57,002364765197655;57;;;GK;GK;formulas_por_posicion.json
111153;G. Guruceaga;GK;;65,90192643642497;66;;;GK;GK;formulas_por_posicion.json
60198;G. Herrera;GK;;71,68304176497894;72;;;GK;GK;formulas_por_posicion.json
63414;G. Kobel;GK;;82,9327025822938;83;;;GK;GK;formulas_por_posicion.json
38778;G. Marinelli;GK;;65,33227858495852;65;;;GK;GK;formulas_por_posicion.json
58254;G. Oliveira;GK;;71,44941316060746;71;;;GK;GK;formulas_por_posicion.json
117791;G. Restes;GK;;62,042731375503834;62;;;GK;GK;formulas_por_posicion.json
60059;G. Rulli;GK;;77,95912593516032;78;;;GK;GK;formulas_por_posicion.json
58407;G. Salvatierra;GK;;59,054325108972634;59;;;GK;GK;formulas_por_posicion.json
103176;G. Santilli;GK;;65,66871470518797;66;;;GK;GK;formulas_por_posicion.json
111442;G. Satalino;GK;;63,411428079739;63;;;GK;GK;formulas_por_posicion.json
54679;G. Schiavone;GK;;63,96170103775583;64;;;GK;GK;formulas_por_posicion.json
59675;G. Siri;GK;;62,708795425575445;63;;;GK;GK;formulas_por_posicion.json
109557;G. Souza;GK;;57,55813895468414;58;;;GK;GK;formulas_por_posicion.json
113775;G. Słonina;GK;;64,95370387103132;65;;;GK;GK;formulas_por_posicion.json
109924;G. Toniolo;GK;;53,10732881743935;53;;;GK;GK;formulas_por_posicion.json
55780;G. Valle;GK;;71,91231794400152;72;;;GK;GK;formulas_por_posicion.json
116482;G. Vicario;GK;;77,79827393230197;78;;;GK;GK;formulas_por_posicion.json
114371;G. Villar;GK;;68,07382377051334;68;;;GK;GK;formulas_por_posicion.json
65044;G. Viscarra;GK;;67,3165615224664;67;;;GK;GK;formulas_por_posicion.json
44591;G. Zacchi;GK;;58,9480036384184;59;;;GK;GK;formulas_por_posicion.json
41235;G. Átila;GK;;58,015326381895804;58;;;GK;GK;formulas_por_posicion.json
60175;Gabreil Brazão;GK;;73,47114632656195;73;;;GK;GK;formulas_por_posicion.json
43694;Gabriel;GK;;67,19422365738706;67;;;GK;GK;formulas_por_posicion.json
58849;Gabriel Delfim;GK;;61,67319468696141;62;;;GK;GK;formulas_por_posicion.json
60236;Gabriel Grando;GK;;64,6756836492517;65;;;GK;GK;formulas_por_posicion.json
114215;Georgemy;GK;;60,86632081776311;61;;;GK;GK;formulas_por_posicion.json
108075;Gustavo Reis;GK;;59,189037813639644;59;;;GK;GK;formulas_por_posicion.json
58280;H. Castillo;GK;;65,0600849980845;65;;;GK;GK;formulas_por_posicion.json
118165;H. Davies;GK;;58,1785400555508;58;;;GK;GK;formulas_por_posicion.json
47557;H. Galíndez;GK;;72,28161403297983;72;;;GK;GK;formulas_por_posicion.json
112398;H. Koffi;GK;;75,12465774831986;75;;;GK;GK;formulas_por_posicion.json
9416;H. Leite;GK;;68,92183173680363;69;;;GK;GK;formulas_por_posicion.json
117866;H. Moldovan;GK;;68,5618672068065;69;;;GK;GK;formulas_por_posicion.json
109884;H. Tyrer;GK;;64,12749062239737;64;;;GK;GK;formulas_por_posicion.json
6265;H. Valdimarsson;GK;;66,07969417525688;66;;;GK;GK;formulas_por_posicion.json
107930;Henrique Menke;GK;;55,822880486805026;56;;;GK;GK;formulas_por_posicion.json
110713;Hugo Souza;GK;;77,09175615768434;77;;;GK;GK;formulas_por_posicion.json
61574;I. Arce;GK;;71,23406267471779;71;;;GK;GK;formulas_por_posicion.json
111309;I. Chicco;GK;;64,91607866830276;65;;;GK;GK;formulas_por_posicion.json
101217;I. Jourdren;GK;;52,26543953909202;52;;;GK;GK;formulas_por_posicion.json
60272;I. López;GK;;58,456977733501176;58;;;GK;GK;formulas_por_posicion.json
118246;I. Meslier;GK;;68,21182169618608;68;;;GK;GK;formulas_por_posicion.json
103120;I. Provedel;GK;;80,5794608082322;81;;;GK;GK;formulas_por_posicion.json
109213;I. Radu;GK;;74,81149886451436;75;;;GK;GK;formulas_por_posicion.json
58070;I. Suárez;GK;;63,279337177425234;63;;;GK;GK;formulas_por_posicion.json
57613;I. Sáez;GK;;60,02904962198401;60;;;GK;GK;formulas_por_posicion.json
103621;Iturbe;GK;;62,860725098807244;63;;;GK;GK;formulas_por_posicion.json
100815;Ivan;GK;;65,60894101063562;66;;;GK;GK;formulas_por_posicion.json
114403;Iván Villar;GK;;69,42404210241065;69;;;GK;GK;formulas_por_posicion.json
59706;Iñaki Peña;GK;;73,36830929822139;73;;;GK;GK;formulas_por_posicion.json
366623;J. Acosta;GK;;57,41750527590867;57;;;GK;GK;formulas_por_posicion.json
116483;J. Barceló;GK;;58,04953686773994;58;;;GK;GK;formulas_por_posicion.json
111130;J. Bijlow;GK;;72,21171380762334;72;;;GK;GK;formulas_por_posicion.json
101983;J. Blaswich;GK;;71,12283547331656;71;;;GK;GK;formulas_por_posicion.json
114050;J. Blázquez;GK;;60,56701815006728;61;;;GK;GK;formulas_por_posicion.json
112003;J. Burrai;GK;;67,75822920879708;68;;;GK;GK;formulas_por_posicion.json
107218;J. Butez;GK;;74,19008097887234;74;;;GK;GK;formulas_por_posicion.json
368710;J. Camargo;GK;;66,99133092572035;67;;;GK;GK;formulas_por_posicion.json
60682;J. Carranza;GK;;67,24486218417522;67;;;GK;GK;formulas_por_posicion.json
58049;J. Cevallos;GK;;67,57201351321267;68;;;GK;GK;formulas_por_posicion.json
366638;J. Chunga;GK;;65,23922405091949;65;;;GK;GK;formulas_por_posicion.json
106367;J. Contreras;GK;;70,23593113981964;70;;;GK;GK;formulas_por_posicion.json
45442;J. De Lange;GK;;70,6082908234941;71;;;GK;GK;formulas_por_posicion.json
103586;J. Devecchi;GK;;64,79906387005536;65;;;GK;GK;formulas_por_posicion.json
41548;J. Espínola;GK;;66,38250459979633;66;;;GK;GK;formulas_por_posicion.json
113009;J. Eyestone;GK;;55,532596310595935;56;;;GK;GK;formulas_por_posicion.json
114736;J. Fischer;GK;;68,97220469350339;69;;;GK;GK;formulas_por_posicion.json
37506;J. García;GK;;63,240452661772;63;;;GK;GK;formulas_por_posicion.json
38640;J. González;GK;;62,5129739464887;63;;;GK;GK;formulas_por_posicion.json
104826;J. Graterol;GK;;67,17660557458929;67;;;GK;GK;formulas_por_posicion.json
32549;J. Insúa;GK;;55,73596789097201;56;;;GK;GK;formulas_por_posicion.json
298871;J. Kadijevic;GK;;59,45730542181873;59;;;GK;GK;formulas_por_posicion.json
111911;J. Letáček;GK;;66,81156879722013;67;;;GK;GK;formulas_por_posicion.json
58094;J. López;GK;;54,04441753829565;54;;;GK;GK;formulas_por_posicion.json
56055;J. Martínez;GK;;66,69167252745672;67;;;GK;GK;formulas_por_posicion.json
110379;J. Molina;GK;;55,71309035914995;56;;;GK;GK;formulas_por_posicion.json
60238;J. Musso;GK;;76,85375088232226;77;;;GK;GK;formulas_por_posicion.json
44104;J. Oblak;GK;;85,09441286758931;85;;;GK;GK;formulas_por_posicion.json
101989;J. Omlin;GK;;70,69362962110567;71;;;GK;GK;formulas_por_posicion.json
40735;J. Papaleo;GK;;65,50544068330632;66;;;GK;GK;formulas_por_posicion.json
58397;J. Peñarrieta;GK;;59,867664620355455;60;;;GK;GK;formulas_por_posicion.json
47286;J. Pickdord;GK;;81,7796454208014;82;;;GK;GK;formulas_por_posicion.json
114734;J. Reinatti;GK;;56,90447419016735;57;;;GK;GK;formulas_por_posicion.json
63505;J. Ricardo;GK;;71,03514050369644;71;;;GK;GK;formulas_por_posicion.json
55543;J. Rodríguez;GK;;57,291667477094656;57;;;GK;GK;formulas_por_posicion.json
32386;J. Ruddy;GK;;65,62390538951183;66;;;GK;GK;formulas_por_posicion.json
112597;J. Samooja;GK;;58,267240486433664;58;;;GK;GK;formulas_por_posicion.json
55944;J. Soto;GK;;66,95756824599383;67;;;GK;GK;formulas_por_posicion.json
108664;J. Stawiecki;GK;;57,06299774831109;57;;;GK;GK;formulas_por_posicion.json
37289;J. Steele;GK;;70,21163749818359;70;;;GK;GK;formulas_por_posicion.json
55948;J. Sánchez;GK;;59,9993258949328;60;;;GK;GK;formulas_por_posicion.json
108688;J. Trafford;GK;;73,84351035402517;74;;;GK;GK;formulas_por_posicion.json
114484;J. Urbig;GK;;73,78049197171987;74;;;GK;GK;formulas_por_posicion.json
60607;J. Vallejos;GK;;56,03706134053583;56;;;GK;GK;formulas_por_posicion.json
118556;J. Van Neck;GK;;58,56519302611771;59;;;GK;GK;formulas_por_posicion.json
122302;J. Zozaya;GK;;61,16661343918392;61;;;GK;GK;formulas_por_posicion.json
100178;Jandrei;GK;;64,15993776201223;64;;;GK;GK;formulas_por_posicion.json
47406;Joan García;GK;;83,73362718124528;84;;;GK;GK;formulas_por_posicion.json
113446;John Victor;GK;;73,15697143989478;73;;;GK;GK;formulas_por_posicion.json
113914;Jorge;GK;;57,47038298776786;57;;;GK;GK;formulas_por_posicion.json
113955;Josep Martínez;GK;;71,78244990078807;72;;;GK;GK;formulas_por_posicion.json
60709;José Sá;GK;;73,16686058002642;73;;;GK;GK;formulas_por_posicion.json
101574;João Paulo;GK;;70,17703071039989;70;;;GK;GK;formulas_por_posicion.json
100012;Juan Carlos;GK;;66,7365833544579;67;;;GK;GK;formulas_por_posicion.json
114677;K. Cataño;GK;;62,180604613670425;62;;;GK;GK;formulas_por_posicion.json
100527;K. Darlow;GK;;71,0907679694692;71;;;GK;GK;formulas_por_posicion.json
120306;K. Haug;GK;;58,45642788798487;58;;;GK;GK;formulas_por_posicion.json
47550;K. Johnsson;GK;;66,45462201759003;66;;;GK;GK;formulas_por_posicion.json
41688;K. Mier;GK;;72,20480565211453;72;;;GK;GK;formulas_por_posicion.json
58221;K. Morgan;GK;;57,16050646867283;57;;;GK;GK;formulas_por_posicion.json
58230;K. Pinargote;GK;;57,92785839083314;58;;;GK;GK;formulas_por_posicion.json
109010;K. Trapp;GK;;63,65153517844739;64;;;GK;GK;formulas_por_posicion.json
114189;Kauan;GK;;59,12677205600829;59;;;GK;GK;formulas_por_posicion.json
105361;Kauê;GK;;59,757074352939235;60;;;GK;GK;formulas_por_posicion.json
37260;Keiller;GK;;62,0623393769162;62;;;GK;GK;formulas_por_posicion.json
47242;Kepa;GK;;76,0342501681282;76;;;GK;GK;formulas_por_posicion.json
60677;L. Acosta;GK;;67,32110041411538;67;;;GK;GK;formulas_por_posicion.json
47941;L. Amadé;GK;;64,32422106677909;64;;;GK;GK;formulas_por_posicion.json
111424;L. Aragão;GK;;60,29076741384498;60;;;GK;GK;formulas_por_posicion.json
45660;L. Barraza;GK;;63,224538577449465;63;;;GK;GK;formulas_por_posicion.json
121192;L. Bergström;GK;;64,17196174879253;64;;;GK;GK;formulas_por_posicion.json
111076;L. Brey;GK;;67,12199676680446;67;;;GK;GK;formulas_por_posicion.json
373614;L. Bruera;GK;;66,46895997530041;66;;;GK;GK;formulas_por_posicion.json
119860;L. Bursich;GK;;57,822414897797145;58;;;GK;GK;formulas_por_posicion.json
9379;L. Chevalier;GK;;79,140493904074;79;;;GK;GK;formulas_por_posicion.json
117506;L. Diarra;GK;;61,26254817413616;61;;;GK;GK;formulas_por_posicion.json
34437;L. Fabianski;GK;;70,98792473204304;71;;;GK;GK;formulas_por_posicion.json
58291;L. Fuster;GK;;54,854819294126116;55;;;GK;GK;formulas_por_posicion.json
56105;L. Garzón;GK;;62,48645013966724;62;;;GK;GK;formulas_por_posicion.json
54821;L. Giossa;GK;;63,32320258273433;63;;;GK;GK;formulas_por_posicion.json
118248;L. Hoyos;GK;;66,07522107661481;66;;;GK;GK;formulas_por_posicion.json
59546;L. Hrádecký;GK;;77,83947727928297;78;;;GK;GK;formulas_por_posicion.json
379800;L. Ingolotti;GK;;64,15293478922527;64;;;GK;GK;formulas_por_posicion.json
115355;L. Klanac;GK;;53,30910265352958;53;;;GK;GK;formulas_por_posicion.json
121254;L. Lavagnino;GK;;62,4008677804524;62;;;GK;GK;formulas_por_posicion.json
109462;L. Lezzerini;GK;;66,04998797669435;66;;;GK;GK;formulas_por_posicion.json
121972;L. Maldonado;GK;;59,091552115581216;59;;;GK;GK;formulas_por_posicion.json
55844;L. Marquinez;GK;;63,57168887870667;64;;;GK;GK;formulas_por_posicion.json
114350;L. Mathias;GK;;58,52274190438056;59;;;GK;GK;formulas_por_posicion.json
58069;L. Mejía;GK;;71,20601928328871;71;;;GK;GK;formulas_por_posicion.json
108765;L. Meuli;GK;;59,57590654047974;60;;;GK;GK;formulas_por_posicion.json
117947;L. Mezerette;GK;;56,09895343398263;56;;;GK;GK;formulas_por_posicion.json
100473;L. Montipò;GK;;73,44803599108162;73;;;GK;GK;formulas_por_posicion.json
118702;L. Morales;GK;;69,12397676728531;69;;;GK;GK;formulas_por_posicion.json
57292;L. Mpasi;GK;;67,35127174167795;67;;;GK;GK;formulas_por_posicion.json
115644;L. Nava;GK;;57,651325060633866;58;;;GK;GK;formulas_por_posicion.json
118261;L. Siviero;GK;;52,84891271720999;53;;;GK;GK;formulas_por_posicion.json
110739;L. Torriani;GK;;59,190306556717445;59;;;GK;GK;formulas_por_posicion.json
58255;L. Verza;GK;;62,899175670385944;63;;;GK;GK;formulas_por_posicion.json
114963;L. Vigouroux;GK;;70,66970251337786;71;;;GK;GK;formulas_por_posicion.json
57951;L. Vásquez;GK;;63,27059664974574;63;;;GK;GK;formulas_por_posicion.json
122006;Leo Román;GK;;74,07988694276783;74;;;GK;GK;formulas_por_posicion.json
60706;Lucas Arcanjo;GK;;70,45537153546611;70;;;GK;GK;formulas_por_posicion.json
110394;Lucas Perri;GK;;75,2735239684348;75;;;GK;GK;formulas_por_posicion.json
43398;Lucão;GK;;64,13367131175083;64;;;GK;GK;formulas_por_posicion.json
114313;Luiz Júnior;GK;;75,12789043115987;75;;;GK;GK;formulas_por_posicion.json
44802;Léo Jardim;GK;;75,08389638987683;75;;;GK;GK;formulas_por_posicion.json
1073806821;Léo Linck;GK;;63,201810976309375;63;;;GK;GK;formulas_por_posicion.json
115921;Léo Vieira;GK;;67,21190666076657;67;;;GK;GK;formulas_por_posicion.json
103047;M. Bettinelli;GK;;66,89968321572908;67;;;GK;GK;formulas_por_posicion.json
42539;M. Bizot;GK;;74,85648237590927;75;;;GK;GK;formulas_por_posicion.json
124249;M. Borgogno;GK;;70,90260602104894;71;;;GK;GK;formulas_por_posicion.json
115250;M. Cabrera;GK;;55,82276191533109;56;;;GK;GK;formulas_por_posicion.json
57214;M. Caillard;GK;;64,45391424675877;64;;;GK;GK;formulas_por_posicion.json
43001;M. Campaña;GK;;69,42858415062955;69;;;GK;GK;formulas_por_posicion.json
100185;M. Carnesecchi;GK;;81,74191373613127;82;;;GK;GK;formulas_por_posicion.json
114007;M. Chiesa;GK;;67,85944220087417;68;;;GK;GK;formulas_por_posicion.json
108945;M. Cox;GK;;63,00869652874128;63;;;GK;GK;formulas_por_posicion.json
113822;M. Daniele;GK;;56,00894921409868;56;;;GK;GK;formulas_por_posicion.json
35479;M. Di Gregorio;GK;;78,0054548266342;78;;;GK;GK;formulas_por_posicion.json
104382;M. Diaw;GK;;69,15383993478214;69;;;GK;GK;formulas_por_posicion.json
100132;M. Dituro;GK;;72,7157823240239;73;;;GK;GK;formulas_por_posicion.json
43211;M. Dmitrović;GK;;77,2739272313836;77;;;GK;GK;formulas_por_posicion.json
57255;M. Dupé;GK;;72,1050634567093;72;;;GK;GK;formulas_por_posicion.json
107142;M. Dúbravka;GK;;74,77625381702904;75;;;GK;GK;formulas_por_posicion.json
115786;M. Ellborg;GK;;64,16858984460043;64;;;GK;GK;formulas_por_posicion.json
111024;M. Flekken;GK;;75,3351173489176;75;;;GK;GK;formulas_por_posicion.json
112978;M. Gillespie;GK;;58,60145262100353;59;;;GK;GK;formulas_por_posicion.json
45106;M. Gorgelin;GK;;57,681366268419275;58;;;GK;GK;formulas_por_posicion.json
117703;M. Hermansen;GK;;72,29428718179639;72;;;GK;GK;formulas_por_posicion.json
63661;M. Ledesma;GK;;67,34019551775718;67;;;GK;GK;formulas_por_posicion.json
60447;M. Maignan;GK;;84,29203592058735;84;;;GK;GK;formulas_por_posicion.json
60366;M. Mansilla;GK;;68,86749136022823;69;;;GK;GK;formulas_por_posicion.json
118031;M. Miño;GK;;62,830241838031284;63;;;GK;GK;formulas_por_posicion.json
33185;M. Neuer;GK;;79,55936348410572;80;;;GK;GK;formulas_por_posicion.json
40585;M. Okoye;GK;;70,88321032233058;71;;;GK;GK;formulas_por_posicion.json
114851;M. Penders;GK;;74,45092965476198;74;;;GK;GK;formulas_por_posicion.json
40525;M. Perin;GK;;74,85265844583905;75;;;GK;GK;formulas_por_posicion.json
60504;M. Pessina;GK;;54,61092904383896;55;;;GK;GK;formulas_por_posicion.json
101850;M. Pitaluga;GK;;56,21163077546464;56;;;GK;GK;formulas_por_posicion.json
118333;M. Popa;GK;;67,34033491629928;67;;;GK;GK;formulas_por_posicion.json
102149;M. Ramírez;GK;;67,2932738093629;67;;;GK;GK;formulas_por_posicion.json
114368;M. Roffo;GK;;69,90680240337282;70;;;GK;GK;formulas_por_posicion.json
58503;M. Ryan;GK;;76,5483225136246;77;;;GK;GK;formulas_por_posicion.json
109968;M. Safonov;GK;;79,13438163910733;79;;;GK;GK;formulas_por_posicion.json
106754;M. Sels;GK;;78,14585237744575;78;;;GK;GK;formulas_por_posicion.json
114653;M. Silistre;GK;;52,29414599038512;52;;;GK;GK;formulas_por_posicion.json
39804;M. Silva;GK;;66,27291498290916;66;;;GK;GK;formulas_por_posicion.json
263831;M. Silveira;GK;;65,99806992452277;66;;;GK;GK;formulas_por_posicion.json
63597;M. Silvestri;GK;;69,59369294753627;70;;;GK;GK;formulas_por_posicion.json
60466;M. Sportiello;GK;;73,21612393084888;73;;;GK;GK;formulas_por_posicion.json
117373;M. Svilar;GK;;80,9829891580167;81;;;GK;GK;formulas_por_posicion.json
118505;M. Tagliamonte;GK;;68,91494736642967;69;;;GK;GK;formulas_por_posicion.json
61672;M. Ter Stegen;GK;;81,01620058748372;81;;;GK;GK;formulas_por_posicion.json
118278;M. Travers;GK;;69,15953106563926;69;;;GK;GK;formulas_por_posicion.json
56239;M. Vargas;GK;;66,54771986421716;67;;;GK;GK;formulas_por_posicion.json
111458;M. Velazco;GK;;60,94929408590032;61;;;GK;GK;formulas_por_posicion.json
63238;M. Vigorito;GK;;61,378381726871645;61;;;GK;GK;formulas_por_posicion.json
47596;M. Vincentini;GK;;60,22079982163008;60;;;GK;GK;formulas_por_posicion.json
111159;M. Weiß;GK;;66,51605385457314;67;;;GK;GK;formulas_por_posicion.json
109163;M. Zinga;GK;;62,36243957881801;62;;;GK;GK;formulas_por_posicion.json
60315;M. Łubik;GK;;63,97098436358533;64;;;GK;GK;formulas_por_posicion.json
100281;Mamardashvili;GK;;79,75217769007375;80;;;GK;GK;formulas_por_posicion.json
106586;Marc Vidal;GK;;60,78847561837539;61;;;GK;GK;formulas_por_posicion.json
304418;Marcelo Lomba;GK;;67,0019884952365;67;;;GK;GK;formulas_por_posicion.json
110414;Marcelo Rangel;GK;;70,02220413762925;70;;;GK;GK;formulas_por_posicion.json
114846;Matheus Aurélio;GK;;60,7583752057207;61;;;GK;GK;formulas_por_posicion.json
56226;Matheus Cunha;GK;;66,99317277933599;67;;;GK;GK;formulas_por_posicion.json
65065;Matheus Donelli;GK;;64,6141656049035;65;;;GK;GK;formulas_por_posicion.json
109455;Matheus Soares;GK;;58,9654755432301;59;;;GK;GK;formulas_por_posicion.json
114142;Mycael;GK;;67,17733356522375;67;;;GK;GK;formulas_por_posicion.json
55047;N. Al-Aqidi;GK;;69,60023557118856;70;;;GK;GK;formulas_por_posicion.json
118676;N. Bolcato;GK;;63,6585626502185;64;;;GK;GK;formulas_por_posicion.json
43896;N. Cláa;GK;;56,22672813605615;56;;;GK;GK;formulas_por_posicion.json
102315;N. Contini;GK;;64,46350478452169;64;;;GK;GK;formulas_por_posicion.json
57977;N. Durán;GK;;59,60025047449461;60;;;GK;GK;formulas_por_posicion.json
124291;N. González;GK;;56,990013737111056;57;;;GK;GK;formulas_por_posicion.json
116201;N. Insfrán;GK;;69,37856781797097;69;;;GK;GK;formulas_por_posicion.json
116661;N. Jauny;GK;;50,59184301793657;51;;;GK;GK;formulas_por_posicion.json
42846;N. Leali;GK;;70,23879428474538;70;;;GK;GK;formulas_por_posicion.json
113656;N. Lomb;GK;;63,48132335256147;63;;;GK;GK;formulas_por_posicion.json
266891;N. Losada;GK;;73,73994741047586;74;;;GK;GK;formulas_por_posicion.json
56169;N. Manganelli;GK;;57,26259358008758;57;;;GK;GK;formulas_por_posicion.json
103830;N. Pope;GK;;75,99943597356804;76;;;GK;GK;formulas_por_posicion.json
58142;N. Sumavil;GK;;59,9720522049528;60;;;GK;GK;formulas_por_posicion.json
45292;N. Törnqvist;GK;;69,86490646996842;70;;;GK;GK;formulas_por_posicion.json
56019;N. Volpi;GK;;67,87803723705765;68;;;GK;GK;formulas_por_posicion.json
6317;N. Čavlina;GK;;63,648475326472834;64;;;GK;GK;formulas_por_posicion.json
43202;Neto;GK;;69,4329705108663;69;;;GK;GK;formulas_por_posicion.json
59453;Nícolas;GK;;64,32685683178212;64;;;GK;GK;formulas_por_posicion.json
115388;O. Ba;GK;;60,32490705721188;60;;;GK;GK;formulas_por_posicion.json
122011;O. Christensen;GK;;67,9033115370005;68;;;GK;GK;formulas_por_posicion.json
54165;O. Gill;GK;;67,40209555051024;67;;;GK;GK;formulas_por_posicion.json
104880;O. Nkambadio;GK;;59,650146668576205;60;;;GK;GK;formulas_por_posicion.json
121387;O. Pona;GK;;56,69787229618312;57;;;GK;GK;formulas_por_posicion.json
111172;O. Vlachodimos;GK;;75,06119780076332;75;;;GK;GK;formulas_por_posicion.json
110430;Otávio Costa;GK;;59,45406370571284;59;;;GK;GK;formulas_por_posicion.json
57410;P. Albornoz;GK;;56,09679896015353;56;;;GK;GK;formulas_por_posicion.json
114718;P. Argney;GK;;58,090689596090705;58;;;GK;GK;formulas_por_posicion.json
113337;P. Carlgren;GK;;67,54214242930651;68;;;GK;GK;formulas_por_posicion.json
101391;P. Drewes;GK;;67,8674945014683;68;;;GK;GK;formulas_por_posicion.json
118475;P. Díaz;GK;;67,24635481495363;67;;;GK;GK;formulas_por_posicion.json
44023;P. Gallese;GK;;71,37778696662943;71;;;GK;GK;formulas_por_posicion.json
58181;P. Garrido;GK;;58,30280728605645;58;;;GK;GK;formulas_por_posicion.json
47237;P. Gazzaniga;GK;;74,94572328052239;75;;;GK;GK;formulas_por_posicion.json
103300;P. Gollini;GK;;70,95857878224214;71;;;GK;GK;formulas_por_posicion.json
117765;P. Köhn;GK;;74,30605024137404;74;;;GK;GK;formulas_por_posicion.json
112518;P. Pietryga;GK;;56,005518180851766;56;;;GK;GK;formulas_por_posicion.json
100888;P. Sy;GK;;64,5780278364359;65;;;GK;GK;formulas_por_posicion.json
45041;P. Terracciano;GK;;75,17194364677275;75;;;GK;GK;formulas_por_posicion.json
116176;Pablo;GK;;57,569853757067946;58;;;GK;GK;formulas_por_posicion.json
114848;Pablo Campos;GK;;65,94498384410174;66;;;GK;GK;formulas_por_posicion.json
61147;Pau López;GK;;75,5696505349604;76;;;GK;GK;formulas_por_posicion.json
8770;Pedro Cobra;GK;;58,16513260869051;58;;;GK;GK;formulas_por_posicion.json
103658;Pedro Morisco;GK;;71,173755902323;71;;;GK;GK;formulas_por_posicion.json
114664;Pedro Rangel;GK;;65,31917366782947;65;;;GK;GK;formulas_por_posicion.json
9226;Pichu Cuéllar;GK;;63,72639202575256;64;;;GK;GK;formulas_por_posicion.json
263770;Pulpo;GK;;86,67344230755847;87;;;GK;GK;formulas_por_posicion.json
64896;R. Al-Najjar;GK;;58,47939776491529;58;;;GK;GK;formulas_por_posicion.json
378319;R. Alves;GK;;59,18611582664055;59;;;GK;GK;formulas_por_posicion.json
123732;R. Anderson;GK;;61,16128070089292;61;;;GK;GK;formulas_por_posicion.json
55769;R. Banegas;GK;;62,79994714901551;63;;;GK;GK;formulas_por_posicion.json
100043;R. Borzone;GK;;61,42420670253814;61;;;GK;GK;formulas_por_posicion.json
117850;R. Carneiro;GK;;57,65809450708177;58;;;GK;GK;formulas_por_posicion.json
263150;R. Cordano;GK;;63,20136515060955;63;;;GK;GK;formulas_por_posicion.json
108980;R. Descamps;GK;;72,3149267398702;72;;;GK;GK;formulas_por_posicion.json
47648;R. Di Gennaro;GK;;65,60740094513324;66;;;GK;GK;formulas_por_posicion.json
57974;R. Fernández;GK;;69,26919198657161;69;;;GK;GK;formulas_por_posicion.json
55756;R. Fierro;GK;;65,28723039351422;65;;;GK;GK;formulas_por_posicion.json
118714;R. Gurtner;GK;;59,71027720226334;60;;;GK;GK;formulas_por_posicion.json
54056;R. León;GK;;60,886508288058465;61;;;GK;GK;formulas_por_posicion.json
105172;R. Macagno;GK;;66,19989035476017;66;;;GK;GK;formulas_por_posicion.json
60746;R. Majecki;GK;;61,54772729320804;62;;;GK;GK;formulas_por_posicion.json
108166;R. Matthews;GK;;59,95546458839424;60;;;GK;GK;formulas_por_posicion.json
105093;R. Morínigo;GK;;66,83333001052135;67;;;GK;GK;formulas_por_posicion.json
47836;R. Rey;GK;;72,2336690334962;72;;;GK;GK;formulas_por_posicion.json
63536;R. Riou;GK;;56,33750303389628;56;;;GK;GK;formulas_por_posicion.json
112964;R. Risser;GK;;60,68410473949323;61;;;GK;GK;formulas_por_posicion.json
121306;R. Roefs;GK;;77,63137037510847;78;;;GK;GK;formulas_por_posicion.json
119147;R. Romo;GK;;70,24339793698135;70;;;GK;GK;formulas_por_posicion.json
41522;R. Ríos Novo;GK;;59,96743029149988;60;;;GK;GK;formulas_por_posicion.json
60639;R. Saracho;GK;;64,0848974899346;64;;;GK;GK;formulas_por_posicion.json
63452;R. Sava;GK;;68,68941503176681;69;;;GK;GK;formulas_por_posicion.json
117400;R. Solís;GK;;69,38092781012108;69;;;GK;GK;formulas_por_posicion.json
110326;R. Zelezny;GK;;61,62876943464212;62;;;GK;GK;formulas_por_posicion.json
41204;Rafael;GK;;73,05950798679781;73;;;GK;GK;formulas_por_posicion.json
47540;Rafael Santos;GK;;63,677137684685945;64;;;GK;GK;formulas_por_posicion.json
264488;Ramiro;GK;;62,46029441053212;62;;;GK;GK;formulas_por_posicion.json
58010;Raul Steffens;GK;;60,848929824119345;61;;;GK;GK;formulas_por_posicion.json
36878;Raúl Fernández;GK;;68,91425983524448;69;;;GK;GK;formulas_por_posicion.json
114231;Renato Marin;GK;;66,98152807706293;67;;;GK;GK;formulas_por_posicion.json
101760;Richard;GK;;63,900529081747564;64;;;GK;GK;formulas_por_posicion.json
121310;Robert Sánchez;GK;;78,02441933761654;78;;;GK;GK;formulas_por_posicion.json
115043;Ronaldo;GK;;70,99466780780793;71;;;GK;GK;formulas_por_posicion.json
60558;Rubén Blanco;GK;;69,69808322896847;70;;;GK;GK;formulas_por_posicion.json
114679;S. Bajic;GK;;61,83222240079999;62;;;GK;GK;formulas_por_posicion.json
60823;S. Barbi;GK;;61,45270126397962;61;;;GK;GK;formulas_por_posicion.json
60719;S. Beltrán;GK;;70,11239309770464;70;;;GK;GK;formulas_por_posicion.json
56250;S. Britos;GK;;67,0768518340969;67;;;GK;GK;formulas_por_posicion.json
60878;S. Dimitrievski;GK;;74,29790830010583;74;;;GK;GK;formulas_por_posicion.json
104250;S. Herrera;GK;;76,22350817148644;76;;;GK;GK;formulas_por_posicion.json
103851;S. Ichazo;GK;;68,77280180423425;69;;;GK;GK;formulas_por_posicion.json
106425;S. Johnstone;GK;;73,69750434858511;74;;;GK;GK;formulas_por_posicion.json
110667;S. Lammens;GK;;77,82184143439034;78;;;GK;GK;formulas_por_posicion.json
55969;S. Lentinelly;GK;;64,86949385888235;65;;;GK;GK;formulas_por_posicion.json
111041;S. Mele;GK;;71,10082323908108;71;;;GK;GK;formulas_por_posicion.json
120363;S. Meza;GK;;66,3602489730344;66;;;GK;GK;formulas_por_posicion.json
35492;S. Moore;GK;;63,41154314611235;63;;;GK;GK;formulas_por_posicion.json
43773;S. Moyano;GK;;68,01787850532844;68;;;GK;GK;formulas_por_posicion.json
111117;S. Ortega;GK;;76,4721743041299;76;;;GK;GK;formulas_por_posicion.json
118693;S. Ostrzinski;GK;;60,400707276789106;60;;;GK;GK;formulas_por_posicion.json
56140;S. Paz;GK;;55,080520512665004;55;;;GK;GK;formulas_por_posicion.json
6621;S. Perilli;GK;;64,34914385922926;64;;;GK;GK;formulas_por_posicion.json
102895;S. Rochet;GK;;70,8055523665163;71;;;GK;GK;formulas_por_posicion.json
36949;S. Romero;GK;;69,06910662903282;69;;;GK;GK;formulas_por_posicion.json
60560;S. Scuffet;GK;;68,77836461351882;69;;;GK;GK;formulas_por_posicion.json
55955;S. Silva;GK;;65,25394088446947;65;;;GK;GK;formulas_por_posicion.json
106677;S. Turati;GK;;68,90946876618041;69;;;GK;GK;formulas_por_posicion.json
114616;S. Ulreich;GK;;70,063950642826;70;;;GK;GK;formulas_por_posicion.json
58666;Santos;GK;;69,66579203961095;70;;;GK;GK;formulas_por_posicion.json
116741;Sivera;GK;;73,59807859913482;74;;;GK;GK;formulas_por_posicion.json
119129;T. Ayala;GK;;60,29872321739015;60;;;GK;GK;formulas_por_posicion.json
58325;T. Cardozo;GK;;70,70881437673343;71;;;GK;GK;formulas_por_posicion.json
44383;T. Courtois;GK;;87,17515111653795;87;;;GK;GK;formulas_por_posicion.json
1073758337;T. Couto;GK;;64,16045300606467;64;;;GK;GK;formulas_por_posicion.json
108994;T. De Percin;GK;;65,84200366666794;66;;;GK;GK;formulas_por_posicion.json
118449;T. Durso;GK;;63,315655665561934;63;;;GK;GK;formulas_por_posicion.json
117760;T. Gillier;GK;;67,62375822163553;68;;;GK;GK;formulas_por_posicion.json
101355;T. Heaton;GK;;64,28152488748248;64;;;GK;GK;formulas_por_posicion.json
104731;T. King;GK;;60,656858961087394;61;;;GK;GK;formulas_por_posicion.json
111842;T. Loska;GK;;61,48185555022482;61;;;GK;GK;formulas_por_posicion.json
60250;T. Marchiori;GK;;72,02346589214227;72;;;GK;GK;formulas_por_posicion.json
115136;T. Martinelli;GK;;68,27023061175564;68;;;GK;GK;formulas_por_posicion.json
114079;T. McGill;GK;;59,253022066799375;59;;;GK;GK;formulas_por_posicion.json
114666;T. Negrel;GK;;56,86143799239054;57;;;GK;GK;formulas_por_posicion.json
113890;T. Sharman-Lowe;GK;;61,04259120345732;61;;;GK;GK;formulas_por_posicion.json
103525;T. Sultani;GK;;61,00733601696687;61;;;GK;GK;formulas_por_posicion.json
103683;T. Vermot;GK;;57,41322211279055;57;;;GK;GK;formulas_por_posicion.json
110008;Thiago Beltrame;GK;;57,81527440783382;58;;;GK;GK;formulas_por_posicion.json
102389;Tiago Volpi;GK;;69,20003002435632;69;;;GK;GK;formulas_por_posicion.json
38831;Tomazella;GK;;61,38737215815719;61;;;GK;GK;formulas_por_posicion.json
100346;Unai Marrero;GK;;66,8023077434541;67;;;GK;GK;formulas_por_posicion.json
106957;Unai Simón;GK;;81,09359532724103;81;;;GK;GK;formulas_por_posicion.json
122322;V. Bernedo;GK;;64,40562276522923;64;;;GK;GK;formulas_por_posicion.json
38630;V. Guaita;GK;;74,06217094708788;74;;;GK;GK;formulas_por_posicion.json
114561;V. Hladký;GK;;64,72483737891682;65;;;GK;GK;formulas_por_posicion.json
47633;V. Krapyvtsov;GK;;61,25649246496104;61;;;GK;GK;formulas_por_posicion.json
118240;V. M. Savić;GK;;76,22130878709777;76;;;GK;GK;formulas_por_posicion.json
61416;V. Reyes;GK;;62,24750465866876;62;;;GK;GK;formulas_por_posicion.json
112548;V. Rojas;GK;;59,03311572393025;59;;;GK;GK;formulas_por_posicion.json
55755;V. Toledo;GK;;69,72485239118463;70;;;GK;GK;formulas_por_posicion.json
115896;Vinícius;GK;;65,39109174021556;65;;;GK;GK;formulas_por_posicion.json
60690;Vitor Eudes;GK;;60,779997885304674;61;;;GK;GK;formulas_por_posicion.json
307686;W. Aguerre;GK;;68,11446976072193;68;;;GK;GK;formulas_por_posicion.json
56139;W. Asprilla;GK;;63,276869064669214;63;;;GK;GK;formulas_por_posicion.json
119099;W. Barlasina;GK;;62,17015457589955;62;;;GK;GK;formulas_por_posicion.json
60109;W. Benítez;GK;;75,00514539122901;75;;;GK;GK;formulas_por_posicion.json
113813;W. Dennis;GK;;64,88416851081729;65;;;GK;GK;formulas_por_posicion.json
47143;W. Falcone;GK;;79,67289816340609;80;;;GK;GK;formulas_por_posicion.json
112153;W. Faríñez;GK;;67,49522371284692;67;;;GK;GK;formulas_por_posicion.json
40937;W. Szczęsny;GK;;79,8599722553908;80;;;GK;GK;formulas_por_posicion.json
320924;W. Yarbrough;GK;;64,66179541605409;65;;;GK;GK;formulas_por_posicion.json
58756;Walter;GK;;72,15775993233021;72;;;GK;GK;formulas_por_posicion.json
63560;Weverton;GK;;71,38441286656577;71;;;GK;GK;formulas_por_posicion.json
113999;Y. Diouf;GK;;73,77236448591934;74;;;GK;GK;formulas_por_posicion.json
101292;Y. Lienard;GK;;62,17908650557392;62;;;GK;GK;formulas_por_posicion.json
117410;Y. Mvogo;GK;;73,47895742992881;73;;;GK;GK;formulas_por_posicion.json
36627;Y. Sommer;GK;;83,11926194249575;83;;;GK;GK;formulas_por_posicion.json
118473;Ygor Vinhas;GK;;63,320877713501574;63;;;GK;GK;formulas_por_posicion.json
114101;Young;GK;;59,566414051253446;60;;;GK;GK;formulas_por_posicion.json
106645;Z. Suzuki;GK;;71,03732075914937;71;;;GK;GK;formulas_por_posicion.json
117710;Á. Busso;GK;;57,25997656827881;57;;;GK;GK;formulas_por_posicion.json
55894;Á. Campos;GK;;65,30429507062829;65;;;GK;GK;formulas_por_posicion.json
55694;Á. De La Cruz;GK;;59,299032096022685;59;;;GK;GK;formulas_por_posicion.json
114557;Á. Fernández;GK;;70,0932776314825;70;;;GK;GK;formulas_por_posicion.json
58336;Á. González;GK;;60,63659688791696;61;;;GK;GK;formulas_por_posicion.json
34638;Á. Montero;GK;;73,85445227426982;74;;;GK;GK;formulas_por_posicion.json
114117;Á. Pécsi;GK;;61,35162962032997;61;;;GK;GK;formulas_por_posicion.json
117769;Álex Domínguez;GK;;58,49959617352487;58;;;GK;GK;formulas_por_posicion.json
47207;Álex Padilla;GK;;66,51849520788161;67;;;GK;GK;formulas_por_posicion.json
106956;Álex Remiro;GK;;78,75935139978532;79;;;GK;GK;formulas_por_posicion.json
117537;Álvaro Valles;GK;;74,99279131204419;75;;;GK;GK;formulas_por_posicion.json
111189;Ð. Petrović;GK;;76,39035263969575;76;;;GK;GK;formulas_por_posicion.json
39278;Ó. Ustari;GK;;71,90834146028318;72;;;GK;GK;formulas_por_posicion.json
100133;Ø. Nyland;GK;;72,25063890869896;72;;;GK;GK;formulas_por_posicion.json
60502;Ł. Skorupski;GK;;75,45246036540519;75;;;GK;GK;formulas_por_posicion.json
100226;A. Abdi;LB;;72,44726663663779;72;;;LB;LB;formulas_por_posicion.json
107922;A. Alese;LB;;68,25021924101839;68;;;LB;LB;formulas_por_posicion.json
55400;A. Aman;LB;;57,25408002710428;57;;;LB;LB;formulas_por_posicion.json
308295;A. Artunduaga;LB;;63,507608001779055;64;;;LB;LB;formulas_por_posicion.json
103338;A. Aznou;LB;;67,02306864341112;67;;;LB;LB;formulas_por_posicion.json
107714;A. Balde;LB;;82,42160963182401;82;;;LB;LB;formulas_por_posicion.json
58665;A. Bernabei;LB;;72,61487629147663;73;;;LB;LB;formulas_por_posicion.json
108971;A. Boiro;LB;;73,01736763513094;73;;;LB;LB;formulas_por_posicion.json
55523;A. Cabellos;LB;;60,94959687421873;61;;;LB;LB;formulas_por_posicion.json
118841;A. Cambiaso;LB;;77,83177166842295;78;;;LB;LB;formulas_por_posicion.json
54121;A. Cantero;LB;;68,37902491381368;68;;;LB;LB;formulas_por_posicion.json
55982;A. Cayetano;LB;;68,39067274006905;68;;;LB;LB;formulas_por_posicion.json
58251;A. Chalá;LB;;70,27528151557244;70;;;LB;LB;formulas_por_posicion.json
112510;A. Davies;LB;;82,48657204839833;82;;;LB;LB;formulas_por_posicion.json
56133;A. Díaz;LB;;65,4709444136399;65;;;LB;LB;formulas_por_posicion.json
370709;A. Fretes;LB;;64,45606666709656;64;;;LB;LB;formulas_por_posicion.json
118506;A. Gallo;LB;;73,7403458154737;74;;;LB;LB;formulas_por_posicion.json
113974;A. González;LB;;62,38203415988683;62;;;LB;LB;formulas_por_posicion.json
37401;A. Kabar;LB;;65,59991652914627;66;;;LB;LB;formulas_por_posicion.json
45448;A. Kouassi;LB;;73,42060548786256;73;;;LB;LB;formulas_por_posicion.json
110540;A. Laâziri;LB;;67,4136937000919;67;;;LB;LB;formulas_por_posicion.json
111967;A. Maidana;LB;;65,36516512446089;65;;;LB;LB;formulas_por_posicion.json
107641;A. Marušić;LB;;75,29538203885743;75;;;LB;LB;formulas_por_posicion.json
60451;A. Masuaku;LB;;71,65454100880615;72;;;LB;LB;formulas_por_posicion.json
115234;A. Murphy;LB;;64,85078471558839;65;;;LB;LB;formulas_por_posicion.json
58259;A. Paredes;LB;;63,06352973097866;63;;;LB;LB;formulas_por_posicion.json
101028;A. Robertson;LB;;79,77424486097992;80;;;LB;LB;formulas_por_posicion.json
108931;A. Robinson;LB;;79,75153361453394;80;;;LB;LB;formulas_por_posicion.json
60696;A. Rodríguez;LB;;68,07294942503286;68;;;LB;LB;formulas_por_posicion.json
101691;A. Ruschel;LB;;65,25770298514743;65;;;LB;LB;formulas_por_posicion.json
56034;A. Salazar;LB;;66,18607088859008;66;;;LB;LB;formulas_por_posicion.json
110600;A. Soto;LB;;69,39536396964701;69;;;LB;LB;formulas_por_posicion.json
112568;A. Spörle;LB;;68,13609266730836;68;;;LB;LB;formulas_por_posicion.json
60633;A. Sández;LB;;71,10427703679618;71;;;LB;LB;formulas_por_posicion.json
309872;A. Tabares;LB;;65,76010499226493;66;;;LB;LB;formulas_por_posicion.json
115522;A. Truffert;LB;;76,64871936718981;77;;;LB;LB;formulas_por_posicion.json
114225;Aarón Martin;LB;;70,80475075219785;71;;;LB;LB;formulas_por_posicion.json
114376;Abel Bretones;LB;;72,17152999704044;72;;;LB;LB;formulas_por_posicion.json
60753;Abner Vinícius;LB;;72,84187420513724;73;;;LB;LB;formulas_por_posicion.json
118677;Adrià Pedrosa;LB;;73,50309254939478;74;;;LB;LB;formulas_por_posicion.json
111933;Aihen Muñoz;LB;;74,1559928113886;74;;;LB;LB;formulas_por_posicion.json
58843;Alberto Moreno;LB;;73,29451229806362;73;;;LB;LB;formulas_por_posicion.json
43985;Alex Sandro;LB;;75,36339923297976;75;;;LB;LB;formulas_por_posicion.json
47727;Alex Telles;LB;;74,04522022427774;74;;;LB;LB;formulas_por_posicion.json
107906;Angeliño;LB;;76,11846242099624;76;;;LB;LB;formulas_por_posicion.json
118293;Arthur Gabriel;LB;;67,0875154075379;67;;;LB;LB;formulas_por_posicion.json
40353;Ayrton Lucas;LB;;75,25869634910035;75;;;LB;LB;formulas_por_posicion.json
110079;B. Chilwell;LB;;75,027049733803;75;;;LB;LB;formulas_por_posicion.json
110476;B. Cufré;LB;;67,439021572296;67;;;LB;LB;formulas_por_posicion.json
45134;B. Davies;LB;;74,10838852324623;74;;;LB;LB;formulas_por_posicion.json
46423;B. Humphreys;LB;;73,76679852558149;74;;;LB;LB;formulas_por_posicion.json
117842;B. Locko;LB;;71,41741921178102;71;;;LB;LB;formulas_por_posicion.json
108725;B. Pittón;LB;;67,57885367540047;68;;;LB;LB;formulas_por_posicion.json
109743;B. Riveros;LB;;70,40676005849251;70;;;LB;LB;formulas_por_posicion.json
113265;B. Sosa;LB;;68,58618941946968;69;;;LB;LB;formulas_por_posicion.json
113936;Bruno Melo;LB;;66,5463480021327;67;;;LB;LB;formulas_por_posicion.json
107410;Bruno Pacheco;LB;;67,85305624685068;68;;;LB;LB;formulas_por_posicion.json
119868;C. Akpa;LB;;73,58700611653458;74;;;LB;LB;formulas_por_posicion.json
63667;C. Biraghi;LB;;73,60854698846671;74;;;LB;LB;formulas_por_posicion.json
102542;C. Bravo;LB;;69,7521277124651;70;;;LB;LB;formulas_por_posicion.json
122332;C. Carbajal;LB;;66,19336746371472;66;;;LB;LB;formulas_por_posicion.json
121340;C. Cándido;LB;;68,83432504598699;69;;;LB;LB;formulas_por_posicion.json
54833;C. De Las Salas;LB;;66,71179578856885;67;;;LB;LB;formulas_por_posicion.json
117984;C. Ibáñez;LB;;71,94941104068137;72;;;LB;LB;formulas_por_posicion.json
56252;C. Inga;LB;;71,42577653218521;71;;;LB;LB;formulas_por_posicion.json
47252;C. Lykogiannis;LB;;70,63306587582925;71;;;LB;LB;formulas_por_posicion.json
58096;C. López;LB;;60,098330974004845;60;;;LB;LB;formulas_por_posicion.json
60345;C. Mafla;LB;;71,34883015454557;71;;;LB;LB;formulas_por_posicion.json
118479;C. Nascimento;LB;;63,66435158591034;64;;;LB;LB;formulas_por_posicion.json
47464;C. Ndaba;LB;;65,6264109191069;66;;;LB;LB;formulas_por_posicion.json
120336;C. Ramírez;LB;;69,75364868820344;70;;;LB;LB;formulas_por_posicion.json
55849;C. Riquelme;LB;;64,52169876804123;65;;;LB;LB;formulas_por_posicion.json
107940;C. Verdonk;LB;;69,46560398631456;69;;;LB;LB;formulas_por_posicion.json
117043;C. Wiley;LB;;68,37211124957828;68;;;LB;LB;formulas_por_posicion.json
113969;Caio Henrique;LB;;73,59790308080998;74;;;LB;LB;formulas_por_posicion.json
46012;Caio Paulista;LB;;66,2172090099988;66;;;LB;LB;formulas_por_posicion.json
113626;Carlos Augusto;LB;;79,18785549237876;79;;;LB;LB;formulas_por_posicion.json
118626;Carlos Romero;LB;;76,74362690764771;77;;;LB;LB;formulas_por_posicion.json
119882;Cristiano;LB;;65,34619204993072;65;;;LB;LB;formulas_por_posicion.json
376598;Cuiabano;LB;;71,61420528393495;72;;;LB;LB;formulas_por_posicion.json
263879;Cura;LB;;77,33327186198864;77;;;LB;LB;formulas_por_posicion.json
55859;D. Banguero;LB;;67,2751349809801;67;;;LB;LB;formulas_por_posicion.json
63475;D. Barbosa;LB;;65,69768093019195;66;;;LB;LB;formulas_por_posicion.json
115103;D. Bartesaghi;LB;;70,9243915141329;71;;;LB;LB;formulas_por_posicion.json
114712;D. Bradarić;LB;;70,49244007374864;70;;;LB;LB;formulas_por_posicion.json
57641;D. Carrillo;LB;;65,59884997095936;66;;;LB;LB;formulas_por_posicion.json
121989;D. Cirkin;LB;;72,08863171527909;72;;;LB;LB;formulas_por_posicion.json
121215;D. Cáceres;LB;;67,94428566635494;68;;;LB;LB;formulas_por_posicion.json
109933;D. Domínguez;LB;;59,27609698980322;59;;;LB;LB;formulas_por_posicion.json
57986;D. Flores;LB;;65,00192508921572;65;;;LB;LB;formulas_por_posicion.json
55748;D. Gratzia;LB;;67,65745714520747;68;;;LB;LB;formulas_por_posicion.json
110085;D. Guindo;LB;;67,31697998163878;67;;;LB;LB;formulas_por_posicion.json
60000;D. Laxalt;LB;;71,22768234317228;71;;;LB;LB;formulas_por_posicion.json
57939;D. León;LB;;65,65369847082393;66;;;LB;LB;formulas_por_posicion.json
315544;D. Londoño;LB;;70,63059510255465;71;;;LB;LB;formulas_por_posicion.json
107960;D. Machado;LB;;71,87829945015461;72;;;LB;LB;formulas_por_posicion.json
110849;D. Methalie;LB;;67,30187448622314;67;;;LB;LB;formulas_por_posicion.json
319572;D. Mina;LB;;69,7317511072714;70;;;LB;LB;formulas_por_posicion.json
112468;D. Pérez;LB;;67,7767926923978;68;;;LB;LB;formulas_por_posicion.json
299651;D. Romero;LB;;65,87740783828752;66;;;LB;LB;formulas_por_posicion.json
115541;D. Sinaté;LB;;58,89360558039675;59;;;LB;LB;formulas_por_posicion.json
114481;D. Sosa;LB;;67,72772904846694;68;;;LB;LB;formulas_por_posicion.json
114197;D. Spence;LB;;78,44411564107608;78;;;LB;LB;formulas_por_posicion.json
117464;D. Svensson;LB;;77,8540828886899;78;;;LB;LB;formulas_por_posicion.json
110929;D. Udogie;LB;;78,1390877246342;78;;;LB;LB;formulas_por_posicion.json
56245;D. Ulloa;LB;;65,43610595992604;65;;;LB;LB;formulas_por_posicion.json
117230;D. Vargas;LB;;62,910429784488564;63;;;LB;LB;formulas_por_posicion.json
113787;D. Wolfe;LB;;70,65390782760713;71;;;LB;LB;formulas_por_posicion.json
114212;D. Yongwa;LB;;71,03283963188554;71;;;LB;LB;formulas_por_posicion.json
101245;D. Álvarez;LB;;64,3135895817408;64;;;LB;LB;formulas_por_posicion.json
106733;Davinchi;LB;;66,5000612272267;67;;;LB;LB;formulas_por_posicion.json
118200;Diego Pampín;LB;;69,33504794013027;69;;;LB;LB;formulas_por_posicion.json
100316;Diego Rico;LB;;73,43427654798565;73;;;LB;LB;formulas_por_posicion.json
117456;Douglas Santos;LB;;74,81325692222062;75;;;LB;LB;formulas_por_posicion.json
118140;E. Abadia-Reda;LB;;58,785353235914904;59;;;LB;LB;formulas_por_posicion.json
118587;E. Báez;LB;;72,97092396393677;73;;;LB;LB;formulas_por_posicion.json
55983;E. Castillo;LB;;69,62046459549417;70;;;LB;LB;formulas_por_posicion.json
3613;E. Diouf;LB;;76,81989657450548;77;;;LB;LB;formulas_por_posicion.json
118259;E. Díaz;LB;;73,45403194976544;73;;;LB;LB;formulas_por_posicion.json
61036;E. Gómez;LB;;71,71275458744049;72;;;LB;LB;formulas_por_posicion.json
118176;E. Janža;LB;;68,93537347606879;69;;;LB;LB;formulas_por_posicion.json
113418;E. Matus;LB;;67,85391703407603;68;;;LB;LB;formulas_por_posicion.json
42751;E. Mena;LB;;68,6237797137183;69;;;LB;LB;formulas_por_posicion.json
121213;E. Pereyra;LB;;67,6665773960944;68;;;LB;LB;formulas_por_posicion.json
110438;E. Pieragnolo;LB;;66,47945077478795;66;;;LB;LB;formulas_por_posicion.json
54386;E. Ruiz;LB;;62,241448918310276;62;;;LB;LB;formulas_por_posicion.json
54822;E. Tamiche;LB;;62,350043404855676;62;;;LB;LB;formulas_por_posicion.json
55759;E. Vaca;LB;;63,92260591521028;64;;;LB;LB;formulas_por_posicion.json
102663;E. Valeri;LB;;73,38285534441751;73;;;LB;LB;formulas_por_posicion.json
55740;E. Wiemberg;LB;;67,60750254831758;68;;;LB;LB;formulas_por_posicion.json
59993;Emerson;LB;;74,13470751228468;74;;;LB;LB;formulas_por_posicion.json
60132;F. Angileri;LB;;70,3891884178513;70;;;LB;LB;formulas_por_posicion.json
57743;F. Bais;LB;;64,52211200771927;65;;;LB;LB;formulas_por_posicion.json
114641;F. Ballo-Touré;LB;;71,28546885088224;71;;;LB;LB;formulas_por_posicion.json
58159;F. Bregante;LB;;62,28175075249576;62;;;LB;LB;formulas_por_posicion.json
105373;F. Carboni;LB;;64,08648187458215;64;;;LB;LB;formulas_por_posicion.json
61117;F. Escobar;LB;;70,43876259654634;70;;;LB;LB;formulas_por_posicion.json
104540;F. Fabra;LB;;70,94439022886384;71;;;LB;LB;formulas_por_posicion.json
46737;F. Hanin;LB;;70,67706712177456;71;;;LB;LB;formulas_por_posicion.json
116642;F. Kadıoğlu;LB;;76,82330146296697;77;;;LB;LB;formulas_por_posicion.json
107889;F. Mendy;LB;;80,84988472802442;81;;;LB;LB;formulas_por_posicion.json
55811;F. Oliveros;LB;;61,76611958993595;62;;;LB;LB;formulas_por_posicion.json
114011;F. Oppegård;LB;;67,88041127795947;68;;;LB;LB;formulas_por_posicion.json
113195;F. Parisi;LB;;74,07761741491257;74;;;LB;LB;formulas_por_posicion.json
115143;F. Román;LB;;67,882702130455;68;;;LB;LB;formulas_por_posicion.json
54830;F. Salomoni;LB;;67,9414284891343;68;;;LB;LB;formulas_por_posicion.json
372821;F. Zabala;LB;;69,42022603738934;69;;;LB;LB;formulas_por_posicion.json
60199;F. Álvarez;LB;;65,39900716964267;65;;;LB;LB;formulas_por_posicion.json
108169;Felipe Jonatan;LB;;65,35156776377625;65;;;LB;LB;formulas_por_posicion.json
117938;Fran García;LB;;76,38291272730758;76;;;LB;LB;formulas_por_posicion.json
372860;G. Ascanio;LB;;60,253609930728814;60;;;LB;LB;formulas_por_posicion.json
114715;G. Benedetti;LB;;70,39647808654738;70;;;LB;LB;formulas_por_posicion.json
110869;G. Benítez;LB;;69,92255636578521;70;;;LB;LB;formulas_por_posicion.json
58072;G. Báez;LB;;70,1767547088674;70;;;LB;LB;formulas_por_posicion.json
308487;G. Cortez;LB;;68,63415599237086;69;;;LB;LB;formulas_por_posicion.json
114625;G. Díaz Núñez;LB;;69,16425961491395;69;;;LB;LB;formulas_por_posicion.json
113081;G. Escobar;LB;;69,83493122115785;70;;;LB;LB;formulas_por_posicion.json
109560;G. Fuentes;LB;;69,62809974805357;70;;;LB;LB;formulas_por_posicion.json
110491;G. Gudmundsson;LB;;76,04887164829239;76;;;LB;LB;formulas_por_posicion.json
100693;G. Lopes;LB;;64,53996975423537;65;;;LB;LB;formulas_por_posicion.json
55656;G. Lucero;LB;;61,72637470264715;62;;;LB;LB;formulas_por_posicion.json
58409;G. Mendoza;LB;;63,509948212143115;64;;;LB;LB;formulas_por_posicion.json
119126;G. Mensah;LB;;73,29820679201734;73;;;LB;LB;formulas_por_posicion.json
108482;G. Paredes;LB;;63,36934219804898;63;;;LB;LB;formulas_por_posicion.json
109907;G. Pezzella;LB;;70,45044943034462;70;;;LB;LB;formulas_por_posicion.json
115087;G. Risso Patrón;LB;;66,94592467798141;67;;;LB;LB;formulas_por_posicion.json
45807;G. Silva;LB;;66,2989080033953;66;;;LB;LB;formulas_por_posicion.json
108881;G. Suazo;LB;;73,36976950426319;73;;;LB;LB;formulas_por_posicion.json
118549;G. Trindade;LB;;62,85191862767205;63;;;LB;LB;formulas_por_posicion.json
103156;G. Ávila;LB;;71,97587695144355;72;;;LB;LB;formulas_por_posicion.json
61058;Gayá;LB;;76,24396064650179;76;;;LB;LB;formulas_por_posicion.json
112906;Gerard Martín;LB;;74,5859666217886;75;;;LB;LB;formulas_por_posicion.json
101058;Grimaldo;LB;;81,43393063508852;81;;;LB;LB;formulas_por_posicion.json
101116;Guilherme Arana;LB;;72,02772851473307;72;;;LB;LB;formulas_por_posicion.json
103219;H. Kamara;LB;;71,71657540383349;72;;;LB;LB;formulas_por_posicion.json
117798;Hugo;LB;;65,22416911946229;65;;;LB;LB;formulas_por_posicion.json
114294;Hugo Bueno;LB;;72,71193211680801;73;;;LB;LB;formulas_por_posicion.json
101899;I. Abraham;LB;;68,31086501625744;68;;;LB;LB;formulas_por_posicion.json
122699;I. Erquiaga;LB;;67,67046772406331;68;;;LB;LB;formulas_por_posicion.json
121990;I. Galván;LB;;63,66973017118449;64;;;LB;LB;formulas_por_posicion.json
111956;I. Guerrico;LB;;68,91142618820473;69;;;LB;LB;formulas_por_posicion.json
101288;I. Maatsen;LB;;76,18803512031718;76;;;LB;LB;formulas_por_posicion.json
118984;Iago;LB;;70,91707850563883;71;;;LB;LB;formulas_por_posicion.json
46458;Igor Cariús;LB;;66,5248359692189;67;;;LB;LB;formulas_por_posicion.json
40425;J. Alba;LB;;76,31102571621383;76;;;LB;LB;formulas_por_posicion.json
56130;J. Angulo;LB;;67,27547981381487;67;;;LB;LB;formulas_por_posicion.json
121331;J. Bay;LB;;68,57619765221511;69;;;LB;LB;formulas_por_posicion.json
123242;J. Bolívar;LB;;66,36560904715407;66;;;LB;LB;formulas_por_posicion.json
106541;J. Capixaba;LB;;70,65865280036965;71;;;LB;LB;formulas_por_posicion.json
379714;J. Carabalí;LB;;67,75826663547883;68;;;LB;LB;formulas_por_posicion.json
55835;J. Cornejo;LB;;64,89008413375994;65;;;LB;LB;formulas_por_posicion.json
264184;J. De Irastorza;LB;;64,98068148992557;65;;;LB;LB;formulas_por_posicion.json
117620;J. Doig;LB;;72,50026501657352;73;;;LB;LB;formulas_por_posicion.json
264036;J. Díaz;LB;;69,78510581295059;70;;;LB;LB;formulas_por_posicion.json
117726;J. Ekomié;LB;;72,26917972443184;72;;;LB;LB;formulas_por_posicion.json
7305;J. Elordi;LB;;68,75014343633555;69;;;LB;LB;formulas_por_posicion.json
58356;J. Flores;LB;;66,91985215902127;67;;;LB;LB;formulas_por_posicion.json
60880;J. Godoy;LB;;67,04013809886504;67;;;LB;LB;formulas_por_posicion.json
113898;J. Gutiérrez;LB;;65,84024761163545;66;;;LB;LB;formulas_por_posicion.json
101761;J. Gvardiol;LB;;81,95817552789359;82;;;LB;LB;formulas_por_posicion.json
39270;J. Hato;LB;;75,65858948351104;76;;;LB;LB;formulas_por_posicion.json
55847;J. Hernández;LB;;64,11047901768117;64;;;LB;LB;formulas_por_posicion.json
379801;J. Hernández;LB;;69,03619192663862;69;;;LB;LB;formulas_por_posicion.json
113082;J. Infante;LB;;67,60849425104578;68;;;LB;LB;formulas_por_posicion.json
59233;J. Meli;LB;;68,00523698934074;68;;;LB;LB;formulas_por_posicion.json
55697;J. Mina;LB;;70,39045688820963;70;;;LB;LB;formulas_por_posicion.json
60424;J. Mojica;LB;;75,78342922199734;76;;;LB;LB;formulas_por_posicion.json
116495;J. Morán;LB;;66,6508884875821;67;;;LB;LB;formulas_por_posicion.json
55722;J. Mosquera;LB;;63,626266999013446;64;;;LB;LB;formulas_por_posicion.json
56134;J. Navia;LB;;63,52069596045302;64;;;LB;LB;formulas_por_posicion.json
54429;J. Patiño;LB;;65,1675029206344;65;;;LB;LB;formulas_por_posicion.json
55706;J. Perlaza;LB;;68,50724576465149;69;;;LB;LB;formulas_por_posicion.json
110995;J. Piquerez;LB;;75,34027189590928;75;;;LB;LB;formulas_por_posicion.json
118727;J. Rouhi;LB;;66,42072279810459;66;;;LB;LB;formulas_por_posicion.json
118343;J. Russo;LB;;61,27961650515241;61;;;LB;LB;formulas_por_posicion.json
115911;J. Soler;LB;;68,44043416498852;68;;;LB;LB;formulas_por_posicion.json
122733;J. Vertrouwd;LB;;68,26237164518261;68;;;LB;LB;formulas_por_posicion.json
106496;J. Zemura;LB;;71,52699418723476;72;;;LB;LB;formulas_por_posicion.json
44214;Jamerson;LB;;68,32246697641494;68;;;LB;LB;formulas_por_posicion.json
110633;Javi Galán;LB;;75,63366372594359;76;;;LB;LB;formulas_por_posicion.json
120361;Javi López;LB;;71,45402708049494;71;;;LB;LB;formulas_por_posicion.json
46894;Jefté;LB;;71,30418483784014;71;;;LB;LB;formulas_por_posicion.json
42308;Jesús Vázquez;LB;;70,5027624927045;71;;;LB;LB;formulas_por_posicion.json
308336;João Almeida;LB;;61,85887113485583;62;;;LB;LB;formulas_por_posicion.json
118970;Juan Cruz;LB;;72,73697288690506;73;;;LB;LB;formulas_por_posicion.json
118472;Juan Miranda;LB;;72,96673852575219;73;;;LB;LB;formulas_por_posicion.json
121314;Junior Firpo;LB;;73,31488344101666;73;;;LB;LB;formulas_por_posicion.json
118178;K. Lewis-Potter;LB;;74,44552442229266;74;;;LB;LB;formulas_por_posicion.json
57633;K. Ouattara;LB;;72,07009816368465;72;;;LB;LB;formulas_por_posicion.json
108225;K. Tsimikas;LB;;76,06314199659056;76;;;LB;LB;formulas_por_posicion.json
114831;Kaiki;LB;;72,93302508509976;73;;;LB;LB;formulas_por_posicion.json
114785;Kauã Pascini;LB;;62,66478384979166;63;;;LB;LB;formulas_por_posicion.json
58172;Kauã Prates;LB;;62,735099560309706;63;;;LB;LB;formulas_por_posicion.json
42586;Kevyson;LB;;63,53263754002394;64;;;LB;LB;formulas_por_posicion.json
118643;L. Balbo;LB;;61,6754946256455;62;;;LB;LB;formulas_por_posicion.json
108518;L. Bernasconi;LB;;69,57052852023061;70;;;LB;LB;formulas_por_posicion.json
117773;L. Blanco;LB;;73,87062344872203;74;;;LB;LB;formulas_por_posicion.json
60070;L. Diarte;LB;;67,53955248830069;68;;;LB;LB;formulas_por_posicion.json
45089;L. Digne;LB;;76,24666300367498;76;;;LB;LB;formulas_por_posicion.json
114492;L. Esquivel;LB;;67,75820217006164;68;;;LB;LB;formulas_por_posicion.json
106824;L. Esteves;LB;;70,4577849727079;70;;;LB;LB;formulas_por_posicion.json
111123;L. Hall;LB;;78,68465646133446;79;;;LB;LB;formulas_por_posicion.json
58212;L. Hernández;LB;;64,2140080089187;64;;;LB;LB;formulas_por_posicion.json
117651;L. Hjelde;LB;;67,19851501230585;67;;;LB;LB;formulas_por_posicion.json
101667;L. Lescano;LB;;65,35781867371446;65;;;LB;LB;formulas_por_posicion.json
118322;L. Loor;LB;;70,60825261553903;71;;;LB;LB;formulas_por_posicion.json
122281;L. Marchi;LB;;65,209580050462;65;;;LB;LB;formulas_por_posicion.json
100504;L. Netz;LB;;72,86343995200417;73;;;LB;LB;formulas_por_posicion.json
114903;L. Pellegrini;LB;;72,73726359896798;73;;;LB;LB;formulas_por_posicion.json
111829;L. Pétrot;LB;;70,1377710840319;70;;;LB;LB;formulas_por_posicion.json
55792;L. Quiñónez;LB;;72,87092212441819;73;;;LB;LB;formulas_por_posicion.json
41272;L. Rodríguez;LB;;65,54044707238053;66;;;LB;LB;formulas_por_posicion.json
47070;L. Shaw;LB;;77,36538185935241;77;;;LB;LB;formulas_por_posicion.json
100630;L. Spinazzola;LB;;77,65871177334344;78;;;LB;LB;formulas_por_posicion.json
54864;L. Vargas;LB;;65,82661692013129;66;;;LB;LB;formulas_por_posicion.json
44443;Luan Cândido;LB;;65,61000284394277;66;;;LB;LB;formulas_por_posicion.json
103062;Lucas Pires;LB;;73,10047638503885;73;;;LB;LB;formulas_por_posicion.json
100458;Lucas Piton;LB;;69,63302358272963;70;;;LB;LB;formulas_por_posicion.json
115842;Luciano Juba;LB;;71,90736078208514;72;;;LB;LB;formulas_por_posicion.json
109248;Léo Derik;LB;;67,01343851176154;67;;;LB;LB;formulas_por_posicion.json
103317;M. Acuña;LB;;75,39016558724194;75;;;LB;LB;formulas_por_posicion.json
33107;M. Bakker;LB;;73,67495841404417;74;;;LB;LB;formulas_por_posicion.json
101734;M. Bard;LB;;76,04503422868015;76;;;LB;LB;formulas_por_posicion.json
47834;M. Casco;LB;;71,01769120821052;71;;;LB;LB;formulas_por_posicion.json
113167;M. De Cuyper;LB;;74,97933935437567;75;;;LB;LB;formulas_por_posicion.json
106340;M. De Ritis;LB;;67,61557919774643;68;;;LB;LB;formulas_por_posicion.json
115135;M. Del Blanco;LB;;71,79902858536154;72;;;LB;LB;formulas_por_posicion.json
113671;M. Espinoza;LB;;68,22328579365627;68;;;LB;LB;formulas_por_posicion.json
107609;M. Frese;LB;;71,61920063564634;72;;;LB;LB;formulas_por_posicion.json
114871;M. Gutiérrez;LB;;77,86219215605777;78;;;LB;LB;formulas_por_posicion.json
106611;M. Hermes;LB;;68,86680233066538;69;;;LB;LB;formulas_por_posicion.json
363894;M. Jesus;LB;;65,35937967427463;65;;;LB;LB;formulas_por_posicion.json
44708;M. Kerkez;LB;;79,22972707385402;79;;;LB;LB;formulas_por_posicion.json
114890;M. Lewis-Skelly;LB;;75,77024390907171;76;;;LB;LB;formulas_por_posicion.json
110109;M. Luciano;LB;;67,08498260719371;67;;;LB;LB;formulas_por_posicion.json
118523;M. López;LB;;72,71200924164769;73;;;LB;LB;formulas_por_posicion.json
116953;M. Løvik;LB;;62,28176307125291;62;;;LB;LB;formulas_por_posicion.json
118451;M. Melluso;LB;;69,09075629721868;69;;;LB;LB;formulas_por_posicion.json
54169;M. Morales;LB;;66,27835658581876;66;;;LB;LB;formulas_por_posicion.json
112544;M. Nagida;LB;;65,49535906487542;65;;;LB;LB;formulas_por_posicion.json
54446;M. Navarro;LB;;70,57222752937692;71;;;LB;LB;formulas_por_posicion.json
65283;M. Olivera;LB;;68,05796055616086;68;;;LB;LB;formulas_por_posicion.json
109849;M. Olivera;LB;;75,95776686443466;76;;;LB;LB;formulas_por_posicion.json
102966;M. Orihuela;LB;;69,85299379993728;70;;;LB;LB;formulas_por_posicion.json
42502;M. Paulo;LB;;65,96270594222312;66;;;LB;LB;formulas_por_posicion.json
55810;M. Pernía;LB;;69,68289776589474;70;;;LB;LB;formulas_por_posicion.json
61606;M. Pineida;LB;;65,49694519283807;65;;;LB;LB;formulas_por_posicion.json
118080;M. Ristić;LB;;70,36930517938113;70;;;LB;LB;formulas_por_posicion.json
114143;M. Ruggeri;LB;;75,6451319303406;76;;;LB;LB;formulas_por_posicion.json
110223;M. Trauco;LB;;68,74178647476673;69;;;LB;LB;formulas_por_posicion.json
107957;M. Udol;LB;;70,15363109814322;70;;;LB;LB;formulas_por_posicion.json
55729;M. Valenzuela;LB;;67,91635892603786;68;;;LB;LB;formulas_por_posicion.json
47566;M. Viña;LB;;72,5428069658651;73;;;LB;LB;formulas_por_posicion.json
102319;Mancha;LB;;65,6534470585012;66;;;LB;LB;formulas_por_posicion.json
117453;Manu Sánchez;LB;;74,11663756956085;74;;;LB;LB;formulas_por_posicion.json
116575;Marc Cucurella;LB;;82,48807962110082;82;;;LB;LB;formulas_por_posicion.json
108352;Marlon;LB;;70,88942918787055;71;;;LB;LB;formulas_por_posicion.json
45351;Marçal;LB;;70,7493574711896;71;;;LB;LB;formulas_por_posicion.json
101435;Matheus Bahia;LB;;69,60413222210502;70;;;LB;LB;formulas_por_posicion.json
59335;Matheus Bidu;LB;;72,78431968046962;73;;;LB;LB;formulas_por_posicion.json
63735;Mayk;LB;;68,54251251241251;69;;;LB;LB;formulas_por_posicion.json
55653;N. Allen;LB;;67,42401106793929;67;;;LB;LB;formulas_por_posicion.json
41236;N. Banegas;LB;;68,79505266071435;69;;;LB;LB;formulas_por_posicion.json
40662;N. Colazo;LB;;65,34288643420129;65;;;LB;LB;formulas_por_posicion.json
117969;N. Cozza;LB;;70,31336204420958;70;;;LB;LB;formulas_por_posicion.json
103480;N. Fortini;LB;;70,43486625662827;70;;;LB;LB;formulas_por_posicion.json
55985;N. Giraldo;LB;;67,57619634196188;68;;;LB;LB;formulas_por_posicion.json
114886;N. L'Huillier;LB;;61,863421699407745;62;;;LB;LB;formulas_por_posicion.json
119819;N. Nkounkou;LB;;72,54935047992933;73;;;LB;LB;formulas_por_posicion.json
108209;N. O'reilly;LB;;75,79812127464574;76;;;LB;LB;formulas_por_posicion.json
60254;N. Pasquini;LB;;66,33954109896146;66;;;LB;LB;formulas_por_posicion.json
118986;N. Sangui;LB;;66,47894318113266;66;;;LB;LB;formulas_por_posicion.json
41596;N. Tagliafico;LB;;77,37820903159506;77;;;LB;LB;formulas_por_posicion.json
44679;N. Williams;LB;;77,72203675301871;78;;;LB;LB;formulas_por_posicion.json
101108;Nicolas;LB;;66,97142528565855;67;;;LB;LB;formulas_por_posicion.json
117931;Nuno Mendes;LB;;87,32975891128042;87;;;LB;LB;formulas_por_posicion.json
46774;Nuno Tavares;LB;;74,38055050509577;74;;;LB;LB;formulas_por_posicion.json
55945;O. Bertel;LB;;69,80354068546902;70;;;LB;LB;formulas_por_posicion.json
104384;O. Ontivero;LB;;62,542091023259324;63;;;LB;LB;formulas_por_posicion.json
57413;O. Scarles;LB;;70,83933791999974;71;;;LB;LB;formulas_por_posicion.json
113340;O. Zinchenko;LB;;75,91755591626772;76;;;LB;LB;formulas_por_posicion.json
113294;Oso;LB;;67,70760909495161;68;;;LB;LB;formulas_por_posicion.json
114195;P. Dorgu;LB;;75,35688272261247;75;;;LB;LB;formulas_por_posicion.json
109872;P. Estupiñán;LB;;77,93731684981839;78;;;LB;LB;formulas_por_posicion.json
56243;P. Reyna;LB;;66,4301639147883;66;;;LB;LB;formulas_por_posicion.json
111097;P. Silva T.;LB;;70,4351102355681;70;;;LB;LB;formulas_por_posicion.json
119834;P. Souto;LB;;65,58458824786766;66;;;LB;LB;formulas_por_posicion.json
111847;Pacha Espino;LB;;71,68609150932318;72;;;LB;LB;formulas_por_posicion.json
109982;Patryck;LB;;64,556934446933;65;;;LB;LB;formulas_por_posicion.json
108380;Pedraza;LB;;73,57930088480867;74;;;LB;LB;formulas_por_posicion.json
117082;Pep Chavarría;LB;;76,94083156812604;77;;;LB;LB;formulas_por_posicion.json
114924;Q. Hartman;LB;;74,34333448303882;74;;;LB;LB;formulas_por_posicion.json
57636;Q. Merlin;LB;;70,06810731068617;70;;;LB;LB;formulas_por_posicion.json
47630;R. Alhassane;LB;;70,85680682977481;71;;;LB;LB;formulas_por_posicion.json
110441;R. Aït-Nouri;LB;;79,18672163427937;79;;;LB;LB;formulas_por_posicion.json
63500;R. Calafiori;LB;;79,62101933320136;80;;;LB;LB;formulas_por_posicion.json
59333;R. Cardines;LB;;63,836198500516595;64;;;LB;LB;formulas_por_posicion.json
60365;R. Delgado;LB;;68,6132530479324;69;;;LB;LB;formulas_por_posicion.json
58091;R. Fernández;LB;;66,42961878591728;66;;;LB;LB;formulas_por_posicion.json
114563;R. Gallo;LB;;66,74043370204647;67;;;LB;LB;formulas_por_posicion.json
59835;R. Guerreiro;LB;;75,23304056094094;75;;;LB;LB;formulas_por_posicion.json
112806;R. Henry;LB;;76,4463103640584;76;;;LB;LB;formulas_por_posicion.json
119814;R. Hernández;LB;;69,53009187963346;70;;;LB;LB;formulas_por_posicion.json
118509;R. Idrissi;LB;;66,9282100515055;67;;;LB;LB;formulas_por_posicion.json
118960;R. Insúa;LB;;68,3217809915217;68;;;LB;LB;formulas_por_posicion.json
53475;R. Lagos;LB;;65,41224665028214;65;;;LB;LB;formulas_por_posicion.json
114853;R. Perraud;LB;;72,63027620709245;73;;;LB;LB;formulas_por_posicion.json
107039;R. Sayavedra;LB;;64,29705303040106;64;;;LB;LB;formulas_por_posicion.json
114021;R. Sessegnon;LB;;75,69439977792712;76;;;LB;LB;formulas_por_posicion.json
35226;Rafa Obrador;LB;;68,41032448624027;68;;;LB;LB;formulas_por_posicion.json
44941;Ramon;LB;;67,95249492807605;68;;;LB;LB;formulas_por_posicion.json
121237;Reguilón;LB;;73,57436013805906;74;;;LB;LB;formulas_por_posicion.json
37398;Reinaldo;LB;;72,1785408090625;72;;;LB;LB;formulas_por_posicion.json
63675;Reinildo;LB;;78,54783722737021;79;;;LB;LB;formulas_por_posicion.json
114523;Renan Lodi;LB;;75,69168365266111;76;;;LB;LB;formulas_por_posicion.json
46332;Renê;LB;;71,86180436689163;72;;;LB;LB;formulas_por_posicion.json
101343;Riquelme;LB;;63,90461473514824;64;;;LB;LB;formulas_por_posicion.json
315546;S. Al-Najdi;LB;;63,78084554945059;64;;;LB;LB;formulas_por_posicion.json
63106;S. Angori;LB;;69,89565266114278;70;;;LB;LB;formulas_por_posicion.json
121318;S. Arzamendia;LB;;72,76002585572988;73;;;LB;LB;formulas_por_posicion.json
301848;S. Barbosa;LB;;63,25059139114885;63;;;LB;LB;formulas_por_posicion.json
366621;S. Cabrera;LB;;67,76448549824144;68;;;LB;LB;formulas_por_posicion.json
114946;S. Marcich;LB;;71,26731966019314;71;;;LB;LB;formulas_por_posicion.json
116598;S. Prieto;LB;;67,77799753605693;68;;;LB;LB;formulas_por_posicion.json
55907;S. Valencia;LB;;69,69505437562168;70;;;LB;LB;formulas_por_posicion.json
58286;S. Velásquez;LB;;67,98914615337983;68;;;LB;LB;formulas_por_posicion.json
100426;Salinas;LB;;70,72175626038747;71;;;LB;LB;formulas_por_posicion.json
117401;Sergi Cardona;LB;;77,65231124176574;78;;;LB;LB;formulas_por_posicion.json
100764;Souza;LB;;70,25528349168914;70;;;LB;LB;formulas_por_posicion.json
58037;T. Cavanagh;LB;;68,09449721539497;68;;;LB;LB;formulas_por_posicion.json
117358;T. De Smet;LB;;68,3917358750153;68;;;LB;LB;formulas_por_posicion.json
111252;T. Hernández;LB;;80,96413012305656;81;;;LB;LB;formulas_por_posicion.json
118038;T. Malacia;LB;;74,67127369354729;75;;;LB;LB;formulas_por_posicion.json
115521;T. Mitchell;LB;;78,64742201101149;79;;;LB;LB;formulas_por_posicion.json
116677;T. Ollila;LB;;65,95924113613393;66;;;LB;LB;formulas_por_posicion.json
112516;T. Ortega;LB;;64,7804645991956;65;;;LB;LB;formulas_por_posicion.json
56157;T. Ostchega;LB;;67,69891642644644;68;;;LB;LB;formulas_por_posicion.json
58209;T. Rodríguez;LB;;64,77836482150609;65;;;LB;LB;formulas_por_posicion.json
105088;T. Silva;LB;;67,74709022180002;68;;;LB;LB;formulas_por_posicion.json
110958;Toni Lato;LB;;71,35194236627007;71;;;LB;LB;formulas_por_posicion.json
54862;U. Garcia;LB;;71,47385559127953;71;;;LB;LB;formulas_por_posicion.json
118347;V. Mykolenko;LB;;75,98178761974243;76;;;LB;LB;formulas_por_posicion.json
57966;Vanderlan;LB;;67,66676954710927;68;;;LB;LB;formulas_por_posicion.json
63372;Victor Luís;LB;;64,9283232329258;65;;;LB;LB;formulas_por_posicion.json
106570;Vincícius Lira;LB;;64,68267686834211;65;;;LB;LB;formulas_por_posicion.json
111937;Víctor Parada;LB;;69,01702519308198;69;;;LB;LB;formulas_por_posicion.json
113938;W. Clar;LB;;68,83696987271779;69;;;LB;LB;formulas_por_posicion.json
117542;Wendell;LB;;71,0232148057626;71;;;LB;LB;formulas_por_posicion.json
114821;Weverson;LB;;67,70206247175004;68;;;LB;LB;formulas_por_posicion.json
55772;Y. Erique;LB;;67,31014556537421;67;;;LB;LB;formulas_por_posicion.json
325468;Y. Hernández;LB;;63,58427920032924;64;;;LB;LB;formulas_por_posicion.json
109934;Y. Lawson;LB;;67,41173549623377;67;;;LB;LB;formulas_por_posicion.json
108697;Y. Medina;LB;;68,86783144854411;69;;;LB;LB;formulas_por_posicion.json
57736;Y. Suárez;LB;;69,24915202093142;69;;;LB;LB;formulas_por_posicion.json
112307;Y. Zouaoui;LB;;68,01508214082351;68;;;LB;LB;formulas_por_posicion.json
100224;Yuri Berchiche;LB;;76,6454123784438;77;;;LB;LB;formulas_por_posicion.json
102588;Yusi;LB;;69,1788402416019;69;;;LB;LB;formulas_por_posicion.json
122702;Á. Ampuero;LB;;62,9347965523861;63;;;LB;LB;formulas_por_posicion.json
122307;Á. Angulo;LB;;71,50247842554766;72;;;LB;LB;formulas_por_posicion.json
58215;Á. Marchese;LB;;62,46525918572885;62;;;LB;LB;formulas_por_posicion.json
101617;Álex Moreno;LB;;74,94936509324211;75;;;LB;LB;formulas_por_posicion.json
109461;Álex Valle;LB;;73,18031151839827;73;;;LB;LB;formulas_por_posicion.json
118092;Álvaro Carreras;LB;;78,99760646470429;79;;;LB;LB;formulas_por_posicion.json
108883;A. Aravena;LMF;;70,02669607064318;70;;;LMF;LMF;formulas_por_posicion.json
118127;A. Canelo;LMF;;69,18125710764349;69;;;LMF;LMF;formulas_por_posicion.json
105808;A. Castro;LMF;;66,99872961573192;67;;;LMF;LMF;formulas_por_posicion.json
58363;A. Cruz;LMF;;69,88891984371563;70;;;LMF;LMF;formulas_por_posicion.json
103291;A. Danjuma;LMF;;73,88521836957712;74;;;LMF;LMF;formulas_por_posicion.json
55053;A. Ghareeb;LMF;;69,15612985338575;69;;;LMF;LMF;formulas_por_posicion.json
118562;A. Gory;LMF;;67,7094544152834;68;;;LMF;LMF;formulas_por_posicion.json
58158;A. Martínez;LMF;;69,4715485414985;69;;;LMF;LMF;formulas_por_posicion.json
60218;A. Obando;LMF;;64,64775965168948;65;;;LMF;LMF;formulas_por_posicion.json
118363;A. Piedrahita;LMF;;69,20260321926901;69;;;LMF;LMF;formulas_por_posicion.json
103703;A. Preciado;LMF;;70,6837527301899;71;;;LMF;LMF;formulas_por_posicion.json
118836;A. Riep;LMF;;64,74479402425966;65;;;LMF;LMF;formulas_por_posicion.json
54391;A. Rodríguez;LMF;;71,09246804109472;71;;;LMF;LMF;formulas_por_posicion.json
44910;A. Sbaï;LMF;;71,87259352252798;72;;;LMF;LMF;formulas_por_posicion.json
118385;A. Sosa;LMF;;66,44908566148614;66;;;LMF;LMF;formulas_por_posicion.json
117039;A. Urzi;LMF;;71,27717668535483;71;;;LMF;LMF;formulas_por_posicion.json
58405;A. Ávalos;LMF;;59,676943245123184;60;;;LMF;LMF;formulas_por_posicion.json
57269;Aitor;LMF;;74,08860579939125;74;;;LMF;LMF;formulas_por_posicion.json
7506;Alfon;LMF;;74,58905025514647;75;;;LMF;LMF;formulas_por_posicion.json
116191;Allex;LMF;;62,98988600778152;63;;;LMF;LMF;formulas_por_posicion.json
263032;B. Arce;LMF;;69,06343667096681;69;;;LMF;LMF;formulas_por_posicion.json
114984;B. Brereton;LMF;;72,67562357422125;73;;;LMF;LMF;formulas_por_posicion.json
58304;B. Calderara;LMF;;66,6284165367506;67;;;LMF;LMF;formulas_por_posicion.json
53389;B. Chandía;LMF;;67,16537507422495;67;;;LMF;LMF;formulas_por_posicion.json
45055;B. Dominguès;LMF;;68,9492022590586;69;;;LMF;LMF;formulas_por_posicion.json
118983;B. Martínez;LMF;;68,87544617215309;69;;;LMF;LMF;formulas_por_posicion.json
58247;B. Oyola;LMF;;68,77104209877321;69;;;LMF;LMF;formulas_por_posicion.json
58320;B. Reyna;LMF;;73,12236846523396;73;;;LMF;LMF;formulas_por_posicion.json
65281;B. Sánchez;LMF;;63,381707347526586;63;;;LMF;LMF;formulas_por_posicion.json
101833;B. Yáñez;LMF;;69,93732087438411;70;;;LMF;LMF;formulas_por_posicion.json
103657;Barrenetxea;LMF;;77,03249042100389;77;;;LMF;LMF;formulas_por_posicion.json
46037;Bernard;LMF;;74,39228020635596;74;;;LMF;LMF;formulas_por_posicion.json
114330;Biel;LMF;;71,99783992954649;72;;;LMF;LMF;formulas_por_posicion.json
263898;Bielorruso;LMF;;87,0107773534569;87;;;LMF;LMF;formulas_por_posicion.json
54858;C. Cuevas;LMF;;70,09643005779127;70;;;LMF;LMF;formulas_por_posicion.json
44656;C. Da Costa;LMF;;71,55744114793308;72;;;LMF;LMF;formulas_por_posicion.json
58309;C. Domínguez;LMF;;69,26077569660785;69;;;LMF;LMF;formulas_por_posicion.json
118723;C. Ejuke;LMF;;76,15617906920639;76;;;LMF;LMF;formulas_por_posicion.json
58239;C. Solano;LMF;;66,08792169071883;66;;;LMF;LMF;formulas_por_posicion.json
47833;D. Aquino;LMF;;70,98664510386187;71;;;LMF;LMF;formulas_por_posicion.json
60242;D. Barrea;LMF;;65,70222374655656;66;;;LMF;LMF;formulas_por_posicion.json
55441;D. García;LMF;;72,31873989548416;72;;;LMF;LMF;formulas_por_posicion.json
119113;D. Hernández;LMF;;69,5108768466496;70;;;LMF;LMF;formulas_por_posicion.json
45130;D. McNeil;LMF;;75,98699257103812;76;;;LMF;LMF;formulas_por_posicion.json
117771;D. Puebla;LMF;;70,97248870197262;71;;;LMF;LMF;formulas_por_posicion.json
114634;D. Tarzia;LMF;;66,31977093850938;66;;;LMF;LMF;formulas_por_posicion.json
54670;D. Torrico;LMF;;65,88225586416499;66;;;LMF;LMF;formulas_por_posicion.json
115161;Diego López;LMF;;76,81294336186741;77;;;LMF;LMF;formulas_por_posicion.json
118657;Diego Moreira;LMF;;76,57693819143486;77;;;LMF;LMF;formulas_por_posicion.json
119140;E. Ben Seghir;LMF;;74,10944558645966;74;;;LMF;LMF;formulas_por_posicion.json
55852;E. Castillo;LMF;;71,70779031636806;72;;;LMF;LMF;formulas_por_posicion.json
57926;E. Cetré;LMF;;73,55427396336867;74;;;LMF;LMF;formulas_por_posicion.json
112991;E. Viveros;LMF;;68,96383429072242;69;;;LMF;LMF;formulas_por_posicion.json
120315;E. Zeballos;LMF;;77,13927030888529;77;;;LMF;LMF;formulas_por_posicion.json
61402;F. Cervi;LMF;;72,3148623079468;72;;;LMF;LMF;formulas_por_posicion.json
57920;F. Chaverra;LMF;;71,92582788206674;72;;;LMF;LMF;formulas_por_posicion.json
107686;F. Dimarco;LMF;;80,97301432551521;81;;;LMF;LMF;formulas_por_posicion.json
113308;F. Fragapane;LMF;;72,65306883194778;73;;;LMF;LMF;formulas_por_posicion.json
55728;F. Hinestroza;LMF;;65,63547793082391;66;;;LMF;LMF;formulas_por_posicion.json
107819;F. Kostić;LMF;;76,58654091248125;77;;;LMF;LMF;formulas_por_posicion.json
37087;F. Minerva;LMF;;62,56091214058301;63;;;LMF;LMF;formulas_por_posicion.json
118945;F. Nicola;LMF;;66,0166978203672;66;;;LMF;LMF;formulas_por_posicion.json
119841;F. Orozco;LMF;;68,06305383090985;68;;;LMF;LMF;formulas_por_posicion.json
58073;F. Waller;LMF;;69,0360070741304;69;;;LMF;LMF;formulas_por_posicion.json
118716;F. Zapiola;LMF;;70,9626455386329;71;;;LMF;LMF;formulas_por_posicion.json
44620;Felipe Anderson;LMF;;75,1268008379272;75;;;LMF;LMF;formulas_por_posicion.json
57997;G. Chiaverano;LMF;;63,31065705878217;63;;;LMF;LMF;formulas_por_posicion.json
108955;G. Diangana;LMF;;71,62406423720314;72;;;LMF;LMF;formulas_por_posicion.json
118078;G. Gentile;LMF;;65,25080009639701;65;;;LMF;LMF;formulas_por_posicion.json
45457;G. Nunes;LMF;;72,8756806103676;73;;;LMF;LMF;formulas_por_posicion.json
111067;G. Rojas;LMF;;77,04463037015601;77;;;LMF;LMF;formulas_por_posicion.json
112739;Giovanny;LMF;;66,44759029964997;66;;;LMF;LMF;formulas_por_posicion.json
111361;H. Fértoli;LMF;;71,62931396436569;72;;;LMF;LMF;formulas_por_posicion.json
108771;H. Tijanovich;LMF;;66,11012487079576;66;;;LMF;LMF;formulas_por_posicion.json
118827;Hugo Álvarez;LMF;;72,78729258990072;73;;;LMF;LMF;formulas_por_posicion.json
54852;I. Aliseda;LMF;;76,05211560157376;76;;;LMF;LMF;formulas_por_posicion.json
117402;I. Chaira;LMF;;73,38836477265835;73;;;LMF;LMF;formulas_por_posicion.json
101664;I. Ndiaye;LMF;;80,69596836576005;81;;;LMF;LMF;formulas_por_posicion.json
113245;J. Banel;LMF;;67,58017605329141;68;;;LMF;LMF;formulas_por_posicion.json
1664;J. Bisanz;LMF;;66,39979733561098;66;;;LMF;LMF;formulas_por_posicion.json
54757;J. Brekalo;LMF;;73,51770317730367;74;;;LMF;LMF;formulas_por_posicion.json
111243;J. Cavallaro;LMF;;67,96839653315148;68;;;LMF;LMF;formulas_por_posicion.json
56255;J. Colmán;LMF;;66,43982147180748;66;;;LMF;LMF;formulas_por_posicion.json
60068;J. Correa;LMF;;72,03556773529199;72;;;LMF;LMF;formulas_por_posicion.json
113261;J. Duranville;LMF;;73,5438763145153;74;;;LMF;LMF;formulas_por_posicion.json
56129;J. Enamorado;LMF;;71,61627284524258;72;;;LMF;LMF;formulas_por_posicion.json
114537;J. Gho;LMF;;69,24804340060132;69;;;LMF;LMF;formulas_por_posicion.json
55716;J. Gutiérrez;LMF;;67,84346192274145;68;;;LMF;LMF;formulas_por_posicion.json
117723;J. Kalumba;LMF;;67,56660012010349;68;;;LMF;LMF;formulas_por_posicion.json
105284;J. Lavega;LMF;;67,71851640085252;68;;;LMF;LMF;formulas_por_posicion.json
54403;J. Lerma;LMF;;65,2931242166939;65;;;LMF;LMF;formulas_por_posicion.json
106838;J. Meneses;LMF;;69,03563880411514;69;;;LMF;LMF;formulas_por_posicion.json
113500;J. Menéndez;LMF;;70,84209553174944;71;;;LMF;LMF;formulas_por_posicion.json
116956;J. Ondrejka;LMF;;71,42031262878034;71;;;LMF;LMF;formulas_por_posicion.json
118303;J. Ramsey;LMF;;74,78830328385469;75;;;LMF;LMF;formulas_por_posicion.json
60042;J. Ramírez;LMF;;69,83915195920835;70;;;LMF;LMF;formulas_por_posicion.json
58237;J. Rojas;LMF;;69,78672367991216;70;;;LMF;LMF;formulas_por_posicion.json
58125;J. Saucedo;LMF;;57,42405481008056;57;;;LMF;LMF;formulas_por_posicion.json
114983;J. Tobio Burgos;LMF;;71,85470540281871;72;;;LMF;LMF;formulas_por_posicion.json
41276;J. Velázquez;LMF;;63,94557689582238;64;;;LMF;LMF;formulas_por_posicion.json
113709;Javi Llabrés;LMF;;70,79631796429388;71;;;LMF;LMF;formulas_por_posicion.json
371283;Jeffinho;LMF;;72,4807182994432;72;;;LMF;LMF;formulas_por_posicion.json
41100;Juanmi;LMF;;70,10965567169868;70;;;LMF;LMF;formulas_por_posicion.json
101499;K. Arroyo;LMF;;71,85572843214851;72;;;LMF;LMF;formulas_por_posicion.json
118592;K. Lamadrid;LMF;;68,66295015211122;69;;;LMF;LMF;formulas_por_posicion.json
57644;K. Lukoszek;LMF;;64,11916867656848;64;;;LMF;LMF;formulas_por_posicion.json
292559;K. Merida;LMF;;59,3578258067863;59;;;LMF;LMF;formulas_por_posicion.json
104061;K. Saverio;LMF;;67,46556754423602;67;;;LMF;LMF;formulas_por_posicion.json
110576;K. Serna;LMF;;73,66115458102816;74;;;LMF;LMF;formulas_por_posicion.json
45358;K. Zenón;LMF;;72,33776554584101;72;;;LMF;LMF;formulas_por_posicion.json
117678;Kaique Kenji;LMF;;67,82198610618272;68;;;LMF;LMF;formulas_por_posicion.json
106280;Keno;LMF;;69,57577529374215;70;;;LMF;LMF;formulas_por_posicion.json
100719;L. Besozzi;LMF;;70,28842504272261;70;;;LMF;LMF;formulas_por_posicion.json
123232;L. Herrera;LMF;;68,55847404237255;69;;;LMF;LMF;formulas_por_posicion.json
114884;L. Lobato;LMF;;71,16399447073488;71;;;LMF;LMF;formulas_por_posicion.json
110458;L. Pereira;LMF;;69,08013241019412;69;;;LMF;LMF;formulas_por_posicion.json
292521;L. Piñero;LMF;;67,67331893822022;68;;;LMF;LMF;formulas_por_posicion.json
105383;L. Ramazani;LMF;;74,68426975039895;75;;;LMF;LMF;formulas_por_posicion.json
60537;L. Sinisterra;LMF;;71,9127758677018;72;;;LMF;LMF;formulas_por_posicion.json
306125;L. Zúñiga;LMF;;60,77825748434447;61;;;LMF;LMF;formulas_por_posicion.json
54837;M. Alonso;LMF;;65,80133670657936;66;;;LMF;LMF;formulas_por_posicion.json
114116;M. Araújo;LMF;;68,40637458314264;68;;;LMF;LMF;formulas_por_posicion.json
115540;M. Braida;LMF;;70,34856402560914;70;;;LMF;LMF;formulas_por_posicion.json
55950;M. Castillo;LMF;;66,25713711799246;66;;;LMF;LMF;formulas_por_posicion.json
101234;M. Cornet;LMF;;71,91355807619077;72;;;LMF;LMF;formulas_por_posicion.json
59249;M. García;LMF;;66,41417729123556;66;;;LMF;LMF;formulas_por_posicion.json
118421;M. Godoy;LMF;;67,39949384538278;67;;;LMF;LMF;formulas_por_posicion.json
46989;M. Kudus;LMF;;76,98185401503544;77;;;LMF;LMF;formulas_por_posicion.json
58136;M. Paniagua;LMF;;64,40978730423609;64;;;LMF;LMF;formulas_por_posicion.json
55902;M. Pellegrini;LMF;;72,00466011876156;72;;;LMF;LMF;formulas_por_posicion.json
43888;M. Porcel;LMF;;64,91935924960558;65;;;LMF;LMF;formulas_por_posicion.json
116144;M. Sanabria;LMF;;70,52409296227152;71;;;LMF;LMF;formulas_por_posicion.json
118425;M. Tavernier;LMF;;75,80797313497143;76;;;LMF;LMF;formulas_por_posicion.json
113310;M. Tramoni;LMF;;73,25701093832323;73;;;LMF;LMF;formulas_por_posicion.json
37510;M. Zalazar;LMF;;66,40484047439607;66;;;LMF;LMF;formulas_por_posicion.json
54884;Michael;LMF;;75,37149427085453;75;;;LMF;LMF;formulas_por_posicion.json
113839;Moleiro;LMF;;80,24910621155264;80;;;LMF;LMF;formulas_por_posicion.json
117731;N. Angulo;LMF;;72,02526824538867;72;;;LMF;LMF;formulas_por_posicion.json
110312;N. Palavecino;LMF;;63,04365444100678;63;;;LMF;LMF;formulas_por_posicion.json
119799;N. Vallejo;LMF;;73,91134253268645;74;;;LMF;LMF;formulas_por_posicion.json
116656;N. Zalewski;LMF;;76,22275431694707;76;;;LMF;LMF;formulas_por_posicion.json
56215;O. Fernández;LMF;;73,5393057655946;74;;;LMF;LMF;formulas_por_posicion.json
104706;Pere Milla;LMF;;73,99788331555759;74;;;LMF;LMF;formulas_por_posicion.json
102418;Puado;LMF;;76,06999764639637;76;;;LMF;LMF;formulas_por_posicion.json
116409;R. Cabral;LMF;;71,12679146285652;71;;;LMF;LMF;formulas_por_posicion.json
101725;R. Gosens;LMF;;74,19830115551378;74;;;LMF;LMF;formulas_por_posicion.json
54356;R. López;LMF;;65,42506537788836;65;;;LMF;LMF;formulas_por_posicion.json
105274;R. Márquez;LMF;;68,10536779124749;68;;;LMF;LMF;formulas_por_posicion.json
56104;R. Perlaza;LMF;;64,73023571308569;65;;;LMF;LMF;formulas_por_posicion.json
47837;R. Sosa;LMF;;74,18906223224083;74;;;LMF;LMF;formulas_por_posicion.json
109079;R. Vargas;LMF;;78,11431713602218;78;;;LMF;LMF;formulas_por_posicion.json
113995;Rick;LMF;;71,25782539525274;71;;;LMF;LMF;formulas_por_posicion.json
59358;Riquelme;LMF;;77,16656420280492;77;;;LMF;LMF;formulas_por_posicion.json
54440;S. Al-Nasser;LMF;;65,80870617458444;66;;;LMF;LMF;formulas_por_posicion.json
118628;S. Andino;LMF;;73,5880763761712;74;;;LMF;LMF;formulas_por_posicion.json
110457;S. Grella;LMF;;63,40275533196537;63;;;LMF;LMF;formulas_por_posicion.json
43761;S. Lencina;LMF;;73,42970443999221;73;;;LMF;LMF;formulas_por_posicion.json
118325;S. Medina;LMF;;68,79723085735526;69;;;LMF;LMF;formulas_por_posicion.json
120327;S. Montiel;LMF;;72,29732493132008;72;;;LMF;LMF;formulas_por_posicion.json
33301;S. Nanasi;LMF;;73,41803729870585;73;;;LMF;LMF;formulas_por_posicion.json
100922;Samuel Lino;LMF;;77,25960260197957;77;;;LMF;LMF;formulas_por_posicion.json
60529;Sergi Darder;LMF;;76,40004727228416;76;;;LMF;LMF;formulas_por_posicion.json
119131;Sergio Gómez;LMF;;75,9252105816906;76;;;LMF;LMF;formulas_por_posicion.json
118585;T. Adoryán;LMF;;65,45138198893726;65;;;LMF;LMF;formulas_por_posicion.json
114911;T. Chirewa;LMF;;65,68631114379632;66;;;LMF;LMF;formulas_por_posicion.json
117545;T. Cuello;LMF;;72,62820546841141;73;;;LMF;LMF;formulas_por_posicion.json
108770;T. Fernández;LMF;;72,56573214903518;73;;;LMF;LMF;formulas_por_posicion.json
116592;T. Galván;LMF;;72,20332547936795;72;;;LMF;LMF;formulas_por_posicion.json
58258;T. Morinigo;LMF;;59,99389609712429;60;;;LMF;LMF;formulas_por_posicion.json
115119;T. Segovia;LMF;;68,9861594967739;69;;;LMF;LMF;formulas_por_posicion.json
115291;T. Watson;LMF;;69,451569240851;69;;;LMF;LMF;formulas_por_posicion.json
117289;Tete Morente;LMF;;71,17993989095358;71;;;LMF;LMF;formulas_por_posicion.json
54771;Tiago;LMF;;66,43402859475574;66;;;LMF;LMF;formulas_por_posicion.json
105379;V. Depietri;LMF;;70,0783700053092;70;;;LMF;LMF;formulas_por_posicion.json
114394;Vitinho;LMF;;73,07716482911782;73;;;LMF;LMF;formulas_por_posicion.json
38297;Willian;LMF;;70,38038993355057;70;;;LMF;LMF;formulas_por_posicion.json
114076;Y. Arismendi;LMF;;67,33110958402598;67;;;LMF;LMF;formulas_por_posicion.json
58178;Y. Cumaná;LMF;;65,57708161325176;66;;;LMF;LMF;formulas_por_posicion.json
61643;Y. Soteldo;LMF;;74,01704255847295;74;;;LMF;LMF;formulas_por_posicion.json
105321;Á. Barreal;LMF;;74,88191568124165;75;;;LMF;LMF;formulas_por_posicion.json
43638;Álex Baena;LMF;;79,46310854336924;79;;;LMF;LMF;formulas_por_posicion.json
114431;Ó. Cortés;LMF;;70,10144879660852;70;;;LMF;LMF;formulas_por_posicion.json
55786;A. Alvarado;LWF;;70,59234870384816;71;;;LWF;LWF;formulas_por_posicion.json
16794;A. Benedyczak;LWF;;65,3978578297987;65;;;LWF;LWF;formulas_por_posicion.json
114395;A. Bermont;LWF;;62,016448283970476;62;;;LWF;LWF;formulas_por_posicion.json
54832;A. Castro;LWF;;67,68902656636698;68;;;LWF;LWF;formulas_por_posicion.json
115162;A. Diao;LWF;;74,90101674828638;75;;;LWF;LWF;formulas_por_posicion.json
112031;A. Fadera;LWF;;69,95091491312209;70;;;LWF;LWF;formulas_por_posicion.json
103505;A. Garnacho;LWF;;79,49664470868896;79;;;LWF;LWF;formulas_por_posicion.json
120368;A. Gordon;LWF;;78,51455608416718;79;;;LWF;LWF;formulas_por_posicion.json
106410;A. Iwobi;LWF;;76,58511425745968;77;;;LWF;LWF;formulas_por_posicion.json
123726;A. Lauriente;LWF;;76,54885681353949;77;;;LWF;LWF;formulas_por_posicion.json
116959;A. Njie;LWF;;65,77330664208709;66;;;LWF;LWF;formulas_por_posicion.json
104241;A. Peñaranda;LWF;;66,69793208372187;67;;;LWF;LWF;formulas_por_posicion.json
100072;A. Rebbach;LWF;;69,92018477548035;70;;;LWF;LWF;formulas_por_posicion.json
104636;A. Santos;LWF;;69,44062440513835;69;;;LWF;LWF;formulas_por_posicion.json
262959;A. Sarmiento;LWF;;69,06572789278718;69;;;LWF;LWF;formulas_por_posicion.json
114927;A. Sima;LWF;;66,93067886226108;67;;;LWF;LWF;formulas_por_posicion.json
108875;A. Velasco;LWF;;71,85794449547994;72;;;LWF;LWF;formulas_por_posicion.json
117576;A. Zerbin;LWF;;72,40472648523046;72;;;LWF;LWF;formulas_por_posicion.json
113803;Abde;LWF;;77,70930518266263;78;;;LWF;LWF;formulas_por_posicion.json
111289;Adrián Liso;LWF;;69,673865167979;70;;;LWF;LWF;formulas_por_posicion.json
115997;Afonso Moreira;LWF;;72,66805742361308;73;;;LWF;LWF;formulas_por_posicion.json
47182;Alef Manga;LWF;;68,3431426489999;68;;;LWF;LWF;formulas_por_posicion.json
42346;Alesson;LWF;;70,88162172133639;71;;;LWF;LWF;formulas_por_posicion.json
118634;Allanzinho;LWF;;65,68101250041023;66;;;LWF;LWF;formulas_por_posicion.json
111033;Ansu Fati;LWF;;73,73110370469655;74;;;LWF;LWF;formulas_por_posicion.json
111328;B. Aguirre;LWF;;70,07390936998561;70;;;LWF;LWF;formulas_por_posicion.json
58078;B. Arady;LWF;;63,38644523447477;63;;;LWF;LWF;formulas_por_posicion.json
114284;B. Barcola;LWF;;83,04238501462126;83;;;LWF;LWF;formulas_por_posicion.json
55128;B. Castrillón;LWF;;68,55025939632804;69;;;LWF;LWF;formulas_por_posicion.json
111062;B. Domínguez;LWF;;72,80629362154615;73;;;LWF;LWF;formulas_por_posicion.json
43949;B. Guille;LWF;;65,10121392232112;65;;;LWF;LWF;formulas_por_posicion.json
299562;B. Méndez;LWF;;55,9540844051348;56;;;LWF;LWF;formulas_por_posicion.json
45049;B. Rodríguez;LWF;;75,14344303545339;75;;;LWF;LWF;formulas_por_posicion.json
118936;B. Álvarez;LWF;;61,914990817508915;62;;;LWF;LWF;formulas_por_posicion.json
103612;Berenguer;LWF;;77,89868230240857;78;;;LWF;LWF;formulas_por_posicion.json
114540;Breno Lopes;LWF;;69,6016138630062;70;;;LWF;LWF;formulas_por_posicion.json
114273;Bruninho;LWF;;63,108589737467994;63;;;LWF;LWF;formulas_por_posicion.json
55788;Bruno Rodrigues;LWF;;69,4780536302542;69;;;LWF;LWF;formulas_por_posicion.json
118379;Bryan Gil;LWF;;75,39030708379583;75;;;LWF;LWF;formulas_por_posicion.json
114419;Bryan Zaragoza;LWF;;75,85029771188857;76;;;LWF;LWF;formulas_por_posicion.json
56040;C. Cañozales;LWF;;62,645594696592184;63;;;LWF;LWF;formulas_por_posicion.json
117604;C. Franco;LWF;;60,36039609075651;60;;;LWF;LWF;formulas_por_posicion.json
122012;C. Gakpo;LWF;;79,80344492609917;80;;;LWF;LWF;formulas_por_posicion.json
120309;C. Hudson-Odoi;LWF;;76,02371380829533;76;;;LWF;LWF;formulas_por_posicion.json
106832;C. Jaime;LWF;;65,93778995709359;66;;;LWF;LWF;formulas_por_posicion.json
122314;C. Montes;LWF;;67,30253239647558;67;;;LWF;LWF;formulas_por_posicion.json
46951;C. Summerville;LWF;;76,70476009903439;77;;;LWF;LWF;formulas_por_posicion.json
325174;Capi;LWF;;89,16605427944637;89;;;LWF;LWF;formulas_por_posicion.json
115128;D. Aguilar;LWF;;63,62976667330025;64;;;LWF;LWF;formulas_por_posicion.json
113782;D. Bakola;LWF;;66,3809679699646;66;;;LWF;LWF;formulas_por_posicion.json
104344;D. Crego;LWF;;64,75634244301061;65;;;LWF;LWF;formulas_por_posicion.json
65142;D. González;LWF;;71,17845674415999;71;;;LWF;LWF;formulas_por_posicion.json
109046;D. Johnsen;LWF;;67,24449754252262;67;;;LWF;LWF;formulas_por_posicion.json
60522;D. Ouattara;LWF;;72,76676417646654;73;;;LWF;LWF;formulas_por_posicion.json
308506;D. Ruiz Rivera;LWF;;68,42780961245555;68;;;LWF;LWF;formulas_por_posicion.json
58164;D. Vergara;LWF;;73,00262928616287;73;;;LWF;LWF;formulas_por_posicion.json
115989;Davi Gomes;LWF;;63,888926548089685;64;;;LWF;LWF;formulas_por_posicion.json
40277;David;LWF;;67,39061010353812;67;;;LWF;LWF;formulas_por_posicion.json
43695;Dudu;LWF;;72,20117360517997;72;;;LWF;LWF;formulas_por_posicion.json
108079;E. Buendía;LWF;;74,79495875528173;75;;;LWF;LWF;formulas_por_posicion.json
54348;E. Delmás;LWF;;60,948125265014085;61;;;LWF;LWF;formulas_por_posicion.json
121224;E. González;LWF;;64,93891354544454;65;;;LWF;LWF;formulas_por_posicion.json
58270;E. López;LWF;;64,09045926034648;64;;;LWF;LWF;formulas_por_posicion.json
58066;E. Mereles;LWF;;64,26411691151596;64;;;LWF;LWF;formulas_por_posicion.json
54826;E. Mosquera;LWF;;68,88313977683532;69;;;LWF;LWF;formulas_por_posicion.json
114257;E. Taborda;LWF;;64,95378811504209;65;;;LWF;LWF;formulas_por_posicion.json
57901;E. Tortolero;LWF;;65,00123668066915;65;;;LWF;LWF;formulas_por_posicion.json
57996;E. Valencia;LWF;;66,88079501485578;67;;;LWF;LWF;formulas_por_posicion.json
118732;Edson Carioca;LWF;;66,69324404195264;67;;;LWF;LWF;formulas_por_posicion.json
115924;Erick Pulga;LWF;;74,13532975851071;74;;;LWF;LWF;formulas_por_posicion.json
120300;F. Amuzu;LWF;;72,91301404612793;73;;;LWF;LWF;formulas_por_posicion.json
114235;F. Chiesa;LWF;;78,10186067442538;78;;;LWF;LWF;formulas_por_posicion.json
114766;F. Kalinger;LWF;;63,154535423746296;63;;;LWF;LWF;formulas_por_posicion.json
55789;F. Mina;LWF;;64,30789048568838;64;;;LWF;LWF;formulas_por_posicion.json
55976;F. Núñez;LWF;;60,06563108382177;60;;;LWF;LWF;formulas_por_posicion.json
100912;F. Picault;LWF;;69,71577195944325;70;;;LWF;LWF;formulas_por_posicion.json
102327;Fabinho;LWF;;66,07382219061999;66;;;LWF;LWF;formulas_por_posicion.json
63142;Fernandinho;LWF;;68,32378348147326;68;;;LWF;LWF;formulas_por_posicion.json
116751;Ferran Torres;LWF;;82,72723918062117;83;;;LWF;LWF;formulas_por_posicion.json
108118;Ferreirinha;LWF;;72,46562158831165;72;;;LWF;LWF;formulas_por_posicion.json
114194;Félix Correia;LWF;;73,36437236059452;73;;;LWF;LWF;formulas_por_posicion.json
102123;G. Abuashvili;LWF;;65,51868336075908;66;;;LWF;LWF;formulas_por_posicion.json
372206;G. Cantizano;LWF;;62,3315471924858;62;;;LWF;LWF;formulas_por_posicion.json
42654;G. González;LWF;;65,28712267623551;65;;;LWF;LWF;formulas_por_posicion.json
116145;G. Infantino;LWF;;64,1336266937305;64;;;LWF;LWF;formulas_por_posicion.json
57923;G. Mancilla;LWF;;58,89076083729572;59;;;LWF;LWF;formulas_por_posicion.json
107256;G. Martinelli;LWF;;80,14016003616501;80;;;LWF;LWF;formulas_por_posicion.json
110368;G. Mendoza;LWF;;62,40630496509131;62;;;LWF;LWF;formulas_por_posicion.json
110801;G. Perrin;LWF;;72,5986887500522;73;;;LWF;LWF;formulas_por_posicion.json
115023;G. Togni;LWF;;70,92822026804467;71;;;LWF;LWF;formulas_por_posicion.json
325170;Grosso;LWF;;90,81146033115205;91;;;LWF;LWF;formulas_por_posicion.json
44272;Guilherme;LWF;;70,93611281406051;71;;;LWF;LWF;formulas_por_posicion.json
114855;H. Barnes;LWF;;77,4698898539855;77;;;LWF;LWF;formulas_por_posicion.json
58269;H. Fernández;LWF;;67,92997889986803;68;;;LWF;LWF;formulas_por_posicion.json
35031;H. Guirassy;LWF;;69,04315371952053;69;;;LWF;LWF;formulas_por_posicion.json
115841;H. Mosquera;LWF;;69,57563133566836;70;;;LWF;LWF;formulas_por_posicion.json
112893;H. Vaca;LWF;;66,77449089193888;67;;;LWF;LWF;formulas_por_posicion.json
104666;I. Jansson;LWF;;69,81057603180903;70;;;LWF;LWF;formulas_por_posicion.json
103136;I. Soumaré;LWF;;70,41779649858107;70;;;LWF;LWF;formulas_por_posicion.json
45664;I. Zufiaurre;LWF;;65,68985386319618;66;;;LWF;LWF;formulas_por_posicion.json
119830;Igor Paixão;LWF;;76,03254679059516;76;;;LWF;LWF;formulas_por_posicion.json
104503;Isaac;LWF;;65,02860797678755;65;;;LWF;LWF;formulas_por_posicion.json
119143;J. Anthony;LWF;;72,80209576953584;73;;;LWF;LWF;formulas_por_posicion.json
114970;J. Arizala;LWF;;64,65447459859257;65;;;LWF;LWF;formulas_por_posicion.json
107646;J. Boga;LWF;;74,60749005369846;75;;;LWF;LWF;formulas_por_posicion.json
113297;J. Bruun Larsen;LWF;;70,03885188994289;70;;;LWF;LWF;formulas_por_posicion.json
117689;J. Campaz;LWF;;73,68176110327519;74;;;LWF;LWF;formulas_por_posicion.json
108895;J. Carbonero;LWF;;74,5032770526664;75;;;LWF;LWF;formulas_por_posicion.json
55801;J. Cuesta;LWF;;66,21187882224048;66;;;LWF;LWF;formulas_por_posicion.json
114003;J. Doku;LWF;;81,84483023061738;82;;;LWF;LWF;formulas_por_posicion.json
33915;J. Gittens;LWF;;78,2237136256294;78;;;LWF;LWF;formulas_por_posicion.json
101115;J. Grealish;LWF;;79,62334971534119;80;;;LWF;LWF;formulas_por_posicion.json
112833;J. Lopez;LWF;;63,36244245838772;63;;;LWF;LWF;formulas_por_posicion.json
122331;J. Manzaneda;LWF;;65,2075038297115;65;;;LWF;LWF;formulas_por_posicion.json
118173;J. Mercado;LWF;;66,62693386063509;67;;;LWF;LWF;formulas_por_posicion.json
41144;J. Merlo;LWF;;64,74630389445991;65;;;LWF;LWF;formulas_por_posicion.json
55432;J. Meza;LWF;;65,1629284154429;65;;;LWF;LWF;formulas_por_posicion.json
57922;J. Montaño;LWF;;65,85845407385085;66;;;LWF;LWF;formulas_por_posicion.json
105482;J. Nsumoh;LWF;;61,5049809478581;62;;;LWF;LWF;formulas_por_posicion.json
121958;J. Rowe;LWF;;73,37343098586263;73;;;LWF;LWF;formulas_por_posicion.json
118007;J. Sancho;LWF;;77,30418622044179;77;;;LWF;LWF;formulas_por_posicion.json
114347;J. Silva;LWF;;66,58877847175941;67;;;LWF;LWF;formulas_por_posicion.json
56137;J. Uzeda;LWF;;64,00964579850623;64;;;LWF;LWF;formulas_por_posicion.json
55709;J. Valencia;LWF;;66,16598868277775;66;;;LWF;LWF;formulas_por_posicion.json
57657;J. Vargas;LWF;;65,26595971746141;65;;;LWF;LWF;formulas_por_posicion.json
116667;Jan Virgili;LWF;;72,94073175049117;73;;;LWF;LWF;formulas_por_posicion.json
104466;Jesús Rodríguez;LWF;;73,39637210787872;73;;;LWF;LWF;formulas_por_posicion.json
117901;Joel Roca;LWF;;72,39523359651771;72;;;LWF;LWF;formulas_por_posicion.json
105457;João Félix;LWF;;79,74162743765892;80;;;LWF;LWF;formulas_por_posicion.json
106238;Julimar;LWF;;69,75016337693984;70;;;LWF;LWF;formulas_por_posicion.json
118987;K. Coman;LWF;;79,22241219776915;79;;;LWF;LWF;formulas_por_posicion.json
16346;K. Mitoma;LWF;;78,76960203777034;79;;;LWF;LWF;formulas_por_posicion.json
63695;K. Ramirez;LWF;;67,48371086373807;67;;;LWF;LWF;formulas_por_posicion.json
45463;K. Schade;LWF;;75,1040882385788;75;;;LWF;LWF;formulas_por_posicion.json
116625;K. Sulemana;LWF;;71,80374768173306;72;;;LWF;LWF;formulas_por_posicion.json
116270;Kevin;LWF;;72,88761673660916;73;;;LWF;LWF;formulas_por_posicion.json
104417;Kike Barja;LWF;;72,41114209020563;72;;;LWF;LWF;formulas_por_posicion.json
111844;Kvaratskhelia;LWF;;85,29419072576594;85;;;LWF;LWF;formulas_por_posicion.json
45690;L. Angulo;LWF;;71,37679633963097;71;;;LWF;LWF;formulas_por_posicion.json
103625;L. Banda;LWF;;69,55402194334178;70;;;LWF;LWF;formulas_por_posicion.json
114282;L. Buffon;LWF;;56,629684886864645;57;;;LWF;LWF;formulas_por_posicion.json
56143;L. Cano;LWF;;68,15691189228485;68;;;LWF;LWF;formulas_por_posicion.json
368379;L. Cepeda;LWF;;68,913207258616;69;;;LWF;LWF;formulas_por_posicion.json
57651;L. Colitto;LWF;;67,94819357434994;68;;;LWF;LWF;formulas_por_posicion.json
109179;L. Da Cunha;LWF;;71,3246852815073;71;;;LWF;LWF;formulas_por_posicion.json
48129;L. Díaz;LWF;;86,17745756068904;86;;;LWF;LWF;formulas_por_posicion.json
322947;L. Hernández;LWF;;64,37651969391999;64;;;LWF;LWF;formulas_por_posicion.json
325168;L. Iberico;LWF;;66,34942901809715;66;;;LWF;LWF;formulas_por_posicion.json
47583;L. Janson;LWF;;67,27002755849755;67;;;LWF;LWF;formulas_por_posicion.json
121996;L. Koleosho;LWF;;68,98511265413336;69;;;LWF;LWF;formulas_por_posicion.json
44987;L. Melgarejo;LWF;;67,5082125583342;68;;;LWF;LWF;formulas_por_posicion.json
114877;L. Michal;LWF;;66,28157434387282;66;;;LWF;LWF;formulas_por_posicion.json
115175;L. Pastrán;LWF;;68,55947725472662;69;;;LWF;LWF;formulas_por_posicion.json
103181;L. Rafaelli;LWF;;60,700798248195404;61;;;LWF;LWF;formulas_por_posicion.json
101301;L. Trossard;LWF;;80,01216051405996;80;;;LWF;LWF;formulas_por_posicion.json
113162;Lucas Silva;LWF;;66,5420316904505;67;;;LWF;LWF;formulas_por_posicion.json
110461;M. Cafaro;LWF;;67,29513584285499;67;;;LWF;LWF;formulas_por_posicion.json
122342;M. Castro;LWF;;68,59175870356957;69;;;LWF;LWF;formulas_por_posicion.json
122934;M. Chaparro;LWF;;63,0835860912456;63;;;LWF;LWF;formulas_por_posicion.json
55787;M. Díaz;LWF;;61,9260878475596;62;;;LWF;LWF;formulas_por_posicion.json
118434;M. Felici;LWF;;71,403974562553;71;;;LWF;LWF;formulas_por_posicion.json
61031;M. Fernández;LWF;;73,21994839459065;73;;;LWF;LWF;formulas_por_posicion.json
264664;M. Fernández;LWF;;66,6304106499954;67;;;LWF;LWF;formulas_por_posicion.json
118687;M. Fofana;LWF;;76,11856428717638;76;;;LWF;LWF;formulas_por_posicion.json
106476;M. Godo;LWF;;71,46320072192148;71;;;LWF;LWF;formulas_por_posicion.json
117567;M. González;LWF;;61,37337097733439;61;;;LWF;LWF;formulas_por_posicion.json
117981;M. Khlan;LWF;;66,64663192648067;67;;;LWF;LWF;formulas_por_posicion.json
112921;M. Lovera;LWF;;69,66866520244493;70;;;LWF;LWF;formulas_por_posicion.json
107784;M. Moreno;LWF;;68,85703646261832;69;;;LWF;LWF;formulas_por_posicion.json
116708;M. Mudryk;LWF;;74,1211116702998;74;;;LWF;LWF;formulas_por_posicion.json
124295;M. Mundaca;LWF;;65,04788413877799;65;;;LWF;LWF;formulas_por_posicion.json
118946;M. Panaro;LWF;;66,71641283206934;67;;;LWF;LWF;formulas_por_posicion.json
110638;M. Rashford;LWF;;79,01684672768073;79;;;LWF;LWF;formulas_por_posicion.json
116484;M. Silvetti;LWF;;66,5996966004197;67;;;LWF;LWF;formulas_por_posicion.json
106773;M. Simon;LWF;;69,23471364656058;69;;;LWF;LWF;formulas_por_posicion.json
58830;M. Solomon;LWF;;74,39054459830817;74;;;LWF;LWF;formulas_por_posicion.json
118686;M. Tel;LWF;;75,63470356021693;76;;;LWF;LWF;formulas_por_posicion.json
117699;M. Trésor;LWF;;69,83220213353025;70;;;LWF;LWF;formulas_por_posicion.json
109263;M. Zaccagni;LWF;;78,77040323127936;79;;;LWF;LWF;formulas_por_posicion.json
101569;Mateus Xavier;LWF;;61,23178973799166;61;;;LWF;LWF;formulas_por_posicion.json
307653;Matheus Martins;LWF;;71,81892991565658;72;;;LWF;LWF;formulas_por_posicion.json
112469;Maurício Garcez;LWF;;64,79979205018863;65;;;LWF;LWF;formulas_por_posicion.json
113933;Moisés;LWF;;69,90890863684449;70;;;LWF;LWF;formulas_por_posicion.json
113855;N. Briasco;LWF;;66,1780172607498;66;;;LWF;LWF;formulas_por_posicion.json
116446;N. Cambiaghi;LWF;;73,3590790381326;73;;;LWF;LWF;formulas_por_posicion.json
108577;N. Ferreira;LWF;;63,94641039723786;64;;;LWF;LWF;formulas_por_posicion.json
122728;N. Lang;LWF;;77,70671850073504;78;;;LWF;LWF;formulas_por_posicion.json
111203;N. Silva;LWF;;69,64930994685318;70;;;LWF;LWF;formulas_por_posicion.json
118175;Nico Serrano;LWF;;69,62193159786287;70;;;LWF;LWF;formulas_por_posicion.json
113608;Nico Williams;LWF;;83,44877248229172;83;;;LWF;LWF;formulas_por_posicion.json
37522;Nuno Moreira;LWF;;70,38465359646861;70;;;LWF;LWF;formulas_por_posicion.json
118969;O. Sahraoui;LWF;;73,26908231811424;73;;;LWF;LWF;formulas_por_posicion.json
33473;Osvaldo;LWF;;67,86085884828803;68;;;LWF;LWF;formulas_por_posicion.json
115538;P. Barrios;LWF;;69,04723661725929;69;;;LWF;LWF;formulas_por_posicion.json
106929;P. Baya;LWF;;65,11520920674293;65;;;LWF;LWF;formulas_por_posicion.json
110523;P. Mboup;LWF;;62,97911504390679;63;;;LWF;LWF;formulas_por_posicion.json
7857;P. Pagis;LWF;;70,34703372290751;70;;;LWF;LWF;formulas_por_posicion.json
58273;P. Rodríguez;LWF;;68,61556006977133;69;;;LWF;LWF;formulas_por_posicion.json
105423;Paco Cortés;LWF;;65,38143181109365;65;;;LWF;LWF;formulas_por_posicion.json
106617;Perdo Rocha;LWF;;71,30519001450374;71;;;LWF;LWF;formulas_por_posicion.json
107635;Q. Ndjantou;LWF;;67,73303472750784;68;;;LWF;LWF;formulas_por_posicion.json
55804;R. Hernández;LWF;;63,87094461459627;64;;;LWF;LWF;formulas_por_posicion.json
111978;R. Himbert;LWF;;67,28750185951938;67;;;LWF;LWF;formulas_por_posicion.json
100910;R. Khadra;LWF;;69,32181434250364;69;;;LWF;LWF;formulas_por_posicion.json
47148;R. Mundle;LWF;;69,85515641475028;70;;;LWF;LWF;formulas_por_posicion.json
109396;R. Ngumoha;LWF;;69,80346275725667;70;;;LWF;LWF;formulas_por_posicion.json
42559;R. Sottil;LWF;;72,22218713942925;72;;;LWF;LWF;formulas_por_posicion.json
119153;Rafael Leão;LWF;;82,86989396140298;83;;;LWF;LWF;formulas_por_posicion.json
110644;Raphinha;LWF;;86,77731459122302;87;;;LWF;LWF;formulas_por_posicion.json
119892;Raúl Moro;LWF;;74,71336261505553;75;;;LWF;LWF;formulas_por_posicion.json
117786;Robinho Júnior;LWF;;66,64525928090342;67;;;LWF;LWF;formulas_por_posicion.json
60965;Rodriguinho;LWF;;63,614619325035015;64;;;LWF;LWF;formulas_por_posicion.json
107782;Roger;LWF;;60,2000502065108;60;;;LWF;LWF;formulas_por_posicion.json
100904;S. Boufal;LWF;;73,57873144286148;74;;;LWF;LWF;formulas_por_posicion.json
114396;S. Diop;LWF;;73,32785627312525;73;;;LWF;LWF;formulas_por_posicion.json
38858;S. El Shaarawy;LWF;;75,40137775442905;75;;;LWF;LWF;formulas_por_posicion.json
108948;S. Gnabry;LWF;;79,33504541253998;79;;;LWF;LWF;formulas_por_posicion.json
112446;S. Iling-Junior;LWF;;69,4970228300569;69;;;LWF;LWF;formulas_por_posicion.json
114219;S. López;LWF;;67,41808797099196;67;;;LWF;LWF;formulas_por_posicion.json
57304;S. Mané;LWF;;80,81615337596256;81;;;LWF;LWF;formulas_por_posicion.json
123442;S. Mosquera;LWF;;68,28191883085813;68;;;LWF;LWF;formulas_por_posicion.json
118954;S. Sosa;LWF;;67,09311958276942;67;;;LWF;LWF;formulas_por_posicion.json
110948;S. Villa;LWF;;74,69562556743489;75;;;LWF;LWF;formulas_por_posicion.json
60550;Saint-Maximin;LWF;;70,63195275879266;71;;;LWF;LWF;formulas_por_posicion.json
111859;T. Begić;LWF;;62,404745556725096;62;;;LWF;LWF;formulas_por_posicion.json
111058;T. Conechny;LWF;;69,17472390651349;69;;;LWF;LWF;formulas_por_posicion.json
110069;T. George;LWF;;69,03035898022578;69;;;LWF;LWF;formulas_por_posicion.json
117485;T. Magno;LWF;;70,68826584576288;71;;;LWF;LWF;formulas_por_posicion.json
39913;T. Sanusi;LWF;;62,07316287296732;62;;;LWF;LWF;formulas_por_posicion.json
117582;V. Birmančević;LWF;;73,46739914236063;73;;;LWF;LWF;formulas_por_posicion.json
102403;Vinicinho;LWF;;66,90347160117085;67;;;LWF;LWF;formulas_por_posicion.json
117047;Vinícius Júnior;LWF;;87,94645411931242;88;;;LWF;LWF;formulas_por_posicion.json
46023;Vitinho;LWF;;68,14610429831062;68;;;LWF;LWF;formulas_por_posicion.json
114967;Víctor Muñoz;LWF;;74,47522925886574;74;;;LWF;LWF;formulas_por_posicion.json
45137;W. Gnonto;LWF;;73,05642534899441;73;;;LWF;LWF;formulas_por_posicion.json
114709;W. Mazzantti;LWF;;69,75835885167679;70;;;LWF;LWF;formulas_por_posicion.json
108689;W. Mike;LWF;;61,775945467328064;62;;;LWF;LWF;formulas_por_posicion.json
114077;W. Núñez;LWF;;67,71927073239178;68;;;LWF;LWF;formulas_por_posicion.json
115778;W. Swedberg;LWF;;70,58145118043967;71;;;LWF;LWF;formulas_por_posicion.json
46049;Wanderson;LWF;;71,79687205974325;72;;;LWF;LWF;formulas_por_posicion.json
112746;Wermeson;LWF;;63,674428170983255;64;;;LWF;LWF;formulas_por_posicion.json
111000;Wesley;LWF;;69,50556180224703;70;;;LWF;LWF;formulas_por_posicion.json
54829;Y. Del Valle;LWF;;66,93212628269707;67;;;LWF;LWF;formulas_por_posicion.json
112417;Y. Gboho;LWF;;68,88910848179734;69;;;LWF;LWF;formulas_por_posicion.json
54839;Y. Orozco;LWF;;67,7907886186732;68;;;LWF;LWF;formulas_por_posicion.json
54680;Y. Quiñónez;LWF;;64,99399072301681;65;;;LWF;LWF;formulas_por_posicion.json
113827;Á. Verón;LWF;;61,220923630738874;61;;;LWF;LWF;formulas_por_posicion.json
60425;Álvaro García;LWF;;80,16366297420399;80;;;LWF;LWF;formulas_por_posicion.json
323595;Éverton C.;LWF;;76,87271861509674;77;;;LWF;LWF;formulas_por_posicion.json
40362;Ênio;LWF;;65,9221261680107;66;;;LWF;LWF;formulas_por_posicion.json
113810;Ítalo Vargas;LWF;;65,0120961875922;65;;;LWF;LWF;formulas_por_posicion.json
116568;A. Altimira;RB;;72,06763931807527;72;;;RB;RB;formulas_por_posicion.json
58160;A. Benítez;RB;;68,6504599951231;69;;;RB;RB;formulas_por_posicion.json
104649;A. Calabresi;RB;;67,70610422907387;68;;;RB;RB;formulas_por_posicion.json
107482;A. Dembélé;RB;;63,92220833419725;64;;;RB;RB;formulas_por_posicion.json
114982;A. Di Pardo;RB;;67,431753435769;67;;;RB;RB;formulas_por_posicion.json
112000;A. Freeman;RB;;72,5816949326645;73;;;RB;RB;formulas_por_posicion.json
118401;A. Giay;RB;;72,40427261320083;72;;;RB;RB;formulas_por_posicion.json
41975;A. González;RB;;69,43998282082772;69;;;RB;RB;formulas_por_posicion.json
55724;A. Gutiérrez;RB;;69,46391324611521;69;;;RB;RB;formulas_por_posicion.json
113960;A. Hakimi;RB;;85,73505940455507;86;;;RB;RB;formulas_por_posicion.json
39441;A. Hickey;RB;;73,39268666183504;73;;;RB;RB;formulas_por_posicion.json
109270;A. Lagos;RB;;67,67919326971034;68;;;RB;RB;formulas_por_posicion.json
117513;A. Mendy;RB;;72,25921980378482;72;;;RB;RB;formulas_por_posicion.json
118637;A. Molina;RB;;65,14356895089361;65;;;RB;RB;formulas_por_posicion.json
117643;A. Méndez;RB;;70,23283314126137;70;;;RB;RB;formulas_por_posicion.json
44637;A. Nyom;RB;;70,80408846064856;71;;;RB;RB;formulas_por_posicion.json
100481;A. Ratiu;RB;;78,65885678899421;79;;;RB;RB;formulas_por_posicion.json
56037;A. Román;RB;;70,53313076794922;71;;;RB;RB;formulas_por_posicion.json
60036;A. Sant'Anna;RB;;68,79128773511054;69;;;RB;RB;formulas_por_posicion.json
116501;A. Schott;RB;;70,66521348838573;71;;;RB;RB;formulas_por_posicion.json
101771;A. Smith;RB;;71,4018290776388;71;;;RB;RB;formulas_por_posicion.json
117774;A. Steimbach;RB;;66,67386692704791;67;;;RB;RB;formulas_por_posicion.json
58338;A. Troche;RB;;63,72365136746627;64;;;RB;RB;formulas_por_posicion.json
110555;A. Tuanzebe;RB;;73,3833020367732;73;;;RB;RB;formulas_por_posicion.json
56190;A. Vigo;RB;;70,24113387664845;70;;;RB;RB;formulas_por_posicion.json
114876;A. Wan-Bissaka;RB;;79,27620538289902;79;;;RB;RB;formulas_por_posicion.json
121256;A. Zanoli;RB;;72,70881274215353;73;;;RB;RB;formulas_por_posicion.json
120296;Aderlan;RB;;66,4031914536527;66;;;RB;RB;formulas_por_posicion.json
119816;Aitor Ruibal;RB;;75,09924957374646;75;;;RB;RB;formulas_por_posicion.json
114626;Andrés García;RB;;73,55834040637315;74;;;RB;RB;formulas_por_posicion.json
47357;Areso;RB;;74,56874031704359;75;;;RB;RB;formulas_por_posicion.json
37030;Arguibide;RB;;64,26456759832905;64;;;RB;RB;formulas_por_posicion.json
113189;Arnau Martínez;RB;;76,13125168085544;76;;;RB;RB;formulas_por_posicion.json
118109;Arthur;RB;;72,74766652162938;73;;;RB;RB;formulas_por_posicion.json
114061;B. Aguirre;RB;;69,01469159133904;69;;;RB;RB;formulas_por_posicion.json
58241;B. Carabalí;RB;;70,85789764289714;71;;;RB;RB;formulas_por_posicion.json
58232;B. Castillo;RB;;70,8904841040548;71;;;RB;RB;formulas_por_posicion.json
59443;B. Cerezo;RB;;67,83465879081818;68;;;RB;RB;formulas_por_posicion.json
54825;B. Duarte;RB;;62,51521905333666;63;;;RB;RB;formulas_por_posicion.json
53384;B. Gutiérrez;RB;;63,65294868752248;64;;;RB;RB;formulas_por_posicion.json
114017;B. Norton-Cuffy;RB;;74,93757869683355;75;;;RB;RB;formulas_por_posicion.json
101223;B. Sarr;RB;;69,57316304731683;70;;;RB;RB;formulas_por_posicion.json
108643;B. Schelotto;RB;;65,40859229714492;65;;;RB;RB;formulas_por_posicion.json
106588;B. White;RB;;80,45733474374818;80;;;RB;RB;formulas_por_posicion.json
32470;Bruno Gomes;RB;;70,69114592181568;71;;;RB;RB;formulas_por_posicion.json
100856;Buba Sangaré;RB;;67,60578288048026;68;;;RB;RB;formulas_por_posicion.json
106725;C. Arcus;RB;;71,3068476569561;71;;;RB;RB;formulas_por_posicion.json
368378;C. Arrieta;RB;;67,99097405466696;68;;;RB;RB;formulas_por_posicion.json
121980;C. Bradley;RB;;78,37942966905881;78;;;RB;RB;formulas_por_posicion.json
55719;C. Gómez;RB;;62,879354970948256;63;;;RB;RB;formulas_por_posicion.json
101338;C. Kporha;RB;;64,4858983666155;64;;;RB;RB;formulas_por_posicion.json
58047;C. Medina;RB;;61,814029369086846;62;;;RB;RB;formulas_por_posicion.json
58266;C. Olmedo;RB;;63,668962630733766;64;;;RB;RB;formulas_por_posicion.json
110551;C. Ramsay;RB;;65,41334628847694;65;;;RB;RB;formulas_por_posicion.json
115652;C. Roberts;RB;;73,11048591897699;73;;;RB;RB;formulas_por_posicion.json
58046;C. Rodríguez;RB;;63,2239721941655;63;;;RB;RB;formulas_por_posicion.json
55896;C. Sarabia;RB;;66,49627105801238;66;;;RB;RB;formulas_por_posicion.json
121344;Carmona;RB;;76,11935719783743;76;;;RB;RB;formulas_por_posicion.json
110772;Carreira;RB;;73,71313041319951;74;;;RB;RB;formulas_por_posicion.json
57353;Carvajal;RB;;81,95685676853714;82;;;RB;RB;formulas_por_posicion.json
103101;Claudinho;RB;;65,9811402258724;66;;;RB;RB;formulas_por_posicion.json
42535;Cédric;RB;;68,26291169311617;68;;;RB;RB;formulas_por_posicion.json
55784;D. De La Cruz;RB;;69,90796688261685;70;;;RB;RB;formulas_por_posicion.json
54855;D. Escobar;RB;;65,0921280819153;65;;;RB;RB;formulas_por_posicion.json
45113;D. Foulquier;RB;;72,67283429303856;73;;;RB;RB;formulas_por_posicion.json
102610;D. Martínez;RB;;66,67240132820325;67;;;RB;RB;formulas_por_posicion.json
58035;D. Medina;RB;;67,09326630817348;67;;;RB;RB;formulas_por_posicion.json
55412;D. Montenegro;RB;;65,8079721847487;66;;;RB;RB;formulas_por_posicion.json
41686;D. Muñoz;RB;;80,13637418707117;80;;;RB;RB;formulas_por_posicion.json
117652;D. Oyegoke;RB;;66,42329011523026;66;;;RB;RB;formulas_por_posicion.json
118108;D. Rensch;RB;;71,53424887296491;72;;;RB;RB;formulas_por_posicion.json
57910;D. Romero;RB;;66,74427393297198;67;;;RB;RB;formulas_por_posicion.json
46498;D. Sidibé;RB;;69,88003525984598;70;;;RB;RB;formulas_por_posicion.json
44953;D. Suárez;RB;;67,62088124963086;68;;;RB;RB;formulas_por_posicion.json
114159;D. Szala;RB;;65,1185416189143;65;;;RB;RB;formulas_por_posicion.json
100428;D. Zappacosta;RB;;76,2867941395743;76;;;RB;RB;formulas_por_posicion.json
31018;Daniel Borges;RB;;67,9046188332226;68;;;RB;RB;formulas_por_posicion.json
116452;Danilo Veiga;RB;;69,49428173242529;69;;;RB;RB;formulas_por_posicion.json
32566;Dieguinho;RB;;70,05223894129429;70;;;RB;RB;formulas_por_posicion.json
118136;Diogo Dalot;RB;;76,24013133395717;76;;;RB;RB;formulas_por_posicion.json
111808;Dodô;RB;;76,558511506035;77;;;RB;RB;formulas_por_posicion.json
59474;Dudu;RB;;67,91523857250502;68;;;RB;RB;formulas_por_posicion.json
58062;E. Ancheta;RB;;69,99735026478035;70;;;RB;RB;formulas_por_posicion.json
60581;E. Beltrán;RB;;65,55739267718356;66;;;RB;RB;formulas_por_posicion.json
104265;E. Bonifacio;RB;;67,85677593466949;68;;;RB;RB;formulas_por_posicion.json
115236;E. Cannavo;RB;;70,91841834533076;71;;;RB;RB;formulas_por_posicion.json
118399;E. Coronel;RB;;73,1005471210116;73;;;RB;RB;formulas_por_posicion.json
104854;E. Delprato;RB;;73,87614558613393;74;;;RB;RB;formulas_por_posicion.json
57624;E. Herrera;RB;;66,88879197997558;67;;;RB;RB;formulas_por_posicion.json
305932;E. Herrera;RB;;69,69590394702111;70;;;RB;RB;formulas_por_posicion.json
100219;E. Holm;RB;;73,68490571065996;74;;;RB;RB;formulas_por_posicion.json
102765;E. Hysaj;RB;;71,67625225334325;72;;;RB;RB;formulas_por_posicion.json
117960;E. Iñiguez;RB;;66,7762798556565;67;;;RB;RB;formulas_por_posicion.json
109911;E. Krafth;RB;;72,38002274668277;72;;;RB;RB;formulas_por_posicion.json
105471;E. López;RB;;67,5942308655091;68;;;RB;RB;formulas_por_posicion.json
8849;E. Mancuso;RB;;71,52810713151794;72;;;RB;RB;formulas_por_posicion.json
56026;E. Mena;RB;;69,02839569834767;69;;;RB;RB;formulas_por_posicion.json
110974;E. Meza;RB;;71,9765480762331;72;;;RB;RB;formulas_por_posicion.json
124858;E. Villalba;RB;;60,0277850246548;60;;;RB;RB;formulas_por_posicion.json
308173;E. Álvarez;RB;;65,56227686554729;66;;;RB;RB;formulas_por_posicion.json
38199;Emerson Royal;RB;;73,19335445070904;73;;;RB;RB;formulas_por_posicion.json
107045;Everton;RB;;66,54053261156604;67;;;RB;RB;formulas_por_posicion.json
102838;Ewerthon;RB;;66,89783597869015;67;;;RB;RB;formulas_por_posicion.json
114366;F. Bustos;RB;;74,28970474895421;74;;;RB;RB;formulas_por_posicion.json
109226;F. Centonze;RB;;69,20426434050808;69;;;RB;RB;formulas_por_posicion.json
118049;F. Cham;RB;;66,6587257146213;67;;;RB;RB;formulas_por_posicion.json
114237;F. Corbalán;RB;;65,59628863890981;66;;;RB;RB;formulas_por_posicion.json
117843;F. Domínguez;RB;;70,28402841819576;70;;;RB;RB;formulas_por_posicion.json
100762;F. Doucouré;RB;;70,59214020125512;71;;;RB;RB;formulas_por_posicion.json
1073806633;F. Facello;RB;;65,18173690011697;65;;;RB;RB;formulas_por_posicion.json
110533;F. Gerometta;RB;;67,24918042501534;67;;;RB;RB;formulas_por_posicion.json
107516;F. Guilbert;RB;;72,37963545241978;72;;;RB;RB;formulas_por_posicion.json
105584;F. Hormazabal;RB;;69,32825346174778;69;;;RB;RB;formulas_por_posicion.json
371710;F. López;RB;;64,80700262236428;65;;;RB;RB;formulas_por_posicion.json
104440;F. Martínez;RB;;68,0268427290074;68;;;RB;RB;formulas_por_posicion.json
58311;F. Mater;RB;;70,16326478960553;70;;;RB;RB;formulas_por_posicion.json
114433;F. Mura;RB;;71,98854098894411;72;;;RB;RB;formulas_por_posicion.json
55972;F. Perdomo;RB;;66,95562056578606;67;;;RB;RB;formulas_por_posicion.json
378314;F. Salinas;RB;;68,42147607063445;68;;;RB;RB;formulas_por_posicion.json
116521;F. Vera;RB;;70,03268098679486;70;;;RB;RB;formulas_por_posicion.json
46752;Fabiano;RB;;71,58559551567595;72;;;RB;RB;formulas_por_posicion.json
36945;Fagner;RB;;70,72000724055198;71;;;RB;RB;formulas_por_posicion.json
60096;G. Benavídez;RB;;71,47677391111;71;;;RB;RB;formulas_por_posicion.json
114418;G. Cerato;RB;;67,7373094471832;68;;;RB;RB;formulas_por_posicion.json
100101;G. Compagnucci;RB;;65,83868453650334;66;;;RB;RB;formulas_por_posicion.json
116970;G. Di Lorenzo;RB;;80,61027673111894;81;;;RB;RB;formulas_por_posicion.json
112508;G. Doué;RB;;75,031819889728;75;;;RB;RB;formulas_por_posicion.json
105409;G. Enrique;RB;;68,49776682172445;68;;;RB;RB;formulas_por_posicion.json
101952;G. Luján;RB;;68,03744754240778;68;;;RB;RB;formulas_por_posicion.json
118360;G. Martirena;RB;;71,53289544662394;72;;;RB;RB;formulas_por_posicion.json
110520;G. Montiel;RB;;75,38827453003088;75;;;RB;RB;formulas_por_posicion.json
105411;G. Soto;RB;;66,7726329743194;67;;;RB;RB;formulas_por_posicion.json
58061;G. Varela;RB;;76,30619148092703;76;;;RB;RB;formulas_por_posicion.json
110736;G. Zappa;RB;;72,74972442972486;73;;;RB;RB;formulas_por_posicion.json
63702;Gilberto;RB;;71,33243839306975;71;;;RB;RB;formulas_por_posicion.json
115095;Gilberto Junior;RB;;64,09649848484338;64;;;RB;RB;formulas_por_posicion.json
118685;Gorosabel;RB;;73,99471519523749;74;;;RB;RB;formulas_por_posicion.json
37356;Guga;RB;;70,5746275710535;71;;;RB;RB;formulas_por_posicion.json
377269;H. Ancajima;RB;;67,69640128989766;68;;;RB;RB;formulas_por_posicion.json
118588;H. Ashby;RB;;67,71540644601706;68;;;RB;RB;formulas_por_posicion.json
119138;H. De La Fuente;RB;;69,81482432753467;70;;;RB;RB;formulas_por_posicion.json
264483;H. Domínguez;RB;;76,6672514376449;77;;;RB;RB;formulas_por_posicion.json
101221;H. Hateboer;RB;;73,1164312136381;73;;;RB;RB;formulas_por_posicion.json
57916;H. Palacios;RB;;67,25306191948575;67;;;RB;RB;formulas_por_posicion.json
102561;H. Palacios;RB;;69,29044833813796;69;;;RB;RB;formulas_por_posicion.json
109351;H. Traoré;RB;;73,46203997460793;73;;;RB;RB;formulas_por_posicion.json
44858;Hereda;RB;;66,28557980559295;66;;;RB;RB;formulas_por_posicion.json
63370;Hugo Rincón;RB;;73,00891982704552;73;;;RB;RB;formulas_por_posicion.json
100510;Héctor Bellerín;RB;;75,65750076993056;76;;;RB;RB;formulas_por_posicion.json
112790;Héctor Fort;RB;;70,58130930247447;71;;;RB;RB;formulas_por_posicion.json
54820;I. Alba;RB;;66,58019869401541;67;;;RB;RB;formulas_por_posicion.json
38292;I. Andrada;RB;;65,19276940568582;65;;;RB;RB;formulas_por_posicion.json
111850;I. Balliu;RB;;74,36152289508512;74;;;RB;RB;formulas_por_posicion.json
104516;I. Bekhoucha;RB;;64,74091277557409;65;;;RB;RB;formulas_por_posicion.json
58365;I. Boatwright;RB;;59,35327914941477;59;;;RB;RB;formulas_por_posicion.json
63392;I. Campo;RB;;62,56876459104941;63;;;RB;RB;formulas_por_posicion.json
113819;I. Garguez;RB;;67,74403838087093;68;;;RB;RB;formulas_por_posicion.json
63314;I. Pillud;RB;;67,64930930734809;68;;;RB;RB;formulas_por_posicion.json
103454;I. Ramírez;RB;;66,75342123337734;67;;;RB;RB;formulas_por_posicion.json
100249;I. Smolčić;RB;;71,89668031872638;72;;;RB;RB;formulas_por_posicion.json
109390;Igor Formiga;RB;;69,69798006133304;70;;;RB;RB;formulas_por_posicion.json
119822;Igor Silva;RB;;70,07863305403265;70;;;RB;RB;formulas_por_posicion.json
40568;Igor Vinícius;RB;;71,72188207220945;72;;;RB;RB;formulas_por_posicion.json
110073;J. Acheampong;RB;;73,28997234550094;73;;;RB;RB;formulas_por_posicion.json
53906;J. Alfaro;RB;;65,32080005298566;65;;;RB;RB;formulas_por_posicion.json
102983;J. Aramburu;RB;;75,10693332181492;75;;;RB;RB;formulas_por_posicion.json
114964;J. Araujo;RB;;72,71833233348616;73;;;RB;RB;formulas_por_posicion.json
117517;J. Barinaga;RB;;72,72382844333373;73;;;RB;RB;formulas_por_posicion.json
4884;J. Bogle;RB;;73,95268733822292;74;;;RB;RB;formulas_por_posicion.json
117720;J. Cabrera;RB;;64,10360602254495;64;;;RB;RB;formulas_por_posicion.json
56039;J. Castro;RB;;67,50032555591073;68;;;RB;RB;formulas_por_posicion.json
117644;J. Clauss;RB;;75,49998666340828;75;;;RB;RB;formulas_por_posicion.json
117920;J. Cuenca;RB;;59,930105124305264;60;;;RB;RB;formulas_por_posicion.json
54849;J. Cuero;RB;;65,9868998044276;66;;;RB;RB;formulas_por_posicion.json
108873;J. Cáceres;RB;;72,65784176493112;73;;;RB;RB;formulas_por_posicion.json
55855;J. Espinoza;RB;;70,87743335370492;71;;;RB;RB;formulas_por_posicion.json
325169;J. Estrada;RB;;66,95710176520602;67;;;RB;RB;formulas_por_posicion.json
116487;J. Franco;RB;;67,85262282303296;68;;;RB;RB;formulas_por_posicion.json
107656;J. Frimpong;RB;;82,2651351899975;82;;;RB;RB;formulas_por_posicion.json
47933;J. García;RB;;73,84297495704038;74;;;RB;RB;formulas_por_posicion.json
118295;J. González;RB;;68,41785729525475;68;;;RB;RB;formulas_por_posicion.json
40617;J. Gordon;RB;;68,7066663248883;69;;;RB;RB;formulas_por_posicion.json
53474;J. Guerrero;RB;;68,99331745543051;69;;;RB;RB;formulas_por_posicion.json
111248;J. Gómez;RB;;66,39230771137233;66;;;RB;RB;formulas_por_posicion.json
112572;J. Hinshelwood;RB;;73,40434285792938;73;;;RB;RB;formulas_por_posicion.json
37518;J. Hurtado;RB;;71,71888689579112;72;;;RB;RB;formulas_por_posicion.json
110563;J. Iribarren;RB;;65,84567960000943;66;;;RB;RB;formulas_por_posicion.json
106416;J. Justin;RB;;74,31583071127598;74;;;RB;RB;formulas_por_posicion.json
110784;J. Koundé;RB;;84,18106467580311;84;;;RB;RB;formulas_por_posicion.json
307625;J. Lora;RB;;70,69057244862957;71;;;RB;RB;formulas_por_posicion.json
115846;J. Mosquera;RB;;69,14047805283629;69;;;RB;RB;formulas_por_posicion.json
320983;J. Pintado;RB;;71,12205773679099;71;;;RB;RB;formulas_por_posicion.json
323105;J. Quintero;RB;;68,40268671640698;68;;;RB;RB;formulas_por_posicion.json
60505;J. Rodríguez;RB;;71,78337704650605;72;;;RB;RB;formulas_por_posicion.json
123717;J. Rojas;RB;;68,20829589516597;68;;;RB;RB;formulas_por_posicion.json
109047;J. Ryerson;RB;;79,01138496924578;79;;;RB;RB;formulas_por_posicion.json
58400;J. Saborido;RB;;69,42525734771553;69;;;RB;RB;formulas_por_posicion.json
42606;J. Stanišić;RB;;77,04866100882349;77;;;RB;RB;formulas_por_posicion.json
57622;J. Teze;RB;;75,84145754389792;76;;;RB;RB;formulas_por_posicion.json
34882;J. Timber;RB;;82,33114267466948;82;;;RB;RB;formulas_por_posicion.json
118531;J. Toljan;RB;;73,6350240492161;74;;;RB;RB;formulas_por_posicion.json
100658;J. Vallejos;RB;;62,092262757691344;62;;;RB;RB;formulas_por_posicion.json
46850;J. Veltman;RB;;76,35883124543736;76;;;RB;RB;formulas_por_posicion.json
57919;J. Viveros;RB;;61,109632192566146;61;;;RB;RB;formulas_por_posicion.json
122914;J. Zevallos;RB;;64,26527085326256;64;;;RB;RB;formulas_por_posicion.json
108146;JP Chermont;RB;;66,0687550726437;66;;;RB;RB;formulas_por_posicion.json
110104;Javi Rueda;RB;;72,99683272814289;73;;;RB;RB;formulas_por_posicion.json
47405;Jonny;RB;;74,82866860828594;75;;;RB;RB;formulas_por_posicion.json
120376;Josan;RB;;71,92208031433188;72;;;RB;RB;formulas_por_posicion.json
47787;João Cancelo;RB;;79,91870021914241;80;;;RB;RB;formulas_por_posicion.json
110558;João Lucas;RB;;67,70632745467479;68;;;RB;RB;formulas_por_posicion.json
47115;João Mário;RB;;75,56924946736066;76;;;RB;RB;formulas_por_posicion.json
107895;João Pedro;RB;;67,59040681990462;68;;;RB;RB;formulas_por_posicion.json
43210;Juan Iglesias;RB;;73,36572174295043;73;;;RB;RB;formulas_por_posicion.json
102420;Juanlu Sánchez;RB;;73,16632827660881;73;;;RB;RB;formulas_por_posicion.json
116297;Júlio Fidelis;RB;;64,32596355749499;64;;;RB;RB;formulas_por_posicion.json
55984;K. Amaro;RB;;69,91426297076941;70;;;RB;RB;formulas_por_posicion.json
110460;K. Amian;RB;;71,77962643138943;72;;;RB;RB;formulas_por_posicion.json
118446;K. Antonio;RB;;60,82703336597725;61;;;RB;RB;formulas_por_posicion.json
47012;K. Coronel;RB;;67,06526878979597;67;;;RB;RB;formulas_por_posicion.json
107068;K. Ehizibue;RB;;71,20425007258957;71;;;RB;RB;formulas_por_posicion.json
118573;K. Hoever;RB;;72,71157073243336;73;;;RB;RB;formulas_por_posicion.json
118122;K. Kouao;RB;;70,82184276504826;71;;;RB;RB;formulas_por_posicion.json
117766;K. Laimer;RB;;80,80577039384166;81;;;RB;RB;formulas_por_posicion.json
45120;K. Lala;RB;;70,56441462762565;71;;;RB;RB;formulas_por_posicion.json
124233;K. Rodríguez;RB;;62,7239154965068;63;;;RB;RB;formulas_por_posicion.json
59596;K. Tete;RB;;76,88392564345055;77;;;RB;RB;formulas_por_posicion.json
100299;K. Trippier;RB;;75,9705493727704;76;;;RB;RB;formulas_por_posicion.json
41119;K. Walker;RB;;75,42970218937312;75;;;RB;RB;formulas_por_posicion.json
114750;Kauã Moraes;RB;;64,5816771303722;65;;;RB;RB;formulas_por_posicion.json
57280;Khellven;RB;;71,35270501941976;71;;;RB;RB;formulas_por_posicion.json
42322;Kiko Femenía;RB;;73,48414658491681;73;;;RB;RB;formulas_por_posicion.json
45069;L. Abecasis;RB;;65,39302381309824;65;;;RB;RB;formulas_por_posicion.json
117518;L. Advíncula;RB;;73,78101620260067;74;;;RB;RB;formulas_por_posicion.json
114990;L. Arce;RB;;70,31060537081795;70;;;RB;RB;formulas_por_posicion.json
113428;L. Blondel;RB;;70,19897252374085;70;;;RB;RB;formulas_por_posicion.json
123225;L. Chaverra;RB;;69,0408784901414;69;;;RB;RB;formulas_por_posicion.json
33075;L. De Silvestri;RB;;69,04463894478361;69;;;RB;RB;formulas_por_posicion.json
56153;L. Di Placido;RB;;69,09180475195946;69;;;RB;RB;formulas_por_posicion.json
118648;L. Geertruida;RB;;75,66455390680412;76;;;RB;RB;formulas_por_posicion.json
105324;L. Godoy;RB;;70,03472953041262;70;;;RB;RB;formulas_por_posicion.json
111301;L. Gómez;RB;;69,7897763007574;70;;;RB;RB;formulas_por_posicion.json
63339;L. Jara;RB;;68,34475867553722;68;;;RB;RB;formulas_por_posicion.json
103753;L. Lozano;RB;;73,65444563474792;74;;;RB;RB;formulas_por_posicion.json
263116;L. Macazaga;RB;;61,91249673692871;62;;;RB;RB;formulas_por_posicion.json
297352;L. Morales;RB;;71,19199779696395;71;;;RB;RB;formulas_por_posicion.json
100810;L. Négo;RB;;70,85000244568987;71;;;RB;RB;formulas_por_posicion.json
55747;L. Palacios;RB;;67,66357839143036;68;;;RB;RB;formulas_por_posicion.json
58219;L. Paz;RB;;62,6063778415343;63;;;RB;RB;formulas_por_posicion.json
110805;L. Raolisoa;RB;;69,56299141053111;70;;;RB;RB;formulas_por_posicion.json
111950;L. Sernicola;RB;;67,99221765067976;68;;;RB;RB;formulas_por_posicion.json
121235;L. Souto;RB;;67,75829715658624;68;;;RB;RB;formulas_por_posicion.json
54851;L. Soza;RB;;69,25701773700158;69;;;RB;RB;formulas_por_posicion.json
115999;L. Vargas;RB;;70,78158117674863;71;;;RB;RB;formulas_por_posicion.json
118334;L. Zogbé;RB;;67,48851794570716;67;;;RB;RB;formulas_por_posicion.json
106968;Lekue;RB;;70,73312970038228;71;;;RB;RB;formulas_por_posicion.json
110769;Lucas Ahijado;RB;;68,41952219226;68;;;RB;RB;formulas_por_posicion.json
38810;Lucas Ramon;RB;;70,80303217129918;71;;;RB;RB;formulas_por_posicion.json
103408;Lucas Vázquez;RB;;75,05736681660034;75;;;RB;RB;formulas_por_posicion.json
114341;M. Acapandié;RB;;63,982088167541875;64;;;RB;RB;formulas_por_posicion.json
37405;M. Alexandre;RB;;66,59774470467957;67;;;RB;RB;formulas_por_posicion.json
42433;M. Bracamonte;RB;;64,53715159327356;65;;;RB;RB;formulas_por_posicion.json
108590;M. Brandán;RB;;63,16997841308823;63;;;RB;RB;formulas_por_posicion.json
114029;M. Cash;RB;;79,12489712345882;79;;;RB;RB;formulas_por_posicion.json
47419;M. Colin;RB;;69,1348135390858;69;;;RB;RB;formulas_por_posicion.json
37140;M. Darmian;RB;;76,47705417101653;76;;;RB;RB;formulas_por_posicion.json
43166;M. Doherty;RB;;72,74852316876586;73;;;RB;RB;formulas_por_posicion.json
54400;M. Fernández;RB;;70,61077089484522;71;;;RB;RB;formulas_por_posicion.json
42125;M. Galarza;RB;;74,82677120526809;75;;;RB;RB;formulas_por_posicion.json
110834;M. Garay;RB;;68,15296307448239;68;;;RB;RB;formulas_por_posicion.json
55809;M. Guaramato;RB;;67,24916367456024;67;;;RB;RB;formulas_por_posicion.json
107954;M. Gusto;RB;;78,24305445390797;78;;;RB;RB;formulas_por_posicion.json
110715;M. Gutiérrez;RB;;68,17952899657813;68;;;RB;RB;formulas_por_posicion.json
37337;M. Isla;RB;;68,42807615197881;68;;;RB;RB;formulas_por_posicion.json
109141;M. Kayode;RB;;78,07998125117201;78;;;RB;RB;formulas_por_posicion.json
111852;M. Lazzari;RB;;74,37073792662417;74;;;RB;RB;formulas_por_posicion.json
110786;M. Louër;RB;;64,14095140914701;64;;;RB;RB;formulas_por_posicion.json
111969;M. Ortega;RB;;66,35260350807921;66;;;RB;RB;formulas_por_posicion.json
118965;M. Palestra;RB;;73,40220531423425;73;;;RB;RB;formulas_por_posicion.json
118350;M. Pedersen;RB;;72,76633325816151;73;;;RB;RB;formulas_por_posicion.json
102151;M. Peinipil;RB;;67,86431596151033;68;;;RB;RB;formulas_por_posicion.json
299660;M. Ponte;RB;;71,80209451978229;72;;;RB;RB;formulas_por_posicion.json
55708;M. Puerta;RB;;68,2433525100647;68;;;RB;RB;formulas_por_posicion.json
122320;M. Ruidías;RB;;68,75846084742506;69;;;RB;RB;formulas_por_posicion.json
115804;M. Senaya;RB;;70,15267518937084;70;;;RB;RB;formulas_por_posicion.json
60518;M. Sáček;RB;;67,69281230516766;68;;;RB;RB;formulas_por_posicion.json
119827;M. Villa;RB;;66,74039662319889;67;;;RB;RB;formulas_por_posicion.json
113795;M. Vojvoda;RB;;74,03166606909869;74;;;RB;RB;formulas_por_posicion.json
105341;M. Weigandt;RB;;70,03627962196978;70;;;RB;RB;formulas_por_posicion.json
109080;Maffeo;RB;;76,86434103628423;77;;;RB;RB;formulas_por_posicion.json
118269;Maik;RB;;67,46339551640253;67;;;RB;RB;formulas_por_posicion.json
104720;Maitland-Niles;RB;;76,01194688674913;76;;;RB;RB;formulas_por_posicion.json
113917;Marcelinho;RB;;65,13689460023036;65;;;RB;RB;formulas_por_posicion.json
103008;Marcos Llorente;RB;;81,7945518568473;82;;;RB;RB;formulas_por_posicion.json
54798;Marcos Rocha;RB;;70,0426639698725;70;;;RB;RB;formulas_por_posicion.json
46350;Marcos Vinícius;RB;;66,71758735816944;67;;;RB;RB;formulas_por_posicion.json
117879;Mateu Morey;RB;;72,66655962901686;73;;;RB;RB;formulas_por_posicion.json
115931;Mateusinho;RB;;69,85490103950134;70;;;RB;RB;formulas_por_posicion.json
113258;Matheuzinho;RB;;73,1838217816793;73;;;RB;RB;formulas_por_posicion.json
54787;Mayke;RB;;69,44676842807382;69;;;RB;RB;formulas_por_posicion.json
116179;Maílton;RB;;67,94187116154353;68;;;RB;RB;formulas_por_posicion.json
111870;Mingueza;RB;;78,24131751393668;78;;;RB;RB;formulas_por_posicion.json
122330;N. Arias;RB;;66,39431571562179;66;;;RB;RB;formulas_por_posicion.json
55043;N. Boushal;RB;;72,9693510637224;73;;;RB;RB;formulas_por_posicion.json
47238;N. Clyne;RB;;70,37728994658318;70;;;RB;RB;formulas_por_posicion.json
56120;N. Fernández;RB;;68,16389683756813;68;;;RB;RB;formulas_por_posicion.json
56059;N. Hernández;RB;;67,73191430701516;68;;;RB;RB;formulas_por_posicion.json
119889;N. Mazraoui;RB;;78,04259791193961;78;;;RB;RB;formulas_por_posicion.json
111096;N. Molina;RB;;76,81177988381067;77;;;RB;RB;formulas_por_posicion.json
118079;N. Montoya;RB;;62,92029724279218;63;;;RB;RB;formulas_por_posicion.json
119810;N. Morgantini;RB;;67,38728903543429;67;;;RB;RB;formulas_por_posicion.json
108969;N. Mukiele;RB;;78,28800800959645;78;;;RB;RB;formulas_por_posicion.json
114163;N. Patterson;RB;;71,0105212477073;71;;;RB;RB;formulas_por_posicion.json
58063;N. Rodríguez;RB;;68,76060643204752;69;;;RB;RB;formulas_por_posicion.json
56148;N. Sansotre;RB;;64,24507553100618;64;;;RB;RB;formulas_por_posicion.json
115074;N. Savona;RB;;72,26797684000938;72;;;RB;RB;formulas_por_posicion.json
118076;N. Tenaglia;RB;;75,40315044270385;75;;;RB;RB;formulas_por_posicion.json
102300;N. Zortea;RB;;72,98059757180688;73;;;RB;RB;formulas_por_posicion.json
116143;Nacho Vidal;RB;;72,30667799032685;72;;;RB;RB;formulas_por_posicion.json
113940;Natanael;RB;;71,3703082478078;71;;;RB;RB;formulas_por_posicion.json
113749;Nathan Mendes;RB;;65,15364859070027;65;;;RB;RB;formulas_por_posicion.json
108927;O. Aina;RB;;80,04103936441967;80;;;RB;RB;formulas_por_posicion.json
115163;O. Garrido;RB;;63,47890099319301;63;;;RB;RB;formulas_por_posicion.json
107858;O. Raterink;RB;;62,31395794293056;62;;;RB;RB;formulas_por_posicion.json
116634;O. Sonne;RB;;72,75295360242929;73;;;RB;RB;formulas_por_posicion.json
112940;Odriozola;RB;;72,59667079306801;73;;;RB;RB;formulas_por_posicion.json
114241;Omar El Hilali;RB;;76,29389306518475;76;;;RB;RB;formulas_por_posicion.json
56185;P. Bonilla;RB;;66,93612181750318;67;;;RB;RB;formulas_por_posicion.json
116946;P. Mazzocchi;RB;;70,71212772982159;71;;;RB;RB;formulas_por_posicion.json
58214;P. Milans;RB;;71,18889772800888;71;;;RB;RB;formulas_por_posicion.json
101196;P. Olkowski;RB;;67,86904783620271;68;;;RB;RB;formulas_por_posicion.json
56174;P. Ramírez;RB;;66,14082893269703;66;;;RB;RB;formulas_por_posicion.json
119820;Pau Navarro;RB;;68,69292523669601;69;;;RB;RB;formulas_por_posicion.json
32919;Paulo Henrique;RB;;75,15138161754682;75;;;RB;RB;formulas_por_posicion.json
121322;Pedro Lima;RB;;68,42347951571561;68;;;RB;RB;formulas_por_posicion.json
119828;Pedro Porro;RB;;78,37116341598974;78;;;RB;RB;formulas_por_posicion.json
113929;Pol Lirola;RB;;71,50290252756875;72;;;RB;RB;formulas_por_posicion.json
114695;Pubill;RB;;78,68319638244488;79;;;RB;RB;formulas_por_posicion.json
104391;R. Aguilar;RB;;72,13668586237293;72;;;RB;RB;formulas_por_posicion.json
116638;R. Barrios;RB;;67,93777396576364;68;;;RB;RB;formulas_por_posicion.json
104930;R. Belghali;RB;;70,26308616950573;70;;;RB;RB;formulas_por_posicion.json
119151;R. Bellanova;RB;;75,45493468486748;75;;;RB;RB;formulas_por_posicion.json
101902;R. Cáceres;RB;;68,09961045853419;68;;;RB;RB;formulas_por_posicion.json
114696;R. F. Mussolini;RB;;69,46769591991927;69;;;RB;RB;formulas_por_posicion.json
113737;R. González;RB;;70,12034614822453;70;;;RB;RB;formulas_por_posicion.json
58145;R. Gómez;RB;;64,20564044602219;64;;;RB;RB;formulas_por_posicion.json
115022;R. Gómez;RB;;69,00871335078631;69;;;RB;RB;formulas_por_posicion.json
60523;R. James;RB;;80,2197875350523;80;;;RB;RB;formulas_por_posicion.json
111116;R. Lewis;RB;;76,68298928275726;77;;;RB;RB;formulas_por_posicion.json
115898;R. Lozano;RB;;69,26954912878361;69;;;RB;RB;formulas_por_posicion.json
43058;R. Ramos;RB;;69,128368271007;69;;;RB;RB;formulas_por_posicion.json
363707;R. Rosales;RB;;68,77298912079337;69;;;RB;RB;formulas_por_posicion.json
60201;R. Saravia;RB;;71,21620835804411;71;;;RB;RB;formulas_por_posicion.json
100906;Reginaldo;RB;;66,43514125723715;66;;;RB;RB;formulas_por_posicion.json
111272;Rubén Sánchez;RB;;69,13153687636398;69;;;RB;RB;formulas_por_posicion.json
118047;S. Abdulhamid;RB;;69,98004281944588;70;;;RB;RB;formulas_por_posicion.json
55037;S. Al-Ghannam;RB;;71,72428323498384;72;;;RB;RB;formulas_por_posicion.json
112576;S. Alakouch;RB;;66,04818116393254;66;;;RB;RB;formulas_por_posicion.json
124270;S. Arancibia;RB;;65,22593371170097;65;;;RB;RB;formulas_por_posicion.json
44857;S. Arias;RB;;72,00005108430216;72;;;RB;RB;formulas_por_posicion.json
114978;S. Boey;RB;;78,43460364176886;78;;;RB;RB;formulas_por_posicion.json
117040;S. Britschgi;RB;;66,9550666250012;67;;;RB;RB;formulas_por_posicion.json
106423;S. Byram;RB;;70,6910623218897;71;;;RB;RB;formulas_por_posicion.json
40283;S. Coleman;RB;;70,3929157585511;70;;;RB;RB;formulas_por_posicion.json
114135;S. García;RB;;68,51871347748079;69;;;RB;RB;formulas_por_posicion.json
56036;S. Martín;RB;;64,82942142088136;65;;;RB;RB;formulas_por_posicion.json
117495;S. Mouriño;RB;;75,74924182368875;76;;;RB;RB;formulas_por_posicion.json
100134;S. Moyano;RB;;68,00460579880028;68;;;RB;RB;formulas_por_posicion.json
56122;S. Navarro;RB;;66,5924572692292;67;;;RB;RB;formulas_por_posicion.json
54791;S. Posch;RB;;71,54046615480996;72;;;RB;RB;formulas_por_posicion.json
100315;S. Sabelli;RB;;70,04312393078673;70;;;RB;RB;formulas_por_posicion.json
368781;Samuel Xavier;RB;;72,3123672890758;72;;;RB;RB;formulas_por_posicion.json
42892;Sergi Roberto;RB;;73,15019736098444;73;;;RB;RB;formulas_por_posicion.json
113405;T. Arnold;RB;;80,34993917700467;80;;;RB;RB;formulas_por_posicion.json
110735;T. Barbieri;RB;;70,60255915564626;71;;;RB;RB;formulas_por_posicion.json
117886;T. Castagne;RB;;73,13088913014049;73;;;RB;RB;formulas_por_posicion.json
100092;T. Esteves;RB;;68,36664482558437;68;;;RB;RB;formulas_por_posicion.json
115375;T. Guidara;RB;;72,95613374738315;73;;;RB;RB;formulas_por_posicion.json
104020;T. Hume;RB;;75,95725036735988;76;;;RB;RB;formulas_por_posicion.json
114583;T. Lamptey;RB;;71,74980820305737;72;;;RB;RB;formulas_por_posicion.json
118205;T. Livramento;RB;;78,47613948974008;78;;;RB;RB;formulas_por_posicion.json
46647;T. Meunier;RB;;73,29222302035286;73;;;RB;RB;formulas_por_posicion.json
116405;T. Pembélé;RB;;71,2131506496996;71;;;RB;RB;formulas_por_posicion.json
118395;T. Rubio;RB;;65,46079334247962;65;;;RB;RB;formulas_por_posicion.json
58287;T. Santamaría;RB;;68,53381456449867;69;;;RB;RB;formulas_por_posicion.json
121239;Thierry Correia;RB;;75,11908685051631;75;;;RB;RB;formulas_por_posicion.json
116631;Tiago Santos;RB;;75,50923337524718;76;;;RB;RB;formulas_por_posicion.json
110051;Tinga;RB;;67,36447211374808;67;;;RB;RB;formulas_por_posicion.json
43815;U. Ciccioli;RB;;64,13856193053867;64;;;RB;RB;formulas_por_posicion.json
63294;V. Moreno;RB;;68,39404813139097;68;;;RB;RB;formulas_por_posicion.json
113443;V. Rosier;RB;;76,78031227504732;77;;;RB;RB;formulas_por_posicion.json
46642;Van Der Brempt;RB;;70,65676333512631;71;;;RB;RB;formulas_por_posicion.json
117728;Vanderson;RB;;74,66717463990224;75;;;RB;RB;formulas_por_posicion.json
104151;Vitinho;RB;;75,18095089463974;75;;;RB;RB;formulas_por_posicion.json
114535;W. Coulibaly;RB;;72,10585538551068;72;;;RB;RB;formulas_por_posicion.json
101117;W. Kamanzi;RB;;67,85008350705365;68;;;RB;RB;formulas_por_posicion.json
58364;W. Saucedo;RB;;67,38018193696075;67;;;RB;RB;formulas_por_posicion.json
58234;W. Vargas;RB;;67,78827317332237;68;;;RB;RB;formulas_por_posicion.json
112012;Walker-Peters;RB;;75,64159907179338;76;;;RB;RB;formulas_por_posicion.json
57256;Wesley;RB;;77,91328254816706;78;;;RB;RB;formulas_por_posicion.json
63719;William;RB;;72,70476716114142;73;;;RB;RB;formulas_por_posicion.json
55949;Y. Candelo;RB;;70,01630309712462;70;;;RB;RB;formulas_por_posicion.json
58229;Y. Hurtado;RB;;69,34919711140492;69;;;RB;RB;formulas_por_posicion.json
56312;Y. Moreno;RB;;67,64183621627431;68;;;RB;RB;formulas_por_posicion.json
114862;Y. Paz;RB;;68,64495648581556;69;;;RB;RB;formulas_por_posicion.json
55991;Y. Perlaza;RB;;66,38319148950868;66;;;RB;RB;formulas_por_posicion.json
58208;Y. Rocha;RB;;65,56856460694942;66;;;RB;RB;formulas_por_posicion.json
33041;Yan Couto;RB;;75,61886755615984;76;;;RB;RB;formulas_por_posicion.json
114901;Z. Athekame;RB;;66,60087573446604;67;;;RB;RB;formulas_por_posicion.json
60916;Z. Çelik;RB;;75,93124075748212;76;;;RB;RB;formulas_por_posicion.json
109989;Á. Lemos;RB;;65,86471117177469;66;;;RB;RB;formulas_por_posicion.json
61489;Á. Preciado;RB;;74,99713611941331;75;;;RB;RB;formulas_por_posicion.json
114888;Álex Jiménez;RB;;74,91399467984444;75;;;RB;RB;formulas_por_posicion.json
114412;Álvaro Núñez;RB;;74,35006685713432;74;;;RB;RB;formulas_por_posicion.json
103576;Ángel Ortiz;RB;;70,72996630870429;71;;;RB;RB;formulas_por_posicion.json
59407;Ó. Opazo;RB;;66,19295274036133;66;;;RB;RB;formulas_por_posicion.json
30163;A. Benítez;RMF;;71,81797334391692;72;;;RMF;RMF;formulas_por_posicion.json
118943;A. Canobbio;RMF;;72,67849060719902;73;;;RMF;RMF;formulas_por_posicion.json
42033;A. Carrillo;RMF;;74,37362552991559;74;;;RMF;RMF;formulas_por_posicion.json
117378;A. Dønnum;RMF;;70,19838751285587;70;;;RMF;RMF;formulas_por_posicion.json
100930;A. Gómez;RMF;;73,44423355032289;73;;;RMF;RMF;formulas_por_posicion.json
114369;A. Lucena;RMF;;65,18458388623434;65;;;RMF;RMF;formulas_por_posicion.json
114379;A. Nordin;RMF;;70,20095947250392;70;;;RMF;RMF;formulas_por_posicion.json
56062;A. Oroz;RMF;;68,27572699179744;68;;;RMF;RMF;formulas_por_posicion.json
60458;A. Palavecino;RMF;;65,76411775272584;66;;;RMF;RMF;formulas_por_posicion.json
103997;A. Polo;RMF;;75,60012588695916;76;;;RMF;RMF;formulas_por_posicion.json
63398;A. Portillo;RMF;;66,29986159225865;66;;;RMF;RMF;formulas_por_posicion.json
122264;A. Saelemaekers;RMF;;77,74699632287918;78;;;RMF;RMF;formulas_por_posicion.json
39706;A. Segovia;RMF;;64,7804057881072;65;;;RMF;RMF;formulas_por_posicion.json
60265;A. Solari;RMF;;67,22403431945652;67;;;RMF;RMF;formulas_por_posicion.json
117621;A. Zakharyan;RMF;;71,95994856833758;72;;;RMF;RMF;formulas_por_posicion.json
105161;Adson;RMF;;69,22358182424244;69;;;RMF;RMF;formulas_por_posicion.json
107831;Allan;RMF;;71,73052513324174;72;;;RMF;RMF;formulas_por_posicion.json
117668;Antonio Sánchez;RMF;;71,81580306307644;72;;;RMF;RMF;formulas_por_posicion.json
103473;Antoniu Roca;RMF;;74,38453637728107;74;;;RMF;RMF;formulas_por_posicion.json
105360;B. Armoa;RMF;;67,12808016474978;67;;;RMF;RMF;formulas_por_posicion.json
57945;B. Bosch;RMF;;66,48870315029231;66;;;RMF;RMF;formulas_por_posicion.json
114120;B. Cuello;RMF;;66,70429059041955;67;;;RMF;RMF;formulas_por_posicion.json
47645;B. Garré;RMF;;69,35567285781286;69;;;RMF;RMF;formulas_por_posicion.json
118429;B. Rodríguez;RMF;;68,81871125517124;69;;;RMF;RMF;formulas_por_posicion.json
115932;Bruno Tabata;RMF;;69,93194791867609;70;;;RMF;RMF;formulas_por_posicion.json
42944;C. Auzqui;RMF;;66,78283294243045;67;;;RMF;RMF;formulas_por_posicion.json
101824;C. Barletta;RMF;;71,06166880809266;71;;;RMF;RMF;formulas_por_posicion.json
101267;C. Campbell;RMF;;70,57406028148753;71;;;RMF;RMF;formulas_por_posicion.json
115240;C. Mélières;RMF;;64,03464642779352;64;;;RMF;RMF;formulas_por_posicion.json
59590;C. Ngonge;RMF;;71,90366736801795;72;;;RMF;RMF;formulas_por_posicion.json
109909;C. Talbi;RMF;;77,35129936058323;77;;;RMF;RMF;formulas_por_posicion.json
100591;C. Vicente;RMF;;76,62005523297765;77;;;RMF;RMF;formulas_por_posicion.json
112478;Carlos Eduardo;RMF;;69,27894094017344;69;;;RMF;RMF;formulas_por_posicion.json
100801;Christian;RMF;;70,63050106721998;71;;;RMF;RMF;formulas_por_posicion.json
325171;Coreano;RMF;;87,12237063822785;87;;;RMF;RMF;formulas_por_posicion.json
108165;D. Barrera;RMF;;67,87324014844383;68;;;RMF;RMF;formulas_por_posicion.json
111986;D. Dumfries;RMF;;79,8419526759484;80;;;RMF;RMF;formulas_por_posicion.json
114081;D. Sarmiento;RMF;;68,1207445520077;68;;;RMF;RMF;formulas_por_posicion.json
111839;Dani Raba;RMF;;72,45348291034561;72;;;RMF;RMF;formulas_por_posicion.json
113896;De Frutos;RMF;;80,31973346370101;80;;;RMF;RMF;formulas_por_posicion.json
32475;E. Batalla;RMF;;70,76429881186947;71;;;RMF;RMF;formulas_por_posicion.json
58027;E. Bello;RMF;;69,6252533088221;70;;;RMF;RMF;formulas_por_posicion.json
55975;E. Forclaz;RMF;;64,95663166953076;65;;;RMF;RMF;formulas_por_posicion.json
63275;E. Giménez;RMF;;68,98736163259012;69;;;RMF;RMF;formulas_por_posicion.json
57749;E. Mbappé;RMF;;72,05185650990008;72;;;RMF;RMF;formulas_por_posicion.json
109182;E. Poku;RMF;;76,63657598413644;77;;;RMF;RMF;formulas_por_posicion.json
60203;E. Rigoni;RMF;;70,69967503670588;71;;;RMF;RMF;formulas_por_posicion.json
364021;E. Saavedra;RMF;;66,65310505344682;67;;;RMF;RMF;formulas_por_posicion.json
41083;E. Salvio;RMF;;73,85022052103636;74;;;RMF;RMF;formulas_por_posicion.json
54701;Estêvão;RMF;;78,06565825930282;78;;;RMF;RMF;formulas_por_posicion.json
117239;F. Altamira;RMF;;66,20199976507716;66;;;RMF;RMF;formulas_por_posicion.json
116437;F. Cardozo;RMF;;67,15116497142171;67;;;RMF;RMF;formulas_por_posicion.json
117702;F. Conceição;RMF;;79,2473405416695;79;;;RMF;RMF;formulas_por_posicion.json
108162;F. García;RMF;;67,42998703790697;67;;;RMF;RMF;formulas_por_posicion.json
101955;F. Pizzini;RMF;;69,66576533928993;70;;;RMF;RMF;formulas_por_posicion.json
53383;F. Salazar;RMF;;69,20762564454334;69;;;RMF;RMF;formulas_por_posicion.json
55737;F. Sambueza;RMF;;69,77767181463719;70;;;RMF;RMF;formulas_por_posicion.json
118393;F. Terracciano;RMF;;70,44315128325401;70;;;RMF;RMF;formulas_por_posicion.json
114792;F. Torres;RMF;;69,14615738882391;69;;;RMF;RMF;formulas_por_posicion.json
116585;F. Torres;RMF;;74,13270918334337;74;;;RMF;RMF;formulas_por_posicion.json
308458;G. Aguayo;RMF;;65,9162313292205;66;;;RMF;RMF;formulas_por_posicion.json
105312;G. Alanís;RMF;;69,68643989763169;70;;;RMF;RMF;formulas_por_posicion.json
111213;G. Caballero;RMF;;68,45768999866785;68;;;RMF;RMF;formulas_por_posicion.json
103781;G. Costa;RMF;;66,79410990137653;67;;;RMF;RMF;formulas_por_posicion.json
102212;G. Kyeremeh;RMF;;69,057425517054;69;;;RMF;RMF;formulas_por_posicion.json
121205;G. Mainero;RMF;;71,24684933090957;71;;;RMF;RMF;formulas_por_posicion.json
57649;G. Peredo;RMF;;66,86341439809274;67;;;RMF;RMF;formulas_por_posicion.json
38187;G. Prado;RMF;;67,66373993845488;68;;;RMF;RMF;formulas_por_posicion.json
101901;G. Ríos;RMF;;69,8950554844958;70;;;RMF;RMF;formulas_por_posicion.json
114689;G. Simeone;RMF;;80,53850949671663;81;;;RMF;RMF;formulas_por_posicion.json
46918;G. Verón;RMF;;70,17985319729915;70;;;RMF;RMF;formulas_por_posicion.json
42473;Guilherme;RMF;;69,34794027206247;69;;;RMF;RMF;formulas_por_posicion.json
120351;H. Hassan;RMF;;76,31989781287216;76;;;RMF;RMF;formulas_por_posicion.json
111968;I. Laquintana;RMF;;69,64894161550276;70;;;RMF;RMF;formulas_por_posicion.json
45668;I. Machuca;RMF;;71,19401889618243;71;;;RMF;RMF;formulas_por_posicion.json
101874;I. Schor;RMF;;70,63286743472588;71;;;RMF;RMF;formulas_por_posicion.json
109262;I. Touré;RMF;;68,45772200106337;68;;;RMF;RMF;formulas_por_posicion.json
100806;Iker Benito;RMF;;71,92553071971712;72;;;RMF;RMF;formulas_por_posicion.json
118638;J. Acevedo;RMF;;66,86598929902253;67;;;RMF;RMF;formulas_por_posicion.json
115194;J. Arias;RMF;;77,30555219895186;77;;;RMF;RMF;formulas_por_posicion.json
56066;J. Castillo;RMF;;65,07685041398213;65;;;RMF;RMF;formulas_por_posicion.json
58368;J. Contrera;RMF;;67,67600166772742;68;;;RMF;RMF;formulas_por_posicion.json
40631;J. Cuadrado;RMF;;73,13061203156397;73;;;RMF;RMF;formulas_por_posicion.json
55865;J. Córdoba;RMF;;69,8041259083307;70;;;RMF;RMF;formulas_por_posicion.json
113554;J. Dina Ebimbe;RMF;;68,88271829763046;69;;;RMF;RMF;formulas_por_posicion.json
58000;J. González;RMF;;69,71059514842541;70;;;RMF;RMF;formulas_por_posicion.json
58246;J. Gómez;RMF;;65,19337390779168;65;;;RMF;RMF;formulas_por_posicion.json
121962;J. Harrison;RMF;;71,83173920728291;72;;;RMF;RMF;formulas_por_posicion.json
118478;J. Hernández;RMF;;68,67864272830569;69;;;RMF;RMF;formulas_por_posicion.json
58403;J. Montenegro;RMF;;68,24330592896175;68;;;RMF;RMF;formulas_por_posicion.json
56052;J. Ortíz;RMF;;66,69984412950775;67;;;RMF;RMF;formulas_por_posicion.json
113710;J. Palacios;RMF;;71,78480065428829;72;;;RMF;RMF;formulas_por_posicion.json
58340;J. Romero;RMF;;63,50239772480087;64;;;RMF;RMF;formulas_por_posicion.json
111337;J. Saralegui;RMF;;69,0819141201853;69;;;RMF;RMF;formulas_por_posicion.json
9452;J. Tchatchoua;RMF;;72,64536995900785;73;;;RMF;RMF;formulas_por_posicion.json
55743;J. Vásquez;RMF;;71,51293511416814;72;;;RMF;RMF;formulas_por_posicion.json
57226;Jofre;RMF;;74,55973563395969;75;;;RMF;RMF;formulas_por_posicion.json
115998;Jáderson;RMF;;68,27716729753725;68;;;RMF;RMF;formulas_por_posicion.json
121332;K. Diatta;RMF;;74,11950748759352;74;;;RMF;RMF;formulas_por_posicion.json
55739;K. Londoño;RMF;;67,9170403431549;68;;;RMF;RMF;formulas_por_posicion.json
117547;Kaio César;RMF;;74,25514065393259;74;;;RMF;RMF;formulas_por_posicion.json
117675;Kayky;RMF;;71,77406793086118;72;;;RMF;RMF;formulas_por_posicion.json
118656;L. Bailey;RMF;;79,13245620784154;79;;;RMF;RMF;formulas_por_posicion.json
113806;L. Braga;RMF;;67,70244428299219;68;;;RMF;RMF;formulas_por_posicion.json
118129;L. Coulibaly;RMF;;70,8879818867227;71;;;RMF;RMF;formulas_por_posicion.json
53591;L. González;RMF;;69,02726671605163;69;;;RMF;RMF;formulas_por_posicion.json
118433;L. Guilherme;RMF;;71,223561127547;71;;;RMF;RMF;formulas_por_posicion.json
122310;L. Peña;RMF;;63,126469921088045;63;;;RMF;RMF;formulas_por_posicion.json
43816;L. Sequeira;RMF;;66,64293363519306;67;;;RMF;RMF;formulas_por_posicion.json
109439;L. Suhr;RMF;;66,7444503376212;67;;;RMF;RMF;formulas_por_posicion.json
104314;L. Suárez;RMF;;71,64134305795457;72;;;RMF;RMF;formulas_por_posicion.json
104462;L. Sy;RMF;;69,51456458102716;70;;;RMF;RMF;formulas_por_posicion.json
114100;L. Venturino;RMF;;63,122614763712825;63;;;RMF;RMF;formulas_por_posicion.json
42898;Lucas Moura;RMF;;74,49092642833995;74;;;RMF;RMF;formulas_por_posicion.json
118011;Luis Henrique;RMF;;77,08057688128207;77;;;RMF;RMF;formulas_por_posicion.json
119135;Luis Rioja;RMF;;74,81989049910058;75;;;RMF;RMF;formulas_por_posicion.json
113379;Luiz Araújo;RMF;;76,88688404955715;77;;;RMF;RMF;formulas_por_posicion.json
117776;Luiz Henrique;RMF;;78,80078342874647;79;;;RMF;RMF;formulas_por_posicion.json
54675;M. Akliouche;RMF;;78,8412348515283;79;;;RMF;RMF;formulas_por_posicion.json
59839;M. Al Tamari;RMF;;70,51377868154391;71;;;RMF;RMF;formulas_por_posicion.json
38269;M. Carrizo;RMF;;72,08413193557749;72;;;RMF;RMF;formulas_por_posicion.json
325552;M. Castro;RMF;;70,72531184112445;71;;;RMF;RMF;formulas_por_posicion.json
118659;M. Culbreath;RMF;;66,90273290823055;67;;;RMF;RMF;formulas_por_posicion.json
4007;M. Da Luz;RMF;;66,8562425577142;67;;;RMF;RMF;formulas_por_posicion.json
55863;M. Fernández;RMF;;63,38043848139896;63;;;RMF;RMF;formulas_por_posicion.json
118352;M. González;RMF;;67,70715760007995;68;;;RMF;RMF;formulas_por_posicion.json
58331;M. Huamán;RMF;;64,26313441656293;64;;;RMF;RMF;formulas_por_posicion.json
55426;M. Iacobellis;RMF;;67,92735610085981;68;;;RMF;RMF;formulas_por_posicion.json
111121;M. Kmet';RMF;;65,34228082649541;65;;;RMF;RMF;formulas_por_posicion.json
45095;M. Lacava;RMF;;69,28658962533625;69;;;RMF;RMF;formulas_por_posicion.json
117598;M. Leris;RMF;;68,63225234213161;69;;;RMF;RMF;formulas_por_posicion.json
60308;M. Meza;RMF;;71,76614344096774;72;;;RMF;RMF;formulas_por_posicion.json
114730;M. Mónaco;RMF;;63,53235116660615;64;;;RMF;RMF;formulas_por_posicion.json
101148;M. Peart-Harris;RMF;;67,22586215855928;67;;;RMF;RMF;formulas_por_posicion.json
59388;M. Romero;RMF;;65,85621605673106;66;;;RMF;RMF;formulas_por_posicion.json
55817;M. Ruiz;RMF;;64,27208294142005;64;;;RMF;RMF;formulas_por_posicion.json
56254;M. Sosa;RMF;;62,09826670871638;62;;;RMF;RMF;formulas_por_posicion.json
43190;Maceió;RMF;;63,069391664277795;63;;;RMF;RMF;formulas_por_posicion.json
111807;Marquinhos;RMF;;71,3535985356155;71;;;RMF;RMF;formulas_por_posicion.json
104672;N. Guzmán;RMF;;68,04631726700006;68;;;RMF;RMF;formulas_por_posicion.json
103107;N. Laméndola;RMF;;70,5201193486646;71;;;RMF;RMF;formulas_por_posicion.json
114534;N. Moreno;RMF;;63,60286231373021;64;;;RMF;RMF;formulas_por_posicion.json
107716;N. Pépé;RMF;;80,08190777792936;80;;;RMF;RMF;formulas_por_posicion.json
53451;N. Rodríguez;RMF;;68,621583104073;69;;;RMF;RMF;formulas_por_posicion.json
118627;N. Tella;RMF;;78,40362295336895;78;;;RMF;RMF;formulas_por_posicion.json
104394;P. Frankowski;RMF;;69,51165906047136;70;;;RMF;RMF;formulas_por_posicion.json
54255;P. García;RMF;;68,11084891028696;68;;;RMF;RMF;formulas_por_posicion.json
102244;P. Henrique;RMF;;68,91080817392522;69;;;RMF;RMF;formulas_por_posicion.json
119854;P. Katseris;RMF;;70,7542797816993;71;;;RMF;RMF;formulas_por_posicion.json
60152;P. Román;RMF;;65,10616225362473;65;;;RMF;RMF;formulas_por_posicion.json
308178;R. Bilu;RMF;;67,67006272770048;68;;;RMF;RMF;formulas_por_posicion.json
119818;R. Faivre;RMF;;75,19086531665741;75;;;RMF;RMF;formulas_por_posicion.json
44761;R. Ibarra;RMF;;69,49082065355053;69;;;RMF;RMF;formulas_por_posicion.json
102203;R. Messali;RMF;;64,80464512542197;65;;;RMF;RMF;formulas_por_posicion.json
60710;R. Modesto;RMF;;62,056670001100514;62;;;RMF;RMF;formulas_por_posicion.json
117812;R. Tesuri;RMF;;70,77502341850285;71;;;RMF;RMF;formulas_por_posicion.json
115186;Riquelme;RMF;;65,45784075910133;65;;;RMF;RMF;formulas_por_posicion.json
121210;Rodrigo Gomes;RMF;;72,1764855476415;72;;;RMF;RMF;formulas_por_posicion.json
100120;Romarinho;RMF;;66,11781569370332;66;;;RMF;RMF;formulas_por_posicion.json
45025;Rubén García;RMF;;76,88060889646175;77;;;RMF;RMF;formulas_por_posicion.json
108215;S. Adingra;RMF;;77,2981553093191;77;;;RMF;RMF;formulas_por_posicion.json
41158;S. Luján;RMF;;64,71245232346936;65;;;RMF;RMF;formulas_por_posicion.json
100261;S. March;RMF;;71,74573773389974;72;;;RMF;RMF;formulas_por_posicion.json
61492;S. Mendoza;RMF;;71,35224856996737;71;;;RMF;RMF;formulas_por_posicion.json
110753;S. Moreno;RMF;;69,66224279097068;70;;;RMF;RMF;formulas_por_posicion.json
115065;S. Salle;RMF;;66,36416385039539;66;;;RMF;RMF;formulas_por_posicion.json
44444;T. Abed;RMF;;66,62260723496574;67;;;RMF;RMF;formulas_por_posicion.json
121197;T. Allende;RMF;;69,78921743197964;70;;;RMF;RMF;formulas_por_posicion.json
16728;T. Asano;RMF;;74,09878520622357;74;;;RMF;RMF;formulas_por_posicion.json
114892;T. Buchanan;RMF;;74,07386954343205;74;;;RMF;RMF;formulas_por_posicion.json
373471;T. Dolan;RMF;;76,6677203208174;77;;;RMF;RMF;formulas_por_posicion.json
1073758338;T. Kubo;RMF;;80,07515538998126;80;;;RMF;RMF;formulas_por_posicion.json
118394;T. Le Bris;RMF;;70,57119669706104;71;;;RMF;RMF;formulas_por_posicion.json
122017;T. Louchet;RMF;;70,49887232909352;70;;;RMF;RMF;formulas_por_posicion.json
57898;T. Palacios;RMF;;73,90109172519783;74;;;RMF;RMF;formulas_por_posicion.json
113038;T. Pozzo;RMF;;66,41415720876013;66;;;RMF;RMF;formulas_por_posicion.json
58213;T. Villalba;RMF;;70,68953502488398;71;;;RMF;RMF;formulas_por_posicion.json
117835;T. Weah;RMF;;75,28433904872331;75;;;RMF;RMF;formulas_por_posicion.json
113247;Tetê;RMF;;76,09646588763418;76;;;RMF;RMF;formulas_por_posicion.json
113042;U. Sánchez;RMF;;72,96037541856607;73;;;RMF;RMF;formulas_por_posicion.json
58636;V. Lazaro;RMF;;74,5618154472794;75;;;RMF;RMF;formulas_por_posicion.json
59288;Victor Hugo;RMF;;70,29399790952546;70;;;RMF;RMF;formulas_por_posicion.json
118082;Víctor García;RMF;;70,08985642775129;70;;;RMF;RMF;formulas_por_posicion.json
117813;Y. Asprilla;RMF;;75,32508030151362;75;;;RMF;RMF;formulas_por_posicion.json
55521;Y. Chará;RMF;;74,51883109220688;75;;;RMF;RMF;formulas_por_posicion.json
101018;Y. Minteh;RMF;;80,43326970870046;80;;;RMF;RMF;formulas_por_posicion.json
110802;Yago Pikachu;RMF;;69,35087443577291;69;;;RMF;RMF;formulas_por_posicion.json
116207;Yeremy Pino;RMF;;78,3972089561897;78;;;RMF;RMF;formulas_por_posicion.json
116206;A. Abdullahi;RWF;;58,008465650647736;58;;;RWF;RWF;formulas_por_posicion.json
118358;A. Alaniz;RWF;;66,59041547980945;67;;;RWF;RWF;formulas_por_posicion.json
117717;A. Albarracín;RWF;;67,09415149247137;67;;;RWF;RWF;formulas_por_posicion.json
55987;A. De Luca;RWF;;60,85912147472058;61;;;RWF;RWF;formulas_por_posicion.json
44245;A. Elanga;RWF;;74,46355996757931;74;;;RWF;RWF;formulas_por_posicion.json
32568;A. Galeano;RWF;;71,06224739182329;71;;;RWF;RWF;formulas_por_posicion.json
122732;A. Granko;RWF;;60,08222211243895;60;;;RWF;RWF;formulas_por_posicion.json
60534;A. Januzaj;RWF;;72,26322583391017;72;;;RWF;RWF;formulas_por_posicion.json
117072;A. Kamara;RWF;;67,20130995670148;67;;;RWF;RWF;formulas_por_posicion.json
116630;A. Ladstatter;RWF;;66,27006520832704;66;;;RWF;RWF;formulas_por_posicion.json
34514;A. Minda;RWF;;69,4651692466293;69;;;RWF;RWF;formulas_por_posicion.json
47334;A. Ouattara;RWF;;69,76901751212115;70;;;RWF;RWF;formulas_por_posicion.json
110777;A. Przyborek;RWF;;65,83584139410918;66;;;RWF;RWF;formulas_por_posicion.json
63383;A. Semenyo;RWF;;79,4615694955099;79;;;RWF;RWF;formulas_por_posicion.json
55052;A. Yahya;RWF;;66,77785963536789;67;;;RWF;RWF;formulas_por_posicion.json
61050;Adama Traoré;RWF;;74,45143220029416;74;;;RWF;RWF;formulas_por_posicion.json
38175;Ademir;RWF;;71,61433034259825;72;;;RWF;RWF;formulas_por_posicion.json
100676;Alysson;RWF;;68,1001051267756;68;;;RWF;RWF;formulas_por_posicion.json
108695;Amad;RWF;;78,47189725608455;78;;;RWF;RWF;formulas_por_posicion.json
115927;Antony;RWF;;78,74439320983137;79;;;RWF;RWF;formulas_por_posicion.json
1073847680;Artur;RWF;;69,04716783116552;69;;;RWF;RWF;formulas_por_posicion.json
100901;B. Brahimi;RWF;;68,63650571408566;69;;;RWF;RWF;formulas_por_posicion.json
54840;B. Castro;RWF;;67,9384927761062;68;;;RWF;RWF;formulas_por_posicion.json
104727;B. Gannon Doak;RWF;;70,48536403623088;70;;;RWF;RWF;formulas_por_posicion.json
112574;B. Johnson;RWF;;77,33199865692058;77;;;RWF;RWF;formulas_por_posicion.json
101185;B. Mbeumo;RWF;;81,99609322255286;82;;;RWF;RWF;formulas_por_posicion.json
303623;B. Ramírez;RWF;;71,30017465398943;71;;;RWF;RWF;formulas_por_posicion.json
108693;B. Saka;RWF;;84,61014656769233;85;;;RWF;RWF;formulas_por_posicion.json
60922;B. Traoré;RWF;;71,9985903133405;72;;;RWF;RWF;formulas_por_posicion.json
114566;Brahim;RWF;;79,42502691659949;79;;;RWF;RWF;formulas_por_posicion.json
118209;Brugui;RWF;;71,64873079191347;72;;;RWF;RWF;formulas_por_posicion.json
55953;C. Barrios;RWF;;70,32954987027911;70;;;RWF;RWF;formulas_por_posicion.json
118949;C. Olivera;RWF;;70,01211085426216;70;;;RWF;RWF;formulas_por_posicion.json
105633;C. Pavón;RWF;;69,98596506087058;70;;;RWF;RWF;formulas_por_posicion.json
114627;C. Stengs;RWF;;71,64496232679703;72;;;RWF;RWF;formulas_por_posicion.json
55981;C. Zavala;RWF;;66,0593291324712;66;;;RWF;RWF;formulas_por_posicion.json
33735;Carlos Álvarez;RWF;;74,10685007801256;74;;;RWF;RWF;formulas_por_posicion.json
105089;Chimy Ávila;RWF;;70,1904778595418;70;;;RWF;RWF;formulas_por_posicion.json
263109;D. Asprilla;RWF;;66,69973778698413;67;;;RWF;RWF;formulas_por_posicion.json
45402;D. Bakwa;RWF;;73,16352010887057;73;;;RWF;RWF;formulas_por_posicion.json
111285;D. Batallini;RWF;;68,18686001435407;68;;;RWF;RWF;formulas_por_posicion.json
59481;D. Berardi;RWF;;78,5265110287939;79;;;RWF;RWF;formulas_por_posicion.json
114293;D. Borrero;RWF;;67,2904161295951;67;;;RWF;RWF;formulas_por_posicion.json
43026;D. Brooks;RWF;;73,2037369450257;73;;;RWF;RWF;formulas_por_posicion.json
53387;D. Caicedo;RWF;;69,3332276901681;69;;;RWF;RWF;formulas_por_posicion.json
54857;D. Corral;RWF;;61,6522710290177;62;;;RWF;RWF;formulas_por_posicion.json
55815;D. De Sousa;RWF;;61,24486888640789;61;;;RWF;RWF;formulas_por_posicion.json
114640;D. Doué;RWF;;82,40820838826016;82;;;RWF;RWF;formulas_por_posicion.json
101047;D. James;RWF;;74,57433827401455;75;;;RWF;RWF;formulas_por_posicion.json
114999;D. Juárez;RWF;;56,551046402180596;57;;;RWF;RWF;formulas_por_posicion.json
117932;D. Malen;RWF;;76,70501807929381;77;;;RWF;RWF;formulas_por_posicion.json
121391;D. Martínez;RWF;;65,15767249460303;65;;;RWF;RWF;formulas_por_posicion.json
118221;D. Ndoye;RWF;;73,90913291851136;74;;;RWF;RWF;formulas_por_posicion.json
114542;D. Osorio;RWF;;71,96378133676455;72;;;RWF;RWF;formulas_por_posicion.json
121339;D. Valoyes;RWF;;72,50017766044601;73;;;RWF;RWF;formulas_por_posicion.json
58312;D. Zalazar;RWF;;66,05971070105797;66;;;RWF;RWF;formulas_por_posicion.json
114333;David Neres;RWF;;79,4625493582879;79;;;RWF;RWF;formulas_por_posicion.json
54814;De Los Santos;RWF;;70,12414692139001;70;;;RWF;RWF;formulas_por_posicion.json
114644;Dieguinho;RWF;;66,52661471038464;67;;;RWF;RWF;formulas_por_posicion.json
111136;E. Agyei;RWF;;64,79266870305328;65;;;RWF;RWF;formulas_por_posicion.json
111112;E. Da Silva;RWF;;61,92096819800264;62;;;RWF;RWF;formulas_por_posicion.json
114193;E. Garnier;RWF;;55,64947402388391;56;;;RWF;RWF;formulas_por_posicion.json
59637;E. Guessand;RWF;;74,87777238878022;75;;;RWF;RWF;formulas_por_posicion.json
116142;E. Koffi;RWF;;64,29497790636795;64;;;RWF;RWF;formulas_por_posicion.json
60435;E. L. Quiñónez;RWF;;57,63175301811401;58;;;RWF;RWF;formulas_por_posicion.json
57985;E. Lopez;RWF;;67,39411001808794;67;;;RWF;RWF;formulas_por_posicion.json
116305;E. Nuamah;RWF;;73,93723789490244;74;;;RWF;RWF;formulas_por_posicion.json
118030;E. Nwaneri;RWF;;73,44999484520919;73;;;RWF;RWF;formulas_por_posicion.json
54401;E. Pata;RWF;;66,99944963420643;67;;;RWF;RWF;formulas_por_posicion.json
118226;E. Zhegrova;RWF;;74,70113579818387;75;;;RWF;RWF;formulas_por_posicion.json
63492;El-Abdellaoui;RWF;;69,00851958530374;69;;;RWF;RWF;formulas_por_posicion.json
118717;Erick;RWF;;72,19096730127396;72;;;RWF;RWF;formulas_por_posicion.json
119863;Estêvão;RWF;;77,21388631744279;77;;;RWF;RWF;formulas_por_posicion.json
115918;Everton Galdino;RWF;;67,689803096596;68;;;RWF;RWF;formulas_por_posicion.json
119809;F. Alfonso;RWF;;67,23318902441645;67;;;RWF;RWF;formulas_por_posicion.json
100117;F. Bernardeschi;RWF;;71,53749878227947;72;;;RWF;RWF;formulas_por_posicion.json
117030;F. Callejo;RWF;;65,17462053880205;65;;;RWF;RWF;formulas_por_posicion.json
263022;F. Gil;RWF;;66,53696855015961;67;;;RWF;RWF;formulas_por_posicion.json
114471;F. Medina;RWF;;62,77717800495597;63;;;RWF;RWF;formulas_por_posicion.json
55836;F. Nava;RWF;;65,16769112788135;65;;;RWF;RWF;formulas_por_posicion.json
117403;F. Pacheco;RWF;;63,74260062786644;64;;;RWF;RWF;formulas_por_posicion.json
114200;F. Pellistri;RWF;;73,59986440710182;74;;;RWF;RWF;formulas_por_posicion.json
116298;F. Pimienta;RWF;;61,01935226761664;61;;;RWF;RWF;formulas_por_posicion.json
55818;F. Ruíz;RWF;;64,10432523062913;64;;;RWF;RWF;formulas_por_posicion.json
46487;F. Thauvin;RWF;;69,98180458013354;70;;;RWF;RWF;formulas_por_posicion.json
118373;Fer López;RWF;;69,71996045382711;70;;;RWF;RWF;formulas_por_posicion.json
105550;Fran Pérez;RWF;;71,6213245084161;72;;;RWF;RWF;formulas_por_posicion.json
47243;G. Duarte;RWF;;66,5157971915107;67;;;RWF;RWF;formulas_por_posicion.json
113962;G. Gelini;RWF;;63,87942924378731;64;;;RWF;RWF;formulas_por_posicion.json
104644;G. Isaksen;RWF;;72,88405183080414;73;;;RWF;RWF;formulas_por_posicion.json
54809;G. Plata;RWF;;74,03952071266147;74;;;RWF;RWF;formulas_por_posicion.json
113073;G. Strefezza;RWF;;73,38914182059482;73;;;RWF;RWF;formulas_por_posicion.json
104640;G. Tapia;RWF;;70,51689876783601;71;;;RWF;RWF;formulas_por_posicion.json
124846;G. Tsitaishvili;RWF;;70,59837828669168;71;;;RWF;RWF;formulas_por_posicion.json
114929;G. Yassine;RWF;;68,26406813342997;68;;;RWF;RWF;formulas_por_posicion.json
47759;Giovane;RWF;;67,43239283840495;67;;;RWF;RWF;formulas_por_posicion.json
114894;H. Cuenca;RWF;;60,703392487797935;61;;;RWF;RWF;formulas_por_posicion.json
63086;H. Djibirin;RWF;;67,0839933563526;67;;;RWF;RWF;formulas_por_posicion.json
109128;H. Wilson;RWF;;75,3204377282457;75;;;RWF;RWF;formulas_por_posicion.json
114430;I. Akhomach;RWF;;73,57434170484872;74;;;RWF;RWF;formulas_por_posicion.json
104837;I. Alastra;RWF;;60,42294181977847;60;;;RWF;RWF;formulas_por_posicion.json
58334;I. Franco;RWF;;65,86346095048059;66;;;RWF;RWF;formulas_por_posicion.json
113513;I. Kebbal;RWF;;67,80477589606829;68;;;RWF;RWF;formulas_por_posicion.json
105183;I. Leguizamón;RWF;;68,88275863059725;69;;;RWF;RWF;formulas_por_posicion.json
119130;I. Mbaye;RWF;;72,28548274419293;72;;;RWF;RWF;formulas_por_posicion.json
46992;I. Poveda;RWF;;69,20267237070959;69;;;RWF;RWF;formulas_por_posicion.json
116570;I. Subiabre;RWF;;67,46509197123983;67;;;RWF;RWF;formulas_por_posicion.json
102290;Iñaki Williams;RWF;;78,77019346767105;79;;;RWF;RWF;formulas_por_posicion.json
115790;J. Addai;RWF;;69,24100935502872;69;;;RWF;RWF;formulas_por_posicion.json
118715;J. Alí;RWF;;59,114134253447155;59;;;RWF;RWF;formulas_por_posicion.json
55897;J. Angulo;RWF;;67,36910210109394;67;;;RWF;RWF;formulas_por_posicion.json
55802;J. Berríos;RWF;;66,75622215067524;67;;;RWF;RWF;formulas_por_posicion.json
114186;J. Bowen;RWF;;78,32479115507712;78;;;RWF;RWF;formulas_por_posicion.json
102884;J. Cabrera;RWF;;67,73330636012848;68;;;RWF;RWF;formulas_por_posicion.json
55119;J. Canchimbo;RWF;;65,37598618388387;65;;;RWF;RWF;formulas_por_posicion.json
115925;J. Casimir;RWF;;68,66472222166303;69;;;RWF;RWF;formulas_por_posicion.json
58248;J. Corozo;RWF;;69,07532307099662;69;;;RWF;RWF;formulas_por_posicion.json
106833;J. Fernández;RWF;;66,83316070088334;67;;;RWF;RWF;formulas_por_posicion.json
60066;J. Gauto;RWF;;67,67175558300755;68;;;RWF;RWF;formulas_por_posicion.json
108750;J. Giani;RWF;;69,47607935906936;69;;;RWF;RWF;formulas_por_posicion.json
117528;J. Grimaldo;RWF;;70,12968110143682;70;;;RWF;RWF;formulas_por_posicion.json
109425;J. Herrera;RWF;;65,15295659738231;65;;;RWF;RWF;formulas_por_posicion.json
113843;J. Ikoné;RWF;;68,14371471791833;68;;;RWF;RWF;formulas_por_posicion.json
55965;J. Lucumí;RWF;;66,23654120852588;66;;;RWF;RWF;formulas_por_posicion.json
56219;J. Meléndez;RWF;;62,78188861128497;63;;;RWF;RWF;formulas_por_posicion.json
55538;J. Moretti;RWF;;61,12462978141143;61;;;RWF;RWF;formulas_por_posicion.json
55964;J. Murillo;RWF;;71,75008554186665;72;;;RWF;RWF;formulas_por_posicion.json
59797;J. Murphy;RWF;;75,12752391423668;75;;;RWF;RWF;formulas_por_posicion.json
56230;J. Obrian;RWF;;69,11537586476409;69;;;RWF;RWF;formulas_por_posicion.json
113655;J. Rentería;RWF;;65,87325901378304;66;;;RWF;RWF;formulas_por_posicion.json
124860;J. Ruiz;RWF;;69,24707414234246;69;;;RWF;RWF;formulas_por_posicion.json
57918;J. Sarmiento;RWF;;67,39668282606142;67;;;RWF;RWF;formulas_por_posicion.json
118480;J. Sarmiento;RWF;;66,2666266361919;66;;;RWF;RWF;formulas_por_posicion.json
109222;J. Ta Bi;RWF;;66,67104424265852;67;;;RWF;RWF;formulas_por_posicion.json
55758;J. Velázquez;RWF;;57,17434481019247;57;;;RWF;RWF;formulas_por_posicion.json
118181;Junior Messias;RWF;;69,8181318940391;70;;;RWF;RWF;formulas_por_posicion.json
118321;Júnior Santos;RWF;;69,50806436873694;70;;;RWF;RWF;formulas_por_posicion.json
57973;K. Adeyemi;RWF;;81,1803689130161;81;;;RWF;RWF;formulas_por_posicion.json
58118;K. Flórez;RWF;;64,19162873068395;64;;;RWF;RWF;formulas_por_posicion.json
56031;K. Pérez;RWF;;65,12021847392772;65;;;RWF;RWF;formulas_por_posicion.json
117532;K. Quevedo;RWF;;67,18928111151388;67;;;RWF;RWF;formulas_por_posicion.json
377335;Kareem Tunde;RWF;;66,9530852773882;67;;;RWF;RWF;formulas_por_posicion.json
116166;Kayke;RWF;;63,846320205334095;64;;;RWF;RWF;formulas_por_posicion.json
104670;L. Albarracín;RWF;;62,70907489133872;63;;;RWF;RWF;formulas_por_posicion.json
55776;L. Alzugaray;RWF;;71,38486641556297;71;;;RWF;RWF;formulas_por_posicion.json
118142;L. Giaccone;RWF;;70,29065758955454;70;;;RWF;RWF;formulas_por_posicion.json
37005;L. Gueye;RWF;;61,99358537455715;62;;;RWF;RWF;formulas_por_posicion.json
7511;L. Messi;RWF;;83,05047547134338;83;;;RWF;RWF;formulas_por_posicion.json
56218;L. Palacios;RWF;;68,50004941398814;69;;;RWF;RWF;formulas_por_posicion.json
122319;L. Sinayoko;RWF;;71,56477896977867;72;;;RWF;RWF;formulas_por_posicion.json
378294;L. Sosa;RWF;;65,4406751034573;65;;;RWF;RWF;formulas_por_posicion.json
109359;L. Tchaouna;RWF;;70,5453844250214;71;;;RWF;RWF;formulas_por_posicion.json
58298;L. Umpiérrez;RWF;;67,3559747957213;67;;;RWF;RWF;formulas_por_posicion.json
58079;L. Villalba;RWF;;67,65395994733407;68;;;RWF;RWF;formulas_por_posicion.json
117736;Lamine Yamal;RWF;;87,14926585333743;87;;;RWF;RWF;formulas_por_posicion.json
1073857268;Lee Kang-In;RWF;;76,6077223537982;77;;;RWF;RWF;formulas_por_posicion.json
115926;Leozinho;RWF;;67,1346556542928;67;;;RWF;RWF;formulas_por_posicion.json
263620;Loco;RWF;;83,34978032054447;83;;;RWF;RWF;formulas_por_posicion.json
113769;Lucas Barbosa;RWF;;67,7712549109067;68;;;RWF;RWF;formulas_por_posicion.json
103339;Lucas Ronier;RWF;;70,23840410361196;70;;;RWF;RWF;formulas_por_posicion.json
111198;Lucca;RWF;;62,955239864937965;63;;;RWF;RWF;formulas_por_posicion.json
115901;M. Abaldo;RWF;;70,32576740313738;70;;;RWF;RWF;formulas_por_posicion.json
105528;M. Aguirre;RWF;;59,26040126105213;59;;;RWF;RWF;formulas_por_posicion.json
59416;M. Almirón;RWF;;74,92047719106759;75;;;RWF;RWF;formulas_por_posicion.json
123722;M. Alvarado;RWF;;58,929981502543825;59;;;RWF;RWF;formulas_por_posicion.json
60711;M. Bolados;RWF;;66,5942906408097;67;;;RWF;RWF;formulas_por_posicion.json
112819;M. Broholm;RWF;;66,33272821951573;66;;;RWF;RWF;formulas_por_posicion.json
117763;M. Cancellieri;RWF;;72,67771365615303;73;;;RWF;RWF;formulas_por_posicion.json
119803;M. Cho;RWF;;73,30789271929024;73;;;RWF;RWF;formulas_por_posicion.json
113986;M. Edwards;RWF;;74,14007921564767;74;;;RWF;RWF;formulas_por_posicion.json
57642;M. Greenwood;RWF;;79,57901766708757;80;;;RWF;RWF;formulas_por_posicion.json
116692;M. Guerrero;RWF;;67,05653301914843;67;;;RWF;RWF;formulas_por_posicion.json
262981;M. Hinestroza;RWF;;72,08326056893051;72;;;RWF;RWF;formulas_por_posicion.json
57913;M. Mamani;RWF;;62,70608859614582;63;;;RWF;RWF;formulas_por_posicion.json
57989;M. Mejía;RWF;;62,38764766662332;62;;;RWF;RWF;formulas_por_posicion.json
114018;M. Olise;RWF;;84,96447292479806;85;;;RWF;RWF;formulas_por_posicion.json
58193;M. Perelló;RWF;;68,70521798783902;69;;;RWF;RWF;formulas_por_posicion.json
100620;M. Politano;RWF;;79,32457893145775;79;;;RWF;RWF;formulas_por_posicion.json
56163;M. Reali;RWF;;68,18021098932051;68;;;RWF;RWF;formulas_por_posicion.json
118931;M. Rodríguez;RWF;;61,186931808306;61;;;RWF;RWF;formulas_por_posicion.json
57123;M. Salah;RWF;;87,61274143628427;88;;;RWF;RWF;formulas_por_posicion.json
55862;M. Sosa;RWF;;68,59152729323897;69;;;RWF;RWF;formulas_por_posicion.json
57979;M. Soulé;RWF;;76,14706459473706;76;;;RWF;RWF;formulas_por_posicion.json
57650;M. Sulbarán;RWF;;63,250284457848316;63;;;RWF;RWF;formulas_por_posicion.json
111449;Marcelinho Braz;RWF;;64,63621277265818;65;;;RWF;RWF;formulas_por_posicion.json
116410;Marcinho;RWF;;67,7324236354755;68;;;RWF;RWF;formulas_por_posicion.json
6089;Marinho;RWF;;69,02861321823598;69;;;RWF;RWF;formulas_por_posicion.json
117747;Matheus Reis;RWF;;62,63165513153137;63;;;RWF;RWF;formulas_por_posicion.json
46221;Matheuzinho;RWF;;69,65031093048088;70;;;RWF;RWF;formulas_por_posicion.json
124277;Miguel;RWF;;64,13235221088338;64;;;RWF;RWF;formulas_por_posicion.json
118522;Miguel Sierra;RWF;;63,37402898990028;63;;;RWF;RWF;formulas_por_posicion.json
118380;N. Edjouma;RWF;;67,48686301503517;67;;;RWF;RWF;formulas_por_posicion.json
111979;N. Fernandes;RWF;;67,13045534218088;67;;;RWF;RWF;formulas_por_posicion.json
116541;N. González;RWF;;75,06723761930292;75;;;RWF;RWF;formulas_por_posicion.json
118072;N. Kühn;RWF;;74,17768042229179;74;;;RWF;RWF;formulas_por_posicion.json
59773;N. Madueke;RWF;;77,30719457900847;77;;;RWF;RWF;formulas_por_posicion.json
104257;Negueba;RWF;;72,32316230366573;72;;;RWF;RWF;formulas_por_posicion.json
114510;O. Bobb;RWF;;74,7006715751024;75;;;RWF;RWF;formulas_por_posicion.json
46952;O. Sow;RWF;;70,89234782869198;71;;;RWF;RWF;formulas_por_posicion.json
44643;P. Almqvist;RWF;;69,4454173705473;69;;;RWF;RWF;formulas_por_posicion.json
60347;P. Cerutti;RWF;;68,42420463704812;68;;;RWF;RWF;formulas_por_posicion.json
55646;P. Durán;RWF;;64,75168489710228;65;;;RWF;RWF;formulas_por_posicion.json
114808;P. Foden;RWF;;83,7353383411612;84;;;RWF;RWF;formulas_por_posicion.json
122717;P. Villalba;RWF;;61,92510168258276;62;;;RWF;RWF;formulas_por_posicion.json
114251;Pablo García;RWF;;68,27000415142938;68;;;RWF;RWF;formulas_por_posicion.json
38567;Pedro;RWF;;73,31202790393682;73;;;RWF;RWF;formulas_por_posicion.json
117087;Pedro Neto;RWF;;80,98497789526272;81;;;RWF;RWF;formulas_por_posicion.json
56257;R. Arace;RWF;;67,02607221094733;67;;;RWF;RWF;formulas_por_posicion.json
121979;R. Bardghji;RWF;;72,73317604535134;73;;;RWF;RWF;formulas_por_posicion.json
110648;R. Del Castillo;RWF;;68,15866159041974;68;;;RWF;RWF;formulas_por_posicion.json
115934;R. Donovan;RWF;;64,42975542158563;64;;;RWF;RWF;formulas_por_posicion.json
108979;R. Esse;RWF;;70,67332789517774;71;;;RWF;RWF;formulas_por_posicion.json
47049;R. Ghezzal;RWF;;69,52007093893879;70;;;RWF;RWF;formulas_por_posicion.json
124269;R. Martínez;RWF;;60,77503198196881;61;;;RWF;RWF;formulas_por_posicion.json
103783;R. Massimo;RWF;;64,44392998561369;64;;;RWF;RWF;formulas_por_posicion.json
117940;R. Nelson;RWF;;73,12613672467417;73;;;RWF;RWF;formulas_por_posicion.json
111484;R. Orsolini;RWF;;78,06200503434168;78;;;RWF;RWF;formulas_por_posicion.json
34939;R. Pablo;RWF;;63,86048750923632;64;;;RWF;RWF;formulas_por_posicion.json
55711;R. Piñeiro;RWF;;66,5645788915664;67;;;RWF;RWF;formulas_por_posicion.json
307770;R. Redes;RWF;;68,61589697345573;69;;;RWF;RWF;formulas_por_posicion.json
112579;R. Rees-Dottin;RWF;;59,60021839350184;60;;;RWF;RWF;formulas_por_posicion.json
58346;R. Villalba;RWF;;63,709715426323484;64;;;RWF;RWF;formulas_por_posicion.json
103584;Rayan;RWF;;75,80385109531102;76;;;RWF;RWF;formulas_por_posicion.json
58674;Riquelme F.;RWF;;60,605531049132686;61;;;RWF;RWF;formulas_por_posicion.json
118417;Rodrygo;RWF;;81,46202172239136;81;;;RWF;RWF;formulas_por_posicion.json
57434;Rubens;RWF;;61,62672880831662;62;;;RWF;RWF;formulas_por_posicion.json
115872;S. Amo-Ameyaw;RWF;;69,59411098291739;70;;;RWF;RWF;formulas_por_posicion.json
118211;S. Chukwueze;RWF;;76,74208098005987;77;;;RWF;RWF;formulas_por_posicion.json
57904;S. Góngora;RWF;;61,114258393300226;61;;;RWF;RWF;formulas_por_posicion.json
55858;S. Muhlethaler;RWF;;60,682416027673284;61;;;RWF;RWF;formulas_por_posicion.json
370814;S. Muñoz;RWF;;65,00507139107677;65;;;RWF;RWF;formulas_por_posicion.json
60204;S. Solari;RWF;;68,97102279709172;69;;;RWF;RWF;formulas_por_posicion.json
112513;Savinho;RWF;;78,56248173721501;79;;;RWF;RWF;formulas_por_posicion.json
109041;T. Dibling;RWF;;72,54595806731311;73;;;RWF;RWF;formulas_por_posicion.json
105389;T. Fernández;RWF;;67,7019488374157;68;;;RWF;RWF;formulas_por_posicion.json
115532;T. González;RWF;;63,76875089697992;64;;;RWF;RWF;formulas_por_posicion.json
32561;T. Noslin;RWF;;71,13999366781302;71;;;RWF;RWF;formulas_por_posicion.json
61650;T. Peralta;RWF;;63,5889602690468;64;;;RWF;RWF;formulas_por_posicion.json
38374;T. Rodríguez;RWF;;62,66658248907126;63;;;RWF;RWF;formulas_por_posicion.json
122324;T. Verón Lupi;RWF;;68,87634067169552;69;;;RWF;RWF;formulas_por_posicion.json
107667;Tiago Gouveia;RWF;;72,76170093490461;73;;;RWF;RWF;formulas_por_posicion.json
106778;V. Tsygankov;RWF;;75,66023183563613;76;;;RWF;RWF;formulas_por_posicion.json
112604;Valera;RWF;;73,92309964514575;74;;;RWF;RWF;formulas_por_posicion.json
107587;W. Odobert;RWF;;75,70414525656835;76;;;RWF;RWF;formulas_por_posicion.json
114636;Y. González;RWF;;69,58346491063304;70;;;RWF;RWF;formulas_por_posicion.json
55528;Y. Murillo;RWF;;62,231197651731954;62;;;RWF;RWF;formulas_por_posicion.json
57645;Y. Rivas;RWF;;63,31815581175778;63;;;RWF;RWF;formulas_por_posicion.json
106433;Yago Santiago;RWF;;69,18561684547407;69;;;RWF;RWF;formulas_por_posicion.json
34848;Z. Aboukhlal;RWF;;72,45833891251783;72;;;RWF;RWF;formulas_por_posicion.json
104853;Z. Luvumbo;RWF;;68,36131775285827;68;;;RWF;RWF;formulas_por_posicion.json
38852;Z. Savva;RWF;;59,32504207047775;59;;;RWF;RWF;formulas_por_posicion.json
37106;Á. Di María;RWF;;78,88870667238803;79;;;RWF;RWF;formulas_por_posicion.json
48009;Á. Romero;RWF;;70,34491966920027;70;;;RWF;RWF;formulas_por_posicion.json
377202;Á. Stringa;RWF;;57,252889697392895;57;;;RWF;RWF;formulas_por_posicion.json
108457;Álex Sancris;RWF;;69,88957572748595;70;;;RWF;RWF;formulas_por_posicion.json
121382;Ángel Pérez;RWF;;66,5673075664465;67;;;RWF;RWF;formulas_por_posicion.json
118734;Ângelo;RWF;;74,59742634706033;75;;;RWF;RWF;formulas_por_posicion.json
55764;A. Garrido;SS;;70,40009018779638;70;;;SS;SS;formulas_por_posicion.json
42316;A. Griezmann;SS;;80,99868851578914;81;;;SS;SS;formulas_por_posicion.json
119872;A. Houary;SS;;66,44596435023468;66;;;SS;SS;formulas_por_posicion.json
110599;A. Lookman;SS;;81,19247087424162;81;;;SS;SS;formulas_por_posicion.json
119571;C. De Ketelaere;SS;;77,96122401649382;78;;;SS;SS;formulas_por_posicion.json
108984;C. Nkunku;SS;;79,89441767923921;80;;;SS;SS;formulas_por_posicion.json
112104;C. Pulisic;SS;;82,89081449523749;83;;;SS;SS;formulas_por_posicion.json
55911;D. Quintero;SS;;71,18483143676325;71;;;SS;SS;formulas_por_posicion.json
109772;E. Flores;SS;;72,07124008549297;72;;;SS;SS;formulas_por_posicion.json
104398;E. Kroupi;SS;;75,71274634359284;76;;;SS;SS;formulas_por_posicion.json
55952;E. Peralta;SS;;64,18343185596994;64;;;SS;SS;formulas_por_posicion.json
41425;E. Vargas;SS;;68,23502586439136;68;;;SS;SS;formulas_por_posicion.json
263699;Emo;SS;;79,81326519707373;80;;;SS;SS;formulas_por_posicion.json
263818;Evaristo;SS;;77,63249912677108;78;;;SS;SS;formulas_por_posicion.json
58163;F. Fagúndez;SS;;67,63762447386918;68;;;SS;SS;formulas_por_posicion.json
117067;F. Mambimbi;SS;;67,83011839772206;68;;;SS;SS;formulas_por_posicion.json
373253;F. Pasadore;SS;;63,55181183142633;64;;;SS;SS;formulas_por_posicion.json
112977;F. Sotoca;SS;;67,44663226068893;67;;;SS;SS;formulas_por_posicion.json
122716;G. Raspadori;SS;;76,1536985512495;76;;;SS;SS;formulas_por_posicion.json
103043;G. Rutter;SS;;74,66710534004449;75;;;SS;SS;formulas_por_posicion.json
105289;G. Vadalá;SS;;69,27503096399732;69;;;SS;SS;formulas_por_posicion.json
113345;G. Zelarayán;SS;;62,71814856372046;63;;;SS;SS;formulas_por_posicion.json
100462;Gabriel Taliari;SS;;70,75815476898819;71;;;SS;SS;formulas_por_posicion.json
262960;Gastón;SS;;65,88219075563045;66;;;SS;SS;formulas_por_posicion.json
59433;H. Bobadilla;SS;;66,38912124238547;66;;;SS;SS;formulas_por_posicion.json
116436;Isi;SS;;79,13808470934556;79;;;SS;SS;formulas_por_posicion.json
114598;J. Bauzá;SS;;66,86705453108709;67;;;SS;SS;formulas_por_posicion.json
110608;J. Enciso;SS;;74,04892659851895;74;;;SS;SS;formulas_por_posicion.json
117509;J. Herrera;SS;;62,722029136872514;63;;;SS;SS;formulas_por_posicion.json
58224;J. Zapata;SS;;68,44630764940204;68;;;SS;SS;formulas_por_posicion.json
118195;J. Zirkzee;SS;;73,8864904072175;74;;;SS;SS;formulas_por_posicion.json
115238;K. Yıldız;SS;;80,12744346070983;80;;;SS;SS;formulas_por_posicion.json
60235;L. Vietto;SS;;70,86435036019448;71;;;SS;SS;formulas_por_posicion.json
47456;Luciano;SS;;72,05989392909437;72;;;SS;SS;formulas_por_posicion.json
47179;P. Dybala;SS;;82,48150318563209;82;;;SS;SS;formulas_por_posicion.json
57956;P. Vera;SS;;67,3449350981805;67;;;SS;SS;formulas_por_posicion.json
58414;R. Vargas;SS;;65,65324013448331;66;;;SS;SS;formulas_por_posicion.json
55046;S. Al-Najei;SS;;62,20839074797939;62;;;SS;SS;formulas_por_posicion.json
124279;S. Fini;SS;;60,6949994056219;61;;;SS;SS;formulas_por_posicion.json
59259;S. Inácio;SS;;64,19992087646796;64;;;SS;SS;formulas_por_posicion.json
57990;S. Núñez;SS;;62,78161359154571;63;;;SS;SS;formulas_por_posicion.json
40749;T. Gutiérrez;SS;;69,6579538931019;70;;;SS;SS;formulas_por_posicion.json
43596;Thaciano;SS;;69,10291289811659;69;;;SS;SS;formulas_por_posicion.json
112550;Thalys;SS;;65,94899507787704;66;;;SS;SS;formulas_por_posicion.json
373327;V. Cárcamo;SS;;61,7960037076613;62;;;SS;SS;formulas_por_posicion.json
117686;Y. Trepy;SS;;63,481948727033945;63;;;SS;SS;formulas_por_posicion.json
117867;Z. Flemming;SS;;70,14423354923099;70;;;SS;SS;formulas_por_posicion.json
