player_id;jugador;posicion;media_real;media_predicha_decimal;media_predicha;error;error_decimal
5417;L. Acosta;AMF;79,0;78,95962152643179;79;0,0;0,04037847356821089
9375;Santi Cazorla;AMF;75,0;75,00390285280774;75;0,0;0,003902852807740942
34797;I. Malcorra;AMF;73,0;73,12410583283156;73;0,0;0,12410583283156029
35124;Ó. Trejo;AMF;71,0;71,09608347572127;71;0,0;0,0960834757212723
37277;Unai Gómez;AMF;72,0;71,862599954266;72;0,0;0,13740004573399744
38365;A. Dramisino;AMF;64,0;64,03419390344429;64;0,0;0,034193903444290186
39268;R. Cherki;AMF;83,0;83,28596367941587;83;0,0;0,28596367941587175
39687;T. Porra;AMF;69,0;68,60229813561772;69;0,0;0,3977018643822845
40352;Neymar Júnior;AMF;86,0;85,83799709907952;86;0,0;0,1620029009204842
40884;M. Tillman;AMF;76,0;76,20442948553865;76;0,0;0,20442948553865392
41517;L. Mugni;AMF;72,0;71,83699707490017;72;0,0;0,16300292509983194
41533;Jean Carlos;AMF;70,0;69,62968531813279;70;0,0;0,37031468186721384
42402;Josué;AMF;75,0;75,23940211109178;75;0,0;0,23940211109177767
42416;Z. Labyad;AMF;71,0;71,42688589917107;71;0,0;0,4268858991710687
42455;Ganso;AMF;74,0;74,48771767671371;74;0,0;0,48771767671371435
42556;Isco;AMF;85,0;84,85492561010332;85;0,0;0,14507438989667776
42582;Iker Losada;AMF;71,0;71,38181233263565;71;0,0;0,38181233263564707
42697;M. Lanzini;AMF;76,0;75,56558278734744;76;0,0;0,43441721265256206
43668;Ó. Romero;AMF;72,0;72,20396628654855;72;0,0;0,20396628654854965
43792;M. Fernández;AMF;72,0;71,6581238177126;72;0,0;0,34187618228739325
44379;K. De Bruyne;AMF;87,0;86,39764856329569;86;1,0;0,6023514367043106
45334;F. Vázquez;AMF;74,0;74,46925376806293;74;0,0;0,4692537680629272
45685;J. Quintero;AMF;78,0;77,49031933904939;77;1,0;0,5096806609506075
45802;Á. Montoro;AMF;74,0;74,27716415608327;74;0,0;0,2771641560832734
46303;Gabriel;AMF;73,0;73,33955775482511;73;0,0;0,3395577548251083
46373;Éverton Ribeiro;AMF;75,0;75,22130878048218;75;0,0;0,2213087804821754
46741;M. Fernandes;AMF;76,0;76,36870092491927;76;0,0;0,368700924919267
46816;Miguelito;AMF;72,0;71,72958468561605;72;0,0;0,2704153143839534
46978;R. Hernandes;AMF;66,0;66,47086480785289;66;0,0;0,470864807852891
47136;P. Castro;AMF;69,0;69,23567334346937;69;0,0;0,2356733434693723
47347;R. Benítez;AMF;68,0;67,69975673986826;68;0,0;0,30024326013173663
47594;R. Botta;AMF;74,0;74,15599297969914;74;0,0;0,1559929796991355
47775;D. Silva;AMF;69,0;68,74124434880252;69;0,0;0,25875565119747534
47795;S. Rodríguez;AMF;74,0;73,83940462917069;74;0,0;0,16059537082931286
54119;N. Lodeiro;AMF;72,0;71,86843295966936;72;0,0;0,13156704033063704
54392;T. Serrago;AMF;67,0;67,36158034668229;67;0,0;0,3615803466822882
54399;J. Cazares;AMF;73,0;73,40169871782551;73;0,0;0,4016987178255107
54404;J. Sornoza;AMF;74,0;74,28459269270343;74;0,0;0,284592692703427
54428;Riquelme F.;AMF;65,0;64,59298919804489;65;0,0;0,40701080195510997
54677;Y. Ayari;AMF;76,0;75,65235396963881;76;0,0;0,34764603036119013
54850;L. Abreu;AMF;64,0;63,89252485705647;64;0,0;0,10747514294352811
55076;A. Arce;AMF;65,0;65,43233790088424;65;0,0;0,4323379008842352
55650;S. Morales;AMF;59,0;58,665350783340216;59;0,0;0,3346492166597841
55652;P. Rodríguez;AMF;63,0;62,773931715211546;63;0,0;0,22606828478845387
55800;J. López;AMF;63,0;63,297530571737504;63;0,0;0,29753057173750364
55831;B. Silva;AMF;65,0;64,67663923950501;65;0,0;0,3233607604949924
55843;J. Maraude;AMF;64,0;63,88033240310486;64;0,0;0,11966759689514106
55851;F. Marchant;AMF;68,0;67,99847211701606;68;0,0;0,0015278829839360242
55963;F. Gulli;AMF;68,0;67,75569360228296;68;0,0;0,24430639771703966
56041;L. Assadi;AMF;74,0;73,80361969360582;74;0,0;0,19638030639417536
56131;T. Martínez;AMF;69,0;69,27768102335584;69;0,0;0,27768102335583933
56136;J. García;AMF;63,0;63,493963017613765;63;0,0;0,4939630176137655
57637;J. Castellanos;AMF;67,0;67,21021086631403;67;0,0;0,21021086631402852
57674;A. Dos Santos;AMF;64,0;63,56100595919535;64;0,0;0,4389940408046513
57680;J. Torres;AMF;69,0;69,0306663730128;69;0,0;0,030666373012806503
57908;Y. Ochoa;AMF;62,0;61,664731365333964;62;0,0;0,3352686346660363
57914;J. Vélez;AMF;69,0;69,33536441993408;69;0,0;0,3353644199340806
57987;M. Miljevic;AMF;75,0;74,80272934832037;75;0,0;0,19727065167963076
58033;L. Millán;AMF;69,0;69,07938340233342;69;0,0;0,0793834023334199
58099;C. Alemán;AMF;68,0;68,19319670649647;68;0,0;0,19319670649646525
58106;Y. Del Valle;AMF;63,0;63,43948011577785;63;0,0;0,4394801157778474
58120;J. García;AMF;68,0;67,89446847711957;68;0,0;0,10553152288042611
58169;T. Lavezzi;AMF;59,0;58,802966748906144;59;0,0;0,19703325109385617
58174;S. Segovia;AMF;63,0;63,048905466978;63;0,0;0,04890546697799891
58295;J. Rengifo;AMF;69,0;69,47969781287152;69;0,0;0,479697812871521
58317;A. Cantero;AMF;71,0;70,57630569657614;71;0,0;0,42369430342385783
58337;T. Muro;AMF;65,0;64,92769904525292;65;0,0;0,0723009547470781
58341;I. Vásquez;AMF;65,0;64,97935286075419;65;0,0;0,020647139245809853
58342;L. Sanabria;AMF;67,0;67,27674993851807;67;0,0;0,2767499385180656
59206;M. Smarra;AMF;60,0;60,120505628840995;60;0,0;0,12050562884099492
59267;M. Arias;AMF;64,0;64,28746682076444;64;0,0;0,2874668207644362
59393;J. Pérez;AMF;64,0;64,09955675607208;64;0,0;0,09955675607207581
60114;R. Bogarín;AMF;67,0;66,59606248091394;67;0,0;0,4039375190860568
60252;J. Mavilla;AMF;68,0;67,5785423727306;68;0,0;0,4214576272694046
60355;F. Carrizo;AMF;69,0;69,09272920765335;69;0,0;0,09272920765334902
60512;Bruno Fernandes;AMF;87,0;87,09679213758507;87;0,0;0,09679213758506933
60587;O. Giménez;AMF;64,0;63,52891207465001;64;0,0;0,4710879253499911
60743;J. King;AMF;71,0;71,01195826505753;71;0,0;0,011958265057529616
60817;D. Valdés;AMF;73,0;72,92950585941617;73;0,0;0,07049414058383263
60928;J. Brandt;AMF;83,0;82,44123864039989;82;1,0;0,558761359600112
60977;J. Meza;AMF;69,0;69,16769470059504;69;0,0;0,16769470059503533
61080;I. Rossi;AMF;62,0;62,2964190816278;62;0,0;0,2964190816278034
61181;J. Lingard;AMF;73,0;73,10121279476643;73;0,0;0,10121279476642542
61230;F. Mastantuono;AMF;76,0;76,22292625692376;76;0,0;0,22292625692375623
61457;E. Cardona;AMF;74,0;73,63810362037066;74;0,0;0,36189637962934285
63347;M. Rojas;AMF;71,0;70,91532536132763;71;0,0;0,08467463867236802
63504;Pedro Ferreira;AMF;65,0;64,62207412104463;65;0,0;0,37792587895536656
65000;M. Röhl;AMF;73,0;72,81208171102115;73;0,0;0,18791828897884955
100065;A. Lescano;AMF;74,0;74,13918304729285;74;0,0;0,13918304729284614
100262;I. Tapia;AMF;67,0;67,361623852706;67;0,0;0,3616238527060034
100265;Gabriel Mec;AMF;65,0;65,18964608411707;65;0,0;0,18964608411707218
100275;J. Lucco;AMF;63,0;63,34549194576521;63;0,0;0,34549194576521103
100706;D. Szoboszlai;AMF;83,0;82,88664699412604;83;0,0;0,11335300587396091
100720;André Almeida;AMF;73,0;73,13598235316151;73;0,0;0,1359823531615092
100955;C. Uche;AMF;72,0;71,8781376219765;72;0,0;0,12186237802349353
101065;Denis Suárez;AMF;74,0;74,29834161215528;74;0,0;0,29834161215528354
101215;T. Nyoni;AMF;65,0;65,28963204533842;65;0,0;0,289632045338422
101291;J. Bellingham;AMF;86,0;85,6461402753955;86;0,0;0,3538597246045043
101544;Gustavo Scarpa;AMF;73,0;73,02167672935244;73;0,0;0,021676729352435586
101675;Hannibal;AMF;72,0;71,85457415969519;72;0,0;0,1454258403048101
101762;G. Augusto;AMF;73,0;73,36780983385619;73;0,0;0,36780983385618526
101961;M. Benítez;AMF;70,0;69,80104170286162;70;0,0;0,19895829713837543
102239;D. Guagua;AMF;64,0;64,49372451200115;64;0,0;0,4937245120011511
103112;Dudu;AMF;67,0;67,2199514552111;67;0,0;0,2199514552111026
103117;A. Zapata;AMF;67,0;66,9638283807709;67;0,0;0,036171619229094176
103182;Robert Santos;AMF;66,0;65,83401994310367;66;0,0;0,16598005689633055
103376;L. Gómez;AMF;67,0;67,33310856741144;67;0,0;0,33310856741144335
103404;M. Ødegaard;AMF;86,0;85,68572494529629;86;0,0;0,31427505470371386
103651;D. Terans;AMF;72,0;71,49955265586135;71;1,0;0,5004473441386494
103680;L. Karl;AMF;72,0;72,4934720836273;72;0,0;0,4934720836272959
103797;A. Güler;AMF;83,0;83,1993467492747;83;0,0;0,19934674927469587
103966;J. Carrascal;AMF;79,0;78,67432702799681;79;0,0;0,3256729720031899
104226;Bernardo Silva;AMF;82,0;82,07581116667237;82;0,0;0,07581116667236643
104313;K. Páez;AMF;74,0;73,5609513042636;74;0,0;0,43904869573640326
104374;Eduardo;AMF;68,0;68,41627733808197;68;0,0;0,41627733808196865
104493;Andreas Pereira;AMF;78,0;77,9686930633523;78;0,0;0,03130693664769524
104864;G. Martínez;AMF;71,0;70,83253424659941;71;0,0;0,16746575340059167
105162;A. Molinas;AMF;74,0;73,63500310073664;74;0,0;0,3649968992633603
105298;F. Cristaldo;AMF;73,0;73,0585653825304;73;0,0;0,058565382530403554
105307;D. Barbona;AMF;69,0;69,44589852338429;69;0,0;0,4458985233842867
105352;F. Álvarez;AMF;69,0;68,58539809454385;69;0,0;0,41460190545615205
105516;C. Echeverri;AMF;76,0;76,24795371359845;76;0,0;0,24795371359844864
105578;A. Laprida;AMF;67,0;66,9071040499895;67;0,0;0,09289595001050088
106236;M. Monsalve;AMF;69,0;68,92966485644232;69;0,0;0,07033514355768489
106629;Alan Patrick;AMF;77,0;76,62161829431399;77;0,0;0,37838170568601015
106732;I. Maza;AMF;74,0;74,46810878260777;74;0,0;0,46810878260777145
106738;Cauly;AMF;74,0;73,7130307877142;74;0,0;0,28696921228579697
106863;H. Elliot;AMF;78,0;77,58946784635208;78;0,0;0,41053215364792095
106975;Sancet;AMF;82,0;82,11965453123318;82;0,0;0,1196545312331807
107454;L. Ilic;AMF;69,0;68,92634250650123;69;0,0;0,07365749349877149
107941;D. Van De Beek;AMF;73,0;72,7691176277486;73;0,0;0,23088237225140062
108096;L. Pellegrini;AMF;76,0;75,95190825485362;76;0,0;0,048091745146379594
108114;C. Rigg;AMF;70,0;70,24470309690012;70;0,0;0,2447030969001247
108516;Pablo Torre;AMF;74,0;73,89354581300084;74;0,0;0,10645418699915865
108634;J. Barrera;AMF;71,0;70,86771101882528;71;0,0;0,13228898117472454
108751;G. Lo Celso;AMF;80,0;79,76195881614956;80;0,0;0,23804118385044148
108865;Matheus Pereira;AMF;80,0;79,69462256510445;80;0,0;0,30537743489554714
108877;M. Palavecino;AMF;70,0;70,09749041398838;70;0,0;0,09749041398838187
109188;F. Pérez;AMF;70,0;69,91158569309567;70;0,0;0,08841430690432617
109201;D. Kulusevski;AMF;81,0;81,28533954150039;81;0,0;0,28533954150039165
109412;A. García;AMF;67,0;67,00357373118317;67;0,0;0,0035737311831667284
109594;S. Toloza;AMF;69,0;68,86407187930094;69;0,0;0,13592812069906302
109932;Vitor Bueno;AMF;70,0;69,78619350333894;70;0,0;0,21380649666106422
109992;S. Lencina;AMF;74,0;73,79163774888431;74;0,0;0,2083622511156875
110399;J. Rojas;AMF;67,0;66,70094103652714;67;0,0;0,2990589634728593
110439;Fornals;AMF;80,0;79,95492828213092;80;0,0;0,04507171786907804
110500;Edenilson;AMF;70,0;70,22482159900724;70;0,0;0,2248215990072424
110518;F. Guch;AMF;65,0;64,78106702098242;65;0,0;0,21893297901758046
110521;L. Godoy;AMF;66,0;66,19485452190668;66;0,0;0,1948545219066773
110568;A. Ba;AMF;66,0;65,76824554163012;66;0,0;0,23175445836987763
110892;G. Maroni;AMF;71,0;70,76189719675821;71;0,0;0,23810280324178734
110902;Dani Olmo;AMF;83,0;83,49359482846016;83;0,0;0,4935948284601608
110951;F. Watson;AMF;71,0;71,06861111806985;71;0,0;0,0686111180698532
111023;G. Carabajal;AMF;69,0;68,63000265070521;69;0,0;0,3699973492947919
111040;B. Merlini;AMF;70,0;69,87746763867314;70;0,0;0,1225323613268614
111319;J. Lázaro;AMF;66,0;66,25837179836178;66;0,0;0,2583717983617788
111342;Aleñá;AMF;75,0;74,56587629230567;75;0,0;0,43412370769432584
111353;R. Garro;AMF;75,0;75,18797546282624;75;0,0;0,18797546282624467
111478;O. Hutchinson;AMF;75,0;75,21748469831262;75;0,0;0,2174846983126173
111804;Lucas Paquetá;AMF;77,0;76,53986431288504;77;0,0;0,4601356871149562
111951;A. Vergara;AMF;67,0;67,38624052067729;67;0,0;0,38624052067729053
111962;G. Florentín;AMF;69,0;69,44478862525332;69;0,0;0,44478862525332374
112505;C. Ferreira;AMF;68,0;68,33604071758823;68;0,0;0,33604071758823295
113532;Shaylon;AMF;69,0;68,86479300393815;69;0,0;0,1352069960618536
113573;Matheus Cunha;AMF;80,0;79,8466195567771;80;0,0;0,15338044322290045
113748;De Arrascaeta;AMF;83,0;83,20013253441977;83;0,0;0,2001325344197653
113804;V. González;AMF;59,0;58,774064798674154;59;0,0;0,22593520132584644
113831;F. González M.;AMF;69,0;68,98228529223768;69;0,0;0,0177147077623232
113883;M. Moreno;AMF;77,0;77,32045703798691;77;0,0;0,3204570379869125
113900;F. Wirtz;AMF;88,0;87,81915149480845;88;0,0;0,18084850519154827
113937;L. Cornejo;AMF;63,0;62,92591141506979;63;0,0;0,07408858493020887
113991;L. Chávez;AMF;68,0;67,98847879480805;68;0,0;0,011521205191954209
114036;J. Maddison;AMF;83,0;83,32674430041494;83;0,0;0,3267443004149442
114106;L. Zelarayán;AMF;75,0;75,08623200790379;75;0,0;0,0862320079037886
114201;I. Sarr;AMF;78,0;77,34167971059941;77;1,0;0,6583202894005922
114218;L. Sequeira;AMF;70,0;69,94724482047121;70;0,0;0,05275517952878772
114278;Tiaguinho;AMF;62,0;61,673403150794435;62;0,0;0,32659684920556487
114364;B. Rollheiser;AMF;74,0;73,721500380914;74;0,0;0,2784996190860056
114370;H. Jones;AMF;60,0;60,34663430492865;60;0,0;0,34663430492864933
114637;M. Zaracho;AMF;70,0;70,22828194239;70;0,0;0,228281942389998
114642;A. Ocampo;AMF;68,0;67,97698503770157;68;0,0;0,023014962298432806
114782;M. Dowman;AMF;67,0;67,01603260943476;67;0,0;0,016032609434759593
114794;Matheus França;AMF;66,0;66,08076802977578;66;0,0;0,08076802977578268
114803;Yago Noal;AMF;63,0;63,20347600256042;63;0,0;0,20347600256042142
114845;J. Kluivert;AMF;77,0;77,24978508964736;77;0,0;0,2497850896473608
114881;J. Hofmann;AMF;75,0;74,72109640518747;75;0,0;0,27890359481253313
114883;J. Musiala;AMF;88,0;87,82205018459018;88;0,0;0,1779498154098178
114891;C. Palmer;AMF;83,0;82,90222964273556;83;0,0;0,09777035726443728
114897;J. Altamirano;AMF;72,0;71,52028003666854;72;0,0;0,47971996333146194
114906;E. Eze;AMF;84,0;83,96686941868712;84;0,0;0,03313058131287505
114907;J. McAtee;AMF;72,0;71,91833539097132;72;0,0;0,08166460902867811
114935;M. Gibbs-White;AMF;78,0;78,2531773231453;78;0,0;0,2531773231452945
114989;X. Simons;AMF;81,0;80,76876167038581;81;0,0;0,231238329614186
115032;T. Almada;AMF;78,0;78,25804815536092;78;0,0;0,2580481553609246
115122;V. Carboni;AMF;73,0;73,29273355354847;73;0,0;0,29273355354847297
115263;B. Aaronson;AMF;73,0;73,16982884196014;73;0,0;0,1698288419601397
115354;A. Luna;AMF;72,0;71,46397318140264;71;1,0;0,5360268185973638
115376;V. Acuña;AMF;65,0;64,60702584650704;65;0,0;0,3929741534929576
115385;F. Buonanotte;AMF;74,0;74,4092791572316;74;0,0;0,4092791572315946
115536;V. Adžić;AMF;67,0;66,66547676854076;67;0,0;0,3345232314592437
115653;Guridi;AMF;75,0;74,71977698736495;75;0,0;0,280223012635048
116049;Edu Expósito;AMF;76,0;76,35663455610757;76;0,0;0,356634556107565
116141;S. Quiroga;AMF;64,0;63,91460911527003;64;0,0;0,08539088472996781
116208;J. Recalde;AMF;69,0;69,09772766815443;69;0,0;0,0977276681544339
116436;Isi;AMF;80,0;80,18274345986532;80;0,0;0,18274345986532126
116591;C. Aquino;AMF;72,0;71,8443262281719;72;0,0;0,1556737718281056
116912;Reinier;AMF;70,0;69,69893510417113;70;0,0;0,30106489582887264
117364;Peque;AMF;73,0;72,79804922806434;73;0,0;0,2019507719356568
117452;G. Baroni;AMF;66,0;65,80875497679529;66;0,0;0,19124502320471493
117523;Selton;AMF;64,0;64,47186685145309;64;0,0;0,47186685145308616
117659;A. Milambo;AMF;72,0;72,25383698718733;72;0,0;0,25383698718732717
117661;Fábio Carvalho;AMF;74,0;74,0431515278725;74;0,0;0,043151527872495876
117687;A. Fernández;AMF;68,0;67,85597049739543;68;0,0;0,14402950260456748
117894;Gustavo;AMF;68,0;67,79941582098999;68;0,0;0,2005841790100078
117952;A. Martegani;AMF;70,0;69,9873602476357;70;0,0;0,0126397523642936
118032;F. Lo Celso;AMF;65,0;65,51628290322681;66;1,0;0,5162829032268093
118096;M. Mount;AMF;77,0;76,65901354392551;77;0,0;0,3409864560744893
118163;H. López;AMF;62,0;62,10270282058149;62;0,0;0,1027028205814915
118164;E. Smith Rowe;AMF;78,0;78,14219242864617;78;0,0;0,14219242864616888
118174;M. Rogers;AMF;81,0;80,81812832823913;81;0,0;0,1818716717608737
118183;M. Gallardo;AMF;69,0;69,08133817153043;69;0,0;0,0813381715304331
118267;Rodri Mendoza;AMF;71,0;70,72660555156351;71;0,0;0,2733944484364912
118294;S. Chambers;AMF;62,0;62,07505043818092;62;0,0;0,0750504381809165
118342;H. López Muñoz;AMF;75,0;74,60286762196706;75;0,0;0,39713237803293566
118428;Dro Fernández;AMF;69,0;69,05500944877281;69;0,0;0,055009448772807445
118528;M. Damsgaard;AMF;76,0;76,01334776652743;76;0,0;0,013347766527431304
118559;Fermín;AMF;82,0;81,90424111046303;82;0,0;0,09575888953696676
118578;Índio;AMF;59,0;59,25954959746703;59;0,0;0,25954959746702855
118595;C. Palacios;AMF;73,0;72,73821749084634;73;0,0;0,26178250915366164
118661;E. Cabrera;AMF;69,0;69,28817402198285;69;0,0;0,28817402198285436
118707;A. Adli;AMF;76,0;76,44886083336974;76;0,0;0,4488608333697357
118829;G. Piñeiro;AMF;66,0;65,83012415943047;66;0,0;0,16987584056953153
118941;Robert Navarro;AMF;75,0;75,11734946291699;75;0,0;0,11734946291699089
118974;F. Cabanillas;AMF;62,0;62,356401718216674;62;0,0;0,35640171821667366
119088;T. Aranda;AMF;69,0;69,02437072240333;69;0,0;0,024370722403332934
119812;S. Quillahuamán;AMF;57,0;57,49469388198724;57;0,0;0,4946938819872386
119815;L. Cabral;AMF;71,0;71,35047586711173;71;0,0;0,35047586711172585
119865;Pablo Agudín;AMF;65,0;64,74190015701359;65;0,0;0,258099842986411
119876;Aimar Oroz;AMF;78,0;78,12463907964364;78;0,0;0,12463907964364296
120332;J. Savarino;AMF;75,0;74,52660754447186;75;0,0;0,4733924555281419
120357;E. Elmas;AMF;76,0;75,54274636244486;76;0,0;0,4572536375551408
120369;S. Dalmasso;AMF;62,0;61,64369432662583;62;0,0;0,3563056733741732
121198;M. Aguiar;AMF;62,0;61,728089475405;62;0,0;0,2719105245950004
121324;L. Fernández;AMF;75,0;75,303785857732;75;0,0;0,3037858577319952
122275;M. Klimowicz;AMF;69,0;68,61009064622517;69;0,0;0,3899093537748257
263819;S. González;AMF;70,0;70,4208561507086;70;0,0;0,4208561507086017
297025;F. Farías;AMF;72,0;71,74482786578527;72;0,0;0,2551721342147317
315542;F. González;AMF;65,0;65,28597534529797;65;0,0;0,2859753452979703
363615;C. Gonzáles;AMF;70,0;70,31162830364623;70;0,0;0,3116283036462306
366643;R. Atencio;AMF;69,0;69,50434980439208;70;1,0;0,5043498043920778
372710;J. Rossel;AMF;64,0;64,61625551171286;65;1,0;0,6162555117128647
375729;H. Abdulkareem;AMF;61,0;61,273982096099445;61;0,0;0,273982096099445
377282;Maurício;AMF;74,0;74,2573633323404;74;0,0;0,25736333234040387
377513;D. Cataño;AMF;70,0;69,53429437748795;70;0,0;0,46570562251204706
379997;C. Benavente;AMF;69,0;68,8240519115021;69;0,0;0,1759480884979041
1073754405;D. Kamada;AMF;76,0;76,17951903595548;76;0,0;0,17951903595547947
1073783056;Oscar;AMF;74,0;73,82044502013211;74;0,0;0,1795549798678877
1073847867;Chico Kim;AMF;69,0;69,17080103669235;69;0,0;0,17080103669235314
6577;S. Pavlović;CB;80,0;79,39679180348402;79;1,0;0,603208196515979
9041;J. Herrando;CB;77,0;77,2723404937;77;0,0;0,2723404936999998
9121;A. Rogel;CB;72,0;71,98015234957299;72;0,0;0,01984765042701042
30074;Egiluz;CB;72,0;72,34289715478796;72;0,0;0,3428971547879627
33266;R. Araújo;CB;83,0;83,33020895000016;83;0,0;0,3302089500001557
33290;Bruno Alves;CB;67,0;67,1640297705051;67;0,0;0,16402977050509548
33669;Jemmes;CB;73,0;73,26464806341451;73;0,0;0,2646480634145121
34850;Juninho;CB;68,0;68,01766085811386;68;0,0;0,017660858113856648
35324;Kauan Faria;CB;65,0;65,25763751431569;65;0,0;0,2576375143156895
35876;Azpilicueta;CB;76,0;76,12900786052725;76;0,0;0,12900786052725266
36706;S. Moya;CB;66,0;66,18364528580629;66;0,0;0,1836452858062927
36776;Riccieli;CB;73,0;72,98673126940419;73;0,0;0,013268730595811462
37053;João Victor;CB;76,0;76,31614942406918;76;0,0;0,3161494240691809
37151;J. Beyer;CB;74,0;74,10992962514864;74;0,0;0,10992962514863791
37377;A. Catena;CB;79,0;78,7357326956433;79;0,0;0,264267304356693
37437;A. García Basso;CB;70,0;70,23762897943405;70;0,0;0,23762897943404937
37602;A. Seyral;CB;65,0;64,86403697608752;65;0,0;0,13596302391248116
37827;A. Witsel;CB;75,0;74,76088060183879;75;0,0;0,23911939816120764
37874;Marcos Victor;CB;70,0;69,88355746998447;70;0,0;0,11644253001553295
38390;Lucas Freitas;CB;68,0;68,3433684303138;68;0,0;0,34336843031380226
38797;D. Blind;CB;73,0;73,30248101000912;73;0,0;0,3024810100091173
38812;A. Osella;CB;71,0;70,92886110623263;71;0,0;0,07113889376736893
38863;I. Villalba;CB;71,0;71,35339650400462;71;0,0;0,3533965040046212
38891;O. Bevan;CB;66,0;65,861434395241;66;0,0;0,1385656047589947
39339;Rafael Thyere;CB;69,0;69,47876293636241;69;0,0;0,47876293636241485
39699;G. Medel;CB;69,0;69,32899079014305;69;0,0;0,32899079014305244
39798;A. Corzo;CB;70,0;69,55419699735499;70;0,0;0,4458030026450075
40407;Maicon;CB;72,0;72,18305607945803;72;0,0;0,1830560794580265
40875;S. De Vrij;CB;82,0;82,1119424410381;82;0,0;0,11194244103809581
41045;Y. Rak;CB;71,0;70,75626586067695;71;0,0;0,24373413932305255
41124;D. Alaba;CB;77,0;76,65657904931955;77;0,0;0,34342095068045353
41153;S. Coates;CB;76,0;76,39460169056093;76;0,0;0,39460169056093264
41174;M. Rojo;CB;72,0;72,47180206482824;72;0,0;0,47180206482823905
41275;J. Insaurralde;CB;70,0;69,89950320711239;70;0,0;0,10049679288761126
41294;Ignácio;CB;75,0;74,96620450426634;75;0,0;0,03379549573365637
41527;F. Tobio;CB;69,0;69,46524876029272;69;0,0;0,4652487602927238
41538;E. Olivera;CB;70,0;69,79025641296802;70;0,0;0,20974358703197993
41547;C. Quintana;CB;77,0;76,63860586472678;77;0,0;0,3613941352732155
41674;Y. Mosquera;CB;74,0;74,12920443473391;74;0,0;0,1292044347339072
42429;Juan Jesus;CB;77,0;76,61758208261722;77;0,0;0,3824179173827815
42452;G. Mercado;CB;73,0;72,80134302797258;73;0,0;0,19865697202742183
42577;M. Guéhi;CB;82,0;82,28790487476641;82;0,0;0,28790487476641147
42698;K. Jappert;CB;71,0;71,42190649638916;71;0,0;0,42190649638915545
42752;F. Mallo;CB;76,0;75,81282633679803;76;0,0;0,1871736632019747
42868;Bartra;CB;78,0;77,74453115910524;78;0,0;0,25546884089476407
42917;D. Burn;CB;78,0;77,85472641007856;78;0,0;0,14527358992144457
42935;L. Vallejo;CB;65,0;64,90812505428488;65;0,0;0,09187494571511934
43006;R. Funes Mori;CB;73,0;72,96465551215054;73;0,0;0,035344487849457096
43157;Marcos Alonso;CB;73,0;73,31442398432135;73;0,0;0,3144239843213512
43467;R. Rodríguez;CB;68,0;67,99026815480376;68;0,0;0,009731845196242261
43798;S. Ramos Mingo;CB;76,0;75,70436250368326;76;0,0;0,2956374963167434
43989;Danilo;CB;75,0;75,0669019410705;75;0,0;0,06690194107049763
44423;R. Arias;CB;69,0;68,66177450473087;69;0,0;0,3382254952691284
44550;Vitão;CB;78,0;78,1564472304579;78;0,0;0,15644723045789988
44619;Rodrigo Moledo;CB;72,0;71,62275144289752;72;0,0;0,37724855710247596
44654;W. Boly;CB;76,0;76,25047654649508;76;0,0;0,25047654649507933
44676;F. Acerbi;CB;81,0;81,3059795568317;81;0,0;0,3059795568317014
44840;V. Van Dijk;CB;89,0;89,27658405619725;89;0,0;0,276584056197251
45028;Sabino;CB;74,0;74,30064843757735;74;0,0;0,30064843757735105
45071;G. Pezzella;CB;77,0;76,5440857562838;77;0,0;0,4559142437161938
45124;N. Collins;CB;80,0;80,24311369240843;80;0,0;0,2431136924084285
45238;H. Ekdal;CB;72,0;71,79164538384029;72;0,0;0,20835461615970985
45247;J. Branthwaite;CB;79,0;79,17759988016236;79;0,0;0,1775998801623615
45254;J. Freytes;CB;72,0;71,8043299775789;72;0,0;0,19567002242109766
45290;Íñigo Martínez;CB;84,0;84,3358974914001;84;0,0;0,33589749140010383
45386;Bigas;CB;78,0;77,5246846112412;78;0,0;0,4753153887588013
45392;Gustavo Marques;CB;71,0;70,49488430950028;70;1,0;0,5051156904997214
45454;N. Arena;CB;67,0;66,98426727359994;67;0,0;0,01573272640005996
45579;H. Nervo;CB;71,0;71,41926027232485;71;0,0;0,4192602723248484
45582;L. López;CB;75,0;74,79020191519496;75;0,0;0,20979808480504403
45669;M. Di Cesare;CB;76,0;75,50006952993026;76;0,0;0,4999304700697422
45756;G. Gómez;CB;81,0;80,59025573951811;81;0,0;0,4097442604818866
45758;M. Pellegrino;CB;72,0;71,66684961320846;72;0,0;0,3331503867915444
45788;M. Araujo;CB;72,0;72,00147016587275;72;0,0;0,0014701658727460654
45993;Marquinhos;CB;88,0;87,3962706729877;87;1,0;0,603729327012303
46453;Camutanga;CB;71,0;70,74143838376443;71;0,0;0,2585616162355677
46507;Lucas Oliveira;CB;69,0;68,85429265362963;69;0,0;0,1457073463703722
46611;M. Dória;CB;71,0;70,65484180865886;71;0,0;0,3451581913411417
46812;Igor Julio;CB;74,0;74,27146542417239;74;0,0;0,2714654241723906
47128;Rafael Tolói;CB;72,0;72,02092111358684;72;0,0;0,020921113586837237
47251;Vivian;CB;84,0;83,64781014147182;84;0,0;0,3521898585281775
47267;David Carmo;CB;74,0;74,04613222946537;74;0,0;0,04613222946537121
47269;N. Ferraresi;CB;72,0;71,90594780093811;72;0,0;0,09405219906189188
47522;A. Laporte;CB;82,0;82,41418417571501;82;0,0;0,41418417571500754
47524;F. Lejeune;CB;77,0;77,05884882990266;77;0,0;0,05884882990265794
47532;N. Goitea;CB;70,0;70,08265673155704;70;0,0;0,08265673155703723
47589;É. Godoy;CB;72,0;72,3415187234047;72;0,0;0,3415187234047039
47745;B. Oviedo;CB;69,0;68,8254753024795;69;0,0;0,17452469752049637
47785;J. Stones;CB;82,0;81,96449106272132;82;0,0;0,03550893727867788
47813;M. Zaldivia;CB;71,0;71,25162224926841;71;0,0;0,2516222492684079
47830;L. Magallán;CB;72,0;72,04127503464785;72;0,0;0,041275034647853204
48056;V. Cuesta;CB;72,0;71,79594823120163;72;0,0;0,20405176879836517
48142;F. Pereyra;CB;74,0;74,33686574544741;74;0,0;0,33686574544741177
53453;D. Rivera;CB;70,0;70,11958518689363;70;0,0;0,11958518689363018
53799;L. Escorcia;CB;66,0;65,83523143786267;66;0,0;0,1647685621373256
54163;M. Caicedo;CB;64,0;64,14045303400171;64;0,0;0,14045303400170894
54166;C. Haydar;CB;74,0;73,61716426653474;74;0,0;0,38283573346525657
54247;N. Süle;CB;79,0;78,96784834654221;79;0,0;0,03215165345778814
54385;A. Bravo;CB;64,0;63,68885419618096;64;0,0;0,3111458038190378
54396;L. Zárate;CB;72,0;72,1676031763642;72;0,0;0,16760317636419586
54397;R. Schunke;CB;72,0;72,15317910972854;72;0,0;0,15317910972854065
54405;A. Córdoba;CB;66,0;66,41049578518081;66;0,0;0,41049578518081375
54659;N. Al-Sharari;CB;68,0;68,4479446471485;68;0,0;0,44794464714850335
54676;K. Silva;CB;67,0;67,30186624237784;67;0,0;0,3018662423778409
54843;B. Gazzolo;CB;71,0;71,39245687084428;71;0,0;0,3924568708442848
54844;G. Vargas;CB;71,0;71,24853988271724;71;0,0;0,24853988271723892
54848;B. Tamayo;CB;68,0;67,58937271258891;68;0,0;0,41062728741108856
54853;M. Fernández;CB;71,0;70,86653169211452;71;0,0;0,13346830788547948
55038;A. Al-Amri;CB;71,0;70,87401188312884;71;0,0;0,12598811687115585
55301;K. Lomónaco;CB;73,0;72,64099132460227;73;0,0;0,35900867539773174
55411;T. Viera;CB;67,0;67,35351435549698;67;0,0;0,3535143554969835
55533;E. Noriega;CB;72,0;72,39850741521072;72;0,0;0,398507415210716
55654;I. Fray;CB;66,0;66,19801180632943;66;0,0;0,19801180632943272
55713;C. Salgado;CB;60,0;60,19179641738032;60;0,0;0,19179641738031705
55720;J. Peña;CB;73,0;73,0543429846953;73;0,0;0,05434298469529608
55731;J. Velásquez;CB;62,0;61,889160326185525;62;0,0;0,11083967381447479
55736;L. Díaz;CB;65,0;65,262768655523;65;0,0;0,2627686555230042
55770;R. Mina;CB;71,0;70,91675933742056;71;0,0;0,08324066257944196
55771;R. Adé;CB;77,0;76,95877582942758;77;0,0;0,041224170572419894
55782;G. Allala;CB;70,0;70,31313269885511;70;0,0;0,31313269885511374
55808;D. Osio;CB;71,0;70,53974118447533;71;0,0;0,46025881552466785
55845;S. García;CB;69,0;69,50771083653065;70;1,0;0,5077108365306486
55854;V. Pierani;CB;65,0;65,1790085576048;65;0,0;0,17900855760480283
55857;W. Tesillo;CB;75,0;74,54252655736772;75;0,0;0,45747344263227774
55957;J. Pestaña;CB;72,0;71,58643231954866;72;0,0;0,41356768045133663
55978;D. Ordóñez;CB;59,0;59,01445460205915;59;0,0;0,014454602059153387
56029;Léo Pereira;CB;81,0;81,23641897428335;81;0,0;0,23641897428335312
56033;J. Sagredo;CB;65,0;64,64371986841834;65;0,0;0,3562801315816557
56045;C. Izquierdoz;CB;76,0;75,95963060512834;76;0,0;0,0403693948716608
56097;V. Fascendini;CB;68,0;67,74312239169045;68;0,0;0,2568776083095514
56141;V. Moreno;CB;71,0;70,91891689572711;71;0,0;0,08108310427289211
56171;J. Vera;CB;70,0;69,90471989467191;70;0,0;0,0952801053280865
56172;A. Barrionuevo;CB;73,0;73,2826421101261;73;0,0;0,28264211012610474
56173;N. Caro Torres;CB;69,0;68,61599496680543;69;0,0;0,384005033194569
56184;F. Gatti;CB;79,0;79,17623706352238;79;0,0;0,1762370635223789
56227;I. Scarpeta;CB;70,0;70,2117458886541;70;0,0;0,21174588865409305
56236;L. Segovia;CB;68,0;67,82472934177645;68;0,0;0,17527065822355326
56263;L. Monzón;CB;72,0;71,89862789113353;72;0,0;0,10137210886647097
57224;C. Paz;CB;71,0;71,00296812999136;71;0,0;0,002968129991359092
57418;Marllon;CB;72,0;72,49998448628882;72;0,0;0,49998448628882386
57647;A. Rambal;CB;70,0;70,00514464406002;70;0,0;0,005144644060024461
57895;J. Sagredo;CB;67,0;67,11244907280592;67;0,0;0,11244907280591576
57902;R. Gómez;CB;69,0;68,6217167576124;69;0,0;0,3782832423875959
57915;A. Quiroga;CB;67,0;67,41536603781233;67;0,0;0,4153660378123334
57938;R. Melgarejo;CB;65,0;64,81767867123341;65;0,0;0,1823213287665908
57948;L. Quintana;CB;66,0;66,37751632318516;66;0,0;0,37751632318516215
57949;M. Pérez;CB;74,0;73,63152179212118;74;0,0;0,3684782078788231
57964;Victor Gabriel;CB;68,0;68,50281617352314;69;1,0;0,5028161735231436
58044;T. Ramírez;CB;70,0;69,5968348537021;70;0,0;0,40316514629789424
58059;J. Aguirre;CB;74,0;73,7207554008383;74;0,0;0,2792445991617001
58060;J. Millán;CB;75,0;74,83443536274811;75;0,0;0,1655646372518902
58071;P. Calione;CB;67,0;67,39901085254928;67;0,0;0,3990108525492815
58100;H. Butrón;CB;60,0;60,04935051472596;60;0,0;0,049350514725958305
58127;N. Freire;CB;70,0;69,56016831444549;70;0,0;0,439831685554509
58131;M. Suárez;CB;66,0;65,75671965563748;66;0,0;0,24328034436251755
58167;J. Angulo;CB;70,0;69,84903511486459;70;0,0;0,15096488513540862
58198;S. Mosquera;CB;69,0;68,5811629586507;69;0,0;0,4188370413493061
58207;E. Freita;CB;65,0;65,04605482863874;65;0,0;0,04605482863874499
58211;N. Herrera;CB;75,0;75,31541148494398;75;0,0;0,3154114849439793
58217;I. Gariglio;CB;67,0;67,46481794068895;67;0,0;0,46481794068894544
58218;R. Ramírez;CB;68,0;68,0591484708251;68;0,0;0,059148470825093113
58223;S. Echeverría;CB;71,0;70,8128016888372;71;0,0;0,1871983111628026
58227;J. Méndez;CB;70,0;69,80845608210981;70;0,0;0,19154391789018632
58242;O. Salomón;CB;70,0;70,08709761640196;70;0,0;0,08709761640196234
58243;X. Arreaga;CB;71,0;70,57509028165207;71;0,0;0,42490971834793356
58290;S. Fernández;CB;69,0;69,36173750204098;69;0,0;0,361737502040981
58292;M. Rodríguez;CB;71,0;70,67596214154547;71;0,0;0,32403785845453115
58315;N. Capraro;CB;70,0;70,07031741572918;70;0,0;0,07031741572917838
58326;S. Delvalle;CB;65,0;64,91955642553455;65;0,0;0,08044357446544836
58327;N. Giménez;CB;64,0;63,701123357187655;64;0,0;0,2988766428123455
58344;D. Viera;CB;71,0;71,41595797659363;71;0,0;0,41595797659363143
58349;A. Velasco;CB;66,0;65,59982997707047;66;0,0;0,4001700229295295
58350;N. Ramírez;CB;72,0;72,26367664139144;72;0,0;0,26367664139144154
58351;T. Hall;CB;60,0;60,24938082755614;60;0,0;0,24938082755613777
58361;E. Gularte;CB;74,0;73,45202463547375;73;1,0;0,547975364526252
58408;M. Di Benedetto;CB;69,0;69,4332288731279;69;0,0;0,43322887312790215
58691;Gabriel P.;CB;78,0;78,11965290760702;78;0,0;0,11965290760701919
58834;Rafa Marín;CB;77,0;76,80049780688564;77;0,0;0,19950219311435546
58839;J. Giménez;CB;86,0;86,15763729548807;86;0,0;0,15763729548807248
58847;Gustavo Martins;CB;74,0;73,94209115915665;74;0,0;0,05790884084335346
59256;F. Lorenzón;CB;69,0;68,8615430279451;69;0,0;0,1384569720548967
59354;R. Riquelme;CB;66,0;66,10602675020212;66;0,0;0,10602675020211905
59356;P. Díaz;CB;74,0;74,29613957975478;74;0,0;0,29613957975477945
59418;T. Asta-Buruaga;CB;68,0;68,20404616005472;68;0,0;0,2040461600547161
59419;G. Guiffrey;CB;68,0;68,4422964960311;68;0,0;0,4422964960311049
59486;F. Schär;CB;81,0;81,37753420418356;81;0,0;0,37753420418356143
59493;Z. Abbott;CB;65,0;65,29599310194553;65;0,0;0,29599310194552686
59507;Edu Ribeiro;CB;70,0;70,29474468274182;70;0,0;0,29474468274182186
59766;N. Aké;CB;83,0;83,20568910575327;83;0,0;0,20568910575326527
59966;A. Abqar;CB;75,0;74,99652237962718;75;0,0;0,003477620372819956
60133;N. Colombo;CB;72,0;72,09506524664563;72;0,0;0,09506524664563187
60151;G. Conti;CB;71,0;70,96171401112112;71;0,0;0,038285988878882904
60167;M. Catalán;CB;72,0;72,29213263481834;72;0,0;0,2921326348183442
60234;C. Corvalán;CB;68,0;68,30708793117198;68;0,0;0,30708793117197786
60279;I. Ovando;CB;69,0;68,90415730727504;69;0,0;0,0958426927249576
60431;R. Drâguşin;CB;77,0;77,17777114522445;77;0,0;0,17777114522445459
60448;Ruan Tressoldi;CB;72,0;71,93246117987314;72;0,0;0,06753882012685608
60590;S. Lucero;CB;65,0;65,04944529156737;65;0,0;0,04944529156736621
60611;Wagner Leonardo;CB;75,0;74,53221032869239;75;0,0;0,46778967130761373
60653;N. Paz;CB;73,0;73,2741509542244;73;0,0;0,27415095422439606
60659;S. Vittor;CB;67,0;67,2777051032931;67;0,0;0,2777051032931013
60663;J. Palomino;CB;76,0;76,1746534384858;76;0,0;0,17465343848580517
60687;R. Battaglia;CB;74,0;74,27674270630587;74;0,0;0,2767427063058676
60804;C. Terán;CB;74,0;74,09020611055149;74;0,0;0,09020611055149175
60819;F. Balbuena;CB;73,0;72,51729478588038;73;0,0;0,4827052141196191
60875;David Costas;CB;75,0;74,896567898098;75;0,0;0,10343210190200125
60980;Dani Calvo;CB;75,0;75,15260697704409;75;0,0;0,152606977044087
61056;Diego Llorente;CB;80,0;80,15448629528485;80;0,0;0,1544862952848547
61069;M. Sarr;CB;77,0;77,18217519521224;77;0,0;0,18217519521223835
61081;César Tárrega;CB;77,0;76,78467278384883;77;0,0;0,21532721615116657
61104;S. Valdez;CB;75,0;74,53908934496276;75;0,0;0,4609106550372388
61126;G. Campi;CB;69,0;69,30797186522163;69;0,0;0,30797186522163145
61130;E. Mammana;CB;75,0;74,5715487832047;75;0,0;0,4284512167952954
61475;J. Alonso;CB;73,0;73,2973680440835;73;0,0;0,29736804408349826
61531;M. Lemos;CB;71,0;71,25106310353407;71;0,0;0,25106310353406514
61613;L. Caicedo;CB;70,0;69,73690719272741;70;0,0;0,2630928072725851
61641;Cacá;CB;68,0;68,49142731679521;68;0,0;0,49142731679521034
63152;S. Studer;CB;75,0;74,5803625492642;75;0,0;0,41963745073580583
63226;J. Novillo;CB;71,0;70,5844808847735;71;0,0;0,41551911522650187
63319;M. Valjent;CB;78,0;78,08016289856714;78;0,0;0,08016289856713854
63344;S. Núñez;CB;75,0;75,21906497195175;75;0,0;0,21906497195175234
63399;David López;CB;77,0;76,62067140424705;77;0,0;0,37932859575295197
63546;D. Hancko;CB;81,0;81,24146727899782;81;0,0;0,24146727899781695
100246;L. Dunk;CB;78,0;77,5406256676186;78;0,0;0,459374332381401
100272;Janderson;CB;67,0;67,48872856777406;67;0,0;0,4887285677740607
100291;E. Raggio;CB;71,0;71,15948825182736;71;0,0;0,15948825182735504
100400;T. Mings;CB;78,0;77,7400225540093;78;0,0;0,2599774459906996
100621;Copete;CB;76,0;75,79739416158229;76;0,0;0,20260583841771052
100820;Luiz Gustavo;CB;66,0;66,08833615177359;66;0,0;0,08833615177358922
100825;B. Diakité;CB;78,0;77,64575100291144;78;0,0;0,35424899708856117
101075;J. Bijol;CB;77,0;76,96707147224105;77;0,0;0,03292852775895483
101118;Pedro Henrique;CB;75,0;74,76676505210631;75;0,0;0,23323494789369192
101191;C. Richards;CB;80,0;80,0454546464802;80;0,0;0,04545464648019504
101204;L. González P.;CB;74,0;74,42508299110663;74;0,0;0,4250829911066347
101316;Morato;CB;76,0;75,54805143739634;76;0,0;0,45194856260366123
101504;K. Danso;CB;80,0;80,08783504221032;80;0,0;0,08783504221031535
101689;Léo Andrade;CB;71,0;70,53283650736938;71;0,0;0,4671634926306183
101766;Willian Machado;CB;71,0;70,92250957263133;71;0,0;0,07749042736867295
101781;J. Tarkowski;CB;81,0;81,23825471178425;81;0,0;0,23825471178425062
101953;J. Figal;CB;73,0;73,35103106656378;73;0,0;0,35103106656377747
101996;Andrés Castrín;CB;70,0;69,51835232112147;70;0,0;0,4816476788785309
102051;F. Noguera;CB;69,0;68,9883329101633;69;0,0;0,011667089836706168
102134;M. Simakan;CB;80,0;79,52656889518457;80;0,0;0,4734311048154325
102229;J. Báez;CB;72,0;71,60597512740847;72;0,0;0,39402487259152963
102232;L. Villalba;CB;70,0;69,75568277141882;70;0,0;0,2443172285811812
102233;N. Breitenbruch;CB;68,0;68,42471718661241;68;0,0;0,424717186612412
102360;Jacy;CB;74,0;73,52144149565824;74;0,0;0,4785585043417626
102397;C. Mosquera;CB;80,0;79,74876824660261;80;0,0;0,25123175339739134
102400;J. Randazzo;CB;68,0;68,40659238607206;68;0,0;0,40659238607206305
102779;Doma;CB;72,0;71,97080692161151;72;0,0;0,029193078388487947
103003;D. Huijsen;CB;77,0;77,3054011591127;77;0,0;0,30540115911270505
103306;G. Henrique;CB;77,0;76,71670786963969;77;0,0;0,28329213036030865
103310;L. Cabrera;CB;79,0;78,78128293933123;79;0,0;0,21871706066876584
103396;E. Martínez;CB;74,0;74,00993193834172;74;0,0;0,009931938341722457
103498;M. Estève;CB;77,0;77,25473719377015;77;0,0;0,25473719377015414
103512;S. Botman;CB;82,0;81,83081149348286;82;0,0;0,1691885065171448
103514;M. Keane;CB;79,0;78,79277911066796;79;0,0;0,20722088933203509
103551;J. Andersen;CB;78,0;78,31318402307426;78;0,0;0,31318402307425686
103678;J. Sosa;CB;71,0;71,25962698120354;71;0,0;0,2596269812035388
103707;J. Pombo;CB;70,0;70,15079796057275;70;0,0;0,15079796057274564
103845;A. Christensen;CB;81,0;81,29575341916497;81;0,0;0,2957534191649671
103879;G. González;CB;63,0;63,51915813258682;64;1,0;0,5191581325868171
104091;M. Akinmboni;CB;64,0;63,636267798975794;64;0,0;0,3637322010242059
104103;F. Ricca;CB;71,0;70,79175158087921;71;0,0;0,2082484191207925
104264;L. Di Lollo;CB;75,0;75,25969498425398;75;0,0;0,25969498425398285
104306;J. Rodon;CB;76,0;75,68347010647615;76;0,0;0,31652989352384964
104325;N. Paz;CB;71,0;71,2873455115963;71;0,0;0,28734551159629973
104334;L. Suárez;CB;71,0;70,6298016437134;71;0,0;0,37019835628659337
104337;J. Gomez;CB;79,0;79,18558172513644;79;0,0;0,18558172513644422
104413;A. Mumin;CB;78,0;77,5880094003812;78;0,0;0,4119905996188038
104418;C. Lenglet;CB;79,0;78,76981584014749;79;0,0;0,23018415985251295
104547;J. Quintero;CB;73,0;72,53749803598932;73;0,0;0,4625019640106842
104647;E. Bailly;CB;75,0;74,82218773221409;75;0,0;0,1778122677859102
104660;Jonathan Jesus;CB;71,0;71,11313379314414;71;0,0;0,11313379314414362
104677;A. Rüdiger;CB;85,0;85,18808900829089;85;0,0;0,1880890082908877
104696;Viery;CB;66,0;66,01487509193372;66;0,0;0,0148750919337175
104717;L. Hernández;CB;81,0;81,3274091694986;81;0,0;0,3274091694985941
104748;A. Elustondo;CB;76,0;75,59930522608337;76;0,0;0,40069477391662645
104751;E. Boyomo;CB;79,0;79,32412004630473;79;0,0;0,3241200463047278
104858;João Paulo;CB;70,0;69,54696576159824;70;0,0;0,45303423840175583
104860;Fábio Cardoso;CB;76,0;76,41570172688382;76;0,0;0,41570172688382456
104865;J. Quansah;CB;77,0;76,72054827801688;77;0,0;0,27945172198312207
105106;J. Galván;CB;70,0;70,32453473865041;70;0,0;0,3245347386504136
105117;J. Laso;CB;71,0;71,29935745638691;71;0,0;0,2993574563869146
105123;D. Zabala;CB;66,0;65,67250177261442;66;0,0;0,32749822738557555
105189;N. Meriano;CB;70,0;70,40237453137357;70;0,0;0,4023745313735674
105201;M. Antoni;CB;69,0;69,45618462111501;69;0,0;0,456184621115014
105269;E. Amor;CB;71,0;70,69446156508495;71;0,0;0,30553843491505006
105288;J. Komar;CB;74,0;73,6019312307389;74;0,0;0,39806876926110135
105354;C. Starfelt;CB;78,0;77,62548742669419;78;0,0;0,37451257330580745
105364;B. Ampuero;CB;72,0;71,77052650066271;72;0,0;0,22947349933728844
105387;T. Fernández;CB;65,0;64,91680256465447;65;0,0;0,08319743534552515
106339;L. Abram;CB;73,0;73,06239931854336;73;0,0;0,06239931854335623
106488;John Donald;CB;69,0;68,61774620744677;69;0,0;0,3822537925532288
106548;Thalisson;CB;65,0;64,728641420814;65;0,0;0,2713585791859998
106671;G. Mancini;CB;83,0;82,8327879686804;83;0,0;0,16721203131959328
106753;I. Traoré;CB;67,0;66,58612770231585;67;0,0;0,4138722976841507
106834;F. Paredes;CB;66,0;65,83257668579176;66;0,0;0,16742331420823575
106901;F. Miño;CB;70,0;69,83299235961576;70;0,0;0,16700764038424154
106958;Yeray;CB;82,0;81,46777740485473;81;1,0;0,5322225951452708
107255;Vitor Hugo;CB;76,0;76,38459616515112;76;0,0;0,38459616515112316
107468;G. Escudero;CB;61,0;60,631077615758024;61;0,0;0,36892238424197643
107703;David Duarte;CB;72,0;72,48002804771147;72;0,0;0,4800280477114711
107719;J. Van Hecke;CB;79,0;79,30170567430098;79;0,0;0,30170567430097606
107722;D. Djené;CB;78,0;78,19607326974551;78;0,0;0,19607326974551142
107770;Gabriel Xavier;CB;76,0;75,65754097822007;76;0,0;0,3424590217799306
107909;O. Boscagli;CB;75,0;74,9605324458168;75;0,0;0,039467554183204356
107910;Víctor Chust;CB;72,0;72,12982174355562;72;0,0;0,12982174355562393
107982;I. Pérez;CB;63,0;63,005865382217074;63;0,0;0,005865382217074
107985;M. Diakhaby;CB;77,0;77,07375105413273;77;0,0;0,0737510541327282
108042;Rodrigues;CB;73,0;72,72468591486947;73;0,0;0,2753140851305318
108051;Marcão;CB;76,0;75,96777038481906;76;0,0;0,032229615180938254
108117;Domingos Duarte;CB;76,0;76,13605164220237;76;0,0;0,13605164220237498
108202;C. Riad;CB;73,0;73,37018782670576;73;0,0;0,37018782670575945
108274;S. Salcedo;CB;72,0;71,78091591668642;72;0,0;0,2190840833135752
108324;K. Mantilla;CB;71,0;70,7035516146521;71;0,0;0,29644838534790097
108419;T. Fredricson;CB;68,0;68,2529724657224;68;0,0;0,25297246572239374
108475;K. Fernando;CB;74,0;74,24394366242772;74;0,0;0,24394366242772492
108497;Alix Vinicius;CB;74,0;73,89336585447464;74;0,0;0,1066341455253621
108654;Zé Ivaldo;CB;71,0;71,08349426426985;71;0,0;0,08349426426984508
108669;L. Martínez Q.;CB;77,0;76,92928736695984;77;0,0;0,07071263304015929
108692;R. Bensebaini;CB;77,0;76,61486103096331;77;0,0;0,38513896903668865
108740;F. Mansilla;CB;71,0;70,94356411131703;71;0,0;0,05643588868296945
108781;A. Duarte;CB;73,0;72,69904148647542;73;0,0;0,30095851352457714
108839;Lyanco;CB;76,0;75,54442093401957;76;0,0;0,4555790659804302
108889;L. Sánchez;CB;63,0;63,044167901303524;63;0,0;0,044167901303524104
108934;D. Ballard;CB;77,0;79,12144588908475;79;2,0;2,121445889084754
108935;A. Massaccesi;CB;64,0;64,14252008373842;64;0,0;0,14252008373841818
108993;W. Kambwala;CB;73,0;73,16819076485504;73;0,0;0,1681907648550407
109084;Dela;CB;74,0;73,75164427555987;74;0,0;0,2483557244401311
109123;V. Lindelöf;CB;78,0;77,6660701523549;78;0,0;0,3339298476450949
109124;M. Akanji;CB;83,0;83,22061489079522;83;0,0;0,22061489079521834
109161;W. Anton;CB;84,0;83,71257921389049;84;0,0;0,2874207861095073
109234;Bruno Fuchs;CB;77,0;77,41909027409466;77;0,0;0,41909027409465693
109264;Raíllo;CB;81,0;80,85969638532002;81;0,0;0,1403036146799792
109304;Igor Rabello;CB;71,0;71,22538668976308;71;0,0;0,2253866897630843
109329;H. Maguire;CB;82,0;82,27704021066776;82;0,0;0,27704021066776363
109380;L. Ferreira;CB;72,0;72,01383003243805;72;0,0;0,013830032438050921
109399;I. Román;CB;71,0;71,1520458111548;71;0,0;0,15204581115480664
109500;K. De Winter;CB;75,0;75,1461647155409;75;0,0;0,14616471554090538
109579;A. Disasi;CB;79,0;78,96001670546228;79;0,0;0,03998329453771987
109854;R. Rojas;CB;72,0;72,28662507547077;72;0,0;0,28662507547076643
109997;Mario Hermoso;CB;78,0;78,06900359963903;78;0,0;0,06900359963903213
110063;Thiago Santos;CB;68,0;67,9209425371227;68;0,0;0,07905746287730153
110089;R. Dejesús;CB;70,0;69,8633636393493;70;0,0;0,13663636065069795
110097;J. Ziółkowski;CB;70,0;70,08065792601998;70;0,0;0,08065792601998112
110130;A. Santamaría;CB;71,0;70,54678306397847;71;0,0;0,45321693602153346
110362;Léo Pelé;CB;65,0;65,49876443172195;65;0,0;0,49876443172195195
110603;L. Mosevich;CB;71,0;70,54370195019963;71;0,0;0,4562980498003668
110645;I. Diop;CB;77,0;77,3827620866579;77;0,0;0,38276208665790534
110651;A. Rrahmani;CB;85,0;84,58545406549197;85;0,0;0,4145459345080269
110679;T. Adarabioyo;CB;80,0;79,5409259651872;80;0,0;0,45907403481280085
110681;Lucas Veríssimo;CB;77,0;77,17531325740198;77;0,0;0,17531325740198156
110705;G. Pérez;CB;72,0;72,33547938398704;72;0,0;0,33547938398703536
110768;S. Daniele;CB;65,0;65,56208946414485;66;1,0;0,5620894641448473
110774;W. Saliba;CB;88,0;87,72353519221171;88;0,0;0,27646480778828675
110803;A. Heaven;CB;74,0;74,00408717027281;74;0,0;0,004087170272811136
110832;Z. Romero;CB;73,0;72,65168603515878;73;0,0;0,3483139648412248
110861;L. Sosa;CB;71,0;70,79583443374246;71;0,0;0,20416556625754367
110899;J. Villalba;CB;69,0;68,71715628357636;69;0,0;0,2828437164236419
110905;T. Oermann;CB;72,0;71,73062621845497;72;0,0;0,26937378154502767
110950;M. Mendía;CB;65,0;64,88857763441992;65;0,0;0,11142236558008278
110998;G. Velázquez;CB;77,0;76,38671315957174;76;1,0;0,613286840428259
110999;J. Rodríguez;CB;73,0;72,89467402836931;73;0,0;0,10532597163069113
111030;V. Koski;CB;69,0;68,8132773130079;69;0,0;0,18672268699209837
111031;R. Williams;CB;64,0;63,93808873942832;64;0,0;0,06191126057167651
111073;M. Senesi;CB;80,0;79,47800566813757;79;1,0;0,5219943318624303
111127;Vitão;CB;63,0;63,5181809877957;64;1,0;0,5181809877957022
111207;Gabriel;CB;91,0;90,80919462799952;91;0,0;0,19080537200048298
111250;Ythallo;CB;64,0;64,41198205224067;64;0,0;0,4119820522406741
111280;C. Romero;CB;86,0;85,95010044001924;86;0,0;0,04989955998075857
111334;M. Barbieri;CB;71,0;70,8631087027642;71;0,0;0,13689129723580606
111344;P. Struijk;CB;77,0;77,38382856305188;77;0,0;0,3838285630518783
111388;Neris;CB;69,0;69,13733913576007;69;0,0;0,1373391357600724
111407;Habraão;CB;69,0;68,70305260528409;69;0,0;0,29694739471591447
111419;G. Hernández;CB;75,0;74,82233421942573;75;0,0;0,17766578057427296
111426;Tiago Cóser;CB;66,0;66,0024640894949;66;0,0;0,0024640894948930736
111439;Y. Casermeiro;CB;68,0;67,80701824432275;68;0,0;0,19298175567725195
111482;L. Costa;CB;80,0;79,56604661569578;80;0,0;0,4339533843042176
111800;Rúben Dias;CB;90,0;89,559242454159;90;0,0;0,44075754584099514
111819;R. Orihuela;CB;70,0;69,79015931417582;70;0,0;0,20984068582417592
111949;S. Beukema;CB;77,0;77,10591770782133;77;0,0;0,1059177078213338
111989;L. Yoro;CB;81,0;80,81486448215463;81;0,0;0,1851355178453673
111997;Renato Veiga;CB;74,0;73,92001762195802;74;0,0;0,07998237804197572
112026;L. Morales;CB;74,0;73,91689544042454;74;0,0;0,08310455957546026
112458;I. Zubeldía;CB;76,0;75,66806408695831;76;0,0;0,3319359130416899
112489;M. Thiaw;CB;82,0;81,79475421496628;82;0,0;0,20524578503372481
112571;J. Worrall;CB;76,0;76,39162006103801;76;0,0;0,3916200610380116
112582;G. Errecalde;CB;67,0;66,71564664936366;67;0,0;0,28435335063633715
112583;N. Milenković;CB;83,0;83,34620753999418;83;0,0;0,3462075399941824
112606;A. Maldonado;CB;74,0;73,73015321562586;74;0,0;0,26984678437413834
112737;João Marcelo;CB;72,0;72,32045231608657;72;0,0;0,3204523160865733
112738;Bruno Leonardo;CB;74,0;73,62783561676174;74;0,0;0,37216438323825685
112854;David López;CB;71,0;71,08771711414404;71;0,0;0,08771711414404137
112857;J. Hill;CB;74,0;73,8224564230233;74;0,0;0,17754357697670287
112902;D. Ghilardi;CB;74,0;73,87495790790796;74;0,0;0,12504209209204475
113065;F. Tomori;CB;78,0;78,32617770289256;78;0,0;0,326177702892565
113356;M. Lacroix;CB;81,0;81,25870167276359;81;0,0;0,2587016727635927
113357;J. Todibo;CB;77,0;77,3455091908004;77;0,0;0,3455091908003993
113430;M. Gamarra;CB;70,0;70,22781598443751;70;0,0;0,2278159844375125
113436;P. Hincapié;CB;83,0;83,20830760749077;83;0,0;0,2083076074907666
113487;Bremer;CB;87,0;86,61650825570561;87;0,0;0,38349174429438904
113525;Éder Militão;CB;85,0;85,05183035346104;85;0,0;0,05183035346104248
113590;Luan Peres;CB;73,0;73,50175304004671;74;1,0;0,5017530400467081
113598;T. Nianzou;CB;73,0;72,8785210636534;73;0,0;0,12147893634660534
113603;A. Webster;CB;77,0;76,75519771651065;77;0,0;0,2448022834893493
113901;B. Badiashile;CB;77,0;77,09786663542863;77;0,0;0,09786663542863039
113913;D. Mastrángelo;CB;64,0;64,26124620505313;64;0,0;0,26124620505312635
113951;Victor Caetano;CB;69,0;69,17513488995169;69;0,0;0,17513488995169268
113972;M. Van De Ven;CB;84,0;84,1316816800646;84;0,0;0,13168168006460235
113973;S. Cena;CB;64,0;63,9025107078393;64;0,0;0,09748929216070223
114059;P. Kalulu;CB;79,0;78,85162308752358;79;0,0;0,14837691247642226
114105;M. De Ligt;CB;83,0;83,21483350738123;83;0,0;0,21483350738122908
114109;Kanu;CB;74,0;73,76032167711864;74;0,0;0,23967832288136037
114181;A. Tape;CB;67,0;66,67149038401516;67;0,0;0,3285096159848422
114255;A. Frías;CB;71,0;70,60401101500123;71;0,0;0,3959889849987661
114290;Bastos;CB;74,0;74,16581087709854;74;0,0;0,16581087709853648
114329;G. Suso;CB;72,0;71,89430319971792;72;0,0;0,10569680028207529
114344;Micael;CB;73,0;72,8699311734268;73;0,0;0,13006882657319352
114353;I. Vázquez;CB;75,0;74,95892061915026;75;0,0;0,04107938084973739
114356;V. Gómez;CB;75,0;75,18348522269397;75;0,0;0,1834852226939745
114367;D. Martínez;CB;67,0;67,11606611408422;67;0,0;0,11606611408421941
114381;J. Foyth;CB;78,0;77,91885437692001;78;0,0;0,08114562307999051
114385;G. Goñi;CB;68,0;67,85404773460506;68;0,0;0,14595226539493922
114390;E. Ndicka;CB;80,0;79,86210584436554;80;0,0;0,13789415563445573
114416;L. Rivero;CB;73,0;73,24461973399198;73;0,0;0,244619733991982
114440;Luiz Felipe;CB;77,0;76,77978052668615;77;0,0;0,22021947331384695
114600;Elgezabal;CB;72,0;72,21399849751754;72;0,0;0,21399849751753663
114620;Pau Cubarsí;CB;82,0;82,12886521510431;82;0,0;0,12886521510431237
114628;Calero;CB;76,0;76,15301661279547;76;0,0;0,15301661279546863
114662;A. Bastoni;CB;85,0;84,59052583206879;85;0,0;0,40947416793120794
114667;J. Canvot;CB;73,0;73,41972528595922;73;0,0;0,4197252859592169
114675;N. Zalazar;CB;70,0;70,18049677154934;70;0,0;0,1804967715493433
114686;J. Cabal;CB;72,0;72,22333633200458;72;0,0;0,22333633200457825
114711;G. Leoni;CB;70,0;69,55701627017795;70;0,0;0,44298372982204626
114721;Robert Renan;CB;74,0;74,3482141881729;74;0,0;0,3482141881729035
114723;Francés;CB;74,0;74,04635315758374;74;0,0;0,046353157583737925
114762;Eric García;CB;80,0;80,3311617492777;80;0,0;0,3311617492776975
114787;J. Giménez;CB;67,0;66,68106537619572;67;0,0;0,3189346238042816
114844;R. Le Normand;CB;84,0;83,47023394553659;83;1,0;0,5297660544634084
114878;Toti;CB;77,0;76,7452324183918;77;0,0;0,25476758160820623
114910;Pau Torres;CB;79,0;79,44604937485703;79;0,0;0,4460493748570258
114914;N. Mendy;CB;74,0;73,4256718820662;73;1,0;0,5743281179338027
114917;D. Affengruber;CB;77,0;77,13422342042686;77;0,0;0,13422342042686353
114937;L. Kelly;CB;75,0;75,39918843521608;75;0,0;0,3991884352160753
114966;G. Ferrari;CB;71,0;70,97665231446716;71;0,0;0,0233476855328405
114975;I. Konaté;CB;86,0;85,71296378085225;86;0,0;0,2870362191477511
115020;A. Franco;CB;76,0;75,89716096445301;76;0,0;0,10283903554699236
115025;A. Matturro;CB;69,0;69,00407762074815;69;0,0;0,004077620748148547
115061;Murilo;CB;77,0;76,76760336957506;77;0,0;0,23239663042494385
115067;S. Sosa;CB;77,0;76,81967796332943;77;0,0;0,18032203667057445
115068;S. Cuestas;CB;58,0;58,317856505497744;58;0,0;0,317856505497744
115098;A. Buongiorno;CB;83,0;82,98136888416008;83;0,0;0,018631115839923496
115104;J. Fedorco;CB;71,0;71,31498105200922;71;0,0;0,314981052009216
115106;L. Reggiani;CB;64,0;64,21351984998314;64;0,0;0,21351984998314322
115108;C. Bassey;CB;77,0;77,26986684509522;77;0,0;0,26986684509522263
115109;J. O'Brien;CB;77,0;77,13295615038092;77;0,0;0,13295615038092023
115133;F. Mané;CB;68,0;68,13329918492151;68;0,0;0,13329918492151194
115150;Kayky Almeida;CB;68,0;68,18778924930962;68;0,0;0,18778924930961693
115160;L. Badé;CB;79,0;79,28025104689677;79;0,0;0,2802510468967654
115262;I. Zabarnyi;CB;81,0;80,87098024327133;81;0,0;0,12901975672866683
115281;J. Portillo;CB;73,0;72,45808474566898;72;1,0;0,5419152543310162
115287;J. Ananias;CB;62,0;62,61331706616806;63;1,0;0,613317066168058
115294;L. Bernabéu;CB;63,0;62,65393658585843;63;0,0;0,34606341414156816
115335;E. Mayers;CB;62,0;61,662939687047405;62;0,0;0,33706031295259464
115357;L. Raffin;CB;64,0;63,85153143881382;64;0,0;0,1484685611861778
115358;Milosavljević;CB;70,0;70,20113200788789;70;0,0;0,20113200788789243
115390;M. Moreno;CB;71,0;71,21021880723798;71;0,0;0,21021880723797892
115534;N. Roselli;CB;62,0;61,93214217667406;62;0,0;0,06785782332593726
115799;Eduardo Santos;CB;71,0;71,21056844961612;71;0,0;0,21056844961611887
115908;G. Corujo;CB;71,0;70,95600337698576;71;0,0;0,04399662301423746
115913;Asencio;CB;77,0;76,73913566285155;77;0,0;0,2608643371484476
115937;M. Kilman;CB;77,0;76,88212504533942;77;0,0;0,11787495466057862
116034;H. Ito;CB;76,0;76,3228969015848;76;0,0;0,322896901584798
116047;M. Palazzo;CB;63,0;63,63691363440141;64;1,0;0,6369136344014095
116441;A. Luciatti;CB;74,0;74,20386615337301;74;0,0;0,2038661533730135
116447;Arthur Dias;CB;68,0;67,7803853632611;68;0,0;0,21961463673889625
116469;F. Laurelli;CB;61,0;61,35193928206576;61;0,0;0,3519392820657572
116490;D. Odogu;CB;68,0;67,78849273840001;68;0,0;0,21150726159999067
116502;J. Pignani;CB;68,0;68,11125324237308;68;0,0;0,11125324237308121
116576;S. Bueno;CB;77,0;77,44234199848609;77;0,0;0,4423419984860857
116655;D. Upamecano;CB;88,0;88,07532020855287;88;0,0;0,07532020855286703
116706;C. Riedel;CB;74,0;74,06422350902754;74;0,0;0,06422350902754204
116709;F. Garcés;CB;74,0;74,18894489816091;74;0,0;0,1889448981609121
116711;M. Gabbia;CB;79,0;79,3703426523806;79;0,0;0,37034265238060016
116952;R. Arboleda;CB;77,0;76,61520717251048;77;0,0;0,3847928274895196
116961;J. Romaña;CB;78,0;77,73263348384285;78;0,0;0,26736651615715346
117050;F. Pardo;CB;73,0;73,2712996649421;73;0,0;0,2712996649421058
117147;F. Alarcón;CB;72,0;71,91428385788662;72;0,0;0,08571614211338385
117379;André Ramalho;CB;74,0;74,09701852391602;74;0,0;0,09701852391602017
117404;R. Garcés;CB;67,0;67,26815171871303;67;0,0;0,26815171871302823
117406;G. Chávez;CB;71,0;70,71567845413054;71;0,0;0,2843215458694601
117426;Tchoca;CB;70,0;69,64766519326919;70;0,0;0,3523348067308092
117505;C. Cuesta;CB;75,0;74,85764182082238;75;0,0;0,14235817917762006
117562;Javi Rodríguez;CB;75,0;74,81882635583982;75;0,0;0,18117364416018233
117591;T. Palacios;CB;76,0;75,65412474303369;76;0,0;0,34587525696630905
117636;Jorge Cuenca;CB;77,0;76,8134754410418;77;0,0;0,18652455895819742
117641;F. Álvarez;CB;75,0;75,08869221227003;75;0,0;0,08869221227003266
117708;E. Pinnock;CB;77,0;77,14595467040306;77;0,0;0,1459546704030572
117725;L. Costa;CB;72,0;72,36814216388777;72;0,0;0,368142163887768
117793;L. Martínez;CB;78,0;78,44696943910652;78;0,0;0,44696943910652465
117821;Natan;CB;77,0;77,3922661905559;77;0,0;0,39226619055590106
117878;J. Cortazzo;CB;66,0;65,8333716369633;66;0,0;0,16662836303669337
117927;Aitor Paredes;CB;81,0;80,94298687993876;81;0,0;0,05701312006124226
117995;Manu Fernández;CB;71,0;71,22188982929598;71;0,0;0,221889829295975
118044;S. Boselli;CB;74,0;73,69277960593811;74;0,0;0,3072203940618863
118077;W. Riveros;CB;69,0;69,4096020403671;69;0,0;0,4096020403671048
118088;E. Tapsoba;CB;83,0;83,19952321401782;83;0,0;0,19952321401781603
118095;A. Quirós;CB;72,0;72,09011748025686;72;0,0;0,09011748025686472
118145;L. Krejcí;CB;78,0;77,62973724312249;78;0,0;0,37026275687750854
118148;Pacheco;CB;74,0;73,83059625183091;74;0,0;0,16940374816908843
118154;J. Martín;CB;75,0;74,74053541259039;75;0,0;0,2594645874096102
118191;Unai Núñez;CB;77,0;77,28360115900264;77;0,0;0,28360115900264304
118193;O. Alderete;CB;80,0;79,68508234004632;80;0,0;0,3149176599536787
118215;J. Aidoo;CB;76,0;75,66737115923213;76;0,0;0,3326288407678675
118247;T. Fernández;CB;64,0;64,3778526150796;64;0,0;0,377852615079604
118276;Léo Ortiz;CB;79,0;78,86140614532327;79;0,0;0,1385938546767278
118332;M. Kumbulla;CB;78,0;78,1047139341571;78;0,0;0,10471393415710395
118345;F. Torres;CB;74,0;73,5118894224448;74;0,0;0,4881105775552044
118355;E. Cömert;CB;72,0;72,21735180559939;72;0,0;0,21735180559939238
118384;W. Kannemann;CB;74,0;74,3659342731778;74;0,0;0,3659342731777997
118392;Lucas Beraldo;CB;78,0;77,61791188479297;78;0,0;0,3820881152070257
118405;N. Demartini;CB;69,0;68,607073967995;69;0,0;0,39292603200499343
118407;W. Pacho;CB;88,0;87,54919685171477;88;0,0;0,4508031482852317
118418;M. Alleyne;CB;71,0;70,6277576547456;71;0,0;0,37224234525440636
118437;Schlotterbeck;CB;85,0;84,73464387680825;85;0,0;0,2653561231917507
118454;L. Colwill;CB;79,0;78,91007441665643;79;0,0;0,0899255833435717
118461;Benedetti;CB;69,0;69,45291782336672;69;0,0;0,45291782336671815
118463;J. Astudillo;CB;62,0;61,77465780587184;62;0,0;0,22534219412816014
118502;A. Maciel;CB;73,0;73,24160228998677;73;0,0;0,2416022899867727
118529;M. Carabajal;CB;73,0;73,28560688564235;73;0,0;0,2856068856423519
118533;B. Cabrera;CB;69,0;68,627042883072;69;0,0;0,37295711692800637
118593;J. Tah;CB;88,0;87,53947875112013;88;0,0;0,46052124887987134
118646;R. Giampaoli;CB;73,0;73,11993716860813;73;0,0;0,11993716860813208
118653;A. Khusanov;CB;82,0;81,7337081028193;82;0,0;0,2662918971806931
118662;C. Roque;CB;65,0;64,83794167316472;65;0,0;0,16205832683527888
118669;A. Simarra;CB;67,0;66,80657422276344;67;0,0;0,19342577723655552
118690;E. Elizalde;CB;69,0;69,19775711295793;69;0,0;0,1977571129579303
118703;Kike Salas;CB;76,0;75,57069111562599;76;0,0;0,4293088843740094
118719;D. Fernández;CB;71,0;71,39222092309804;71;0,0;0,39222092309803713
118944;Vitor Reis;CB;77,0;76,93096348810002;77;0,0;0,06903651189998072
118958;L. Cristaldo;CB;63,0;63,08879593131931;63;0,0;0,08879593131931074
118989;R. Ibarra;CB;66,0;65,75023491432626;66;0,0;0,24976508567374367
119778;C. Gamarra;CB;69,0;68,99520447054353;69;0,0;0,004795529456472991
119817;G. Arturia;CB;65,0;65,3771126834256;65;0,0;0,3771126834255938
119850;F. Calderón;CB;73,0;72,87149993723254;73;0,0;0,12850006276745773
119862;Fabrício Bruno;CB;80,0;80,34510800668029;80;0,0;0,3451080066802916
119890;D. Caleta-Car;CB;75,0;74,83951574913385;75;0,0;0,1604842508661477
119893;C. Rivero;CB;71,0;71,1500477156413;71;0,0;0,15004771564130692
120310;K. Mavropanos;CB;77,0;76,94131903833882;77;0,0;0,05868096166118164
120339;C. Ferreira;CB;73,0;72,6586310366342;73;0,0;0,34136896336579525
120342;G. Rodríguez;CB;73,0;73,38423527049734;73;0,0;0,3842352704973422
120343;C. Domínguez;CB;75,0;74,53258768340079;75;0,0;0,46741231659920857
120355;T. Chalobah;CB;80,0;79,62380180163233;80;0,0;0,37619819836767476
120364;Yoel Lago;CB;70,0;69,84433287911841;70;0,0;0,15566712088158852
121226;L. Carrizo;CB;67,0;67,30687489562025;67;0,0;0,30687489562025405
121227;D. Tchamba;CB;74,0;73,62849718014107;74;0,0;0,3715028198589323
121284;U. Giménez;CB;65,0;65,33914102937061;65;0,0;0,33914102937060875
121296;J. Ludueña;CB;71,0;71,26539947948564;71;0,0;0,26539947948563736
121327;Y. Bisseck;CB;75,0;74,73145484490094;75;0,0;0,26854515509906207
121363;M. González;CB;69,0;68,62879812564195;69;0,0;0,3712018743580501
121373;W. Fofana;CB;82,0;82,00357546749579;82;0,0;0,00357546749579285
121381;J. Canale;CB;74,0;73,95326887029786;74;0,0;0,04673112970213822
121396;S. Quirós;CB;67,0;67,38430222051198;67;0,0;0,3843022205119837
121948;E. Konsa;CB;83,0;83,06345031656156;83;0,0;0,06345031656155697
121949;A. Costa;CB;77,0;77,01465086167542;77;0,0;0,014650861675420401
121961;S. Van Den Berg;CB;78,0;77,559264595832;78;0,0;0,44073540416799517
122007;A. Martínez;CB;70,0;69,6215012940279;70;0,0;0,3784987059721061
122015;L. O'Nien;CB;71,0;71,18910087544282;71;0,0;0,1891008754428185
122265;S. Bornauw;CB;75,0;75,19601275410518;75;0,0;0,19601275410518326
122313;J. García;CB;61,0;60,93167284226931;61;0,0;0,06832715773069253
122701;W. Velásquez;CB;69,0;69,41715911297025;69;0,0;0,41715911297025343
122733;J. Vertrouwd;CB;66,0;65,96273111398772;66;0,0;0,03726888601228495
122897;C. Fara;CB;67,0;67,16561624352344;67;0,0;0,16561624352344495
122920;F. Gattoni;CB;72,0;72,21810590466247;72;0,0;0,21810590466246538
123066;A. Madruga;CB;69,0;69,17355854806877;69;0,0;0,17355854806876891
124248;Choi Gu-rum;CB;72,0;71,67674535769234;72;0,0;0,3232546423076599
124276;Miguel Rubio;CB;73,0;73,2327441615925;73;0,0;0,23274416159250677
124285;A. Custodio;CB;64,0;64,09225935772645;64;0,0;0,09225935772644789
124854;D. Gónzalez;CB;70,0;70,29858052341619;70;0,0;0,29858052341619157
263024;J. Villagra;CB;69,0;69,4849161784803;69;0,0;0,48491617848030444
263154;A. Saldivia;CB;74,0;74,47510970244869;74;0,0;0,475109702448691
298690;Y. Murillo;CB;63,0;62,83818442976512;63;0,0;0,1618155702348787
306131;E. Tovo;CB;67,0;66,92820613258033;67;0,0;0,07179386741967164
307719;G. Vallecilla;CB;70,0;69,79934233419212;70;0,0;0,20065766580788136
307772;R. Lutiger;CB;67,0;66,93006202937761;67;0,0;0,06993797062239082
308179;Rodrigo Guth;CB;71,0;70,82942097768598;71;0,0;0,17057902231401556
308314;Jair Cunha;CB;77,0;77,0326115738543;77;0,0;0,032611573854296694
308521;Murillo;CB;83,0;83,06869810160305;83;0,0;0,06869810160304723
308531;N. Parra;CB;62,0;61,99294460167006;62;0,0;0,007055398329939067
308712;T. Silvero;CB;69,0;68,76484195926307;69;0,0;0,23515804073693403
308753;A. Moreno;CB;68,0;68,09306184947577;68;0,0;0,09306184947577378
309492;J. Arias;CB;72,0;71,85938659043389;72;0,0;0,14061340956611446
309756;J. Ortiz;CB;71,0;71,42167615571996;71;0,0;0,42167615571996464
320874;Á. Rangel;CB;73,0;73,0929434692846;73;0,0;0,09294346928460584
322246;A. Barboza;CB;75,0;74,82631283136072;75;0,0;0,17368716863927602
323535;A. Angulo;CB;74,0;73,80037171792621;74;0,0;0,1996282820737889
363870;J. Viacava;CB;67,0;67,24417622441987;67;0,0;0,2441762244198742
370372;J. Mera;CB;71,0;71,39977586197372;71;0,0;0,3997758619737226
371342;N. Villarroel;CB;61,0;61,03378819233794;61;0,0;0,03378819233793706
373054;D. Arboleda;CB;74,0;73,77372339290243;74;0,0;0,22627660709757436
373057;D. Pedrozo;CB;66,0;66,43856030212594;66;0,0;0,43856030212593566
373326;I. Glavinovich;CB;66,0;65,73521598580794;66;0,0;0,26478401419205966
376489;D. Herrera;CB;67,0;67,28995113555543;67;0,0;0,28995113555542673
377146;M. Palacios;CB;60,0;60,380311748280825;60;0,0;0,3803117482808247
377208;F. Mena;CB;58,0;58,109143629544555;58;0,0;0,1091436295445547
378292;A. Llinás;CB;72,0;72,18056243271101;72;0,0;0,1805624327110138
378338;J. Chalá;CB;69,0;68,6978387699034;69;0,0;0,30216123009660123
378339;A. Pósito;CB;64,0;64,1233312266129;64;0,0;0,12333122661290474
378342;M. Gianoli;CB;70,0;70,14143094838923;70;0,0;0,1414309483892282
379200;J. Arancibia;CB;63,0;63,503689764918384;64;1,0;0,5036897649183842
379709;Y. Osorio;CB;71,0;70,99342417550233;71;0,0;0,006575824497673466
1073776608;Clayton Sampaio;CB;68,0;68,25393083697716;68;0,0;0,2539308369771618
1073801803;M. Falcón;CB;72,0;71,68230337326891;72;0,0;0,31769662673109167
1073853601;Kim Min-jae;CB;84,0;83,67115338900192;84;0,0;0,32884661099808454
1073857540;K. Ajer;CB;77,0;76,6132169030717;77;0,0;0,3867830969282977
4522;C. Ronaldo;CF;84,0;84,23618700825357;84;0,0;0,23618700825356598
7806;M. Satriano;CF;75,0;74,50912728869639;75;0,0;0,4908727113036093
7823;André Silva;CF;71,0;71,24510933360428;71;0,0;0,245109333604276
8823;P. Guerrero;CF;71,0;70,78062023974371;71;0,0;0,21937976025628814
9205;Fabri;CF;69,0;69,504912006946;70;1,0;0,5049120069460002
9211;J. Piroe;CF;74,0;74,19633431216211;74;0,0;0,19633431216210795
9332;W. Rivera;CF;63,0;63,46639560813601;63;0,0;0,4663956081360112
31044;R. Falcao;CF;73,0;72,62934278120939;73;0,0;0,37065721879061186
32440;J. Kusi-Asare;CF;65,0;64,80451665945756;65;0,0;0,1954833405424381
34881;L. Suárez;CF;80,0;79,74206837353277;80;0,0;0,2579316264672258
35252;M. Ruben;CF;71,0;71,43036271405754;71;0,0;0,43036271405753723
35477;E. Cavani;CF;72,0;72,2410518156323;72;0,0;0,2410518156323036
36718;A. Sánchez;CF;74,0;73,64086788392812;74;0,0;0,35913211607187634
37304;C. Stuani;CF;75,0;75,26195284545109;75;0,0;0,2619528454510913
37715;T. Barry;CF;77,0;76,59112653168899;77;0,0;0,4088734683110147
38352;D. Welbeck;CF;78,0;77,77227277520554;78;0,0;0,22772722479446372
38403;S. Ferreira;CF;72,0;72,26963413391081;72;0,0;0,26963413391081303
38743;Y. Valois;CF;66,0;65,9193259943387;66;0,0;0,08067400566129379
38951;A. Hernández;CF;74,0;73,91801499034047;74;0,0;0,08198500965953315
39673;André Luís;CF;70,0;70,40811458715616;70;0,0;0,4081145871561631
40002;R. Lewandowski;CF;87,0;87,11822339294939;87;0,0;0,118223392949389
40122;R. Lukaku;CF;81,0;81,4421881947182;81;0,0;0,4421881947181987
40433;S. Tzimas;CF;73,0;72,73686883583248;73;0,0;0,26313116416751825
40581;C. Obi;CF;66,0;66,19711532291822;66;0,0;0,1971153229182221
40661;L. Pratto;CF;70,0;69,72782775186239;70;0,0;0,27217224813760765
40786;C. Wood;CF;80,0;80,2389134453484;80;0,0;0,23891344534840186
41100;Juanmi;CF;72,0;72,32483355006308;72;0,0;0,3248335500630759
41640;C. Bacca;CF;74,0;74,30600311466604;74;0,0;0,3060031146660407
42101;J. Iturbe;CF;65,0;65,33175494184357;65;0,0;0,33175494184357035
42117;U. Delgado;CF;65,0;65,01442469894668;65;0,0;0,014424698946683634
42806;C. Bakambu;CF;75,0;75,23782148550285;75;0,0;0,23782148550284887
42854;Alerrandro;CF;72,0;72,37682277339535;72;0,0;0,37682277339534664
43970;J. Lucero;CF;73,0;72,93138480836652;73;0,0;0,06861519163348362
44187;Gabriel Poveda;CF;67,0;66,9912877857522;67;0,0;0,008712214247793781
44212;Neto Pessoa;CF;69,0;68,73257206422983;69;0,0;0,2674279357701721
44278;Pedro Raúl;CF;72,0;71,71637105634271;72;0,0;0,2836289436572912
44449;R. Nteka;CF;69,0;68,91653657313401;69;0,0;0,08346342686598973
44636;L. Muriel;CF;75,0;74,64397823174966;75;0,0;0,3560217682503435
44682;Rodrigo Muniz;CF;75,0;74,58917417008689;75;0,0;0,410825829913108
45079;T. Arokodare;CF;74,0;73,93733269018237;74;0,0;0,06266730981762691
45661;G. Obredor;CF;64,0;63,74473384063258;64;0,0;0,25526615936742303
45831;R. Castillo;CF;77,0;77,12197279947854;77;0,0;0,12197279947854156
45962;Willian José;CF;77,0;76,97423047145838;77;0,0;0,025769528541616182
46327;Fernando;CF;71,0;71,20400977358072;71;0,0;0,20400977358072225
46765;Perotti;CF;67,0;66,8138782135572;67;0,0;0,1861217864427971
46873;U. Saqid;CF;75,0;75,31763811954636;75;0,0;0,3176381195463591
46879;M. Depay;CF;78,0;78,04505100545474;78;0,0;0,04505100545473795
46897;A. Oviedo;CF;69,0;68,79145243561392;69;0,0;0,20854756438608035
47287;H. Kane;CF;89,0;89,38405640773784;89;0,0;0,38405640773784455
47415;A. Alonso;CF;67,0;67,14014977087463;67;0,0;0,1401497708746291
47429;N. Maupay;CF;74,0;74,43474266927238;74;0,0;0,4347426692723815
47586;J. Torres;CF;73,0;72,92035647623177;73;0,0;0,07964352376822603
47644;B. Cabrera;CF;62,0;62,30348383120428;62;0,0;0,30348383120428224
47814;D. Benedetto;CF;71,0;71,06810370394442;71;0,0;0,06810370394441634
53792;L. Castro;CF;72,0;72,10310349641489;72;0,0;0,1031034964148887
54067;D. Pereira;CF;62,0;62,12277657223363;62;0,0;0,12277657223363292
54167;Y. Cuevas;CF;65,0;65,02080409293201;65;0,0;0,020804092932010576
54393;J. Medina;CF;72,0;71,61186998795777;72;0,0;0,3881300120422253
54422;F. De La Vega;CF;67,0;67,33003320851316;67;0,0;0,3300332085131572
54674;S. Haqawi;CF;57,0;57,31387907120768;57;0,0;0,31387907120767977
54745;S. Guirassy;CF;84,0;83,6502943795397;84;0,0;0,3497056204602984
54756;Gonçalo Ramos;CF;80,0;79,80018652674829;80;0,0;0,19981347325170873
54761;F. Monzón;CF;71,0;71,4557563343949;71;0,0;0,4557563343949056
54836;J. Hurtado;CF;65,0;64,83113235158946;65;0,0;0,16886764841054003
54845;M. Parrales;CF;69,0;69,37904136795765;69;0,0;0,37904136795765453
54859;F. Zampedri;CF;74,0;73,82250843838814;74;0,0;0,17749156161185908
54876;A. Al-Hamdan;CF;68,0;67,57981776099282;68;0,0;0,42018223900717544
54974;Luighi;CF;67,0;66,52167193062229;67;0,0;0,4783280693777101
55055;M. Marran;CF;64,0;64,02088843180954;64;0,0;0,020888431809538588
55118;G. Paiva;CF;71,0;70,73198752275532;71;0,0;0,2680124772446817
55435;E. Naya;CF;63,0;63,270872574906655;63;0,0;0,2708725749066545
55522;M. Torres;CF;70,0;69,66195688721102;70;0,0;0,3380431127889807
55530;N. Johansen;CF;66,0;66,47095476877602;66;0,0;0,47095476877602493
55705;J. Fuentes;CF;65,0;65,42295941778855;65;0,0;0,4229594177885474
55718;N. Benegas;CF;69,0;69,45757403021136;69;0,0;0,45757403021136156
55777;L. Riveros;CF;68,0;67,58050702002409;68;0,0;0,4194929799759137
55779;M. Estrada;CF;73,0;72,96745846951286;73;0,0;0,03254153048713704
55816;N. Villarreal;CF;66,0;65,94430034245421;66;0,0;0,05569965754578732
55954;L. Ramos;CF;69,0;68,74118042511036;69;0,0;0,25881957488964247
55966;R. Holgado;CF;72,0;71,80899928096433;72;0,0;0,19100071903567084
56113;Y. Vásquez;CF;65,0;65,44487966681419;65;0,0;0,4448796668141881
56142;J. Godoy;CF;68,0;67,87430953442103;68;0,0;0,12569046557896968
56162;A. Uribe;CF;69,0;68,80737996210279;69;0,0;0,19262003789721405
56165;F. Suárez;CF;68,0;67,85060327229087;68;0,0;0,14939672770913148
56168;I. Russo;CF;70,0;69,92739408633649;70;0,0;0,07260591366350866
56181;R. Borja;CF;61,0;61,39835009776004;61;0,0;0,39835009776003716
56235;H. Rodallega;CF;74,0;73,62716847793105;74;0,0;0,37283152206894954
56249;J. Rivera;CF;69,0;68,7069537699676;69;0,0;0,2930462300324024
56258;F. Barone;CF;67,0;66,75857513490392;67;0,0;0,24142486509607863
56260;T. Caballero;CF;66,0;65,98237782995297;66;0,0;0,017622170047033592
57201;J. Ardaiz;CF;66,0;65,76914268597658;66;0,0;0,23085731402342446
57330;R. Jiménez;CF;77,0;77,15238319166619;77;0,0;0,15238319166618908
57349;Gerard Moreno;CF;80,0;80,2562038409816;80;0,0;0,2562038409815983
57930;E. Larrosa;CF;66,0;65,59280809895047;66;0,0;0,4071919010495293
57947;G. Carneiro;CF;73,0;73,1093795778665;73;0,0;0,10937957786650543
57957;Chico Da Costa;CF;69,0;69,00961037017895;69;0,0;0,009610370178947392
57959;S. Araujo;CF;70,0;70,01898239634674;70;0,0;0,018982396346743258
57988;A. Parra;CF;70,0;70,12166569373993;70;0,0;0,12166569373992786
57992;C. Ramírez;CF;71,0;70,54455046415752;71;0,0;0,45544953584247594
57999;L. Sandoval;CF;71,0;71,10196253286342;71;0,0;0,10196253286342483
58076;D. López;CF;76,0;76,22458409858172;76;0,0;0,22458409858171535
58165;M. Fonseca;CF;68,0;68,46133925245984;68;0,0;0,46133925245983676
58192;J. Angulo;CF;62,0;62,396167329361525;62;0,0;0,3961673293615249
58206;C. Ortiz;CF;65,0;65,20650273385128;65;0,0;0,2065027338512806
58222;B. Salinardi;CF;62,0;61,96152184507663;62;0,0;0,038478154923367924
58257;A. Alcaraz;CF;72,0;72,16958793125383;72;0,0;0,16958793125382954
58261;J. Velásquez;CF;66,0;65,8085598723291;66;0,0;0,19144012767090146
58264;D. Romero;CF;68,0;67,5413923653879;68;0,0;0,4586076346120933
58305;J. Candia;CF;67,0;67,49102226178296;67;0,0;0,49102226178295894
58323;B. Sepúlveda;CF;71,0;70,94896943108951;71;0,0;0,05103056891049107
58335;G. Aguilar;CF;67,0;66,55086578631479;67;0,0;0,44913421368521256
58348;S. Gassama;CF;68,0;67,58061159260797;68;0,0;0,4193884073920344
58369;R. Sarli;CF;60,0;59,84303068656395;60;0,0;0,15696931343605058
58653;A. Milik;CF;75,0;75,09871928401375;75;0,0;0,09871928401375385
58759;Gabi;CF;74,0;73,98324263849125;74;0,0;0,016757361508751956
58840;Morales;CF;74,0;74,49711979965986;74;0,0;0,4971197996598562
59201;J. Ingratti;CF;59,0;58,5114611409721;59;0,0;0,48853885902789784
59459;L. Díaz;CF;70,0;70,1663176337324;70;0,0;0,1663176337324046
59476;C. González;CF;74,0;73,87142667021023;74;0,0;0,12857332978977354
59749;Y. Bolasie;CF;69,0;68,68969470840347;69;0,0;0,31030529159653497
60062;G. Carrillo;CF;75,0;74,89891813269092;75;0,0;0,10108186730907676
60143;L. Alario;CF;72,0;71,72828114928551;72;0,0;0,27171885071449253
60169;R. Contreras;CF;70,0;69,67686983825229;70;0,0;0,3231301617477129
60331;F. Girotti;CF;73,0;73,05142379300719;73;0,0;0,05142379300718858
60375;D. Fernández;CF;60,0;60,117811206230684;60;0,0;0,11781120623068375
60527;E. Haaland;CF;91,0;91,0600667757952;91;0,0;0,060066775795206695
60596;P. Vegetti;CF;77,0;76,62461647555912;77;0,0;0,37538352444087764
60614;Pablo Felipe;CF;74,0;73,75654328261308;74;0,0;0,24345671738691976
60618;Deyverson;CF;73,0;73,13062943283715;73;0,0;0,13062943283715356
60622;M. Braithwaite;CF;75,0;74,54075122928681;75;0,0;0,45924877071318804
60631;I. Pussetto;CF;70,0;70,25075500707476;70;0,0;0,2507550070747584
60657;J. Calleri;CF;76,0;75,98998050527693;76;0,0;0,010019494723067623
60667;E. Triverio;CF;68,0;67,62594126898452;68;0,0;0,3740587310154808
60683;M. Tissera;CF;69,0;68,723600465557;69;0,0;0,27639953444300147
60704;E. Copetti;CF;69,0;68,83605664670694;69;0,0;0,16394335329306386
60892;Arthur Cabral;CF;74,0;74,46663583722697;74;0,0;0,4666358372269741
60896;C. Kostoulas;CF;72,0;71,80026674069362;72;0,0;0,19973325930638453
61000;Á. Arce;CF;73,0;73,22349458126597;73;0,0;0,22349458126596744
61035;S. Driussi;CF;72,0;72,53931658038395;73;1,0;0,5393165803839537
61118;F. Fydriszewski;CF;72,0;71,59667673241778;72;0,0;0,40332326758222337
61167;H. Sandoval;CF;64,0;63,78461079881684;64;0,0;0,2153892011831573
63293;Ferran Jutglà;CF;75,0;74,63240380134125;75;0,0;0,36759619865874527
63350;L. Giménez;CF;66,0;65,92919816955886;66;0,0;0,07080183044114108
63413;G. Ávalos;CF;72,0;71,81345953577627;72;0,0;0,18654046422372517
63426;D. Pintér;CF;59,0;59,272596036025504;59;0,0;0,2725960360255044
63428;G. Lencina;CF;68,0;67,61952387354567;68;0,0;0,38047612645432594
63442;V. Muriqi;CF;79,0;79,4853445084821;79;0,0;0,4853445084821004
63447;M. Martínez;CF;80,0;80,18199236869454;80;0,0;0,18199236869453728
63511;F. Domínguez;CF;63,0;62,66220833080261;63;0,0;0,33779166919738657
65151;L. Amarilla;CF;71,0;70,98253337968042;71;0,0;0,01746662031958124
65258;M. Santos;CF;71,0;70,54177826582928;71;0,0;0,45822173417072065
100196;Kike García;CF;76,0;75,9612325343574;76;0,0;0,038767465642592924
100269;E. Torres;CF;71,0;71,27079324920895;71;0,0;0,27079324920894976
100413;M. Giménez;CF;72,0;72,22125635838385;72;0,0;0,2212563583838545
100443;P. Esposito;CF;74,0;74,08699104339597;74;0,0;0,08699104339596886
100516;T. Borbas;CF;71,0;70,68024093112776;71;0,0;0,31975906887224426
100639;F. Bruera;CF;71,0;70,60561317021812;71;0,0;0,39438682978187956
100809;Ayoze;CF;81,0;81,2163947788357;81;0,0;0,21639477883570635
100898;L. Openda;CF;81,0;81,23877353872903;81;0,0;0,23877353872903484
101359;A. Barnes;CF;71,0;70,74169883050122;71;0,0;0,2583011694987789
101399;F. Sartori;CF;70,0;70,14620516487284;70;0,0;0,14620516487283908
101755;N. Füllkrug;CF;77,0;76,73801842584575;77;0,0;0,26198157415424816
101863;M. Espinoza P.;CF;61,0;60,96600672494013;61;0,0;0,0339932750598706
102036;Raykkonen;CF;63,0;63,507161927724965;64;1,0;0,5071619277249653
102046;N. Cordero;CF;66,0;66,19320587248897;66;0,0;0,19320587248897425
102052;O. Rivero;CF;73,0;73,17764695089976;73;0,0;0,17764695089975646
102060;L. Vázquez;CF;70,0;70,33508608653884;70;0,0;0,335086086538837
102097;Guruzeta;CF;78,0;77,58900761316852;78;0,0;0,41099238683148087
102611;L. Fernández;CF;69,0;68,8596209292915;69;0,0;0,14037907070850508
102692;C. Wilson;CF;77,0;76,64619097036595;77;0,0;0,3538090296340499
102719;P. Schick;CF;84,0;84,43408460562772;84;0,0;0,4340846056277172
102742;Borja Iglesias;CF;81,0;80,6571265549067;81;0,0;0,34287344509330353
102782;J. Correa;CF;74,0;74,15396981982957;74;0,0;0,1539698198295696
103294;Renato Marques;CF;64,0;64,1031357139514;64;0,0;0,10313571395140286
103440;L. Passerini;CF;71,0;71,23086278119172;71;0,0;0,23086278119171766
103449;J. Álvarez;CF;84,0;84,16838401591914;84;0,0;0,16838401591914476
103453;Raúl García;CF;74,0;74,40627737887796;74;0,0;0,40627737887795945
103513;L. Delap;CF;77,0;77,26340365398617;77;0,0;0,26340365398617394
103582;L. Boyé;CF;75,0;75,29712064169608;75;0,0;0,29712064169608254
103619;Alemão;CF;74,0;73,90609405075074;74;0,0;0,09390594924926177
103643;V. Gandín;CF;58,0;59,640070003008475;60;2,0;1,640070003008475
103677;John Kennedy;CF;72,0;71,81923159973182;72;0,0;0,1807684002681782
104124;W. Bou;CF;71,0;71,20279932143634;71;0,0;0,20279932143634483
104284;Carlinhos;CF;67,0;67,36563882308067;67;0,0;0,36563882308067264
104293;F. Anselmo;CF;64,0;63,693426625811696;64;0,0;0,30657337418830366
104541;R. Borré;CF;74,0;73,99299729549274;74;0,0;0,007002704507257818
104661;K. Barría;CF;67,0;66,89725103529707;67;0,0;0,1027489647029256
104680;D. Solanke;CF;79,0;78,57628269481472;79;0,0;0,42371730518527784
104794;V. Gyökeres;CF;85,0;84,75901147549564;85;0,0;0,2409885245043597
105131;B. Romero;CF;72,0;72,42487154395891;72;0,0;0,4248715439589148
105188;G. Flores;CF;62,0;62,203510783978146;62;0,0;0,20351078397814604
105202;L. Gamba;CF;68,0;67,91215950024842;68;0,0;0,0878404997515787
105220;L. Díaz;CF;71,0;70,87537165539418;71;0,0;0,12462834460582428
105276;M. Romero;CF;71,0;71,33165711616509;71;0,0;0,33165711616508986
105310;S. Giordana;CF;69,0;69,30942535327696;69;0,0;0,3094253532769642
105313;F. Londoño;CF;66,0;66,49983974074983;66;0,0;0,4998397407498345
105322;E. Ramírez;CF;67,0;67,05149424994228;67;0,0;0,051494249942280135
105391;B. Gerez;CF;59,0;59,03601417076233;59;0,0;0,03601417076232849
105520;C. Tarragona;CF;72,0;72,27874655572865;72;0,0;0,27874655572864526
105583;T. Nasif;CF;70,0;69,44016000796785;69;1,0;0,5598399920321526
106604;Carlos Vinícius;CF;79,0;79,28709694234942;79;0,0;0,2870969423494216
106609;Bruno Henrique;CF;76,0;76,39386203029954;76;0,0;0,3938620302995446
107032;Carlos Martín;CF;69,0;68,6386667909586;69;0,0;0,36133320904140476
107271;Tiquinho Soares;CF;72,0;72,08813518565273;72;0,0;0,0881351856527317
107590;B. Šeško;CF;79,0;79,28496700562246;79;0,0;0,28496700562246247
107654;Rony;CF;72,0;71,64501010038494;72;0,0;0,3549898996150631
107674;Guedes;CF;75,0;75,02174018660831;75;0,0;0,02174018660831223
107854;E. Ünal;CF;75,0;75,07874995462123;75;0,0;0,07874995462123024
107904;A. Bonny;CF;77,0;77,05928751178186;77;0,0;0,05928751178186076
107990;M. Cauteruccio;CF;74,0;73,450964241446;73;1,0;0,5490357585539982
108069;M. Thuram;CF;84,0;84,4212858258949;84;0,0;0,4212858258948984
108200;Gabriel Jesus;CF;80,0;79,9067056600661;80;0,0;0,09329433993390523
108226;Borja Mayoral;CF;77,0;77,10079439297701;77;0,0;0,10079439297700787
108432;M. Cassierra;CF;74,0;74,51884899881466;75;1,0;0,5188489988146614
108657;L. Martínez;CF;87,0;86,74895129098081;87;0,0;0,2510487090191873
108745;M. Estigarribia;CF;68,0;68,08096624796406;68;0,0;0,08096624796405649
108767;R. Rodríguez;CF;69,0;68,63197556579583;69;0,0;0,3680244342041732
108878;Evanilson;CF;80,0;79,72712277277131;80;0,0;0,27287722722869034
108880;D. Pizarro;CF;68,0;68,11353228591223;68;0,0;0,1135322859122283
108983;Nathan Fogaça;CF;68,0;68,12301723104851;68;0,0;0,12301723104850737
109131;L. Foster;CF;72,0;72,50912254206588;73;1,0;0,5091225420658816
109162;A. González;CF;64,0;64,13425418971424;64;0,0;0,13425418971424108
109250;Dell;CF;63,0;62,861458539893825;63;0,0;0,1385414601061754
109343;André Silva;CF;75,0;75,30333790419273;75;0,0;0,30333790419273043
109474;G. Mikautadze;CF;77,0;77,38178961684058;77;0,0;0,3817896168405781
109583;D. Romero;CF;72,0;71,53686771776589;72;0,0;0,4631322822341133
109585;W. Osula;CF;71,0;71,01280438191854;71;0,0;0,012804381918542163
109846;M. Gómez;CF;75,0;75,20069941303787;75;0,0;0,2006994130378672
109996;Beto;CF;75,0;74,90484171315742;75;0,0;0,09515828684257599
110211;A. Ruberto;CF;73,0;72,51579862877988;73;0,0;0,48420137122012363
110303;A. Budimir;CF;82,0;81,87198918256158;82;0,0;0,12801081743842246
110570;E. Mayenda;CF;72,0;72,20838588039742;72;0,0;0,20838588039741524
110596;Oyarzabal;CF;79,0;79,00456330700577;79;0,0;0,0045633070057675695
110626;O. Dembélé;CF;87,0;86,98649715788125;87;0,0;0,013502842118754188
110635;Rafa Mir;CF;75,0;75,25706629208442;75;0,0;0,2570662920844171
110704;A. Colazo;CF;65,0;64,93697960088383;65;0,0;0,0630203991161693
110718;K. Mbappé;CF;91,0;91,00396796890406;91;0,0;0,003967968904063923
110838;A. Sørloth;CF;81,0;81,35986687644149;81;0,0;0,35986687644148674
110866;Richarlison;CF;78,0;78,35360464821638;78;0,0;0,3536046482163755
110904;Eduardo Sasha;CF;73,0;73,0570721688185;73;0,0;0,057072168818493196
110947;E. Ferguson;CF;75,0;74,6859713716716;75;0,0;0,3140286283284013
110988;P. Magnín;CF;67,0;67,07409755709351;67;0,0;0,07409755709350918
111066;A. Bareiro;CF;74,0;73,51906774217613;74;0,0;0,4809322578238664
111214;Kaio Jorge;CF;79,0;78,7269635304987;79;0,0;0,27303646950130656
111286;R. López;CF;71,0;71,0322876269757;71;0,0;0,032287626975701755
111289;Adrián Liso;CF;69,0;69,51269015688703;70;1,0;0,5126901568870323
111324;T. Molina;CF;74,0;73,62669549247532;74;0,0;0,37330450752467925
111336;Isaac Romero;CF;74,0;73,77863468203898;74;0,0;0,22136531796101622
111343;Mariano;CF;70,0;70,37567629714573;70;0,0;0,3756762971457306
111356;Felipe Vizeu;CF;71,0;71,24704712085573;71;0,0;0,24704712085572567
111408;Pedro;CF;81,0;81,05465276475915;81;0,0;0,05465276475915459
111427;D. Godoy;CF;67,0;67,13561043412078;67;0,0;0,13561043412077822
111915;A. Armstrong;CF;72,0;72,0769095718948;72;0,0;0,0769095718948023
111963;D. Porcel;CF;66,0;65,83252241305424;66;0,0;0,16747758694576476
112283;João Pedro;CF;67,0;67,13743523983452;67;0,0;0,13743523983451666
112509;I. Diabaté;CF;71,0;70,88823338200366;71;0,0;0,11176661799633791
112514;H. Ekitike;CF;86,0;85,79827813316462;86;0,0;0,20172186683538484
112589;Aitor Mañas;CF;64,0;64,17174522764074;64;0,0;0,1717452276407414
112593;W. Isidor;CF;74,0;73,99509337070548;74;0,0;0,004906629294524123
112608;Pau Cabanes;CF;64,0;63,925652570289756;64;0,0;0,07434742971024377
112745;Renan Peixoto;CF;68,0;68,46364810131531;68;0,0;0,4636481013153144
112888;U. Fernández;CF;72,0;71,66545727563566;72;0,0;0,33454272436433996
112943;A. Azócar;CF;66,0;66,10583919057008;66;0,0;0,10583919057008018
113040;N. Bustos;CF;70,0;69,82807524302326;70;0,0;0,17192475697673615
113041;V. Ramis;CF;64,0;63,782084083335434;64;0,0;0,2179159166645661
113066;T. Abraham;CF;77,0;76,63600413480799;77;0,0;0,36399586519200966
113070;A. Lotti;CF;69,0;69,28045561329199;69;0,0;0,2804556132919913
113127;João Pedro;CF;80,0;79,7062240265795;80;0,0;0,29377597342049455
113495;A. Gaich;CF;70,0;69,91363502000185;70;0,0;0,08636497999815163
113502;Y. Wissa;CF;79,0;79,0585967118916;79;0,0;0,05859671189159599
113604;Toni Martínez;CF;75,0;75,32124573434632;75;0,0;0,32124573434632
113633;F. Oviedo;CF;67,0;67,32463337072484;67;0,0;0,32463337072483966
113770;Everaldo;CF;71,0;70,53436899700111;71;0,0;0,46563100299889015
113918;I. Pitta;CF;72,0;71,53180944767861;72;0,0;0,4681905523213885
113981;Maroan;CF;72,0;72,2759288883742;72;0,0;0,27592888837419594
114000;T. Awoniyi;CF;75,0;74,98766384785952;75;0,0;0,012336152140477452
114016;M. Terrier;CF;77,0;77,1099622796446;77;0,0;0,10996227964460559
114075;M. Guiu;CF;72,0;71,86336124453747;72;0,0;0,13663875546252768
114092;A. Hausch;CF;66,0;66,15564905685324;66;0,0;0,15564905685323538
114232;Pablo Durán;CF;74,0;73,94198780036493;74;0,0;0,05801219963507265
114315;A. Dovbyk;CF;81,0;81,03769343473793;81;0,0;0,03769343473793185
114325;I. Morales;CF;69,0;68,63352024796365;69;0,0;0,36647975203635497
114372;G. Cano;CF;78,0;78,39609894593957;78;0,0;0,3960989459395705
114375;M. Merentiel;CF;77,0;77,11575343374575;77;0,0;0,11575343374575198
114422;Sergio Camello;CF;73,0;73,3457485013766;73;0,0;0,3457485013766046
114463;T. Oluwaseyi;CF;71,0;70,76412591217365;71;0,0;0,2358740878263461
114503;Igor Jesus;CF;77,0;76,70319952196414;77;0,0;0,2968004780358626
114546;L. Gutiérrez;CF;64,0;63,95839312272781;64;0,0;0,04160687727218715
114558;F. Colidio;CF;73,0;73,07644073999249;73;0,0;0,07644073999249201
114564;Brenner;CF;72,0;72,02600342643878;72;0,0;0,026003426438776955
114576;B. Brobbey;CF;75,0;74,77171320256559;75;0,0;0,22828679743440716
114577;J. Mateta;CF;79,0;79,44646400861288;79;0,0;0,44646400861287816
114597;Mateo Joseph;CF;70,0;70,08297035114823;70;0,0;0,08297035114823359
114633;I. Mammini;CF;66,0;66,21733827122834;66;0,0;0,2173382712283427
114643;J. David;CF;80,0;80,08382881291838;80;0,0;0,08382881291838373
114663;Calvert-Lewin;CF;75,0;75,11790132488686;75;0,0;0,11790132488685856
114714;S. Giménez;CF;77,0;76,74204985091454;77;0,0;0,25795014908545966
114786;J. Caicedo;CF;72,0;72,2141921253823;72;0,0;0,21419212538229715
114800;A. Adams;CF;74,0;73,68680892202345;74;0,0;0,31319107797655477
114936;R. Fernández;CF;74,0;74,36081991834267;74;0,0;0,3608199183426706
115030;M. Luna Diale;CF;68,0;68,17115389688968;68;0,0;0,17115389688967753
115079;A. Isak;CF;86,0;85,64544232448074;86;0,0;0,3545576755192599
115153;M. Beier;CF;78,0;78,42258473061499;78;0,0;0,4225847306149859
115176;V. Castellanos;CF;78,0;77,95060955014257;78;0,0;0,04939044985742669
115183;V. Dávila;CF;66,0;66,1013170752401;66;0,0;0,1013170752401038
115254;R. Kolo Muani;CF;79,0;78,69533776112517;79;0,0;0,30466223887482613
115330;M. Brondo;CF;68,0;67,97540480666356;68;0,0;0,024595193336438115
115336;L. Beltrán;CF;74,0;74,26729862680314;74;0,0;0,2672986268031394
115393;C. Abeldaño;CF;65,0;65,48204615989863;65;0,0;0,48204615989862987
115543;B. Barticciotto;CF;72,0;71,63173198227767;72;0,0;0,368268017722329
115655;C. Kofane;CF;74,0;73,88998915625886;74;0,0;0,11001084374113645
115785;C. Spinelli;CF;71,0;71,21987736000645;71;0,0;0,21987736000644986
115873;Wallace Yan;CF;63,0;62,80580709479311;63;0,0;0,19419290520689003
115903;L. González;CF;62,0;61,57751387606244;62;0,0;0,4224861239375599
115907;F. Jara;CF;72,0;71,63528508414214;72;0,0;0,36471491585786
115923;Renan Viana;CF;63,0;62,94400454070273;63;0,0;0,055995459297271566
115930;Igor Thiago;CF;79,0;78,67664876805586;79;0,0;0,3233512319441445
115935;R. Rodrigues;CF;68,0;67,63934250953523;68;0,0;0,36065749046477436
115990;Mateus Mané;CF;69,0;68,60946390295682;69;0,0;0,3905360970431815
116203;A. Véliz;CF;72,0;71,53375209226623;72;0,0;0,46624790773377356
116450;L. Lucca;CF;73,0;73,03417697587443;73;0,0;0,03417697587443058
116451;A. Cuello;CF;71,0;70,87920552613119;71;0,0;0,1207944738688127
116485;Yuri Alberto;CF;75,0;75,18421200681466;75;0,0;0,18421200681466132
116489;Karrikaburu;CF;69,0;68,81608094221343;69;0,0;0,18391905778656792
116500;D. Díaz;CF;68,0;68,01729818400027;68;0,0;0,017298184000267725
116577;Abel Ruiz;CF;73,0;72,92765703996996;73;0,0;0,07234296003004204
116588;G. Rodríguez;CF;67,0;67,30357261676676;67;0,0;0,3035726167667576
116604;M. Giménez;CF;71,0;71,02783587820468;71;0,0;0,027835878204683695
116620;G. Morales;CF;69,0;69,36806161364775;69;0,0;0,3680616136477539
116672;A. Osorio;CF;68,0;68,41430647195637;68;0,0;0,4143064719563654
116676;V. Vanat;CF;77,0;77,20730559827354;77;0,0;0,20730559827353545
116696;F. Jainikoski;CF;66,0;66,53785681635625;67;1,0;0,5378568163562534
116803;D. Vlahović;CF;80,0;79,92725705922663;80;0,0;0,07274294077336663
117335;M. Arezo;CF;74,0;74,17535321469168;74;0,0;0,17535321469168252
117469;T. Perrotta;CF;66,0;65,73404828663077;66;0,0;0,2659517133692333
117501;C. Arango;CF;76,0;76,32250534902334;76;0,0;0,32250534902334493
117507;Vitor Roque;CF;80,0;79,73030703066813;80;0,0;0,2696929693318708
117510;D. Herazo;CF;69,0;68,97126114518457;69;0,0;0,028738854815429704
117520;Abdón Prats;CF;73,0;72,90211851191687;73;0,0;0,09788148808313224
117531;Á. Valera;CF;76,0;75,61791964870724;76;0,0;0,38208035129275686
117539;Paulinho;CF;77,0;76,92501197871552;77;0,0;0,0749880212844829
117552;Asier Hierro;CF;63,0;62,5595153656505;63;0,0;0,44048463434950236
117588;André Henrique;CF;66,0;66,23866333628854;66;0,0;0,23866333628853909
117593;J. López;CF;78,0;77,97845054920793;78;0,0;0,021549450792065272
117632;G. Berterame;CF;78,0;77,77499509286878;78;0,0;0,2250049071312219
117670;Á. Rodríguez;CF;72,0;71,87979936864882;72;0,0;0,12020063135118164
117674;K. Etta Eyong;CF;72,0;72,04070632058054;72;0,0;0,04070632058054002
117775;J. Flores;CF;64,0;64,00530415760126;64;0,0;0,0053041576012589076
117799;Pedro Henrique;CF;72,0;72,05812818650564;72;0,0;0,05812818650564111
117901;Joel Roca;CF;70,0;69,73981334108966;70;0,0;0,2601866589103423
117916;E. Nketiah;CF;75,0;74,74114628113534;75;0,0;0,2588537188646569
117934;Cucho Hernández;CF;77,0;76,9053504552408;77;0,0;0,09464954475920706
117985;Gonzalo;CF;70,0;70,40468907159257;70;0,0;0,4046890715925713
117987;J. Freitas;CF;67,0;66,83286563901727;67;0,0;0,16713436098272894
118009;K. Retamar;CF;69,0;69,42223286932513;69;0,0;0,4222328693251285
118026;M. Salas;CF;74,0;73,71679625218061;74;0,0;0,2832037478193854
118042;O. Watkins;CF;80,0;80,38921355667108;80;0,0;0,3892135566710806
118081;A. Díaz;CF;69,0;68,61917086783448;69;0,0;0,38082913216551617
118155;J. Arias;CF;65,0;64,9944470127659;65;0,0;0,005552987234096918
118209;Brugui;CF;72,0;71,67001946345077;72;0,0;0,329980536549229
118253;Zito Luvumbo;CF;69,0;69,2242151831311;69;0,0;0,22421518313109345
118262;O. Marmoush;CF;81,0;80,66393771176155;81;0,0;0,33606228823845186
118264;M. Méndez;CF;71,0;71,34146398901528;71;0,0;0,3414639890152813
118339;D. Reasco;CF;71,0;70,81438614195511;71;0,0;0,1856138580448885
118354;Iván Romero;CF;73,0;72,640613715877;73;0,0;0,3593862841230049
118365;L. Heredia;CF;68,0;67,9944435751402;68;0,0;0,005556424859804565
118370;T. Gigena;CF;59,0;59,094951512780234;59;0,0;0,09495151278023428
118491;N. Woltemade;CF;80,0;79,60837382950294;80;0,0;0,3916261704970623
118518;Izeta;CF;72,0;71,86574490547508;72;0,0;0,13425509452491724
118527;K. Havertz;CF;81,0;80,63413738060132;81;0,0;0,36586261939868336
118553;M. Cóccaro;CF;69,0;68,9911304743863;69;0,0;0,008869525613704354
118563;N. Jackson;CF;78,0;78,41915653760518;78;0,0;0,41915653760517557
118576;R. Martínez;CF;72,0;72,4394292299127;72;0,0;0,4394292299127045
118599;O. Óskarsson;CF;73,0;73,27148070063166;73;0,0;0,2714807006316562
118619;Ryan Francisco;CF;66,0;65,57489124761173;66;0,0;0,42510875238826884
118633;K. Furo;CF;65,0;64,51567364952098;65;0,0;0,48432635047902295
118663;R. Højlund;CF;79,0;78,76062069729348;79;0,0;0,2393793027065243
118712;L. Varaldo;CF;68,0;67,74514682837972;68;0,0;0,2548531716202831
118726;L. Nmecha;CF;75,0;74,7904347540886;75;0,0;0,20956524591140635
118837;Renato Kayser;CF;71,0;71,42263245853624;71;0,0;0,422632458536242
118934;Carlos Espí;CF;69,0;69,08135888862046;69;0,0;0,08135888862045704
118968;Hugo Duro;CF;79,0;78,70824362271233;79;0,0;0,291756377287669
118980;A. Boayar;CF;63,0;62,59791568262709;63;0,0;0,4020843173729105
119118;R. Vaz;CF;69,0;68,89915816400851;69;0,0;0,10084183599148844
119134;Gui Negão;CF;71,0;71,11959476953638;71;0,0;0,11959476953637704
119780;J. Marabel;CF;70,0;69,78711788689405;70;0,0;0,21288211310594818
119885;N. Fraser;CF;65,0;64,54595018133932;65;0,0;0,4540498186606783
119886;F. Viñas;CF;72,0;72,21963516173082;72;0,0;0,21963516173082098
120360;Álex Forés;CF;69,0;69,46803704773733;69;0,0;0,4680370477373259
120380;J. S. Larsen;CF;76,0;76,34292820683198;76;0,0;0,342928206831985
121238;Chris Ramos;CF;74,0;73,57372359037132;74;0,0;0,4262764096286844
121945;A. Broja;CF;73,0;73,0327559180223;73;0,0;0,032755918022303376
121968;D. Valencia;CF;70,0;69,57508549474697;70;0,0;0,4249145052530281
121998;B. Dadín;CF;68,0;67,57978561340548;68;0,0;0,42021438659452315
122005;N. Okafor;CF;74,0;74,30645196978051;74;0,0;0,30645196978051104
122033;A. Rodríguez;CF;67,0;66,82513233191861;67;0,0;0,1748676680813901
122037;D. Otoya;CF;64,0;63,87922906469331;64;0,0;0,12077093530668748
122288;J. Paredes;CF;64,0;64,2571531911427;64;0,0;0,25715319114270585
123077;R. Auzmendi;CF;69,0;68,99805096946903;69;0,0;0,0019490305309659561
124268;J. Tévez;CF;70,0;70,28446166075562;70;0,0;0,28446166075562473
262997;A. Morelos;CF;74,0;74,37029540185969;74;0,0;0,3702954018596927
263107;K. Viveros;CF;75,0;74,84810625039565;75;0,0;0,15189374960435487
263889;F. Batista;CF;72,0;72,0075466733771;72;0,0;0,007546673377106572
303384;M. Silvera;CF;72,0;71,6853754299632;72;0,0;0,31462457003679845
325519;A. Abdullahi;CF;61,0;60,98779132746119;61;0,0;0,012208672538811527
325544;N. Guerra;CF;69,0;68,87193338910643;69;0,0;0,12806661089356908
370016;A. Villareal;CF;61,0;61,40588128963845;61;0,0;0,40588128963845094
370144;Z. Amdouni;CF;73,0;73,00854433819578;73;0,0;0,008544338195775936
370190;Fábio Silva;CF;78,0;78,27943704460223;78;0,0;0,27943704460223273
372424;J. Herrera;CF;71,0;70,85807286495822;71;0,0;0,141927135041783
376471;J. Bolívar;CF;67,0;67,15654249898732;67;0,0;0,15654249898732076
376737;F. Noguera;CF;57,0;57,029404966221605;57;0,0;0,029404966221605378
376971;R. Acuña Vera;CF;62,0;62,514981107238036;63;1,0;0,5149811072380359
377440;M. Hoyos;CF;67,0;67,02845553165953;67;0,0;0,02845553165953163
379715;D. Churín;CF;69,0;69,24225393713986;69;0,0;0,2422539371398642
380132;Í. Ávila;CF;70,0;69,92249497733634;70;0,0;0,077505022663658
1073756862;Hulk;CF;76,0;76,0819403518026;76;0,0;0,08194035180260073
1073757878;Hwang Hee Chan;CF;74,0;73,55743682287115;74;0,0;0,4425631771288465
1073847883;A. Auzmendi;CF;70,0;69,58668121847681;70;0,0;0,4133187815231878
1073857253;R. Kida;CF;64,0;63,52950012891748;64;0,0;0,47049987108251656
4882;J. Milner;CMF;73,0;73,29856800796121;73;0,0;0,2985680079612081
7873;Y. Fofana;CMF;79,0;78,73980591704164;79;0,0;0,260194082958364
9238;M. Ramírez;CMF;62,0;61,90557950237259;62;0,0;0,09442049762741078
33878;C. Faya;CMF;65,0;65,50544281120196;66;1,0;0,5054428112019593
34098;L. Modrić;CMF;85,0;84,925458100807;85;0,0;0,07454189919299381
35138;F. Ugrinić;CMF;72,0;72,00328318971329;72;0,0;0,0032831897132865606
35250;É. Banega;CMF;74,0;73,82717309463085;74;0,0;0,17282690536914913
35880;J. Sosa;CMF;71,0;71,40627401663387;71;0,0;0,40627401663387275
36336;M. Amarfil;CMF;70,0;70,17819787291766;70;0,0;0,1781978729176643
36714;A. Vidal;CMF;67,0;67,22987333207156;67;0,0;0,22987333207156269
38779;Parejo;CMF;79,0;79,12732955742877;79;0,0;0,12732955742876584
38816;João Gomes;CMF;76,0;75,7036535891223;76;0,0;0,2963464108777032
39238;C. Gallagher;CMF;80,0;80,21944936819428;80;0,0;0,21944936819427596
39801;Y. Herrera;CMF;79,0;79,04082821239236;79;0,0;0,04082821239235557
39936;H. Mkhitaryan;CMF;81,0;81,28032211703845;81;0,0;0,2803221170384518
40456;A. Herrera;CMF;75,0;74,81929485774836;75;0,0;0,18070514225163947
41120;T. Cairney;CMF;73,0;73,17667429294583;73;0,0;0,17667429294583314
41209;Patrick;CMF;68,0;67,7836488232645;68;0,0;0,21635117673550042
41451;C. Aránguiz;CMF;74,0;73,64329711757387;74;0,0;0,35670288242613424
42181;F. Gaibor;CMF;69,0;69,0888831398392;69;0,0;0,08888313983919716
42424;G. Xhaka;CMF;82,0;82,32514312542747;82;0,0;0,3251431254274735
43135;M. Kovačić;CMF;85,0;84,62170896991556;85;0,0;0,37829103008444065
43441;Rodriguinho;CMF;66,0;65,78537324015377;66;0,0;0,21462675984622592
43814;F. Mancuello;CMF;69,0;69,21829360200995;69;0,0;0,2182936020099504
43988;Danielzinho;CMF;75,0;74,78496097839553;75;0,0;0,21503902160446842
44006;M. García;CMF;64,0;64,3707863851328;64;0,0;0,3707863851328028
44702;R. Barkley;CMF;77,0;76,52378023395362;77;0,0;0,47621976604638405
44743;M. Jensen;CMF;76,0;76,4481190096888;76;0,0;0,4481190096887957
44766;R. Christie;CMF;76,0;75,58457941399661;76;0,0;0,4154205860033926
44797;J. Florentín;CMF;69,0;69,13298379346554;69;0,0;0,13298379346554157
45081;H. Diarra;CMF;76,0;76,05542083082494;76;0,0;0,05542083082494287
45633;Alex Santana;CMF;67,0;67,05134656036549;67;0,0;0,0513465603654879
45780;B. Ndiaye;CMF;63,0;63,32449339000196;63;0,0;0,32449339000196176
45823;M. Vecino;CMF;74,0;74,23838584432613;74;0,0;0,23838584432613175
46025;Jádson;CMF;70,0;70,39236438667143;70;0,0;0,3923643866714315
46536;J. Ward-Prowse;CMF;73,0;72,92310777625755;73;0,0;0,07689222374244764
46570;Y. Yotún;CMF;67,0;67,47163498305355;67;0,0;0,4716349830535478
46780;Pablo Barrios;CMF;83,0;82,9416170240736;83;0,0;0,05838297592640629
46829;M. Río;CMF;73,0;72,58512454227262;73;0,0;0,41487545772737633
47051;A. Rabiot;CMF;82,0;81,96388015442948;82;0,0;0,036119845570524944
47080;A. Ararat;CMF;59,0;58,801980650950455;59;0,0;0,1980193490495452
47183;Alberto Reina;CMF;73,0;72,57159320625904;73;0,0;0,4284067937409617
47374;P. Zieliński;CMF;81,0;80,99359682079779;81;0,0;0,00640317920220923
47568;Paulinho Paula;CMF;71,0;71,4511020939403;71;0,0;0,45110209394030676
47812;Ronald;CMF;69,0;68,67098575335334;69;0,0;0,3290142466466648
47911;G. Costantini;CMF;66,0;65,96180902391339;66;0,0;0,03819097608661082
47929;L. Gómez;CMF;64,0;64,07022743517005;64;0,0;0,07022743517005381
53520;F. Ángel;CMF;67,0;66,90756309387186;67;0,0;0,09243690612814248
53589;J. Méndez;CMF;71,0;70,92487431299749;71;0,0;0,07512568700251165
54113;M. Zepeda;CMF;60,0;60,10919585996771;60;0,0;0,10919585996771275
54168;L. Couture;CMF;62,0;62,05179244511514;62;0,0;0,05179244511514014
54384;R. Briones;CMF;68,0;67,75430797022013;68;0,0;0,2456920297798746
54388;P. Mercado;CMF;73,0;73,44128663080313;73;0,0;0,441286630803134
54394;M. Cáceres;CMF;71,0;71,21266424892706;71;0,0;0,21266424892705516
54416;Omar Mascarell;CMF;74,0;73,76004917397137;74;0,0;0,2399508260286325
54441;A. Silva;CMF;67,0;66,64509414202108;67;0,0;0,3549058579789204
54810;A. Tobar;CMF;72,0;72,306621455422;72;0,0;0,3066214554220039
55056;B. González;CMF;64,0;64,26187269575593;64;0,0;0,2618726957559261
55416;K. Mendoza;CMF;64,0;63,54513800216027;64;0,0;0,45486199783972836
55421;C. Martínez;CMF;62,0;61,995010527151855;62;0,0;0,004989472848144771
55531;J. Guzmán;CMF;61,0;61,35997479719894;61;0,0;0,3599747971989373
55661;D. Gómez;CMF;75,0;74,66772962663961;75;0,0;0,33227037336038734
55664;A. Al-Jaber;CMF;64,0;63,670891981586486;64;0,0;0,329108018413514
55710;F. Saucedo;CMF;68,0;67,8462474682853;68;0,0;0,1537525317147015
55712;J. Nieto;CMF;71,0;70,58103237510456;71;0,0;0,41896762489544415
55837;M. Lugo;CMF;68,0;68,32746108981671;68;0,0;0,3274610898167083
55838;J. Medina;CMF;65,0;65,03666079822061;65;0,0;0,03666079822060908
55848;J. Rivas;CMF;68,0;68,35176835463753;68;0,0;0,3517683546375281
55864;F. Catarozzi;CMF;65,0;64,70932700999765;65;0,0;0,29067299000234925
55906;S. Viveros;CMF;63,0;63,05637685024146;63;0,0;0,05637685024146322
55974;D. Victoria;CMF;66,0;66,02280888636105;66;0,0;0,022808886361048053
56022;L. Berrío;CMF;69,0;69,16794222971319;69;0,0;0,16794222971319073
56035;M. García;CMF;70,0;70,47186998379159;70;0,0;0,47186998379159206
56043;J. Zapata;CMF;69,0;69,47355595500503;69;0,0;0,47355595500502545
56067;D. Soto;CMF;65,0;64,98180517509653;65;0,0;0,018194824903474682
56118;I. Poblete;CMF;71,0;71,45193985038068;71;0,0;0,45193985038068263
56175;F. Miretti;CMF;76,0;76,00763255387895;76;0,0;0,007632553878949011
56178;P. Monje;CMF;67,0;66,65054056243554;67;0,0;0,3494594375644624
56188;L. Landriel;CMF;63,0;63,19796362458699;63;0,0;0,1979636245869898
56221;J. Torres;CMF;68,0;68,46373583139284;68;0,0;0,4637358313928388
56253;J. Concha;CMF;73,0;72,71600125573387;73;0,0;0,28399874426612826
57350;Moi Gómez;CMF;77,0;77,02864302090265;77;0,0;0,02864302090264914
57639;Á. Madrid;CMF;70,0;70,16466444387386;70;0,0;0,16466444387386048
57658;F. Cáceres;CMF;70,0;69,71895192760094;70;0,0;0,2810480723990594
57897;G. Villamíl;CMF;71,0;70,55305330002155;71;0,0;0,4469466999784544
57911;M. Céliz;CMF;69,0;69,06508463462046;69;0,0;0,06508463462046166
57917;A. Serna;CMF;68,0;67,76842743106889;68;0,0;0,23157256893111366
57937;L. Bucca;CMF;66,0;66,08922082712628;66;0,0;0,0892208271262831
57993;S. Rivero;CMF;68,0;67,97654709260608;68;0,0;0,023452907393917144
58021;F. Gino;CMF;67,0;67,39953601316796;67;0,0;0,3995360131679604
58087;J. Intriago;CMF;70,0;69,6463218346366;70;0,0;0,35367816536340513
58092;C. Sejas;CMF;65,0;64,53134793316937;65;0,0;0,46865206683062866
58128;C. Villalba;CMF;67,0;67,47152489503654;67;0,0;0,47152489503653783
58156;E. Godoy;CMF;66,0;66,09470654328918;66;0,0;0,0947065432891776
58268;A. Franco;CMF;67,0;66,72461135570263;67;0,0;0,2753886442973652
58271;J. Dominguez;CMF;68,0;68,15797438940848;68;0,0;0,15797438940847996
58285;E. Darias;CMF;71,0;71,32585105730791;71;0,0;0,32585105730791497
58321;H. Rivera;CMF;69,0;68,88072051938218;69;0,0;0,1192794806178199
58330;H. Martínez;CMF;69,0;68,76431063101455;69;0,0;0,23568936898544735
58765;L. Evangelista;CMF;72,0;72,22218518715992;72;0,0;0,22218518715992275
58858;Gustavo Neves;CMF;66,0;66,34463874600955;66;0,0;0,3446387460095508
59188;W. Alarcón;CMF;71,0;70,95406704547703;71;0,0;0,04593295452296786
59229;F. Cornejo;CMF;71,0;71,34547543661081;71;0,0;0,3454754366108119
59399;Nonato;CMF;73,0;72,67323244052368;73;0,0;0,3267675594763233
59714;A. Mac Allister;CMF;84,0;83,59101069033218;84;0,0;0,40898930966781677
59783;Mario Martín;CMF;72,0;71,64054700329456;72;0,0;0,35945299670544273
59801;Y. Tielemans;CMF;84,0;83,60510614154347;84;0,0;0,3948938584565269
59802;L. Dendoncker;CMF;73,0;72,80255190315671;73;0,0;0,19744809684328857
60134;F. Zuqui;CMF;73,0;73,41154608554568;73;0,0;0,4115460855456803
60171;L. Menossi;CMF;69,0;69,45133249685016;69;0,0;0,4513324968501564
60213;M. Duarte;CMF;66,0;66,46424468247287;66;0,0;0,46424468247286654
60241;R. De Paul;CMF;82,0;82,30658492411783;82;0,0;0,30658492411782845
60299;N. Fernández;CMF;73,0;72,52024093393915;73;0,0;0,4797590660608506
60337;L. Gil;CMF;72,0;72,23490066515187;72;0,0;0,23490066515186925
60380;L. Goretzka;CMF;77,0;77,33854863363587;77;0,0;0,33854863363586674
60561;Miguel Román;CMF;73,0;73,2531643075759;73;0,0;0,2531643075759007
60650;F. Perruzzi;CMF;67,0;66,62739216182968;67;0,0;0,3726078381703246
60666;T. Bottari;CMF;69,0;69,48540250137297;69;0,0;0,4854025013729739
60675;R. Carrera;CMF;73,0;72,69261187319854;73;0,0;0,307388126801456
61481;U. Ortegoza;CMF;70,0;69,80187841511786;70;0,0;0,19812158488214493
61527;M. Arambarri;CMF;78,0;78,35282912840295;78;0,0;0,352829128402945
63218;João Cruz;CMF;68,0;67,6714821604002;68;0,0;0,3285178395997974
63235;T. Cravero;CMF;64,0;64,47036982292549;64;0,0;0,4703698229254911
63497;Saúl;CMF;75,0;75,25765833936977;75;0,0;0,2576583393697689
100383;N. El Aynaoui;CMF;75,0;75,30297331686491;75;0,0;0,30297331686490736
100421;Oriol Rey;CMF;73,0;72,85973796018331;73;0,0;0,14026203981669028
100495;Hércules;CMF;73,0;73,24298756238314;73;0,0;0,24298756238313501
100543;Pepelu;CMF;75,0;74,91532953771731;75;0,0;0,08467046228268771
100586;D. Sotelo;CMF;63,0;63,034358929778364;63;0,0;0,034358929778363745
100735;Moncayola;CMF;78,0;77,98472060110629;78;0,0;0,01527939889371055
100935;B. Santamaria;CMF;75,0;74,85349725251243;75;0,0;0,14650274748757397
100967;T. Lemar;CMF;76,0;75,92701608105887;76;0,0;0,07298391894113365
101027;W. Hughes;CMF;76,0;76,03393411410661;76;0,0;0,03393411410661429
101097;H. Çalhanoğlu;CMF;83,0;83,31918890662924;83;0,0;0,31918890662923616
101188;G. Abrego;CMF;69,0;68,92043758003811;69;0,0;0,07956241996188851
101195;S. González;CMF;68,0;68,2047417791334;68;0,0;0,20474177913339986
101485;M. Aleksic;CMF;61,0;61,47453587579923;61;0,0;0,4745358757992335
101600;L. Bergvall;CMF;77,0;76,99244517955051;77;0,0;0,007554820449485078
101838;J. McGinn;CMF;81,0;80,86402902400394;81;0,0;0,13597097599605945
102055;E. Camavinga;CMF;82,0;82,45912629899868;82;0,0;0,45912629899868307
102299;M. Pérez Curci;CMF;64,0;64,53320078171485;65;1,0;0,5332007817148536
102416;Gumbau;CMF;70,0;70,34095609724629;70;0,0;0,3409560972462913
102526;M. Sabitzer;CMF;79,0;78,76424524127384;79;0,0;0,23575475872615925
102707;Unai López;CMF;75,0;75,29842291879142;75;0,0;0,2984229187914167
102829;L. Escalante;CMF;64,0;64,3454158895456;64;0,0;0,3454158895456061
103197;A. Ounahi;CMF;79,0;78,70568419828004;79;0,0;0,29431580171996075
103286;M. Cardillo;CMF;66,0;65,74395870694863;66;0,0;0,2560412930513678
103312;N. Fernández;CMF;70,0;70,10359940960423;70;0,0;0,10359940960422875
103319;N. Oroz;CMF;73,0;72,90308090831596;73;0,0;0,09691909168404322
103372;M. Henrique;CMF;73,0;73,17417661060104;73;0,0;0,1741766106010374
103393;M. Cissé;CMF;63,0;62,918548632576616;63;0,0;0,08145136742338366
103419;J. Nardoni;CMF;76,0;76,00615637690703;76;0,0;0,006156376907028971
103588;Rodrigo Nestor;CMF;73,0;72,719124957606;73;0,0;0,2808750423940012
103613;Mikel Merino;CMF;81,0;81,11083679867427;81;0,0;0,11083679867427065
103656;Joan Jordán;CMF;73,0;73,13970651978477;73;0,0;0,13970651978476667
103686;N. Barella;CMF;86,0;85,97100177173789;86;0,0;0,02899822826211107
103820;S. Lukić;CMF;76,0;76,04987905311009;76;0,0;0,049879053110089444
103886;Olasagasti;CMF;73,0;72,64938703445503;73;0,0;0,35061296554496835
104286;L. Boggio;CMF;72,0;71,99413102191731;72;0,0;0,005868978082688159
104396;C. Pickel;CMF;69,0;69,19599689204551;69;0,0;0,19599689204551396
104519;J. Martínez;CMF;68,0;67,82578926411914;68;0,0;0,17421073588086244
104525;M. Insaurralde;CMF;69,0;68,67660377327867;69;0,0;0,3233962267213286
104527;Gerson;CMF;80,0;79,88722488221946;80;0,0;0,11277511778054361
104710;Dani Ceballos;CMF;80,0;80,2977129913736;80;0,0;0,29771299137360074
104722;R. Loftus-Cheek;CMF;80,0;80,4308591927371;80;0,0;0,4308591927371026
104847;S. Becerra;CMF;59,0;59,218486599950324;59;0,0;0,2184865999503245
105119;E. Ham;CMF;67,0;66,71099310771092;67;0,0;0,2890068922890805
105130;M. Galarza;CMF;72,0;71,7738088400342;72;0,0;0,22619115996579353
105175;A. Soñora;CMF;71,0;71,1756145006639;71;0,0;0,1756145006638974
105233;C. Cabellos;CMF;65,0;64,53205316099191;65;0,0;0,46794683900809275
105326;J. Amoroso;CMF;70,0;70,37652183429468;70;0,0;0,3765218342946781
105359;M. Barrios;CMF;68,0;68,23661425181574;68;0,0;0,23661425181573748
105469;E. Fernández;CMF;85,0;84,58737374923264;85;0,0;0,41262625076736015
106513;E. Martínez;CMF;70,0;70,33293585525958;70;0,0;0,3329358552595778
106571;Matheus Pereira;CMF;72,0;72,4730458386536;72;0,0;0,4730458386536043
106885;J. Gómez Mattar;CMF;65,0;65,01428417387321;65;0,0;0,014284173873207351
107553;K. Mainoo;CMF;77,0;76,73959526673116;77;0,0;0,2604047332688424
107563;A. Scott;CMF;78,0;78,0483337597074;78;0,0;0,048333759707404056
107704;Turrientes;CMF;73,0;73,24852149505958;73;0,0;0,24852149505957755
107851;G. Galoppo;CMF;69,0;69,13205604111663;69;0,0;0,13205604111662694
107911;Javi Muñoz;CMF;73,0;73,10900271144284;73;0,0;0,1090027114428409
108073;Calebe;CMF;72,0;71,57727067184938;72;0,0;0,4227293281506235
108095;L. Miley;CMF;78,0;77,68305008884745;78;0,0;0,3169499111525482
108239;Fabián Ruiz;CMF;85,0;84,94256375614772;85;0,0;0,057436243852279745
108272;Terrats;CMF;75,0;74,89407764424854;75;0,0;0,10592235575145992
108312;Dewsbury-Hall;CMF;77,0;77,28887348121528;77;0,0;0,28887348121527623
108402;Zambo Anguissa;CMF;82,0;81,70773005514226;82;0,0;0,29226994485773616
108591;M. Portillo;CMF;70,0;69,96081821631503;70;0,0;0,03918178368496683
108662;F. De Jong;CMF;88,0;87,91618539073608;88;0,0;0,08381460926392492
108726;M. Pittón;CMF;73,0;72,95214722729241;73;0,0;0,0478527727075857
108758;J. Elías;CMF;73,0;72,89272726987014;73;0,0;0,10727273012986416
108826;Andrey Santos;CMF;78,0;77,7563844131391;78;0,0;0,2436155868608978
108876;Gavi;CMF;84,0;83,98237909774922;84;0,0;0,017620902250783388
108890;R. Lezcano;CMF;68,0;68,42276929218826;68;0,0;0,42276929218826353
108959;D. Rice;CMF;86,0;85,59979649693824;86;0,0;0,40020350306176056
109101;Aleix García;CMF;84,0;84,14807620388339;84;0,0;0,1480762038833916
109152;Rego;CMF;70,0;70,11725539178337;70;0,0;0,11725539178337385
109238;A. Diouf;CMF;73,0;73,22677313918174;73;0,0;0,2267731391817449
109517;L. Sučić;CMF;75,0;74,60179131340736;75;0,0;0,3982086865926391
109709;João Neto;CMF;64,0;64,18103018888185;64;0,0;0,18103018888184863
110154;Felipinho;CMF;65,0;65,1076231359058;65;0,0;0,10762313590579708
110267;Pablo Ibáñez;CMF;72,0;72,45540349832332;72;0,0;0,45540349832332083
110474;C. Alcaraz;CMF;73,0;72,9818943482755;73;0,0;0,018105651724496852
110582;D. Glaby;CMF;70,0;69,55924457521348;70;0,0;0,4407554247865164
110724;André Luiz;CMF;70,0;70,255652379744;70;0,0;0,25565237974400645
110725;Javi Guerra;CMF;76,0;76,17190011440896;76;0,0;0,17190011440895603
110812;D. Sow;CMF;77,0;76,51756832095782;77;0,0;0,482431679042179
110819;K. Koné;CMF;79,0;79,14304301085099;79;0,0;0,14304301085098814
110939;T. Iroegbunam;CMF;75,0;74,95047116191022;75;0,0;0,0495288380897847
110984;M. Seoane;CMF;66,0;65,72980906958585;66;0,0;0,2701909304141452
111045;S. Longstaff;CMF;75,0;75,11918939124948;75;0,0;0,1191893912494777
111049;I. Guaraz;CMF;66,0;65,81943762274763;66;0,0;0,18056237725237168
111071;João Neves;CMF;87,0;87,2853220224788;87;0,0;0,2853220224787947
111200;Maycon;CMF;72,0;71,58834685570162;72;0,0;0,4116531442983842
111212;João Vitor;CMF;66,0;65,54279953859248;66;0,0;0,457200461407524
111263;Eric Ramires;CMF;73,0;72,73583178283019;73;0,0;0,26416821716981076
112015;Carlos Soler;CMF;76,0;75,92515635046912;76;0,0;0,07484364953087663
112029;Martim Neto;CMF;74,0;73,91515541159573;74;0,0;0,08484458840426612
112528;Aleix Febas;CMF;78,0;78,51371239334692;79;1,0;0,5137123933469212
112733;Matheus Nunes;CMF;81,0;80,53948533446426;81;0,0;0,46051466553574016
112900;Erick;CMF;71,0;71,47499604249522;71;0,0;0,47499604249522065
113312;Fernando Sobral;CMF;64,0;64,28493985785623;64;0,0;0,2849398578562301
113364;Tchê Tchê;CMF;71,0;71,30409668639443;71;0,0;0,30409668639443055
113380;S. Esquivel;CMF;65,0;64,87119787894248;65;0,0;0,1288021210575181
113406;O. Ejaria;CMF;68,0;67,60547174165093;68;0,0;0,39452825834906946
113490;Djhordney;CMF;64,0;63,75032325863264;64;0,0;0,2496767413673595
113552;H. Armstrong;CMF;71,0;71,07141677434743;71;0,0;0,07141677434742633
113564;R. Sánchez;CMF;71,0;70,59586993039811;71;0,0;0,4041300696018908
113661;C. Jones;CMF;80,0;79,83265225818703;80;0,0;0,16734774181297496
113760;Luis Milla;CMF;80,0;79,65164825853752;80;0,0;0,34835174146247994
113840;I. Gómez;CMF;70,0;69,83589036783792;70;0,0;0,16410963216208074
113889;I. Moriba;CMF;77,0;77,46251490495712;77;0,0;0,4625149049571178
113907;J. Bellegarde;CMF;73,0;73,44926160228218;73;0,0;0,4492616022821778
113911;F. Valverde;CMF;88,0;87,84817746719325;88;0,0;0,1518225328067473
113939;G. Bontempo;CMF;69,0;68,55665960975344;69;0,0;0,44334039024656136
113982;C. Chukwuemeka;CMF;78,0;78,14933227895158;78;0,0;0,14933227895157586
114015;N. Sadiki;CMF;73,0;73,0952739509501;73;0,0;0,0952739509501015
114205;Lass Kourouma;CMF;65,0;65,28163146382727;65;0,0;0,2816314638272672
114239;Manu Morlanes;CMF;77,0;76,61516039463045;77;0,0;0,38483960536954953
114267;Denilson;CMF;70,0;70,37128555522752;70;0,0;0,37128555522751583
114274;Bruno Matias;CMF;65,0;65,15696357386472;65;0,0;0,15696357386471504
114279;Pedro Díaz;CMF;73,0;73,25822080452933;73;0,0;0,25822080452932994
114297;Santi Comesaña;CMF;77,0;77,01353332925603;77;0,0;0,013533329256034676
114298;Fran Beltrán;CMF;77,0;76,94023140636479;77;0,0;0,05976859363521214
114331;L. Robertone;CMF;73,0;73,47200053061671;73;0,0;0,472000530616711
114562;Japa;CMF;67,0;66,57328186828158;67;0,0;0,42671813171841677
114568;J. Dasilva;CMF;72,0;72,15763763836452;72;0,0;0,15763763836451972
114619;S. Mayulu;CMF;76,0;75,66828753165267;76;0,0;0,3317124683473338
114647;Luis Pacheco;CMF;61,0;61,24089901357118;61;0,0;0,24089901357118038
114691;José Aldo;CMF;72,0;71,96127616498381;72;0,0;0,03872383501618515
114725;W. Zaïre-Emery;CMF;81,0;81,20682122579834;81;0,0;0,20682122579833617
114752;Iván Martín;CMF;78,0;77,68987592239183;78;0,0;0,3101240776081653
114764;N. Pisilli;CMF;71,0;70,90035188503742;71;0,0;0,09964811496257653
114791;S. Nypan;CMF;72,0;71,82520688014269;72;0,0;0,17479311985731272
114835;D. Fratessi;CMF;78,0;78,16203264339617;78;0,0;0,16203264339617363
114879;Pablo Marín;CMF;75,0;74,65517709119436;75;0,0;0,34482290880563937
114930;A. Osambela;CMF;65,0;65,25859219518331;65;0,0;0,25859219518331145
114933;P. Sarr;CMF;79,0;79,37975950593022;79;0,0;0,3797595059302239
115044;E. Palacios;CMF;82,0;81,86262273185827;82;0,0;0,13737726814173357
115113;J. Bellingham;CMF;74,0;74,52193093603127;75;1,0;0,5219309360312678
115121;V. Méndez;CMF;71,0;70,82841860400538;71;0,0;0,17158139599462174
115165;Y. Yarmolyuk;CMF;77,0;76,87044521344926;77;0,0;0,1295547865507416
115197;M. O'Riley;CMF;75,0;74,49733814210417;74;1,0;0,5026618578958306
115237;Fidalgo;CMF;78,0;77,73298584056266;78;0,0;0,26701415943733764
115242;J. Devenny;CMF;70,0;70,00894494630957;70;0,0;0,00894494630956899
115284;B. Barcia;CMF;67,0;67,24494937391694;67;0,0;0,24494937391693838
115535;N. Domínguez;CMF;78,0;77,70471155042175;78;0,0;0,2952884495782513
115542;Hugo Sotelo;CMF;73,0;72,66995608216588;73;0,0;0,3300439178341179
115839;Jean Lucas;CMF;73,0;72,82833551800285;73;0,0;0,1716644819971549
115864;E. Le Fée;CMF;77,0;77,22204080216561;77;0,0;0,2220408021656084
115905;N. Deossa;CMF;73,0;72,57275991772747;73;0,0;0,4272400822725331
115914;A. Rodríguez;CMF;73,0;72,87238165907044;73;0,0;0,12761834092955837
115922;Vini Paulista;CMF;67,0;66,83738504178692;67;0,0;0,16261495821308358
116211;Douglas Luiz;CMF;77,0;76,86244172249074;77;0,0;0,13755827750925675
116430;Manu Bueno;CMF;67,0;67,05568824220019;67;0,0;0,05568824220019053
116448;Breno Bidon;CMF;78,0;77,70236606483618;78;0,0;0,297633935163816
116462;Praxedes;CMF;66,0;65,5680694994975;66;0,0;0,4319305005025029
116471;Brais Méndez;CMF;78,0;78,25302343402235;78;0,0;0,25302343402235294
116691;P. Gueye;CMF;77,0;77,40870604717416;77;0,0;0,4087060471741637
116743;Gonzalo Villar;CMF;73,0;72,66019477310087;73;0,0;0,33980522689913073
117389;L. Regiardo;CMF;62,0;61,72096843459464;62;0,0;0,27903156540536145
117496;B. Perlaza;CMF;69,0;68,67589604338218;69;0,0;0,32410395661781877
117546;Gabriel Menino;CMF;69,0;68,93523736511361;69;0,0;0,06476263488639233
117563;A. Gomes;CMF;76,0;76,35207529210959;76;0,0;0,3520752921095891
117613;W. McKennie;CMF;77,0;77,06720713430302;77;0,0;0,06720713430301828
117683;T. Bischof;CMF;76,0;76,29800047339369;76;0,0;0,2980004733936852
117697;Igor Gomes;CMF;72,0;71,579121809743;72;0,0;0,4208781902569996
117779;P. Groß;CMF;76,0;76,44323653975721;76;0,0;0,44323653975720845
117784;I. Méndez;CMF;70,0;70,46019348384856;70;0,0;0,4601934838485562
117802;D. Bobadilla;CMF;72,0;71,75737601575807;72;0,0;0,24262398424193066
117917;J. Willock;CMF;76,0;75,68350819514146;76;0,0;0,31649180485854345
117946;O. Vargas;CMF;72,0;71,58345056719837;72;0,0;0,4165494328016308
118053;Figueiredo;CMF;62,0;61,61188219467554;62;0,0;0,3881178053244625
118146;L. Mamut;CMF;66,0;65,51530205003095;66;0,0;0,48469794996904625
118188;L. González;CMF;70,0;70,27926268612337;70;0,0;0,27926268612337424
118236;Vitinha;CMF;91,0;91,15655824370587;91;0,0;0,15655824370587368
118274;T. Reijnders;CMF;84,0;84,27912930431516;84;0,0;0,2791293043151626
118284;A. Sánchez;CMF;72,0;71,48607101247163;71;1,0;0,5139289875283737
118306;Carlos Macià;CMF;64,0;63,896534576426774;64;0,0;0,10346542357322619
118327;I. Rodríguez;CMF;68,0;68,2845471777453;68;0,0;0,2845471777452957
118344;M. Villasanti;CMF;72,0;72,20057474263811;72;0,0;0,2005747426381106
118348;B. Zapelli;CMF;72,0;71,61882847613019;72;0,0;0,3811715238698099
118353;N. De La Cruz;CMF;74,0;73,61499166861063;74;0,0;0,38500833138937196
118371;Ander Guevara;CMF;73,0;73,49632735994837;73;0,0;0,4963273599483671
118381;Pedri;CMF;92,0;92,27441159826078;92;0,0;0,27441159826078376
118430;J. Gómez;CMF;70,0;70,44069682980336;70;0,0;0,44069682980335756
118488;Jan Salas;CMF;64,0;63,62244857307445;64;0,0;0,37755142692554955
118501;L. Ríos;CMF;67,0;67,32007508593766;67;0,0;0,32007508593765976
118645;M. Vera;CMF;70,0;70,01666403404909;70;0,0;0,016664034049085785
118683;A. Franco;CMF;74,0;73,54830188294142;74;0,0;0,45169811705858365
118711;A. Montero;CMF;67,0;66,8149745175779;67;0,0;0,18502548242210537
118939;C. Medina;CMF;76,0;75,60347392329341;76;0,0;0,3965260767065928
119866;Cauan Barros;CMF;70,0;69,61059393755973;70;0,0;0,38940606244027265
120082;Marcos Antônio;CMF;78,0;78,3488022598396;78;0,0;0,34880225983960145
120335;E. Roldán;CMF;67,0;67,35563299230728;67;0,0;0,3556329923072781
121216;G. Lodico;CMF;75,0;74,82516616369253;75;0,0;0,17483383630747085
121307;K. Thuram;CMF;80,0;79,70133461383855;80;0,0;0,29866538616144567
121960;A. Tóth;CMF;71,0;70,94231551721084;71;0,0;0,05768448278915628
121981;C. Da Silva;CMF;63,0;62,85780509747535;63;0,0;0,1421949025246505
122002;Joelinton;CMF;79,0;79,32694514412164;79;0,0;0,32694514412163755
122323;C. Cermeño;CMF;67,0;66,77703497617668;67;0,0;0,2229650238233205
122341;A. Molinas;CMF;65,0;65,4052245982612;65;0,0;0,4052245982611993
122715;C. Bobadilla;CMF;60,0;59,84248356140038;60;0,0;0,15751643859962172
123067;P. Cari;CMF;64,0;64,49754313912595;64;0,0;0,49754313912595194
123075;C. Paredes;CMF;68,0;68,39379125198059;68;0,0;0,39379125198058773
123751;J. Alfaro;CMF;66,0;65,9462616311167;66;0,0;0,053738368883301746
124281;I. Colman;CMF;71,0;70,7762751943407;71;0,0;0,22372480565930175
263246;Robson Matheus;CMF;68,0;67,47756536495203;67;1,0;0,522434635047972
303378;Larson;CMF;63,0;63,18062289629539;63;0,0;0,18062289629538952
306041;R. Lima;CMF;66,0;66,19274190849097;66;0,0;0,19274190849097295
308100;T. Olase;CMF;63,0;62,57147071097952;63;0,0;0,4285292890204815
308107;A. Ayhuana;CMF;62,0;62,06142919746641;62;0,0;0,061429197466409846
309065;C. Melgar;CMF;70,0;69,61900722415551;70;0,0;0,38099277584449
322922;João Pedro;CMF;64,0;64,1358189385814;64;0,0;0,13581893858139438
323104;M. Gómez;CMF;62,0;61,754954678803536;62;0,0;0,24504532119646427
325621;Zé Rafael;CMF;69,0;69,31283288804613;69;0,0;0,3128328880461311
366795;M. Távara;CMF;70,0;69,53790341005593;70;0,0;0,46209658994406766
368381;M. Sepúlveda;CMF;70,0;70,24437887041927;70;0,0;0,24437887041926842
368758;Arthur;CMF;76,0;76,01223979698064;76;0,0;0,012239796980637152
369670;J. Pereira;CMF;67,0;66,9998614692823;67;0,0;0,0001385307177059758
369675;T. Andrada;CMF;68,0;67,67651134667767;68;0,0;0,3234886533223289
370641;H. Quintana;CMF;67,0;67,4724851078986;67;0,0;0,4724851078986063
372417;M. Pérez Guedes;CMF;70,0;69,859703175067;70;0,0;0,140296824933003
375618;H. Calcaterra;CMF;70,0;69,84153819669872;70;0,0;0,1584618033012788
377152;M. Aucca;CMF;64,0;63,643029186345196;64;0,0;0,35697081365480443
377191;I. Sosa;CMF;73,0;72,97830331286417;73;0,0;0,021696687135829507
1680;D. Ayala;DMF;68,0;68,47007588472486;68;0,0;0,4700758847248636
4414;K. Sibo;DMF;68,0;68,48283933301214;68;0,0;0,4828393330121372
6959;Yuri Lara;DMF;65,0;65,1628052930073;65;0,0;0,1628052930072954
33909;L. Perez;DMF;67,0;67,59843859836364;68;1,0;0,5984385983636429
34484;Iker Muñoz;DMF;70,0;70,19926451010103;70;0,0;0,19926451010103108
35199;M. Fernandes;DMF;69,0;69,07917905550889;69;0,0;0,07917905550888804
37496;P. Tachtsidis;DMF;67,0;67,11628428520748;67;0,0;0,11628428520748457
37901;T. Rincón;DMF;67,0;66,69072901652768;67;0,0;0,30927098347231663
38475;P. Sučić;DMF;74,0;74,40056986467154;74;0,0;0,40056986467153877
38509;R. Bochi;DMF;67,0;66,99063123690628;67;0,0;0,009368763093718258
40179;Nico González;DMF;78,0;77,64585436275527;78;0,0;0,35414563724472714
40225;Antonio Blanco;DMF;74,0;73,74375065248272;74;0,0;0,2562493475172829
40295;J. Henderson;DMF;77,0;76,71790182346918;77;0,0;0,28209817653082325
41082;Koke;DMF;79,0;79,28989313585353;79;0,0;0,28989313585353216
41163;E. Pérez;DMF;72,0;72,3931408831784;72;0,0;0,393140883178404
41428;M. Díaz;DMF;68,0;67,829938307399;68;0,0;0,17006169260099568
42575;I. Gueye;DMF;76,0;76,00010689384449;76;0,0;0,00010689384448880901
42669;Casemiro;DMF;78,0;78,04079269024166;78;0,0;0,0407926902416591
43047;Unai Vencedor;DMF;71,0;70,53234972211689;71;0,0;0,4676502778831093
43133;Luiz Gustavo;DMF;69,0;68,99173768884613;69;0,0;0,008262311153870883
43256;Zé Welison;DMF;67,0;66,56447724637904;67;0,0;0,43552275362095827
43752;Richard;DMF;65,0;64,9881232893596;65;0,0;0,01187671064039364
44497;E. Ampadu;DMF;76,0;75,72296279966011;76;0,0;0,27703720033989043
44516;É. Ricardo;DMF;65,0;64,8432331597287;65;0,0;0,1567668402713025
44791;Jair;DMF;68,0;68,16856457804091;68;0,0;0,16856457804091463
45356;L. Paredes;DMF;79,0;78,50402079479707;79;0,0;0,4959792052029286
45438;W. Davi;DMF;60,0;59,647674656189764;60;0,0;0,35232534381023584
45576;I. Marcone;DMF;72,0;72,22939683054729;72;0,0;0,22939683054728732
45641;Allan;DMF;73,0;72,66050119156024;73;0,0;0,33949880843975677
45868;R. Ortiz;DMF;68,0;68,13726519190595;68;0,0;0,13726519190595354
46021;Gabriel;DMF;71,0;70,73301644244559;71;0,0;0,2669835575544113
46237;William Arão;DMF;71,0;70,72380058361595;71;0,0;0,27619941638404555
46614;Lucas Silva;DMF;73,0;73,16088856966866;73;0,0;0,16088856966865706
46635;P. Fernández;DMF;70,0;70,47822568363136;70;0,0;0,478225683631365
46788;R. De Galarreta;DMF;78,0;78,11758995146307;78;0,0;0,11758995146307427
46825;E. Can;DMF;80,0;79,59469070160226;80;0,0;0,4053092983977393
46959;Martinelli;DMF;75,0;74,59656108496026;75;0,0;0,40343891503974305
47100;J. Medina;DMF;59,0;59,10992688765512;59;0,0;0,10992688765512071
47129;João Schmidt;DMF;69,0;69,17833617203264;69;0,0;0,17833617203264396
47184;Marc Casadó;DMF;76,0;76,21337947009951;76;0,0;0,21337947009951108
47246;L. Palavecino;DMF;62,0;62,29333560508904;62;0,0;0,293335605089041
47396;M. Brozović;DMF;78,0;77,47212244253171;77;1,0;0,5278775574682868
47437;P. Ciss;DMF;75,0;74,71913949195054;75;0,0;0,2808605080494573
47565;Pablo Maia;DMF;70,0;70,26359133054788;70;0,0;0,2635913305478823
47659;Dudu;DMF;66,0;66,18999596218757;66;0,0;0,18999596218756665
47825;L. Romero;DMF;74,0;74,05420066627646;74;0,0;0,05420066627645781
47872;Carvalheira;DMF;68,0;67,93039799222676;68;0,0;0,06960200777324133
47999;D. Torres;DMF;69,0;69,54221454473092;70;1,0;0,5422145447309248
51511;R. Villagra;DMF;72,0;71,59426174353176;72;0,0;0,4057382564682399
54351;G. Celis;DMF;69,0;69,15900631555986;69;0,0;0,15900631555986422
54389;J. Arroyo;DMF;62,0;62,43211894163831;62;0,0;0,4321189416383078
54602;P. Ortiz;DMF;59,0;58,66233979087096;59;0,0;0,3376602091290408
54671;J. Valencia;DMF;69,0;69,02125390106978;69;0,0;0,021253901069783865
54698;P. Aquino;DMF;72,0;71,6217773947667;72;0,0;0,3782226052333044
54732;Allan;DMF;71,0;70,98371233499194;71;0,0;0,016287665008064778
54807;J. Castillo;DMF;67,0;67,16730349201964;67;0,0;0,16730349201964145
54860;C. Montaño;DMF;63,0;63,37149614086263;63;0,0;0,3714961408626323
55045;A. Al-Hassan;DMF;67,0;66,55100317360181;67;0,0;0,4489968263981865
55051;A. Al-Khaibari;DMF;68,0;68,0220470054949;68;0,0;0,022047005494897576
55129;D. Moreno;DMF;68,0;67,5347654520139;68;0,0;0,46523454798609976
55443;J. Portilla;DMF;71,0;70,70062656348429;71;0,0;0,29937343651570814
55527;A. Burlamaqui;DMF;65,0;65,27379737044018;65;0,0;0,27379737044017816
55667;D. Ruiz;DMF;66,0;65,88740870464342;66;0,0;0,11259129535658019
55774;K. Minda;DMF;67,0;66,93166628652466;67;0,0;0,06833371347534012
55806;F. Solé;DMF;65,0;65,3103308211412;65;0,0;0,310330821141207
55813;J. Archimbaud;DMF;66,0;66,37762457516716;66;0,0;0,37762457516716097
55814;V. Rodríguez;DMF;65,0;64,83978334853532;65;0,0;0,16021665146467967
55856;J. Gómez;DMF;63,0;63,07153581276098;63;0,0;0,07153581276097754
55900;F. Ibarra;DMF;73,0;73,20800491078555;73;0,0;0,20800491078554728
55910;M. Martínez;DMF;69,0;69,35078191455877;69;0,0;0,35078191455876606
55960;F. Leys;DMF;67,0;67,01214344072196;67;0,0;0,012143440721956722
55988;M. Ríos;DMF;63,0;62,85326562788711;63;0,0;0,14673437211288842
56024;H. Loboa;DMF;65,0;64,77459192198198;65;0,0;0,22540807801802032
56027;S. Guzmán;DMF;68,0;67,48667327648161;67;1,0;0,5133267235183894
56047;I. Perruzzi;DMF;66,0;66,03414942645686;66;0,0;0,03414942645686381
56151;R. Pérez;DMF;66,0;65,92067409437344;66;0,0;0,07932590562656117
56182;Y. Goitía;DMF;65,0;64,81308929346503;65;0,0;0,18691070653497377
56220;E. Murillo;DMF;67,0;67,15116197445326;67;0,0;0,15116197445325952
56232;K. Toscano;DMF;62,0;62,4906413145346;62;0,0;0,49064131453459936
56234;Y. Velásquez;DMF;69,0;68,80162691477605;69;0,0;0,19837308522394892
56246;J. Murrugarra;DMF;68,0;67,59158740684522;68;0,0;0,40841259315477885
56261;R. Ureña;DMF;71,0;70,7641245566092;71;0,0;0,23587544339079614
57619;B. Bentaberry;DMF;63,0;62,868280809926745;63;0,0;0,13171919007325528
57625;A. Canales;DMF;63,0;63,02071040922382;63;0,0;0,02071040922381684
57648;O. Valenzuela;DMF;65,0;64,72293063322422;65;0,0;0,27706936677577687
57654;H. Cuéllar;DMF;65,0;64,78621267231573;65;0,0;0,21378732768427255
57740;Marc Bernal;DMF;74,0;73,56454371615993;74;0,0;0,4354562838400682
57931;J. Ríos;DMF;69,0;69,24782956395204;69;0,0;0,24782956395203826
57940;J. Morel;DMF;68,0;68,4543982653539;68;0,0;0,4543982653539018
57941;P. Da Motta;DMF;70,0;70,01987388777042;70;0,0;0,019873887770415877
57943;W. Viera;DMF;63,0;63,25306745165546;63;0,0;0,2530674516554612
57955;J. Rattalino;DMF;61,0;61,56200613257034;62;1,0;0,5620061325703389
57980;M. Puig;DMF;63,0;62,513789302605275;63;0,0;0,4862106973947249
58065;C. Oliva;DMF;73,0;72,767726986907;73;0,0;0,23227301309300685
58102;M. Galindo;DMF;59,0;58,84540700804268;59;0,0;0,15459299195732257
58121;A. Forneris;DMF;65,0;65,37094355324307;65;0,0;0,37094355324306605
58147;E. Martínez;DMF;71,0;71,09541161772911;71;0,0;0,09541161772911266
58161;F. Peralta;DMF;67,0;66,6647924004848;67;0,0;0,3352075995152006
58171;Murilo Rhikman;DMF;63,0;63,490624753533226;63;0,0;0,49062475353322554
58231;F. Juárez;DMF;66,0;65,76703557576941;66;0,0;0,2329644242305875
58245;J. Trindade;DMF;68,0;68,41689611689483;68;0,0;0,41689611689483286
58307;C. Arce;DMF;63,0;63,37066901630335;63;0,0;0,3706690163033528
58319;R. Herrera;DMF;67,0;66,93906413867526;67;0,0;0,06093586132473661
58329;F. Bussio;DMF;63,0;63,35094026092255;63;0,0;0,35094026092254893
58343;H. Caballero;DMF;68,0;68,44624745716511;68;0,0;0,44624745716511427
58360;A. Medina;DMF;68,0;67,63236468461156;68;0,0;0,36763531538844063
58747;Thiago Mendes;DMF;71,0;71,47402240877636;71;0,0;0,4740224087763636
59179;E. Pulgar;DMF;75,0;74,5739653997053;75;0,0;0,42603460029469886
59265;C. Baeza;DMF;72,0;71,63333214737767;72;0,0;0,3666678526223279
59269;E. Pavez;DMF;65,0;64,84887411916179;65;0,0;0,1511258808382081
59458;Jorginho;DMF;81,0;81,48296335439106;81;0,0;0,4829633543910603
59963;Mateus Carvalho;DMF;63,0;63,30422172243118;63;0,0;0,30422172243117984
60035;F. Fattori;DMF;74,0;73,79333543572577;74;0,0;0,2066645642742344
60184;E. Ojeda;DMF;69,0;68,67232848092937;69;0,0;0,3276715190706341
60232;B. Zuculini;DMF;68,0;68,04796719983817;68;0,0;0,047967199838168995
60246;E. Fernández;DMF;76,0;75,55059383299992;76;0,0;0,4494061670000775
60273;F. Sánchez;DMF;61,0;61,01870295975487;61;0,0;0,018702959754868687
60293;D. Miloc;DMF;66,0;66,0118187840216;66;0,0;0,011818784021599527
60325;F. Navarro;DMF;71,0;70,97023531219469;71;0,0;0,029764687805311496
60531;Beñat Prados;DMF;76,0;75,83338439378738;76;0,0;0,16661560621261629
60673;G. Rodríguez;DMF;73,0;73,10042797607524;73;0,0;0,10042797607523823
60776;Bruno Henrique;DMF;68,0;67,81355467590377;68;0,0;0,18644532409622627
60781;André;DMF;76,0;76,12072581059442;76;0,0;0,120725810594422
60956;Baralhas;DMF;69,0;68,74603018691556;69;0,0;0,25396981308443856
61182;H. Reed;DMF;71,0;71,21941111644982;71;0,0;0,2194111164498196
63265;S. Özcan;DMF;71,0;71,01420639189152;71;0,0;0,014206391891519843
63405;F. Bernal;DMF;70,0;70,46206922446193;70;0,0;0,4620692244619278
63520;B. Cristante;DMF;78,0;78,48010346806176;78;0,0;0,4801034680617562
63605;C. Nørgaard;DMF;79,0;78,54302732224875;79;0,0;0,45697267775125283
63679;Y. Gordillo;DMF;66,0;65,69996790748424;66;0,0;0,3000320925157638
100013;C. Protesoni;DMF;71,0;70,77485379219668;71;0,0;0,22514620780331995
100190;Alexsander;DMF;70,0;69,95933430186592;70;0,0;0,04066569813407739
100359;Óscar Valentín;DMF;75,0;74,90109303218989;75;0,0;0,09890696781010888
100393;Gabriel Pires;DMF;69,0;69,02992548555869;69;0,0;0,029925485558692344
100998;I. Gruev;DMF;72,0;71,96678185227614;72;0,0;0,03321814772385778
101342;C. Doucouré;DMF;76,0;75,86758231101945;76;0,0;0,13241768898055284
101398;J. Quiñónez;DMF;67,0;66,82749314075359;67;0,0;0,17250685924641118
101455;Otávio;DMF;67,0;67,15951617496346;67;0,0;0,15951617496345705
101615;T. Partey;DMF;78,0;77,59514221712932;78;0,0;0,4048577828706783
101958;M. Ugarte;DMF;76,0;76,1929600161562;76;0,0;0,1929600161562064
102139;Caio Alexandre;DMF;73,0;73,01970873149845;73;0,0;0,019708731498454313
102383;L. Ugochukwu;DMF;74,0;74,56027041348634;75;1,0;0,5602704134863359
102629;U. Raghouber;DMF;69,0;68,5893800476746;69;0,0;0,4106199523254048
102873;Urko González;DMF;73,0;72,66092003683485;73;0,0;0,33907996316514755
103166;T. Adams;DMF;76,0;76,43982537545189;76;0,0;0,43982537545188904
103403;P. De Paula;DMF;68,0;67,61290103883223;68;0,0;0,38709896116776576
103460;Higor Meritão;DMF;66,0;65,63052808104457;66;0,0;0,3694719189554263
103558;S. Bajcetic;DMF;73,0;73,10001311327102;73;0,0;0,10001311327101803
103667;T. Pérez;DMF;65,0;65,34711989841549;65;0,0;0,3471198984154853
103701;S. Magassa;DMF;71,0;71,22470225863873;71;0,0;0,22470225863872884
103875;M. Caicedo;DMF;86,0;85,67877937684177;86;0,0;0,32122062315822575
103893;M. Amondarain;DMF;69,0;68,95544518165808;69;0,0;0,04455481834192199
103963;S. Vega;DMF;67,0;66,72697569082933;67;0,0;0,27302430917066545
103982;Hugo Moura;DMF;68,0;67,60865430758211;68;0,0;0,39134569241788597
104008;R. Lavia;DMF;76,0;76,20344347278593;76;0,0;0,2034434727859349
104102;L. Bogarde;DMF;72,0;72,43055860173101;72;0,0;0,4305586017310077
104112;L. Vega;DMF;60,0;59,96394827902352;60;0,0;0,036051720976480794
104185;L. Cook;DMF;77,0;76,58365818073283;77;0,0;0,4163418192671742
104201;Evertton Araújo;DMF;68,0;67,86765339544894;68;0,0;0,13234660455105995
104745;S. Amrabat;DMF;77,0;76,62742307529757;77;0,0;0,37257692470242887
105081;V. Janelt;DMF;75,0;75,18661750325204;75;0,0;0,1866175032520374
105121;E. Remedi;DMF;71,0;70,62584486251743;71;0,0;0,3741551374825747
105251;M. Vera;DMF;70,0;69,85985925729301;70;0,0;0,14014074270698984
105270;N. Tripichio;DMF;71,0;71,20098373574665;71;0,0;0,20098373574664663
105278;S. Longo;DMF;69,0;68,71135380963841;69;0,0;0,28864619036158956
105293;G. Giménez;DMF;68,0;68,24371643049035;68;0,0;0,24371643049035185
105297;R. Bentancur;DMF;79,0;78,72174120826556;79;0,0;0,27825879173444434
105513;E. Piovi;DMF;72,0;71,67995543096313;72;0,0;0,32004456903686673
105748;N. Watson;DMF;65,0;65,01794092071671;65;0,0;0,01794092071671116
106591;E. Anderson;DMF;80,0;80,12307143989457;80;0,0;0,12307143989457359
106974;Vesga;DMF;71,0;70,9394086597612;71;0,0;0,060591340238801195
107031;Fabinho;DMF;68,0;67,56839167131768;68;0,0;0,4316083286823158
107451;Lucas Torró;DMF;76,0;75,68593297033641;76;0,0;0,31406702966359035
107559;E. Giaccone;DMF;64,0;64,02039548992529;64;0,0;0,020395489925292054
107778;Thiago Maia;DMF;69,0;68,60561916675174;69;0,0;0,39438083324826323
107918;L. Villegas;DMF;64,0;64,31390577259972;64;0,0;0,31390577259972474
107949;M. Locatelli;DMF;81,0;80,91285771097986;81;0,0;0,08714228902013588
108523;L. Agoumé;DMF;73,0;73,14269791303147;73;0,0;0,14269791303146917
108525;J. Cullen;DMF;75,0;74,63355667413666;75;0,0;0,3664433258633437
108637;N. Acevedo;DMF;71,0;70,54904557605742;71;0,0;0,45095442394257645
108699;Dário Essugo;DMF;73,0;72,54736719418197;73;0,0;0,4526328058180269
108739;A. Camargo;DMF;68,0;67,89805143866798;68;0,0;0,10194856133202279
108817;Patrick;DMF;61,0;60,82589520038691;61;0,0;0,17410479961309022
108968;K. Rodney;DMF;61,0;60,77633073298137;61;0,0;0,22366926701862866
109005;J. Kimmich;DMF;87,0;86,70975717956944;87;0,0;0,2902428204305636
109106;M. Delgado;DMF;71,0;71,02426248082466;71;0,0;0,024262480824660315
109211;M. Galarza;DMF;73,0;72,52027332491835;73;0,0;0,47972667508165046
109540;João Palhinha;DMF;80,0;80,48690938982563;80;0,0;0,4869093898256267
109568;Walace;DMF;69,0;68,74150559559224;69;0,0;0,25849440440775595
109582;Zé Ricardo;DMF;65,0;65,26179347213579;65;0,0;0,2617934721357926
109629;M. Uribe;DMF;72,0;71,64737128152504;72;0,0;0,3526287184749606
109947;J. Lerma;DMF;74,0;73,74890919362753;74;0,0;0,25109080637247416
109960;A. Moreno;DMF;75,0;74,36278740958318;74;1,0;0,6372125904168229
110084;C. Baleba;DMF;77,0;77,52909868388167;78;1,0;0,5290986838816707
110319;Johnny Cardoso;DMF;77,0;77,16564564362594;77;0,0;0,16564564362593615
110415;E. Rolón;DMF;69,0;68,7123822800978;69;0,0;0,287617719902201
110488;A. Medina;DMF;62,0;61,973458063819095;62;0,0;0,026541936180905168
110495;S. Colombatto;DMF;71,0;71,30772569162863;71;0,0;0,30772569162863306
110505;Jauregizar;DMF;78,0;78,41166619487942;78;0,0;0,411666194879416
110514;A. Jashari;DMF;75,0;75,10520148677799;75;0,0;0,10520148677798602
110562;Ronaldo;DMF;64,0;64,46093808056743;64;0,0;0,4609380805674306
110573;J. Laurent;DMF;71,0;70,95736491146108;71;0,0;0,04263508853891551
110602;L. Picco;DMF;71,0;70,77868246524298;71;0,0;0,22131753475701998
110699;N. Gudelj;DMF;72,0;72,36432432636101;72;0,0;0,3643243263610145
110728;A. De La Cuesta;DMF;63,0;63,38750937769709;63;0,0;0,3875093776970928
110747;Luan;DMF;65,0;65,15918743264746;65;0,0;0,15918743264745672
110815;Rodri;DMF;85,0;85,03451377034783;85;0,0;0,034513770347828654
111028;R. Aliendro;DMF;71,0;71,18266413571538;71;0,0;0,18266413571538465
111074;S. Ascacibar;DMF;74,0;73,74154317076832;74;0,0;0,258456829231676
111488;R. Profini;DMF;68,0;67,67454231934472;68;0,0;0,32545768065527625
111803;V. Cantillo;DMF;69,0;68,56357083566863;69;0,0;0,436429164331372
111935;M. Zubimendi;DMF;83,0;83,3273981016667;83;0,0;0,32739810166670225
111964;P. Madero;DMF;58,0;58,373831713719184;58;0,0;0,3738317137191842
112005;Florentino;DMF;77,0;76,73773310446026;77;0,0;0,2622668955397387
112212;A. Onana;DMF;78,0;77,87957476825189;78;0,0;0,12042523174811492
112218;Y. Bissouma;DMF;75,0;75,35938964156307;75;0,0;0,3593896415630695
112539;G. Abregú;DMF;66,0;66,02440256267647;66;0,0;0,024402562676471007
112728;W. Oliveira;DMF;66,0;65,7761768221635;66;0,0;0,22382317783649341
113217;N. Pais;DMF;68,0;67,67960031180056;68;0,0;0,3203996881994442
113326;A. Cardozo;DMF;71,0;70,86830884788439;71;0,0;0,13169115211560722
113467;Y. Bright;DMF;68,0;68,54465154001643;69;1,0;0,5446515400164316
113628;R. Fernández C.;DMF;70,0;69,41433765112008;69;1,0;0,5856623488799215
113665;T. Alarcón;DMF;69,0;69,21710205212682;69;0,0;0,217102052126819
114070;Marc Aguado;DMF;72,0;71,53055516601354;72;0,0;0,46944483398645787
114206;I. Sangaré;DMF;76,0;75,55149283225228;76;0,0;0,4485071677477208
114226;Marc Roca;DMF;77,0;77,24709651687351;77;0,0;0,24709651687351197
114268;Samú Costa;DMF;76,0;75,70393709677518;76;0,0;0,2960629032248221
114335;B. Leyes;DMF;69,0;69,12249714622477;69;0,0;0,1224971462247737
114345;F. Vera;DMF;73,0;72,84457948664334;73;0,0;0,15542051335665974
114373;N. Schelotto;DMF;66,0;66,12269591745975;66;0,0;0,12269591745975106
114478;J. Sforza;DMF;69,0;68,88032049948013;69;0,0;0,1196795005198652
114502;Ismael;DMF;65,0;65,00015525677964;65;0,0;0,00015525677963523776
114521;Gorrotxa;DMF;74,0;73,75240465697033;74;0,0;0,24759534302967268
114551;A. Max;DMF;68,0;68,30803355237063;68;0,0;0,308033552370631
114554;C. Diez;DMF;65,0;65,53499217126529;66;1,0;0,5349921712652872
114555;F. Di Biasi;DMF;66,0;65,77805884145046;66;0,0;0,22194115854954077
114603;M. Esponda;DMF;65,0;64,68177862121155;65;0,0;0,3182213787884507
114645;A. Gray;DMF;75,0;74,55002936408037;75;0,0;0,4499706359196267
114669;C. Gonçalves;DMF;68,0;68,13507564689823;68;0,0;0,1350756468982297
114682;K. Arriaga;DMF;70,0;70,11271295539743;70;0,0;0,1127129553974271
114880;B. Kamara;DMF;81,0;81,46587716873769;81;0,0;0,46587716873769125
114912;S. Ricci;DMF;77,0;77,09859928084607;77;0,0;0,09859928084607361
114972;Altimira;DMF;75,0;75,33614177652258;75;0,0;0,3361417765225809
115156;Alisson;DMF;70,0;70,15026195319518;70;0,0;0,15026195319518365
115159;V. Balieiro;DMF;63,0;63,051887120428226;63;0,0;0,0518871204282263
115338;F. Potts;DMF;71,0;70,80448632529384;71;0,0;0,195513674706163
115379;F. Redondo;DMF;70,0;70,03341880243843;70;0,0;0,033418802438433204
115832;R. Andrich;DMF;75,0;75,13576308358952;75;0,0;0,1357630835895236
115844;B. Mendy;DMF;74,0;73,89966287520402;74;0,0;0,10033712479598478
115940;T. Guiacobini;DMF;61,0;63,14146094726284;63;2,0;2,1414609472628428
116066;S. Berge;DMF;77,0;76,81333709722118;77;0,0;0,1866629027788207
116254;S. Lobotka;DMF;82,0;81,59789287595751;82;0,0;0,4021071240424874
116467;M. García;DMF;68,0;67,72745127575926;68;0,0;0,2725487242407354
116468;J. Mosqueira;DMF;69,0;69,27585692456205;69;0,0;0,27585692456204924
116496;M. Morello;DMF;65,0;64,65112186336663;65;0,0;0,34887813663337397
116543;J. Garner;DMF;77,0;77,31206859925076;77;0,0;0,3120685992507646
116602;J. López;DMF;66,0;66,35274990808016;66;0,0;0,35274990808015616
116603;S. Moreyra;DMF;68,0;67,58051068201486;68;0,0;0,4194893179851391
116605;S. McTominay;DMF;82,0;81,85058915590966;82;0,0;0,14941084409034033
117468;N. Fonseca;DMF;71,0;71,14285424361555;71;0,0;0,14285424361554533
117475;A. Wharton;DMF;79,0;79,41583889807913;79;0,0;0,4158388980791301
117498;K. Castaño;DMF;73,0;73,20921969602779;73;0,0;0,20921969602778745
117502;J. Cardozo;DMF;62,0;62,52840580212125;63;1,0;0,5284058021212488
117579;A. Farías;DMF;65,0;65,16404795624469;65;0,0;0,16404795624468704
117594;F. Peña Biafore;DMF;67,0;67,16860489011104;67;0,0;0,16860489011104107
117735;G. Castillo;DMF;57,0;57,025400345983584;57;0,0;0,025400345983584316
117758;K. Ortiz;DMF;69,0;68,89678872701984;69;0,0;0,10321127298016108
117889;A. Pavlović;DMF;79,0;79,29209822450704;79;0,0;0,29209822450704337
117961;C. Crew;DMF;62,0;62,16433667715455;62;0,0;0,16433667715455158
118021;T. Soucek;DMF;74,0;73,69570785457968;74;0,0;0,30429214542031957
118098;R. Loaiza;DMF;71,0;70,84987253700479;71;0,0;0,15012746299521496
118171;S. Tonali;DMF;83,0;82,85491231103666;83;0,0;0,14508768896334345
118201;A. Stach;DMF;76,0;75,47941719846234;75;1,0;0,5205828015376568
118207;Jorge Cestero;DMF;64,0;64,30646695968554;64;0,0;0,3064669596855367
118208;Dodi;DMF;68,0;67,75502728431981;68;0,0;0,2449727156801913
118305;C. Zabala;DMF;67,0;68,772917817118;69;2,0;1,7729178171179996
118316;T. Koopmeiners;DMF;77,0;77,33633882326558;77;0,0;0,33633882326557796
118335;R. Gravenberch;DMF;84,0;83,81751666967963;84;0,0;0,18248333032036612
118388;Raniele;DMF;71,0;70,82601891834537;71;0,0;0,173981081654631
118507;G. Neves;DMF;74,0;73,95370612872327;74;0,0;0,046293871276731124
118551;Pol Lozano;DMF;74,0;74,21269380455904;74;0,0;0,21269380455903786
118597;F. Moyano;DMF;67,0;67,27425050898334;67;0,0;0,2742505089833429
118664;M. Wieffer;DMF;75,0;74,71721705930604;75;0,0;0,2827829406939628
118675;J. Castillo;DMF;69,0;68,51830897397808;69;0,0;0,48169102602192027
118697;B. Gilmour;DMF;75,0;75,25593212596031;75;0,0;0,2559321259603138
118826;J. Correa;DMF;61,0;60,81156616642097;61;0,0;0,1884338335790332
118844;I. Miramón;DMF;68,0;68,35992157185714;68;0,0;0,3599215718571429
118940;F. Nmecha;DMF;80,0;80,12573915658945;80;0,0;0,12573915658944657
118957;T. Belmonte;DMF;71,0;70,82436168937588;71;0,0;0,17563831062412305
119128;M. García;DMF;57,0;57,099006225991914;57;0,0;0,09900622599191422
119782;A. Tchouaméni;DMF;82,0;82,2546373498388;82;0,0;0,25463734983880215
119813;L. Rodríguez;DMF;71,0;71,43876944063099;71;0,0;0,4387694406309919
119864;C. Pérez;DMF;68,0;68,22929405303816;68;0,0;0,22929405303815997
119884;S. Cordero;DMF;66,0;65,54700685889688;66;0,0;0,4529931411031214
121200;Charles;DMF;66,0;66,2451990603637;66;0,0;0,24519906036370287
121223;J. Alcívar;DMF;72,0;72,15421419548818;72;0,0;0,15421419548817994
121359;S. Sosa;DMF;65,0;65,46520976675232;65;0,0;0,4652097667523236
121371;J. Campuzano;DMF;71,0;70,65838028168976;71;0,0;0,3416197183102412
122008;Camilo;DMF;66,0;65,59878211671744;66;0,0;0,4012178832825555
122305;A. Fuentes;DMF;64,0;63,808951251314284;64;0,0;0,19104874868571642
122347;A. González;DMF;63,0;63,10734815048722;63;0,0;0,10734815048721913
122932;L. Romero;DMF;66,0;65,63758946178555;66;0,0;0,3624105382144478
124296;J. Perdomo;DMF;65,0;64,73779115416686;65;0,0;0,2622088458331433
262961;E. Castillo;DMF;61,0;60,902706180385806;61;0,0;0,09729381961419392
263021;V. Pizarro;DMF;72,0;71,88325415705243;72;0,0;0,11674584294756585
297409;Wallisson;DMF;66,0;66,31447770365116;66;0,0;0,3144777036511641
303339;L. Justiniano;DMF;69,0;68,51560916705253;69;0,0;0,48439083294746865
307480;E. Rivero;DMF;64,0;64,45404290895536;64;0,0;0,45404290895535837
308028;S. Gomez;DMF;72,0;72,16498751660792;72;0,0;0,16498751660792266
309178;Felipe Negrucci;DMF;63,0;62,74429388017917;63;0,0;0,2557061198208288
320992;Newton;DMF;65,0;65,36238672787326;65;0,0;0,36238672787325754
322888;Á. Campuzano;DMF;68,0;67,95293080709489;68;0,0;0,0470691929051128
364349;I. Wisdom;DMF;64,0;63,90133667386647;64;0,0;0,09866332613353279
366674;Marlon Freitas;DMF;73,0;73,48420379844893;73;0,0;0,4842037984489309
368720;G. Henrique;DMF;62,0;62,33220437794;62;0,0;0,3322043779400019
369552;B. Rovira;DMF;69,0;69,20944882239122;69;0,0;0,20944882239122364
369664;G. Cazonatti;DMF;68,0;68,26971126259316;68;0,0;0,26971126259316236
369904;J. Pretell;DMF;68,0;67,8066536799714;68;0,0;0,19334632002859564
373169;K. Vázquez;DMF;68,0;67,92127713376287;68;0,0;0,0787228662371291
373324;D. Moreno;DMF;67,0;67,29183568194009;67;0,0;0,2918356819400856
375611;C. Trujillo;DMF;68,0;68,43543541187856;68;0,0;0,43543541187855794
375732;Danilo;DMF;77,0;76,7159089914855;77;0,0;0,2840910085144941
376949;S. Galani;DMF;65,0;65,47394672018505;65;0,0;0,47394672018505446
1073758298;W. Endo;DMF;76,0;76,01577990927058;76;0,0;0,015779909270577264
1073779703;Neto Moura;DMF;70,0;69,6766096176693;70;0,0;0,3233903823307003
1073788255;Bruno Guimarães;DMF;84,0;84,39221744046779;84;0,0;0,39221744046778895
1073857391;R. Yates;DMF;74,0;73,67875588660645;74;0,0;0,3212441133935471
1073857486;A. Tanaka;DMF;74,0;73,54620889656462;74;0,0;0,4537911034353783
4039;Fábio;GK;78,0;77,62558987800793;78;0,0;0,3744101219920708
4583;F. Sanguinetti;GK;67,0;66,70686319856489;67;0,0;0,2931368014351108
6265;H. Valdimarsson;GK;66,0;66,07969417525688;66;0,0;0,07969417525687561
6480;A. Baroja;GK;66,0;66,19354595996438;66;0,0;0,19354595996438206
8770;Pedro Cobra;GK;58,0;58,165132608690506;58;0,0;0,16513260869050583
9226;Pichu Cuéllar;GK;64,0;63,72639202575255;64;0,0;0,2736079742474473
9379;L. Chevalier;GK;79,0;79,140493904074;79;0,0;0,14049390407400608
32386;J. Ruddy;GK;66,0;65,62390538951183;66;0,0;0,37609461048816684
32549;J. Insúa;GK;56,0;55,735967890972006;56;0,0;0,264032109027994
32694;Dani Cárdenas;GK;70,0;70,25774466643975;70;0,0;0,25774466643974847
32780;G. Arias;GK;69,0;69,32222713956014;69;0,0;0,32222713956014104
33185;M. Neuer;GK;80,0;80,20140678352584;80;0,0;0,20140678352584018
34437;L. Fabianski;GK;71,0;70,98792473204304;71;0,0;0,012075267956959124
34638;Á. Montero;GK;74,0;73,85445227426982;74;0,0;0,14554772573018226
34781;A. Meyer;GK;72,0;71,83837075542145;72;0,0;0,161629244578549
35479;M. Di Gregorio;GK;78,0;78,0054548266342;78;0,0;0,005454826634206711
35492;S. Moore;GK;63,0;63,41154314611236;63;0,0;0,41154314611235776
36156;Daniel Fuzato;GK;64,0;64,48791366942469;64;0,0;0,4879136694246853
36627;Y. Sommer;GK;83,0;83,11926194249575;83;0,0;0,11926194249575417
36703;D. Ospina;GK;72,0;71,90287011347695;72;0,0;0,09712988652304944
36727;F. Muslera;GK;77,0;76,50881409281324;77;0,0;0,49118590718676103
36768;F. Forster;GK;69,0;68,8201769443005;69;0,0;0,17982305569950086
36878;Raúl Fernández;GK;69,0;68,91425983524447;69;0,0;0,08574016475553492
36943;Cássio;GK;73,0;72,51180944643936;73;0,0;0,4881905535606421
37260;Keiller;GK;62,0;62,0623393769162;62;0,0;0,062339376916199285
37289;J. Steele;GK;70,0;70,21163749818359;70;0,0;0,2116374981835918
37506;J. García;GK;63,0;63,24045266177199;63;0,0;0,24045266177198954
37862;C. Toselli;GK;65,0;65,14083310852946;65;0,0;0,1408331085294634
38192;Cleiton;GK;69,0;68,59153616976658;69;0,0;0,4084638302334156
38422;Anthoni;GK;67,0;67,07048168680605;67;0,0;0,0704816868060476
38831;Tomazella;GK;61,0;61,38737215815719;61;0,0;0,3873721581571914
39786;C. Lampe;GK;70,0;70,04031973393202;70;0,0;0,04031973393202293
40525;M. Perin;GK;75,0;74,85265844583905;75;0,0;0,14734155416094552
40937;W. Szczęsny;GK;80,0;79,8599722553908;80;0,0;0,1400277446091991
41204;Rafael;GK;73,0;73,05950798679781;73;0,0;0,05950798679781144
41522;R. Ríos Novo;GK;60,0;59,96743029149988;60;0,0;0,03256970850011953
41548;J. Espínola;GK;66,0;66,38250459979633;66;0,0;0,38250459979633433
42539;M. Bizot;GK;75,0;74,85648237590927;75;0,0;0,14351762409073388
42821;B. Lecomte;GK;71,0;71,43373762661237;71;0,0;0,4337376266123698
42825;A. Areola;GK;74,0;74,04806164887663;74;0,0;0,048061648876625895
42839;Everson;GK;76,0;75,36655239248593;75;1,0;0,6334476075140714
43202;Neto;GK;69,0;69,43297051086631;69;0,0;0,432970510866312
43211;M. Dmitrović;GK;77,0;77,2739272313836;77;0,0;0,2739272313835954
43380;A. Domínguez;GK;70,0;70,22601066160298;70;0,0;0,22601066160298444
43694;Gabriel;GK;67,0;67,19422365738707;67;0,0;0,19422365738707015
43773;S. Moyano;GK;68,0;68,01787850532844;68;0,0;0,017878505328440042
44037;A. Aguerre;GK;67,0;66,86569773622384;67;0,0;0,1343022637761635
44104;J. Oblak;GK;85,0;85,09441286758931;85;0,0;0,09441286758931255
44383;T. Courtois;GK;87,0;87,17515111653795;87;0,0;0,1751511165379469
44802;Léo Jardim;GK;75,0;75,08389638987683;75;0,0;0,08389638987682702
45041;P. Terracciano;GK;75,0;75,17194364677275;75;0,0;0,1719436467727462
45144;B. Leno;GK;77,0;77,3285475643629;77;0,0;0,328547564362907
45660;L. Barraza;GK;63,0;63,224538577449465;63;0,0;0,22453857744946504
45674;F. Armani;GK;73,0;72,49258323232027;72;1,0;0,5074167676797288
47207;Álex Padilla;GK;67,0;66,51849520788161;67;0,0;0,48150479211838615
47237;P. Gazzaniga;GK;75,0;74,94572328052239;75;0,0;0,054276719477613256
47242;Kepa;GK;76,0;76,0342501681282;76;0,0;0,034250168128195924
47250;Adrián;GK;69,0;69,24683764629965;69;0,0;0,2468376462996531
47286;J. Pickdord;GK;81,0;81,10530470150815;81;0,0;0,10530470150814608
47406;Joan García;GK;84,0;83,7336271812453;84;0,0;0,26637281875470364
47540;Rafael Santos;GK;64,0;63,677137684685945;64;0,0;0,3228623153140546
47557;H. Galíndez;GK;72,0;72,28161403297985;72;0,0;0,2816140329798458
47596;M. Vincentini;GK;60,0;60,22079982163008;60;0,0;0,22079982163008083
47633;V. Krapyvtsov;GK;61,0;61,25649246496104;61;0,0;0,25649246496104183
47648;R. Di Gennaro;GK;66,0;65,60740094513324;66;0,0;0,39259905486676416
47671;B. Bustos;GK;63,0;63,101407319722384;63;0,0;0,1014073197223837
47836;R. Rey;GK;72,0;72,2336690334962;72;0,0;0,2336690334961986
47941;L. Amadé;GK;64,0;64,32422106677909;64;0,0;0,3242210667790886
47959;B. Cortés;GK;70,0;70,09747455369804;70;0,0;0,09747455369803504
51522;C. Dorador;GK;56,0;56,10146172231911;56;0,0;0,1014617223191081
54165;O. Gill;GK;67,0;67,40209555051024;67;0,0;0,40209555051023926
54395;D. Novoa;GK;68,0;68,33252254676921;68;0,0;0,3325225467692121
54679;G. Schiavone;GK;64,0;63,96170103775583;64;0,0;0,03829896224416984
54863;E. Bores;GK;64,0;63,61912861664655;64;0,0;0,38087138335345117
55047;N. Al-Aqidi;GK;70,0;69,60023557118856;70;0,0;0,39976442881143726
55532;A. Duarte;GK;66,0;66,28667296345786;66;0,0;0,2866729634578604
55543;J. Rodríguez;GK;57,0;57,291667477094656;57;0,0;0,2916674770946557
55644;A. Marchesín;GK;72,0;72,11280171876372;72;0,0;0,1128017187637198
55694;Á. De La Cruz;GK;59,0;59,29903209602269;59;0,0;0,29903209602269243
55730;A. Quintana;GK;70,0;70,03677843759174;70;0,0;0,03677843759173527
55780;G. Valle;GK;72,0;71,91231794400152;72;0,0;0,087682055998485
55781;A. Villa;GK;60,0;60,12579189388312;60;0,0;0,12579189388311818
55824;E. Rodríguez;GK;56,0;56,449511250297085;56;0,0;0,4495112502970855
55844;L. Marquinez;GK;64,0;63,571688878706674;64;0,0;0,4283111212933264
55905;F. Zenobio;GK;67,0;67,1864107088911;67;0,0;0,18641070889110267
55948;J. Sánchez;GK;60,0;59,9993258949328;60;0,0;0,0006741050671976723
55956;E. Villanueva;GK;57,0;56,91731764521259;57;0,0;0,08268235478740849
55969;S. Lentinelly;GK;65,0;64,86949385888235;65;0,0;0,13050614111764958
56019;N. Volpi;GK;68,0;67,87803723705765;68;0,0;0,12196276294234565
56055;J. Martínez;GK;67,0;66,69167252745672;67;0,0;0,30832747254328297
56056;D. Enríquez;GK;71,0;70,46377321129468;70;1,0;0,5362267887053207
56139;W. Asprilla;GK;63,0;63,276869064669214;63;0,0;0,27686906466921357
56140;S. Paz;GK;55,0;55,080520512665004;55;0,0;0,08052051266500371
56225;A. Mosquera;GK;68,0;68,30731301305823;68;0,0;0,3073130130582342
56226;Matheus Cunha;GK;67,0;66,99317277933599;67;0,0;0,006827220664007427
56239;M. Vargas;GK;67,0;66,54771986421716;67;0,0;0,45228013578284276
56250;S. Britos;GK;67,0;67,0768518340969;67;0,0;0,07685183409689955
57410;P. Albornoz;GK;56,0;56,09679896015353;56;0,0;0,09679896015352796
57613;I. Sáez;GK;60,0;60,029049621984;60;0,0;0,02904962198400085
57974;R. Fernández;GK;69,0;69,2691919865716;69;0,0;0,2691919865715988
57977;N. Durán;GK;60,0;59,60025047449461;60;0,0;0,399749525505392
58010;Raul Steffens;GK;61,0;60,84892982411935;61;0,0;0,15107017588064764
58049;J. Cevallos;GK;68,0;67,57201351321267;68;0,0;0,42798648678733286
58069;L. Mejía;GK;71,0;71,20601928328871;71;0,0;0,2060192832887111
58070;I. Suárez;GK;63,0;63,279337177425234;63;0,0;0,27933717742523356
58094;J. López;GK;54,0;54,044417538295654;54;0,0;0,044417538295654424
58142;N. Sumavil;GK;60,0;59,9720522049528;60;0,0;0,027947795047197133
58220;G. De Amores;GK;65,0;64,67325570663455;65;0,0;0,32674429336545074
58230;K. Pinargote;GK;58,0;57,927858390833144;58;0,0;0,07214160916685586
58254;G. Oliveira;GK;72,0;71,44941316060746;71;1,0;0,5505868393925368
58255;L. Verza;GK;63,0;62,899175670385944;63;0,0;0,1008243296140563
58280;H. Castillo;GK;65,0;65,0600849980845;65;0,0;0,060084998084505514
58291;L. Fuster;GK;55,0;54,854819294126116;55;0,0;0,14518070587388365
58302;F. Petroli;GK;69,0;68,95959317267179;69;0,0;0,0404068273282121
58325;T. Cardozo;GK;71,0;70,70881437673343;71;0,0;0,29118562326657127
58336;Á. González;GK;61,0;60,63659688791695;61;0,0;0,36340311208304854
58503;M. Ryan;GK;77,0;76,5483225136246;77;0,0;0,4516774863754023
58666;Santos;GK;70,0;69,66579203961095;70;0,0;0,3342079603890511
58720;C. Kelleher;GK;76,0;75,90623191878187;76;0,0;0,09376808121812985
58756;Walter;GK;72,0;72,1577599323302;72;0,0;0,15775993233019392
58849;Gabriel Delfim;GK;62,0;61,6731946869614;62;0,0;0,32680531303859794
59353;D. Melo;GK;60,0;60,345036364401906;60;0,0;0,3450363644019063
59460;C. Mandas;GK;71,0;71,4178660307302;71;0,0;0,41786603073019535
59675;G. Siri;GK;63,0;62,70879542557545;63;0,0;0,2912045744245475
59706;Iñaki Peña;GK;74,0;74,28059810483961;74;0,0;0,280598104839612
60029;A. Werner;GK;66,0;66,34357513821607;66;0,0;0,34357513821606744
60071;C. Fiermarin;GK;70,0;69,72741950769088;70;0,0;0,2725804923091175
60109;W. Benítez;GK;76,0;76,13998079777403;76;0,0;0,1399807977740295
60175;Gabreil Brazão;GK;73,0;73,47114632656195;73;0,0;0,47114632656195
60198;G. Herrera;GK;72,0;71,68304176497892;72;0,0;0,316958235021076
60236;Gabriel Grando;GK;65,0;64,6756836492517;65;0,0;0,32431635074830467
60238;J. Musso;GK;76,0;75,83316569102489;76;0,0;0,16683430897511187
60250;T. Marchiori;GK;72,0;72,02346589214227;72;0,0;0,02346589214226924
60266;Benassi;GK;57,0;57,27963953848516;57;0,0;0,27963953848516354
60272;I. López;GK;58,0;58,456977733501176;58;0,0;0,45697773350117643
60351;F. Broun;GK;69,0;69,06292150412784;69;0,0;0,06292150412784281
60360;C. Ledesma;GK;73,0;73,04246815136368;73;0,0;0,04246815136367843
60366;M. Mansilla;GK;69,0;68,86749136022821;69;0,0;0,1325086397717854
60447;M. Maignan;GK;84,0;84,29203592058737;84;0,0;0,2920359205873666
60558;Rubén Blanco;GK;70,0;69,69808322896847;70;0,0;0,3019167710315287
60607;J. Vallejos;GK;56,0;56,03706134053583;56;0,0;0,037061340535828435
60677;L. Acosta;GK;67,0;67,32110041411538;67;0,0;0,32110041411537793
60680;A. Martín Arias;GK;70,0;70,24333034650748;70;0,0;0,2433303465074772
60690;Vitor Eudes;GK;61,0;60,77999788530468;61;0,0;0,22000211469531905
60706;Lucas Arcanjo;GK;71,0;70,45537153546611;70;1,0;0,5446284645338864
60709;José Sá;GK;73,0;73,16686058002642;73;0,0;0,16686058002642312
60719;S. Beltrán;GK;67,0;67,26715156311337;67;0,0;0,26715156311337296
60823;S. Barbi;GK;61,0;61,45270126397962;61;0,0;0,45270126397961974
60878;S. Dimitrievski;GK;74,0;74,29790830010583;74;0,0;0,29790830010583136
60982;G. Castellón;GK;67,0;66,86058074328858;67;0,0;0,1394192567114203
61145;Aarón Escandell;GK;75,0;74,73202626258114;75;0,0;0,2679737374188562
61147;Pau López;GK;76,0;75,5696505349604;76;0,0;0,4303494650395976
61574;I. Arce;GK;71,0;71,2340626747178;71;0,0;0,23406267471780495
61672;M. Ter Stegen;GK;82,0;82,09851273785259;82;0,0;0,0985127378525874
63187;F. Piotti;GK;55,0;55,458164074585994;55;0,0;0,4581640745859943
63371;Aitor Fernández;GK;75,0;74,49012724998451;74;1,0;0,5098727500154894
63414;G. Kobel;GK;83,0;82,9327025822938;83;0,0;0,06729741770620024
63474;Alisson;GK;85,0;85,02523935497177;85;0,0;0,025239354971773764
63560;Weverton;GK;71,0;71,38441286656577;71;0,0;0,3844128665657678
63661;M. Ledesma;GK;67,0;67,34019551775718;67;0,0;0,3401955177571807
64896;R. Al-Najjar;GK;58,0;58,4793977649153;58;0,0;0,47939776491529784
65044;G. Viscarra;GK;67,0;67,3165615224664;67;0,0;0,3165615224664009
65065;Matheus Donelli;GK;65,0;64,6141656049035;65;0,0;0,3858343950964951
100012;Juan Carlos;GK;68,0;67,87141876100293;68;0,0;0,12858123899707152
100043;R. Borzone;GK;61,0;61,42420670253815;61;0,0;0,4242067025381502
100132;M. Dituro;GK;72,0;71,74772038890268;72;0,0;0,2522796110973218
100133;Ø. Nyland;GK;72,0;72,25063890869896;72;0,0;0,25063890869896
100135;C. Pinsoglio;GK;66,0;65,88677609087942;66;0,0;0,11322390912057756
100212;Fortuño;GK;62,0;61,67004972935109;62;0,0;0,3299502706489079
100281;Mamardashvili;GK;80,0;79,75217769007376;80;0,0;0,2478223099262351
100346;Unai Marrero;GK;67,0;66,80230774345411;67;0,0;0,19769225654589206
100527;K. Darlow;GK;70,0;69,95593256292416;70;0,0;0,04406743707583871
100815;Ivan;GK;66,0;65,60894101063562;66;0,0;0,39105898936438166
101076;E. Martínez;GK;83,0;83,3953215968757;83;0,0;0,39532159687570356
101141;A. Kinský;GK;73,0;72,62650240617522;73;0,0;0,37349759382478
101355;T. Heaton;GK;64,0;64,28152488748248;64;0,0;0,28152488748247606
101391;P. Drewes;GK;68,0;67,86749450146829;68;0,0;0,13250549853171378
101574;João Paulo;GK;70,0;70,17703071039989;70;0,0;0,17703071039989027
101743;Alex Muralha;GK;64,0;64,00209817685135;64;0,0;0,0020981768513479437
101850;M. Pitaluga;GK;56,0;56,211630775464634;56;0,0;0,21163077546463427
101946;D. Rodríguez;GK;70,0;70,02549806621113;70;0,0;0,025498066211127934
101983;J. Blaswich;GK;70,0;70,15477353819534;70;0,0;0,154773538195343
101989;J. Omlin;GK;72,0;71,49661266960155;71;1,0;0,5033873303984535
102315;N. Contini;GK;65,0;64,46350478452169;64;1,0;0,5364952154783111
102389;Tiago Volpi;GK;69,0;69,20003002435632;69;0,0;0,2000300243563231
102761;A. Bayındır;GK;73,0;72,63897762164653;73;0,0;0,36102237835346784
102841;Aranha;GK;58,0;58,21601018418408;58;0,0;0,21601018418407847
102895;S. Rochet;GK;71,0;70,80555236651628;71;0,0;0,19444763348371907
103047;M. Bettinelli;GK;67,0;66,89968321572908;67;0,0;0,10031678427091606
103128;F. Gomes Gerth;GK;57,0;57,17696460473387;57;0,0;0,1769646047338682
103176;G. Santilli;GK;66,0;65,66871470518797;66;0,0;0,3312852948120337
103300;P. Gollini;GK;71,0;70,95857878224214;71;0,0;0,041421217757857676
103525;T. Sultani;GK;61,0;61,00733601696687;61;0,0;0,007336016966867476
103586;J. Devecchi;GK;65,0;64,79906387005536;65;0,0;0,20093612994463683
103621;Iturbe;GK;63,0;62,860725098807244;63;0,0;0,13927490119275632
103658;Pedro Morisco;GK;71,0;71,17375590232298;71;0,0;0,17375590232298066
103830;N. Pope;GK;77,0;76,96749790868927;77;0,0;0,03250209131073234
103851;S. Ichazo;GK;69,0;68,77280180423425;69;0,0;0,22719819576575162
104250;S. Herrera;GK;76,0;76,22350817148644;76;0,0;0,22350817148644353
104485;A. Meret;GK;79,0;79,17386627233262;79;0,0;0,1738662723326172
104650;Aranu Tenas;GK;72,0;72,25645868146168;72;0,0;0,25645868146168027
104731;T. King;GK;61,0;60,65685896108738;61;0,0;0,34314103891261993
105073;A. Lunin;GK;77,0;76,91367691704082;77;0,0;0,08632308295918278
105093;R. Morínigo;GK;67,0;66,83333001052135;67;0,0;0,16666998947864897
105098;A. Batalla;GK;76,0;76,00773762399308;76;0,0;0,007737623993079978
105172;R. Macagno;GK;66,0;66,19989035476017;66;0,0;0,19989035476017136
105304;A. Rossi;GK;78,0;77,7590207633413;78;0,0;0,2409792366587027
105331;F. Altamirano;GK;65,0;65,11496780994484;65;0,0;0,11496780994484368
105361;Kauê;GK;60,0;59,75707435293923;60;0,0;0,24292564706077258
106367;J. Contreras;GK;70,0;70,23593113981963;70;0,0;0,23593113981962688
106414;A. Cairns;GK;60,0;59,65830132714228;60;0,0;0,34169867285771716
106425;S. Johnstone;GK;74,0;73,6975043485851;74;0,0;0,3024956514149011
106586;Marc Vidal;GK;61,0;60,78847561837538;61;0,0;0,21152438162462062
106618;Bento;GK;75,0;74,89738934969012;75;0,0;0,10261065030988448
106754;M. Sels;GK;79,0;78,94972469116438;79;0,0;0,05027530883562292
106815;F. De Paul;GK;69,0;68,58913012192457;69;0,0;0,41086987807543096
106956;Álex Remiro;GK;79,0;78,75935139978532;79;0,0;0,24064860021468348
106957;Unai Simón;GK;81,0;81,09359532724103;81;0,0;0,09359532724103303
107142;M. Dúbravka;GK;75,0;74,77625381702903;75;0,0;0,22374618297097015
107693;F. Woodman;GK;68,0;67,99742132222953;68;0,0;0,0025786777704723818
107901;David Soria;GK;78,0;77,88159718662087;78;0,0;0,11840281337913439
108075;Gustavo Reis;GK;59,0;59,18903781363964;59;0,0;0,18903781363963645
108166;R. Matthews;GK;60,0;59,95546458839424;60;0,0;0,04453541160575725
108279;G. Donnarumma;GK;86,0;86,0244572105607;86;0,0;0,024457210560697717
108344;E. Gómez Riga;GK;60,0;60,221263783282076;60;0,0;0,22126378328207608
108688;J. Trafford;GK;73,0;72,82292516272778;73;0,0;0,1770748372722153
108765;L. Meuli;GK;60,0;59,575906540479735;60;0,0;0,42409345952026456
108953;C. Varela;GK;66,0;65,89329950430788;66;0,0;0,10670049569212381
109213;I. Radu;GK;75,0;74,81149886451436;75;0,0;0,1885011354856374
109455;Matheus Soares;GK;59,0;58,9654755432301;59;0,0;0,034524456769901235
109968;M. Safonov;GK;77,0;76,74576850546528;77;0,0;0,2542314945347215
110008;Thiago Beltrame;GK;58,0;57,815274407833826;58;0,0;0,18472559216617412
110326;R. Zelezny;GK;62,0;61,62876943464212;62;0,0;0,3712305653578767
110351;B. Verbruggen;GK;77,0;76,86233057030817;77;0,0;0,13766942969182594
110379;J. Molina;GK;56,0;55,71309035914995;56;0,0;0,2869096408500482
110394;Lucas Perri;GK;75,0;75,2735239684348;75;0,0;0,27352396843480165
110414;Marcelo Rangel;GK;70,0;70,02220413762923;70;0,0;0,022204137629231013
110430;Otávio Costa;GK;59,0;59,45406370571284;59;0,0;0,4540637057128407
110627;Fintelman;GK;57,0;57,48034461919129;57;0,0;0,48034461919129257
110667;S. Lammens;GK;77,0;76,92366174621108;77;0,0;0,07633825378891856
110713;Hugo Souza;GK;77,0;77,09175615768436;77;0,0;0,09175615768435819
110739;L. Torriani;GK;59,0;59,190306556717445;59;0,0;0,19030655671744512
111024;M. Flekken;GK;75,0;75,3351173489176;75;0,0;0,33511734891760625
111076;L. Brey;GK;67,0;67,12199676680446;67;0,0;0,12199676680445748
111117;S. Ortega;GK;76,0;76,4721743041299;76;0,0;0,4721743041298936
111159;M. Weiß;GK;67,0;66,51605385457314;67;0,0;0,4839461454268559
111172;O. Vlachodimos;GK;75,0;75,06119780076332;75;0,0;0,06119780076332404
111189;Ð. Petrović;GK;77,0;76,39035263969575;76;1,0;0,6096473603042512
111295;F. Cambeses;GK;73,0;72,77014457781635;73;0,0;0,22985542218364685
111309;I. Chicco;GK;65,0;64,91607866830276;65;0,0;0,08392133169724048
111450;D. Henderson;GK;80,0;79,8692666727818;80;0,0;0,13073332721819497
111911;J. Letáček;GK;67,0;66,81156879722013;67;0,0;0,18843120277986714
112003;J. Burrai;GK;68,0;67,75822920879706;68;0,0;0,24177079120293854
112548;V. Rojas;GK;59,0;59,033115723930244;59;0,0;0,0331157239302442
112853;E. Balcombe;GK;60,0;60,17248465326637;60;0,0;0,1724846532663733
112855;B. Austin;GK;64,0;64,3779783383018;64;0,0;0,3779783383018014
112978;M. Gillespie;GK;59,0;58,601452621003524;59;0,0;0,39854737899647574
113009;J. Eyestone;GK;56,0;55,532596310595935;56;0,0;0,4674036894040654
113446;John Victor;GK;74,0;74,2918068464398;74;0,0;0,2918068464397976
113574;D. Bentley;GK;68,0;67,77106786316206;68;0,0;0,22893213683794045
113656;N. Lomb;GK;64,0;63,48132335256147;63;1,0;0,5186766474385323
113775;G. Słonina;GK;65,0;64,95370387103131;65;0,0;0,04629612896869162
113822;M. Daniele;GK;56,0;56,00894921409868;56;0,0;0,008949214098677771
113863;A. Gunn;GK;69,0;69,23173895656524;69;0,0;0,23173895656523769
113890;T. Sharman-Lowe;GK;61,0;61,04259120345732;61;0,0;0,04259120345732015
113955;Josep Martínez;GK;72,0;71,78244990078807;72;0,0;0,2175500992119339
113968;D. Kochen;GK;59,0;58,76524714901545;59;0,0;0,2347528509845489
114050;J. Blázquez;GK;61,0;60,56701815006728;61;0,0;0,43298184993272315
114079;T. McGill;GK;59,0;59,25302206679937;59;0,0;0,25302206679936745
114086;Carlos Miguel;GK;71,0;71,26281963845885;71;0,0;0,2628196384588506
114101;Young;GK;60,0;59,56641405125345;60;0,0;0,433585948746547
114117;Á. Pécsi;GK;61,0;61,35162962032997;61;0,0;0,35162962032997314
114142;Mycael;GK;67,0;67,17733356522375;67;0,0;0,17733356522374777
114162;E. Sittaro;GK;58,0;57,53767603500941;58;0,0;0,46232396499058837
114189;Kauan;GK;59,0;59,126772056008285;59;0,0;0,126772056008285
114215;Georgemy;GK;61,0;60,86632081776311;61;0,0;0,13367918223688946
114231;Renato Marin;GK;66,0;65,51443566078586;66;0,0;0,485564339214136
114243;Anderson;GK;62,0;62,33798934058807;62;0,0;0,3379893405880665
114313;Luiz Júnior;GK;75,0;75,12789043115987;75;0,0;0,12789043115986942
114368;M. Roffo;GK;70,0;69,90680240337282;70;0,0;0,09319759662717786
114371;G. Villar;GK;68,0;68,07382377051334;68;0,0;0,07382377051334288
114403;Iván Villar;GK;69,0;69,42404210241064;69;0,0;0,4240421024106382
114404;C. McKenna;GK;54,0;54,002877071929774;54;0,0;0,0028770719297739333
114484;J. Urbig;GK;73,0;73,03003217940014;73;0,0;0,030032179400137693
114561;V. Hladký;GK;66,0;65,85383906311378;66;0,0;0,14616093688621845
114616;S. Ulreich;GK;70,0;70,063950642826;70;0,0;0,0639506428260006
114664;Pedro Rangel;GK;65,0;65,31917366782947;65;0,0;0,31917366782947454
114677;K. Cataño;GK;62,0;62,18060461367041;62;0,0;0,18060461367041114
114698;Agirrezabala;GK;75,0;74,48375515927714;74;1,0;0,5162448407228624
114699;Cristian Rivero;GK;62,0;62,32011826126801;62;0,0;0,32011826126800713
114734;J. Reinatti;GK;57,0;56,90447419016735;57;0,0;0,09552580983265102
114848;Pablo Campos;GK;66,0;65,94498384410173;66;0,0;0,055016155898272245
114864;Diógenes;GK;60,0;59,70777789175114;60;0,0;0,29222210824885764
114947;Dyogo Alves;GK;60,0;59,50424459516301;60;0,0;0,49575540483699143
115043;Ronaldo;GK;71,0;70,99466780780791;71;0,0;0,005332192192085472
115228;A. Ramsdale;GK;74,0;73,95575780878343;74;0,0;0,04424219121656847
115250;M. Cabrera;GK;56,0;55,82276191533109;56;0,0;0,17723808466890745
115355;L. Klanac;GK;53,0;53,30910265352958;53;0,0;0,3091026535295782
115533;F. Iacovich;GK;68,0;67,63106477216883;68;0,0;0,36893522783117305
115786;M. Ellborg;GK;61,0;60,81191477583717;61;0,0;0,18808522416283324
115788;Andrew;GK;72,0;71,77414503218029;72;0,0;0,22585496781971415
115843;E. Centuríon;GK;69,0;68,82019763417219;69;0,0;0,17980236582781117
115921;Léo Vieira;GK;67,0;67,21190666076657;67;0,0;0,21190666076657294
116176;Pablo;GK;58,0;57,56985375706795;58;0,0;0,4301462429320466
116201;N. Insfrán;GK;69,0;69,37856781797097;69;0,0;0,37856781797097483
116482;G. Vicario;GK;79,0;78,93310933884699;79;0,0;0,06689066115301046
116741;Sivera;GK;74,0;73,59807859913482;74;0,0;0,40192140086517725
117373;M. Svilar;GK;81,0;80,98298915801668;81;0,0;0,017010841983321257
117400;R. Solís;GK;69,0;69,38092781012108;69;0,0;0,38092781012107935
117537;Álvaro Valles;GK;75,0;74,99279131204419;75;0,0;0,007208687955809978
117703;M. Hermansen;GK;72,0;72,29428718179639;72;0,0;0,2942871817963919
117710;Á. Busso;GK;57,0;57,259976568278816;57;0,0;0,259976568278816
117866;H. Moldovan;GK;69,0;68,5618672068065;69;0,0;0,4381327931935033
118031;M. Miño;GK;63,0;62,830241838031284;63;0,0;0,16975816196871563
118165;H. Davies;GK;58,0;58,1785400555508;58;0,0;0,17854005555079766
118240;V. M. Savić;GK;76,0;76,22130878709778;76;0,0;0,221308787097783
118246;I. Meslier;GK;69,0;69,17988363130728;69;0,0;0,17988363130727691
118278;M. Travers;GK;69,0;69,15953106563926;69;0,0;0,159531065639257
118323;Carlos Coronel;GK;70,0;69,5059176045025;70;0,0;0,4940823954975002
118340;David Raya;GK;84,0;83,85206067995074;84;0,0;0,14793932004926091
118449;T. Durso;GK;63,0;63,31565566556193;63;0,0;0,3156556655619269
118473;Ygor Vinhas;GK;63,0;63,32087771350157;63;0,0;0,3208777135015666
118475;P. Díaz;GK;67,0;67,24635481495363;67;0,0;0,24635481495363365
118505;M. Tagliamonte;GK;69,0;68,91494736642966;69;0,0;0,0850526335703421
118569;Fabrício;GK;62,0;61,902971188918535;62;0,0;0,097028811081465
118571;Fran González;GK;61,0;61,02372819735471;61;0,0;0,023728197354706992
118596;A. Cavagna;GK;55,0;55,326757582224396;55;0,0;0,32675758222439555
118617;Diego Conde;GK;73,0;73,1112736431833;73;0,0;0,11127364318329569
118639;D. Romero;GK;68,0;67,69643695523162;68;0,0;0,3035630447683815
118668;A. Vidal;GK;64,0;64,18497154494072;64;0,0;0,18497154494072277
118676;N. Bolcato;GK;64,0;63,65856265021849;64;0,0;0,34143734978150775
118680;F. Jörgensen;GK;74,0;74,25483382977964;74;0,0;0,254833829779642
118693;S. Ostrzinski;GK;60,0;60,40070727678911;60;0,0;0,4007072767891131
118702;L. Morales;GK;69,0;69,12397676728531;69;0,0;0,12397676728531337
119099;W. Barlasina;GK;62,0;62,170154575899545;62;0,0;0,17015457589954508
119129;T. Ayala;GK;60,0;60,29872321739015;60;0,0;0,2987232173901475
119877;D. St. Clair;GK;70,0;70,38319644488169;70;0,0;0,38319644488169047
120363;S. Meza;GK;66,0;66,36024897303439;66;0,0;0,36024897303438763
121192;L. Bergström;GK;64,0;64,17196174879253;64;0,0;0,17196174879252624
121254;L. Lavagnino;GK;62,0;62,4008677804524;62;0,0;0,40086778045240123
121306;R. Roefs;GK;77,0;76,49653496856345;76;1,0;0,5034650314365479
121310;Robert Sánchez;GK;78,0;78,02441933761654;78;0,0;0,024419337616535586
121364;D. Fernández;GK;57,0;57,279794535929675;57;0,0;0,27979453592967474
121972;L. Maldonado;GK;59,0;59,09155211558121;59;0,0;0,09155211558120868
122006;Leo Román;GK;74,0;74,07988694276783;74;0,0;0,07988694276782837
122322;V. Bernedo;GK;64,0;64,40562276522924;64;0,0;0,40562276522923923
122678;D. Sánchez;GK;66,0;66,39180752722561;66;0,0;0,39180752722560896
123076;G. Flores;GK;57,0;57,002364765197655;57;0,0;0,002364765197654606
123732;R. Anderson;GK;61,0;61,16128070089292;61;0,0;0,16128070089291668
124249;M. Borgogno;GK;71,0;70,90260602104892;71;0,0;0,09739397895107516
124278;C. González;GK;60,0;60,27881958028104;60;0,0;0,2788195802810378
263172;D. Méndez;GK;62,0;61,47191979270068;61;1,0;0,5280802072993183
263831;M. Silveira;GK;66,0;65,99806992452278;66;0,0;0,0019300754772189066
266891;N. Losada;GK;74,0;73,73994741047586;74;0,0;0,2600525895241361
298871;J. Kadijevic;GK;59,0;59,45730542181873;59;0,0;0,4573054218187309
303349;E. Chaux;GK;68,0;67,87356540471251;68;0,0;0,1264345952874919
304418;Marcelo Lomba;GK;67,0;67,0019884952365;67;0,0;0,0019884952365032404
307686;W. Aguerre;GK;68,0;68,11446976072192;68;0,0;0,11446976072191717
366638;J. Chunga;GK;65,0;65,23922405091949;65;0,0;0,23922405091948917
369333;F. Gómez;GK;57,0;57,401288127389854;57;0,0;0,4012881273898543
373527;Felipe Longo;GK;62,0;62,23332897100181;62;0,0;0,23332897100181071
375659;C. Bautista;GK;55,0;55,32548185012373;55;0,0;0,32548185012372954
379800;L. Ingolotti;GK;64,0;64,15293478922527;64;0,0;0,15293478922527015
1073806821;Léo Linck;GK;63,0;63,20181097630937;63;0,0;0,20181097630936762
3613;E. Diouf;LB;75,0;75,49004115470078;75;0,0;0,49004115470077636
7305;J. Elordi;LB;69,0;68,75014343633555;69;0,0;0,24985656366445141
37398;Reinaldo;LB;72,0;72,1785408090625;72;0,0;0,17854080906249692
37401;A. Kabar;LB;66,0;65,91601646258964;66;0,0;0,08398353741036146
39270;J. Hato;LB;76,0;75,65858948351105;76;0,0;0,34141051648894916
40353;Ayrton Lucas;LB;75,0;75,25869634910035;75;0,0;0,25869634910034733
40662;N. Colazo;LB;65,0;65,3428864342013;65;0,0;0,34288643420130427
41236;N. Banegas;LB;69,0;68,79505266071436;69;0,0;0,20494733928563846
41272;L. Rodríguez;LB;65,0;65,54044707238053;66;1,0;0,5404470723805304
42308;Jesús Vázquez;LB;71,0;70,50276249270452;71;0,0;0,49723750729548044
42751;E. Mena;LB;69,0;68,6237797137183;69;0,0;0,37622028628169346
43985;Alex Sandro;LB;75,0;75,36339923297977;75;0,0;0,3633992329797735
44214;Jamerson;LB;68,0;68,32246697641496;68;0,0;0,32246697641495814
44443;Luan Cândido;LB;66,0;65,61000284394277;66;0,0;0,38999715605723395
44679;N. Williams;LB;78,0;77,72203675301871;78;0,0;0,2779632469812867
44708;M. Kerkez;LB;79,0;79,22972707385404;79;0,0;0,22972707385403623
44941;Ramon;LB;68,0;67,95249492807606;68;0,0;0,04750507192393627
45089;L. Digne;LB;76,0;76,246663003675;76;0,0;0,24666300367499616
45134;B. Davies;LB;74,0;74,10838852324622;74;0,0;0,10838852324621939
45351;Marçal;LB;71,0;70,74935747118961;71;0,0;0,2506425288103884
46012;Caio Paulista;LB;66,0;66,21720900999881;66;0,0;0,2172090099988111
46332;Renê;LB;72,0;71,86180436689163;72;0,0;0,13819563310836713
46423;B. Humphreys;LB;73,0;73,34937977397952;73;0,0;0,34937977397952125
46458;Igor Cariús;LB;67,0;66,52483596921891;67;0,0;0,4751640307810874
46894;Jefté;LB;71,0;71,30418483784015;71;0,0;0,30418483784015393
47070;L. Shaw;LB;77,0;77,36538185935242;77;0,0;0,36538185935242495
47566;M. Viña;LB;73,0;72,54280696586511;73;0,0;0,4571930341348889
47630;R. Alhassane;LB;71,0;70,85680682977483;71;0,0;0,14319317022517453
47727;Alex Telles;LB;74,0;74,04522022427776;74;0,0;0,04522022427775596
47834;M. Casco;LB;71,0;71,01769120821052;71;0,0;0,017691208210521836
54169;M. Morales;LB;66,0;66,27835658581876;66;0,0;0,2783565858187558
54830;F. Salomoni;LB;68,0;67,9414284891343;68;0,0;0,05857151086570411
55400;A. Aman;LB;57,0;57,254080027104294;57;0,0;0,254080027104294
55653;N. Allen;LB;67,0;67,4240110679393;67;0,0;0,4240110679393041
55697;J. Mina;LB;70,0;70,39045688820964;70;0,0;0,3904568882096413
55706;J. Perlaza;LB;69,0;68,5072457646515;69;0,0;0,4927542353484995
55729;M. Valenzuela;LB;68,0;67,91635892603787;68;0,0;0,08364107396212717
55740;E. Wiemberg;LB;68,0;67,6075025483176;68;0,0;0,39249745168240224
55759;E. Vaca;LB;64,0;63,922605915210276;64;0,0;0,07739408478972365
55792;L. Quiñónez;LB;73,0;72,87092212441819;73;0,0;0,12907787558181383
55835;J. Cornejo;LB;65,0;64,89008413375994;65;0,0;0,10991586624005834
55847;J. Hernández;LB;64,0;64,11047901768117;64;0,0;0,11047901768117185
55849;C. Riquelme;LB;65,0;64,52169876804123;65;0,0;0,47830123195876695
55859;D. Banguero;LB;67,0;67,2751349809801;67;0,0;0,2751349809800985
55907;S. Valencia;LB;70,0;69,69505437562168;70;0,0;0,30494562437831974
55985;N. Giraldo;LB;68,0;67,57619634196189;68;0,0;0,4238036580381106
56130;J. Angulo;LB;67,0;67,27547981381487;67;0,0;0,27547981381486863
56134;J. Navia;LB;64,0;63,520695960453025;64;0,0;0,47930403954697454
56243;P. Reyna;LB;66,0;66,4301639147883;66;0,0;0,4301639147882952
56245;D. Ulloa;LB;65,0;65,43610595992604;65;0,0;0,4361059599260386
56252;C. Inga;LB;71,0;71,42577653218521;71;0,0;0,4257765321852105
57413;O. Scarles;LB;71,0;70,83933791999974;71;0,0;0,1606620800002645
57641;D. Carrillo;LB;66,0;65,59884997095938;66;0,0;0,4011500290406218
57736;Y. Suárez;LB;69,0;69,24915202093143;69;0,0;0,24915202093143307
57743;F. Bais;LB;64,0;64,52211200771927;65;1,0;0,5221120077192722
57939;D. León;LB;66,0;65,65369847082394;66;0,0;0,34630152917605983
57966;Vanderlan;LB;68,0;67,66676954710927;68;0,0;0,3332304528907315
57986;D. Flores;LB;65,0;65,00192508921572;65;0,0;0,0019250892157174349
58072;G. Báez;LB;70,0;70,1767547088674;70;0,0;0,1767547088674064
58096;C. López;LB;60,0;60,098330974004845;60;0,0;0,09833097400484547
58172;Kauã Prates;LB;63,0;62,73509956030971;63;0,0;0,26490043969028676
58209;T. Rodríguez;LB;65,0;64,7783648215061;65;0,0;0,2216351784938979
58212;L. Hernández;LB;64,0;64,21400800891871;64;0,0;0,21400800891871086
58215;Á. Marchese;LB;62,0;62,465259185728854;62;0,0;0,46525918572885416
58251;A. Chalá;LB;70,0;70,27528151557244;70;0,0;0,27528151557244485
58286;S. Velásquez;LB;68,0;67,98914615337983;68;0,0;0,010853846620165086
58665;A. Bernabei;LB;73,0;72,61487629147663;73;0,0;0,3851237085233663
59333;R. Cardines;LB;64,0;63,83619850051661;64;0,0;0,16380149948339096
59335;Matheus Bidu;LB;73,0;72,78431968046962;73;0,0;0,21568031953037803
59835;R. Guerreiro;LB;76,0;75,68031103106658;76;0,0;0,3196889689334199
60000;D. Laxalt;LB;71,0;71,22768234317228;71;0,0;0,2276823431722761
60132;F. Angileri;LB;70,0;70,38918841785132;70;0,0;0,3891884178513152
60199;F. Álvarez;LB;65,0;65,39900716964269;65;0,0;0,3990071696426867
60254;N. Pasquini;LB;66,0;66,33954109896146;66;0,0;0,3395410989614618
60345;C. Mafla;LB;71,0;71,34883015454557;71;0,0;0,348830154545567
60424;J. Mojica;LB;76,0;75,78342922199734;76;0,0;0,21657077800266222
60633;A. Sández;LB;71,0;71,10427703679619;71;0,0;0,10427703679619071
60696;A. Rodríguez;LB;68,0;68,07294942503287;68;0,0;0,07294942503287416
60880;J. Godoy;LB;67,0;67,04013809886504;67;0,0;0,04013809886504305
61036;E. Gómez;LB;72,0;71,71275458744049;72;0,0;0,2872454125595141
61058;Gayá;LB;76,0;76,2439606465018;76;0,0;0,2439606465018045
61117;F. Escobar;LB;70,0;70,43876259654634;70;0,0;0,43876259654634
63372;Victor Luís;LB;65,0;64,92832323292582;65;0,0;0,07167676707418025
63500;R. Calafiori;LB;80,0;79,62101933320136;80;0,0;0,37898066679863973
63675;Reinildo;LB;79,0;78,54783722737021;79;0,0;0,45216277262979077
63735;Mayk;LB;69,0;68,54251251241253;69;0,0;0,45748748758747126
65283;M. Olivera;LB;68,0;68,05796055616088;68;0,0;0,057960556160878696
100224;Yuri Berchiche;LB;77,0;76,64541237844381;77;0,0;0,35458762155619183
100316;Diego Rico;LB;74,0;73,82191535078731;74;0,0;0,17808464921269263
100426;Salinas;LB;71,0;70,72175626038748;71;0,0;0,27824373961252036
100458;Lucas Piton;LB;70,0;69,63302358272965;70;0,0;0,3669764172703509
100504;L. Netz;LB;73,0;72,86343995200419;73;0,0;0,13656004799581467
100630;L. Spinazzola;LB;78,0;77,65871177334344;78;0,0;0,3412882266565589
100764;Souza;LB;70,0;70,25528349168916;70;0,0;0,25528349168915554
101028;A. Robertson;LB;80,0;79,77424486097992;80;0,0;0,22575513902008026
101058;Grimaldo;LB;81,0;81,43393063508853;81;0,0;0,43393063508852947
101116;Guilherme Arana;LB;72,0;72,02772851473308;72;0,0;0,027728514733084353
101288;I. Maatsen;LB;76,0;76,1880351203172;76;0,0;0,1880351203171955
101435;Matheus Bahia;LB;70,0;69,60413222210504;70;0,0;0,3958677778949635
101617;Álex Moreno;LB;75,0;74,94936509324212;75;0,0;0,050634906757878184
101667;L. Lescano;LB;65,0;65,35781867371446;65;0,0;0,35781867371446197
101761;J. Gvardiol;LB;82,0;81,95817552789359;82;0,0;0,04182447210641271
101899;I. Abraham;LB;68,0;68,31086501625745;68;0,0;0,310865016257452
102319;Mancha;LB;66,0;65,6534470585012;66;0,0;0,3465529414987998
102542;C. Bravo;LB;70,0;69,75212771246511;70;0,0;0,24787228753488932
102588;Yusi;LB;68,0;67,7913606082617;68;0,0;0,20863939173830204
103062;Lucas Pires;LB;73,0;73,10047638503886;73;0,0;0,10047638503885992
103156;G. Ávila;LB;72,0;71,97587695144355;72;0,0;0,024123048556447202
103317;M. Acuña;LB;75,0;75,13335007535265;75;0,0;0,1333500753526522
103338;A. Aznou;LB;67,0;67,02306864341114;67;0,0;0,023068643411136236
104384;O. Ontivero;LB;63,0;62,54209102325933;63;0,0;0,45790897674066855
104540;F. Fabra;LB;71,0;70,94439022886385;71;0,0;0,0556097711361474
105088;T. Silva;LB;68,0;67,74709022180002;68;0,0;0,25290977819997806
106340;M. De Ritis;LB;68,0;67,61557919774643;68;0,0;0,38442080225357245
106541;J. Capixaba;LB;71,0;70,65865280036967;71;0,0;0,34134719963033433
106570;Vincícius Lira;LB;65,0;64,68267686834213;65;0,0;0,3173231316578722
106733;Davinchi;LB;66,0;66,50006122722672;67;1,0;0,5000612272267233
107039;R. Sayavedra;LB;64,0;64,29705303040106;64;0,0;0,29705303040105946
107410;Bruno Pacheco;LB;68,0;67,8530562468507;68;0,0;0,14694375314930141
107714;A. Balde;LB;82,0;82,42160963182401;82;0,0;0,4216096318240119
107889;F. Mendy;LB;81,0;80,84988472802443;81;0,0;0,15011527197556518
107906;Angeliño;LB;76,0;76,11846242099624;76;0,0;0,11846242099623794
108169;Felipe Jonatan;LB;65,0;65,35156776377625;65;0,0;0,3515677637762451
108209;N. O'reilly;LB;75,0;75,41048247184409;75;0,0;0,4104824718440909
108225;K. Tsimikas;LB;76,0;76,06314199659056;76;0,0;0,0631419965905593
108352;Marlon;LB;71,0;70,88942918787055;71;0,0;0,11057081212945263
108380;Pedraza;LB;74,0;73,57930088480869;74;0,0;0,42069911519131153
108725;B. Pittón;LB;68,0;67,57885367540047;68;0,0;0,4211463245995333
108881;G. Suazo;LB;73,0;73,36976950426319;73;0,0;0,3697695042631892
108931;A. Robinson;LB;80,0;80,1391724173356;80;0,0;0,13917241733560104
108971;A. Boiro;LB;73,0;73,01736763513092;73;0,0;0,017367635130923986
109248;Léo Derik;LB;67,0;67,01343851176154;67;0,0;0,01343851176153521
109743;B. Riveros;LB;70,0;70,40676005849252;70;0,0;0,40676005849252306
109849;M. Olivera;LB;76,0;75,95776686443467;76;0,0;0,0422331355653256
109872;P. Estupiñán;LB;78,0;77,93731684981839;78;0,0;0,06268315018161275
109933;D. Domínguez;LB;59,0;59,27609698980322;59;0,0;0,2760969898032215
110109;M. Luciano;LB;67,0;67,08498260719372;67;0,0;0,08498260719372297
110441;R. Aït-Nouri;LB;79,0;79,18672163427938;79;0,0;0,1867216342793796
110476;B. Cufré;LB;67,0;67,43902157229601;67;0,0;0,4390215722960136
110491;G. Gudmundsson;LB;76,0;76,0488716482924;76;0,0;0,04887164829240476
110600;A. Soto;LB;69,0;69,39536396964702;69;0,0;0,3953639696470219
110633;Javi Galán;LB;75,0;75,24602492314195;75;0,0;0,24602492314194535
110869;G. Benítez;LB;70,0;69,92255636578521;70;0,0;0,07744363421478795
110929;D. Udogie;LB;78,0;78,13908772463421;78;0,0;0,1390877246342086
110958;Toni Lato;LB;71,0;71,35194236627008;71;0,0;0,35194236627008024
110995;J. Piquerez;LB;75,0;75,3402718959093;75;0,0;0,3402718959092965
111097;P. Silva T.;LB;70,0;70,43511023556812;70;0,0;0,4351102355681178
111123;L. Hall;LB;79,0;78,68465646133447;79;0,0;0,31534353866553033
111829;L. Pétrot;LB;70,0;70,1377710840319;70;0,0;0,13777108403189686
111847;Pacha Espino;LB;72,0;71,68609150932319;72;0,0;0,31390849067680904
111933;Aihen Muñoz;LB;74,0;74,15599281138861;74;0,0;0,15599281138861443
111937;Víctor Parada;LB;69,0;69,01702519308199;69;0,0;0,017025193081991574
111967;A. Maidana;LB;65,0;65,3651651244609;65;0,0;0,3651651244609013
112510;A. Davies;LB;84,0;84,1440369384859;84;0,0;0,14403693848589683
112568;A. Spörle;LB;68,0;68,13609266730836;68;0,0;0,13609266730836111
112806;R. Henry;LB;76,0;76,4463103640584;76;0,0;0,4463103640584052
112906;Gerard Martín;LB;74,0;74,3189154204853;74;0,0;0,31891542048529686
113081;G. Escobar;LB;70,0;69,83493122115785;70;0,0;0,16506877884215498
113082;J. Infante;LB;68,0;67,60849425104578;68;0,0;0,3915057489542164
113167;M. De Cuyper;LB;75,0;74,97933935437568;75;0,0;0,020660645624317908
113265;B. Sosa;LB;68,0;68,58618941946969;69;1,0;0,5861894194696902
113294;Oso;LB;68,0;67,70760909495161;68;0,0;0,2923909050483928
113626;Carlos Augusto;LB;79,0;79,18785549237876;79;0,0;0,18785549237875898
113671;M. Espinoza;LB;68,0;68,22328579365627;68;0,0;0,22328579365627377
113787;D. Wolfe;LB;71,0;70,65390782760714;71;0,0;0,34609217239285783
113898;J. Gutiérrez;LB;66,0;65,84024761163546;66;0,0;0,15975238836453798
113936;Bruno Melo;LB;67,0;66,5463480021327;67;0,0;0,45365199786729704
113938;W. Clar;LB;69,0;68,83696987271779;69;0,0;0,16303012728221233
113974;A. González;LB;62,0;62,382034159886835;62;0,0;0,3820341598868353
114021;R. Sessegnon;LB;76,0;75,69439977792713;76;0,0;0,30560022207286863
114143;M. Ruggeri;LB;75,0;74,63007903682079;75;0,0;0,3699209631792115
114195;P. Dorgu;LB;75,0;75,35688272261248;75;0,0;0,35688272261248244
114197;D. Spence;LB;78,0;78,44411564107608;78;0,0;0,44411564107608115
114294;Hugo Bueno;LB;72,0;72,00101185338254;72;0,0;0,0010118533825362874
114376;Abel Bretones;LB;72,0;72,17152999704042;72;0,0;0,17152999704042315
114481;D. Sosa;LB;68,0;67,72772904846694;68;0,0;0,27227095153305925
114492;L. Esquivel;LB;68,0;67,75820217006165;68;0,0;0,2417978299383492
114523;Renan Lodi;LB;76,0;75,69168365266111;76;0,0;0,3083163473388879
114563;R. Gallo;LB;67,0;66,74043370204649;67;0,0;0,25956629795351205
114625;G. Díaz Núñez;LB;69,0;69,16425961491396;69;0,0;0,16425961491395924
114715;G. Benedetti;LB;70,0;70,39647808654739;70;0,0;0,3964780865473898
114785;Kauã Pascini;LB;63,0;62,66478384979166;63;0,0;0,33521615020833906
114831;Kaiki;LB;73,0;72,93302508509977;73;0,0;0,06697491490022855
114871;M. Gutiérrez;LB;78,0;77,86219215605779;78;0,0;0,13780784394221257
114886;N. L'Huillier;LB;62,0;61,86342169940775;62;0,0;0,13657830059224807
114890;M. Lewis-Skelly;LB;76,0;75,77024390907172;76;0,0;0,22975609092827654
114924;Q. Hartman;LB;74,0;74,34333448303883;74;0,0;0,34333448303883074
114946;S. Marcich;LB;71,0;71,26731966019314;71;0,0;0,267319660193138
115087;G. Risso Patrón;LB;67,0;66,94592467798142;67;0,0;0,054075322018576344
115103;D. Bartesaghi;LB;71,0;70,92439151413292;71;0,0;0,07560848586707891
115135;M. Del Blanco;LB;72,0;71,79902858536155;72;0,0;0,20097141463844537
115143;F. Román;LB;68,0;67,882702130455;68;0,0;0,11729786954499843
115234;A. Murphy;LB;64,0;64,55289368279219;65;1,0;0,5528936827921882
115521;T. Mitchell;LB;79,0;78,64742201101151;79;0,0;0,3525779889884859
115522;A. Truffert;LB;76,0;76,26108056438817;76;0,0;0,2610805643881662
115842;Luciano Juba;LB;72,0;71,90736078208514;72;0,0;0,09263921791486496
115911;J. Soler;LB;70,0;70,21555260113038;70;0,0;0,21555260113038344
116575;Marc Cucurella;LB;83,0;82,48807962110084;82;1,0;0,5119203788991626
116598;S. Prieto;LB;68,0;67,77799753605694;68;0,0;0,22200246394305623
116642;F. Kadıoğlu;LB;77,0;76,82330146296698;77;0,0;0,17669853703301897
117043;C. Wiley;LB;68,0;68,3721112495783;68;0,0;0,3721112495782961
117082;Pep Chavarría;LB;77,0;76,94083156812604;77;0,0;0,059168431873956706
117230;D. Vargas;LB;63,0;62,91042978448857;63;0,0;0,0895702155114293
117401;Sergi Cardona;LB;78,0;77,65231124176576;78;0,0;0,3476887582342414
117453;Manu Sánchez;LB;74,0;73,73564118166723;74;0,0;0,26435881833276653
117464;D. Svensson;LB;78,0;77,8540828886899;78;0,0;0,14591711131009788
117542;Wendell;LB;71,0;71,0232148057626;71;0,0;0,02321480576260626
117773;L. Blanco;LB;74,0;73,87062344872204;74;0,0;0,12937655127795722
117798;Hugo;LB;65,0;65,22416911946229;65;0,0;0,2241691194622888
117931;Nuno Mendes;LB;87,0;87,32975891128044;87;0,0;0,329758911280436
117938;Fran García;LB;76,0;76,3829127273076;76;0,0;0,3829127273075983
117984;C. Ibáñez;LB;72,0;71,94941104068137;72;0,0;0,050588959318631055
118038;T. Malacia;LB;75,0;74,6712736935473;75;0,0;0,32872630645269396
118080;M. Ristić;LB;71,0;70,75694398218279;71;0,0;0,2430560178172101
118092;Álvaro Carreras;LB;79,0;78,99760646470429;79;0,0;0,0023935352957096256
118140;E. Abadia-Reda;LB;59,0;58,78535323591491;59;0,0;0,21464676408508865
118178;K. Lewis-Potter;LB;74,0;74,44552442229268;74;0,0;0,44552442229267797
118200;Diego Pampín;LB;69,0;69,33504794013027;69;0,0;0,3350479401302664
118259;E. Díaz;LB;73,0;73,45403194976545;73;0,0;0,4540319497654508
118293;Arthur Gabriel;LB;67,0;67,08751540753791;67;0,0;0,08751540753790721
118322;L. Loor;LB;71,0;70,60825261553904;71;0,0;0,391747384460956
118343;J. Russo;LB;61,0;61,27961650515241;61;0,0;0,2796165051524113
118347;V. Mykolenko;LB;76,0;75,98178761974243;76;0,0;0,018212380257565997
118451;M. Melluso;LB;69,0;69,09075629721868;69;0,0;0,09075629721867529
118479;C. Nascimento;LB;64,0;63,66435158591034;64;0,0;0,3356484140896612
118626;Carlos Romero;LB;77,0;76,74362690764772;77;0,0;0,2563730923522769
118677;Adrià Pedrosa;LB;74,0;73,88484686790767;74;0,0;0,11515313209233113
118841;A. Cambiaso;LB;78,0;77,83177166842295;78;0,0;0,16822833157705475
118960;R. Insúa;LB;68,0;68,32178099152169;68;0,0;0,3217809915216918
118970;Juan Cruz;LB;73,0;72,73697288690506;73;0,0;0,2630271130949353
118984;Iago;LB;71,0;70,91707850563884;71;0,0;0,08292149436115892
119882;Cristiano;LB;65,0;65,34619204993074;65;0,0;0,3461920499307354
120361;Javi López;LB;71,0;71,45402708049495;71;0,0;0,4540270804949529
121213;E. Pereyra;LB;68,0;67,66657739609441;68;0,0;0,3334226039055892
121215;D. Cáceres;LB;68,0;67,94428566635496;68;0,0;0,0557143336450423
121237;Reguilón;LB;74,0;73,57436013805908;74;0,0;0,4256398619409225
121314;Junior Firpo;LB;73,0;73,31488344101669;73;0,0;0,31488344101668986
121318;S. Arzamendia;LB;73,0;72,76002585572988;73;0,0;0,23997414427012131
121340;C. Cándido;LB;69,0;68,834325045987;69;0,0;0,16567495401299936
121989;D. Cirkin;LB;72,0;72,0886317152791;72;0,0;0,08863171527910652
121990;I. Galván;LB;64,0;63,6697301711845;64;0,0;0,3302698288155028
122281;L. Marchi;LB;65,0;65,209580050462;65;0,0;0,20958005046199446
122332;C. Carbajal;LB;66,0;66,19336746371474;66;0,0;0,19336746371473623
122699;I. Erquiaga;LB;68,0;67,67046772406333;68;0,0;0,3295322759366712
122702;Á. Ampuero;LB;63,0;62,93479655238611;63;0,0;0,06520344761388941
123242;J. Bolívar;LB;66,0;66,36560904715408;66;0,0;0,3656090471540807
264036;J. Díaz;LB;70,0;69,78510581295059;70;0,0;0,21489418704940988
264184;J. De Irastorza;LB;65,0;64,98068148992557;65;0,0;0,01931851007442731
301848;S. Barbosa;LB;63,0;63,25059139114886;63;0,0;0,2505913911488591
308336;João Almeida;LB;62,0;61,858871134855846;62;0,0;0,1411288651441538
308487;G. Cortez;LB;69,0;68,63415599237088;69;0,0;0,3658440076291214
315544;D. Londoño;LB;71,0;70,63059510255466;71;0,0;0,3694048974453352
315546;S. Al-Najdi;LB;64,0;63,780845549450596;64;0,0;0,21915445054940363
325468;Y. Hernández;LB;64,0;63,58427920032924;64;0,0;0,41572079967075837
366621;S. Cabrera;LB;68,0;67,76448549824144;68;0,0;0,23551450175855848
370709;A. Fretes;LB;64,0;64,4560666670966;64;0,0;0,45606666709659294
372821;F. Zabala;LB;69,0;69,42022603738936;69;0,0;0,42022603738935516
372860;G. Ascanio;LB;60,0;60,25360993072883;60;0,0;0,2536099307288282
376598;Cuiabano;LB;72,0;71,61420528393496;72;0,0;0,38579471606503546
379714;J. Carabalí;LB;68,0;67,75826663547883;68;0,0;0,241733364521167
379801;J. Hernández;LB;69,0;69,03619192663862;69;0,0;0,03619192663862236
1664;J. Bisanz;LMF;66,0;66,39979733561098;66;0,0;0,39979733561098385
7506;Alfon;LMF;74,0;74,58905025514647;75;1,0;0,5890502551464749
37087;F. Minerva;LMF;63,0;62,560912140583014;63;0,0;0,43908785941698625
37510;M. Zalazar;LMF;66,0;66,40484047439607;66;0,0;0,4048404743960674
38297;Willian;LMF;70,0;70,38038993355056;70;0,0;0,3803899335505605
41276;J. Velázquez;LMF;64,0;63,945576895822384;64;0,0;0,054423104177615755
43638;Álex Baena;LMF;80,0;80,09719118741752;80;0,0;0,09719118741752197
43888;M. Porcel;LMF;65,0;64,91935924960559;65;0,0;0,08064075039440866
44620;Felipe Anderson;LMF;75,0;75,1268008379272;75;0,0;0,1268008379272061
45130;D. McNeil;LMF;76,0;75,98699257103812;76;0,0;0,01300742896188467
45358;K. Zenón;LMF;72,0;72,33776554584101;72;0,0;0,33776554584100893
46037;Bernard;LMF;74,0;74,39228020635598;74;0,0;0,39228020635597716
46989;M. Kudus;LMF;77,0;76,98185401503544;77;0,0;0,01814598496456199
47833;D. Aquino;LMF;71,0;70,98664510386189;71;0,0;0,013354896138110917
47837;R. Sosa;LMF;74,0;74,18906223224083;74;0,0;0,18906223224082908
53389;B. Chandía;LMF;67,0;67,16537507422495;67;0,0;0,16537507422495423
54391;A. Rodríguez;LMF;71,0;71,09246804109472;71;0,0;0,09246804109471896
54403;J. Lerma;LMF;65,0;65,29312421669391;65;0,0;0,2931242166939114
54440;S. Al-Nasser;LMF;66,0;65,80870617458444;66;0,0;0,19129382541555628
54670;D. Torrico;LMF;66,0;65,88225586416499;66;0,0;0,11774413583501087
54852;I. Aliseda;LMF;76,0;76,05211560157376;76;0,0;0,05211560157376027
54858;C. Cuevas;LMF;70,0;70,09643005779128;70;0,0;0,09643005779128089
55053;A. Ghareeb;LMF;69,0;69,15612985338575;69;0,0;0,15612985338574958
55716;J. Gutiérrez;LMF;68,0;67,84346192274145;68;0,0;0,15653807725854563
55852;E. Castillo;LMF;72,0;71,70779031636808;72;0,0;0,2922096836319241
55902;M. Pellegrini;LMF;72,0;72,00466011876156;72;0,0;0,004660118761563581
56104;R. Perlaza;LMF;65,0;64,73023571308569;65;0,0;0,26976428691430954
56129;J. Enamorado;LMF;72,0;71,61627284524259;72;0,0;0,38372715475740904
56215;O. Fernández;LMF;74,0;73,53930576559462;74;0,0;0,4606942344053806
57269;Aitor;LMF;74,0;74,08860579939125;74;0,0;0,08860579939124591
57920;F. Chaverra;LMF;72,0;71,92582788206674;72;0,0;0,07417211793325862
57926;E. Cetré;LMF;74,0;73,55427396336867;74;0,0;0,4457260366313278
58073;F. Waller;LMF;69,0;69,0360070741304;69;0,0;0,03600707413039572
58158;A. Martínez;LMF;69,0;69,4715485414985;69;0,0;0,4715485414985068
58178;Y. Cumaná;LMF;65,0;65,57708161325176;66;1,0;0,5770816132517638
58237;J. Rojas;LMF;70,0;69,78672367991216;70;0,0;0,21327632008784292
58247;B. Oyola;LMF;69,0;68,7710420987732;69;0,0;0,22895790122680637
58309;C. Domínguez;LMF;69,0;69,26077569660787;69;0,0;0,26077569660786537
58320;B. Reyna;LMF;73,0;73,12236846523398;73;0,0;0,1223684652339756
59358;Riquelme;LMF;77,0;77,16656420280492;77;0,0;0,16656420280492057
60068;J. Correa;LMF;72,0;72,03556773529199;72;0,0;0,0355677352919912
60425;Álvaro García;LMF;82,0;81,88400056887262;82;0,0;0,11599943112737776
60529;Sergi Darder;LMF;76,0;76,40004727228417;76;0,0;0,40004727228416925
60537;L. Sinisterra;LMF;72,0;71,9127758677018;72;0,0;0,08722413229820347
61402;F. Cervi;LMF;72,0;72,3148623079468;72;0,0;0,3148623079467967
61643;Y. Soteldo;LMF;74,0;74,01704255847297;74;0,0;0,017042558472965652
100618;Pablo Martínez;LMF;70,0;69,62830519882688;70;0,0;0,3716948011731205
100719;L. Besozzi;LMF;70,0;70,28842504272261;70;0,0;0,2884250427226078
100922;Samuel Lino;LMF;77,0;77,25960260197958;77;0,0;0,25960260197958007
101499;K. Arroyo;LMF;72,0;71,85572843214851;72;0,0;0,1442715678514901
101664;I. Ndiaye;LMF;81,0;80,69596836576007;81;0,0;0,3040316342399336
102418;Puado;LMF;76,0;76,06999764639636;76;0,0;0,06999764639635941
103291;A. Danjuma;LMF;74,0;73,88521836957712;74;0,0;0,11478163042288259
103657;Barrenetxea;LMF;77,0;77,03249042100389;77;0,0;0,03249042100388522
104061;K. Saverio;LMF;67,0;67,46556754423602;67;0,0;0,4655675442360234
104706;Pere Milla;LMF;74,0;73,9978833155576;74;0,0;0,002116684442398764
105274;R. Márquez;LMF;68,0;68,1053677912475;68;0,0;0,1053677912475024
105284;J. Lavega;LMF;68,0;67,71851640085254;68;0,0;0,2814835991474638
105321;Á. Barreal;LMF;75,0;74,88191568124167;75;0,0;0,11808431875833492
105379;V. Depietri;LMF;70,0;70,07837000530918;70;0,0;0,07837000530918203
105383;L. Ramazani;LMF;75,0;74,68426975039895;75;0,0;0,3157302496010459
105808;A. Castro;LMF;67,0;66,99872961573192;67;0,0;0,0012703842680821253
106280;Keno;LMF;70,0;69,57577529374215;70;0,0;0,4242247062578457
107686;F. Dimarco;LMF;81,0;80,97301432551521;81;0,0;0,02698567448479139
107819;F. Kostić;LMF;77,0;76,58654091248127;77;0,0;0,4134590875187314
108770;T. Fernández;LMF;73,0;72,56573214903518;73;0,0;0,43426785096481524
108771;H. Tijanovich;LMF;66,0;66,11012487079576;66;0,0;0,11012487079575806
108955;G. Diangana;LMF;72,0;71,62406423720316;72;0,0;0,3759357627968427
109079;R. Vargas;LMF;78,0;78,1143171360222;78;0,0;0,11431713602219418
110312;N. Palavecino;LMF;63,0;63,04365444100678;63;0,0;0,04365444100677962
110457;S. Grella;LMF;63,0;63,40275533196537;63;0,0;0,4027553319653734
110576;K. Serna;LMF;74,0;73,66115458102817;74;0,0;0,33884541897182885
111067;G. Rojas;LMF;77,0;77,04463037015601;77;0,0;0,04463037015601401
111361;H. Fértoli;LMF;72,0;71,6293139643657;72;0,0;0,3706860356342929
112991;E. Viveros;LMF;69,0;68,96383429072242;69;0,0;0,03616570927758289
113308;F. Fragapane;LMF;73,0;72,65306883194779;73;0,0;0,34693116805220825
113709;Javi Llabrés;LMF;71,0;70,79631796429389;71;0,0;0,20368203570610888
113839;Moleiro;LMF;80,0;80,24910621155263;80;0,0;0,24910621155262902
113995;Rick;LMF;71,0;71,25782539525275;71;0,0;0,25782539525275183
114076;Y. Arismendi;LMF;67,0;67,33110958402598;67;0,0;0,331109584025981
114116;M. Araújo;LMF;68,0;68,40637458314265;68;0,0;0,4063745831426502
114394;Vitinho;LMF;73,0;73,07716482911783;73;0,0;0,07716482911783373
114431;Ó. Cortés;LMF;70,0;70,10144879660854;70;0,0;0,1014487966085369
114537;J. Gho;LMF;69,0;69,24804340060132;69;0,0;0,24804340060131835
114634;D. Tarzia;LMF;66,0;66,31977093850938;66;0,0;0,31977093850937877
114983;J. Tobio Burgos;LMF;72,0;71,8547054028187;72;0,0;0,1452945971813051
115119;T. Segovia;LMF;69,0;68,98615949677391;69;0,0;0,013840503226091982
115161;Diego López;LMF;77,0;76,81294336186743;77;0,0;0,18705663813257445
115540;M. Braida;LMF;70,0;70,34856402560912;70;0,0;0,3485640256091216
116144;M. Sanabria;LMF;71,0;70,52409296227152;71;0,0;0,47590703772847576
116191;Allex;LMF;63,0;62,989886007781536;63;0,0;0,010113992218464318
116592;T. Galván;LMF;72,0;72,20332547936796;72;0,0;0,20332547936796175
117289;Tete Morente;LMF;71,0;71,17993989095358;71;0,0;0,17993989095357676
117402;I. Chaira;LMF;73,0;73,38836477265835;73;0,0;0,388364772658349
117545;T. Cuello;LMF;73,0;72,62820546841141;73;0,0;0,3717945315885913
117678;Kaique Kenji;LMF;68,0;67,82198610618272;68;0,0;0,17801389381727972
117723;J. Kalumba;LMF;68,0;67,5666001201035;68;0,0;0,4333998798964984
117731;N. Angulo;LMF;74,0;74,31455749048382;74;0,0;0,3145574904838213
118078;G. Gentile;LMF;65,0;65,25080009639701;65;0,0;0,2508000963970147
118303;J. Ramsey;LMF;75,0;74,78830328385469;75;0,0;0,21169671614531183
118325;S. Medina;LMF;69,0;68,79723085735526;69;0,0;0,20276914264474044
118379;Bryan Gil;LMF;77,0;76,93928219241661;77;0,0;0,060717807583387184
118385;A. Sosa;LMF;67,0;66,44908566148612;66;1,0;0,550914338513877
118425;M. Tavernier;LMF;76,0;75,80797313497145;76;0,0;0,19202686502855215
118585;T. Adoryán;LMF;65,0;65,45138198893726;65;0,0;0,451381988937257
118592;K. Lamadrid;LMF;69,0;68,66295015211122;69;0,0;0,33704984788877823
118716;F. Zapiola;LMF;71,0;70,9626455386329;71;0,0;0,03735446136710152
118723;C. Ejuke;LMF;76,0;76,15617906920639;76;0,0;0,15617906920638802
118827;Hugo Álvarez;LMF;73,0;72,78729258990072;73;0,0;0,2127074100992843
118836;A. Riep;LMF;65,0;64,74479402425966;65;0,0;0,25520597574033843
118945;F. Nicola;LMF;66,0;66,0166978203672;66;0,0;0,0166978203671988
119113;D. Hernández;LMF;70,0;69,5108768466496;70;0,0;0,48912315335040546
119131;Sergio Gómez;LMF;76,0;75,9252105816906;76;0,0;0,07478941830939334
119140;E. Ben Seghir;LMF;74,0;74,10944558645966;74;0,0;0,10944558645965685
119841;F. Orozco;LMF;68,0;68,06305383090984;68;0,0;0,06305383090983696
120315;E. Zeballos;LMF;78,0;78,43488474776494;78;0,0;0,43488474776494
120327;S. Montiel;LMF;72,0;72,29732493132008;72;0,0;0,29732493132007676
123232;L. Herrera;LMF;69,0;68,55847404237255;69;0,0;0,44152595762744795
292521;L. Piñero;LMF;68,0;67,67331893822023;68;0,0;0,32668106177976597
16346;K. Mitoma;LWF;80,0;79,59308141037022;80;0,0;0,40691858962978245
33473;Osvaldo;LWF;68,0;67,86085884828802;68;0,0;0,13914115171198205
33915;J. Gittens;LWF;78,0;78,22371362562941;78;0,0;0,223713625629415
37522;Nuno Moreira;LWF;70,0;70,38465359646861;70;0,0;0,38465359646860975
38858;S. El Shaarawy;LWF;75,0;75,40137775442903;75;0,0;0,4013777544290349
40277;David;LWF;67,0;67,39061010353814;67;0,0;0,39061010353813685
40362;Ênio;LWF;66,0;65,9221261680107;66;0,0;0,07787383198929376
41144;J. Merlo;LWF;65,0;64,7463038944599;65;0,0;0,2536961055401008
42346;Alesson;LWF;71,0;70,88162172133639;71;0,0;0,11837827866361295
42654;G. González;LWF;65,0;65,28712267623551;65;0,0;0,28712267623551213
43695;Dudu;LWF;72,0;72,20117360517997;72;0,0;0,2011736051799744
44987;L. Melgarejo;LWF;68,0;67,50821255833418;68;0,0;0,4917874416658208
45137;W. Gnonto;LWF;73,0;73,05642534899441;73;0,0;0,05642534899440932
45463;K. Schade;LWF;74,0;74,28060886597892;74;0,0;0,28060886597891965
45664;I. Zufiaurre;LWF;66,0;65,68985386319618;66;0,0;0,31014613680382297
45690;L. Angulo;LWF;71,0;71,37679633963097;71;0,0;0,37679633963097103
46023;Vitinho;LWF;68,0;68,14610429831062;68;0,0;0,14610429831061822
46049;Wanderson;LWF;72,0;71,79687205974325;72;0,0;0,20312794025674918
46951;C. Summerville;LWF;77,0;76,62673687981506;77;0,0;0,37326312018494434
47148;R. Mundle;LWF;70,0;69,85515641475028;70;0,0;0,14484358524971697
47182;Alef Manga;LWF;68,0;68,3431426489999;68;0,0;0,3431426489999012
47583;L. Janson;LWF;67,0;67,27002755849755;67;0,0;0,2700275584975458
48129;L. Díaz;LWF;86,0;86,17745756068902;86;0,0;0,17745756068902097
54348;E. Delmás;LWF;61,0;60,94812526501408;61;0,0;0,051874734985922544
54680;Y. Quiñónez;LWF;65,0;64,9939907230168;65;0,0;0,006009276983206746
54826;E. Mosquera;LWF;69,0;68,8831397768353;69;0,0;0,11686022316469291
54832;A. Castro;LWF;68,0;67,68902656636698;68;0,0;0,31097343363302343
55128;B. Castrillón;LWF;68,0;68,55025939632804;69;1,0;0,5502593963280447
55432;J. Meza;LWF;65,0;65,1629284154429;65;0,0;0,16292841544290582
55709;J. Valencia;LWF;66,0;66,16598868277775;66;0,0;0,16598868277775125
55786;A. Alvarado;LWF;71,0;70,59234870384815;71;0,0;0,4076512961518546
55788;Bruno Rodrigues;LWF;69,0;69,47805363025418;69;0,0;0,47805363025418046
55801;J. Cuesta;LWF;66,0;66,21187882224048;66;0,0;0,21187882224047883
56137;J. Uzeda;LWF;64,0;64,00964579850621;64;0,0;0,009645798506213055
56143;L. Cano;LWF;68,0;68,15691189228485;68;0,0;0,15691189228485314
57304;S. Mané;LWF;81,0;80,81615337596256;81;0,0;0,183846624037443
57651;L. Colitto;LWF;68,0;67,94819357434994;68;0,0;0,05180642565005655
57657;J. Vargas;LWF;65,0;65,26595971746141;65;0,0;0,26595971746141345
57922;J. Montaño;LWF;66,0;65,85845407385084;66;0,0;0,1415459261491634
57923;G. Mancilla;LWF;59,0;58,89076083729573;59;0,0;0,10923916270427014
57996;E. Valencia;LWF;67,0;66,88079501485579;67;0,0;0,11920498514420785
58066;E. Mereles;LWF;64,0;64,26411691151594;64;0,0;0,2641169115159414
58078;B. Arady;LWF;63,0;63,386445234474785;63;0,0;0,3864452344747846
58164;D. Vergara;LWF;73,0;73,00262928616287;73;0,0;0,0026292861628718356
58269;H. Fernández;LWF;68,0;67,92997889986803;68;0,0;0,07002110013196727
58273;P. Rodríguez;LWF;69,0;68,61556006977133;69;0,0;0,38443993022866607
60522;D. Ouattara;LWF;72,0;71,94328480386663;72;0,0;0,05671519613336784
63738;Portu;LWF;73,0;72,81901284201692;73;0,0;0,18098715798308262
65142;D. González;LWF;71,0;71,17845674415999;71;0,0;0,17845674415998758
100072;A. Rebbach;LWF;70,0;69,92018477548035;70;0,0;0,07981522451964906
101115;J. Grealish;LWF;79,0;79,62334971534119;80;1,0;0,6233497153411918
101301;L. Trossard;LWF;80,0;80,01216051405996;80;0,0;0,012160514059956995
101569;Mateus Xavier;LWF;61,0;61,23178973799166;61;0,0;0,23178973799166158
102327;Fabinho;LWF;66,0;66,07382219061999;66;0,0;0,07382219061999251
102403;Vinicinho;LWF;67,0;66,90347160117085;67;0,0;0,09652839882915032
103181;L. Rafaelli;LWF;61,0;60,700798248195404;61;0,0;0,2992017518045955
103505;A. Garnacho;LWF;79,0;79,49664470868893;79;0,0;0,4966447086889332
103612;Berenguer;LWF;79,0;79,1030726797367;79;0,0;0,10307267973669809
104344;D. Crego;LWF;65,0;64,75634244301061;65;0,0;0,2436575569893904
104417;Kike Barja;LWF;72,0;72,41114209020563;72;0,0;0,41114209020562953
104503;Isaac;LWF;65,0;65,02860797678755;65;0,0;0,02860797678755489
104636;A. Santos;LWF;69,0;69,44062440513834;69;0,0;0,4406244051383368
105423;Paco Cortés;LWF;64,0;64,08880557622005;64;0,0;0,0888055762200537
105457;João Félix;LWF;80,0;79,7416274376589;80;0,0;0,2583725623410942
105482;J. Nsumoh;LWF;61,0;61,5049809478581;62;1,0;0,5049809478581011
106238;Julimar;LWF;70,0;69,75016337693985;70;0,0;0,24983662306014764
106410;A. Iwobi;LWF;77,0;76,58511425745968;77;0,0;0,41488574254032073
106617;Perdo Rocha;LWF;71,0;71,30519001450374;71;0,0;0,3051900145037365
106832;C. Jaime;LWF;66,0;65,93778995709359;66;0,0;0,06221004290641474
107256;G. Martinelli;LWF;80,0;80,14016003616501;80;0,0;0,14016003616501393
107635;Q. Ndjantou;LWF;68,0;67,73303472750784;68;0,0;0,2669652724921576
107646;J. Boga;LWF;75,0;74,60749005369844;75;0,0;0,39250994630155844
107782;Roger;LWF;60,0;60,2000502065108;60;0,0;0,2000502065108023
107784;M. Moreno;LWF;69,0;68,85703646261832;69;0,0;0,1429635373816751
108079;E. Buendía;LWF;75,0;74,79495875528173;75;0,0;0,20504124471827367
108118;Ferreirinha;LWF;72,0;72,46562158831165;72;0,0;0,4656215883116488
108577;N. Ferreira;LWF;64,0;63,94641039723787;64;0,0;0,05358960276213054
108689;W. Mike;LWF;62,0;61,77594546732807;62;0,0;0,22405453267192854
108875;A. Velasco;LWF;72,0;71,85794449547993;72;0,0;0,14205550452007287
108895;J. Carbonero;LWF;74,0;74,5032770526664;75;1,0;0,5032770526664052
108948;S. Gnabry;LWF;79,0;79,33504541253998;79;0,0;0,33504541253998354
109396;R. Ngumoha;LWF;68,0;68,14417571865687;68;0,0;0,14417571865686796
110069;T. George;LWF;69,0;69,03035898022577;69;0,0;0,030358980225770438
110638;M. Rashford;LWF;78,0;78,41975817498309;78;0,0;0,41975817498308743
110644;Raphinha;LWF;87,0;86,77731459122302;87;0,0;0,22268540877698229
110948;S. Villa;LWF;75,0;74,69562556743489;75;0,0;0,3043744325651119
111000;Wesley;LWF;69,0;69,50556180224702;70;1,0;0,5055618022470156
111058;T. Conechny;LWF;69,0;69,17472390651349;69;0,0;0,174723906513492
111203;N. Silva;LWF;70,0;69,64930994685318;70;0,0;0,35069005314682045
111328;B. Aguirre;LWF;70,0;70,0739093699856;70;0,0;0,07390936998559994
111844;Kvaratskhelia;LWF;84,0;84,00156449089238;84;0,0;0,0015644908923775347
112469;Maurício Garcez;LWF;65,0;64,79979205018863;65;0,0;0,20020794981137158
112746;Wermeson;LWF;64,0;63,674428170983255;64;0,0;0,3255718290167451
112921;M. Lovera;LWF;70,0;69,66866520244493;70;0,0;0,33133479755507267
113162;Lucas Silva;LWF;66,0;66,5420316904505;67;1,0;0,5420316904505
113297;J. Bruun Larsen;LWF;70,0;70,03885188994289;70;0,0;0,03885188994289024
113608;Nico Williams;LWF;82,0;82,29077876112923;82;0,0;0,29077876112923207
113803;Abde;LWF;78,0;77,70930518266263;78;0,0;0,2906948173373678
113810;Ítalo Vargas;LWF;65,0;65,0120961875922;65;0,0;0,01209618759220632
113827;Á. Verón;LWF;61,0;61,22092363073887;61;0,0;0,22092363073886645
113855;N. Briasco;LWF;66,0;66,17801726074981;66;0,0;0,1780172607498116
113933;Moisés;LWF;70,0;69,90890863684447;70;0,0;0,09109136315552746
114003;J. Doku;LWF;82,0;81,84483023061736;82;0,0;0,15516976938263838
114077;W. Núñez;LWF;68,0;67,71927073239175;68;0,0;0,2807292676082511
114219;S. López;LWF;67,0;67,41808797099196;67;0,0;0,41808797099196227
114235;F. Chiesa;LWF;78,0;78,10186067442535;78;0,0;0,10186067442535318
114257;E. Taborda;LWF;65,0;64,95378811504209;65;0,0;0,04621188495791273
114273;Bruninho;LWF;63,0;63,10858973746799;63;0,0;0,10858973746798739
114284;B. Barcola;LWF;83,0;83,04238501462123;83;0,0;0,042385014621231676
114347;J. Silva;LWF;67,0;66,5887784717594;67;0,0;0,41122152824060265
114419;Bryan Zaragoza;LWF;76,0;75,85029771188857;76;0,0;0,1497022881114276
114540;Breno Lopes;LWF;70,0;69,60161386300618;70;0,0;0,3983861369938211
114709;W. Mazzantti;LWF;70,0;69,75835885167679;70;0,0;0,24164114832321104
114766;F. Kalinger;LWF;63,0;63,154535423746296;63;0,0;0,15453542374629592
114855;H. Barnes;LWF;78,0;77,46988985398549;77;1,0;0,5301101460145077
114967;Víctor Muñoz;LWF;73,0;72,77631373401451;73;0,0;0,22368626598549213
115023;G. Togni;LWF;71,0;70,92822026804467;71;0,0;0,07177973195533127
115128;D. Aguilar;LWF;63,0;63,62976667330025;64;1,0;0,6297666733002529
115175;L. Pastrán;LWF;68,0;68,55947725472663;69;1,0;0,5594772547266302
115538;P. Barrios;LWF;69,0;69,04723661725929;69;0,0;0,04723661725928707
115778;W. Swedberg;LWF;71,0;70,58145118043966;71;0,0;0,4185488195603426
115841;H. Mosquera;LWF;70,0;69,57563133566836;70;0,0;0,424368664331638
115924;Erick Pulga;LWF;74,0;74,13532975851071;74;0,0;0,13532975851070717
115989;Davi Gomes;LWF;64,0;63,88892654808968;64;0,0;0,11107345191032181
116145;G. Infantino;LWF;64,0;64,1336266937305;64;0,0;0,1336266937305055
116270;Kevin;LWF;73,0;72,88761673660916;73;0,0;0,11238326339083926
116484;M. Silvetti;LWF;67,0;66,59969660041972;67;0,0;0,40030339958028094
116667;Jan Virgili;LWF;73,0;72,94073175049117;73;0,0;0,05926824950883258
116708;M. Mudryk;LWF;74,0;74,12111167029978;74;0,0;0,12111167029978276
116751;Ferran Torres;LWF;83,0;82,72723918062117;83;0,0;0,27276081937883134
117047;Vinícius Júnior;LWF;88,0;87,94645411931242;88;0,0;0,053545880687579483
117567;M. González;LWF;61,0;61,373370977334396;61;0,0;0,37337097733439606
117582;V. Birmančević;LWF;75,0;74,71064988199046;75;0,0;0,289350118009537
117604;C. Franco;LWF;60,0;60,3603960907565;60;0,0;0,3603960907565025
117689;J. Campaz;LWF;74,0;73,68176110327519;74;0,0;0,3182388967248073
117699;M. Trésor;LWF;70,0;69,83220213353023;70;0,0;0,16779786646976902
117786;Robinho Júnior;LWF;67,0;66,64525928090343;67;0,0;0,35474071909656857
118007;J. Sancho;LWF;77,0;77,30418622044179;77;0,0;0,30418622044179244
118175;Nico Serrano;LWF;69,0;69,13200510870209;69;0,0;0,1320051087020886
118686;M. Tel;LWF;76,0;75,63470356021693;76;0,0;0,3652964397830658
118732;Edson Carioca;LWF;67,0;66,69324404195262;67;0,0;0,30675595804737554
118936;B. Álvarez;LWF;62,0;61,91499081750891;62;0,0;0,0850091824910919
118946;M. Panaro;LWF;67,0;66,71641283206934;67;0,0;0,2835871679306621
118954;S. Sosa;LWF;67,0;67,0931195827694;67;0,0;0,09311958276940402
118987;K. Coman;LWF;79,0;79,22241219776913;79;0,0;0,22241219776913113
119143;J. Anthony;LWF;72,0;71,97861639693598;72;0,0;0,02138360306402376
119153;Rafael Leão;LWF;83,0;82,86989396140298;83;0,0;0,1301060385970203
119892;Raúl Moro;LWF;75,0;74,71336261505552;75;0,0;0,2866373849444841
120300;F. Amuzu;LWF;73,0;72,91301404612791;73;0,0;0,08698595387208741
120309;C. Hudson-Odoi;LWF;76,0;76,0237138082953;76;0,0;0,023713808295298122
120368;A. Gordon;LWF;79,0;78,5145560841672;79;0,0;0,48544391583280344
121224;E. González;LWF;65,0;64,93891354544452;65;0,0;0,06108645455547901
122012;C. Gakpo;LWF;80,0;79,80344492609915;80;0,0;0,19655507390085347
122314;C. Montes;LWF;67,0;67,30253239647557;67;0,0;0,30253239647556995
122331;J. Manzaneda;LWF;65,0;65,2075038297115;65;0,0;0,2075038297114986
122342;M. Castro;LWF;69,0;68,59175870356955;69;0,0;0,4082412964304467
122934;M. Chaparro;LWF;63,0;63,08358609124559;63;0,0;0,0835860912455928
123442;S. Mosquera;LWF;68,0;68,28191883085813;68;0,0;0,28191883085813174
124295;M. Mundaca;LWF;65,0;65,04788413877799;65;0,0;0,04788413877798803
262959;A. Sarmiento;LWF;69,0;69,06572789278717;69;0,0;0,06572789278716584
264664;M. Fernández;LWF;67,0;66,6304106499954;67;0,0;0,3695893500046026
299562;B. Méndez;LWF;56,0;55,95408440513479;56;0,0;0,0459155948652068
307653;Matheus Martins;LWF;72,0;71,8189299156566;72;0,0;0,18107008434340344
322947;L. Hernández;LWF;64,0;64,37651969391997;64;0,0;0,376519693919974
323595;Éverton C.;LWF;77,0;76,87271861509674;77;0,0;0,1272813849032559
325168;L. Iberico;LWF;67,0;66,34942901809715;66;1,0;0,6505709819028453
368379;L. Cepeda;LWF;69,0;68,91320725861598;69;0,0;0,08679274138401638
372206;G. Cantizano;LWF;62,0;62,331547192485786;62;0,0;0,331547192485786
4884;J. Bogle;RB;74,0;73,57783003743077;74;0,0;0,4221699625692281
8849;E. Mancuso;RB;72,0;71,52810713151793;72;0,0;0,47189286848207246
31018;Daniel Borges;RB;68,0;67,9046188332226;68;0,0;0,0953811667774005
32470;Bruno Gomes;RB;71,0;70,69114592181568;71;0,0;0,308854078184325
32919;Paulo Henrique;RB;75,0;75,1513816175468;75;0,0;0,15138161754680368
33041;Yan Couto;RB;77,0;77,00276396418842;77;0,0;0,0027639641884178445
34882;J. Timber;RB;82,0;82,33114267466948;82;0,0;0,3311426746694792
36945;Fagner;RB;71,0;70,72000724055198;71;0,0;0,27999275944802093
37030;Arguibide;RB;64,0;63,8897102975369;64;0,0;0,1102897024630991
37140;M. Darmian;RB;77,0;76,47705417101652;76;1,0;0,522945828983481
37356;Guga;RB;71,0;70,5746275710535;71;0,0;0,4253724289465026
37405;M. Alexandre;RB;67,0;66,59774470467957;67;0,0;0,4022552953204297
37518;J. Hurtado;RB;72,0;71,7188868957911;72;0,0;0,2811131042088988
38199;Emerson Royal;RB;73,0;73,19335445070904;73;0,0;0,19335445070903745
38810;Lucas Ramon;RB;71,0;70,80303217129918;71;0,0;0,19696782870082075
39441;A. Hickey;RB;73,0;73,39268666183503;73;0,0;0,39268666183502887
40283;S. Coleman;RB;70,0;70,3929157585511;70;0,0;0,39291575855109784
40568;Igor Vinícius;RB;72,0;71,72188207220945;72;0,0;0,27811792779054656
40617;J. Gordon;RB;69,0;68,7066663248883;69;0,0;0,29333367511169683
41119;K. Walker;RB;75,0;75,4297021893731;75;0,0;0,4297021893731028
41686;D. Muñoz;RB;80,0;80,13637418707117;80;0,0;0,13637418707116922
42322;Kiko Femenía;RB;73,0;73,4841465849168;73;0,0;0,4841465849168003
42433;M. Bracamonte;RB;65,0;64,53715159327356;65;0,0;0,4628484067264367
42535;Cédric;RB;68,0;68,26291169311617;68;0,0;0,26291169311616613
42606;J. Stanišić;RB;77,0;77,04866100882347;77;0,0;0,048661008823472685
43166;M. Doherty;RB;73,0;72,74852316876586;73;0,0;0,2514768312341431
43210;Juan Iglesias;RB;73,0;73,12865886748563;73;0,0;0,12865886748562616
43815;U. Ciccioli;RB;64,0;64,13856193053866;64;0,0;0,13856193053865695
44637;A. Nyom;RB;71,0;70,80408846064854;71;0,0;0,19591153935145655
44857;S. Arias;RB;72,0;72,00005108430216;72;0,0;5,1084302157278216e-05
45113;D. Foulquier;RB;73,0;72,67283429303856;73;0,0;0,32716570696143776
46350;Marcos Vinícius;RB;67,0;66,71758735816944;67;0,0;0,28241264183056103
46850;J. Veltman;RB;76,0;76,35883124543736;76;0,0;0,3588312454373579
47012;K. Coronel;RB;67,0;67,06526878979595;67;0,0;0,06526878979595097
47238;N. Clyne;RB;70,0;70,37728994658318;70;0,0;0,3772899465831756
47357;Areso;RB;76,0;76,06241208309706;76;0,0;0,06241208309705826
47405;Jonny;RB;75,0;74,82866860828592;75;0,0;0,17133139171407663
47787;João Cancelo;RB;80,0;79,9187002191424;80;0,0;0,0812997808576057
47933;J. García;RB;74,0;73,84297495704038;74;0,0;0,15702504295961717
53474;J. Guerrero;RB;69,0;68,9933174554305;69;0,0;0,006682544569500237
53906;J. Alfaro;RB;65,0;65,32080005298566;65;0,0;0,3208000529856605
54400;M. Fernández;RB;71,0;70,61077089484522;71;0,0;0,38922910515478293
54787;Mayke;RB;70,0;69,44676842807382;69;1,0;0,553231571926176
54798;Marcos Rocha;RB;70,0;70,04266396987249;70;0,0;0,04266396987249266
54849;J. Cuero;RB;66,0;65,9868998044276;66;0,0;0,013100195572405937
54851;L. Soza;RB;69,0;69,25701773700158;69;0,0;0,2570177370015756
54855;D. Escobar;RB;65,0;65,09212808191529;65;0,0;0,0921280819152912
55037;S. Al-Ghannam;RB;72,0;71,72428323498384;72;0,0;0,2757167650161563
55043;N. Boushal;RB;73,0;72,9693510637224;73;0,0;0,03064893627760057
55412;D. Montenegro;RB;66,0;65,8079721847487;66;0,0;0,19202781525129353
55708;M. Puerta;RB;68,0;68,24335251006468;68;0,0;0,24335251006468184
55784;D. De La Cruz;RB;70,0;69,90796688261685;70;0,0;0,09203311738315278
55855;J. Espinoza;RB;71,0;70,87743335370492;71;0,0;0,12256664629508407
55896;C. Sarabia;RB;66,0;66,49627105801237;66;0,0;0,49627105801236837
55991;Y. Perlaza;RB;66,0;66,38319148950868;66;0,0;0,38319148950867543
56026;E. Mena;RB;69,0;69,02839569834767;69;0,0;0,028395698347665643
56036;S. Martín;RB;65,0;64,82942142088136;65;0,0;0,17057857911864005
56037;A. Román;RB;71,0;70,53313076794922;71;0,0;0,466869232050783
56059;N. Hernández;RB;68,0;67,73191430701516;68;0,0;0,2680856929848403
56120;N. Fernández;RB;68,0;68,16389683756813;68;0,0;0,16389683756813156
56148;N. Sansotre;RB;64,0;64,24507553100618;64;0,0;0,2450755310061794
56153;L. Di Placido;RB;69,0;69,09180475195944;69;0,0;0,09180475195944382
56174;P. Ramírez;RB;66,0;66,14082893269702;66;0,0;0,14082893269701913
56190;A. Vigo;RB;70,0;70,24113387664845;70;0,0;0,24113387664844765
57256;Wesley;RB;78,0;77,91328254816706;78;0,0;0,08671745183293922
57280;Khellven;RB;71,0;71,35270501941974;71;0,0;0,3527050194197443
57353;Carvajal;RB;82,0;81,95685676853714;82;0,0;0,043143231462863696
57624;E. Herrera;RB;67,0;66,88879197997557;67;0,0;0,11120802002443497
57910;D. Romero;RB;67,0;66,74427393297196;67;0,0;0,2557260670280357
57916;H. Palacios;RB;67,0;67,25306191948573;67;0,0;0,25306191948573087
57919;J. Viveros;RB;61,0;61,10963219256614;61;0,0;0,10963219256613854
58046;C. Rodríguez;RB;63,0;63,2239721941655;63;0,0;0,22397219416549774
58047;C. Medina;RB;62,0;61,814029369086846;62;0,0;0,1859706309131539
58061;G. Varela;RB;76,0;76,30619148092701;76;0,0;0,3061914809270121
58062;E. Ancheta;RB;70,0;69,99735026478034;70;0,0;0,00264973521966283
58063;N. Rodríguez;RB;69,0;68,76060643204752;69;0,0;0,2393935679524759
58145;R. Gómez;RB;64,0;64,20564044602219;64;0,0;0,205640446022187
58160;A. Benítez;RB;69,0;68,6504599951231;69;0,0;0,34954000487689996
58214;P. Milans;RB;71,0;71,18889772800887;71;0,0;0,18889772800886817
58219;L. Paz;RB;62,0;62,60637784153428;63;1,0;0,6063778415342824
58229;Y. Hurtado;RB;69,0;69,3491971114049;69;0,0;0,34919711140490506
58232;B. Castillo;RB;71,0;70,8904841040548;71;0,0;0,10951589594519362
58234;W. Vargas;RB;68,0;67,78827317332237;68;0,0;0,21172682667763354
58241;B. Carabalí;RB;71,0;70,85789764289714;71;0,0;0,142102357102857
58266;C. Olmedo;RB;64,0;63,66896263073376;64;0,0;0,33103736926624094
58287;T. Santamaría;RB;68,0;68,53381456449866;69;1,0;0,5338145644986554
58365;I. Boatwright;RB;59,0;59,35327914941475;59;0,0;0,35327914941475314
58400;J. Saborido;RB;69,0;69,42525734771552;69;0,0;0,42525734771551527
59443;B. Cerezo;RB;68,0;67,83465879081817;68;0,0;0,16534120918183248
59474;Dudu;RB;68,0;67,91523857250502;68;0,0;0,08476142749498194
59596;K. Tete;RB;77,0;76,88392564345054;77;0,0;0,1160743565494613
60036;A. Sant'Anna;RB;69,0;68,79128773511053;69;0,0;0,2087122648894706
60096;G. Benavídez;RB;71,0;71,47677391111;71;0,0;0,47677391111000134
60201;R. Saravia;RB;71,0;71,21620835804411;71;0,0;0,21620835804411342
60505;J. Rodríguez;RB;72,0;71,78337704650603;72;0,0;0,21662295349396743
60523;R. James;RB;80,0;80,2197875350523;80;0,0;0,21978753505230486
60916;Z. Çelik;RB;76,0;75,9312407574821;76;0,0;0,06875924251789911
61489;Á. Preciado;RB;75,0;74,9971361194133;75;0,0;0,002863880586701839
63294;V. Moreno;RB;68,0;68,39404813139097;68;0,0;0,3940481313909743
63370;Hugo Rincón;RB;73,0;72,59955220327763;73;0,0;0,40044779672237496
63392;I. Campo;RB;62,0;62,5687645910494;63;1,0;0,5687645910494012
63702;Gilberto;RB;71,0;71,33243839306975;71;0,0;0,33243839306975076
63719;William;RB;73,0;72,70476716114142;73;0,0;0,2952328388585812
100101;G. Compagnucci;RB;66,0;65,83868453650334;66;0,0;0,16131546349666337
100134;S. Moyano;RB;68,0;68,00460579880027;68;0,0;0,004605798800270122
100219;E. Holm;RB;74,0;73,68490571065996;74;0,0;0,31509428934003836
100299;K. Trippier;RB;76,0;75,97054937277039;76;0,0;0,029450627229607562
100481;A. Ratiu;RB;77,0;77,27623144382125;77;0,0;0,27623144382124565
100510;Héctor Bellerín;RB;76,0;75,65750076993056;76;0,0;0,3424992300694356
100856;Buba Sangaré;RB;67,0;67,35838264990005;67;0,0;0,35838264990005086
101338;C. Kporha;RB;64,0;64,48589836661552;64;0,0;0,48589836661551544
101771;A. Smith;RB;73,0;73,02903967693977;73;0,0;0,029039676939774495
101902;R. Cáceres;RB;68,0;68,09961045853419;68;0,0;0,09961045853418682
101952;G. Luján;RB;68,0;68,03744754240778;68;0,0;0,03744754240777581
102420;Juanlu Sánchez;RB;73,0;73,16632827660881;73;0,0;0,16632827660880878
102561;H. Palacios;RB;69,0;69,29044833813796;69;0,0;0,29044833813796345
102610;D. Martínez;RB;67,0;66,67240132820325;67;0,0;0,32759867179674984
102983;J. Aramburu;RB;75,0;75,1069333218149;75;0,0;0,10693332181490689
103008;Marcos Llorente;RB;82,0;81,41969455605516;81;1,0;0,5803054439448374
103101;Claudinho;RB;66,0;65,9811402258724;66;0,0;0,018859774127605533
103408;Lucas Vázquez;RB;75,0;75,05736681660032;75;0,0;0,05736681660032161
103454;I. Ramírez;RB;67,0;66,75342123337734;67;0,0;0,24657876662266176
103576;Ángel Ortiz;RB;71,0;70,72996630870428;71;0,0;0,27003369129572263
103753;L. Lozano;RB;74,0;73,6544456347479;74;0,0;0,3455543652520987
104020;T. Hume;RB;76,0;75,95725036735985;76;0,0;0,04274963264015241
104151;Vitinho;RB;75,0;75,18095089463972;75;0,0;0,18095089463972158
104265;E. Bonifacio;RB;68,0;67,85677593466949;68;0,0;0,14322406533051435
104440;F. Martínez;RB;68,0;68,0268427290074;68;0,0;0,026842729007398702
104516;I. Bekhoucha;RB;65,0;64,74091277557407;65;0,0;0,2590872244259259
105324;L. Godoy;RB;70,0;70,0347295304126;70;0,0;0,03472953041260496
105341;M. Weigandt;RB;70,0;70,03627962196977;70;0,0;0,03627962196976853
105409;G. Enrique;RB;69,0;68,49776682172444;68;1,0;0,50223317827556
105411;G. Soto;RB;67,0;66,77263297431938;67;0,0;0,22736702568062128
105584;F. Hormazabal;RB;69,0;69,32825346174778;69;0,0;0,3282534617477779
106416;J. Justin;RB;74,0;73,99097852053399;74;0,0;0,00902147946601417
106423;S. Byram;RB;71,0;71,06591962268185;71;0,0;0,06591962268184659
106588;B. White;RB;81,0;80,45733474374818;80;1,0;0,5426652562518228
106968;Lekue;RB;71,0;71,25112304919566;71;0,0;0,2511230491956553
107045;Everton;RB;67,0;66,54053261156604;67;0,0;0,4594673884339642
107656;J. Frimpong;RB;83,0;83,01399818131698;83;0,0;0,013998181316978275
107895;João Pedro;RB;68,0;67,59040681990462;68;0,0;0,4095931800953849
107954;M. Gusto;RB;78,0;78,24305445390796;78;0,0;0,2430544539079591
108146;JP Chermont;RB;66,0;66,0687550726437;66;0,0;0,06875507264369674
108590;M. Brandán;RB;63,0;63,169978413088224;63;0,0;0,1699784130882236
108643;B. Schelotto;RB;65,0;65,4085922971449;65;0,0;0,4085922971449065
108927;O. Aina;RB;80,0;80,04103936441966;80;0,0;0,041039364419660274
108969;N. Mukiele;RB;78,0;78,28800800959645;78;0,0;0,288008009596453
109047;J. Ryerson;RB;79,0;79,01138496924578;79;0,0;0,011384969245781917
109080;Maffeo;RB;77,0;76,86434103628424;77;0,0;0,13565896371575548
109141;M. Kayode;RB;77,0;76,66131448886784;77;0,0;0,33868551113215517
109270;A. Lagos;RB;68,0;67,67919326971032;68;0,0;0,3208067302896751
109390;Igor Formiga;RB;70,0;69,69798006133304;70;0,0;0,30201993866695886
109911;E. Krafth;RB;72,0;72,38002274668277;72;0,0;0,38002274668276925
110051;Tinga;RB;67,0;67,36447211374806;67;0,0;0,36447211374806443
110073;J. Acheampong;RB;73,0;72,84378993138948;73;0,0;0,15621006861051967
110104;Javi Rueda;RB;73,0;72,71458091655056;73;0,0;0,28541908344944034
110520;G. Montiel;RB;75,0;75,38827453003087;75;0,0;0,38827453003086987
110551;C. Ramsay;RB;65,0;65,41334628847693;65;0,0;0,4133462884769301
110555;A. Tuanzebe;RB;73,0;73,38330203677319;73;0,0;0,38330203677318764
110558;João Lucas;RB;68,0;67,70632745467478;68;0,0;0,29367254532522225
110563;J. Iribarren;RB;66,0;65,84567960000943;66;0,0;0,15432039999056713
110715;M. Gutiérrez;RB;68,0;68,17952899657813;68;0,0;0,17952899657812793
110769;Lucas Ahijado;RB;68,0;68,41952219225999;68;0,0;0,4195221922599899
110784;J. Koundé;RB;84,0;84,1810646758031;84;0,0;0,18106467580309982
110834;M. Garay;RB;68,0;68,15296307448237;68;0,0;0,152963074482372
110974;E. Meza;RB;72,0;71,97654807623309;72;0,0;0,023451923766913296
111096;N. Molina;RB;77,0;76,81177988381067;77;0,0;0,18822011618932777
111116;R. Lewis;RB;77,0;76,68298928275726;77;0,0;0,3170107172427379
111248;J. Gómez;RB;66,0;66,39230771137231;66;0,0;0,392307711372311
111272;Rubén Sánchez;RB;69,0;69,13153687636398;69;0,0;0,13153687636398104
111301;L. Gómez;RB;70,0;69,78977630075738;70;0,0;0,21022369924261852
111850;I. Balliu;RB;74,0;74,3615228950851;74;0,0;0,36152289508510194
111969;M. Ortega;RB;66,0;66,35260350807921;66;0,0;0,3526035080792127
112000;A. Freeman;RB;73,0;72,58169493266449;73;0,0;0,41830506733550976
112012;Walker-Peters;RB;76,0;75,64159907179338;76;0,0;0,3584009282066205
112572;J. Hinshelwood;RB;73,0;73,40434285792936;73;0,0;0,40434285792936464
112790;Héctor Fort;RB;71,0;70,58130930247447;71;0,0;0,418690697525534
112940;Odriozola;RB;73,0;72,59667079306801;73;0,0;0,4033292069319856
113189;Arnau Martínez;RB;76,0;76,13125168085544;76;0,0;0,13125168085544203
113258;Matheuzinho;RB;73,0;73,18382178167928;73;0,0;0,18382178167928487
113405;T. Arnold;RB;80,0;80,34993917700466;80;0,0;0,34993917700465715
113428;L. Blondel;RB;70,0;70,19897252374085;70;0,0;0,19897252374084928
113443;V. Rosier;RB;77,0;76,41836925100043;76;1,0;0,5816307489995722
113737;R. González;RB;70,0;70,12034614822453;70;0,0;0,12034614822452738
113749;Nathan Mendes;RB;65,0;65,15364859070029;65;0,0;0,15364859070028558
113917;Marcelinho;RB;65,0;65,13689460023036;65;0,0;0,13689460023036304
113940;Natanael;RB;71,0;71,37030824780778;71;0,0;0,3703082478077846
113960;A. Hakimi;RB;86,0;85,73505940455507;86;0,0;0,26494059544492643
114029;M. Cash;RB;79,0;79,12489712345884;79;0,0;0,12489712345883675
114061;B. Aguirre;RB;69,0;69,01469159133904;69;0,0;0,014691591339044408
114135;S. García;RB;68,0;68,51871347748077;69;1,0;0,5187134774807731
114163;N. Patterson;RB;71,0;71,01052124770729;71;0,0;0,01052124770728824
114237;F. Corbalán;RB;66,0;65,59628863890981;66;0,0;0,40371136109018835
114241;Omar El Hilali;RB;76,0;76,29389306518475;76;0,0;0,2938930651847471
114366;F. Bustos;RB;74,0;74,28970474895421;74;0,0;0,2897047489542075
114412;Álvaro Núñez;RB;74,0;74,35006685713431;74;0,0;0,3500668571343084
114418;G. Cerato;RB;68,0;67,73730944718318;68;0,0;0,26269055281682085
114433;F. Mura;RB;72,0;71,9885409889441;72;0,0;0,011459011055904966
114626;Andrés García;RB;74,0;73,55834040637313;74;0,0;0,44165959362686635
114695;Pubill;RB;77,0;77,2992999744163;77;0,0;0,2992999744163001
114750;Kauã Moraes;RB;64,0;64,5816771303722;65;1,0;0,5816771303721993
114876;A. Wan-Bissaka;RB;79,0;79,27620538289901;79;0,0;0,27620538289900765
114888;Álex Jiménez;RB;74,0;73,72263418862522;74;0,0;0,27736581137477856
114901;Z. Athekame;RB;67,0;66,60087573446603;67;0,0;0,3991242655339704
115022;R. Gómez;RB;69,0;69,0087133507863;69;0,0;0,008713350786294427
115074;N. Savona;RB;72,0;72,26797684000938;72;0,0;0,26797684000938204
115095;Gilberto Junior;RB;64,0;64,09649848484337;64;0,0;0,09649848484336587
115163;O. Garrido;RB;63,0;63,478900993193015;63;0,0;0,47890099319301527
115236;E. Cannavo;RB;71,0;70,91841834533075;71;0,0;0,08158165466925027
115375;T. Guidara;RB;73,0;72,95613374738315;73;0,0;0,0438662526168514
115652;C. Roberts;RB;74,0;73,48534321976912;73;1,0;0,5146567802308795
115846;J. Mosquera;RB;69,0;69,14047805283629;69;0,0;0,14047805283628634
115931;Mateusinho;RB;70,0;69,85490103950133;70;0,0;0,14509896049867166
115999;L. Vargas;RB;71,0;70,78158117674863;71;0,0;0,21841882325136908
116143;Nacho Vidal;RB;72,0;72,30667799032685;72;0,0;0,30667799032684684
116297;Júlio Fidelis;RB;64,0;64,32596355749497;64;0,0;0,32596355749497263
116501;A. Schott;RB;71,0;70,66521348838573;71;0,0;0,33478651161426853
116521;F. Vera;RB;70,0;70,03268098679486;70;0,0;0,03268098679485831
116638;R. Barrios;RB;68,0;67,93777396576364;68;0,0;0,062226034236360306
116946;P. Mazzocchi;RB;71,0;70,71212772982159;71;0,0;0,2878722701784113
116970;G. Di Lorenzo;RB;81,0;80,61027673111893;81;0,0;0,38972326888107034
117495;S. Mouriño;RB;76,0;75,74924182368875;76;0,0;0,2507581763112512
117517;J. Barinaga;RB;73,0;72,72382844333372;73;0,0;0,27617155666628435
117518;L. Advíncula;RB;74,0;73,78101620260067;74;0,0;0,21898379739933205
117643;A. Méndez;RB;70,0;70,23283314126137;70;0,0;0,23283314126136645
117720;J. Cabrera;RB;64,0;64,10360602254495;64;0,0;0,10360602254495177
117766;K. Laimer;RB;81,0;80,43091309304953;80;1,0;0,5690869069504743
117774;A. Steimbach;RB;67,0;66,6738669270479;67;0,0;0,3261330729521035
117843;F. Domínguez;RB;70,0;70,28402841819575;70;0,0;0,28402841819574576
117879;Mateu Morey;RB;73,0;72,66655962901685;73;0,0;0,3334403709831548
117886;T. Castagne;RB;73,0;73,13088913014049;73;0,0;0,13088913014048842
117920;J. Cuenca;RB;60,0;59,930105124305264;60;0,0;0,06989487569473596
117960;E. Iñiguez;RB;67,0;66,7762798556565;67;0,0;0,22372014434350262
118076;N. Tenaglia;RB;76,0;75,40315044270385;75;1,0;0,596849557296153
118108;D. Rensch;RB;72,0;71,53424887296492;72;0,0;0,4657511270350767
118109;Arthur;RB;73,0;72,74766652162938;73;0,0;0,25233347837061615
118136;Diogo Dalot;RB;76,0;76,24013133395715;76;0,0;0,24013133395715158
118205;T. Livramento;RB;79,0;78,47613948974008;78;1,0;0,5238605102599223
118269;Maik;RB;67,0;67,46339551640251;67;0,0;0,46339551640251386
118295;J. González;RB;68,0;68,41785729525473;68;0,0;0,41785729525473414
118360;G. Martirena;RB;72,0;71,53289544662393;72;0,0;0,4671045533760747
118395;T. Rubio;RB;65,0;65,4607933424796;65;0,0;0,46079334247960446
118399;E. Coronel;RB;73,0;73,1005471210116;73;0,0;0,10054712101160135
118401;A. Giay;RB;72,0;72,40427261320083;72;0,0;0,4042726132008312
118531;J. Toljan;RB;74,0;73,6350240492161;74;0,0;0,36497595078390077
118648;L. Geertruida;RB;76,0;75,66455390680412;76;0,0;0,33544609319588403
118685;Gorosabel;RB;74,0;73,99471519523748;74;0,0;0,005284804762524686
119138;H. De La Fuente;RB;70,0;69,81482432753467;70;0,0;0,18517567246533417
119810;N. Morgantini;RB;67,0;67,38728903543428;67;0,0;0,3872890354342786
119816;Aitor Ruibal;RB;75,0;75,09924957374645;75;0,0;0,09924957374644805
119820;Pau Navarro;RB;69,0;68,69292523669601;69;0,0;0,3070747633039872
119827;M. Villa;RB;67,0;66,74039662319888;67;0,0;0,2596033768011239
119828;Pedro Porro;RB;78,0;78,37116341598973;78;0,0;0,37116341598972724
119889;N. Mazraoui;RB;78,0;78,04259791193961;78;0,0;0,042597911939608935
120376;Josan;RB;72,0;71,92208031433186;72;0,0;0,07791968566813523
121235;L. Souto;RB;68,0;67,75829715658624;68;0,0;0,24170284341376203
121239;Thierry Correia;RB;75,0;75,1190868505163;75;0,0;0,11908685051629675
121322;Pedro Lima;RB;68,0;68,42347951571561;68;0,0;0,4234795157156128
121344;Carmona;RB;76,0;76,11935719783743;76;0,0;0,11935719783743082
121980;C. Bradley;RB;78,0;78,37942966905881;78;0,0;0,37942966905880837
122320;M. Ruidías;RB;69,0;68,75846084742504;69;0,0;0,2415391525749584
122330;N. Arias;RB;66,0;66,39431571562179;66;0,0;0,39431571562178647
122914;J. Zevallos;RB;64,0;64,26527085326255;64;0,0;0,2652708532625496
123225;L. Chaverra;RB;69,0;69,0408784901414;69;0,0;0,04087849014139522
123717;J. Rojas;RB;68,0;68,20829589516597;68;0,0;0,2082958951659748
124233;K. Rodríguez;RB;63,0;62,7239154965068;63;0,0;0,2760845034932018
124270;S. Arancibia;RB;65,0;65,22593371170096;65;0,0;0,22593371170096077
124858;E. Villalba;RB;60,0;60,02778502465479;60;0,0;0,027785024654789936
297352;L. Morales;RB;71,0;71,19199779696393;71;0,0;0,19199779696393193
299660;M. Ponte;RB;72,0;71,80209451978227;72;0,0;0,19790548021772736
305932;E. Herrera;RB;70,0;69,6959039470211;70;0,0;0,3040960529789061
308173;E. Álvarez;RB;66,0;65,56227686554728;66;0,0;0,4377231344527246
320983;J. Pintado;RB;71,0;71,12205773679098;71;0,0;0,12205773679097831
323105;J. Quintero;RB;68,0;68,40268671640698;68;0,0;0,4026867164069756
325169;J. Estrada;RB;67,0;66,95710176520602;67;0,0;0,042898234793980805
368378;C. Arrieta;RB;68,0;67,99097405466695;68;0,0;0,009025945333050345
368781;Samuel Xavier;RB;72,0;72,3123672890758;72;0,0;0,3123672890757945
371710;F. López;RB;65,0;64,80700262236427;65;0,0;0,19299737763573432
377269;H. Ancajima;RB;68,0;67,69640128989765;68;0,0;0,3035987101023494
378314;F. Salinas;RB;68,0;68,42147607063445;68;0,0;0,4214760706344549
4007;M. Da Luz;RMF;67,0;66,85624255771418;67;0,0;0,14375744228581766
9452;J. Tchatchoua;RMF;73,0;72,64536995900784;73;0,0;0,3546300409921628
16728;T. Asano;RMF;74,0;74,09878520622355;74;0,0;0,09878520622355325
30163;A. Benítez;RMF;72,0;71,81797334391689;72;0,0;0,18202665608311008
33735;Carlos Álvarez;RMF;76,0;76,24389377910623;76;0,0;0,2438937791062301
39706;A. Segovia;RMF;65,0;64,78040578810719;65;0,0;0,21959421189281159
41083;E. Salvio;RMF;74,0;73,85022052103636;74;0,0;0,1497794789636373
41158;S. Luján;RMF;65,0;64,71245232346935;65;0,0;0,28754767653065016
42033;A. Carrillo;RMF;74,0;74,37362552991556;74;0,0;0,3736255299155573
42898;Lucas Moura;RMF;74,0;74,49092642833993;74;0,0;0,4909264283399324
43816;L. Sequeira;RMF;67,0;66,64293363519305;67;0,0;0,3570663648069541
45025;Rubén García;RMF;77,0;76,88060889646174;77;0,0;0,11939110353826266
45668;I. Machuca;RMF;71,0;71,19401889618241;71;0,0;0,19401889618241341
53451;N. Rodríguez;RMF;69,0;68,62158310407298;69;0,0;0,37841689592701755
55426;M. Iacobellis;RMF;68,0;67,9273561008598;68;0,0;0,07264389914020342
55521;Y. Chará;RMF;75,0;74,51883109220687;75;0,0;0,48116890779313337
55817;M. Ruiz;RMF;64,0;64,27208294142002;64;0,0;0,27208294142002387
55863;M. Fernández;RMF;63,0;63,38043848139894;63;0,0;0,3804384813989401
55865;J. Córdoba;RMF;70,0;69,80412590833069;70;0,0;0,19587409166931025
57226;Jofre;RMF;75,0;74,55973563395966;75;0,0;0,4402643660403385
57898;T. Palacios;RMF;74,0;73,9010917251978;74;0,0;0,09890827480219855
57945;B. Bosch;RMF;67,0;66,4887031502923;66;1,0;0,5112968497077048
58000;J. González;RMF;70,0;69,7105951484254;70;0,0;0,28940485157460216
58027;E. Bello;RMF;70,0;69,62525330882208;70;0,0;0,3747466911779185
58213;T. Villalba;RMF;71,0;70,68953502488395;71;0,0;0,310464975116048
58246;J. Gómez;RMF;65,0;65,19337390779167;65;0,0;0,19337390779166697
58331;M. Huamán;RMF;64,0;64,26313441656292;64;0,0;0,26313441656292014
58368;J. Contrera;RMF;68,0;67,6760016677274;68;0,0;0,3239983322725948
59288;Victor Hugo;RMF;70,0;70,29399790952543;70;0,0;0,29399790952543015
59388;M. Romero;RMF;66,0;65,85621605673104;66;0,0;0,14378394326895716
59590;C. Ngonge;RMF;72,0;71,90366736801792;72;0,0;0,09633263198207942
60152;P. Román;RMF;65,0;65,10616225362472;65;0,0;0,1061622536247171
60203;E. Rigoni;RMF;71,0;70,69967503670588;71;0,0;0,3003249632941163
60265;A. Solari;RMF;67,0;67,2240343194565;67;0,0;0,2240343194565071
60308;M. Meza;RMF;72,0;71,76614344096772;72;0,0;0,23385655903227587
60458;A. Palavecino;RMF;66,0;65,76411775272582;66;0,0;0,2358822472741764
61492;S. Mendoza;RMF;71,0;71,35224856996734;71;0,0;0,3522485699673439
63275;E. Giménez;RMF;69,0;68,98736163259011;69;0,0;0,012638367409891771
63398;A. Portillo;RMF;66,0;66,29986159225862;66;0,0;0,2998615922586225
63492;El-Abdellaoui;RMF;69,0;69,32188664224061;69;0,0;0,3218866422406137
100261;S. March;RMF;72,0;71,74573773389972;72;0,0;0,2542622661002838
100801;Christian;RMF;70,0;70,63050106721997;71;1,0;0,6305010672199671
100806;Iker Benito;RMF;72,0;71,9255307197171;72;0,0;0,0744692802828979
100930;A. Gómez;RMF;73,0;73,44423355032286;73;0,0;0,4442335503228634
101018;Y. Minteh;RMF;80,0;80,43326970870045;80;0,0;0,43326970870045045
101901;G. Ríos;RMF;70,0;69,89505548449577;70;0,0;0,10494451550422923
103107;N. Laméndola;RMF;71,0;70,52011934866456;71;0,0;0,479880651335435
103473;Antoniu Roca;RMF;74,0;74,38453637728105;74;0,0;0,3845363772810515
103997;A. Polo;RMF;76,0;75,60012588695915;76;0,0;0,39987411304085185
104672;N. Guzmán;RMF;68,0;68,04631726700003;68;0,0;0,04631726700003469
105161;Adson;RMF;69,0;69,22358182424243;69;0,0;0,22358182424243012
105550;Fran Pérez;RMF;72,0;71,75916103425317;72;0,0;0,24083896574683195
106778;V. Tsygankov;RMF;78,0;77,74220460055099;78;0,0;0,25779539944900876
107716;N. Pépé;RMF;80,0;80,08190777792935;80;0,0;0,08190777792934512
107831;Allan;RMF;72,0;71,73052513324171;72;0,0;0,26947486675828713
108162;F. García;RMF;67,0;67,42998703790694;67;0,0;0,4299870379069404
108165;D. Barrera;RMF;68,0;67,8732401484438;68;0,0;0,1267598515562014
108457;Álex Sancris;RMF;72,0;72,06910024152634;72;0,0;0,06910024152634264
109182;E. Poku;RMF;77,0;76,63657598413641;77;0,0;0,3634240158635862
109909;C. Talbi;RMF;77,0;77,35129936058321;77;0,0;0,3512993605832122
110772;Carreira;RMF;73,0;72,68126302857804;73;0,0;0,3187369714219557
110802;Yago Pikachu;RMF;69,0;69,3508744357729;69;0,0;0,35087443577289434
111337;J. Saralegui;RMF;69,0;69,08191412018529;69;0,0;0,08191412018528865
111807;Marquinhos;RMF;71,0;71,3535985356155;71;0,0;0,3535985356155038
111839;Dani Raba;RMF;72,0;72,4534829103456;72;0,0;0,45348291034559907
111870;Mingueza;RMF;77,0;76,63184927423066;77;0,0;0,3681507257693397
111986;D. Dumfries;RMF;80,0;79,84195267594838;80;0,0;0,1580473240516227
112478;Carlos Eduardo;RMF;69,0;69,27894094017341;69;0,0;0,2789409401734133
113247;Tetê;RMF;76,0;76,09646588763415;76;0,0;0,09646588763415309
113379;Luiz Araújo;RMF;77,0;76,88688404955714;77;0,0;0,11311595044286094
113710;J. Palacios;RMF;72,0;71,78480065428829;72;0,0;0,21519934571171007
113896;De Frutos;RMF;80,0;79,62477072512709;80;0,0;0,3752292748729076
114100;L. Venturino;RMF;63,0;63,122614763712804;63;0,0;0,12261476371280366
114120;B. Cuello;RMF;67,0;66,70429059041953;67;0,0;0,29570940958046776
114430;I. Akhomach;RMF;75,0;74,67964828785988;75;0,0;0,32035171214012337
114534;N. Moreno;RMF;63,0;63,602862313730206;64;1,0;0,6028623137302063
114689;G. Simeone;RMF;80,0;79,50750111217461;80;0,0;0,4924988878253913
114730;M. Mónaco;RMF;64,0;63,532351166606134;64;0,0;0,4676488333938664
114792;F. Torres;RMF;69,0;69,14615738882388;69;0,0;0,1461573888238803
114892;T. Buchanan;RMF;74,0;74,07386954343204;74;0,0;0,07386954343203911
115065;S. Salle;RMF;66,0;66,36416385039536;66;0,0;0,36416385039535726
115186;Riquelme;RMF;65,0;65,45784075910133;65;0,0;0,45784075910133026
115194;J. Arias;RMF;77,0;77,30555219895183;77;0,0;0,3055521989518297
115932;Bruno Tabata;RMF;70,0;69,93194791867607;70;0,0;0,06805208132392693
115998;Jáderson;RMF;68,0;68,27716729753723;68;0,0;0,27716729753723257
116207;Yeremy Pino;RMF;78,0;78,39720895618966;78;0,0;0,3972089561896581
116437;F. Cardozo;RMF;67,0;67,15116497142171;67;0,0;0,15116497142170715
117072;A. Kamara;RMF;69,0;69,44012098443464;69;0,0;0,44012098443464254
117239;F. Altamira;RMF;66,0;66,20199976507715;66;0,0;0,20199976507714723
117547;Kaio César;RMF;74,0;74,25514065393256;74;0,0;0,2551406539325569
117621;A. Zakharyan;RMF;72,0;71,95994856833757;72;0,0;0,040051431662433856
117668;Antonio Sánchez;RMF;72,0;71,81580306307644;72;0,0;0,18419693692355565
117675;Kayky;RMF;72,0;71,77406793086115;72;0,0;0,22593206913884956
117702;F. Conceição;RMF;79,0;79,24734054166949;79;0,0;0,24734054166948738
117812;R. Tesuri;RMF;71,0;70,77502341850283;71;0,0;0,2249765814971738
118011;Luis Henrique;RMF;77,0;77,08057688128204;77;0,0;0,08057688128204177
118082;Víctor García;RMF;69,0;69,3861014423985;69;0,0;0,3861014423984983
118429;B. Rodríguez;RMF;69,0;68,81871125517122;69;0,0;0,18128874482877677
118627;N. Tella;RMF;78,0;78,40362295336894;78;0,0;0,40362295336893794
118638;J. Acevedo;RMF;67,0;66,8659892990225;67;0,0;0,13401070097749823
118656;L. Bailey;RMF;79,0;79,13245620784151;79;0,0;0,13245620784151413
118659;M. Culbreath;RMF;65,0;64,98776777288634;65;0,0;0,01223222711365679
118943;A. Canobbio;RMF;73,0;72,67849060719901;73;0,0;0,32150939280099067
119135;Luis Rioja;RMF;75,0;74,81989049910057;75;0,0;0,18010950089943378
120351;H. Hassan;RMF;76,0;76,31989781287211;76;0,0;0,3198978128721137
121197;T. Allende;RMF;70,0;69,78921743197962;70;0,0;0,21078256802037743
121205;G. Mainero;RMF;71,0;71,24684933090955;71;0,0;0,24684933090955496
121210;Rodrigo Gomes;RMF;72,0;72,17648554764149;72;0,0;0,17648554764149083
122264;A. Saelemaekers;RMF;78,0;77,74699632287918;78;0,0;0,25300367712081595
122310;L. Peña;RMF;63,0;63,12646992108803;63;0,0;0,1264699210880309
308458;G. Aguayo;RMF;66,0;65,91623132922047;66;0,0;0,0837686707795342
364021;E. Saavedra;RMF;67,0;66,65310505344681;67;0,0;0,3468949465531921
373471;T. Dolan;RMF;77,0;76,66772032081738;77;0,0;0,33227967918261925
1073758338;T. Kubo;RMF;80,0;80,07515538998123;80;0,0;0,07515538998123361
6089;Marinho;RWF;69,0;69,02861321823598;69;0,0;0,02861321823597507
7511;L. Messi;RWF;83,0;83,0504754713434;83;0,0;0,05047547134340391
32568;A. Galeano;RWF;71,0;71,06224739182329;71;0,0;0,06224739182329131
34514;A. Minda;RWF;70,0;69,4651692466293;69;1,0;0,5348307533706986
34939;R. Pablo;RWF;64,0;63,86048750923632;64;0,0;0,13951249076367844
37106;Á. Di María;RWF;79,0;78,88870667238803;79;0,0;0,11129332761197475
38175;Ademir;RWF;72,0;71,61433034259824;72;0,0;0,3856696574017633
38374;T. Rodríguez;RWF;63,0;62,66658248907126;63;0,0;0,33341751092874006
43026;D. Brooks;RWF;73,0;73,20373694502567;73;0,0;0,20373694502566764
44245;A. Elanga;RWF;74,0;74,46355996757931;74;0,0;0,4635599675793145
44444;T. Abed;RWF;64,0;64,370039458056;64;0,0;0,3700394580559987
45402;D. Bakwa;RWF;74,0;74,03981349862381;74;0,0;0,03981349862381478
46221;Matheuzinho;RWF;70,0;69,65031093048091;70;0,0;0,34968906951908707
46666;Iago Aspas;RWF;79,0;78,9394442584965;79;0,0;0,06055574150350651
46992;I. Poveda;RWF;69,0;69,2026723707096;69;0,0;0,20267237070960675
47243;G. Duarte;RWF;67,0;66,5157971915107;67;0,0;0,4842028084893002
47759;Giovane;RWF;67,0;67,43239283840497;67;0,0;0,4323928384049651
48009;Á. Romero;RWF;70,0;70,34491966920028;70;0,0;0,34491966920028005
53387;D. Caicedo;RWF;69,0;69,33322769016812;69;0,0;0,3332276901681155
54401;E. Pata;RWF;67,0;66,99944963420643;67;0,0;0,0005503657935719275
54809;G. Plata;RWF;74,0;74,03952071266148;74;0,0;0,039520712661484936
54814;De Los Santos;RWF;70,0;70,12414692139001;70;0,0;0,12414692139000749
54840;B. Castro;RWF;68,0;67,93849277610622;68;0,0;0,06150722389378416
54857;D. Corral;RWF;62,0;61,652271029017705;62;0,0;0,3477289709822955
55052;A. Yahya;RWF;67,0;66,7778596353679;67;0,0;0,22214036463209652
55119;J. Canchimbo;RWF;65,0;65,37598618388385;65;0,0;0,3759861838838532
55528;Y. Murillo;RWF;62,0;62,23119765173195;62;0,0;0,2311976517319465
55538;J. Moretti;RWF;61,0;61,12462978141144;61;0,0;0,12462978141144276
55646;P. Durán;RWF;65,0;64,75168489710228;65;0,0;0,2483151028977204
55711;R. Piñeiro;RWF;67,0;66,5645788915664;67;0,0;0,4354211084336015
55758;J. Velázquez;RWF;57,0;57,174344810192466;57;0,0;0,17434481019246562
55776;L. Alzugaray;RWF;71,0;71,38486641556298;71;0,0;0,38486641556298196
55815;D. De Sousa;RWF;61,0;61,24486888640788;61;0,0;0,24486888640787896
55836;F. Nava;RWF;65,0;65,16769112788135;65;0,0;0,16769112788135487
55858;S. Muhlethaler;RWF;61,0;60,68241602767327;61;0,0;0,3175839723267302
55897;J. Angulo;RWF;67,0;67,36910210109394;67;0,0;0,3691021010939437
55953;C. Barrios;RWF;70,0;70,3295498702791;70;0,0;0,3295498702790951
55981;C. Zavala;RWF;66,0;66,05932913247122;66;0,0;0,05932913247121974
56031;K. Pérez;RWF;65,0;65,12021847392772;65;0,0;0,12021847392772145
56163;M. Reali;RWF;68,0;68,18021098932051;68;0,0;0,18021098932051416
56218;L. Palacios;RWF;69,0;68,50004941398815;69;0,0;0,49995058601184894
56219;J. Meléndez;RWF;63,0;62,781888611284955;63;0,0;0,21811138871504454
56230;J. Obrian;RWF;69,0;69,1153758647641;69;0,0;0,11537586476410411
56257;R. Arace;RWF;67,0;67,02607221094733;67;0,0;0,026072210947333474
57123;M. Salah;RWF;88,0;87,61274143628427;88;0,0;0,38725856371573286
57434;Rubens;RWF;62,0;61,626728808316614;62;0,0;0,3732711916833864
57645;Y. Rivas;RWF;63,0;63,31815581175777;63;0,0;0,3181558117577694
57650;M. Sulbarán;RWF;63,0;63,250284457848316;63;0,0;0,2502844578483163
57904;S. Góngora;RWF;61,0;61,11425839330022;61;0,0;0,11425839330021859
57913;M. Mamani;RWF;63,0;62,70608859614581;63;0,0;0,2939114038541888
57918;J. Sarmiento;RWF;67,0;67,39668282606142;67;0,0;0,39668282606142213
57973;K. Adeyemi;RWF;81,0;81,1803689130161;81;0,0;0,18036891301609614
57979;M. Soulé;RWF;76,0;76,14706459473706;76;0,0;0,1470645947370599
57985;E. Lopez;RWF;67,0;67,39411001808794;67;0,0;0,3941100180879431
57989;M. Mejía;RWF;62,0;62,38764766662332;62;0,0;0,38764766662332306
58079;L. Villalba;RWF;68,0;67,65395994733407;68;0,0;0,3460400526659271
58118;K. Flórez;RWF;64,0;64,19162873068395;64;0,0;0,19162873068394504
58193;M. Perelló;RWF;69,0;68,70521798783902;69;0,0;0,29478201216097943
58248;J. Corozo;RWF;69,0;69,07532307099662;69;0,0;0,0753230709966175
58298;L. Umpiérrez;RWF;67,0;67,3559747957213;67;0,0;0,35597479572129487
58312;D. Zalazar;RWF;66,0;66,05971070105795;66;0,0;0,059710701057952065
58334;I. Franco;RWF;66,0;65,86346095048059;66;0,0;0,13653904951941342
58346;R. Villalba;RWF;64,0;63,70971542632349;64;0,0;0,29028457367650873
58674;Riquelme F.;RWF;61,0;60,605531049132686;61;0,0;0,3944689508673136
59637;E. Guessand;RWF;75,0;74,87777238878022;75;0,0;0,12222761121978465
59773;N. Madueke;RWF;77,0;77,30719457900847;77;0,0;0,3071945790084669
59797;J. Murphy;RWF;76,0;76,21240086700107;76;0,0;0,2124008670010653
60066;J. Gauto;RWF;68,0;67,67175558300755;68;0,0;0,32824441699244744
60204;S. Solari;RWF;69,0;68,97102279709173;69;0,0;0,028977202908265554
60347;P. Cerutti;RWF;68,0;68,4242046370481;68;0,0;0,4242046370481063
60534;A. Januzaj;RWF;72,0;72,26322583391017;72;0,0;0,2632258339101696
60711;M. Bolados;RWF;67,0;66,5942906408097;67;0,0;0,40570935919029694
60922;B. Traoré;RWF;72,0;71,99859031334051;72;0,0;0,0014096866594854873
61050;Adama Traoré;RWF;75,0;75,22174854792853;75;0,0;0,22174854792852727
61650;T. Peralta;RWF;63,0;63,58896026904681;64;1,0;0,5889602690468081
63383;A. Semenyo;RWF;78,0;77,65957805136563;78;0,0;0,34042194863437203
100620;M. Politano;RWF;79,0;79,32457893145775;79;0,0;0,32457893145775074
100676;Alysson;RWF;68,0;68,1001051267756;68;0,0;0,10010512677560257
101047;D. James;RWF;75,0;74,57433827401456;75;0,0;0,42566172598543517
101185;B. Mbeumo;RWF;82,0;81,99609322255286;82;0,0;0,0039067774471419625
102290;Iñaki Williams;RWF;79,0;79,3631018442224;79;0,0;0,363101844222399
102884;J. Cabrera;RWF;68,0;67,73330636012848;68;0,0;0,2666936398715194
103339;Lucas Ronier;RWF;70,0;70,23840410361196;70;0,0;0,23840410361195552
103584;Rayan;RWF;75,0;74,5063487524092;75;0,0;0,4936512475908046
104257;Negueba;RWF;72,0;72,32316230366573;72;0,0;0,3231623036657254
104640;G. Tapia;RWF;71,0;70,51689876783603;71;0,0;0,4831012321639747
104670;L. Albarracín;RWF;63,0;62,70907489133872;63;0,0;0,29092510866127697
104727;B. Gannon Doak;RWF;70,0;70,48536403623088;70;0,0;0,48536403623087665
104837;I. Alastra;RWF;60,0;60,42294181977846;60;0,0;0,42294181977845824
105089;Chimy Ávila;RWF;70,0;70,19047785954182;70;0,0;0,19047785954181506
105183;I. Leguizamón;RWF;69,0;68,88275863059724;69;0,0;0,11724136940276253
105389;T. Fernández;RWF;68,0;67,7019488374157;68;0,0;0,29805116258430076
105528;M. Aguirre;RWF;59,0;59,26040126105213;59;0,0;0,2604012610521309
105633;C. Pavón;RWF;70,0;69,98596506087057;70;0,0;0,014034939129430768
106433;Yago Santiago;RWF;69,0;69,18561684547407;69;0,0;0,18561684547407253
106833;J. Fernández;RWF;67,0;66,83316070088335;67;0,0;0,16683929911664563
107587;W. Odobert;RWF;76,0;75,70414525656837;76;0,0;0,295854743431633
108693;B. Saka;RWF;85,0;84,61014656769233;85;0,0;0,38985343230767455
108695;Amad;RWF;78,0;78,47189725608455;78;0,0;0,4718972560845458
108750;J. Giani;RWF;69,0;69,47607935906937;69;0,0;0,4760793590693737
109041;T. Dibling;RWF;73,0;72,54595806731312;73;0,0;0,4540419326868772
109128;H. Wilson;RWF;74,0;74,02293538534386;74;0,0;0,02293538534385675
109222;J. Ta Bi;RWF;67,0;66,67104424265851;67;0,0;0,32895575734148963
109359;L. Tchaouna;RWF;71,0;70,5453844250214;71;0,0;0,45461557497860383
109425;J. Herrera;RWF;65,0;65,15295659738233;65;0,0;0,15295659738232814
111112;E. Da Silva;RWF;61,0;61,31793291463281;61;0,0;0,3179329146328129
111136;E. Agyei;RWF;65,0;64,7926687030533;65;0,0;0,20733129694670538
111198;Lucca;RWF;63,0;62,955239864937965;63;0,0;0,04476013506203458
111285;D. Batallini;RWF;68,0;68,18686001435407;68;0,0;0,18686001435406752
111449;Marcelinho Braz;RWF;65,0;64,63621277265818;65;0,0;0,3637872273418168
111979;N. Fernandes;RWF;67,0;67,13045534218088;67;0,0;0,1304553421808805
112513;Savinho;RWF;78,0;77,96957336066365;78;0,0;0,03042663933635481
112574;B. Johnson;RWF;77,0;77,33199865692059;77;0,0;0,3319986569205895
112579;R. Rees-Dottin;RWF;60,0;59,60021839350185;60;0,0;0,3997816064981521
112604;Valera;RWF;74,0;73,92309964514575;74;0,0;0,07690035485424573
113655;J. Rentería;RWF;66,0;65,87325901378304;66;0,0;0,12674098621695862
113769;Lucas Barbosa;RWF;68,0;67,77125491090669;68;0,0;0,2287450890933087
113962;G. Gelini;RWF;64,0;63,87942924378731;64;0,0;0,1205707562126932
113986;M. Edwards;RWF;74,0;74,14007921564767;74;0,0;0,140079215647674
114018;M. Olise;RWF;85,0;84,54945953271972;85;0,0;0,45054046728027686
114186;J. Bowen;RWF;78,0;78,32479115507714;78;0,0;0,3247911550771363
114251;Pablo García;RWF;68,0;68,27000415142936;68;0,0;0,2700041514293616
114333;David Neres;RWF;79,0;79,46254935828793;79;0,0;0,4625493582879301
114471;F. Medina;RWF;63,0;62,77717800495597;63;0,0;0,2228219950440291
114510;O. Bobb;RWF;75,0;74,70067157510242;75;0,0;0,29932842489758116
114566;Brahim;RWF;79,0;79,42502691659948;79;0,0;0,425026916599478
114636;Y. González;RWF;70,0;69,58346491063305;70;0,0;0,4165350893669455
114640;D. Doué;RWF;81,0;81,16070622488145;81;0,0;0,16070622488145148
114644;Dieguinho;RWF;66,0;66,52661471038465;67;1,0;0,5266147103846492
114808;P. Foden;RWF;84,0;83,73533834116118;84;0,0;0,2646616588388184
114999;D. Juárez;RWF;57,0;56,5510464021806;57;0,0;0,44895359781939703
115532;T. González;RWF;64,0;63,76875089697992;64;0,0;0,23124910302008317
115901;M. Abaldo;RWF;70,0;70,32576740313739;70;0,0;0,32576740313739094
115918;Everton Galdino;RWF;68,0;67,68980309659601;68;0,0;0,3101969034039911
115926;Leozinho;RWF;67,0;67,1346556542928;67;0,0;0,1346556542927999
115927;Antony;RWF;79,0;78,74439320983139;79;0,0;0,25560679016861343
115934;R. Donovan;RWF;64,0;64,2458982272391;64;0,0;0,2458982272390955
116166;Kayke;RWF;64,0;63,8463202053341;64;0,0;0,15367979466589787
116298;F. Pimienta;RWF;61,0;61,01935226761664;61;0,0;0,01935226761663955
116410;Marcinho;RWF;68,0;67,7324236354755;68;0,0;0,2675763645245013
116541;N. González;RWF;75,0;75,06723761930292;75;0,0;0,06723761930291516
116570;I. Subiabre;RWF;69,0;69,2458002823704;69;0,0;0,24580028237039642
116630;A. Ladstatter;RWF;66,0;66,27006520832704;66;0,0;0,27006520832703984
116692;M. Guerrero;RWF;67,0;67,05653301914845;67;0,0;0,05653301914844633
117030;F. Callejo;RWF;65,0;65,17462053880206;65;0,0;0,17462053880205985
117087;Pedro Neto;RWF;81,0;80,98497789526272;81;0,0;0,015022104737283826
117532;K. Quevedo;RWF;67,0;67,18928111151388;67;0,0;0,1892811115138784
117736;Lamine Yamal;RWF;87,0;87,14926585333743;87;0,0;0,14926585333742537
117747;Matheus Reis;RWF;63,0;62,63165513153136;63;0,0;0,3683448684686397
117932;D. Malen;RWF;77,0;76,70501807929381;77;0,0;0,2949819207061921
117940;R. Nelson;RWF;73,0;73,12613672467417;73;0,0;0,12613672467416848
118142;L. Giaccone;RWF;70,0;70,29065758955456;70;0,0;0,2906575895545558
118211;S. Chukwueze;RWF;77,0;77,34076206213217;77;0,0;0,3407620621321712
118221;D. Ndoye;RWF;75,0;74,50204129506272;75;0,0;0,49795870493727534
118226;E. Zhegrova;RWF;75,0;74,70113579818386;75;0,0;0,29886420181614426
118321;Júnior Santos;RWF;70,0;69,50806436873694;70;0,0;0,49193563126306117
118373;Fer López;RWF;70,0;69,7199604538271;70;0,0;0,28003954617290105
118417;Rodrygo;RWF;82,0;81,46202172239137;81;1,0;0,5379782776086302
118522;Miguel Sierra;RWF;63,0;63,374028989900275;63;0,0;0,37402898990027467
118715;J. Alí;RWF;59,0;59,114134253447155;59;0,0;0,11413425344715478
118717;Erick;RWF;72,0;72,19096730127399;72;0,0;0,19096730127398587
118734;Ângelo;RWF;75,0;74,59742634706035;75;0,0;0,4025736529396511
118931;M. Rodríguez;RWF;61,0;61,18693180830599;61;0,0;0,18693180830599232
118949;C. Olivera;RWF;70,0;70,01211085426216;70;0,0;0,012110854262161297
119130;I. Mbaye;RWF;72,0;72,28548274419295;72;0,0;0,2854827441929473
119809;F. Alfonso;RWF;67,0;67,23318902441646;67;0,0;0,23318902441646117
119863;Estêvão;RWF;77,0;77,21388631744279;77;0,0;0,2138863174427854
121339;D. Valoyes;RWF;72,0;72,50017766044601;73;1,0;0,5001776604460133
121382;Ángel Pérez;RWF;62,0;61,65291569965078;62;0,0;0,34708430034922344
121979;R. Bardghji;RWF;73,0;72,73317604535134;73;0,0;0,2668239546486575
122324;T. Verón Lupi;RWF;69,0;68,87634067169552;69;0,0;0,123659328304484
122717;P. Villalba;RWF;62,0;61,92510168258276;62;0,0;0,07489831741723663
122732;A. Granko;RWF;60,0;60,08222211243895;60;0,0;0,08222211243894861
123722;M. Alvarado;RWF;59,0;58,929981502543825;59;0,0;0,07001849745617506
124269;R. Martínez;RWF;61,0;60,77503198196881;61;0,0;0,22496801803119126
124277;Miguel;RWF;64,0;64,13235221088338;64;0,0;0,13235221088338278
262981;M. Hinestroza;RWF;72,0;72,08326056893051;72;0,0;0,08326056893051259
263109;D. Asprilla;RWF;67,0;66,69973778698413;67;0,0;0,30026221301586986
307770;R. Redes;RWF;69,0;68,61589697345573;69;0,0;0,38410302654426687
377202;Á. Stringa;RWF;57,0;57,2528896973929;57;0,0;0,25288969739290224
377335;Kareem Tunde;RWF;65,0;64,70113710450958;65;0,0;0,2988628954904158
378294;L. Sosa;RWF;65,0;65,44067510345731;65;0,0;0,4406751034573091
1073847680;Artur;RWF;69,0;69,04716783116554;69;0,0;0,04716783116553813
1073857268;Lee Kang-In;RWF;77,0;76,60772235379818;77;0,0;0,39227764620181915
40749;T. Gutiérrez;SS;70,0;69,65795389310192;70;0,0;0,34204610689808135
41425;E. Vargas;SS;68,0;68,23502586439136;68;0,0;0,23502586439136053
42316;A. Griezmann;SS;81,0;80,99868851578911;81;0,0;0,00131148421088767
43596;Thaciano;SS;69,0;69,10291289811659;69;0,0;0,10291289811658544
47179;P. Dybala;SS;83,0;82,4815031856321;82;1,0;0,518496814367893
47456;Luciano;SS;72,0;72,05989392909436;72;0,0;0,059893929094357645
55046;S. Al-Najei;SS;62,0;62,20839074797938;62;0,0;0,2083907479793794
55911;D. Quintero;SS;71,0;71,18483143676325;71;0,0;0,18483143676324687
57990;S. Núñez;SS;63,0;62,78161359154571;63;0,0;0,21838640845429325
58163;F. Fagúndez;SS;68,0;67,63762447386917;68;0,0;0,36237552613083324
58224;J. Zapata;SS;68,0;68,44630764940204;68;0,0;0,44630764940204415
59259;S. Inácio;SS;61,0;61,645765692370475;62;1,0;0,6457656923704747
59433;H. Bobadilla;SS;66,0;66,38912124238544;66;0,0;0,38912124238544266
60235;L. Vietto;SS;71,0;70,86435036019448;71;0,0;0,13564963980552136
100462;Gabriel Taliari;SS;71,0;70,75815476898819;71;0,0;0,24184523101180844
103043;G. Rutter;SS;75,0;74,66710534004449;75;0,0;0,3328946599555138
104398;E. Kroupi;SS;75,0;75,22561114495745;75;0,0;0,2256111449574547
105289;G. Vadalá;SS;69,0;69,27503096399732;69;0,0;0,27503096399732385
108984;C. Nkunku;SS;80,0;79,89441767923921;80;0,0;0,10558232076078866
109772;E. Flores;SS;72,0;72,07124008549297;72;0,0;0,071240085492974
110599;A. Lookman;SS;81,0;81,19247087424161;81;0,0;0,19247087424160725
112104;C. Pulisic;SS;83,0;82,89081449523746;83;0,0;0,10918550476253586
113345;G. Zelarayán;SS;63,0;62,718148563720455;63;0,0;0,28185143627954545
114598;J. Bauzá;SS;67,0;66,86705453108709;67;0,0;0,13294546891290793
115238;K. Yıldız;SS;80,0;80,1274434607098;80;0,0;0,12744346070979873
117509;J. Herrera;SS;63,0;62,72202913687251;63;0,0;0,27797086312749286
117867;Z. Flemming;SS;69,0;68,66218952847109;69;0,0;0,3378104715289112
118195;J. Zirkzee;SS;73,0;73,8864904072175;74;1,0;0,8864904072174937
373253;F. Pasadore;SS;64,0;63,551811831426306;64;0,0;0,4481881685736937
373327;V. Cárcamo;SS;62,0;61,79600370766129;62;0,0;0,20399629233870797
