Id;Id_Team;Num_Kit;Goalkeeper;Competition;Shirt_Collar;Shirt_D1;Shirt_D2;Shirt_D3;Shirt_D4;Shirt_D5;Shirt_Base_R;Shirt_Base_G;Shirt_Base_B;Shirt_D1_R;Shirt_D1_G;Shirt_D1_B;Shirt_D2_R;Shirt_D2_G;Shirt_D2_B;Shirt_D3_R;Shirt_D3_G;Shirt_D3_B;Shirt_D4_R;Shirt_D4_G;Shirt_D4_B;Shirt_D5_R;Shirt_D5_G;Shirt_D5_B;Pant_D1;Pant_D2;Pant_D3;Pant_D4;Pant_R;Pant_G;Pant_B;Pant_D1_R;Pant_D1_G;Pant_D1_B;Pant_D2_R;Pant_D2_G;Pant_D2_B;Pant_D3_R;Pant_D3_G;Pant_D3_B;Pant_D4_R;Pant_D4_G;Pant_D4_B;Socks_D1;Socks_D2;Socks_D3;Socks_R;Socks_G;Socks_B;Socks_D1_R;Socks_D1_G;Socks_D1_B;Socks_D2_R;Socks_D2_G;Socks_D2_B;Socks_D3_R;Socks_D3_G;Socks_D3_B;Captain_D1;Captain_D2;Captain_R;Captain_G;Captain_B;Captain_D1_R;Captain_D1_G;Captain_D1_B;Captain_D2_R;Captain_D2_G;Captain_D2_B;Show_Name;Name_Position;Name_Size;Name_Font;Name_Arc;Name_R;Name_G;Name_B;Back_Number_Position;Back_Number_Size;Back_Number_Font;Back_Number_R;Back_Number_G;Back_Number_B;Show_Cheast_Number;Cheast_Number_Vertical;Cheast_Number_Horizontal;Cheast_Number_Size;Cheast_Number_R;Cheast_Number_G;Cheast_Number_B;Show_Leg_Number;Leg_Number_Vertical;Leg_Number_Horizontal;Leg_Number_Size;Leg_Number_R;Leg_Number_G;Leg_Number_B;Show_Emblem;Edit_Shirt;Edit_Pant;Edit_Socks;Edit_Captain;Edit_Extras;IsImported;IsSmall;File_Num;File_Name;Color1_R;Color1_G;Color1_B;Color2_R;Color2_G;Color2_B;Value_A;Value_B;Value_C;Value_D;Value_E;Value_F;Value_1;Value_2;Value_3;Value_4;Value_5;Value_6;Value_7;Value_8;Value_9;Value_10;Value_11;Value_12;Value_13;Value_14;Value_15;Value_16;Value_17;Value_18
49152;3;0;False;0;2;71;0;0;0;0;11;14;20;53;53;53;63;63;63;63;63;63;63;63;63;63;63;63;0;0;0;0;11;14;20;63;63;63;63;63;63;63;63;63;63;63;63;0;0;0;11;14;20;63;63;63;63;63;63;63;63;63;0;0;53;46;18;53;46;18;53;46;18;1;29;2;2;1;53;53;53;14;7;2;53;53;53;1;14;14;0;53;53;53;1;5;16;3;53;53;53;0;True;True;True;False;True;True;True;419;Escocia_Kit 1.png;10;20;38;10;14;30;;;;;;;;;;;;;;;;;;;;;;;;
49153;3;1;False;0;6;71;0;0;0;0;53;28;26;21;17;25;63;63;63;63;63;63;63;63;63;63;63;63;0;0;0;0;21;17;25;63;63;63;63;63;63;63;63;63;63;63;63;0;0;0;53;28;26;63;63;63;63;63;63;63;63;63;0;0;53;46;18;53;46;18;53;46;18;1;29;2;2;1;53;53;53;14;7;2;53;53;53;1;20;6;-1;53;53;53;1;10;17;3;53;53;53;0;True;True;True;False;True;True;True;420;Escocia_Kit 2.png;52;52;52;20;37;53;;;;;;;;;;;;;;;;;;;;;;;;
49280;3;0;True;0;1;0;0;0;0;0;53;52;27;63;63;63;63;63;63;63;63;63;63;63;63;63;63;63;0;0;0;0;53;52;27;63;63;63;63;63;63;63;63;63;63;63;63;0;0;0;53;52;27;63;63;63;63;63;63;63;63;63;0;0;53;46;18;15;24;38;15;24;38;1;29;2;2;1;10;10;10;14;7;2;10;10;10;1;17;14;0;10;10;10;1;5;16;3;10;10;10;0;True;True;True;False;True;True;True;421;Escocia_Kit Arq.png;10;10;10;10;27;43;;;;;;;;;;;;;;;;;;;;;;;;
81922;5;2;False;0;1;71;0;0;0;0;53;53;53;10;13;18;54;54;54;54;54;54;54;54;54;54;54;54;0;0;0;0;53;53;53;54;54;54;54;54;54;54;54;54;54;54;54;0;0;0;53;53;53;54;54;54;54;54;54;54;54;54;0;0;54;54;54;54;54;54;54;54;54;1;29;2;2;1;10;13;18;14;7;2;10;13;18;1;16;14;2;10;13;18;1;9;17;2;10;13;18;1;True;True;True;True;True;True;True;431;Inglaterra_Kit 1.png;13;13;13;13;13;13;;;;;;;;;;;;;;;;;;;;;;;;
81923;5;3;False;0;10;71;0;0;0;0;51;11;16;10;12;17;54;54;54;54;54;54;54;54;54;54;54;54;0;0;0;0;10;12;17;54;54;54;54;54;54;54;54;54;54;54;54;0;0;0;51;11;16;54;54;54;54;54;54;54;54;54;0;0;54;54;54;54;54;54;54;54;54;1;29;2;2;1;53;53;53;14;7;2;53;53;53;1;13;14;2;53;53;53;1;9;17;2;53;53;53;1;True;True;True;True;True;True;True;432;Inglaterra_Kit 2.png;13;13;13;13;13;13;;;;;;;;;;;;;;;;;;;;;;;;
98306;6;2;False;0;2;71;0;0;0;0;40;12;12;3;26;3;54;54;54;54;54;54;54;54;54;54;54;54;0;0;0;0;40;12;12;54;54;54;54;54;54;54;54;54;54;54;54;0;0;0;40;12;12;54;54;54;54;54;54;54;54;54;0;0;54;54;54;54;54;54;54;54;54;1;29;2;1;1;53;53;53;14;7;1;53;53;53;1;17;14;2;53;53;53;1;11;18;2;53;53;53;1;True;True;True;True;True;True;True;456;Prtugal_Kit 1.png;13;13;13;13;13;13;;;;;;;;;;;;;;;;;;;;;;;;
98307;6;3;False;0;2;71;0;0;0;0;53;53;53;3;26;26;54;54;54;54;54;54;54;54;54;54;54;54;0;0;0;0;53;53;53;54;54;54;54;54;54;54;54;54;54;54;54;0;0;0;53;53;53;54;54;54;54;54;54;54;54;54;0;0;54;54;54;54;54;54;54;54;54;1;29;2;1;1;33;16;20;14;7;1;33;16;20;1;14;14;2;33;16;20;1;11;18;2;33;16;20;1;True;True;True;True;True;True;True;457;Prtugal_Kit 2.png;13;13;13;13;13;13;;;;;;;;;;;;;;;;;;;;;;;;
114690;7;2;False;0;1;0;0;0;0;0;49;15;12;54;54;54;54;54;54;54;54;54;54;54;54;54;54;54;0;0;0;0;10;12;20;54;54;54;54;54;54;54;54;54;54;54;54;0;0;0;10;12;20;54;54;54;54;54;54;54;54;54;0;0;54;54;54;54;54;54;54;54;54;1;29;2;1;1;53;42;12;14;7;3;53;42;12;1;17;14;2;53;42;12;1;5;16;2;53;42;12;1;True;True;True;True;True;True;True;422;Espana_Kit 1.png;13;13;13;13;13;13;;;;;;;;;;;;;;;;;;;;;;;;
114691;7;3;False;0;2;71;0;0;0;0;53;52;51;31;10;12;54;54;54;54;54;54;54;54;54;54;54;54;0;0;0;0;31;10;12;54;54;54;54;54;54;54;54;54;54;54;54;0;0;0;31;10;12;54;54;54;54;54;54;54;54;54;0;0;54;54;54;54;54;54;54;54;54;1;29;2;1;1;31;10;12;14;7;3;31;10;12;1;20;6;0;31;10;12;1;10;17;2;52;43;32;1;True;True;True;True;True;True;True;423;Espana_Kit 2.png;13;13;13;13;13;13;;;;;;;;;;;;;;;;;;;;;;;;
131074;8;2;False;0;13;71;0;0;0;0;10;25;49;10;20;37;54;54;54;54;54;54;54;54;54;54;54;54;0;0;0;0;53;53;53;54;54;54;54;54;54;54;54;54;54;54;54;0;0;0;10;25;49;54;54;54;54;54;54;54;54;54;0;0;54;54;54;54;54;54;54;54;54;1;29;2;3;1;53;53;53;14;7;3;53;53;53;1;16;14;2;53;53;53;1;10;17;2;10;20;37;1;True;True;True;True;True;True;True;424;Francia_Kit 1.png;13;13;13;13;13;13;;;;;;;;;;;;;;;;;;;;;;;;
131075;8;3;False;0;1;71;0;0;0;0;44;51;49;44;31;14;54;54;54;54;54;54;54;54;54;54;54;54;0;0;0;0;44;51;49;54;54;54;54;54;54;54;54;54;54;54;54;0;0;0;44;51;49;54;54;54;54;54;54;54;54;54;0;0;54;54;54;54;54;54;54;54;54;1;29;2;3;1;44;31;14;14;7;3;44;31;14;1;16;14;2;44;31;14;1;10;17;2;44;31;14;1;True;True;True;True;True;True;True;425;Francia_Kit 2.png;13;13;13;13;13;13;;;;;;;;;;;;;;;;;;;;;;;;
147458;9;2;False;0;1;71;0;0;0;0;47;12;15;49;41;14;54;54;54;54;54;54;54;54;54;54;54;54;0;0;0;0;10;10;10;54;54;54;54;54;54;54;54;54;54;54;54;0;0;0;49;41;14;54;54;54;54;54;54;54;54;54;0;0;54;54;54;54;54;54;54;54;54;1;29;2;4;1;49;41;14;14;7;3;49;41;14;1;17;14;2;49;41;14;1;5;16;2;49;41;14;1;True;True;True;True;True;True;True;402;Belgica_Kit 1.png;13;13;13;13;13;13;;;;;;;;;;;;;;;;;;;;;;;;
147459;9;3;False;0;6;71;0;0;0;0;37;49;53;53;53;53;54;54;54;54;54;54;54;54;54;54;54;54;0;0;0;0;53;53;53;54;54;54;54;54;54;54;54;54;54;54;54;0;0;0;53;53;53;54;54;54;54;54;54;54;54;54;0;0;54;54;54;54;54;54;54;54;54;1;29;2;4;1;10;10;10;14;7;3;10;10;10;1;20;6;0;10;10;10;1;10;17;2;10;10;10;1;True;True;True;True;True;True;True;403;Belgica_Kit 2.png;13;13;13;13;13;13;;;;;;;;;;;;;;;;;;;;;;;;
163842;10;2;False;0;10;71;0;0;0;0;53;25;17;10;10;10;54;54;54;54;54;54;54;54;54;54;54;54;0;0;0;0;10;10;10;54;54;54;54;54;54;54;54;54;54;54;54;0;0;0;53;25;17;54;54;54;54;54;54;54;54;54;0;0;54;54;54;54;54;54;54;54;54;1;29;2;4;1;10;10;10;14;7;4;10;10;10;1;14;14;2;10;10;10;1;10;18;2;53;25;17;1;True;True;True;True;True;True;True;429;Holanda_Kit 1.png;13;13;13;13;13;13;;;;;;;;;;;;;;;;;;;;;;;;
163843;10;3;False;0;10;71;0;0;0;0;53;53;53;53;28;17;54;54;54;54;54;54;54;54;54;54;54;54;0;0;0;0;53;28;17;54;54;54;54;54;54;54;54;54;54;54;54;0;0;0;53;53;53;54;54;54;54;54;54;54;54;54;0;0;54;54;54;54;54;54;54;54;54;1;29;2;4;1;10;10;10;14;7;4;10;10;10;1;14;14;2;10;10;10;1;10;18;2;10;10;10;1;True;True;True;True;True;True;True;430;Holanda_Kit 2.png;13;13;13;13;13;13;;;;;;;;;;;;;;;;;;;;;;;;
180224;11;0;False;0;2;71;0;0;0;0;47;16;19;53;53;53;63;63;63;63;63;63;63;63;63;63;63;63;0;0;0;0;47;16;19;63;63;63;63;63;63;63;63;63;63;63;63;0;0;0;47;16;19;63;63;63;63;63;63;63;63;63;0;0;53;46;18;53;46;18;53;46;18;1;29;2;3;1;53;53;53;14;7;3;53;53;53;1;17;14;0;53;53;53;1;11;18;2;53;53;53;0;True;True;True;False;True;True;True;472;Suiza_Kit 1.png;29;11;11;31;10;10;;;;;;;;;;;;;;;;;;;;;;;;
180225;11;1;False;0;2;71;0;0;0;0;49;53;53;23;56;23;63;63;63;63;63;63;63;63;63;63;63;63;0;0;0;0;49;53;53;63;63;63;63;63;63;63;63;63;63;63;63;0;0;0;49;53;53;63;63;63;63;63;63;63;63;63;0;0;53;46;18;53;46;18;53;46;18;1;29;2;3;1;12;20;27;14;7;3;12;20;27;1;17;14;0;12;20;27;1;11;18;2;12;20;27;0;True;True;True;False;True;True;True;473;Suiza_Kit 2.png;53;53;53;42;21;21;;;;;;;;;;;;;;;;;;;;;;;;
180352;11;0;True;0;1;0;0;0;0;0;28;46;53;63;63;63;63;63;63;63;63;63;63;63;63;63;63;63;0;0;0;0;28;46;53;63;63;63;63;63;63;63;63;63;63;63;63;0;0;0;28;46;53;63;63;63;63;63;63;63;63;63;0;0;53;46;18;53;46;18;53;46;18;1;29;2;3;1;10;10;10;14;7;3;10;10;10;1;17;14;0;10;10;10;1;11;18;2;10;10;10;0;True;True;True;False;True;True;True;474;Suiza_Kit Arq.png;10;10;10;35;14;14;;;;;;;;;;;;;;;;;;;;;;;;
196610;12;2;False;0;2;0;0;0;0;0;12;25;47;54;54;54;54;54;54;54;54;54;54;54;54;54;54;54;0;0;0;0;53;53;53;54;54;54;54;54;54;54;54;54;54;54;54;0;0;0;12;25;47;54;54;54;54;54;54;54;54;54;0;0;54;54;54;54;54;54;54;54;54;1;29;2;4;1;56;48;36;14;7;3;56;48;36;1;17;14;2;56;48;36;1;5;15;2;12;25;47;1;True;True;True;True;True;True;True;480;Italia_Kit 1.png;13;13;13;13;13;13;;;;;;;;;;;;;;;;;;;;;;;;
196611;12;3;False;0;6;0;0;0;0;0;53;53;53;54;54;54;54;54;54;54;54;54;54;54;54;54;54;54;0;0;0;0;14;19;23;54;54;54;54;54;54;54;54;54;54;54;54;0;0;0;14;19;23;54;54;54;54;54;54;54;54;54;0;0;54;54;54;54;54;54;54;54;54;1;29;2;4;1;14;19;23;14;7;3;14;19;23;1;20;6;0;14;19;23;1;10;17;2;53;53;53;1;True;True;True;True;True;True;True;481;Italia_Kit 2.png;13;13;13;13;13;13;;;;;;;;;;;;;;;;;;;;;;;;
212994;13;2;False;0;11;71;0;0;0;0;47;15;19;11;11;19;54;54;54;54;54;54;54;54;54;54;54;54;0;0;0;0;11;11;19;54;54;54;54;54;54;54;54;54;54;54;54;0;0;0;47;15;19;54;54;54;54;54;54;54;54;54;0;0;54;54;54;54;54;54;54;54;54;1;29;2;4;1;51;51;51;14;7;3;51;51;51;1;17;14;0;51;51;51;1;11;18;3;51;51;51;1;True;True;True;True;True;True;True;461;Rep Checa_Kit 1.png;13;13;13;13;13;13;;;;;;;;;;;;;;;;;;;;;;;;
212995;13;3;False;0;2;71;0;0;0;0;51;51;51;41;31;25;54;54;54;54;54;54;54;54;54;54;54;54;0;0;0;0;51;51;51;54;54;54;54;54;54;54;54;54;54;54;54;0;0;0;51;51;51;54;54;54;54;54;54;54;54;54;0;0;54;54;54;54;54;54;54;54;54;1;29;2;4;1;41;31;25;14;7;3;41;31;25;1;17;14;0;41;31;25;1;11;18;3;41;31;25;1;True;True;True;True;True;True;True;462;Rep Checa_Kit 2.png;13;13;13;13;13;13;;;;;;;;;;;;;;;;;;;;;;;;
229378;14;2;False;0;2;0;0;0;0;0;53;53;53;54;54;54;54;54;54;54;54;54;54;54;54;54;54;54;0;0;0;0;10;10;10;54;54;54;54;54;54;54;54;54;54;54;54;0;0;0;53;53;53;54;54;54;54;54;54;54;54;54;0;0;54;54;54;54;54;54;54;54;54;1;29;2;4;1;10;10;10;14;7;4;10;10;10;1;15;14;2;10;10;10;1;5;16;2;53;53;53;1;True;True;True;True;True;True;True;388;Alemania_Kit 1.png;13;13;13;13;13;13;;;;;;;;;;;;;;;;;;;;;;;;
229379;14;3;False;0;6;71;0;0;0;0;10;14;19;32;51;52;54;54;54;54;54;54;54;54;54;54;54;54;0;0;0;0;32;51;52;54;54;54;54;54;54;54;54;54;54;54;54;0;0;0;32;51;52;54;54;54;54;54;54;54;54;54;0;0;54;54;54;54;54;54;54;54;54;1;29;2;4;1;53;53;53;14;7;4;53;53;53;1;20;6;0;53;53;53;1;10;17;1;10;14;19;1;True;True;True;True;True;True;True;389;Alemania_Kit 2.png;13;13;13;13;13;13;;;;;;;;;;;;;;;;;;;;;;;;
262144;16;0;False;0;10;71;0;0;0;0;47;16;21;3;5;22;63;63;63;63;63;63;63;63;63;63;63;63;0;0;0;0;53;53;53;63;63;63;63;63;63;63;63;63;63;63;63;0;0;0;53;53;53;63;63;63;63;63;63;63;63;63;0;0;53;46;18;53;46;18;53;46;18;1;29;2;3;1;53;53;53;14;7;4;53;53;53;1;18;23;0;53;53;53;1;10;17;2;3;11;27;0;True;True;True;False;True;True;True;447;Noruega_Kit 1.png;33;15;12;31;12;10;;;;;;;;;;;;;;;;;;;;;;;;
262145;16;1;False;0;9;0;0;0;0;0;10;10;10;63;63;63;63;63;63;63;63;63;63;63;63;63;63;63;0;0;0;0;10;10;10;63;63;63;63;63;63;63;63;63;63;63;63;0;0;0;10;10;10;63;63;63;63;63;63;63;63;63;0;0;53;46;18;53;46;18;53;46;18;1;29;2;3;1;53;53;53;14;7;4;53;53;53;1;17;14;2;53;53;53;1;10;18;2;53;53;53;0;True;True;True;False;True;True;True;448;Noruega_Kit 2.png;53;53;53;42;42;46;;;;;;;;;;;;;;;;;;;;;;;;
262272;16;0;True;0;1;0;0;0;0;0;53;46;10;63;63;63;63;63;63;63;63;63;63;63;63;63;63;63;0;0;0;0;53;46;10;63;63;63;63;63;63;63;63;63;63;63;63;0;0;0;53;46;10;63;63;63;63;63;63;63;63;63;0;0;53;46;18;53;46;18;53;46;18;1;29;2;3;1;10;10;10;14;7;4;10;10;10;1;13;14;1;10;10;10;1;10;17;2;10;10;10;0;True;True;True;False;True;True;True;449;Noruega_Kit Arq.png;10;10;10;35;17;14;;;;;;;;;;;;;;;;;;;;;;;;
278528;17;0;False;0;8;71;0;0;0;0;53;48;12;10;16;37;63;63;63;63;63;63;63;63;63;63;63;63;0;0;0;0;10;16;37;63;63;63;63;63;63;63;63;63;63;63;63;0;0;0;53;48;12;63;63;63;63;63;63;63;63;63;0;0;35;14;14;53;46;18;53;46;18;1;29;2;4;1;10;16;37;14;7;3;10;16;37;1;17;14;0;10;16;37;1;5;16;3;53;48;12;0;True;True;True;False;True;True;True;469;Suecia_Kit 1.png;10;18;32;10;14;30;;;;;;;;;;;;;;;;;;;;;;;;
278529;17;1;False;0;6;0;0;0;0;0;10;19;37;63;63;63;63;63;63;63;63;63;63;63;63;63;63;63;0;0;0;0;10;19;37;63;63;63;63;63;63;63;63;63;63;63;63;0;0;0;10;19;37;63;63;63;63;63;63;63;63;63;0;0;35;14;14;53;46;18;53;46;18;1;29;2;3;1;53;50;37;14;7;3;53;50;37;1;20;6;-1;53;50;37;1;10;17;3;53;50;37;0;True;True;True;False;True;True;True;470;Suecia_Kit 2.png;53;53;53;53;49;12;;;;;;;;;;;;;;;;;;;;;;;;
278656;17;0;True;0;1;0;0;0;0;0;40;53;42;63;63;63;63;63;63;63;63;63;63;63;63;63;63;63;0;0;0;0;40;53;42;63;63;63;63;63;63;63;63;63;63;63;63;0;0;0;40;53;42;63;63;63;63;63;63;63;63;63;0;0;35;14;14;15;24;38;15;24;38;1;29;2;4;1;12;27;22;14;7;3;12;27;22;1;17;14;0;12;27;22;1;5;16;3;12;27;22;0;True;True;True;False;True;True;True;471;Suecia_Kit Arq.png;10;10;10;10;21;34;;;;;;;;;;;;;;;;;;;;;;;;
344064;21;0;False;0;2;71;0;0;0;0;52;19;19;10;10;10;63;63;63;63;63;63;63;63;63;63;63;63;0;0;0;0;10;10;10;63;63;63;63;63;63;63;63;63;63;63;63;0;0;0;52;19;19;63;63;63;63;63;63;63;63;63;0;0;53;46;18;53;46;18;53;46;18;1;29;2;4;1;53;53;53;14;7;4;53;53;53;1;17;14;0;53;53;53;1;11;17;3;53;53;53;0;True;True;True;False;True;True;True;399;Austria_Kit 1.png;31;12;12;28;11;11;;;;;;;;;;;;;;;;;;;;;;;;
344065;21;1;False;0;2;71;0;0;0;0;53;53;53;10;17;19;63;63;63;63;63;63;63;63;63;63;63;63;0;0;0;0;10;17;19;63;63;63;63;63;63;63;63;63;63;63;63;0;0;0;53;53;53;63;63;63;63;63;63;63;63;63;0;0;53;46;18;53;46;18;53;46;18;1;29;2;4;1;10;10;10;14;7;4;10;10;10;1;17;14;0;10;10;10;1;11;18;3;53;53;53;0;True;True;True;False;True;True;True;400;Austria_Kit 2.png;52;52;52;46;28;28;;;;;;;;;;;;;;;;;;;;;;;;
344192;21;0;True;0;1;0;0;0;0;0;28;46;53;63;63;63;63;63;63;63;63;63;63;63;63;63;63;63;0;0;0;0;28;46;53;63;63;63;63;63;63;63;63;63;63;63;63;0;0;0;28;46;53;63;63;63;63;63;63;63;63;63;0;0;53;46;18;53;46;18;53;46;18;1;29;2;4;1;10;10;10;14;7;3;10;10;10;1;17;14;0;10;10;10;1;11;18;3;10;10;10;0;True;True;True;False;True;True;True;401;Austria_Kit Arq.png;10;10;10;32;14;14;;;;;;;;;;;;;;;;;;;;;;;;
393218;24;2;False;0;9;71;0;0;0;0;53;53;53;54;6;9;54;54;54;54;54;54;54;54;54;54;54;54;0;0;0;0;53;53;53;54;54;54;54;54;54;54;54;54;54;54;54;0;0;0;53;53;53;54;54;54;54;54;54;54;54;54;0;0;54;54;54;54;54;54;54;54;54;1;30;2;7;1;15;27;47;15;7;6;15;27;47;1;12;14;-2;15;27;47;1;9;17;2;15;27;47;1;True;True;True;True;True;True;True;413;Croacia_Kit 1.png;13;13;13;13;13;13;;;;;;;;;;;;;;;;;;;;;;;;
393219;24;3;False;0;9;71;0;0;0;0;15;27;47;10;20;37;54;54;54;54;54;54;54;54;54;54;54;54;0;0;0;0;10;20;37;54;54;54;54;54;54;54;54;54;54;54;54;0;0;0;10;20;37;54;54;54;54;54;54;54;54;54;0;0;54;54;54;54;54;54;54;54;54;1;30;2;7;1;53;53;53;15;7;6;53;53;53;1;12;14;-2;53;53;53;1;9;17;2;53;53;53;1;True;True;True;True;True;True;True;414;Croacia_Kit 2.png;13;13;13;13;13;13;;;;;;;;;;;;;;;;;;;;;;;;
475138;29;2;False;0;9;71;0;0;0;0;53;53;53;47;12;15;54;54;54;54;54;54;54;54;54;54;54;54;0;0;0;0;53;53;53;54;54;54;54;54;54;54;54;54;54;54;54;0;0;0;53;53;53;54;54;54;54;54;54;54;54;54;0;0;54;54;54;54;54;54;54;54;54;1;29;2;1;1;47;12;15;14;7;2;47;12;15;1;11;14;0;47;12;15;2;6;17;3;47;12;15;1;True;True;True;True;True;True;True;475;Turquia_Kit 1.png;13;13;13;13;13;13;;;;;;;;;;;;;;;;;;;;;;;;
475139;29;3;False;0;9;71;0;0;0;0;47;12;15;53;53;53;54;54;54;54;54;54;54;54;54;54;54;54;0;0;0;0;47;12;15;54;54;54;54;54;54;54;54;54;54;54;54;0;0;0;47;12;15;54;54;54;54;54;54;54;54;54;0;0;54;54;54;54;54;54;54;54;54;1;29;2;1;1;53;53;53;14;7;2;53;53;53;1;11;14;0;53;53;53;2;6;18;3;53;53;53;1;True;True;True;True;True;True;True;476;Turquia_Kit 2.png;13;13;13;13;13;13;;;;;;;;;;;;;;;;;;;;;;;;
524288;32;0;False;0;11;71;0;0;0;0;47;15;19;16;31;25;63;63;63;63;63;63;63;63;63;63;63;63;0;0;0;0;16;31;25;63;63;63;63;63;63;63;63;63;63;63;63;0;0;0;47;15;19;63;63;63;63;63;63;63;63;63;0;0;53;46;18;53;46;18;53;46;18;1;29;3;4;1;53;53;53;14;8;4;53;53;53;1;15;14;2;53;53;53;1;11;18;2;53;53;53;0;True;True;True;False;True;True;True;441;Marruecos_Kit 1.png;33;10;10;29;10;10;;;;;;;;;;;;;;;;;;;;;;;;
524289;32;1;False;0;2;71;0;0;0;0;53;53;53;58;50;22;63;63;63;63;63;63;63;63;63;63;63;63;0;0;0;0;53;53;53;63;63;63;63;63;63;63;63;63;63;63;63;0;0;0;53;53;53;63;63;63;63;63;63;63;63;63;0;0;53;46;18;53;46;18;53;46;18;1;29;3;4;1;47;15;19;14;8;4;47;15;19;1;17;14;2;47;15;19;1;11;18;2;47;15;19;0;True;True;True;False;True;True;True;442;Marruecos_Kit 2.png;53;53;53;32;39;33;;;;;;;;;;;;;;;;;;;;;;;;
524416;32;0;True;0;1;0;0;0;0;0;32;53;40;63;63;63;63;63;63;63;63;63;63;63;63;63;63;63;0;0;0;0;32;53;40;63;63;63;63;63;63;63;63;63;63;63;63;0;0;0;32;53;40;63;63;63;63;63;63;63;63;63;0;0;53;46;18;53;46;18;53;46;18;1;29;3;4;1;10;10;10;14;8;4;10;10;10;1;17;14;2;10;10;10;1;11;18;2;10;10;10;0;True;True;True;False;True;True;True;443;Marruecos_Kit Arq.png;10;10;10;32;39;33;;;;;;;;;;;;;;;;;;;;;;;;
540672;33;0;False;0;1;71;0;0;0;0;53;53;53;49;14;14;63;63;63;63;63;63;63;63;63;63;63;63;0;0;0;0;53;53;53;63;63;63;63;63;63;63;63;63;63;63;63;0;0;0;53;53;53;63;63;63;63;63;63;63;63;63;0;0;53;46;18;53;46;18;53;46;18;1;29;2;4;1;49;14;14;14;7;4;49;14;14;1;15;14;0;49;14;14;1;10;17;3;49;14;14;0;True;True;True;False;True;True;True;600;Tunez_Kit 1.png;29;11;12;28;10;11;;;;;;;;;;;;;;;;;;;;;;;;
540673;33;1;False;0;1;71;0;0;0;0;49;14;14;53;53;53;63;63;63;63;63;63;63;63;63;63;63;63;0;0;0;0;49;14;14;63;63;63;63;63;63;63;63;63;63;63;63;0;0;0;49;14;14;63;63;63;63;63;63;63;63;63;0;0;53;46;18;53;46;18;53;46;18;1;29;2;4;1;53;53;53;14;7;4;53;53;53;1;15;14;0;53;53;53;1;10;17;3;53;53;53;0;True;True;True;False;True;True;True;601;Tunez_Kit 2.png;53;53;53;48;28;29;;;;;;;;;;;;;;;;;;;;;;;;
540800;33;0;True;0;2;0;0;0;0;0;25;47;53;63;63;63;63;63;63;63;63;63;63;63;63;63;63;63;0;0;0;0;25;47;53;63;63;63;63;63;63;63;63;63;63;63;63;0;0;0;25;47;53;63;63;63;63;63;63;63;63;63;0;0;53;46;18;53;46;18;53;46;18;1;29;2;4;1;53;53;53;14;7;4;53;53;53;1;17;14;0;53;53;53;1;10;17;3;53;53;53;0;True;True;True;False;True;True;True;602;Tunez_Kit Arq.png;10;10;10;33;14;15;;;;;;;;;;;;;;;;;;;;;;;;
557056;34;0;False;0;2;71;0;0;0;0;52;19;19;10;10;10;63;63;63;63;63;63;63;63;63;63;63;63;0;0;0;0;53;53;53;63;63;63;63;63;63;63;63;63;63;63;63;0;0;0;10;10;10;63;63;63;63;63;63;63;63;63;0;0;53;46;18;53;46;18;53;46;18;1;29;2;4;1;52;43;30;14;7;2;52;43;30;1;17;14;0;52;43;30;1;11;17;3;10;10;10;0;True;True;True;False;True;True;True;416;Egipto_Kit 1.png;36;10;11;42;12;17;;;;;;;;;;;;;;;;;;;;;;;;
557057;34;1;False;0;2;71;0;0;0;0;53;53;53;10;10;10;63;63;63;63;63;63;63;63;63;63;63;63;0;0;0;0;10;10;10;63;63;63;63;63;63;63;63;63;63;63;63;0;0;0;53;53;53;63;63;63;63;63;63;63;63;63;0;0;53;46;18;53;46;18;53;46;18;1;29;2;4;1;10;10;10;14;7;2;10;10;10;1;17;14;0;10;10;10;1;11;17;3;53;53;53;0;True;True;True;False;True;True;True;417;Egipto_Kit 2.png;52;52;52;38;38;38;;;;;;;;;;;;;;;;;;;;;;;;
557184;34;0;True;0;1;0;0;0;0;0;28;46;53;63;63;63;63;63;63;63;63;63;63;63;63;63;63;63;0;0;0;0;28;46;53;63;63;63;63;63;63;63;63;63;63;63;63;0;0;0;28;46;53;63;63;63;63;63;63;63;63;63;0;0;53;46;18;53;46;18;53;46;18;1;29;2;4;1;10;10;10;14;7;2;10;10;10;1;17;14;0;10;10;10;1;11;18;3;10;10;10;0;True;True;True;False;True;True;True;418;Egipto_Kit Arq.png;10;10;10;38;38;38;;;;;;;;;;;;;;;;;;;;;;;;
606208;37;0;False;0;2;71;0;0;0;0;53;47;21;10;37;30;63;63;63;63;63;63;63;63;63;63;63;63;0;0;0;0;10;37;30;63;63;63;63;63;63;63;63;63;63;63;63;0;0;0;53;47;21;63;63;63;63;63;63;63;63;63;0;0;53;46;18;53;46;18;53;46;18;1;29;2;4;1;10;37;30;14;7;2;10;37;30;1;17;14;0;10;37;30;1;5;16;3;53;47;21;0;True;True;True;False;True;True;True;466;Sudafrica_Kit 1.png;39;14;14;46;21;21;;;;;;;;;;;;;;;;;;;;;;;;
606209;37;1;False;0;4;71;0;0;0;0;10;25;22;53;53;53;63;63;63;63;63;63;63;63;63;63;63;63;0;0;0;0;53;53;53;63;63;63;63;63;63;63;63;63;63;63;63;0;0;0;10;25;22;63;63;63;63;63;63;63;63;63;0;0;53;46;18;53;46;18;53;46;18;1;29;2;4;1;53;53;53;14;7;2;53;53;53;1;17;14;0;53;53;53;1;10;17;3;10;25;22;0;True;True;True;False;True;True;True;467;Sudafrica_Kit 2.png;53;53;53;36;39;53;;;;;;;;;;;;;;;;;;;;;;;;
606336;37;0;True;0;1;0;0;0;0;0;53;36;27;63;63;63;63;63;63;63;63;63;63;63;63;63;63;63;0;0;0;0;53;36;27;63;63;63;63;63;63;63;63;63;63;63;63;0;0;0;53;36;27;63;63;63;63;63;63;63;63;63;0;0;53;46;18;53;46;18;53;46;18;1;29;2;4;1;48;48;48;14;7;2;48;48;48;1;17;14;0;48;48;48;1;5;16;3;48;48;48;0;True;True;True;False;True;True;True;468;Sudafrica_Kit Arq.png;10;10;10;10;22;17;;;;;;;;;;;;;;;;;;;;;;;;
622592;38;0;False;0;2;71;0;0;0;0;53;53;53;10;27;23;63;63;63;63;63;63;63;63;63;63;63;63;0;0;0;0;53;53;53;63;63;63;63;63;63;63;63;63;63;63;63;0;0;0;53;53;53;63;63;63;63;63;63;63;63;63;0;0;15;24;38;15;24;38;15;24;38;1;29;2;4;1;10;27;23;14;7;4;10;27;23;1;17;14;0;10;27;23;1;11;18;2;10;27;23;0;True;True;True;False;True;True;True;463;Senegal_Kit 1.png;45;42;10;42;39;10;;;;;;;;;;;;;;;;;;;;;;;;
622593;38;1;False;0;2;71;0;0;0;0;10;27;23;53;47;19;63;63;63;63;63;63;63;63;63;63;63;63;0;0;0;0;10;27;23;63;63;63;63;63;63;63;63;63;63;63;63;0;0;0;10;27;23;63;63;63;63;63;63;63;63;63;0;0;15;24;38;15;24;38;15;24;38;1;29;2;4;1;53;47;19;14;7;4;53;47;19;1;17;14;0;53;47;19;1;11;18;2;53;47;19;0;True;True;True;False;True;True;True;464;Senegal_Kit 2.png;53;53;53;29;41;29;;;;;;;;;;;;;;;;;;;;;;;;
622720;38;0;True;0;1;0;0;0;0;0;52;53;25;63;63;63;63;63;63;63;63;63;63;63;63;63;63;63;0;0;0;0;52;53;25;63;63;63;63;63;63;63;63;63;63;63;63;0;0;0;52;53;25;63;63;63;63;63;63;63;63;63;0;0;15;24;38;15;24;38;15;24;38;1;29;2;4;1;10;10;10;14;7;4;10;10;10;1;17;14;0;10;10;10;1;11;18;2;10;10;10;0;True;True;True;False;True;True;True;465;Senegal_Kit Arq.png;10;10;10;32;14;14;;;;;;;;;;;;;;;;;;;;;;;;
638976;39;0;False;0;1;71;0;0;0;0;53;53;53;50;10;10;54;54;54;54;54;54;54;54;54;54;54;54;0;0;0;0;10;11;20;54;54;54;54;54;54;54;54;54;54;54;54;0;0;0;53;53;53;54;54;54;54;54;54;54;54;54;0;0;54;54;54;54;54;54;54;54;54;1;29;4;3;1;10;11;20;15;9;1;10;11;20;1;16;14;2;10;11;20;1;10;17;4;53;53;53;0;True;True;True;True;True;True;True;477;USA_Kit 1.png;53;53;53;50;10;10;;;;;;;;;;;;;;;;;;;;;;;;
638977;39;1;False;0;9;0;0;0;0;0;10;11;15;54;54;54;54;54;54;54;54;54;54;54;54;54;54;54;0;0;0;0;10;11;15;54;54;54;54;54;54;54;54;54;54;54;54;0;0;0;10;11;15;54;54;54;54;54;54;54;54;54;0;0;54;54;54;54;54;54;54;54;54;1;29;4;3;1;54;54;54;15;9;1;54;54;54;1;16;14;2;54;54;54;1;10;17;4;54;54;54;0;True;True;True;True;True;True;True;478;USA_Kit 2.png;10;11;15;10;11;15;;;;;;;;;;;;;;;;;;;;;;;;
639104;39;0;True;0;1;0;0;0;0;0;12;37;25;54;54;54;54;54;54;54;54;54;54;54;54;54;54;54;0;0;0;0;12;37;25;54;54;54;54;54;54;54;54;54;54;54;54;0;0;0;12;37;25;54;54;54;54;54;54;54;54;54;0;0;54;54;54;54;54;54;54;54;54;1;29;4;3;1;10;10;10;15;9;1;10;10;10;1;13;14;2;10;10;10;1;10;17;4;10;10;10;0;True;True;True;True;True;True;True;479;USA_Kit Arq.png;12;37;25;12;37;25;;;;;;;;;;;;;;;;;;;;;;;;
655360;40;0;False;0;2;71;0;0;0;0;10;30;22;8;25;17;54;54;54;54;54;54;54;54;54;54;54;54;0;0;0;0;53;53;53;54;54;54;54;54;54;54;54;54;54;54;54;0;0;0;54;54;54;54;54;54;54;54;54;54;54;54;0;0;54;54;54;54;54;54;54;54;54;1;29;2;4;1;53;53;53;15;8;2;53;53;53;1;17;14;0;53;53;53;1;5;16;2;10;30;22;0;True;True;True;True;True;True;True;444;Mexico_Kit 1.png;0;0;0;0;0;0;;;;;;;;;;;;;;;;;;;;;;;;
655361;40;1;False;0;6;71;0;0;0;0;53;53;53;14;21;21;54;54;54;54;54;54;54;54;54;54;54;54;0;0;0;0;14;21;21;54;54;54;54;54;54;54;54;54;54;54;54;0;0;0;53;53;53;54;54;54;54;54;54;54;54;54;0;0;54;54;54;54;54;54;54;54;54;1;29;2;4;1;14;21;21;15;8;2;14;21;21;1;17;14;0;14;21;21;1;10;16;2;53;53;53;0;True;True;True;True;True;True;True;445;Mexico_Kit 2.png;0;0;0;0;0;0;;;;;;;;;;;;;;;;;;;;;;;;
655488;40;0;True;0;1;0;0;0;0;0;53;19;30;54;54;54;54;54;54;54;54;54;54;54;54;54;54;54;0;0;0;0;53;19;30;54;54;54;54;54;54;54;54;54;54;54;54;0;0;0;53;19;30;54;54;54;54;54;54;54;54;54;0;0;54;54;54;54;54;54;54;54;54;1;29;2;4;1;53;53;53;15;8;2;53;53;53;1;17;14;0;53;53;53;1;5;16;2;53;53;53;0;True;True;True;True;True;True;True;446;Mexico_Kit Arq.png;0;0;0;0;0;0;;;;;;;;;;;;;;;;;;;;;;;;
720898;44;2;False;0;2;0;0;0;0;0;53;49;22;63;63;63;54;54;54;54;54;54;54;54;54;54;54;54;0;0;0;0;12;25;47;54;54;54;54;54;54;54;54;54;54;54;54;0;0;0;53;49;22;54;54;54;54;54;54;54;54;54;0;0;54;54;54;54;54;54;54;54;54;1;30;1;4;1;12;25;47;15;8;3;12;25;47;1;16;14;2;12;25;47;1;5;15;2;53;49;22;1;True;True;True;True;True;True;True;99;Colombia_Kit 1.png;13;13;13;13;13;13;;;;;;;;;;;;;;;;;;;;;;;;
720899;44;3;False;0;8;71;0;0;0;0;10;37;47;3;19;27;54;54;54;54;54;54;54;54;54;54;54;54;0;0;0;0;10;12;20;54;54;54;54;54;54;54;54;54;54;54;54;0;0;0;10;12;20;54;54;54;54;54;54;54;54;54;0;0;54;54;54;54;54;54;54;54;54;1;30;1;4;1;48;53;19;15;8;3;48;53;19;1;16;14;2;48;53;19;1;10;17;2;48;53;19;1;True;True;True;True;True;True;True;100;Colombia_Kit 2.png;13;13;13;13;13;13;;;;;;;;;;;;;;;;;;;;;;;;
737282;45;2;False;0;1;71;0;0;0;0;57;47;26;10;25;22;54;54;54;54;54;54;54;54;54;54;54;54;0;0;0;0;13;25;44;54;54;54;54;54;54;54;54;54;54;54;54;0;0;0;53;53;53;54;54;54;54;54;54;54;54;54;0;0;54;54;54;54;54;54;54;54;54;1;29;2;4;1;10;25;22;15;8;4;10;25;22;1;15;14;4;10;25;22;1;9;17;3;53;53;53;1;True;True;True;True;True;True;True;63;Brasil_Kit 1.png;13;13;13;13;13;13;;;;;;;;;;;;;;;;;;;;;;;;
737283;45;3;False;0;9;71;0;0;0;0;10;10;10;5;19;48;54;54;54;54;54;54;54;54;54;54;54;54;0;0;0;0;10;10;10;54;54;54;54;54;54;54;54;54;54;54;54;0;0;0;10;10;10;54;54;54;54;54;54;54;54;54;0;0;54;54;54;54;54;54;54;54;54;1;29;2;4;1;53;53;53;15;8;4;53;53;53;1;15;14;4;53;53;53;1;11;17;3;53;53;53;1;True;True;True;True;True;True;True;64;Brasil_Kit 2.png;13;13;13;13;13;13;;;;;;;;;;;;;;;;;;;;;;;;
753664;46;0;False;0;1;71;0;0;0;0;53;53;53;45;8;8;63;63;63;63;63;63;63;63;63;63;63;63;0;0;0;0;53;53;53;63;63;63;63;63;63;63;63;63;63;63;63;0;0;0;53;53;53;63;63;63;63;63;63;63;63;63;0;0;53;46;18;53;46;18;53;46;18;1;29;2;3;1;10;10;10;15;8;3;10;10;10;1;25;5;-2;10;10;10;1;5;16;2;10;10;10;0;True;True;True;False;True;True;True;271;Peru_Kit 1.png;33;14;14;29;10;10;;;;;;;;;;;;;;;;;;;;;;;;
753665;46;1;False;0;6;71;0;0;0;0;10;10;10;48;26;5;63;63;63;63;63;63;63;63;63;63;63;63;0;0;0;0;10;10;10;63;63;63;63;63;63;63;63;63;63;63;63;0;0;0;10;10;10;63;63;63;63;63;63;63;63;63;0;0;53;46;18;53;46;18;53;46;18;1;29;2;3;1;53;32;22;15;8;3;53;32;22;1;18;14;0;53;32;22;1;10;16;2;53;32;22;0;True;True;True;False;True;True;True;272;Peru_Kit 2.png;52;52;52;42;22;22;;;;;;;;;;;;;;;;;;;;;;;;
753792;46;0;True;0;2;0;0;0;0;0;40;53;42;63;63;63;63;63;63;63;63;63;63;63;63;63;63;63;0;0;0;0;40;53;42;63;63;63;63;63;63;63;63;63;63;63;63;0;0;0;40;53;42;63;63;63;63;63;63;63;63;63;0;0;53;46;18;53;46;18;53;46;18;1;29;2;3;1;11;25;21;15;8;3;11;25;21;1;18;14;0;11;25;21;1;5;16;2;11;25;21;0;True;True;True;False;True;True;True;273;Peru_Kit Arq.png;10;10;10;36;17;17;;;;;;;;;;;;;;;;;;;;;;;;
770048;47;0;False;0;2;71;0;0;0;0;51;12;15;11;15;44;63;63;63;63;63;63;63;63;63;63;63;63;0;0;0;0;11;15;44;63;63;63;63;63;63;63;63;63;63;63;63;0;0;0;51;12;15;63;63;63;63;63;63;63;63;63;0;0;53;46;18;53;46;18;53;46;18;1;29;1;3;1;60;60;60;14;6;3;53;53;53;1;17;14;0;54;54;54;2;13;16;4;60;60;60;0;True;True;True;False;True;True;True;95;Chile_Kit 1.png;35;14;14;31;10;10;;;;;;;;;;;;;;;;;;;;;;;;
770049;47;1;False;0;2;71;0;0;0;0;54;54;54;46;5;4;63;63;63;63;63;63;63;63;63;63;63;63;0;0;0;0;54;54;54;63;63;63;63;63;63;63;63;63;63;63;63;0;0;0;54;54;54;63;63;63;63;63;63;63;63;63;0;0;53;46;18;53;46;18;53;46;18;1;29;1;3;1;7;21;45;14;6;3;7;21;45;1;17;14;0;7;21;45;2;13;16;4;7;21;45;0;True;True;True;False;True;True;True;96;Chile_Kit 2.png;52;52;52;36;39;53;;;;;;;;;;;;;;;;;;;;;;;;
770176;47;0;True;0;1;0;0;0;0;0;10;10;10;63;63;63;63;63;63;63;63;63;63;63;63;63;63;63;0;0;0;0;10;10;10;63;63;63;63;63;63;63;63;63;63;63;63;0;0;0;10;10;10;63;63;63;63;63;63;63;63;63;0;0;53;46;18;53;46;18;53;46;18;1;29;1;3;1;54;54;54;14;6;3;54;54;54;1;17;14;0;54;54;54;2;13;16;4;54;54;54;0;True;True;True;False;True;True;True;97;Chile_Kit Arq.png;10;10;10;35;14;14;;;;;;;;;;;;;;;;;;;;;;;;
786432;48;0;False;0;2;71;0;0;0;0;53;53;53;47;13;13;63;63;63;63;63;63;63;63;63;63;63;63;0;0;0;0;53;53;53;63;63;63;63;63;63;63;63;63;63;63;63;0;0;0;54;54;54;63;63;63;63;63;63;63;63;63;0;0;53;49;17;53;49;17;53;49;17;1;29;0;4;1;10;32;52;14;8;4;10;32;52;1;16;14;3;10;32;52;1;11;18;2;10;32;52;0;True;True;True;False;True;True;True;263;Paraguay_Kit 1.png;10;26;36;10;24;33;;;;;;;;;;;;;;;;;;;;;;;;
786433;48;1;False;0;2;71;0;0;0;0;11;11;14;3;19;27;63;63;63;63;63;63;63;63;63;63;63;63;0;0;0;0;11;11;14;63;63;63;63;63;63;63;63;63;63;63;63;0;0;0;11;11;14;63;63;63;63;63;63;63;63;63;0;0;53;49;17;53;49;17;53;49;17;1;29;0;4;1;54;54;54;14;8;4;54;54;54;1;16;14;3;54;54;54;1;12;18;2;54;54;54;0;True;True;True;False;True;True;True;264;Paraguay_Kit 2.png;52;52;52;53;35;35;;;;;;;;;;;;;;;;;;;;;;;;
786560;48;0;True;0;1;0;0;0;0;0;53;37;27;63;63;63;63;63;63;63;63;63;63;63;63;63;63;63;0;0;0;0;53;37;27;63;63;63;63;63;63;63;63;63;63;63;63;0;0;0;53;37;27;63;63;63;63;63;63;63;63;63;0;0;53;49;17;53;49;17;53;49;17;1;29;0;4;1;10;10;10;14;8;4;10;10;10;1;16;14;3;10;10;10;1;11;18;2;10;10;10;0;True;True;True;False;True;True;True;265;Paraguay_Kit Arq.png;10;10;10;49;52;53;;;;;;;;;;;;;;;;;;;;;;;;
802816;49;0;False;0;13;71;0;0;0;0;40;47;53;10;11;15;63;63;63;63;63;63;63;63;63;63;63;63;0;0;0;0;10;11;15;63;63;63;63;63;63;63;63;63;63;63;63;0;0;0;10;11;15;63;63;63;63;63;63;63;63;63;0;0;35;14;14;35;14;14;35;14;14;1;29;3;2;1;10;11;15;15;9;4;10;11;15;1;17;14;2;10;11;15;1;10;16;4;54;54;54;0;True;True;True;False;True;True;True;352;Uruguay_Kit 1.png;11;29;39;10;25;35;;;;;;;;;;;;;;;;;;;;;;;;
802817;49;1;False;0;1;71;0;0;0;0;10;11;15;10;11;40;63;63;63;63;63;63;63;63;63;63;63;63;0;0;0;0;10;11;15;63;63;63;63;63;63;63;63;63;63;63;63;0;0;0;10;11;15;63;63;63;63;63;63;63;63;63;0;0;35;14;14;35;14;14;35;14;14;1;29;3;2;1;15;37;52;15;9;4;15;37;52;1;12;14;2;15;37;52;1;10;16;4;15;37;52;0;True;True;True;False;True;True;True;353;Uruguay_Kit 2.png;52;52;52;53;53;25;;;;;;;;;;;;;;;;;;;;;;;;
802944;49;0;True;0;1;0;0;0;0;0;49;17;17;63;63;63;63;63;63;63;63;63;63;63;63;63;63;63;0;0;0;0;49;17;0;63;63;63;63;63;63;63;63;63;63;63;63;0;0;0;49;17;0;63;63;63;63;63;63;63;63;63;0;0;35;14;14;35;14;14;35;14;14;1;29;3;2;1;54;54;54;15;9;4;54;54;54;1;13;14;2;54;54;54;1;10;16;4;54;54;54;0;True;True;True;False;True;True;True;354;Uruguay_Kit Arq.png;10;10;10;11;29;39;;;;;;;;;;;;;;;;;;;;;;;;
819202;50;2;False;0;8;71;0;0;0;0;53;53;53;6;37;54;63;63;63;63;63;63;54;54;54;54;54;54;0;0;0;0;10;12;17;54;54;54;54;54;54;54;54;54;54;54;54;0;0;0;10;12;17;54;54;54;54;54;54;54;54;54;0;0;54;54;54;54;54;54;54;54;54;1;29;2;3;1;5;5;5;15;9;2;5;5;5;1;17;14;3;5;5;5;1;5;16;3;53;53;53;1;True;True;True;True;True;True;True;18;Argentina_Kit 1.png;13;13;13;13;13;13;;;;;;;;;;;;;;;;;;;;;;;;
819203;50;3;False;0;6;71;0;0;0;0;10;10;10;6;22;54;54;54;54;54;54;54;54;54;54;54;54;54;0;0;0;0;10;10;10;54;54;54;54;54;54;54;54;54;54;54;54;0;0;0;10;10;10;54;54;54;54;54;54;54;54;54;0;0;54;54;54;54;54;54;54;54;54;1;29;2;3;1;57;57;57;15;9;2;57;57;57;1;20;6;0;53;53;53;1;10;17;3;53;53;53;1;True;True;True;True;True;True;True;19;Argentina_Kit 2.png;13;13;13;13;13;13;;;;;;;;;;;;;;;;;;;;;;;;
835584;51;0;False;0;2;71;0;0;0;0;53;46;12;10;12;21;63;63;63;63;63;63;63;63;63;63;63;63;0;0;0;0;10;12;21;63;63;63;63;63;63;63;63;63;63;63;63;0;0;0;10;12;21;63;63;63;63;63;63;63;63;63;0;0;35;14;14;35;14;14;35;14;14;1;29;3;1;1;10;12;21;15;8;2;10;12;21;1;18;14;3;10;12;21;1;8;17;2;53;46;12;0;True;True;True;False;True;True;True;119;Ecuador_Kit 1.png;48;45;14;43;41;10;;;;;;;;;;;;;;;;;;;;;;;;
835585;51;1;False;0;4;0;0;0;0;0;10;12;19;63;63;63;63;63;63;63;63;63;63;63;63;63;63;63;0;0;0;0;10;12;19;63;63;63;63;63;63;63;63;63;63;63;63;0;0;0;10;12;19;63;63;63;63;63;63;63;63;63;0;0;35;14;14;35;14;14;35;14;14;1;29;3;1;1;53;44;33;15;8;2;53;44;33;1;18;14;3;53;44;33;1;8;17;2;53;44;33;0;True;True;True;False;True;True;True;120;Ecuador_Kit 2.png;53;53;53;28;35;49;;;;;;;;;;;;;;;;;;;;;;;;
835712;51;0;True;0;2;0;0;0;0;0;53;33;25;63;63;63;63;63;63;63;63;63;63;63;63;63;63;63;0;0;0;0;53;33;25;63;63;63;63;63;63;63;63;63;63;63;63;0;0;0;53;33;25;63;63;63;63;63;63;63;63;63;0;0;35;14;14;35;14;14;35;14;14;1;29;3;1;1;56;56;56;15;8;2;56;56;56;1;18;14;3;56;56;56;1;8;17;2;56;56;56;0;True;True;True;False;True;True;True;121;Ecuador_Kit Arq.png;10;10;10;53;50;19;;;;;;;;;;;;;;;;;;;;;;;;
851970;52;2;False;0;2;71;0;0;0;0;10;19;37;53;53;53;54;54;54;54;54;54;54;54;54;54;54;54;0;0;0;0;53;53;53;54;54;54;54;54;54;54;54;54;54;54;54;0;0;0;10;19;37;54;54;54;54;54;54;54;54;54;0;0;54;54;54;54;54;54;54;54;54;1;29;2;2;1;53;53;53;14;7;2;53;53;53;1;13;14;0;53;53;53;1;5;16;2;10;19;37;1;True;True;True;True;True;True;True;439;Japon_Kit 1.png;13;13;13;13;13;13;;;;;;;;;;;;;;;;;;;;;;;;
851971;52;3;False;0;6;0;0;0;0;0;53;52;51;54;54;54;54;54;54;54;54;54;54;54;54;54;54;54;0;0;0;0;10;10;10;54;54;54;54;54;54;54;54;54;54;54;54;0;0;0;53;52;51;54;54;54;54;54;54;54;54;54;0;0;54;54;54;54;54;54;54;54;54;1;29;2;4;1;10;10;10;14;7;4;10;10;10;1;20;6;0;10;10;10;1;10;17;2;53;52;51;1;True;True;True;True;True;True;True;440;Japon_Kit 2.png;13;13;13;13;13;13;;;;;;;;;;;;;;;;;;;;;;;;
868352;53;0;False;0;10;0;0;0;0;0;47;15;19;63;63;63;63;63;63;63;63;63;63;63;63;63;63;63;0;0;0;0;10;10;10;63;63;63;63;63;63;63;63;63;63;63;63;0;0;0;47;15;19;63;63;63;63;63;63;63;63;63;0;0;53;46;18;53;46;18;53;46;18;1;29;2;3;1;53;53;53;14;7;3;53;53;53;1;17;14;0;53;53;53;1;10;17;3;53;53;53;0;True;True;True;False;True;True;True;407;Corea del Sur_Kit 1.png;12;22;31;11;21;29;;;;;;;;;;;;;;;;;;;;;;;;
868353;53;1;False;0;2;71;0;0;0;0;43;38;49;53;48;59;63;63;63;63;63;63;63;63;63;63;63;63;0;0;0;0;43;38;49;63;63;63;63;63;63;63;63;63;63;63;63;0;0;0;43;38;49;63;63;63;63;63;63;63;63;63;0;0;53;46;18;53;46;18;53;46;18;1;29;2;3;1;52;53;44;14;7;3;52;53;44;1;17;14;0;52;53;44;1;10;17;2;52;53;44;0;True;True;True;False;True;True;True;408;Corea del Sur_Kit 2.png;52;52;52;41;21;21;;;;;;;;;;;;;;;;;;;;;;;;
868480;53;0;True;0;1;0;0;0;0;0;10;10;10;63;63;63;63;63;63;63;63;63;63;63;63;63;63;63;0;0;0;0;10;10;10;63;63;63;63;63;63;63;63;63;63;63;63;0;0;0;10;10;10;63;63;63;63;63;63;63;63;63;0;0;53;46;18;53;46;18;53;46;18;1;29;2;3;1;53;53;53;14;7;3;53;53;53;1;14;14;0;53;53;53;1;10;17;2;53;53;53;0;True;True;True;False;True;True;True;409;Corea del Sur_Kit Arq.png;24;24;24;36;17;17;;;;;;;;;;;;;;;;;;;;;;;;
901120;55;0;False;0;2;0;0;0;0;0;53;53;53;63;63;63;63;63;63;63;63;63;63;63;63;63;63;63;0;0;0;0;53;53;53;63;63;63;63;63;63;63;63;63;63;63;63;0;0;0;53;53;53;63;63;63;63;63;63;63;63;63;0;0;53;46;18;53;46;18;53;46;18;1;29;2;2;1;43;15;12;14;7;2;43;15;12;1;17;14;0;43;15;12;1;10;18;3;43;15;12;0;True;True;True;False;True;True;True;436;Iran_Kit 1.png;35;10;10;32;10;10;;;;;;;;;;;;;;;;;;;;;;;;
901121;55;1;False;0;2;0;0;0;0;0;46;9;14;63;63;63;63;63;63;63;63;63;63;63;63;63;63;63;0;0;0;0;43;15;12;63;63;63;63;63;63;63;63;63;63;63;63;0;0;0;43;15;12;63;63;63;63;63;63;63;63;63;0;0;53;46;18;53;46;18;53;46;18;1;29;2;2;1;53;53;53;14;7;2;53;53;53;1;17;14;0;53;53;53;1;10;18;3;53;53;53;0;True;True;True;False;True;True;True;437;Iran_Kit 2.png;52;52;52;24;42;35;;;;;;;;;;;;;;;;;;;;;;;;
901248;55;0;True;0;2;0;0;0;0;0;25;47;53;63;63;63;63;63;63;63;63;63;63;63;63;63;63;63;0;0;0;0;25;47;53;63;63;63;63;63;63;63;63;63;63;63;63;0;0;0;25;47;53;63;63;63;63;63;63;63;63;63;0;0;53;46;18;53;46;18;53;46;18;1;29;2;2;1;10;10;10;14;7;2;10;10;10;1;17;14;0;10;10;10;1;10;18;3;10;10;10;0;True;True;True;False;True;True;True;438;Iran_Kit Arq.png;10;10;10;10;28;21;;;;;;;;;;;;;;;;;;;;;;;;
917504;56;0;False;0;2;71;0;0;0;0;10;19;19;53;53;53;63;63;63;63;63;63;63;63;63;63;63;63;0;0;0;0;10;19;19;63;63;63;63;63;63;63;63;63;63;63;63;0;0;0;10;19;19;63;63;63;63;63;63;63;63;63;0;0;53;46;18;53;46;18;53;46;18;1;29;2;4;1;53;53;53;14;7;3;53;53;53;1;17;14;0;53;53;53;1;5;15;3;53;53;53;0;True;True;True;False;True;True;True;390;Arabia_Kit 1.png;10;19;10;14;28;18;;;;;;;;;;;;;;;;;;;;;;;;
917505;56;1;False;0;6;0;0;0;0;0;53;53;53;63;63;63;63;63;63;63;63;63;63;63;63;63;63;63;0;0;0;0;53;53;53;63;63;63;63;63;63;63;63;63;63;63;63;0;0;0;53;53;53;63;63;63;63;63;63;63;63;63;0;0;53;46;18;53;46;18;53;46;18;1;29;2;4;1;48;39;27;14;7;3;48;39;27;1;17;14;0;48;39;27;1;10;16;3;48;39;27;0;True;True;True;False;True;True;True;391;Arabia_Kit 2.png;53;53;53;24;38;28;;;;;;;;;;;;;;;;;;;;;;;;
917632;56;0;True;0;1;0;0;0;0;0;20;42;53;63;63;63;63;63;63;63;63;63;63;63;63;63;63;63;0;0;0;0;20;42;53;63;63;63;63;63;63;63;63;63;63;63;63;0;0;0;20;42;53;63;63;63;63;63;63;63;63;63;0;0;53;46;18;53;46;18;53;46;18;1;29;2;4;1;53;53;53;14;7;3;53;53;53;1;17;14;0;53;53;53;1;5;16;3;53;53;53;0;True;True;True;False;True;True;True;392;Arabia_Kit Arq.png;10;10;10;10;24;14;;;;;;;;;;;;;;;;;;;;;;;;
933888;57;0;False;0;8;71;0;0;0;0;53;41;20;12;25;22;63;63;63;63;63;63;63;63;63;63;63;63;0;0;0;0;12;25;22;63;63;63;63;63;63;63;63;63;63;63;63;0;0;0;53;53;53;63;63;63;63;63;63;63;63;63;0;0;53;46;18;53;46;18;53;46;18;1;29;2;1;1;12;25;22;14;7;1;12;25;22;1;17;14;0;12;25;22;1;10;17;3;53;41;20;0;True;True;True;False;True;True;True;396;Australia_Kit 1.png;12;23;37;10;16;29;;;;;;;;;;;;;;;;;;;;;;;;
933889;57;1;False;0;9;71;0;0;0;0;10;37;43;43;26;19;63;63;63;63;63;63;63;63;63;63;63;63;0;0;0;0;10;37;43;63;63;63;63;63;63;63;63;63;63;63;63;0;0;0;10;37;43;63;63;63;63;63;63;63;63;63;0;0;53;46;18;53;46;18;53;46;18;1;29;2;1;1;53;53;53;14;7;1;53;53;53;1;17;14;0;53;53;53;1;10;17;3;53;53;53;0;True;True;True;False;True;True;True;397;Australia_Kit 2.png;52;52;52;49;22;23;;;;;;;;;;;;;;;;;;;;;;;;
934016;57;0;True;0;1;0;0;0;0;0;20;12;37;63;63;63;63;63;63;63;63;63;63;63;63;63;63;63;0;0;0;0;20;12;37;63;63;63;63;63;63;63;63;63;63;63;63;0;0;0;20;12;37;63;63;63;63;63;63;63;63;63;0;0;53;46;18;53;46;18;53;46;18;1;29;2;1;1;53;53;53;14;7;1;53;53;53;1;17;14;0;53;53;53;1;10;17;3;53;53;53;0;True;True;True;False;True;True;True;398;Australia_Kit Arq.png;10;10;10;10;21;34;;;;;;;;;;;;;;;;;;;;;;;;
1638400;100;0;False;0;3;71;0;0;0;0;47;12;15;58;58;58;63;63;63;63;63;63;63;63;63;63;63;63;0;0;0;0;58;58;58;63;63;63;63;63;63;63;63;63;63;63;63;0;0;0;6;6;6;63;63;63;63;63;63;63;63;63;0;0;63;63;63;63;63;63;63;63;63;1;29;2;1;3;58;58;58;14;8;1;58;58;58;0;20;14;-2;12;10;24;1;5;15;2;6;6;6;0;True;True;True;True;True;True;True;222;Man United_Kit 1.png;10;10;10;10;10;10;;;;;;;;;;;;;;;;;;;;;;;;
1638401;100;1;False;0;2;71;0;0;0;0;1;20;43;58;58;58;63;63;63;63;63;63;63;63;63;63;63;63;0;0;0;0;1;20;43;63;63;63;63;63;63;63;63;63;63;63;63;0;0;0;1;20;43;63;63;63;63;63;63;63;63;63;0;0;63;63;63;63;63;63;63;63;63;1;29;2;1;3;58;58;58;14;8;1;58;58;58;0;20;14;-2;53;53;53;1;10;15;2;58;58;58;0;True;True;True;True;True;True;True;223;Man United_Kit 2.png;53;53;53;53;53;53;;;;;;;;;;;;;;;;;;;;;;;;
1638402;100;2;False;0;1;71;0;0;0;0;59;57;53;30;14;13;54;54;54;54;54;54;54;54;54;54;54;54;0;0;0;0;6;6;6;54;54;54;54;54;54;54;54;54;54;54;54;0;0;0;59;56;53;54;54;54;54;54;54;54;54;54;0;0;54;54;54;54;54;54;54;54;54;1;29;2;1;3;30;14;13;14;8;1;30;14;13;0;20;14;0;0;0;0;1;4;17;2;59;57;53;1;True;True;True;True;True;False;True;224;Man United_Kit 3.png;13;13;13;13;13;13;;;;;;;;;;;;;;;;;;;;;;;;
1638528;100;0;True;0;1;0;0;0;0;0;6;6;6;63;63;63;63;63;63;63;63;63;63;63;63;63;63;63;0;0;0;0;6;6;6;63;63;63;63;63;63;63;63;63;63;63;63;0;0;0;6;6;6;63;63;63;63;63;63;63;63;63;0;0;63;63;63;63;63;63;63;63;63;1;29;2;1;3;58;58;58;14;8;1;58;58;58;0;20;14;-2;10;10;10;1;5;16;2;58;58;58;0;True;True;True;True;True;True;True;225;Man United_Kit Arq.png;10;10;10;10;10;10;;;;;;;;;;;;;;;;;;;;;;;;
1654787;101;3;False;0;2;71;0;0;0;0;47;9;10;53;53;53;54;54;54;54;54;54;54;54;54;54;54;54;0;0;0;0;53;53;53;54;54;54;54;54;54;54;54;54;54;54;54;0;0;0;47;9;10;54;54;54;54;54;54;54;54;54;0;0;54;54;54;54;54;54;54;54;54;1;29;2;1;2;53;53;53;15;8;1;53;53;53;0;20;14;0;0;0;0;1;4;16;0;47;9;10;1;True;True;True;True;True;True;True;22;Arsenal_Kit 1.png;13;13;13;13;13;13;;;;;;;;;;;;;;;;;;;;;;;;
1671168;102;0;False;0;12;0;0;0;0;0;1;10;28;63;63;63;63;63;63;63;63;63;63;63;63;63;63;63;0;0;0;0;1;10;28;63;63;63;63;63;63;63;63;63;63;63;63;0;0;0;1;10;28;63;63;63;63;63;63;63;63;63;0;0;35;14;14;35;14;14;35;14;14;1;29;2;1;3;53;53;53;14;8;1;53;53;53;0;20;14;-2;3;3;3;1;10;15;2;53;53;53;0;True;True;True;False;True;True;True;91;Chelsea_Kit 1.png;53;47;10;53;47;10;;;;;;;;;;;;;;;;;;;;;;;;
1671169;102;1;False;0;1;71;0;0;0;0;6;6;6;60;49;0;63;63;63;63;63;63;63;63;63;63;63;63;0;0;0;0;6;6;6;63;63;63;63;63;63;63;63;63;63;63;63;0;0;0;60;49;0;63;63;63;63;63;63;63;63;63;0;0;63;63;63;63;63;63;63;63;63;1;29;2;1;3;60;49;0;14;8;1;60;49;0;0;20;14;-2;3;3;3;1;10;15;2;60;49;0;0;True;True;True;True;True;True;True;92;Chelsea_Kit 2.png;53;53;53;53;53;53;;;;;;;;;;;;;;;;;;;;;;;;
1671296;102;0;True;0;1;0;0;0;0;0;6;6;6;63;63;63;63;63;63;63;63;63;63;63;63;63;63;63;0;0;0;0;6;6;6;63;63;63;63;63;63;63;63;63;63;63;63;0;0;0;6;6;6;63;63;63;63;63;63;63;63;63;0;0;63;63;63;63;63;63;63;63;63;1;29;2;1;3;56;56;56;14;8;1;56;56;56;0;20;14;-2;3;3;3;1;10;18;2;56;56;56;0;True;True;True;True;True;True;True;94;Chelsea_Kit Arq.png;10;10;10;10;10;10;;;;;;;;;;;;;;;;;;;;;;;;
1687555;103;3;False;0;1;71;0;0;0;0;40;8;13;58;58;58;54;54;54;54;54;54;54;54;54;54;54;54;0;0;0;0;40;8;13;54;54;54;54;54;54;54;54;54;54;54;54;0;0;0;40;8;13;54;54;54;54;54;54;54;54;54;0;0;54;54;54;54;54;54;54;54;54;1;29;2;1;3;58;56;58;14;8;1;58;58;58;0;20;14;0;0;0;0;1;5;18;2;58;58;58;1;True;True;True;True;True;True;True;215;Liverpool_Kit 1.png;13;13;13;13;13;13;;;;;;;;;;;;;;;;;;;;;;;;
1703936;104;0;False;0;8;71;0;0;0;0;58;58;58;6;17;39;63;63;63;63;63;63;63;63;63;63;63;63;0;0;0;0;58;58;58;63;63;63;63;63;63;63;63;63;63;63;63;0;0;0;58;58;58;63;63;63;63;63;63;63;63;63;0;0;63;63;63;63;63;63;63;63;63;1;29;2;1;3;6;17;39;14;8;1;6;17;39;0;20;14;-2;3;3;3;1;4;18;2;6;17;39;0;True;True;True;True;True;True;True;200;Leeds_Kit 1.png;27;15;41;27;15;41;;;;;;;;;;;;;;;;;;;;;;;;
1703937;104;1;False;0;2;71;0;0;0;0;63;56;11;12;12;12;63;63;63;63;63;63;63;63;63;63;63;63;0;0;0;0;12;12;12;63;63;63;63;63;63;63;63;63;63;63;63;0;0;0;63;56;11;63;63;63;63;63;63;63;63;63;0;0;63;63;63;63;63;63;63;63;63;1;29;2;1;3;12;12;12;14;8;1;12;12;12;0;20;14;-2;13;13;13;1;10;18;2;58;58;58;0;True;True;True;True;True;True;True;201;Leeds_Kit 2.png;53;53;53;53;53;53;;;;;;;;;;;;;;;;;;;;;;;;
1704064;104;0;True;0;1;0;0;0;0;0;31;52;31;63;63;63;63;63;63;63;63;63;63;63;63;63;63;63;0;0;0;0;31;52;31;63;63;63;63;63;63;63;63;63;63;63;63;0;0;0;31;52;31;63;63;63;63;63;63;63;63;63;0;0;63;63;63;63;63;63;63;63;63;1;29;2;1;3;13;18;16;14;8;1;13;18;16;0;20;14;-2;13;13;13;1;4;18;2;13;18;16;0;True;True;True;True;True;True;True;202;Leeds_Kit Arq.png;10;10;10;10;10;10;;;;;;;;;;;;;;;;;;;;;;;;
1720320;105;0;False;0;2;71;0;0;0;0;33;9;14;22;34;58;63;63;63;63;63;63;63;63;63;63;63;63;0;0;0;0;53;53;53;63;63;63;63;63;63;63;63;63;63;63;63;0;0;0;33;9;14;63;63;63;63;63;63;63;63;63;0;0;63;63;63;63;63;63;63;63;63;1;30;2;1;3;56;56;56;15;9;1;56;56;56;0;20;14;-2;3;3;3;1;10;20;6;33;9;14;0;True;True;True;True;True;True;True;367;West Ham_Kit 1.png;49;15;15;49;15;15;;;;;;;;;;;;;;;;;;;;;;;;
1720321;105;1;False;0;1;71;0;0;0;0;53;51;49;10;11;16;63;63;63;63;63;63;63;63;63;63;63;63;0;0;0;0;10;11;16;63;63;63;63;63;63;63;63;63;63;63;63;0;0;0;53;51;49;63;63;63;63;63;63;63;63;63;0;0;63;63;63;63;63;63;63;63;63;1;30;2;1;3;10;11;16;15;9;1;10;11;16;0;20;14;-2;32;32;10;1;10;20;6;53;51;49;0;True;True;True;True;True;True;True;368;West Ham_Kit 2.png;53;53;53;53;53;53;;;;;;;;;;;;;;;;;;;;;;;;
1720448;105;0;True;0;1;0;0;0;0;0;49;53;22;63;63;63;63;63;63;63;63;63;63;63;63;63;63;63;0;0;0;0;49;53;22;63;63;63;63;63;63;63;63;63;63;63;63;0;0;0;49;53;22;63;63;63;63;63;63;63;63;63;0;0;63;63;63;63;63;63;63;63;63;1;30;2;1;3;10;11;16;15;9;1;10;11;16;0;20;14;-2;1;1;1;1;10;20;6;10;11;16;0;True;True;True;True;True;True;True;369;West Ham_Kit Arq.png;10;10;10;10;10;10;;;;;;;;;;;;;;;;;;;;;;;;
1736704;106;0;False;0;1;71;0;0;0;0;6;6;6;58;58;58;63;63;63;63;63;63;63;63;63;63;63;63;0;0;0;0;6;6;6;63;63;63;63;63;63;63;63;63;63;63;63;0;0;0;6;6;6;63;63;63;63;63;63;63;63;63;0;0;63;63;63;63;63;63;63;63;63;1;29;3;1;3;6;6;6;14;8;1;6;6;6;0;20;14;-2;10;10;10;1;5;17;2;58;58;58;0;True;True;True;True;True;True;True;245;Newcastle_Kit 1.png;52;15;18;52;15;18;;;;;;;;;;;;;;;;;;;;;;;;
1736705;106;1;False;0;2;71;0;0;0;0;3;7;13;58;58;58;63;63;63;63;63;63;63;63;63;63;63;63;0;0;0;0;3;7;13;63;63;63;63;63;63;63;63;63;63;63;63;0;0;0;3;7;13;63;63;63;63;63;63;63;63;63;0;0;63;63;63;63;63;63;63;63;63;1;29;2;1;3;58;58;58;14;8;1;58;58;58;0;20;14;-2;10;10;10;1;10;17;2;58;58;58;0;True;True;True;True;True;True;True;246;Newcastle_Kit 2.png;53;53;53;53;53;53;;;;;;;;;;;;;;;;;;;;;;;;
1736832;106;0;True;0;1;0;0;0;0;0;57;55;24;63;63;63;63;63;63;63;63;63;63;63;63;63;63;63;0;0;0;0;57;55;24;63;63;63;63;63;63;63;63;63;63;63;63;0;0;0;57;55;24;63;63;63;63;63;63;63;63;63;0;0;63;63;63;63;63;63;63;63;63;1;29;2;1;3;6;6;6;14;8;1;6;6;6;0;20;14;-2;10;10;10;1;5;17;2;6;6;6;0;True;True;True;True;True;True;True;247;Newcastle_Kit Arq.png;10;10;10;10;10;10;;;;;;;;;;;;;;;;;;;;;;;;
1753088;107;0;False;0;3;71;0;0;0;0;16;2;9;41;49;58;63;63;63;63;63;63;63;63;63;63;63;63;0;0;0;0;41;49;58;63;63;63;63;63;63;63;63;63;63;63;63;0;0;0;41;49;58;63;63;63;63;63;63;63;63;63;0;0;53;46;18;53;46;18;53;46;18;1;29;2;1;3;63;63;63;15;8;1;63;63;63;0;20;14;-2;3;3;3;1;5;18;2;16;2;9;0;True;True;True;False;True;True;True;23;Aston Villa_Kit 1.png;48;48;50;48;48;50;;;;;;;;;;;;;;;;;;;;;;;;
1753089;107;1;False;0;2;71;0;0;0;0;6;6;6;58;46;20;63;63;63;63;63;63;63;63;63;63;63;63;0;0;0;0;6;6;6;63;63;63;63;63;63;63;63;63;63;63;63;0;0;0;6;6;6;63;63;63;63;63;63;63;63;63;0;0;63;63;63;63;63;63;63;63;63;1;29;2;1;3;56;56;56;15;8;1;56;56;56;0;20;14;-2;3;3;5;1;10;17;2;56;56;56;0;True;True;True;True;True;True;True;24;Aston Villa_Kit 2.png;18;18;35;18;18;35;;;;;;;;;;;;;;;;;;;;;;;;
1753216;107;0;True;0;1;0;0;0;0;0;57;55;24;63;63;63;63;63;63;63;63;63;63;63;63;63;63;63;0;0;0;0;57;55;24;63;63;63;63;63;63;63;63;63;63;63;63;0;0;0;57;55;24;63;63;63;63;63;63;63;63;63;0;0;63;63;63;63;63;63;63;63;63;1;29;2;1;3;6;6;6;15;8;1;6;6;6;0;20;14;-2;3;3;3;1;5;17;2;6;6;6;0;True;True;True;True;True;True;True;25;Aston Villa_Kit Arq.png;10;10;10;10;10;10;;;;;;;;;;;;;;;;;;;;;;;;
1769475;108;3;False;0;2;71;0;0;0;0;3;9;17;37;2;13;54;54;54;54;54;54;54;54;54;54;54;54;0;0;0;0;3;9;17;54;54;54;54;54;54;54;54;54;54;54;54;0;0;0;3;9;17;54;54;54;54;54;54;54;54;54;0;0;54;54;54;54;54;54;54;54;54;1;29;2;2;3;54;50;19;14;8;2;54;50;19;0;20;14;0;0;0;0;2;14;17;2;54;50;19;1;True;True;True;True;True;True;True;39;Barcelona_Kit 1.png;13;13;13;13;13;13;;;;;;;;;;;;;;;;;;;;;;;;
1785856;109;0;False;0;8;71;0;0;0;0;56;56;56;0;13;16;63;63;63;63;63;63;63;63;63;63;63;63;0;0;0;0;56;56;56;63;63;63;63;63;63;63;63;63;63;63;63;0;0;0;56;56;56;63;63;63;63;63;63;63;63;63;0;0;53;46;18;53;46;18;53;46;18;1;29;2;2;3;0;13;16;14;8;2;0;13;16;0;20;14;-2;47;37;19;1;5;17;2;0;13;16;0;True;True;True;False;True;True;True;288;Real Madrid_Kit 1.png;53;53;53;48;48;48;;;;;;;;;;;;;;;;;;;;;;;;
1785857;109;1;False;0;7;71;0;0;0;0;0;18;20;56;56;51;63;63;63;63;63;63;63;63;63;63;63;63;0;0;0;0;0;18;20;63;63;63;63;63;63;63;63;63;63;63;63;0;0;0;0;18;20;63;63;63;63;63;63;63;63;63;0;0;53;46;18;53;46;18;53;46;18;1;29;2;2;3;56;56;51;14;8;2;56;56;51;0;20;14;-2;37;10;10;1;11;19;2;56;56;51;0;True;True;True;False;True;True;True;289;Real Madrid_Kit 2.png;20;22;24;18;20;22;;;;;;;;;;;;;;;;;;;;;;;;
1785858;109;2;False;0;2;71;0;0;0;0;46;20;22;56;56;51;54;54;54;54;54;54;54;54;54;54;54;54;0;0;0;0;46;20;22;54;54;54;54;54;54;54;54;54;54;54;54;0;0;0;46;20;22;54;54;54;54;54;54;54;54;54;0;0;54;54;54;54;54;54;54;54;54;1;29;2;2;3;56;56;51;14;8;2;56;56;51;0;20;14;0;0;0;0;1;5;17;2;56;56;51;1;True;True;True;True;True;True;True;290;Real Madrid_Kit 3.png;13;13;13;13;13;13;;;;;;;;;;;;;;;;;;;;;;;;
1785984;109;0;True;0;1;0;0;0;0;0;15;15;15;63;63;63;63;63;63;63;63;63;63;63;63;63;63;63;0;0;0;0;15;15;15;63;63;63;63;63;63;63;63;63;63;63;63;0;0;0;15;15;15;63;63;63;63;63;63;63;63;63;0;0;53;46;15;53;46;15;53;46;15;1;29;2;2;3;56;56;56;14;8;2;56;56;56;0;20;14;-2;13;13;13;1;5;17;2;56;56;56;0;True;True;True;False;True;True;True;291;Real Madrid_Kit Arq.png;10;10;10;53;53;53;;;;;;;;;;;;;;;;;;;;;;;;
1802243;110;3;False;0;2;71;0;0;0;0;56;56;56;10;10;10;54;54;54;54;54;54;54;54;54;54;54;54;0;0;0;0;10;10;10;54;54;54;54;54;54;54;54;54;54;54;54;0;0;0;10;10;10;54;54;54;54;54;54;54;54;54;0;0;54;54;54;54;54;54;54;54;54;1;29;2;2;3;10;10;10;14;8;2;10;10;10;0;20;14;0;0;0;0;2;13;16;2;56;56;56;1;True;True;True;True;True;True;True;355;Valencia_Kit 1.png;13;13;13;13;13;13;;;;;;;;;;;;;;;;;;;;;;;;
1818624;111;0;False;0;2;71;0;0;0;0;10;17;39;54;56;56;54;54;54;54;54;54;54;54;54;54;54;54;0;0;0;0;10;17;39;54;54;54;54;54;54;54;54;54;54;54;54;0;0;0;10;17;39;54;54;54;54;54;54;54;54;54;0;0;54;54;54;54;54;54;54;54;54;1;30;2;2;3;44;45;46;16;8;2;44;45;46;0;20;14;-2;0;0;0;2;14;16;2;44;45;46;1;True;True;True;True;True;True;True;626;Deportivo Coruna_Kit 1.png;0;0;0;0;0;0;;;;;;;;;;;;;;;;;;;;;;;;
1818625;111;1;False;0;8;71;0;0;0;0;10;10;10;0;25;47;54;54;54;54;54;54;54;54;54;54;54;54;0;0;0;0;10;10;10;54;54;54;54;54;54;54;54;54;54;54;54;0;0;0;10;10;10;54;54;54;54;54;54;54;54;54;0;0;54;54;54;54;54;54;54;54;54;1;30;2;2;3;56;56;56;16;8;2;56;56;56;0;20;14;-2;0;0;0;2;14;16;2;56;56;56;1;True;True;True;True;True;True;True;627;Deportivo Coruna_Kit 2.png;0;0;0;0;0;0;;;;;;;;;;;;;;;;;;;;;;;;
1818752;111;0;True;0;1;0;0;0;0;0;19;13;36;54;54;54;54;54;54;54;54;54;54;54;54;54;54;54;0;0;0;0;19;13;36;54;54;54;54;54;54;54;54;54;54;54;54;0;0;0;19;13;36;54;54;54;54;54;54;54;54;54;0;0;54;54;54;54;54;54;54;54;54;1;30;2;2;3;56;56;56;16;8;2;56;56;56;0;20;14;-2;0;0;0;2;14;16;2;56;56;56;1;True;True;True;True;True;True;True;628;Deportivo Coruna_Kit Arq.png;0;0;0;0;0;0;;;;;;;;;;;;;;;;;;;;;;;;
1835010;112;2;False;0;3;71;0;0;0;0;49;1;11;56;56;56;54;54;54;54;54;54;54;54;54;54;54;54;0;0;0;0;49;1;11;54;54;54;54;54;54;54;54;54;54;54;54;0;0;0;49;1;11;54;54;54;54;54;54;54;54;54;0;0;54;54;54;54;54;54;54;54;54;1;27;0;1;1;49;1;11;12;8;1;49;1;11;0;20;14;0;0;0;0;2;15;16;2;56;56;56;1;True;True;True;True;True;True;True;497;Monaco_Kit 1.png;13;13;13;13;13;13;;;;;;;;;;;;;;;;;;;;;;;;
1851395;113;3;False;0;1;71;0;0;0;0;56;56;56;0;24;43;54;54;54;54;54;54;54;54;54;54;54;54;0;0;0;0;56;56;56;54;54;54;54;54;54;54;54;54;54;54;54;0;0;0;56;56;56;54;54;54;54;54;54;54;54;54;0;0;54;54;54;54;54;54;54;54;54;1;29;0;1;1;0;24;43;14;8;1;0;24;43;0;20;14;0;0;0;0;1;11;17;2;0;24;43;1;True;True;True;True;True;True;True;495;Marsella_Kit 1.png;13;13;13;13;13;13;;;;;;;;;;;;;;;;;;;;;;;;
1867779;114;3;False;0;9;71;0;0;0;0;1;14;33;57;8;15;54;54;54;54;54;54;54;54;54;54;54;54;0;0;0;0;1;14;33;54;54;54;54;54;54;54;54;54;54;54;54;0;0;0;1;14;33;54;54;54;54;54;54;54;54;54;0;0;54;54;54;54;54;54;54;54;54;1;29;2;1;1;56;56;56;14;8;1;56;56;56;0;20;14;0;0;0;0;1;10;20;2;56;56;56;1;True;True;True;True;True;True;True;277;Psg_Kit 1.png;13;13;13;13;13;13;;;;;;;;;;;;;;;;;;;;;;;;
1949699;119;3;False;0;12;71;0;0;0;0;9;9;9;19;24;48;54;54;54;54;54;54;54;54;54;54;54;54;0;0;0;0;9;9;9;54;54;54;54;54;54;54;54;54;54;54;54;0;0;0;9;9;9;54;54;54;54;54;54;54;54;54;0;0;54;54;54;54;54;54;54;54;54;1;29;2;4;1;55;47;26;14;8;2;55;47;26;0;20;14;0;0;0;0;1;10;20;2;55;47;26;1;True;True;True;True;True;True;True;178;Inter_Kit 1.png;13;13;13;13;13;13;;;;;;;;;;;;;;;;;;;;;;;;
1966080;120;0;False;0;3;71;0;0;0;0;53;53;53;9;9;9;63;63;63;63;63;63;63;63;63;63;63;63;0;0;0;0;53;53;53;63;63;63;63;63;63;63;63;63;63;63;63;0;0;0;53;53;53;63;63;63;63;63;63;63;63;63;0;0;63;63;63;63;63;63;63;63;63;1;30;2;4;1;10;10;10;15;8;2;10;10;10;0;20;14;-2;3;3;3;1;10;17;2;48;38;22;0;True;True;True;True;True;True;True;189;Juventus_Kit 1.png;10;10;15;51;47;10;;;;;;;;;;;;;;;;;;;;;;;;
1966081;120;1;False;0;1;71;0;0;0;0;63;45;57;0;0;0;63;63;63;63;63;63;63;63;63;63;63;63;0;0;0;0;63;45;57;63;63;63;63;63;63;63;63;63;63;63;63;0;0;0;63;45;57;63;63;63;63;63;63;63;63;63;0;0;63;63;63;63;63;63;63;63;63;1;29;2;4;1;0;0;0;14;8;2;0;0;0;0;20;14;-2;3;3;3;1;11;15;2;0;0;0;0;True;True;True;True;True;True;True;190;Juventus_Kit 2.png;53;53;53;10;10;10;;;;;;;;;;;;;;;;;;;;;;;;
1966208;120;0;True;0;1;0;0;0;0;0;1;31;24;63;63;63;63;63;63;63;63;63;63;63;63;63;63;63;0;0;0;0;1;31;24;63;63;63;63;63;63;63;63;63;63;63;63;0;0;0;1;31;24;63;63;63;63;63;63;63;63;63;0;0;35;14;14;53;46;15;53;46;15;1;29;2;4;1;56;56;56;14;8;2;56;56;56;0;20;14;-2;13;13;13;1;10;16;2;56;56;56;0;True;True;True;False;True;True;True;191;Juventus_Kit Arq.png;10;10;10;51;47;10;;;;;;;;;;;;;;;;;;;;;;;;
1982467;121;3;False;0;1;71;0;0;0;0;10;10;10;46;7;10;54;54;54;54;54;54;54;54;54;54;54;54;0;0;0;0;56;56;56;54;54;54;54;54;54;54;54;54;54;54;54;0;0;0;10;10;10;54;54;54;54;54;54;54;54;54;0;0;54;54;54;54;54;54;54;54;54;1;29;2;4;1;56;56;56;14;8;2;56;56;56;0;20;14;0;0;0;0;1;11;17;2;46;7;10;1;True;True;True;True;True;True;True;229;Milan_Kit 1.png;13;13;13;13;13;13;;;;;;;;;;;;;;;;;;;;;;;;
1998851;122;3;False;0;3;71;0;0;0;0;28;40;57;54;54;54;54;54;54;54;54;54;54;54;54;54;54;54;0;0;0;0;56;56;56;54;54;54;54;54;54;54;54;54;54;54;54;0;0;0;56;56;56;54;54;54;54;54;54;54;54;54;0;0;54;54;54;54;54;54;54;54;54;1;29;2;4;1;56;56;56;14;8;2;56;56;56;0;20;14;0;0;0;0;1;10;20;2;8;13;24;1;True;True;True;True;True;True;True;508;Lazio_Kit 1.png;13;13;13;13;13;13;;;;;;;;;;;;;;;;;;;;;;;;
2015232;123;0;False;0;2;71;0;0;0;0;56;56;56;10;10;10;63;63;63;63;63;63;63;63;63;63;63;63;0;0;0;0;10;10;10;63;63;63;63;63;63;63;63;63;63;63;63;0;0;0;56;56;56;63;63;63;63;63;63;63;63;63;0;0;35;14;14;53;46;18;53;46;18;1;30;2;4;1;10;10;10;16;8;2;10;10;10;0;20;14;-2;3;3;3;1;11;20;2;56;56;56;0;True;True;True;False;True;True;True;382;Parma_Kit 1.png;52;50;10;10;11;30;;;;;;;;;;;;;;;;;;;;;;;;
2015233;123;1;False;0;1;71;0;0;0;0;53;50;9;1;13;31;63;63;63;63;63;63;63;63;63;63;63;63;0;0;0;0;53;50;9;63;63;63;63;63;63;63;63;63;63;63;63;0;0;0;53;50;9;63;63;63;63;63;63;63;63;63;0;0;35;14;14;53;46;18;53;46;18;1;30;2;4;1;1;13;31;16;8;2;1;13;31;0;20;14;-2;3;3;3;1;12;15;2;1;13;31;0;True;True;True;False;True;True;True;383;Parma_Kit 2.png;10;11;30;52;50;10;;;;;;;;;;;;;;;;;;;;;;;;
2015360;123;0;True;0;1;0;0;0;0;0;53;18;13;63;63;63;63;63;63;63;63;63;63;63;63;63;63;63;0;0;0;0;53;18;13;63;63;63;63;63;63;63;63;63;63;63;63;0;0;0;53;18;13;63;63;63;63;63;63;63;63;63;0;0;35;14;14;53;46;15;53;46;15;1;30;2;4;1;56;56;56;16;8;2;56;56;56;0;20;14;-2;13;13;13;1;11;21;2;56;56;56;0;True;True;True;False;True;True;True;384;Parma_Kit Arq.png;10;10;10;52;50;10;;;;;;;;;;;;;;;;;;;;;;;;
2031619;124;3;False;0;4;71;0;0;0;0;25;10;37;56;56;56;54;54;54;54;54;54;54;54;54;54;54;54;0;0;0;0;25;10;37;54;54;54;54;54;54;54;54;54;54;54;54;0;0;0;25;10;37;54;54;54;54;54;54;54;54;54;0;0;54;54;54;54;54;54;54;54;54;1;29;2;4;1;56;56;56;14;8;2;56;56;56;0;20;14;0;0;0;0;1;10;20;2;56;56;56;1;True;True;True;True;True;True;True;487;Fiorentina_Kit 1.png;13;13;13;13;13;13;;;;;;;;;;;;;;;;;;;;;;;;
2048003;125;3;False;0;2;71;0;0;0;0;26;8;12;62;43;0;54;54;54;54;54;54;54;54;54;54;54;54;0;0;0;0;26;8;12;54;54;54;54;54;54;54;54;54;54;54;54;0;0;0;26;8;12;54;54;54;54;54;54;54;54;54;0;0;54;54;54;54;54;54;54;54;54;1;30;2;4;1;62;43;0;17;8;2;62;43;0;0;20;14;0;0;0;0;1;5;15;2;62;43;0;1;True;True;True;True;True;True;True;305;Roma_Kit 1.png;13;13;13;13;13;13;;;;;;;;;;;;;;;;;;;;;;;;
2064387;126;3;False;0;1;71;0;0;0;0;61;53;3;7;7;7;54;54;54;54;54;54;54;54;54;54;54;54;0;0;0;0;7;7;7;54;54;54;54;54;54;54;54;54;54;54;54;0;0;0;61;53;3;54;54;54;54;54;54;54;54;54;0;0;54;54;54;54;54;54;54;54;54;1;31;2;2;1;3;3;3;17;8;4;3;3;3;0;20;14;0;0;0;0;1;10;18;2;61;53;3;1;True;True;True;True;True;False;True;74;Bvb_Kit 1.png;13;13;13;13;13;13;;;;;;;;;;;;;;;;;;;;;;;;
2228226;136;2;False;0;1;71;0;0;0;0;7;7;7;56;56;56;54;54;54;54;54;54;54;54;54;54;54;54;0;0;0;0;56;56;56;54;54;54;54;54;54;54;54;54;54;54;54;0;0;0;7;7;7;54;54;54;54;54;54;54;54;54;0;0;54;54;54;54;54;54;54;54;54;1;24;6;1;1;41;4;6;9;11;2;41;4;6;0;20;14;0;0;0;0;0;9;18;0;0;0;0;1;True;True;True;True;True;True;True;356;Vasco_Kit 1.png;13;13;13;13;13;13;;;;;;;;;;;;;;;;;;;;;;;;
2228227;136;3;False;0;1;71;0;0;0;0;54;54;54;7;7;7;54;54;54;54;54;54;54;54;54;54;54;54;0;0;0;0;7;7;7;54;54;54;54;54;54;54;54;54;54;54;54;0;0;0;54;54;54;54;54;54;54;54;54;54;54;54;0;0;54;54;54;54;54;54;54;54;54;1;27;6;1;1;41;4;6;12;11;2;41;4;6;0;20;14;0;0;0;0;0;9;18;0;0;0;0;1;True;True;True;True;True;True;True;357;Vasco_Kit 2.jpg;13;13;13;13;13;13;;;;;;;;;;;;;;;;;;;;;;;;
2244611;137;3;False;0;1;71;0;0;0;0;6;20;14;50;50;50;54;54;54;54;54;54;54;54;54;54;54;54;0;0;0;0;50;50;50;54;54;54;54;54;54;54;54;54;54;54;54;0;0;0;6;20;14;54;54;54;54;54;54;54;54;54;0;0;54;54;54;54;54;54;54;54;54;1;26;0;2;1;56;56;56;11;8;2;56;56;56;0;20;14;0;0;0;0;2;15;17;0;6;20;14;1;True;True;True;True;True;True;True;262;Palmeiras_Kit 1.png;13;13;13;13;13;13;;;;;;;;;;;;;;;;;;;;;;;;
2260995;138;3;False;0;1;71;0;0;0;0;53;53;53;58;6;8;54;54;54;54;54;54;54;54;54;54;54;54;0;0;0;0;10;10;10;54;54;54;54;54;54;54;54;54;54;54;54;0;0;0;58;6;8;54;54;54;54;54;54;54;54;54;0;0;54;54;54;54;54;54;54;54;54;1;31;1;2;1;3;3;3;17;9;2;3;3;3;0;20;14;0;0;0;0;1;11;17;5;53;53;53;1;True;True;True;True;True;True;True;304;River_Kit 1.png;13;13;13;13;13;13;;;;;;;;;;;;;;;;;;;;;;;;
2277379;139;3;False;0;2;71;0;0;0;0;6;8;17;59;49;4;54;54;54;54;54;54;54;54;54;54;54;54;0;0;0;0;6;8;17;54;54;54;54;54;54;54;54;54;54;54;54;0;0;0;6;8;17;54;54;54;54;54;54;54;54;54;0;0;54;54;54;54;54;54;54;54;54;1;31;1;2;1;56;56;56;18;7;4;56;56;56;0;20;14;0;0;0;0;2;17;19;4;56;56;56;1;True;True;True;True;True;True;True;54;Boca_Kit 1.png;13;13;13;13;13;13;;;;;;;;;;;;;;;;;;;;;;;;
2818051;172;3;False;0;1;71;0;0;0;0;47;8;12;56;56;56;54;54;54;54;54;54;54;54;54;54;54;54;0;0;0;0;4;9;28;54;54;54;54;54;54;54;54;54;54;54;54;0;0;0;4;9;28;54;54;54;54;54;54;54;54;54;0;0;54;54;54;54;54;54;54;54;54;1;31;2;2;3;56;56;56;19;8;2;56;56;56;0;20;14;0;0;0;0;2;16;17;2;56;56;56;1;True;True;True;True;True;True;True;32;Atletico_Madrid_Kit 1.png;13;13;13;13;13;13;;;;;;;;;;;;;;;;;;;;;;;;
2834432;173;0;False;0;1;71;0;0;0;0;31;48;57;52;56;58;63;63;63;63;63;63;63;63;63;63;63;63;0;0;0;0;52;56;58;63;63;63;63;63;63;63;63;63;63;63;63;0;0;0;31;48;57;63;63;63;63;63;63;63;63;63;0;0;63;63;63;63;63;63;63;63;63;1;29;2;1;3;52;56;58;14;8;1;52;56;58;0;20;14;-2;12;10;24;1;11;18;2;29;47;57;1;True;True;True;True;True;True;True;219;Man City_Kit 1.png;10;10;10;10;10;10;;;;;;;;;;;;;;;;;;;;;;;;
2834433;173;1;False;0;1;0;0;0;0;0;6;6;6;63;63;63;63;63;63;63;63;63;63;63;63;63;63;63;0;0;0;0;6;6;6;63;63;63;63;63;63;63;63;63;63;63;63;0;0;0;60;52;24;63;63;63;63;63;63;63;63;63;0;0;63;63;63;63;63;63;63;63;63;1;29;2;1;3;60;52;24;14;8;1;60;52;24;0;20;14;-2;53;53;53;1;11;17;2;60;52;24;0;True;True;True;True;True;True;True;220;Man City_Kit 2.png;53;53;53;53;53;53;;;;;;;;;;;;;;;;;;;;;;;;
2834560;173;0;True;0;1;0;0;0;0;0;2;49;29;63;63;63;63;63;63;63;63;63;63;63;63;63;63;63;0;0;0;0;2;49;29;63;63;63;63;63;63;63;63;63;63;63;63;0;0;0;2;49;29;63;63;63;63;63;63;63;63;63;0;0;63;63;63;63;63;63;63;63;63;1;29;2;1;3;49;60;15;14;8;1;49;60;15;0;20;14;-2;10;10;10;1;11;17;2;49;60;15;0;True;True;True;True;True;True;True;221;Man City_Kit Arq.png;10;10;10;10;10;10;;;;;;;;;;;;;;;;;;;;;;;;
2899968;177;0;False;0;1;71;0;0;0;0;3;16;33;58;58;58;63;63;63;63;63;63;63;63;63;63;63;63;0;0;0;0;58;58;58;63;63;63;63;63;63;63;63;63;63;63;63;0;0;0;3;16;33;63;63;63;63;63;63;63;63;63;0;0;63;63;63;63;63;63;63;63;63;1;29;2;1;3;58;58;58;14;8;1;58;58;58;0;20;14;-2;3;3;3;1;11;15;2;3;16;33;0;True;True;True;True;True;True;True;130;Everton_Kit 1.png;48;48;10;48;48;10;;;;;;;;;;;;;;;;;;;;;;;;
2899969;177;1;False;0;2;71;0;0;0;0;58;58;58;5;9;16;63;63;63;63;63;63;63;63;63;63;63;63;0;0;0;0;58;58;58;63;63;63;63;63;63;63;63;63;63;63;63;0;0;0;58;58;58;63;63;63;63;63;63;63;63;63;0;0;63;63;63;63;63;63;63;63;63;1;29;2;1;3;5;9;16;14;8;1;5;9;19;0;20;14;-2;13;13;13;1;11;15;2;58;58;58;0;True;True;True;True;True;True;True;131;Everton_Kit 2.png;53;53;53;53;53;53;;;;;;;;;;;;;;;;;;;;;;;;
2900096;177;0;True;0;1;0;0;0;0;0;24;54;23;63;63;63;63;63;63;63;63;63;63;63;63;63;63;63;0;0;0;0;24;54;23;63;63;63;63;63;63;63;63;63;63;63;63;0;0;0;24;54;23;63;63;63;63;63;63;63;63;63;0;0;63;63;63;63;63;63;63;63;63;1;29;2;1;3;6;6;6;14;8;1;6;6;6;0;20;14;-2;1;1;1;1;11;15;2;6;6;6;0;True;True;True;True;True;True;True;132;Everton_Kit Arq.png;10;10;10;10;10;10;;;;;;;;;;;;;;;;;;;;;;;;
2916355;178;3;False;0;1;71;0;0;0;0;58;58;58;6;6;6;54;54;54;54;54;54;54;54;54;54;54;54;0;0;0;0;6;6;6;54;54;54;54;54;54;54;54;54;54;54;54;0;0;0;58;58;58;54;54;54;54;54;54;54;54;54;0;0;54;54;54;54;54;54;54;54;54;1;29;2;1;3;6;6;6;14;8;1;6;6;6;0;20;14;0;0;0;0;1;5;15;2;58;58;58;1;True;True;True;True;True;True;True;139;Fulham_Kit 1.png;16;13;13;13;13;13;;;;;;;;;;;;;;;;;;;;;;;;
2932736;179;0;False;0;10;0;0;0;0;0;58;58;58;63;63;63;63;63;63;63;63;63;63;63;63;63;63;63;0;0;0;0;6;7;13;63;63;63;63;63;63;63;63;63;63;63;63;0;0;0;58;58;58;63;63;63;63;63;63;63;63;63;0;0;63;63;63;63;63;63;63;63;63;1;29;3;1;3;6;7;13;14;8;1;6;7;13;0;20;14;-2;14;17;22;1;10;18;2;58;58;58;0;True;True;True;True;True;True;True;336;Tottenham_Kit 1.png;10;10;26;10;10;26;;;;;;;;;;;;;;;;;;;;;;;;
2932737;179;1;False;0;1;71;0;0;0;0;6;7;13;20;10;43;63;63;63;63;63;63;63;63;63;63;63;63;0;0;0;0;6;7;13;63;63;63;63;63;63;63;63;63;63;63;63;0;0;0;6;7;13;63;63;63;63;63;63;63;63;63;0;0;63;63;63;63;63;63;63;63;63;1;29;2;1;3;58;58;58;14;8;1;58;58;58;0;20;14;-2;53;53;53;1;10;18;2;58;58;58;0;True;True;True;True;True;True;True;337;Tottenham_Kit 2.png;48;48;25;48;48;25;;;;;;;;;;;;;;;;;;;;;;;;
2932864;179;0;True;0;1;0;0;0;0;0;51;18;32;63;63;63;63;63;63;63;63;63;63;63;63;63;63;63;0;0;0;0;51;18;32;63;63;63;63;63;63;63;63;63;63;63;63;0;0;0;51;18;32;63;63;63;63;63;63;63;63;63;0;0;63;63;63;63;63;63;63;63;63;1;29;2;1;3;58;58;58;14;8;1;58;58;58;0;20;14;-2;53;53;53;1;10;18;2;58;58;58;0;True;True;True;True;True;True;True;339;Tottenham_Kit Arq.png;10;10;10;10;10;10;;;;;;;;;;;;;;;;;;;;;;;;
2949123;180;3;False;0;3;71;0;0;0;0;56;56;56;8;17;41;54;54;54;54;54;54;54;54;54;54;54;54;0;0;0;0;56;56;56;54;54;54;54;54;54;54;54;54;54;54;54;0;0;0;56;56;56;54;54;54;54;54;54;54;54;54;0;0;54;54;54;54;54;54;54;54;54;1;27;0;1;1;8;17;41;12;8;1;8;17;41;0;20;14;0;0;0;0;2;14;16;2;8;17;41;1;True;True;True;True;True;True;True;484;Auxerre_Kit 1.png;13;13;13;13;13;13;;;;;;;;;;;;;;;;;;;;;;;;
2965506;181;2;False;0;8;71;0;0;0;0;56;56;56;13;16;38;54;54;54;54;54;54;54;54;54;54;54;54;0;0;0;0;13;16;38;54;54;54;54;54;54;54;54;54;54;54;54;0;0;0;56;56;56;54;54;54;54;54;54;54;54;54;0;0;54;54;54;54;54;54;54;54;54;1;28;0;1;1;13;16;38;13;8;1;13;16;38;0;20;14;0;0;0;0;2;13;15;2;56;56;56;1;True;True;True;True;True;True;True;494;Lyon_Kit 1.png;13;13;13;13;13;13;;;;;;;;;;;;;;;;;;;;;;;;
2981891;182;3;False;0;8;71;0;0;0;0;63;53;10;57;13;10;54;54;54;54;54;54;54;54;54;54;54;54;0;0;0;0;57;13;10;54;54;54;54;54;54;54;54;54;54;54;54;0;0;0;57;13;10;54;54;54;54;54;54;54;54;54;0;0;54;54;54;54;54;54;54;54;54;1;29;0;1;1;57;13;10;15;8;1;57;13;10;0;20;14;0;0;0;0;2;15;15;2;63;53;10;1;True;True;True;True;True;True;True;491;Lens_Kit 1.png;13;13;13;13;13;13;;;;;;;;;;;;;;;;;;;;;;;;
3014659;184;3;False;0;1;71;0;0;0;0;1;17;34;56;56;56;54;54;54;54;54;54;54;54;54;54;54;54;0;0;0;0;54;54;54;54;54;54;54;54;54;54;54;54;54;54;54;0;0;0;1;17;34;54;54;54;54;54;54;54;54;54;0;0;54;54;54;54;54;54;54;54;54;1;8;2;3;1;56;56;56;19;10;3;56;56;56;0;20;14;0;0;0;0;1;5;18;3;1;17;34;1;True;True;True;True;True;True;True;615;Schalke_Kit 1.png;13;13;13;13;13;13;;;;;;;;;;;;;;;;;;;;;;;;
3047426;186;2;False;0;4;71;0;0;0;0;7;7;11;38;7;8;54;54;54;54;54;54;54;54;54;54;54;54;0;0;0;0;56;56;56;54;54;54;54;54;54;54;54;54;54;54;54;0;0;0;7;7;11;54;54;54;54;54;54;54;54;54;0;0;54;54;54;54;54;54;54;54;54;1;30;2;4;1;56;56;56;16;8;2;56;56;56;0;20;14;0;0;0;0;1;12;12;2;7;7;11;1;True;True;True;True;True;True;True;485;Bologna_Kit 1.png;13;13;13;13;13;13;;;;;;;;;;;;;;;;;;;;;;;;
3112963;190;3;False;0;1;71;0;0;0;0;56;56;56;10;10;10;54;54;54;54;54;54;54;54;54;54;54;54;0;0;0;0;56;56;56;54;54;54;54;54;54;54;54;54;54;54;54;0;0;0;56;56;56;54;54;54;54;54;54;54;54;54;0;0;54;54;54;54;54;54;54;54;54;1;29;2;4;1;10;10;10;15;8;2;10;10;10;0;20;14;0;0;0;0;1;10;18;2;10;10;10;1;True;True;True;True;True;True;True;506;Udinese_Kit 1.png;13;13;13;13;13;13;;;;;;;;;;;;;;;;;;;;;;;;
3178496;194;0;False;0;8;71;0;0;0;0;1;39;21;56;56;56;63;63;63;63;63;63;63;63;63;63;63;63;0;0;0;0;56;56;56;63;63;63;63;63;63;63;63;63;63;63;63;0;0;0;1;39;21;63;63;63;63;63;63;63;63;63;0;0;35;14;14;53;46;18;53;46;18;1;29;2;2;3;10;10;10;14;8;2;10;10;10;0;20;14;-2;47;37;19;2;11;16;2;10;10;10;0;True;True;True;False;True;True;True;285;Real Betis_Kit 1.png;10;35;18;12;38;21;;;;;;;;;;;;;;;;;;;;;;;;
3178497;194;1;False;0;2;71;0;0;0;0;0;18;15;6;21;17;63;63;63;63;63;63;63;63;63;63;63;63;0;0;0;0;0;21;17;63;63;63;63;63;63;63;63;63;63;63;63;0;0;0;0;21;17;63;63;63;63;63;63;63;63;63;0;0;35;14;14;53;46;18;53;46;18;1;29;2;2;3;44;36;14;14;8;2;44;36;14;0;20;14;-2;37;10;10;2;12;16;2;44;36;14;0;True;True;True;False;True;True;True;286;Real Betis_Kit 2.png;53;53;53;48;48;48;;;;;;;;;;;;;;;;;;;;;;;;
3178624;194;0;True;0;1;0;0;0;0;0;56;17;39;63;63;63;63;63;63;63;63;63;63;63;63;63;63;63;0;0;0;0;56;17;39;63;63;63;63;63;63;63;63;63;63;63;63;0;0;0;56;17;39;63;63;63;63;63;63;63;63;63;0;0;35;14;14;53;46;15;53;46;15;1;29;2;2;3;56;56;56;14;8;2;56;56;56;0;20;14;-2;13;13;13;2;11;16;2;56;56;56;0;True;True;True;False;True;True;True;287;Real Betis_Kit Arq.png;10;10;10;10;35;18;;;;;;;;;;;;;;;;;;;;;;;;
3194880;195;0;False;0;1;71;0;0;0;0;38;46;54;56;56;56;63;63;63;63;63;63;63;63;63;63;63;63;0;0;0;0;56;56;56;63;63;63;63;63;63;63;63;63;63;63;63;0;0;0;38;46;54;63;63;63;63;63;63;63;63;63;0;0;53;46;18;53;46;18;53;46;18;1;29;2;2;3;56;56;56;14;8;2;56;56;56;0;20;14;-2;47;37;19;2;14;16;2;51;11;14;0;True;True;True;False;True;True;True;78;Celta Vigo_Kit 1.png;33;48;51;30;45;48;;;;;;;;;;;;;;;;;;;;;;;;
3194881;195;1;False;0;2;71;0;0;0;0;9;9;14;56;56;56;63;63;63;63;63;63;63;63;63;63;63;63;0;0;0;0;9;9;14;63;63;63;63;63;63;63;63;63;63;63;63;0;0;0;9;9;14;63;63;63;63;63;63;63;63;63;0;0;53;46;18;53;46;18;53;46;18;1;29;2;2;3;56;56;56;14;8;2;56;56;56;0;20;14;-2;37;10;10;2;15;16;3;56;56;56;0;True;True;True;False;True;True;True;79;Celta Vigo_Kit 2.png;53;53;53;48;48;48;;;;;;;;;;;;;;;;;;;;;;;;
3195008;195;0;True;0;1;0;0;0;0;0;56;17;39;63;63;63;63;63;63;63;63;63;63;63;63;63;63;63;0;0;0;0;56;17;39;63;63;63;63;63;63;63;63;63;63;63;63;0;0;0;56;17;39;63;63;63;63;63;63;63;63;63;0;0;53;46;15;53;46;15;53;46;15;1;29;2;2;3;56;56;56;14;8;2;56;56;56;0;20;14;-2;13;13;13;2;15;16;2;56;56;56;0;True;True;True;False;True;True;True;80;Celta Vigo_Kit Arq.png;10;10;10;33;48;51;;;;;;;;;;;;;;;;;;;;;;;;
3211264;196;0;False;0;2;71;0;0;0;0;56;56;56;5;13;29;63;63;63;63;63;63;63;63;63;63;63;63;0;0;0;0;56;56;56;63;63;63;63;63;63;63;63;63;63;63;63;0;0;0;56;56;56;63;63;63;63;63;63;63;63;63;0;0;53;46;18;53;46;18;53;46;18;1;29;2;2;3;10;10;10;14;8;2;10;10;10;0;20;14;-2;47;37;19;2;15;19;2;10;10;10;0;True;True;True;False;True;True;True;295;Real Sociedad_Kit 1.png;10;13;31;12;16;33;;;;;;;;;;;;;;;;;;;;;;;;
3211265;196;1;False;0;3;71;0;0;0;0;10;10;10;56;56;56;63;63;63;63;63;63;63;63;63;63;63;63;0;0;0;0;10;10;10;63;63;63;63;63;63;63;63;63;63;63;63;0;0;0;10;10;10;63;63;63;63;63;63;63;63;63;0;0;53;46;18;53;46;18;53;46;18;1;29;2;2;3;56;56;56;14;8;2;56;56;56;0;20;14;-2;37;10;10;2;15;19;2;56;56;56;0;True;True;True;False;True;True;True;296;Real Sociedad_Kit 2.png;53;53;53;48;48;48;;;;;;;;;;;;;;;;;;;;;;;;
3211392;196;0;True;0;2;0;0;0;0;0;21;28;55;63;63;63;63;63;63;63;63;63;63;63;63;63;63;63;0;0;0;0;21;28;55;63;63;63;63;63;63;63;63;63;63;63;63;0;0;0;21;28;55;63;63;63;63;63;63;63;63;63;0;0;53;46;15;53;46;15;53;46;15;1;29;2;2;3;56;56;56;14;8;2;56;56;56;0;20;14;-2;13;13;13;2;15;19;2;56;56;56;0;True;True;True;False;True;True;True;297;Real Sociedad_Kit Arq.png;10;10;10;10;13;31;;;;;;;;;;;;;;;;;;;;;;;;
3260416;199;0;False;0;2;71;0;0;0;0;0;16;36;56;56;56;63;63;63;63;63;63;63;63;63;0;0;0;0;0;0;0;56;56;56;63;63;63;63;63;63;63;63;63;63;63;63;0;0;0;56;56;56;63;63;63;63;63;63;63;63;63;0;0;15;24;38;53;46;18;53;46;18;1;29;8;2;1;56;56;56;14;10;3;56;56;56;0;20;14;-2;3;5;6;1;16;16;5;0;16;36;0;True;True;True;False;True;True;True;596;Lech Poznan_Kit 1.png;12;12;12;15;15;15;;;;;;;;;;;;;;;;;;;;;;;;
3260417;199;1;False;0;2;71;0;0;0;0;56;56;56;0;16;36;63;63;63;63;63;63;63;63;63;0;0;0;0;0;0;0;56;56;56;63;63;63;63;63;63;63;63;63;63;63;63;0;0;0;56;56;56;63;63;63;63;63;63;63;63;63;0;0;15;24;38;53;46;18;53;46;18;1;29;8;2;1;0;16;36;14;10;3;0;16;36;0;20;14;-2;3;5;6;1;16;15;5;0;16;36;0;True;True;True;False;True;True;True;597;Lech Poznan_Kit 2.png;51;49;12;53;53;15;;;;;;;;;;;;;;;;;;;;;;;;
3260544;199;0;True;0;2;0;0;0;0;0;58;63;0;63;63;63;63;63;63;63;63;63;63;63;63;63;63;63;0;0;0;0;58;63;0;63;63;63;63;63;63;63;63;63;63;63;63;0;0;0;58;63;0;63;63;63;63;63;63;63;63;63;0;0;15;24;38;53;46;18;53;46;18;1;29;8;2;1;0;0;0;14;10;3;0;0;0;0;20;14;-2;3;3;3;1;16;15;5;0;0;0;0;True;True;True;False;True;True;True;598;Lech Poznan_Kit Arq.png;10;10;10;53;51;10;;;;;;;;;;;;;;;;;;;;;;;;
3407872;208;0;False;0;3;71;0;0;0;0;53;38;11;10;10;10;63;63;63;63;63;63;63;63;63;63;63;63;0;0;0;0;10;10;10;63;63;63;63;63;63;63;63;63;63;63;63;0;0;0;53;38;11;63;63;63;63;63;63;63;63;63;0;0;63;63;63;63;63;63;63;63;63;1;30;3;1;1;5;5;5;16;9;1;5;5;5;0;20;14;-2;10;10;10;1;8;20;5;56;56;56;0;True;True;True;True;True;True;True;370;Wolves_Kit 1.png;53;53;53;53;53;53;;;;;;;;;;;;;;;;;;;;;;;;
3407873;208;1;False;0;2;71;0;0;0;0;30;49;48;10;16;19;63;63;63;63;63;63;63;63;63;63;63;63;0;0;0;0;10;16;19;63;63;63;63;63;63;63;63;63;63;63;63;0;0;0;30;49;48;63;63;63;63;63;63;63;63;63;0;0;63;63;63;63;63;63;63;63;63;1;30;3;1;1;10;16;19;16;9;1;10;16;19;0;20;14;-2;10;10;10;1;8;20;5;30;49;48;0;True;True;True;True;True;True;True;371;Wolves_Kit 2.png;22;15;10;22;15;10;;;;;;;;;;;;;;;;;;;;;;;;
3408000;208;0;True;0;2;0;0;0;0;0;10;10;10;63;63;63;63;63;63;63;63;63;63;63;63;63;63;63;0;0;0;0;10;10;10;63;63;63;63;63;63;63;63;63;63;63;63;0;0;0;10;10;10;63;63;63;63;63;63;63;63;63;0;0;63;63;63;63;63;63;63;63;63;1;30;3;1;1;56;56;56;16;9;1;56;56;56;0;20;14;-2;10;10;10;1;8;20;5;56;56;56;0;True;True;True;True;True;True;True;372;Wolves_Kit Arq.png;10;10;10;10;10;10;;;;;;;;;;;;;;;;;;;;;;;;
3440640;210;0;False;0;8;71;0;0;0;0;56;56;56;3;26;3;63;63;63;63;63;63;63;63;63;0;0;0;0;0;0;0;56;56;56;63;63;63;63;63;63;63;63;63;63;63;63;0;0;0;56;56;56;63;63;63;63;63;63;63;63;63;0;0;53;46;18;53;46;18;53;46;18;1;12;2;4;1;5;5;5;19;7;3;5;5;5;0;20;14;-2;53;53;53;1;13;19;4;5;5;5;0;True;True;True;True;True;True;True;593;Ferencvarosi_Kit 1.png;15;17;35;10;12;30;;;;;;;;;;;;;;;;;;;;;;;;
3440641;210;1;False;0;8;0;0;0;0;0;52;48;38;63;63;63;63;63;63;63;63;63;63;63;63;0;0;0;0;0;0;0;10;10;10;63;63;63;63;63;63;63;63;63;63;63;63;0;0;0;10;10;10;63;63;63;63;63;63;63;63;63;0;0;53;46;18;53;46;18;53;46;18;1;11;2;4;1;5;5;5;18;7;3;5;5;5;0;20;14;-2;53;53;53;1;13;19;4;56;56;56;0;True;True;True;True;True;True;True;594;Ferencvarosi_Kit 2.png;47;12;12;42;10;10;;;;;;;;;;;;;;;;;;;;;;;;
3440768;210;0;True;0;2;0;0;0;0;0;56;60;16;63;63;63;63;63;63;63;63;63;63;63;63;63;63;63;0;0;0;0;56;60;16;63;63;63;63;63;63;63;63;63;63;63;63;0;0;0;56;60;16;63;63;63;63;63;63;63;63;63;0;0;53;46;18;53;46;18;53;46;18;1;11;3;4;1;5;5;5;20;8;3;5;5;5;0;20;14;-2;53;53;53;1;11;17;4;5;5;5;0;True;True;True;True;True;True;True;595;Ferencvarosi_Kit Arq.png;10;10;10;15;17;35;;;;;;;;;;;;;;;;;;;;;;;;
3489795;213;3;False;0;1;71;0;0;0;0;61;14;19;14;13;19;54;54;54;54;54;54;54;54;54;54;54;54;0;0;0;0;14;13;19;54;54;54;54;54;54;54;54;54;54;54;54;0;0;0;14;13;19;54;54;54;54;54;54;54;54;54;0;0;54;54;54;54;54;54;54;54;54;1;27;0;1;1;56;56;56;12;8;1;56;56;56;0;20;14;0;0;0;0;1;10;18;2;56;56;56;1;True;True;True;True;True;True;True;492;Lille_Kit 1.png;13;13;13;13;13;13;;;;;;;;;;;;;;;;;;;;;;;;
3538946;216;2;False;0;10;71;0;0;0;0;57;47;0;2;26;8;54;54;54;54;54;54;54;54;54;54;54;54;0;0;0;0;57;47;0;54;54;54;54;54;54;54;54;54;54;54;54;0;0;0;57;47;0;54;54;54;54;54;54;54;54;54;0;0;54;54;54;54;54;54;54;54;54;1;29;0;1;1;2;26;8;14;8;1;2;26;8;0;20;14;0;0;0;0;1;11;17;2;2;26;8;1;True;True;True;True;True;True;True;498;Nantes_Kit 1.png;13;13;13;13;13;13;;;;;;;;;;;;;;;;;;;;;;;;
3555331;217;3;False;0;11;71;0;0;0;0;7;7;7;41;4;6;54;54;54;54;54;54;54;54;54;54;54;54;0;0;0;0;7;7;7;54;54;54;54;54;54;54;54;54;54;54;54;0;0;0;7;7;7;54;54;54;54;54;54;54;54;54;0;0;54;54;54;54;54;54;54;54;54;1;27;0;1;1;56;56;56;12;8;1;56;56;56;0;20;14;0;0;0;0;2;14;16;2;56;56;56;1;True;True;True;True;True;True;True;499;Nice_Kit 1.png;13;13;13;13;13;13;;;;;;;;;;;;;;;;;;;;;;;;
3571715;218;3;False;0;1;71;0;0;0;0;44;2;8;7;10;7;54;54;54;54;54;54;54;54;54;54;54;54;0;0;0;0;7;7;7;54;54;54;54;54;54;54;54;54;54;54;54;0;0;0;7;7;7;54;54;54;54;54;54;54;54;54;0;0;54;54;54;54;54;54;54;54;54;1;29;0;1;1;56;56;56;14;8;1;56;56;56;0;20;14;0;0;0;0;2;14;17;2;56;56;56;1;True;True;True;True;True;True;True;504;Stade Rennais_Kit 1.png;13;13;13;13;13;13;;;;;;;;;;;;;;;;;;;;;;;;
3620866;221;2;False;0;1;71;0;0;0;0;10;7;24;56;56;56;54;54;54;54;54;54;54;54;54;54;54;54;0;0;0;0;10;7;24;54;54;54;54;54;54;54;54;54;54;54;54;0;0;0;10;7;24;54;54;54;54;54;54;54;54;54;0;0;54;54;54;54;54;54;54;54;54;1;29;0;1;1;56;56;56;15;8;1;56;56;56;0;20;14;0;0;0;0;1;10;17;2;56;56;56;1;True;True;True;True;True;True;True;507;Tolouse_Kit 1.png;13;13;13;13;13;13;;;;;;;;;;;;;;;;;;;;;;;;
3833859;234;3;False;0;1;71;0;0;0;0;7;7;7;12;24;45;54;54;54;54;54;54;54;54;54;54;54;54;0;0;0;0;56;56;56;54;54;54;54;54;54;54;54;54;54;54;54;0;0;0;56;56;56;54;54;54;54;54;54;54;54;54;0;0;54;54;54;54;54;54;54;54;54;1;30;2;4;1;56;56;56;16;8;2;56;56;56;0;20;14;0;0;0;0;1;10;21;2;7;7;7;1;True;True;True;True;True;False;True;483;Atalanta_Kit 1.png;13;13;13;13;13;13;;;;;;;;;;;;;;;;;;;;;;;;
4227072;258;0;False;0;2;71;0;0;0;0;50;2;6;56;56;56;63;63;63;63;63;63;63;63;63;63;63;63;0;0;0;0;10;10;10;63;63;63;63;63;63;63;63;63;63;63;63;0;0;0;10;10;10;63;63;63;63;63;63;63;63;63;0;0;53;46;18;53;46;18;53;46;18;1;29;2;2;3;56;56;56;14;8;2;56;56;56;0;20;14;-2;47;37;19;2;13;15;2;56;56;56;0;True;True;True;False;True;True;True;26;Athletic Club_Kit 1.png;53;53;53;48;48;48;;;;;;;;;;;;;;;;;;;;;;;;
4227073;258;1;False;0;1;71;0;0;0;0;10;10;10;50;2;6;63;63;63;63;63;63;63;63;63;63;63;63;0;0;0;0;50;2;6;63;63;63;63;63;63;63;63;63;63;63;63;0;0;0;50;2;6;63;63;63;63;63;63;63;63;63;0;0;53;46;18;53;46;18;53;46;18;1;29;2;2;3;56;56;56;14;8;2;56;56;56;0;20;14;-2;37;10;10;2;13;15;2;56;56;56;0;True;True;True;False;True;True;True;27;Athletic Club_Kit 2.png;51;12;12;48;10;10;;;;;;;;;;;;;;;;;;;;;;;;
4227200;258;0;True;0;1;0;0;0;0;0;10;10;10;63;63;63;63;63;63;63;63;63;63;63;63;63;63;63;0;0;0;0;10;10;10;63;63;63;63;63;63;63;63;63;63;63;63;0;0;0;10;10;10;63;63;63;63;63;63;63;63;63;0;0;53;46;15;53;46;15;53;46;15;1;29;2;2;3;56;56;56;14;8;2;56;56;56;0;20;14;-2;13;13;13;2;13;16;2;56;56;56;0;True;True;True;False;True;True;True;28;Athletic Club_Kit Arq.png;10;10;10;51;12;12;;;;;;;;;;;;;;;;;;;;;;;;
4243456;259;0;False;0;1;71;0;0;0;0;0;21;40;56;56;56;63;63;63;63;63;63;63;63;63;63;63;63;0;0;0;0;10;10;10;63;63;63;63;63;63;63;63;63;63;63;63;0;0;0;10;10;10;63;63;63;63;63;63;63;63;63;0;0;53;46;18;53;46;18;53;46;18;1;29;2;2;3;10;10;10;14;8;2;10;10;10;0;20;14;-2;47;37;19;2;16;15;2;56;56;56;0;True;True;True;False;True;True;True;125;Espanyol_Kit 1.png;10;31;46;12;36;51;;;;;;;;;;;;;;;;;;;;;;;;
4243457;259;1;False;0;8;71;0;0;0;0;42;7;7;56;56;56;63;63;63;63;63;63;63;63;63;63;63;63;0;0;0;0;42;7;7;63;63;63;63;63;63;63;63;63;63;63;63;0;0;0;42;7;7;63;63;63;63;63;63;63;63;63;0;0;53;46;18;53;46;18;53;46;18;1;29;2;2;3;56;56;56;14;8;2;56;56;56;0;20;14;-2;37;10;10;2;16;15;2;56;56;56;0;True;True;True;False;True;True;True;126;Espanyol_Kit 2.png;53;53;53;48;48;48;;;;;;;;;;;;;;;;;;;;;;;;
4243584;259;0;True;0;1;0;0;0;0;0;62;36;5;63;63;63;63;63;63;63;63;63;63;63;63;63;63;63;0;0;0;0;62;36;5;63;63;63;63;63;63;63;63;63;63;63;63;0;0;0;62;36;5;63;63;63;63;63;63;63;63;63;0;0;53;46;15;53;46;15;53;46;15;1;29;2;2;3;55;11;35;14;8;2;55;11;35;0;20;14;-2;13;13;13;2;16;15;2;55;11;35;0;True;True;True;False;True;True;True;127;Espanyol_Kit Arq.png;10;10;10;10;34;48;;;;;;;;;;;;;;;;;;;;;;;;
4259840;260;0;False;0;3;71;0;0;0;0;56;56;56;36;44;57;54;54;54;54;54;54;54;54;54;54;54;54;0;0;0;0;0;19;39;54;54;54;54;54;54;54;54;54;54;54;54;0;0;0;1;19;39;54;54;54;54;54;54;54;54;54;0;0;54;54;54;54;54;54;54;54;54;1;29;2;2;3;0;19;39;14;8;2;0;19;39;0;20;14;-2;0;0;0;2;13;16;2;56;56;56;1;True;True;True;True;True;True;True;631;Malaga_Kit 1.png;0;0;0;0;0;0;;;;;;;;;;;;;;;;;;;;;;;;
4259841;260;1;False;0;2;71;0;0;0;0;45;25;30;55;53;52;54;54;54;54;54;54;54;54;54;54;54;54;0;0;0;0;55;53;52;54;54;54;54;54;54;54;54;54;54;54;54;0;0;0;45;25;30;54;54;54;54;54;54;54;54;54;0;0;54;54;54;54;54;54;54;54;54;1;29;2;2;3;55;53;52;14;8;2;55;53;52;0;20;14;-2;0;0;0;2;12;16;2;32;15;15;1;True;True;True;True;True;True;True;632;Malaga_Kit 2.png;0;0;0;0;0;0;;;;;;;;;;;;;;;;;;;;;;;;
4259968;260;0;True;0;1;0;0;0;0;0;53;50;15;54;54;54;54;54;54;54;54;54;54;54;54;54;54;54;0;0;0;0;53;50;15;54;54;54;54;54;54;54;54;54;54;54;54;0;0;0;53;50;15;54;54;54;54;54;54;54;54;54;0;0;54;54;54;54;54;54;54;54;54;1;29;2;2;3;10;10;10;14;8;2;10;10;10;0;20;14;-2;0;0;0;2;13;16;2;10;10;10;1;True;True;True;True;True;True;True;633;Malaga_Kit Arq.png;0;0;0;0;0;0;;;;;;;;;;;;;;;;;;;;;;;;
4308992;263;0;False;0;3;71;0;0;0;0;41;2;9;10;11;16;63;63;63;63;63;63;63;63;63;63;63;63;0;0;0;0;10;11;16;63;63;63;63;63;63;63;63;63;63;63;63;0;0;0;10;11;16;63;63;63;63;63;63;63;63;63;0;0;53;46;18;53;46;18;53;46;18;1;29;2;2;3;56;56;56;14;8;2;53;53;53;0;20;14;-2;47;37;19;2;14;20;2;56;56;56;0;True;True;True;False;True;True;True;259;Osasuna_Kit 1.png;48;16;16;45;13;13;;;;;;;;;;;;;;;;;;;;;;;;
4308993;263;1;False;0;4;71;0;0;0;0;56;56;56;43;50;52;63;63;63;63;63;63;63;63;63;63;63;63;0;0;0;0;56;56;56;63;63;63;63;63;63;63;63;63;63;63;63;0;0;0;56;56;56;63;63;63;63;63;63;63;63;63;0;0;53;46;18;53;46;18;53;46;18;1;29;2;2;3;10;11;16;14;8;2;10;11;16;0;20;14;-2;37;10;10;2;13;20;2;10;11;16;0;True;True;True;False;True;True;True;260;Osasuna_Kit 2.png;53;53;53;48;48;48;;;;;;;;;;;;;;;;;;;;;;;;
4309120;263;0;True;0;1;0;0;0;0;0;10;10;10;63;63;63;63;63;63;63;63;63;63;63;63;63;63;63;0;0;0;0;10;10;10;63;63;63;63;63;63;63;63;63;63;63;63;0;0;0;10;10;10;63;63;63;63;63;63;63;63;63;0;0;53;46;15;53;46;15;53;46;15;1;29;2;2;3;56;56;56;14;8;2;56;56;56;0;20;14;-2;13;13;13;2;14;18;2;56;56;56;0;True;True;True;False;True;True;True;261;Osasuna_Kit Arq.png;10;10;10;48;16;16;;;;;;;;;;;;;;;;;;;;;;;;
4341760;265;0;False;0;2;71;0;0;0;0;56;56;56;49;7;7;63;63;63;63;63;63;63;63;63;63;63;63;0;0;0;0;56;56;56;63;63;63;63;63;63;63;63;63;63;63;63;0;0;0;10;10;10;63;63;63;63;63;63;63;63;63;0;0;53;46;18;53;46;18;53;46;18;1;29;2;2;3;42;7;7;14;8;2;42;7;7;0;20;14;-2;47;37;19;1;5;17;2;42;7;7;0;True;True;True;False;True;True;True;321;Sevilla_Kit 1.png;53;53;53;48;48;48;;;;;;;;;;;;;;;;;;;;;;;;
4341761;265;1;False;0;4;71;0;0;0;0;42;7;7;56;56;56;63;63;63;63;63;63;63;63;63;63;63;63;0;0;0;0;42;7;7;63;63;63;63;63;63;63;63;63;63;63;63;0;0;0;42;7;7;63;63;63;63;63;63;63;63;63;0;0;53;46;18;53;46;18;53;46;18;1;29;2;2;3;56;56;56;14;8;2;56;56;56;0;20;14;-2;37;10;10;1;10;18;2;56;56;56;0;True;True;True;False;True;True;True;322;Sevilla_Kit 2.png;34;11;14;36;13;16;;;;;;;;;;;;;;;;;;;;;;;;
4341888;265;0;True;0;1;0;0;0;0;0;48;29;51;63;63;63;63;63;63;63;63;63;63;63;63;63;63;63;0;0;0;0;48;29;51;63;63;63;63;63;63;63;63;63;63;63;63;0;0;0;48;29;51;63;63;63;63;63;63;63;63;63;0;0;53;46;15;53;46;15;53;46;15;1;29;2;2;3;56;56;56;14;8;2;56;56;56;0;20;14;-2;13;13;13;1;3;17;2;56;56;56;0;True;True;True;False;True;True;True;323;Sevilla_Kit Arq.png;10;10;10;37;10;10;;;;;;;;;;;;;;;;;;;;;;;;
4374528;267;0;False;0;2;71;0;0;0;0;61;56;5;15;16;20;63;63;63;63;63;63;63;63;63;63;63;63;0;0;0;0;61;56;5;63;63;63;63;63;63;63;63;63;63;63;63;0;0;0;61;56;5;63;63;63;63;63;63;63;63;63;0;0;15;24;38;53;46;18;53;46;18;1;29;3;2;3;15;16;20;14;8;2;15;16;20;0;23;14;-2;10;11;22;2;14;14;2;15;16;20;0;True;True;True;False;True;True;True;362;Villarreal_Kit 1.png;48;46;15;45;43;12;;;;;;;;;;;;;;;;;;;;;;;;
4374529;267;1;False;0;3;71;0;0;0;0;49;49;49;10;31;51;63;63;63;63;63;63;63;63;63;63;63;63;0;0;0;0;49;49;49;63;63;63;63;63;63;63;63;63;63;63;63;0;0;0;49;49;49;63;63;63;63;63;63;63;63;63;0;0;15;24;38;53;46;18;53;46;18;1;29;2;2;3;10;31;51;14;8;2;10;31;51;0;20;14;-2;37;10;10;1;5;14;2;10;31;51;0;True;True;True;False;True;True;True;363;Villarreal_Kit 2.png;53;53;53;51;51;51;;;;;;;;;;;;;;;;;;;;;;;;
4374656;267;0;True;0;1;0;0;0;0;0;10;10;10;63;63;63;63;63;63;63;63;63;63;63;63;63;63;63;0;0;0;0;10;10;10;63;63;63;63;63;63;63;63;63;63;63;63;0;0;0;10;10;10;63;63;63;63;63;63;63;63;63;0;0;15;24;38;53;46;15;53;46;15;1;29;2;2;3;56;56;56;14;8;2;56;56;56;0;20;14;-2;13;13;13;2;14;15;2;56;56;56;0;True;True;True;False;True;True;True;364;Villarreal_Kit Arq.png;10;10;10;48;46;15;;;;;;;;;;;;;;;;;;;;;;;;
4489219;274;3;False;0;2;71;0;0;0;0;9;18;51;50;50;50;54;54;54;54;54;54;54;54;54;54;54;54;0;0;0;0;50;50;50;54;54;54;54;54;54;54;54;54;54;54;54;0;0;0;50;50;50;54;54;54;54;54;54;54;54;54;0;0;54;54;54;54;54;54;54;54;54;1;25;0;4;1;56;56;56;10;8;4;56;56;56;0;20;14;0;0;0;0;1;4;16;-4;9;18;51;1;True;True;True;True;True;True;True;106;Cruzeiro_Kit 1.png;13;13;13;13;13;13;;;;;;;;;;;;;;;;;;;;;;;;
5193728;317;0;False;0;4;71;0;0;0;0;2;19;30;56;56;56;63;63;63;63;63;63;63;63;63;63;63;63;0;0;0;0;56;56;56;63;63;63;63;63;63;63;63;63;63;63;63;0;0;0;2;19;30;63;63;63;63;63;63;63;63;63;0;0;35;14;14;53;46;18;53;46;18;1;29;2;4;1;56;56;56;14;8;2;56;56;56;0;20;14;-2;3;3;3;1;6;15;2;2;19;30;0;True;True;True;True;True;True;True;373;Como_Kit 1.png;53;53;38;10;16;10;;;;;;;;;;;;;;;;;;;;;;;;
5193729;317;1;False;0;2;71;0;0;0;0;53;53;53;2;19;30;63;63;63;63;63;63;63;63;63;63;63;63;0;0;0;0;53;53;53;63;63;63;63;63;63;63;63;63;63;63;63;0;0;0;53;53;53;63;63;63;63;63;63;63;63;63;0;0;35;14;14;53;46;18;53;46;18;1;29;2;4;1;2;19;30;14;8;2;2;19;30;0;20;14;-2;3;3;3;1;6;15;2;2;19;30;0;True;True;True;True;True;True;True;374;Como_Kit 2.png;10;16;10;53;53;38;;;;;;;;;;;;;;;;;;;;;;;;
5193856;317;0;True;0;1;0;0;0;0;0;10;10;10;63;63;63;63;63;63;63;63;63;63;63;63;63;63;63;0;0;0;0;10;10;10;63;63;63;63;63;63;63;63;63;63;63;63;0;0;0;10;10;10;63;63;63;63;63;63;63;63;63;0;0;35;14;14;53;46;15;53;46;15;1;29;2;4;1;56;56;56;14;8;2;56;56;56;0;20;14;-2;13;13;13;1;6;15;2;56;56;56;0;True;True;True;True;True;True;True;375;Como_Kit Arq.png;10;10;10;53;53;38;;;;;;;;;;;;;;;;;;;;;;;;
5242883;320;3;False;0;3;71;0;0;0;0;2;6;13;49;3;11;54;54;54;54;54;54;54;54;54;54;54;54;0;0;0;0;2;6;13;54;54;54;54;54;54;54;54;54;54;54;54;0;0;0;2;6;13;54;54;54;54;54;54;54;54;54;0;0;54;54;54;54;54;54;54;54;54;1;29;2;4;1;56;56;56;16;8;2;56;56;56;0;20;14;0;0;0;0;1;10;21;2;56;56;56;1;True;True;True;True;True;True;True;486;Cagliari_Kit 1.png;13;13;13;13;13;13;;;;;;;;;;;;;;;;;;;;;;;;
5292035;323;3;False;0;3;71;0;0;0;0;7;10;13;43;6;9;54;54;54;54;54;54;54;54;54;54;54;54;0;0;0;0;7;10;13;54;54;54;54;54;54;54;54;54;54;54;54;0;0;0;7;10;13;54;54;54;54;54;54;54;54;54;0;0;54;54;54;54;54;54;54;54;54;1;29;2;4;1;56;56;56;14;8;2;56;56;56;0;20;14;0;0;0;0;1;10;17;2;56;56;56;1;True;True;True;True;True;True;True;488;Genoa_Kit 1.png;13;13;13;13;13;13;;;;;;;;;;;;;;;;;;;;;;;;
5357571;327;3;False;0;4;71;0;0;0;0;18;31;51;54;54;54;54;54;54;54;54;54;54;54;54;54;54;54;0;0;0;0;18;31;51;54;54;54;54;54;54;54;54;54;54;54;54;0;0;0;18;31;51;54;54;54;54;54;54;54;54;54;0;0;54;54;54;54;54;54;54;54;54;1;30;2;4;1;56;56;56;15;8;2;56;56;56;0;20;14;0;0;0;0;1;10;18;2;56;56;56;1;True;True;True;True;True;True;True;244;Napoli_Kit 1.png;13;13;13;13;13;13;;;;;;;;;;;;;;;;;;;;;;;;
5455875;333;3;False;0;1;71;0;0;0;0;21;3;8;56;56;56;54;54;54;54;54;54;54;54;54;54;54;54;0;0;0;0;56;56;56;54;54;54;54;54;54;54;54;54;54;54;54;0;0;0;10;10;10;54;54;54;54;54;54;54;54;54;0;0;54;54;54;54;54;54;54;54;54;1;30;2;4;1;56;56;56;16;8;2;56;56;56;0;20;14;0;0;0;0;1;10;17;2;21;3;8;1;True;True;True;True;True;True;True;505;Torino_Kit 1.png;13;13;13;13;13;13;;;;;;;;;;;;;;;;;;;;;;;;
5505027;336;3;False;0;9;71;0;0;0;0;6;10;21;58;50;22;54;54;54;54;54;54;54;54;54;54;54;54;0;0;0;0;6;10;21;54;54;54;54;54;54;54;54;54;54;54;54;0;0;0;6;10;21;54;54;54;54;54;54;54;54;54;0;0;54;54;54;54;54;54;54;54;54;1;27;3;4;1;56;56;56;13;9;2;56;56;56;0;20;14;0;0;0;0;1;9;17;4;56;56;56;1;True;True;True;True;True;True;True;489;Hellas Verona_Kit 1.png;13;13;13;13;13;13;;;;;;;;;;;;;;;;;;;;;;;;
5931008;362;0;False;0;10;71;0;0;0;0;12;15;44;56;56;56;63;63;63;63;63;63;63;63;63;63;63;63;0;0;0;0;12;15;44;63;63;63;63;63;63;63;63;63;63;63;63;0;0;0;12;15;44;63;63;63;63;63;63;63;63;63;0;0;53;46;18;53;46;18;53;46;18;1;29;2;2;3;56;56;56;14;8;2;56;56;56;0;20;14;-2;47;37;19;2;13;15;2;56;56;56;0;True;True;True;False;True;True;True;141;Getafe_Kit 1.png;10;14;38;12;16;40;;;;;;;;;;;;;;;;;;;;;;;;
5931009;362;1;False;0;10;71;0;0;0;0;35;14;16;56;56;56;63;63;63;63;63;63;63;63;63;63;63;63;0;0;0;0;35;14;16;63;63;63;63;63;63;63;63;63;63;63;63;0;0;0;35;14;16;63;63;63;63;63;63;63;63;63;0;0;53;46;18;53;46;18;53;46;18;1;29;2;2;3;56;56;56;14;8;2;56;56;56;0;20;14;-2;37;10;10;2;14;14;2;56;56;56;0;True;True;True;False;True;True;True;142;Getafe_Kit 2.png;53;53;53;48;48;48;;;;;;;;;;;;;;;;;;;;;;;;
5931136;362;0;True;0;1;0;0;0;0;0;51;53;7;63;63;63;63;63;63;63;63;63;63;63;63;63;63;63;0;0;0;0;51;53;7;63;63;63;63;63;63;63;63;63;63;63;63;0;0;0;51;53;7;63;63;63;63;63;63;63;63;63;0;0;53;46;15;53;46;15;53;46;15;1;29;2;2;3;10;10;10;14;8;2;10;10;10;0;20;14;-2;13;13;13;2;14;15;2;10;10;10;0;True;True;True;False;True;True;True;143;Getafe_Kit Arq.png;10;10;10;10;14;38;;;;;;;;;;;;;;;;;;;;;;;;
5996544;366;0;False;0;3;71;0;0;0;0;3;12;20;37;3;5;63;63;63;63;63;63;63;63;63;63;63;63;0;0;0;0;3;12;20;63;63;63;63;63;63;63;63;63;63;63;63;0;0;0;3;12;20;63;63;63;63;63;63;63;63;63;0;0;53;46;18;53;46;18;53;46;18;1;29;2;2;3;56;56;56;14;8;2;56;56;56;0;20;14;-2;47;37;19;2;14;13;2;56;56;56;0;True;True;True;False;True;True;True;203;Levante_Kit 1.png;17;27;47;19;29;49;;;;;;;;;;;;;;;;;;;;;;;;
5996545;366;1;False;0;3;71;0;0;0;0;56;56;56;10;10;10;63;63;63;63;63;63;63;63;63;63;63;63;0;0;0;0;56;56;56;63;63;63;63;63;63;63;63;63;63;63;63;0;0;0;56;56;56;63;63;63;63;63;63;63;63;63;0;0;53;46;18;53;46;18;53;46;18;1;29;2;2;3;28;0;0;14;8;2;28;0;0;0;20;14;-2;37;10;10;2;14;13;2;28;0;0;0;True;True;True;False;True;True;True;204;Levante_Kit 2.png;53;53;53;48;48;48;;;;;;;;;;;;;;;;;;;;;;;;
5996672;366;0;True;0;1;0;0;0;0;0;49;53;10;63;63;63;63;63;63;63;63;63;63;63;63;63;63;63;0;0;0;0;49;53;10;63;63;63;63;63;63;63;63;63;63;63;63;0;0;0;49;53;10;63;63;63;63;63;63;63;63;63;0;0;53;46;15;53;46;15;53;46;15;1;29;2;2;3;10;10;10;14;8;2;10;10;10;0;20;14;-2;13;13;13;2;14;13;2;10;10;10;0;True;True;True;False;True;True;True;205;Levante_Kit Arq.png;10;10;10;10;13;31;;;;;;;;;;;;;;;;;;;;;;;;
6062080;370;0;False;0;6;71;0;0;0;0;56;56;56;58;12;12;63;63;63;63;63;63;63;63;63;63;63;63;0;0;0;0;56;56;56;63;63;63;63;63;63;63;63;63;63;63;63;0;0;0;56;56;56;63;63;63;63;63;63;63;63;63;0;0;53;46;18;53;46;18;53;46;18;1;29;2;2;3;10;10;10;14;8;2;10;10;10;0;20;14;-2;47;37;19;2;14;16;2;10;10;10;0;True;True;True;False;True;True;True;280;Rayo Vallecano_Kit 1.png;48;10;11;50;12;13;;;;;;;;;;;;;;;;;;;;;;;;
6062081;370;1;False;0;8;71;0;0;0;0;58;12;12;56;56;56;63;63;63;63;63;63;63;63;63;63;63;63;0;0;0;0;58;12;12;63;63;63;63;63;63;63;63;63;63;63;63;0;0;0;58;12;12;63;63;63;63;63;63;63;63;63;0;0;53;46;18;53;46;18;53;46;18;1;29;2;2;3;10;10;10;14;8;2;10;10;10;0;20;14;-2;37;10;10;2;14;16;2;56;56;56;0;True;True;True;False;True;True;True;281;Rayo Vallecano_Kit 2.png;53;53;53;48;48;48;;;;;;;;;;;;;;;;;;;;;;;;
6062208;370;0;True;0;1;0;0;0;0;0;10;10;10;63;63;63;63;63;63;63;63;63;63;63;63;63;63;63;0;0;0;0;10;10;10;63;63;63;63;63;63;63;63;63;63;63;63;0;0;0;10;10;10;63;63;63;63;63;63;63;63;63;0;0;53;46;15;53;46;15;53;46;15;1;29;2;2;3;56;56;56;14;8;2;56;56;56;0;20;14;-2;13;13;13;2;14;16;2;56;56;56;0;True;True;True;False;True;True;True;282;Rayo Vallecano_Kit Arq.png;10;10;10;48;10;11;;;;;;;;;;;;;;;;;;;;;;;;
6176768;377;0;False;0;2;71;0;0;0;0;0;16;41;55;55;55;63;63;63;63;63;63;63;63;63;63;63;63;0;0;0;0;0;16;41;63;63;63;63;63;63;63;63;63;63;63;63;0;0;0;0;16;41;63;63;63;63;63;63;63;63;63;0;0;63;63;63;63;63;63;63;63;63;1;30;3;1;3;3;5;20;17;9;1;3;5;20;0;20;14;-2;3;3;3;1;9;17;8;56;56;56;0;True;True;True;True;True;True;True;68;Brighton_Kit 1.png;53;53;53;53;53;53;;;;;;;;;;;;;;;;;;;;;;;;
6176769;377;1;False;0;1;71;0;0;0;0;42;39;45;37;33;45;63;63;63;63;63;63;63;63;63;63;63;63;0;0;0;0;37;33;45;63;63;63;63;63;63;63;63;63;63;63;63;0;0;0;37;33;45;63;63;63;63;63;63;63;63;63;0;0;63;63;63;63;63;63;63;63;63;1;30;3;1;3;56;56;56;17;9;1;56;56;56;0;20;14;-2;13;13;13;1;9;18;8;56;56;56;0;True;True;True;True;True;True;True;69;Brighton_Kit 2.png;17;38;52;17;38;52;;;;;;;;;;;;;;;;;;;;;;;;
6176896;377;0;True;0;1;0;0;0;0;0;14;39;19;63;63;63;63;63;63;63;63;63;63;63;63;63;63;63;0;0;0;0;14;39;19;63;63;63;63;63;63;63;63;63;63;63;63;0;0;0;14;39;19;63;63;63;63;63;63;63;63;63;0;0;63;63;63;63;63;63;63;63;63;1;30;3;1;3;55;55;55;17;9;1;56;56;56;0;20;14;-2;13;13;13;1;9;15;8;56;56;56;0;True;True;True;True;True;True;True;70;Brighton_Kit Arq.png;10;10;10;10;10;10;;;;;;;;;;;;;;;;;;;;;;;;
6193152;378;0;False;0;1;71;0;0;0;0;29;5;14;31;44;55;63;63;63;63;63;63;63;63;63;63;63;63;0;0;0;0;56;56;56;63;63;63;63;63;63;63;63;63;63;63;63;0;0;0;29;5;14;63;63;63;63;63;63;63;63;63;0;0;63;63;63;63;63;63;63;63;63;1;30;2;1;1;56;56;56;15;9;1;56;56;56;0;20;14;-2;10;10;10;1;12;18;6;29;5;14;0;True;True;True;True;True;True;True;71;Burnley_Kit 1.png;10;13;23;10;13;23;;;;;;;;;;;;;;;;;;;;;;;;
6193153;378;1;False;0;2;71;0;0;0;0;31;51;59;56;56;56;63;63;63;63;63;63;63;63;63;63;63;63;0;0;0;0;31;51;59;63;63;63;63;63;63;63;63;63;63;63;63;0;0;0;31;51;59;63;63;63;63;63;63;63;63;63;0;0;53;46;18;53;46;18;53;46;18;1;30;2;1;1;25;13;17;15;9;1;25;13;17;0;20;14;-2;10;10;10;1;12;18;6;25;13;17;0;True;True;True;False;True;True;True;72;Burnley_Kit 2.png;53;53;53;53;53;53;;;;;;;;;;;;;;;;;;;;;;;;
6193280;378;0;True;0;1;0;0;0;0;0;33;56;39;63;63;63;63;63;63;63;63;63;63;63;63;63;63;63;0;0;0;0;33;56;39;63;63;63;63;63;63;63;63;63;63;63;63;0;0;0;33;56;39;63;63;63;63;63;63;63;63;63;0;0;53;46;18;53;46;18;53;46;18;1;30;2;1;1;56;56;56;15;9;1;63;63;63;0;20;14;-2;10;10;10;1;11;19;6;56;56;56;0;True;True;True;False;True;True;True;73;Burnley_Kit Arq.png;10;10;10;10;10;10;;;;;;;;;;;;;;;;;;;;;;;;
6258688;382;0;False;0;1;71;0;0;0;0;58;58;58;10;20;39;63;63;63;63;63;63;63;63;63;63;63;63;0;0;0;0;58;58;58;63;63;63;63;63;63;63;63;63;63;63;63;0;0;0;58;58;58;63;63;63;63;63;63;63;63;63;0;0;63;63;63;63;63;63;63;63;63;1;29;2;1;1;10;20;39;14;8;1;10;20;39;0;20;14;-2;3;3;3;1;11;14;2;10;20;39;0;True;True;True;True;True;True;True;107;Crystal Palace_Kit 1.png;10;21;28;10;21;28;;;;;;;;;;;;;;;;;;;;;;;;
6258689;382;1;False;0;1;71;0;0;0;0;6;6;6;10;20;39;63;63;63;63;63;63;63;63;63;63;63;63;0;0;0;0;6;6;6;63;63;63;63;63;63;63;63;63;63;63;63;0;0;0;6;6;6;63;63;63;63;63;63;63;63;63;0;0;63;63;63;63;63;63;63;63;63;1;29;2;1;1;58;58;58;14;8;1;58;58;58;0;20;14;-2;13;13;13;1;12;14;2;58;58;58;0;True;True;True;True;True;True;True;108;Crystal Palace_Kit 2.png;53;53;53;53;53;53;;;;;;;;;;;;;;;;;;;;;;;;
6258816;382;0;True;0;1;0;0;0;0;0;38;57;31;63;63;63;63;63;63;63;63;63;63;63;63;63;63;63;0;0;0;0;38;57;31;63;63;63;63;63;63;63;63;63;63;63;63;0;0;0;38;57;31;63;63;63;63;63;63;63;63;63;0;0;63;63;63;63;63;63;63;63;63;1;29;2;1;1;6;6;6;14;8;1;6;6;6;0;20;14;-2;3;3;3;1;11;16;2;6;6;6;0;True;True;True;True;True;True;True;109;Crystal Palace_Kit Arq.png;10;10;10;10;10;10;;;;;;;;;;;;;;;;;;;;;;;;
6324224;386;0;False;0;1;71;0;0;0;0;7;16;31;58;58;58;54;54;54;54;54;54;54;54;54;54;54;54;0;0;0;0;58;58;58;54;54;54;54;54;54;54;54;54;54;54;54;0;0;0;7;16;31;54;54;54;54;54;54;54;54;54;0;0;54;54;54;54;54;54;54;54;54;1;29;2;1;3;58;58;58;14;8;1;58;58;58;0;20;14;-2;0;0;0;1;10;18;2;7;16;31;1;True;True;True;True;True;True;True;623;Ipswich_Kit 1.png;0;0;0;0;0;0;;;;;;;;;;;;;;;;;;;;;;;;
6324225;386;1;False;0;2;71;0;0;0;0;60;53;40;6;6;6;54;54;54;54;54;54;54;54;54;54;54;54;0;0;0;0;6;6;6;54;54;54;54;54;54;54;54;54;54;54;54;0;0;0;60;53;40;54;54;54;54;54;54;54;54;54;0;0;54;54;54;54;54;54;54;54;54;1;29;2;1;3;6;6;6;14;8;1;6;6;6;0;20;14;-2;0;0;0;1;10;18;2;60;53;40;1;True;True;True;True;True;True;True;624;Ipswich_Kit 2.png;0;0;0;0;0;0;;;;;;;;;;;;;;;;;;;;;;;;
6324352;386;0;True;0;8;0;0;0;0;0;18;41;49;54;54;54;54;54;54;54;54;54;54;54;54;54;54;54;0;0;0;0;18;41;49;54;54;54;54;54;54;54;54;54;54;54;54;0;0;0;18;41;49;54;54;54;54;54;54;54;54;54;0;0;54;54;54;54;54;54;54;54;54;1;28;2;1;3;58;58;58;14;8;1;58;58;58;0;20;14;-2;0;0;0;1;10;18;2;58;58;58;1;True;True;True;True;True;True;True;625;Ipswich_Kit Arq.png;0;0;0;0;0;0;;;;;;;;;;;;;;;;;;;;;;;;
6373376;389;0;False;0;2;71;0;0;0;0;44;3;8;56;56;56;63;63;63;63;63;63;63;63;63;63;63;63;0;0;0;0;58;58;58;63;63;63;63;63;63;63;63;63;63;63;63;0;0;0;44;3;8;63;63;63;63;63;63;63;63;63;0;0;63;63;63;63;63;63;63;63;63;1;29;2;1;3;58;58;58;14;8;1;58;58;58;0;20;14;-2;3;3;3;1;5;17;2;44;3;8;0;True;True;True;True;True;True;True;250;Nottingham_Kit 1.png;53;53;53;53;53;53;;;;;;;;;;;;;;;;;;;;;;;;
6373377;389;1;False;0;2;71;0;0;0;0;5;8;6;44;3;8;63;63;63;63;63;63;63;63;63;63;63;63;0;0;0;0;5;8;6;63;63;63;63;63;63;63;63;63;63;63;63;0;0;0;5;8;6;63;63;63;63;63;63;63;63;63;0;0;63;63;63;63;63;63;63;63;63;1;29;2;1;3;58;58;58;14;8;1;58;58;58;0;20;14;-2;13;13;13;1;10;18;2;58;58;58;0;True;True;True;True;True;True;True;251;Nottingham_Kit 2.png;43;10;10;43;10;10;;;;;;;;;;;;;;;;;;;;;;;;
6373504;389;0;True;0;1;0;0;0;0;0;23;45;58;63;63;63;63;63;63;63;63;63;63;63;63;63;63;63;0;0;0;0;23;45;58;63;63;63;63;63;63;63;63;63;63;63;63;0;0;0;23;45;58;63;63;63;63;63;63;63;63;63;0;0;63;63;63;63;63;63;63;63;63;1;29;2;1;3;58;58;58;14;8;1;58;58;58;0;20;14;-2;13;13;13;1;5;17;2;58;58;58;0;True;True;True;True;True;True;True;252;Nottingham_Kit Arq.png;10;10;10;10;10;10;;;;;;;;;;;;;;;;;;;;;;;;
6488064;396;0;False;0;4;71;0;0;0;0;50;10;10;58;58;58;63;63;63;63;63;63;63;63;63;63;63;63;0;0;0;0;7;7;7;63;63;63;63;63;63;63;63;63;63;63;63;0;0;0;7;7;7;63;63;63;63;63;63;63;63;63;0;0;53;46;18;53;46;18;53;46;18;1;29;2;1;3;7;7;7;14;8;1;7;7;7;0;20;14;-2;3;3;3;1;10;15;2;58;58;58;0;True;True;True;False;True;True;True;326;Sunderland_Kit 1.png;10;10;10;10;10;10;;;;;;;;;;;;;;;;;;;;;;;;
6488065;396;1;False;0;3;71;0;0;0;0;63;46;51;50;25;30;63;63;63;63;63;63;63;63;63;63;63;63;0;0;0;0;63;46;51;63;63;63;63;63;63;63;63;63;63;63;63;0;0;0;63;46;51;63;63;63;63;63;63;63;63;63;0;0;53;46;18;53;46;18;53;46;18;1;29;2;1;3;50;25;30;14;8;1;50;25;30;0;20;14;-2;3;3;3;1;10;15;2;50;25;30;0;True;True;True;False;True;True;True;327;Sunderland_Kit 2.png;53;53;53;53;53;53;;;;;;;;;;;;;;;;;;;;;;;;
6488192;396;0;True;0;1;0;0;0;0;0;8;16;11;63;63;63;63;63;63;63;63;63;63;63;63;63;63;63;0;0;0;0;6;6;6;63;63;63;63;63;63;63;63;63;63;63;63;0;0;0;8;16;11;63;63;63;63;63;63;63;63;63;0;0;53;46;18;15;24;38;15;24;38;1;29;2;1;3;6;6;6;14;8;1;6;6;6;0;20;14;-2;1;1;1;1;5;14;2;8;16;11;0;True;True;True;False;True;True;True;328;Sunderland_Kit Arq.png;10;10;10;10;10;10;;;;;;;;;;;;;;;;;;;;;;;;
6602755;403;3;False;0;8;71;0;0;0;0;7;7;7;56;56;56;54;54;54;54;54;54;54;54;54;54;54;54;0;0;0;0;7;7;7;54;54;54;54;54;54;54;54;54;54;54;54;0;0;0;7;7;7;54;54;54;54;54;54;54;54;54;0;0;54;54;54;54;54;54;54;54;54;1;29;0;1;1;56;56;56;14;8;1;56;56;56;0;20;14;0;0;0;0;2;14;17;2;56;56;56;1;True;True;True;True;True;True;True;482;Angers_Kit 1.png;13;13;13;13;13;13;;;;;;;;;;;;;;;;;;;;;;;;
6766594;413;2;False;0;10;71;0;0;0;0;8;10;13;22;46;58;54;54;54;54;54;54;54;54;54;54;54;54;0;0;0;0;8;10;13;54;54;54;54;54;54;54;54;54;54;54;54;0;0;0;8;10;13;54;54;54;54;54;54;54;54;54;0;0;54;54;54;54;54;54;54;54;54;1;29;0;1;1;56;56;56;14;8;1;56;56;56;0;20;14;0;0;0;0;1;11;16;2;56;56;56;1;True;True;True;True;True;True;True;490;Le Havre_Kit 1.png;13;13;13;13;13;13;;;;;;;;;;;;;;;;;;;;;;;;
6782979;414;3;False;0;1;71;0;0;0;0;63;17;5;7;7;7;54;54;54;54;54;54;54;54;54;54;54;54;0;0;0;0;7;7;7;54;54;54;54;54;54;54;54;54;54;54;54;0;0;0;56;56;56;54;54;54;54;54;54;54;54;54;0;0;54;54;54;54;54;54;54;54;54;1;27;0;1;1;56;56;56;12;8;1;56;56;56;0;20;14;0;0;0;0;2;16;19;2;56;56;56;1;True;True;True;True;True;True;True;493;Lorient_Kit 1.png;13;13;13;13;13;13;;;;;;;;;;;;;;;;;;;;;;;;
6881282;420;2;False;0;2;71;0;0;0;0;0;16;39;56;56;56;54;54;54;54;54;54;54;54;54;54;54;54;0;0;0;0;0;16;39;54;54;54;54;54;54;54;54;54;54;54;54;0;0;0;0;16;39;54;54;54;54;54;54;54;54;54;0;0;54;54;54;54;54;54;54;54;54;1;28;0;1;1;56;56;56;13;8;1;56;56;56;0;20;14;0;0;0;0;2;14;16;2;56;56;56;1;True;True;True;True;True;True;True;649;Troyes_Kit 1.png;13;13;13;13;13;13;;;;;;;;;;;;;;;;;;;;;;;;
16547840;1010;0;False;0;6;71;0;0;0;0;53;53;53;10;10;10;63;63;63;63;63;63;63;63;63;63;63;63;0;0;0;0;53;53;53;63;63;63;63;63;63;63;63;63;63;63;63;0;0;0;53;53;53;63;63;63;63;63;63;63;63;63;0;0;53;46;18;53;46;18;53;46;18;1;29;2;2;1;10;10;10;14;7;3;10;10;10;1;17;14;0;10;10;10;1;8;17;3;10;10;10;0;True;True;True;False;True;True;True;433;Irak_Kit 1.png;36;14;14;35;12;12;;;;;;;;;;;;;;;;;;;;;;;;
16547841;1010;1;False;0;6;71;0;0;0;0;10;33;25;53;53;53;63;63;63;63;63;63;63;63;63;63;63;63;0;0;0;0;10;33;25;63;63;63;63;63;63;63;63;63;63;63;63;0;0;0;10;33;25;63;63;63;63;63;63;63;63;63;0;0;53;46;18;53;46;18;53;46;18;1;29;2;2;1;53;53;53;14;7;3;53;53;53;1;17;14;0;53;53;53;1;8;17;3;53;53;53;0;True;True;True;False;True;True;True;434;Irak_Kit 2.png;52;52;52;12;21;10;;;;;;;;;;;;;;;;;;;;;;;;
16547968;1010;0;True;0;1;0;0;0;0;0;53;49;10;63;63;63;63;63;63;63;63;63;63;63;63;63;63;63;0;0;0;0;53;49;10;63;63;63;63;63;63;63;63;63;63;63;63;0;0;0;53;49;10;63;63;63;63;63;63;63;63;63;0;0;53;46;18;53;46;18;53;46;18;1;29;2;2;1;10;10;10;14;7;3;10;10;10;1;17;14;0;10;10;10;1;8;17;3;10;10;10;0;True;True;True;False;True;True;True;435;Irak_Kit Arq.png;10;10;10;39;17;17;;;;;;;;;;;;;;;;;;;;;;;;
16564224;1011;0;False;0;11;0;0;0;0;0;53;53;53;63;63;63;63;63;63;63;63;63;63;63;63;63;63;63;0;0;0;0;53;53;53;63;63;63;63;63;63;63;63;63;63;63;63;0;0;0;53;53;53;63;63;63;63;63;63;63;63;63;0;0;53;46;18;53;46;18;53;46;18;1;29;2;1;1;47;16;20;14;7;2;47;16;20;1;17;14;0;47;16;20;1;4;16;3;47;16;20;0;True;True;True;False;True;True;True;603;Jordania_Kit 1.png;32;14;14;28;10;10;;;;;;;;;;;;;;;;;;;;;;;;
16564225;1011;1;False;0;11;0;0;0;0;0;47;16;20;63;63;63;63;63;63;63;63;63;63;63;63;63;63;63;0;0;0;0;47;16;20;63;63;63;63;63;63;63;63;63;63;63;63;0;0;0;47;16;20;63;63;63;63;63;63;63;63;63;0;0;53;46;18;53;46;18;53;46;18;1;29;2;1;1;53;53;53;14;7;2;53;53;53;1;17;14;0;53;53;53;1;4;16;3;53;53;53;0;True;True;True;False;True;True;True;604;Jordania_Kit 2.png;52;52;52;32;41;31;;;;;;;;;;;;;;;;;;;;;;;;
16564352;1011;0;True;0;2;0;0;0;0;0;53;46;10;63;63;63;63;63;63;63;63;63;63;63;63;63;63;63;0;0;0;0;53;46;10;63;63;63;63;63;63;63;63;63;63;63;63;0;0;0;53;46;10;63;63;63;63;63;63;63;63;63;0;0;53;46;18;53;46;18;53;46;18;1;29;2;1;1;10;10;10;14;7;2;10;10;10;1;17;14;0;10;10;10;2;4;16;3;10;10;10;0;True;True;True;False;True;True;True;605;Jordania_Kit Arq.png;10;10;10;32;14;14;;;;;;;;;;;;;;;;;;;;;;;;
16809984;1026;0;False;0;1;71;0;0;0;0;37;10;15;53;53;53;63;63;63;63;63;63;63;63;63;63;63;63;0;0;0;0;37;10;15;63;63;63;63;63;63;63;63;63;63;63;63;0;0;0;37;10;15;63;63;63;63;63;63;63;63;63;0;0;53;46;18;53;46;18;53;46;18;1;29;2;2;1;52;52;52;14;7;3;52;52;52;1;17;14;0;52;52;52;1;5;15;3;53;53;53;0;True;True;True;False;True;True;True;458;Qatar_Kit 1.png;17;10;10;24;15;15;;;;;;;;;;;;;;;;;;;;;;;;
16809985;1026;1;False;0;6;71;0;0;0;0;53;53;53;37;10;15;63;63;63;63;63;63;63;63;63;63;63;63;0;0;0;0;53;53;53;63;63;63;63;63;63;63;63;63;63;63;63;0;0;0;53;53;53;63;63;63;63;63;63;63;63;63;0;0;53;46;18;53;46;18;53;46;18;1;29;2;2;1;37;10;15;14;7;3;37;10;15;1;20;6;-2;37;10;15;1;10;16;3;37;10;15;0;True;True;True;False;True;True;True;459;Qatar_Kit 2.png;52;52;52;35;26;26;;;;;;;;;;;;;;;;;;;;;;;;
16810112;1026;0;True;0;1;0;0;0;0;0;53;52;27;63;63;63;63;63;63;63;63;63;63;63;63;63;63;63;0;0;0;0;53;52;27;63;63;63;63;63;63;63;63;63;63;63;63;0;0;0;53;52;27;63;63;63;63;63;63;63;63;63;0;0;53;46;18;53;46;18;53;46;18;1;29;2;2;1;10;10;10;14;7;3;10;10;10;1;17;14;0;10;10;10;1;5;16;3;10;10;10;0;True;True;True;False;True;True;True;460;Qatar_Kit Arq.png;10;10;10;28;19;19;;;;;;;;;;;;;;;;;;;;;;;;
17039360;1040;0;False;0;1;71;0;0;0;0;53;52;51;11;37;27;63;63;63;63;63;63;63;63;63;63;63;63;0;0;0;0;53;52;51;63;63;63;63;63;63;63;63;63;63;63;63;0;0;0;53;52;51;63;63;63;63;63;63;63;63;63;0;0;53;46;18;53;46;18;53;46;18;1;29;2;4;1;11;37;27;14;7;2;11;37;27;1;14;14;0;11;37;27;1;5;16;3;11;37;27;0;True;True;True;False;True;True;True;393;Argelia_Kit 1.png;10;26;14;10;22;10;;;;;;;;;;;;;;;;;;;;;;;;
17039361;1040;1;False;0;5;71;0;0;0;0;10;23;22;11;37;27;63;63;63;63;63;63;63;63;63;63;63;63;0;0;0;0;10;23;22;63;63;63;63;63;63;63;63;63;63;63;63;0;0;0;10;23;22;63;63;63;63;63;63;63;63;63;0;0;53;46;18;53;46;18;53;46;18;1;29;2;4;1;53;52;51;14;7;2;53;52;51;1;20;6;-1;53;52;51;1;10;17;3;53;52;51;0;True;True;True;False;True;True;True;394;Argelia_Kit 2.png;52;52;52;17;36;24;;;;;;;;;;;;;;;;;;;;;;;;
17039488;1040;0;True;0;1;0;0;0;0;0;10;10;10;63;63;63;63;63;63;63;63;63;63;63;63;63;63;63;0;0;0;0;10;10;10;63;63;63;63;63;63;63;63;63;63;63;63;0;0;0;10;10;10;63;63;63;63;63;63;63;63;63;0;0;53;46;18;53;46;18;53;46;18;1;29;2;4;1;53;53;53;14;7;2;53;53;53;1;17;14;0;53;53;53;1;5;16;3;53;53;53;0;True;True;True;False;True;True;True;395;Argelia_Kit Arq.png;10;10;10;10;29;17;;;;;;;;;;;;;;;;;;;;;;;;
17219584;1051;0;False;0;2;71;0;0;0;0;53;36;22;12;27;22;63;63;63;63;63;63;63;63;63;63;63;63;0;0;0;0;53;36;22;63;63;63;63;63;63;63;63;63;63;63;63;0;0;0;53;36;22;63;63;63;63;63;63;63;63;63;0;0;15;24;38;15;24;38;15;24;38;1;29;2;1;1;53;53;53;14;7;1;53;53;53;1;17;14;0;53;53;53;1;11;17;3;53;53;53;0;True;True;True;False;True;True;True;410;Costa de Marfil_Kit 1.png;42;32;12;40;30;10;;;;;;;;;;;;;;;;;;;;;;;;
17219585;1051;1;False;0;2;0;0;0;0;0;53;53;53;63;63;63;63;63;63;63;63;63;63;63;63;63;63;63;0;0;0;0;53;53;53;63;63;63;63;63;63;63;63;63;63;63;63;0;0;0;53;53;53;63;63;63;63;63;63;63;63;63;0;0;15;24;38;15;24;38;15;24;38;1;29;2;1;1;48;24;6;14;7;1;48;24;6;1;17;14;0;48;24;6;1;11;17;3;48;24;6;0;True;True;True;False;True;True;True;411;Costa de Marfil_Kit 2.png;52;52;52;24;39;31;;;;;;;;;;;;;;;;;;;;;;;;
17219712;1051;0;True;0;1;0;0;0;0;0;28;46;53;63;63;63;63;63;63;63;63;63;63;63;63;63;63;63;0;0;0;0;28;46;53;63;63;63;63;63;63;63;63;63;63;63;63;0;0;0;28;46;53;63;63;63;63;63;63;63;63;63;0;0;15;24;38;15;24;38;15;24;38;1;29;2;1;1;10;10;10;14;7;1;10;10;10;1;17;14;0;10;10;10;1;11;17;3;10;10;10;0;True;True;True;False;True;True;True;412;Costa de Marfil_Kit Arq.png;10;10;10;45;35;15;;;;;;;;;;;;;;;;;;;;;;;;
17334272;1058;0;False;0;2;71;0;0;0;0;53;53;53;10;10;10;63;63;63;63;63;63;63;63;63;63;63;63;0;0;0;0;53;53;53;63;63;63;63;63;63;63;63;63;63;63;63;0;0;0;53;53;53;63;63;63;63;63;63;63;63;63;0;0;15;24;38;15;24;38;15;24;38;1;29;2;4;1;10;10;10;14;7;2;10;10;10;1;17;14;0;10;10;10;1;11;17;3;10;10;10;0;True;True;True;False;True;True;True;426;Ghana_Kit 1.png;51;46;10;45;40;10;;;;;;;;;;;;;;;;;;;;;;;;
17334273;1058;1;False;0;2;71;0;0;0;0;53;48;25;12;27;22;63;63;63;63;63;63;63;63;63;63;63;63;0;0;0;0;53;48;25;63;63;63;63;63;63;63;63;63;63;63;63;0;0;0;53;48;25;63;63;63;63;63;63;63;63;63;0;0;15;24;38;15;24;38;15;24;38;1;29;2;4;1;10;10;10;14;7;2;10;10;10;1;17;14;0;10;10;10;1;11;17;3;10;10;10;0;True;True;True;False;True;True;True;427;Ghana_Kit 2.png;52;52;52;17;36;24;;;;;;;;;;;;;;;;;;;;;;;;
17334400;1058;0;True;0;1;0;0;0;0;0;53;27;41;63;63;63;63;63;63;63;63;63;63;63;63;63;63;63;0;0;0;0;53;27;41;63;63;63;63;63;63;63;63;63;63;63;63;0;0;0;53;27;41;63;63;63;63;63;63;63;63;63;0;0;15;24;38;15;24;38;15;24;38;1;29;2;4;1;10;10;10;14;7;2;10;10;10;1;17;14;0;10;10;10;1;11;17;3;10;10;10;0;True;True;True;False;True;True;True;428;Ghana_Kit Arq.png;10;10;10;53;46;18;;;;;;;;;;;;;;;;;;;;;;;;
18235392;1113;0;False;0;3;71;0;0;0;0;49;14;19;54;54;54;54;54;54;54;54;54;54;54;54;54;54;54;0;0;0;0;49;14;19;54;54;54;54;54;54;54;54;54;54;54;54;0;0;0;49;14;19;54;54;54;54;54;54;54;54;54;0;0;54;54;54;54;54;54;54;54;54;1;29;2;3;1;53;53;53;15;8;3;53;53;53;1;16;14;2;53;53;53;1;10;17;2;53;53;53;0;True;True;True;True;True;True;True;453;Panama_Kit 1.png;0;0;0;0;0;0;;;;;;;;;;;;;;;;;;;;;;;;
18235393;1113;1;False;0;2;71;0;0;0;0;53;53;53;12;15;25;54;54;54;54;54;54;54;54;54;54;54;54;0;0;0;0;53;53;53;54;54;54;54;54;54;54;54;54;54;54;54;0;0;0;53;53;53;54;54;54;54;54;54;54;54;54;0;0;54;54;54;54;54;54;54;54;54;1;29;2;3;1;12;15;25;15;8;3;12;15;25;1;15;14;2;12;15;25;1;10;17;2;12;15;25;0;True;True;True;True;True;True;True;454;Panama_Kit 2.png;0;0;0;0;0;0;;;;;;;;;;;;;;;;;;;;;;;;
18235520;1113;0;True;0;2;0;0;0;0;0;40;40;40;54;54;54;54;54;54;54;54;54;54;54;54;54;54;54;0;0;0;0;40;40;40;54;54;54;54;54;54;54;54;54;54;54;54;0;0;0;40;40;40;54;54;54;54;54;54;54;54;54;0;0;54;54;54;54;54;54;54;54;54;1;29;2;3;1;10;12;19;15;8;3;10;12;19;1;16;14;2;10;12;19;1;10;17;2;10;12;19;0;True;True;True;True;True;True;True;455;Panama_Kit Arq.png;0;0;0;0;0;0;;;;;;;;;;;;;;;;;;;;;;;;
18481152;1128;0;False;0;4;0;0;0;0;0;0;9;10;63;63;63;63;63;63;63;63;63;63;63;63;63;63;63;0;0;0;0;54;54;54;63;63;63;63;63;63;63;63;63;63;63;63;0;0;0;54;54;54;63;63;63;63;63;63;63;63;63;0;0;53;46;18;53;46;18;53;46;18;1;30;1;7;1;54;54;54;16;8;7;54;54;54;1;17;14;0;53;44;22;1;8;20;4;0;9;10;0;True;True;True;False;True;True;True;58;Bolivia_Kit 1.png;10;19;14;17;28;22;;;;;;;;;;;;;;;;;;;;;;;;
18481153;1128;1;False;0;4;0;0;0;0;0;54;54;54;63;63;63;63;63;63;63;63;63;63;63;63;63;63;63;0;0;0;0;12;12;12;63;63;63;63;63;63;63;63;63;63;63;63;0;0;0;54;54;54;63;63;63;63;63;63;63;63;63;0;0;53;46;18;53;46;18;53;46;18;1;30;1;7;1;12;12;12;16;8;7;12;12;12;1;17;14;0;53;44;22;1;8;20;4;54;54;54;0;True;True;True;False;True;True;True;59;Bolivia_Kit 2.png;53;53;53;53;31;31;;;;;;;;;;;;;;;;;;;;;;;;
18481280;1128;0;True;0;4;0;0;0;0;0;49;12;14;63;63;63;63;63;63;63;63;63;63;63;63;63;63;63;0;0;0;0;49;12;14;63;63;63;63;63;63;63;63;63;63;63;63;0;0;0;49;12;14;63;63;63;63;63;63;63;63;63;0;0;53;46;18;53;46;18;53;46;18;1;30;1;7;1;54;54;54;16;8;7;54;54;54;1;17;14;0;54;54;54;1;8;20;4;54;54;54;0;True;True;True;False;True;True;True;60;Bolivia_Kit Arq.png;10;10;10;12;24;18;;;;;;;;;;;;;;;;;;;;;;;;
18497536;1129;0;False;0;2;71;0;0;0;0;32;10;15;53;46;30;63;63;63;63;63;63;63;63;63;63;63;63;0;0;0;0;32;10;15;63;63;63;63;63;63;63;63;63;63;63;63;0;0;0;32;10;15;63;63;63;63;63;63;63;63;63;0;0;53;46;18;53;46;18;53;46;18;1;29;0;4;1;53;46;30;15;8;3;53;46;30;1;17;14;3;53;46;30;1;5;16;2;53;46;30;0;True;True;True;False;True;True;True;359;Venezuela_Kit 1.png;28;10;10;24;10;10;;;;;;;;;;;;;;;;;;;;;;;;
18497537;1129;1;False;0;6;71;0;0;0;0;53;52;51;1;13;40;63;63;63;63;63;63;63;63;63;63;63;63;0;0;0;0;53;52;51;63;63;63;63;63;63;63;63;63;63;63;63;0;0;0;53;52;51;63;63;63;63;63;63;63;63;63;0;0;53;46;18;53;46;18;53;46;18;1;29;0;4;1;54;46;15;15;8;3;54;46;15;1;17;14;2;54;46;15;1;10;16;4;54;46;15;0;True;True;True;False;True;True;True;360;Venezuela_Kit 2.png;53;53;53;26;38;50;;;;;;;;;;;;;;;;;;;;;;;;
18497664;1129;0;True;0;2;0;0;0;0;0;52;45;11;63;63;63;63;63;63;63;63;63;63;63;63;0;0;0;0;0;0;0;52;45;11;63;63;63;63;63;63;63;63;63;63;63;63;0;0;0;52;45;11;63;63;63;63;63;63;63;63;63;0;0;53;46;18;53;46;18;53;46;18;1;29;0;4;1;54;54;54;15;8;3;54;54;54;1;17;14;2;54;54;54;1;10;16;4;54;54;54;0;True;True;True;False;True;True;True;361;Venezuela_Kit Arq.png;10;10;10;32;10;10;;;;;;;;;;;;;;;;;;;;;;;;
18694144;1141;0;False;0;2;71;0;0;0;0;53;53;53;10;10;10;63;63;63;63;63;63;63;63;63;63;63;63;0;0;0;0;53;53;53;63;63;63;63;63;63;63;63;63;63;63;63;0;0;0;53;53;53;63;63;63;63;63;63;63;63;63;0;0;53;46;18;53;46;18;53;46;18;1;29;2;4;1;10;10;10;14;7;4;10;10;10;1;17;14;0;10;10;10;1;11;17;3;10;10;10;0;True;True;True;False;True;True;True;450;Nueva Zelanda_Kit 1.png;10;12;28;14;21;36;;;;;;;;;;;;;;;;;;;;;;;;
18694145;1141;1;False;0;2;71;0;0;0;0;10;10;10;53;53;53;63;63;63;63;63;63;63;63;63;63;63;63;0;0;0;0;10;10;10;63;63;63;63;63;63;63;63;63;63;63;63;0;0;0;10;10;10;63;63;63;63;63;63;63;63;63;0;0;53;46;18;53;46;18;53;46;18;1;29;2;4;1;53;53;53;14;7;4;53;53;53;1;17;14;0;53;53;53;1;11;17;3;53;53;53;0;True;True;True;False;True;True;True;451;Nueva Zelanda_Kit 2.png;53;53;53;50;31;31;;;;;;;;;;;;;;;;;;;;;;;;
18694272;1141;0;True;0;1;0;0;0;0;0;32;53;40;63;63;63;63;63;63;63;63;63;63;63;63;63;63;63;0;0;0;0;32;53;40;63;63;63;63;63;63;63;63;63;63;63;63;0;0;0;32;53;40;63;63;63;63;63;63;63;63;63;0;0;53;46;18;53;46;18;53;46;18;1;29;2;4;1;10;10;10;14;7;4;10;10;10;1;17;14;0;10;10;10;1;11;17;3;10;10;10;0;True;True;True;False;True;True;True;452;Nueva Zelanda_Kit Arq.png;10;10;10;10;17;32;;;;;;;;;;;;;;;;;;;;;;;;
19169280;1170;0;False;0;1;0;0;0;0;0;10;15;31;63;63;63;63;63;63;63;63;63;63;63;63;63;63;63;0;0;0;0;10;15;31;63;63;63;63;63;63;63;63;63;63;63;63;0;0;0;10;15;31;63;63;63;63;63;63;63;63;63;0;0;35;14;14;35;14;14;35;14;14;1;29;2;2;1;53;53;53;14;7;3;53;53;53;1;17;14;0;53;53;53;1;10;17;3;53;53;53;0;True;True;True;False;True;True;True;404;Bosnia_Kit 1.png;14;14;26;11;11;24;;;;;;;;;;;;;;;;;;;;;;;;
19169281;1170;1;False;0;1;71;0;0;0;0;53;53;53;10;15;31;63;63;63;63;63;63;63;63;63;63;63;63;0;0;0;0;53;53;53;63;63;63;63;63;63;63;63;63;63;63;63;0;0;0;53;53;53;63;63;63;63;63;63;63;63;63;0;0;35;14;14;35;14;14;35;14;14;1;29;2;2;1;10;15;31;14;7;3;10;15;31;1;17;14;0;10;15;31;1;10;17;3;10;15;31;0;True;True;True;False;True;True;True;405;Bosnia_Kit 2.png;53;53;53;53;49;22;;;;;;;;;;;;;;;;;;;;;;;;
19169408;1170;0;True;0;2;0;0;0;0;0;49;12;19;63;63;63;63;63;63;63;63;63;63;63;63;63;63;63;0;0;0;0;49;12;19;63;63;63;63;63;63;63;63;63;63;63;63;0;0;0;49;12;19;63;63;63;63;63;63;63;63;63;0;0;35;14;14;35;14;14;35;14;14;1;29;2;2;1;53;53;53;14;7;3;53;53;53;1;17;14;0;53;53;53;1;10;17;3;53;53;53;0;True;True;True;False;True;True;True;406;Bosnia_Kit Arq.png;10;10;10;46;42;15;;;;;;;;;;;;;;;;;;;;;;;;
19398656;1184;0;False;0;8;71;0;0;0;0;12;22;43;53;53;53;63;63;63;63;63;63;63;63;63;63;63;63;0;0;0;0;12;22;43;63;63;63;63;63;63;63;63;63;63;63;63;0;0;0;12;22;43;63;63;63;63;63;63;63;63;63;0;0;53;46;18;53;46;18;53;46;18;1;29;2;2;1;53;53;53;14;7;2;53;53;53;1;17;14;0;53;53;53;2;5;16;3;53;53;53;0;True;True;True;False;True;True;True;606;Uzbekistan_Kit 1.png;13;35;46;11;33;44;;;;;;;;;;;;;;;;;;;;;;;;
19398657;1184;1;False;0;8;71;0;0;0;0;53;53;53;12;22;43;63;63;63;63;63;63;63;63;63;63;63;63;0;0;0;0;53;53;53;63;63;63;63;63;63;63;63;63;63;63;63;0;0;0;53;53;53;63;63;63;63;63;63;63;63;63;0;0;53;46;18;53;46;18;53;46;18;1;29;2;2;1;12;22;43;14;7;2;12;22;43;1;17;14;0;12;22;43;2;5;16;3;12;22;43;0;True;True;True;False;True;True;True;607;Uzbekistan_Kit 2.png;52;52;52;38;52;32;;;;;;;;;;;;;;;;;;;;;;;;
19398784;1184;0;True;0;8;0;0;0;0;0;10;10;10;63;63;63;63;63;63;63;63;63;63;63;63;63;63;63;0;0;0;0;10;10;10;63;63;63;63;63;63;63;63;63;63;63;63;0;0;0;10;10;10;63;63;63;63;63;63;63;63;63;0;0;53;46;18;53;46;18;53;46;18;1;29;2;2;1;53;53;53;14;7;2;53;53;53;1;17;14;0;53;53;53;2;5;16;3;53;53;53;0;True;True;True;False;True;True;True;608;Uzbekistan_Kit Arq.png;10;10;10;21;36;43;;;;;;;;;;;;;;;;;;;;;;;;
20250626;1236;2;False;0;2;71;0;0;0;0;59;4;5;56;56;56;54;54;54;54;54;54;54;54;54;54;54;54;0;0;0;0;56;56;56;54;54;54;54;54;54;54;54;54;54;54;54;0;0;0;56;56;56;54;54;54;54;54;54;54;54;54;0;0;54;54;54;54;54;54;54;54;54;1;26;2;2;1;56;56;56;12;8;2;56;56;56;0;20;14;0;0;0;0;1;10;19;2;59;4;5;1;True;True;True;True;True;True;True;20;Argentinos_Kit 1.png;13;13;13;13;13;13;;;;;;;;;;;;;;;;;;;;;;;;
20250627;1236;3;False;0;2;71;0;0;0;0;58;57;58;59;4;5;54;54;54;54;54;54;54;54;54;54;54;54;0;0;0;0;53;53;53;54;54;54;54;54;54;54;54;54;54;54;54;0;0;0;53;53;53;54;54;54;54;54;54;54;54;54;0;0;54;54;54;54;54;54;54;54;54;1;26;2;2;1;59;4;5;12;8;2;59;4;5;0;20;14;0;0;0;0;1;10;19;2;59;4;5;1;True;True;True;True;True;True;True;21;Argentinos_Kit 2.png;13;13;13;13;13;13;;;;;;;;;;;;;;;;;;;;;;;;
20267010;1237;2;False;0;3;71;0;0;0;0;56;56;56;22;46;58;54;54;54;54;54;54;54;54;54;54;54;54;0;0;0;0;56;56;56;54;54;54;54;54;54;54;54;54;54;54;54;0;0;0;56;56;56;54;54;54;54;54;54;54;54;54;0;0;54;54;54;54;54;54;54;54;54;1;27;3;2;1;2;14;23;12;9;4;2;14;23;0;20;14;0;0;0;0;1;10;17;2;2;14;23;1;True;True;True;True;True;True;True;278;Racing_Kit 1.png;13;13;13;13;13;13;;;;;;;;;;;;;;;;;;;;;;;;
20267011;1237;3;False;0;8;71;0;0;0;0;2;12;23;56;56;56;54;54;54;54;54;54;54;54;54;54;54;54;0;0;0;0;2;12;23;54;54;54;54;54;54;54;54;54;54;54;54;0;0;0;2;12;23;54;54;54;54;54;54;54;54;54;0;0;54;54;54;54;54;54;54;54;54;1;27;3;2;1;56;56;56;12;9;4;56;56;56;0;20;14;0;0;0;0;1;10;17;2;56;56;56;1;True;True;True;True;True;True;True;279;Racing_Kit 2.png;13;13;13;13;13;13;;;;;;;;;;;;;;;;;;;;;;;;
20283394;1238;2;False;0;2;71;0;0;0;0;56;56;56;41;4;6;54;54;54;54;54;54;54;54;54;54;54;54;0;0;0;0;7;7;7;54;54;54;54;54;54;54;54;54;54;54;54;0;0;0;7;7;7;54;54;54;54;54;54;54;54;54;0;0;54;54;54;54;54;54;54;54;54;1;29;2;2;1;56;56;56;16;8;2;56;56;56;0;20;14;0;0;0;0;1;11;15;2;56;56;56;1;True;True;True;True;True;True;True;128;Estudiantes_Kit 1.png;13;13;13;13;13;13;;;;;;;;;;;;;;;;;;;;;;;;
20283395;1238;3;False;0;1;71;0;0;0;0;56;56;56;53;2;7;54;54;54;54;54;54;54;54;54;54;54;54;0;0;0;0;56;56;56;54;54;54;54;54;54;54;54;54;54;54;54;0;0;0;56;56;56;54;54;54;54;54;54;54;54;54;0;0;54;54;54;54;54;54;54;54;54;1;29;2;2;1;41;4;6;16;8;2;41;4;6;0;20;14;0;0;0;0;1;11;15;2;41;4;6;1;True;True;True;True;True;True;True;129;Estudiantes_Kit 2.png;13;13;13;13;13;13;;;;;;;;;;;;;;;;;;;;;;;;
20299778;1239;2;False;0;3;71;0;0;0;0;56;56;56;1;13;23;54;54;54;54;54;54;54;54;54;54;54;54;0;0;0;0;1;13;23;54;54;54;54;54;54;54;54;54;54;54;54;0;0;0;54;54;54;54;54;54;54;54;54;54;54;54;0;0;54;54;54;54;54;54;54;54;54;1;26;6;2;1;0;11;21;12;10;1;0;11;21;0;20;14;0;0;0;0;1;9;15;8;56;56;56;1;True;True;True;True;True;True;True;144;Gimnasia_Kit 1.png;13;13;13;13;13;13;;;;;;;;;;;;;;;;;;;;;;;;
20299779;1239;3;False;0;3;71;0;0;0;0;0;11;21;56;56;56;54;54;54;54;54;54;54;54;54;54;54;54;0;0;0;0;1;13;23;54;54;54;54;54;54;54;54;54;54;54;54;0;0;0;1;13;23;54;54;54;54;54;54;54;54;54;0;0;54;54;54;54;54;54;54;54;54;1;26;6;2;1;56;56;56;12;10;1;56;56;56;0;20;14;0;0;0;0;1;9;15;8;56;56;56;1;True;True;True;True;True;True;True;145;Gimnasia_Kit 2.png;13;13;13;13;13;13;;;;;;;;;;;;;;;;;;;;;;;;
20316162;1240;2;False;0;1;71;0;0;0;0;60;12;12;56;56;56;54;54;54;54;54;54;54;54;54;54;54;54;0;0;0;0;13;13;13;54;54;54;54;54;54;54;54;54;54;54;54;0;0;0;13;13;13;54;54;54;54;54;54;54;54;54;0;0;54;54;54;54;54;54;54;54;54;1;26;1;1;1;56;56;56;11;8;2;56;56;56;0;20;14;0;0;0;0;1;10;18;0;56;56;56;1;True;True;True;True;True;True;True;167;Independiente_Kit 1.png;13;13;13;13;13;13;;;;;;;;;;;;;;;;;;;;;;;;
20316163;1240;3;False;0;1;71;0;0;0;0;53;53;53;60;12;12;54;54;54;54;54;54;54;54;54;54;54;54;0;0;0;0;53;53;53;54;54;54;54;54;54;54;54;54;54;54;54;0;0;0;53;53;53;54;54;54;54;54;54;54;54;54;0;0;54;54;54;54;54;54;54;54;54;1;26;1;1;1;63;6;6;11;8;2;63;6;6;0;20;14;0;0;0;0;1;10;17;0;63;6;6;1;True;True;True;True;True;True;True;168;Independiente_Kit 2.png;13;13;13;13;13;13;;;;;;;;;;;;;;;;;;;;;;;;
20332546;1241;2;False;0;2;71;0;0;0;0;7;7;7;51;1;1;54;54;54;54;54;54;54;54;54;54;54;54;0;0;0;0;7;7;7;54;54;54;54;54;54;54;54;54;54;54;54;0;0;0;7;7;7;54;54;54;54;54;54;54;54;54;0;0;54;54;54;54;54;54;54;54;54;1;24;2;2;1;56;56;56;9;9;2;56;56;56;0;20;14;0;0;0;0;1;10;21;2;56;56;56;1;True;True;True;True;True;True;True;248;Newells_Kit 1.png;13;13;13;13;13;13;;;;;;;;;;;;;;;;;;;;;;;;
20332547;1241;3;False;0;2;0;0;0;0;0;56;56;56;54;54;54;54;54;54;54;54;54;54;54;54;54;54;54;0;0;0;0;56;56;56;54;54;54;54;54;54;54;54;54;54;54;54;0;0;0;56;56;56;54;54;54;54;54;54;54;54;54;0;0;54;54;54;54;54;54;54;54;54;1;24;2;2;1;3;3;3;9;9;2;3;3;3;0;20;14;0;0;0;0;1;10;21;2;3;3;3;1;True;True;True;True;True;True;True;249;Newells_Kit 2.png;13;13;13;13;13;13;;;;;;;;;;;;;;;;;;;;;;;;
20348930;1242;2;False;0;2;71;0;0;0;0;0;12;36;54;43;6;54;54;54;54;54;54;54;54;54;54;54;54;0;0;0;0;0;12;52;54;54;54;54;54;54;54;54;54;54;54;54;0;0;0;0;12;36;54;54;54;54;54;54;54;54;54;0;0;54;54;54;54;54;54;54;54;54;1;25;2;1;1;56;56;56;10;8;2;56;56;56;0;20;14;0;0;0;0;1;11;21;2;56;56;56;1;True;True;True;True;True;True;True;306;Rosario Central_Kit 1.png;13;13;13;13;13;13;;;;;;;;;;;;;;;;;;;;;;;;
20348931;1242;3;False;0;2;71;0;0;0;0;56;56;56;9;16;34;54;54;54;54;54;54;54;54;54;54;54;54;0;0;0;0;56;56;56;54;54;54;54;54;54;54;54;54;54;54;54;0;0;0;56;56;56;54;54;54;54;54;54;54;54;54;0;0;54;54;54;54;54;54;54;54;54;1;25;2;1;1;0;12;36;10;8;2;0;12;36;0;20;14;0;0;0;0;1;11;21;2;0;12;36;1;True;True;True;True;True;True;True;307;Rosario Central_Kit 2.png;13;13;13;13;13;13;;;;;;;;;;;;;;;;;;;;;;;;
20365314;1243;2;False;0;2;71;0;0;0;0;0;12;30;41;4;6;54;54;54;54;54;54;54;54;54;54;54;54;0;0;0;0;0;12;30;54;54;54;54;54;54;54;54;54;54;54;54;0;0;0;0;12;30;54;54;54;54;54;54;54;54;54;0;0;54;54;54;54;54;54;54;54;54;1;25;0;10;1;56;56;56;12;9;10;56;56;56;0;20;14;0;0;0;0;1;10;19;2;56;56;56;1;True;True;True;True;True;True;True;308;San Lorenzo_Kit 1.png;13;13;13;13;13;13;;;;;;;;;;;;;;;;;;;;;;;;
20365315;1243;3;False;0;1;71;0;0;0;0;54;54;54;0;12;30;54;54;54;54;54;54;54;54;54;54;54;54;0;0;0;0;54;54;54;54;54;54;54;54;54;54;54;54;54;54;54;0;0;0;54;54;54;54;54;54;54;54;54;54;54;54;0;0;54;54;54;54;54;54;54;54;54;1;25;0;10;1;0;12;30;12;9;10;0;12;30;0;20;14;0;0;0;0;1;10;18;2;0;12;30;1;True;True;True;True;True;True;True;309;San Lorenzo_Kit 2.png;13;13;13;13;13;13;;;;;;;;;;;;;;;;;;;;;;;;
20381699;1244;3;False;0;8;71;0;0;0;0;56;56;56;0;18;41;54;54;54;54;54;54;54;54;54;54;54;54;0;0;0;0;0;18;41;54;54;54;54;54;54;54;54;54;54;54;54;0;0;0;54;54;54;54;54;54;54;54;54;54;54;54;0;0;54;54;54;54;54;54;54;54;54;1;26;2;2;1;0;18;41;12;9;2;0;18;41;0;20;14;0;0;0;0;2;5;17;4;56;56;56;1;True;True;True;True;True;True;True;358;Velez_Kit 1.png;13;13;13;13;13;13;;;;;;;;;;;;;;;;;;;;;;;;
20398082;1245;2;False;0;1;71;0;0;0;0;7;7;7;56;56;56;54;54;54;54;54;54;54;54;54;54;54;54;0;0;0;0;7;7;7;54;54;54;54;54;54;54;54;54;54;54;54;0;0;0;7;7;7;54;54;54;54;54;54;54;54;54;0;0;54;54;54;54;54;54;54;54;54;1;25;0;1;1;50;50;50;11;7;4;50;50;50;0;20;14;0;0;0;0;1;9;16;0;50;50;50;1;True;True;True;True;True;True;True;232;Mineiro_Kit 1.png;13;13;13;13;13;13;;;;;;;;;;;;;;;;;;;;;;;;
20398083;1245;3;False;0;6;71;0;0;0;0;50;50;50;7;7;7;54;54;54;54;54;54;54;54;54;54;54;54;0;0;0;0;50;50;50;54;54;54;54;54;54;54;54;54;54;54;54;0;0;0;50;50;50;54;54;54;54;54;54;54;54;54;0;0;54;54;54;54;54;54;54;54;54;1;25;0;1;1;7;7;7;11;7;4;7;7;7;0;20;14;0;0;0;0;1;9;16;0;7;7;7;1;True;True;True;True;True;True;True;233;Mineiro_Kit 2.png;13;13;13;13;13;13;;;;;;;;;;;;;;;;;;;;;;;;
20414466;1246;2;False;0;4;71;0;0;0;0;56;56;56;7;7;7;54;54;54;54;54;54;54;54;54;54;54;54;0;0;0;0;7;7;7;54;54;54;54;54;54;54;54;54;54;54;54;0;0;0;54;54;54;54;54;54;54;54;54;54;54;54;0;0;54;54;54;54;54;54;54;54;54;1;28;-2;2;1;7;7;7;15;9;3;7;7;7;0;20;14;0;0;0;0;2;14;20;0;56;56;56;1;True;True;True;True;True;True;True;61;Botafogo_Kit 1.png;13;13;13;13;13;13;;;;;;;;;;;;;;;;;;;;;;;;
20414467;1246;3;False;0;4;0;0;0;0;0;7;7;7;54;54;54;54;54;54;54;54;54;54;54;54;54;54;54;0;0;0;0;7;7;7;54;54;54;54;54;54;54;54;54;54;54;54;0;0;0;7;7;7;54;54;54;54;54;54;54;54;54;0;0;54;54;54;54;54;54;54;54;54;1;28;-2;2;1;56;56;56;15;9;3;56;56;56;0;20;14;0;0;0;0;2;14;20;0;56;56;56;1;True;True;True;True;True;True;True;62;Botafogo_Kit 2.png;13;13;13;13;13;13;;;;;;;;;;;;;;;;;;;;;;;;
20430851;1247;3;False;0;1;71;0;0;0;0;63;62;59;7;7;7;54;54;54;54;54;54;54;54;54;54;54;54;0;0;0;0;63;62;59;54;54;54;54;54;54;54;54;54;54;54;54;0;0;0;63;62;59;54;54;54;54;54;54;54;54;54;0;0;54;54;54;54;54;54;54;54;54;1;25;2;3;1;7;7;7;10;8;2;7;7;7;0;20;14;0;0;0;0;0;12;15;10;56;56;56;1;True;True;True;True;True;True;True;104;Corinthians_Kit 1.png;13;13;13;13;13;13;;;;;;;;;;;;;;;;;;;;;;;;
20447235;1248;3;False;0;3;71;0;0;0;0;10;10;10;27;3;4;54;54;54;54;54;54;54;54;54;54;54;54;0;0;0;0;53;53;53;54;54;54;54;54;54;54;54;54;54;54;54;0;0;0;10;10;10;54;54;54;54;54;54;54;54;54;0;0;54;54;54;54;54;54;54;54;54;1;27;0;2;1;56;56;56;14;8;2;56;56;56;0;20;14;0;0;0;0;1;5;16;4;30;1;7;1;True;True;True;True;True;True;True;133;Flamengo_Kit 1.png;13;13;13;13;13;13;;;;;;;;;;;;;;;;;;;;;;;;
20463618;1249;2;False;0;2;71;0;0;0;0;22;7;9;1;22;20;54;54;54;54;54;54;54;54;54;54;54;54;0;0;0;0;50;50;50;54;54;54;54;54;54;54;54;54;54;54;54;0;0;0;50;50;50;54;54;54;54;54;54;54;54;54;0;0;54;54;54;54;54;54;54;54;54;1;28;2;2;1;56;56;56;14;9;2;56;56;56;0;20;14;0;0;0;0;0;9;18;0;0;0;0;1;True;True;True;True;True;True;True;134;Fluminense_Kit 1.png;13;13;13;13;13;13;;;;;;;;;;;;;;;;;;;;;;;;
20463619;1249;3;False;0;1;71;0;0;0;0;50;50;50;22;7;9;54;54;54;54;54;54;54;54;54;54;54;54;0;0;0;0;22;7;9;54;54;54;54;54;54;54;54;54;54;54;54;0;0;0;22;7;9;54;54;54;54;54;54;54;54;54;0;0;54;54;54;54;54;54;54;54;54;1;28;2;2;1;22;7;9;14;9;2;22;7;9;0;20;14;0;0;0;0;0;9;18;0;0;0;0;1;True;True;True;True;True;True;True;135;Fluminense_Kit 2.png;13;13;13;13;13;13;;;;;;;;;;;;;;;;;;;;;;;;
20480002;1250;2;False;0;8;71;0;0;0;0;7;7;7;4;28;41;54;54;54;54;54;54;54;54;54;54;54;54;0;0;0;0;7;7;7;54;54;54;54;54;54;54;54;54;54;54;54;0;0;0;7;7;7;54;54;54;54;54;54;54;54;54;0;0;54;54;54;54;54;54;54;54;54;1;27;1;4;1;47;44;24;13;7;3;47;44;24;0;20;14;0;0;0;0;0;9;18;0;0;0;0;1;True;True;True;True;True;True;True;154;Gremio_Kit 1.png;13;13;13;13;13;13;;;;;;;;;;;;;;;;;;;;;;;;
20480003;1250;3;False;0;1;71;0;0;0;0;39;49;55;56;56;56;54;54;54;54;54;54;54;54;54;54;54;54;0;0;0;0;56;56;56;54;54;54;54;54;54;54;54;54;54;54;54;0;0;0;56;56;56;54;54;54;54;54;54;54;54;54;0;0;54;54;54;54;54;54;54;54;54;1;27;1;4;1;16;37;56;13;7;3;16;37;56;0;20;14;0;0;0;0;0;9;18;0;0;0;0;1;True;True;True;True;True;True;True;155;Gremio_Kit 2.png;13;13;13;13;13;13;;;;;;;;;;;;;;;;;;;;;;;;
20512770;1252;2;False;0;2;71;0;0;0;0;58;1;11;56;56;56;54;54;54;54;54;54;54;54;54;54;54;54;0;0;0;0;54;54;54;54;54;54;54;54;54;54;54;54;54;54;54;0;0;0;56;56;56;54;54;54;54;54;54;54;54;54;0;0;54;54;54;54;54;54;54;54;54;1;27;3;3;1;56;56;56;13;9;3;56;56;56;0;20;14;0;0;0;0;2;15;18;5;57;2;10;1;True;True;True;True;True;True;True;179;Internacional_Kit 1.png;13;13;13;13;13;13;;;;;;;;;;;;;;;;;;;;;;;;
20512771;1252;3;False;0;2;71;0;0;0;0;56;56;56;59;7;9;54;54;54;54;54;54;54;54;54;54;54;54;0;0;0;0;59;7;9;54;54;54;54;54;54;54;54;54;54;54;54;0;0;0;59;7;9;54;54;54;54;54;54;54;54;54;0;0;54;54;54;54;54;54;54;54;54;1;26;3;3;1;59;7;9;12;9;3;59;7;9;0;20;14;0;0;0;0;2;12;18;5;56;56;56;1;True;True;True;True;True;True;True;180;Internacional_Kit 2.png;13;13;13;13;13;13;;;;;;;;;;;;;;;;;;;;;;;;
20545539;1254;3;False;0;1;71;0;0;0;0;50;50;50;7;7;7;54;54;54;54;54;54;54;54;54;54;54;54;0;0;0;0;50;50;50;54;54;54;54;54;54;54;54;54;54;54;54;0;0;0;50;50;50;54;54;54;54;54;54;54;54;54;0;0;54;54;54;54;54;54;54;54;54;1;26;2;2;1;3;3;3;11;8;3;3;3;3;0;20;14;0;0;0;0;2;13;17;0;3;3;3;1;True;True;True;True;True;True;True;315;Santos_Kit 1.png;13;13;13;13;13;13;;;;;;;;;;;;;;;;;;;;;;;;
20561922;1255;2;False;0;8;71;0;0;0;0;53;53;53;41;4;6;54;54;54;54;54;54;54;54;54;54;54;54;0;0;0;0;53;53;53;54;54;54;54;54;54;54;54;54;54;54;54;0;0;0;53;53;53;54;54;54;54;54;54;54;54;54;0;0;54;54;54;54;54;54;54;54;54;1;28;-3;3;1;3;3;3;16;7;3;3;3;3;0;20;14;0;0;0;0;1;9;18;-2;3;3;3;1;True;True;True;True;True;True;True;316;Sao Paulo_Kit 1.png;13;13;13;13;13;13;;;;;;;;;;;;;;;;;;;;;;;;
20578307;1256;3;False;0;8;71;0;0;0;0;56;56;56;7;7;7;54;54;54;54;54;54;54;54;54;54;54;54;0;0;0;0;7;7;7;54;54;54;54;54;54;54;54;54;54;54;54;0;0;0;54;54;54;54;54;54;54;54;54;54;54;54;0;0;54;54;54;54;54;54;54;54;54;1;28;-1;4;1;3;3;3;14;8;3;3;3;3;0;20;14;0;0;0;0;2;15;15;0;56;56;56;1;True;True;True;True;True;True;True;98;Colo Colo_Kit 1.png;13;13;13;13;13;13;;;;;;;;;;;;;;;;;;;;;;;;
20611074;1258;2;False;0;2;71;0;0;0;0;56;56;56;63;9;14;63;63;63;63;63;63;63;63;63;63;63;63;0;0;0;0;7;8;17;63;63;63;63;63;63;63;63;63;63;63;63;0;0;0;56;56;56;63;63;63;63;63;63;63;63;63;0;0;15;24;38;35;14;14;35;14;14;1;27;0;4;1;1;10;22;14;9;3;1;10;22;0;20;14;-2;53;53;53;1;11;14;3;56;56;56;0;True;True;True;True;True;True;True;181;Junior_Kit 1.png;12;12;12;10;10;10;;;;;;;;;;;;;;;;;;;;;;;;
20611075;1258;3;False;0;2;71;0;0;0;0;59;51;56;0;8;23;54;54;54;54;54;54;54;54;54;54;54;54;0;0;0;0;59;51;56;54;54;54;54;54;54;54;54;54;54;54;54;0;0;0;59;51;56;54;54;54;54;54;54;54;54;54;0;0;54;54;54;54;54;54;54;54;54;1;25;2;3;1;0;8;23;9;8;3;0;8;23;0;20;14;0;0;0;0;1;10;17;0;0;8;23;1;True;True;True;True;True;True;True;231;Millonarios_Kit 2.png;13;13;13;13;13;13;;;;;;;;;;;;;;;;;;;;;;;;
21774338;1329;2;False;0;8;71;0;0;0;0;49;4;7;56;56;56;54;54;54;54;54;54;54;54;54;54;54;54;0;0;0;0;56;56;56;54;54;54;54;54;54;54;54;54;54;54;54;0;0;0;49;4;7;54;54;54;54;54;54;54;54;54;0;0;54;54;54;54;54;54;54;54;54;1;28;0;1;1;56;56;56;13;7;1;56;56;56;0;20;14;0;0;0;0;2;13;15;2;49;4;7;1;True;True;True;True;True;True;True;503;Stade Brestois_Kit 1.png;13;13;13;13;13;13;;;;;;;;;;;;;;;;;;;;;;;;
21774339;1329;3;False;0;8;71;0;0;0;0;49;4;7;56;56;56;54;54;54;54;54;54;54;54;54;54;54;54;0;0;0;0;56;56;56;54;54;54;54;54;54;54;54;54;54;54;54;0;0;0;49;4;7;54;54;54;54;54;54;54;54;54;0;0;54;54;54;54;54;54;54;54;54;1;29;0;1;1;53;53;53;15;8;1;53;53;53;0;20;14;0;0;0;0;2;14;15;2;47;11;11;1;True;True;True;True;True;True;True;503;Stade Brestois_Kit 1.png;13;13;13;13;13;13;;;;;;;;;;;;;;;;;;;;;;;;
26034176;1589;0;False;0;4;71;0;0;0;0;60;35;3;6;6;6;54;54;54;54;54;54;54;54;54;54;54;54;0;0;0;0;58;58;58;54;54;54;54;54;54;54;54;54;54;54;54;0;0;0;60;35;3;54;54;54;54;54;54;54;54;54;0;0;54;54;54;54;54;54;54;54;54;1;29;2;1;3;58;58;58;14;8;1;58;58;58;0;20;14;-2;0;0;0;1;10;20;2;6;6;6;1;True;True;True;True;True;True;True;620;Hull City_Kit 1.png;0;0;0;0;0;0;;;;;;;;;;;;;;;;;;;;;;;;
26034177;1589;1;False;0;1;71;0;0;0;0;58;58;58;6;6;6;54;54;54;54;54;54;54;54;54;54;54;54;0;0;0;0;6;6;6;54;54;54;54;54;54;54;54;54;54;54;54;0;0;0;58;58;58;54;54;54;54;54;54;54;54;54;0;0;54;54;54;54;54;54;54;54;54;1;29;2;1;3;6;6;6;14;8;1;6;6;6;0;20;14;-2;0;0;0;1;10;18;2;58;58;58;1;True;True;True;True;True;True;True;621;Hull City_Kit 2.png;0;0;0;0;0;0;;;;;;;;;;;;;;;;;;;;;;;;
26034304;1589;0;True;0;1;0;0;0;0;0;5;15;16;54;54;54;54;54;54;54;54;54;54;54;54;54;54;54;0;0;0;0;5;15;16;54;54;54;54;54;54;54;54;54;54;54;54;0;0;0;5;15;16;54;54;54;54;54;54;54;54;54;0;0;54;54;54;54;54;54;54;54;54;1;29;2;1;3;58;58;58;14;8;1;58;58;58;0;20;14;-2;0;0;0;1;10;20;2;58;58;58;1;True;True;True;True;True;True;True;622;Hull City_Kit Arq.png;0;0;0;0;0;0;;;;;;;;;;;;;;;;;;;;;;;;
29556736;1804;0;False;0;1;0;0;0;0;0;56;56;56;63;63;63;63;63;63;63;63;63;63;63;63;0;0;0;0;0;0;0;56;56;56;63;63;63;63;63;63;32;22;22;0;0;0;0;0;0;56;56;56;63;63;63;50;42;42;0;0;0;0;0;53;46;18;53;46;18;53;46;18;1;32;2;1;1;22;10;10;19;7;1;22;10;10;0;20;14;-2;5;5;5;1;6;16;3;22;10;10;0;True;True;True;False;False;True;True;536;Guimaraes_Kit 1.png;48;39;39;45;35;35;;;;;;;;;;;;;;;;;;;;;;;;
29556737;1804;1;False;0;1;71;0;0;0;0;7;7;7;56;56;56;63;63;63;63;63;63;63;63;63;0;0;0;0;0;0;0;7;7;7;63;63;63;63;63;63;17;17;17;0;0;0;18;0;0;53;53;53;17;17;17;17;17;17;0;0;0;0;0;53;46;18;53;46;18;53;46;18;0;32;2;1;1;53;53;53;18;8;1;53;53;53;0;20;14;-2;3;3;3;0;6;16;3;10;10;10;0;True;True;False;False;True;True;True;537;Guimaraes_Kit 2.png;19;19;19;24;24;24;;;;;;;;;;;;;;;;;;;;;;;;
29556864;1804;0;True;0;1;71;0;0;0;0;15;63;62;7;7;7;63;63;63;63;63;63;63;63;63;0;0;0;0;0;0;0;15;63;62;63;63;63;63;63;63;63;63;63;0;0;0;6;1;0;10;10;10;15;15;15;50;42;42;0;0;0;0;0;53;46;18;53;46;18;53;46;18;0;32;2;1;1;53;53;53;18;8;1;7;7;7;0;20;14;-2;3;3;3;0;6;16;3;53;53;53;0;True;True;False;False;True;True;True;538;Guimaraes_Kit Arq.png;10;10;10;50;42;42;;;;;;;;;;;;;;;;;;;;;;;;
31440899;1919;3;False;0;1;71;0;0;0;0;7;42;28;10;10;10;54;54;54;54;54;54;54;54;54;54;54;54;0;0;0;0;10;10;10;54;54;54;54;54;54;54;54;54;54;54;54;0;0;0;10;10;10;54;54;54;54;54;54;54;54;54;0;0;54;54;54;54;54;54;54;54;54;1;29;2;4;1;56;56;56;14;8;2;56;56;56;0;20;14;0;0;0;0;1;11;20;2;56;56;56;1;True;True;True;True;True;True;True;502;Sassuolo_Kit 1.png;13;13;13;13;13;13;;;;;;;;;;;;;;;;;;;;;;;;
31490051;1922;3;False;0;13;71;0;0;0;0;56;56;56;50;6;0;54;54;54;54;54;54;54;54;54;54;54;54;0;0;0;0;56;56;56;54;54;54;54;54;54;54;54;54;54;54;54;0;0;0;56;56;56;54;54;54;54;54;54;54;54;54;0;0;54;54;54;54;54;54;54;54;54;1;26;-1;10;1;50;6;0;11;8;10;50;6;0;0;20;14;0;0;0;0;1;10;16;2;50;6;0;1;True;True;True;True;True;True;True;160;Huracan_Kit 1.png;13;13;13;13;13;13;;;;;;;;;;;;;;;;;;;;;;;;
31522818;1924;2;False;0;8;71;0;0;0;0;8;15;31;58;56;22;63;63;63;63;63;63;63;63;63;63;63;63;0;0;0;0;8;15;31;63;63;63;63;63;63;63;63;63;63;63;63;0;0;0;8;15;31;63;63;63;63;63;63;63;63;63;0;0;53;46;18;53;46;18;53;46;18;1;26;3;2;1;56;56;56;12;8;2;53;53;53;0;20;14;-2;53;53;53;1;3;8;-5;56;56;56;0;True;True;True;True;True;True;True;383;UCV_Kit 1.png;12;22;18;36;17;22;;;;;;;;;;;;;;;;;;;;;;;;
31522819;1924;3;False;0;8;71;0;0;0;0;56;56;56;9;28;45;54;54;54;54;54;54;54;54;54;54;54;54;0;0;0;0;50;53;56;54;54;54;54;54;54;54;54;54;54;54;54;0;0;0;50;53;56;54;54;54;54;54;54;54;54;54;0;0;54;54;54;54;54;54;54;54;54;1;24;2;2;1;4;13;44;9;9;2;4;13;44;0;20;14;0;0;0;0;1;8;18;5;4;13;44;1;True;True;True;True;True;True;True;8;Godoy Cruz_Kit 2.png;13;13;13;13;13;13;;;;;;;;;;;;;;;;;;;;;;;;
31539202;1925;2;False;0;2;0;0;0;0;0;32;43;57;63;63;63;63;63;63;63;63;63;63;63;63;63;63;63;0;0;0;0;32;43;57;63;63;63;63;63;63;63;63;63;63;63;63;0;0;0;32;43;57;63;63;63;63;63;63;63;63;63;0;0;53;46;18;53;46;18;53;46;18;1;24;3;2;1;49;36;23;10;8;3;49;36;23;0;16;14;5;49;36;23;1;10;21;4;49;36;23;1;True;True;True;True;True;True;True;197;Bolivar_Kit 1.png;12;21;12;53;53;53;;;;;;;;;;;;;;;;;;;;;;;;
31539203;1925;3;False;0;2;71;0;0;0;0;54;54;54;0;20;16;54;54;54;54;54;54;54;54;54;54;54;54;0;0;0;0;54;54;54;54;54;54;54;54;54;54;54;54;54;54;54;0;0;0;7;7;7;54;54;54;54;54;54;54;54;54;0;0;54;54;54;54;54;54;54;54;54;1;27;4;4;1;3;3;3;12;9;3;3;3;3;0;20;14;0;0;0;0;1;7;21;-3;3;3;3;1;True;True;True;True;True;True;True;46;San Martin SJ_Kit 2.png;13;13;13;13;13;13;;;;;;;;;;;;;;;;;;;;;;;;
31555586;1926;2;False;0;1;71;0;0;0;0;3;7;32;48;5;7;54;54;54;54;54;54;54;54;54;54;54;54;0;0;0;0;3;7;32;54;54;54;54;54;54;54;54;54;54;54;54;0;0;0;3;7;32;54;54;54;54;54;54;54;54;54;0;0;54;54;54;54;54;54;54;54;54;1;8;-2;6;1;56;56;56;17;8;6;56;56;56;0;20;14;0;0;0;0;1;10;20;3;56;56;56;1;True;True;True;True;True;True;True;331;Tigre_Kit 1.png;13;13;13;13;13;13;;;;;;;;;;;;;;;;;;;;;;;;
31555587;1926;3;False;0;1;71;0;0;0;0;56;56;56;10;15;61;54;54;54;54;54;54;54;54;54;54;54;54;0;0;0;0;56;56;56;54;54;54;54;54;54;54;54;54;54;54;54;0;0;0;56;56;56;54;54;54;54;54;54;54;54;54;0;0;54;54;54;54;54;54;54;54;54;1;8;0;6;1;3;7;32;17;8;6;3;7;32;0;20;14;0;0;0;0;1;10;20;3;3;7;32;1;True;True;True;True;True;True;True;332;Tigre_Kit 2.png;13;13;13;13;13;13;;;;;;;;;;;;;;;;;;;;;;;;
31571970;1927;2;False;0;8;71;0;0;0;0;56;56;56;8;30;15;54;54;54;54;54;54;54;54;54;54;54;54;0;0;0;0;56;56;56;54;54;54;54;54;54;54;54;54;54;54;54;0;0;0;56;56;56;54;54;54;54;54;54;54;54;54;0;0;54;54;54;54;54;54;54;54;54;1;25;1;1;1;8;30;15;11;9;2;8;30;15;0;20;14;0;0;0;0;1;11;14;2;8;30;15;1;True;True;True;True;True;True;True;37;Banfield_Kit 1.png;13;13;13;13;13;13;;;;;;;;;;;;;;;;;;;;;;;;
31571971;1927;3;False;0;8;71;0;0;0;0;7;7;7;8;30;15;54;54;54;54;54;54;54;54;54;54;54;54;0;0;0;0;7;7;7;54;54;54;54;54;54;54;54;54;54;54;54;0;0;0;7;7;7;54;54;54;54;54;54;54;54;54;0;0;54;54;54;54;54;54;54;54;54;1;25;1;1;1;56;56;56;11;9;2;8;30;15;0;20;14;0;0;0;0;1;11;14;2;8;30;15;1;True;True;True;True;True;True;True;38;Banfield_Kit 2.png;13;13;13;13;13;13;;;;;;;;;;;;;;;;;;;;;;;;
31604738;1929;2;False;0;2;71;0;0;0;0;26;13;15;49;20;24;54;54;54;54;54;54;54;54;54;54;54;54;0;0;0;0;26;13;15;54;54;54;54;54;54;54;54;54;54;54;54;0;0;0;26;13;15;54;54;54;54;54;54;54;54;54;0;0;54;54;54;54;54;54;54;54;54;1;27;0;3;1;49;20;24;14;8;3;49;20;24;0;20;14;0;0;0;0;1;9;20;1;49;20;24;1;True;True;True;True;True;True;True;195;Lanus_Kit 1.png;13;13;13;13;13;13;;;;;;;;;;;;;;;;;;;;;;;;
31604739;1929;3;False;0;1;71;0;0;0;0;54;54;54;26;13;15;54;54;54;54;54;54;54;54;54;54;54;54;0;0;0;0;54;54;54;54;54;54;54;54;54;54;54;54;54;54;54;0;0;0;54;54;54;54;54;54;54;54;54;54;54;54;0;0;54;54;54;54;54;54;54;54;54;1;27;0;3;1;26;13;15;14;8;3;26;13;15;0;20;14;0;0;0;0;1;9;20;1;26;13;15;1;True;True;True;True;True;True;True;196;Lanus_Kit 2.png;13;13;13;13;13;13;;;;;;;;;;;;;;;;;;;;;;;;
31621122;1930;2;False;0;2;71;0;0;0;0;7;7;7;27;3;4;54;54;54;54;54;54;54;54;54;54;54;54;0;0;0;0;7;7;7;54;54;54;54;54;54;54;54;54;54;54;54;0;0;0;7;7;7;54;54;54;54;54;54;54;54;54;0;0;54;54;54;54;54;54;54;54;54;1;7;0;2;1;56;56;56;17;10;3;56;56;56;0;20;14;0;0;0;0;1;10;18;0;56;56;56;1;True;True;True;True;True;True;True;266;Paranaense_Kit 1.png;13;13;13;13;13;13;;;;;;;;;;;;;;;;;;;;;;;;
31637507;1931;3;False;0;8;71;0;0;0;0;56;56;56;0;10;8;54;54;54;54;54;54;54;54;54;54;54;54;0;0;0;0;0;10;8;54;54;54;54;54;54;54;54;54;54;54;54;0;0;0;54;54;54;54;54;54;54;54;54;54;54;54;0;0;54;54;54;54;54;54;54;54;54;0;32;0;1;1;0;0;0;18;6;2;7;7;7;0;20;14;0;0;0;0;0;9;18;0;0;0;0;1;True;True;True;True;True;True;True;105;Cortitiba_Kit 1.png;13;13;13;13;13;13;;;;;;;;;;;;;;;;;;;;;;;;
31719427;1936;3;False;0;4;71;0;0;0;0;7;7;7;31;1;2;54;54;54;54;54;54;54;54;54;54;54;54;0;0;0;0;7;7;7;54;54;54;54;54;54;54;54;54;54;54;54;0;0;0;7;7;7;54;54;54;54;54;54;54;54;54;0;0;54;54;54;54;54;54;54;54;54;1;8;-2;2;1;47;41;21;16;8;2;47;41;21;0;20;14;0;0;0;0;0;9;18;0;0;0;0;1;True;True;True;True;True;True;True;100;Sport_Kit 1.png;13;13;13;13;13;13;;;;;;;;;;;;;;;;;;;;;;;;
31735810;1937;2;False;0;4;71;0;0;0;0;50;0;9;7;7;7;54;54;54;54;54;54;54;54;54;54;54;54;0;0;0;0;7;7;7;54;54;54;54;54;54;54;54;54;54;54;54;0;0;0;7;7;7;54;54;54;54;54;54;54;54;54;0;0;54;54;54;54;54;54;54;54;54;1;12;6;2;1;56;56;56;20;7;2;56;56;56;0;20;14;0;0;0;0;0;9;18;0;0;0;0;1;True;True;True;True;True;True;True;365;Vitoria_Kit 1.png;13;13;13;13;13;13;;;;;;;;;;;;;;;;;;;;;;;;
31735811;1937;3;False;0;2;0;0;0;0;0;54;54;54;54;54;54;54;54;54;54;54;54;54;54;54;54;54;54;0;0;0;0;7;7;7;54;54;54;54;54;54;54;54;54;54;54;54;0;0;0;54;54;54;54;54;54;54;54;54;54;54;54;0;0;54;54;54;54;54;54;54;54;54;1;9;6;2;1;56;4;4;17;7;2;56;4;4;0;20;14;0;0;0;0;0;9;18;0;0;0;0;1;True;True;True;True;True;True;True;366;Vitoria_Kit 2.png;13;13;13;13;13;13;;;;;;;;;;;;;;;;;;;;;;;;
32325632;1973;0;False;0;1;71;0;0;0;0;61;54;12;5;16;42;63;63;63;63;63;63;63;63;63;63;63;63;0;0;0;0;5;16;42;63;63;63;63;63;63;63;63;63;63;63;63;0;0;0;61;54;12;63;63;63;63;63;63;63;63;63;0;0;53;46;18;53;46;18;53;46;18;1;25;3;6;1;5;16;42;11;10;6;5;16;42;0;20;14;-2;13;13;13;1;5;16;6;56;56;56;0;True;True;True;False;True;True;True;515;Arouca_Kit 1.png;10;24;16;20;32;23;;;;;;;;;;;;;;;;;;;;;;;;
32325633;1973;1;False;0;1;71;0;0;0;0;5;8;15;3;19;27;63;63;63;63;63;63;63;63;63;63;63;63;0;0;0;0;5;8;15;63;63;63;63;63;63;63;63;63;63;63;63;0;0;0;5;8;15;63;63;63;63;63;63;63;63;63;0;0;53;46;18;53;46;18;53;46;18;1;25;3;6;1;56;56;56;11;10;6;56;56;56;0;20;14;-2;3;5;6;1;5;16;6;56;56;56;0;True;True;True;False;True;True;True;516;Arouca_Kit 2.png;14;27;35;16;29;38;;;;;;;;;;;;;;;;;;;;;;;;
32325760;1973;0;True;0;1;0;0;0;0;0;7;7;7;63;63;63;63;63;63;63;63;63;63;63;63;63;63;63;0;0;0;0;7;7;7;63;63;63;63;63;63;63;63;63;63;63;63;0;0;0;7;7;7;63;63;63;63;63;63;63;63;63;0;0;53;46;18;53;46;18;53;46;18;1;29;3;6;1;61;54;12;15;10;6;61;54;12;0;20;14;-2;3;3;3;1;11;16;6;61;54;12;0;True;True;True;False;True;True;True;517;Arouca_Kit Arq.png;10;10;10;10;22;13;;;;;;;;;;;;;;;;;;;;;;;;
32342016;1974;0;False;0;4;71;0;0;0;0;45;4;4;53;53;53;63;63;63;63;63;63;63;63;63;63;63;63;0;0;0;0;53;53;53;63;63;63;63;63;63;63;63;63;63;63;63;0;0;0;45;4;4;63;63;63;63;63;63;63;63;63;0;0;35;14;14;35;14;14;35;14;14;1;28;2;6;1;53;53;53;14;10;6;53;53;53;0;20;14;-2;13;13;13;2;13;17;6;45;4;4;0;True;True;True;False;True;True;True;518;Braga_Kit 1.png;53;51;15;53;48;12;;;;;;;;;;;;;;;;;;;;;;;;
32342017;1974;1;False;0;4;71;0;0;0;0;53;53;53;45;4;4;63;63;63;63;63;63;63;63;63;63;63;63;0;0;0;0;53;53;53;63;63;63;63;63;63;63;63;63;63;63;63;0;0;0;53;53;53;63;63;63;63;63;63;63;63;63;0;0;35;14;14;35;14;14;35;14;14;1;28;2;6;1;45;4;4;14;10;6;45;4;4;0;20;14;-2;3;5;6;2;13;17;6;45;4;4;0;True;True;True;False;True;True;True;519;Braga_Kit 2.png;15;20;12;12;17;10;;;;;;;;;;;;;;;;;;;;;;;;
32342144;1974;0;True;0;1;0;0;0;0;0;1;26;19;63;63;63;63;63;63;63;63;63;63;63;63;63;63;63;0;0;0;0;1;26;19;63;63;63;63;63;63;63;63;63;63;63;63;0;0;0;1;26;19;63;63;63;63;63;63;63;63;63;0;0;35;14;14;53;46;18;53;46;18;1;28;2;6;1;53;53;53;14;10;6;53;53;53;0;20;14;-2;53;46;10;2;13;17;6;53;53;53;0;True;True;True;False;True;True;True;520;Braga_Kit Arq.png;10;10;10;53;46;10;;;;;;;;;;;;;;;;;;;;;;;;
32374784;1976;0;False;0;11;71;0;0;0;0;8;24;21;27;3;4;63;63;63;63;63;63;63;63;63;63;63;63;0;0;0;0;56;56;56;63;63;63;63;63;63;63;63;63;63;63;63;0;0;0;56;56;56;63;63;63;63;63;63;63;63;63;0;0;15;24;38;15;24;38;15;24;38;1;28;5;6;1;53;53;53;13;10;6;53;53;53;0;20;14;-2;10;10;10;2;15;20;6;7;7;7;0;True;True;True;False;True;True;True;527;Estrela_Kit 1.png;39;14;14;28;10;10;;;;;;;;;;;;;;;;;;;;;;;;
32374785;1976;1;False;0;11;71;0;0;0;0;56;56;56;27;3;4;63;63;63;63;63;63;63;63;63;63;63;63;0;0;0;0;56;56;56;63;63;63;63;63;63;63;63;63;63;63;63;0;0;0;56;56;56;63;63;63;63;63;63;63;63;63;0;0;15;24;38;15;24;38;15;24;38;1;28;5;6;1;3;3;3;13;10;6;3;3;3;0;20;14;-2;10;10;10;2;15;20;6;3;3;3;0;True;True;True;False;True;True;True;528;Estrela_Kit 2.png;50;41;10;53;48;17;;;;;;;;;;;;;;;;;;;;;;;;
32374912;1976;0;True;0;1;0;0;0;0;0;62;52;8;63;63;63;63;63;63;63;63;63;63;63;63;63;63;63;0;0;0;0;62;52;8;63;63;63;63;63;63;63;63;63;63;63;63;0;0;0;62;52;8;63;63;63;63;63;63;63;63;63;0;0;15;24;38;15;24;38;15;24;38;1;27;5;6;1;3;3;3;12;10;6;3;3;3;0;20;14;-2;53;53;53;2;14;20;6;3;3;3;0;True;True;True;False;True;True;True;529;Estrela_Kit Arq.png;10;10;10;36;11;11;;;;;;;;;;;;;;;;;;;;;;;;
32407552;1978;0;False;0;1;71;0;0;0;0;56;56;56;3;5;22;63;63;63;63;63;63;63;63;63;0;0;0;0;0;0;0;56;56;56;63;63;63;63;63;63;15;15;15;0;0;0;18;0;0;53;53;53;53;51;10;12;12;12;0;0;0;0;0;15;24;38;53;46;18;53;46;18;0;32;2;1;1;53;51;10;18;8;1;1;8;18;0;20;14;-2;3;5;6;0;6;16;3;10;10;10;0;True;True;True;True;True;True;True;530;Famalicao_Kit 1.png;12;12;12;15;15;15;;;;;;;;;;;;;;;;;;;;;;;;
32407553;1978;1;False;0;1;71;0;0;0;0;1;8;18;48;46;5;63;63;63;63;63;63;63;63;63;0;0;0;0;0;0;0;1;8;18;63;63;63;63;63;63;43;43;43;0;0;0;18;0;0;10;10;10;53;51;10;51;51;51;0;0;0;0;0;15;24;38;53;46;18;53;46;18;0;32;2;1;1;10;10;10;18;8;1;56;56;56;0;20;14;-2;3;5;6;0;6;16;3;10;10;10;0;True;True;True;True;True;True;True;531;Famalicao_Kit 2.png;51;49;12;53;53;15;;;;;;;;;;;;;;;;;;;;;;;;
32407680;1978;0;True;0;1;71;0;0;0;0;5;37;30;55;55;55;63;63;63;63;63;63;63;63;63;0;0;0;0;0;0;0;5;37;30;63;63;63;63;63;63;63;63;63;0;0;0;6;1;0;10;10;10;15;15;15;53;51;10;0;0;0;0;0;15;24;38;53;46;18;53;46;18;0;32;2;1;1;53;53;53;18;8;1;53;53;53;0;20;14;-2;3;3;3;0;6;16;3;53;53;53;0;True;True;True;True;True;True;True;532;Famalicao_Kit Arq.png;10;10;10;53;51;10;;;;;;;;;;;;;;;;;;;;;;;;
32423936;1979;0;False;0;1;71;0;0;0;0;56;56;56;3;26;3;63;63;63;63;63;63;63;63;63;0;0;0;0;0;0;0;56;56;56;63;63;63;63;63;63;0;0;0;0;0;0;0;0;0;56;56;56;63;63;63;0;0;0;0;0;0;0;0;35;14;14;35;14;14;35;14;14;1;32;2;1;1;12;17;10;19;7;1;12;17;10;0;20;14;-2;13;13;13;1;6;16;3;53;53;53;0;True;True;True;True;True;True;True;542;Rio Ave_Kit 1.png;53;51;15;53;48;12;;;;;;;;;;;;;;;;;;;;;;;;
32423937;1979;1;False;0;1;71;0;0;0;0;2;24;21;56;56;56;63;63;63;63;63;63;63;63;63;0;0;0;0;0;0;0;53;53;53;63;63;63;63;63;63;0;0;0;0;0;0;18;0;0;53;53;53;12;17;10;0;0;0;0;0;0;0;0;35;14;14;35;14;14;35;14;14;1;32;2;1;1;53;46;10;19;7;1;53;46;10;0;20;14;-2;3;5;6;1;6;16;3;12;17;10;0;True;True;True;True;True;True;True;543;Rio Ave_Kit 2.png;15;20;12;12;17;10;;;;;;;;;;;;;;;;;;;;;;;;
32424064;1979;0;True;0;1;71;0;0;0;0;7;7;7;26;5;48;63;63;63;63;63;63;63;63;63;0;0;0;0;0;0;0;7;7;7;63;63;63;63;63;63;63;63;63;0;0;0;0;0;0;7;7;7;63;63;63;63;63;63;0;0;0;0;0;35;14;14;53;46;18;53;46;18;0;32;2;1;1;53;46;10;18;8;1;53;53;53;0;20;14;-2;53;46;10;0;6;16;3;53;46;10;0;True;True;True;True;True;True;True;544;Rio Ave_Kit Arq.png;10;10;10;53;46;10;;;;;;;;;;;;;;;;;;;;;;;;
32456704;1981;0;False;0;1;71;0;0;0;0;50;3;3;56;56;56;63;63;63;63;63;63;63;63;63;0;0;0;0;0;0;0;56;56;56;63;63;63;63;63;63;15;15;15;0;0;0;0;0;0;56;56;56;63;63;63;0;0;0;0;0;0;0;0;15;24;38;53;46;18;53;46;18;0;32;2;1;1;53;51;10;18;8;1;56;56;56;0;20;14;-2;3;5;6;0;6;16;3;10;10;10;0;True;True;True;True;True;True;True;545;Santa Clara_Kit 1.png;12;12;12;10;10;10;;;;;;;;;;;;;;;;;;;;;;;;
32456705;1981;1;False;0;1;71;0;0;0;0;3;13;27;56;56;56;63;63;63;63;63;63;63;63;63;0;0;0;0;0;0;0;3;13;27;63;63;63;63;63;63;43;43;43;0;0;0;18;0;0;53;53;53;10;10;10;51;51;51;0;0;0;0;0;15;24;38;53;46;18;53;46;18;0;32;2;1;1;10;10;10;18;8;1;56;56;56;0;20;14;-2;3;5;6;0;6;16;3;53;53;53;0;True;True;True;True;True;True;True;546;Santa Clara_Kit 2.png;53;53;53;51;51;51;;;;;;;;;;;;;;;;;;;;;;;;
32456832;1981;0;True;0;1;0;0;0;0;0;8;8;8;63;63;63;63;63;63;63;63;63;63;63;63;0;0;0;0;0;0;0;8;8;8;63;63;63;63;63;63;63;63;63;0;0;0;0;0;0;8;8;8;63;63;63;63;63;63;0;0;0;0;0;15;24;38;53;46;18;53;46;18;0;32;2;1;1;53;53;53;18;8;1;53;53;53;0;20;14;-2;3;3;3;0;6;16;3;53;53;53;0;True;True;True;True;True;True;True;547;Santa Clara_Kit Arq.png;20;20;20;53;48;11;;;;;;;;;;;;;;;;;;;;;;;;
35831808;2187;0;False;0;3;71;0;0;0;0;53;53;53;53;11;13;63;63;63;63;63;63;63;63;63;63;63;63;0;0;0;0;53;11;13;63;63;63;63;63;63;63;63;63;63;63;63;0;0;0;53;11;13;63;63;63;63;63;63;63;63;63;0;0;53;46;18;53;46;18;53;46;18;1;30;5;2;3;10;10;10;15;9;1;10;10;10;0;20;14;-2;47;37;19;2;13;16;4;58;58;58;0;True;True;True;False;True;True;True;146;Girona_Kit 1.png;51;12;12;48;10;10;;;;;;;;;;;;;;;;;;;;;;;;
35831809;2187;1;False;0;1;71;0;0;0;0;53;47;22;10;10;10;63;63;63;63;63;63;63;63;63;63;63;63;0;0;0;0;53;47;22;63;63;63;63;63;63;63;63;63;63;63;63;0;0;0;53;47;22;63;63;63;63;63;63;63;63;63;0;0;53;46;18;53;46;18;53;46;18;1;30;5;2;3;10;10;10;15;9;1;10;10;10;0;20;14;-2;37;10;10;2;13;16;4;10;10;10;0;True;True;True;False;True;True;True;147;Girona_Kit 2.png;53;53;53;48;48;48;;;;;;;;;;;;;;;;;;;;;;;;
35831936;2187;0;True;0;1;0;0;0;0;0;22;40;53;63;63;63;63;63;63;63;63;63;63;63;63;63;63;63;0;0;0;0;22;40;53;63;63;63;63;63;63;63;63;63;63;63;63;0;0;0;22;40;53;63;63;63;63;63;63;63;63;63;0;0;53;46;15;53;46;15;53;46;15;1;30;5;2;3;58;58;58;15;9;1;58;58;58;0;20;14;-2;13;13;13;2;13;16;4;58;58;58;0;True;True;True;False;True;True;True;148;Girona_Kit Arq.png;10;10;10;51;12;12;;;;;;;;;;;;;;;;;;;;;;;;
35848192;2188;0;False;0;3;71;0;0;0;0;56;56;56;4;33;11;54;54;54;54;54;54;54;54;54;54;54;54;0;0;0;0;10;10;10;54;54;54;54;54;54;54;54;54;54;54;54;0;0;0;4;33;11;54;54;54;54;54;54;54;54;54;0;0;54;54;54;54;54;54;54;54;54;1;29;2;2;3;4;33;11;14;8;2;4;33;11;0;20;14;-2;0;0;0;2;15;16;3;56;56;56;1;True;True;True;True;True;True;True;634;Racing Santander_Kit 1.png;0;0;0;0;0;0;;;;;;;;;;;;;;;;;;;;;;;;
35848193;2188;1;False;0;13;71;0;0;0;0;11;17;13;17;23;20;54;54;54;54;54;54;54;54;54;54;54;54;0;0;0;0;11;17;13;54;54;54;54;54;54;54;54;54;54;54;54;0;0;0;11;17;13;54;54;54;54;54;54;54;54;54;0;0;54;54;54;54;54;54;54;54;54;1;29;2;2;3;56;56;56;14;8;2;56;56;56;0;20;14;-2;0;0;0;2;15;16;2;56;56;56;1;True;True;True;True;True;True;True;635;Racing Santander_Kit 2.png;0;0;0;0;0;0;;;;;;;;;;;;;;;;;;;;;;;;
35848320;2188;0;True;0;2;0;0;0;0;0;49;40;31;54;54;54;54;54;54;54;54;54;54;54;54;54;54;54;0;0;0;0;49;40;31;54;54;54;54;54;54;54;54;54;54;54;54;0;0;0;51;46;31;54;54;54;54;54;54;54;54;54;0;0;54;54;54;54;54;54;54;54;54;1;29;2;2;3;56;56;56;14;8;2;56;56;56;0;20;14;-2;0;0;0;2;15;16;2;56;56;56;1;True;True;True;True;True;True;True;636;Racing Santander_Kit Arq.png;0;0;0;0;0;0;;;;;;;;;;;;;;;;;;;;;;;;
35897346;2191;2;False;0;1;71;0;0;0;0;54;54;54;0;33;47;54;54;54;54;54;54;54;54;54;54;54;54;0;0;0;0;0;33;47;54;54;54;54;54;54;54;54;54;54;54;54;0;0;0;54;54;54;54;54;54;54;54;54;54;54;54;0;0;54;54;54;54;54;54;54;54;54;1;29;1;7;1;0;33;47;17;8;4;48;5;7;0;20;14;0;0;0;0;2;18;18;0;56;56;56;1;True;True;True;True;True;True;True;340;U Catolica_Kit 1.png;13;13;13;13;13;13;;;;;;;;;;;;;;;;;;;;;;;;
35897347;2191;3;False;0;3;71;0;0;0;0;57;11;14;0;33;47;54;54;54;54;54;54;54;54;54;54;54;54;0;0;0;0;56;56;56;54;54;54;54;54;54;54;54;54;54;54;54;0;0;0;0;33;47;54;54;54;54;54;54;54;54;54;0;0;54;54;54;54;54;54;54;54;54;1;29;1;7;1;56;56;56;17;8;4;56;56;56;0;20;14;0;0;0;0;2;18;18;0;57;11;14;1;True;True;True;True;True;True;True;341;U Catolica_Kit 2.png;13;13;13;13;13;13;;;;;;;;;;;;;;;;;;;;;;;;
35930114;2193;2;False;0;9;71;0;0;0;0;17;44;58;19;3;7;63;63;63;63;63;63;63;63;63;63;63;63;0;0;0;0;17;44;58;63;63;63;63;63;63;63;63;63;63;63;63;0;0;0;17;44;58;63;63;63;63;63;63;63;63;63;0;0;53;46;18;53;46;18;53;46;18;1;23;2;2;1;19;3;7;8;9;2;19;3;7;0;16;14;5;49;36;23;1;8;17;4;19;3;7;1;True;True;True;True;True;True;True;55;Bolivar_Kit 1.png;12;21;12;53;53;53;;;;;;;;;;;;;;;;;;;;;;;;
35930115;2193;3;False;0;2;71;0;0;0;0;7;7;7;46;40;28;54;54;54;54;54;54;54;54;54;54;54;54;0;0;0;0;7;7;7;54;54;54;54;54;54;54;54;54;54;54;54;0;0;0;7;7;7;54;54;54;54;54;54;54;54;54;0;0;54;54;54;54;54;54;54;54;54;1;28;1;7;1;46;40;28;13;6;3;46;40;28;0;20;14;0;0;0;0;1;10;16;2;46;40;28;1;True;True;True;True;True;True;True;31;Atletico Nacional_Kit 2.jpg;13;13;13;13;13;13;;;;;;;;;;;;;;;;;;;;;;;;
36192258;2209;2;False;0;2;71;0;0;0;0;8;15;31;48;1;6;54;54;54;54;54;54;54;54;54;54;54;54;0;0;0;0;1;17;39;54;54;54;54;54;54;54;54;54;54;54;54;0;0;0;8;15;31;54;54;54;54;54;54;54;54;54;0;0;54;54;54;54;54;54;54;54;54;1;27;0;4;1;56;56;56;12;7;3;56;56;56;0;20;14;0;0;0;0;2;13;15;0;56;56;56;1;True;True;True;True;True;True;True;342;U de Chile_Kit 1.png;13;13;13;13;13;13;;;;;;;;;;;;;;;;;;;;;;;;
36192259;2209;3;False;0;1;71;0;0;0;0;56;56;56;2;7;18;54;54;54;54;54;54;54;54;54;54;54;54;0;0;0;0;56;56;56;54;54;54;54;54;54;54;54;54;54;54;54;0;0;0;56;56;56;54;54;54;54;54;54;54;54;54;0;0;54;54;54;54;54;54;54;54;54;1;27;0;4;1;54;13;13;13;7;3;54;13;13;0;20;14;0;0;0;0;2;13;15;0;54;13;13;1;True;True;True;True;True;True;True;343;U de Chile_Kit 2.png;13;13;13;13;13;13;;;;;;;;;;;;;;;;;;;;;;;;
36306947;2216;3;False;0;1;71;0;0;0;0;52;46;36;7;7;7;63;63;63;63;63;63;63;63;63;63;63;63;0;0;0;0;52;46;36;63;63;63;63;63;63;63;63;63;63;63;63;0;0;0;52;46;36;63;63;63;63;63;63;63;63;63;0;0;53;46;18;53;46;18;53;46;18;1;26;3;4;1;2;2;2;11;9;4;2;2;2;0;20;14;-2;10;10;10;1;11;18;2;2;2;2;0;True;True;True;True;True;True;True;110;Cusco_Kit 1.png;31;46;49;53;53;53;;;;;;;;;;;;;;;;;;;;;;;;
36782080;2245;0;False;0;7;71;0;0;0;0;5;5;5;6;11;26;63;63;63;63;63;63;63;63;63;63;63;63;0;0;0;0;5;5;5;63;63;63;63;63;63;63;63;63;63;63;63;0;0;0;5;5;5;63;63;63;63;63;63;63;63;63;0;0;53;46;18;53;46;18;53;46;18;1;28;4;3;1;63;63;63;14;10;2;56;56;56;0;20;14;-2;3;3;3;2;15;20;4;63;63;63;0;True;True;True;False;True;True;True;161;Independiente_DV_Kit 1.png;39;15;15;43;36;14;;;;;;;;;;;;;;;;;;;;;;;;
36782081;2245;1;False;0;7;71;0;0;0;0;62;13;27;5;5;5;63;63;63;63;63;63;63;63;63;63;63;63;0;0;0;0;5;5;5;63;63;63;63;63;63;63;63;63;63;63;63;0;0;0;5;5;5;63;63;63;63;63;63;63;63;63;0;0;53;46;18;53;46;18;53;46;18;1;28;4;3;1;56;56;56;14;10;2;63;63;63;0;20;14;-2;3;3;3;2;15;20;4;60;60;60;0;True;True;True;False;True;True;True;163;Independiente_DV_Kit 2.png;53;53;53;39;15;15;;;;;;;;;;;;;;;;;;;;;;;;
36782208;2245;0;True;0;7;0;0;0;0;0;1;39;2;63;63;63;63;63;63;63;63;63;63;63;63;63;63;63;0;0;0;0;1;39;2;63;63;63;63;63;63;63;63;63;63;63;63;0;0;0;1;39;2;63;63;63;63;63;63;63;63;63;0;0;53;46;18;53;46;18;53;46;18;1;26;4;3;1;63;63;63;12;10;2;63;63;63;0;20;14;-2;1;1;1;2;15;20;4;60;60;60;0;True;True;True;False;True;True;True;165;Independiente_DV_Kit Arq.png;10;10;10;43;36;14;;;;;;;;;;;;;;;;;;;;;;;;
37470211;2287;3;False;0;1;71;0;0;0;0;56;56;56;6;10;18;54;54;54;54;54;54;54;54;54;54;54;54;0;0;0;0;6;10;18;54;54;54;54;54;54;54;54;54;54;54;54;0;0;0;6;10;18;54;54;54;54;54;54;54;54;54;0;0;54;54;54;54;54;54;54;54;54;1;28;3;1;1;59;6;9;14;9;1;59;6;9;0;20;14;0;0;0;0;1;9;17;2;59;6;9;1;True;True;True;True;True;True;True;14;Alianza Lima_Kit 1.png;13;13;13;13;13;13;;;;;;;;;;;;;;;;;;;;;;;;
37568512;2293;0;False;0;8;71;0;0;0;0;33;2;2;56;56;56;63;63;63;63;63;63;63;63;63;63;63;63;0;0;0;0;33;2;2;63;63;63;63;63;63;63;63;63;63;63;63;0;0;0;33;2;2;63;63;63;63;63;63;63;63;63;0;0;53;46;15;53;46;15;53;46;15;1;9;2;4;1;56;56;56;19;8;4;56;56;56;0;20;14;-2;3;3;3;1;10;18;4;56;56;56;0;True;True;True;False;True;True;True;49;Bayern Munich_Kit 1.png;14;15;19;21;22;26;;;;;;;;;;;;;;;;;;;;;;;;
37568513;2293;1;False;0;3;71;0;0;0;0;56;56;56;12;15;28;63;63;63;63;63;63;63;63;63;63;63;63;0;0;0;0;12;15;28;63;63;63;63;63;63;63;63;63;63;63;63;0;0;0;12;15;28;63;63;63;63;63;63;63;63;63;0;0;53;46;15;53;46;15;53;46;15;1;9;2;4;1;12;15;28;19;8;4;12;15;28;0;20;14;-2;3;3;3;1;5;16;4;56;56;56;0;True;True;True;False;True;True;True;50;Bayern Munich_Kit 2.png;53;53;53;29;26;26;;;;;;;;;;;;;;;;;;;;;;;;
37568640;2293;0;True;0;1;0;0;0;0;0;19;57;32;63;63;63;63;63;63;63;63;63;63;63;63;63;63;63;0;0;0;0;19;57;32;63;63;63;63;63;63;63;63;63;63;63;63;0;0;0;19;57;32;63;63;63;63;63;63;63;63;63;0;0;53;46;15;53;46;15;53;46;15;1;9;2;4;1;7;7;7;19;8;4;7;7;7;0;20;14;-2;1;1;1;1;5;16;4;7;7;7;0;True;True;True;False;True;True;True;51;Bayern Munich_Kit Arq.png;10;10;10;29;26;26;;;;;;;;;;;;;;;;;;;;;;;;
37634048;2297;0;False;0;2;71;0;0;0;0;57;9;11;56;56;56;63;63;63;63;63;63;63;63;63;0;0;0;0;0;0;0;57;9;11;63;63;63;53;53;53;24;17;11;0;0;0;0;0;0;57;9;11;63;63;63;63;63;63;0;0;0;0;0;15;24;38;15;24;38;15;24;38;1;8;2;3;1;56;56;56;17;8;1;56;56;56;0;20;14;-2;1;1;1;1;5;15;4;56;56;56;0;True;True;True;True;True;True;True;575;Union Berlin_Kit 1.png;53;42;10;53;49;17;;;;;;;;;;;;;;;;;;;;;;;;
37634049;2297;1;False;0;6;71;0;0;0;0;11;11;11;56;56;56;63;63;63;63;63;63;63;63;63;0;0;0;0;0;0;0;11;11;11;63;63;63;10;10;10;10;10;10;0;0;0;8;9;0;11;11;11;24;17;11;50;50;50;0;0;0;0;0;15;24;38;15;24;38;15;24;38;1;8;2;3;1;56;56;56;17;8;1;56;56;56;0;20;14;-2;1;1;1;1;5;15;4;56;56;56;0;True;True;True;True;True;True;True;576;Union Berlin_Kit 2.png;53;53;53;53;53;53;;;;;;;;;;;;;;;;;;;;;;;;
37634176;2297;0;True;0;1;0;0;0;0;0;15;47;26;63;63;63;63;63;63;63;63;63;63;63;63;0;0;0;0;0;0;0;15;47;26;63;63;63;63;63;63;63;63;63;0;0;0;6;1;0;15;47;26;15;15;15;53;42;10;0;0;0;0;0;15;24;38;15;24;38;15;24;38;1;8;2;3;1;3;3;3;17;8;1;3;3;3;0;20;14;-2;3;3;3;1;5;15;4;3;3;3;0;True;True;True;True;True;True;True;577;Union Berlin_Kit Arq.png;10;10;10;53;42;10;;;;;;;;;;;;;;;;;;;;;;;;
37650432;2298;0;False;0;1;71;0;0;0;0;56;56;56;12;16;35;63;63;63;63;63;63;63;63;63;0;0;0;0;0;0;0;56;56;56;63;63;63;53;53;53;21;22;53;0;0;0;0;0;0;56;56;63;63;63;63;63;63;63;0;0;0;0;0;53;46;18;53;46;18;53;46;18;1;9;4;2;1;3;3;3;18;8;2;3;3;3;0;20;14;-2;1;1;1;1;5;16;4;3;3;3;0;True;True;True;True;True;True;True;569;Hamburgo_Kit 1.png;32;10;19;38;15;25;;;;;;;;;;;;;;;;;;;;;;;;
37650433;2298;1;False;0;3;71;0;0;0;0;13;16;35;56;56;56;63;63;63;63;63;63;63;63;63;0;0;0;0;0;0;0;56;56;56;63;63;63;10;10;10;21;22;53;0;0;0;0;0;0;56;56;56;63;63;63;63;63;63;0;0;0;0;0;53;46;18;53;46;18;53;46;18;1;9;4;2;1;56;56;56;18;8;2;56;56;56;0;20;14;-2;1;1;1;1;5;16;4;12;16;35;0;True;True;True;True;True;True;True;570;Hamburgo_Kit 2.png;53;53;53;40;42;51;;;;;;;;;;;;;;;;;;;;;;;;
37650560;2298;0;True;0;1;0;0;0;0;0;61;49;12;63;63;63;63;63;63;63;63;63;63;63;63;0;0;0;0;0;0;0;61;49;12;63;63;63;63;63;63;63;63;63;0;0;0;0;0;0;61;49;12;63;63;63;63;63;63;0;0;0;0;0;53;46;18;53;46;18;53;46;18;1;9;4;2;1;7;7;7;18;8;2;3;3;3;0;20;14;-2;1;1;1;1;5;16;4;3;3;3;0;True;True;True;True;True;True;True;571;Hamburgo_Kit Arq.png;10;10;10;46;14;24;;;;;;;;;;;;;;;;;;;;;;;;
37683200;2300;0;False;0;2;71;0;0;0;0;55;10;12;56;56;56;63;63;63;63;63;63;63;63;63;0;0;0;0;0;0;0;56;56;56;63;63;63;53;53;53;52;41;17;0;0;0;0;0;0;55;10;12;63;63;63;63;63;63;0;0;0;0;0;35;14;14;35;14;14;35;14;14;1;9;2;2;1;56;56;56;18;8;3;56;56;56;0;20;14;-2;3;3;3;1;8;18;4;55;10;12;0;True;True;True;True;True;True;True;551;Mainz_Kit 1.png;33;41;48;41;48;53;;;;;;;;;;;;;;;;;;;;;;;;
37683201;2300;1;False;0;2;71;0;0;0;0;56;56;56;55;10;12;63;63;63;63;63;63;63;63;63;0;0;0;0;0;0;0;56;56;56;63;63;63;10;10;10;10;10;10;0;0;0;0;0;0;56;56;56;63;63;63;63;63;63;0;0;0;0;0;35;14;14;35;14;14;35;14;14;1;9;2;3;1;55;10;12;18;8;3;55;10;12;0;20;14;-2;3;3;3;1;8;18;4;55;10;12;0;True;True;True;True;True;True;True;552;Mainz_Kit 2.png;53;53;53;53;53;53;;;;;;;;;;;;;;;;;;;;;;;;
37683328;2300;0;True;0;2;0;0;0;0;0;44;62;62;63;63;63;63;63;63;63;63;63;63;63;63;0;0;0;0;0;0;0;40;59;59;63;63;63;63;63;63;63;63;63;0;0;0;0;0;0;40;59;59;63;63;63;63;63;63;0;0;0;0;0;35;14;14;35;14;14;35;14;14;1;9;2;2;1;63;63;63;18;8;3;63;63;63;0;20;14;-2;1;1;1;1;8;18;4;63;63;63;0;True;True;True;True;True;True;True;553;Mainz_Kit Arq.png;10;10;10;33;41;48;;;;;;;;;;;;;;;;;;;;;;;;
37699584;2301;0;False;0;4;71;0;0;0;0;57;55;51;33;13;14;63;63;63;63;63;63;63;63;63;0;0;0;0;0;0;0;33;13;14;63;63;63;63;63;63;10;10;10;0;0;0;0;0;0;57;55;51;63;63;63;63;63;63;0;0;0;0;0;35;14;14;35;14;14;35;14;14;1;8;4;6;1;33;13;14;17;8;6;33;13;14;0;20;14;-2;3;3;3;1;10;20;4;56;56;56;0;True;True;True;True;True;True;True;554;Augsburg_Kit 1.png;53;46;18;53;52;24;;;;;;;;;;;;;;;;;;;;;;;;
37699585;2301;1;False;0;8;71;0;0;0;0;6;39;37;53;48;32;63;63;63;63;63;63;63;63;63;0;0;0;0;0;0;0;6;39;37;63;63;63;10;10;10;10;10;10;0;0;0;0;0;0;6;39;37;63;63;63;63;63;63;0;0;0;0;0;35;14;14;35;14;14;35;14;14;1;8;4;6;1;53;48;32;17;8;6;53;48;32;0;20;14;-2;3;3;3;1;10;20;4;53;48;32;0;True;True;True;True;True;True;True;555;Augsburg_Kit 2.png;53;53;53;53;53;53;;;;;;;;;;;;;;;;;;;;;;;;
37699712;2301;0;True;0;1;0;0;0;0;0;28;51;15;63;63;63;63;63;63;63;63;63;63;63;63;0;0;0;0;0;0;0;27;44;17;63;63;63;63;63;63;63;63;63;0;0;0;0;0;0;27;44;17;63;63;63;63;63;63;0;0;0;0;0;35;14;14;35;14;14;35;14;14;1;8;4;6;1;3;3;3;17;8;6;3;3;3;0;20;14;-2;1;1;1;1;10;20;4;3;3;3;0;True;True;True;True;True;True;True;556;Augsburg_Kit Arq.png;10;10;10;53;46;18;;;;;;;;;;;;;;;;;;;;;;;;
38404096;2344;0;False;0;1;71;0;0;0;0;49;4;10;56;56;56;63;63;63;63;63;63;63;63;63;0;0;0;0;0;0;0;49;4;10;63;63;63;53;53;53;53;52;15;0;0;0;0;0;0;49;4;10;63;63;63;63;63;63;0;0;0;0;0;53;46;15;53;46;15;53;46;15;1;9;2;2;1;56;56;56;19;8;1;56;56;56;0;20;14;-2;13;13;4;1;9;15;4;56;56;56;0;True;True;True;True;True;True;True;566;Freiburg_Kit 1.png;10;26;39;17;34;47;;;;;;;;;;;;;;;;;;;;;;;;
38404097;2344;1;False;0;7;71;0;0;0;0;56;56;56;49;4;10;63;63;63;63;63;63;63;63;63;0;0;0;0;0;0;0;56;56;56;63;63;63;10;10;10;10;10;10;0;0;0;0;0;0;56;56;56;63;63;63;63;63;63;0;0;0;0;0;15;24;38;15;24;38;15;24;38;1;9;2;2;1;49;4;10;19;8;1;49;4;10;0;20;14;-2;3;6;9;1;9;19;4;49;4;10;0;True;True;True;True;True;True;True;567;Freiburg_Kit 2.png;53;53;53;53;53;53;;;;;;;;;;;;;;;;;;;;;;;;
38404224;2344;0;True;0;1;0;0;0;0;0;28;40;57;63;63;63;63;63;63;63;63;63;63;63;63;0;0;0;0;0;0;0;28;40;57;63;63;63;63;63;63;63;63;63;0;0;0;0;0;0;28;40;57;63;63;63;63;63;63;0;0;0;0;0;53;46;15;53;46;15;53;46;15;1;9;2;2;1;56;56;56;19;8;1;56;56;56;0;20;14;-2;13;13;13;1;9;20;4;56;56;56;0;True;True;True;True;True;True;True;568;Freiburg_Kit Arq.png;10;10;10;10;26;39;;;;;;;;;;;;;;;;;;;;;;;;
38420480;2345;0;False;0;2;71;0;0;0;0;56;56;56;10;10;10;63;63;63;63;63;63;63;63;63;63;63;63;0;0;0;0;56;56;56;63;63;63;63;63;63;63;63;63;63;63;63;0;0;0;56;56;56;63;63;63;63;63;63;63;63;63;0;0;35;14;14;35;14;14;35;14;14;1;8;2;4;1;0;0;0;20;10;4;0;0;0;0;20;14;-2;3;3;3;1;9;18;3;0;0;0;0;True;True;True;False;True;True;True;609;Elversberg_Kit 1.png;25;28;41;31;33;46;;;;;;;;;;;;;;;;;;;;;;;;
38420481;2345;1;False;0;1;71;0;0;0;0;7;7;7;49;42;28;63;63;63;63;63;63;63;63;63;63;63;63;0;0;0;0;7;7;7;63;63;63;63;63;63;63;63;63;63;63;63;0;0;0;7;7;7;63;63;63;63;63;63;63;63;63;0;0;35;14;14;35;14;14;35;14;14;1;8;2;4;1;49;42;28;20;10;4;49;42;28;0;20;14;-2;3;3;3;1;10;16;3;49;42;28;0;True;True;True;False;True;True;True;610;Elversberg_Kit 2.png;53;53;53;53;53;53;;;;;;;;;;;;;;;;;;;;;;;;
38420608;2345;0;True;0;1;0;0;0;0;0;27;52;33;63;63;63;63;63;63;63;63;63;63;63;63;63;63;63;0;0;0;0;27;52;33;63;63;63;63;63;63;63;63;63;63;63;63;0;0;0;27;52;33;63;63;63;63;63;63;63;63;63;0;0;35;14;14;35;14;14;35;14;14;1;8;2;4;1;56;56;56;20;10;4;56;56;56;0;20;14;-2;1;1;1;1;9;20;3;56;56;56;0;True;True;True;False;True;True;True;611;Elversberg_Kit Arq.png;10;10;10;25;28;41;;;;;;;;;;;;;;;;;;;;;;;;
38436864;2346;0;False;0;2;71;0;0;0;0;0;16;39;56;56;56;63;63;63;63;63;63;63;63;63;0;0;0;0;0;0;0;6;18;38;63;63;63;53;53;53;42;49;50;0;0;0;0;0;0;6;18;38;63;63;63;63;63;63;0;0;0;0;0;53;10;10;53;10;10;53;10;10;1;29;2;1;1;56;56;56;16;8;1;56;56;56;0;20;14;-2;1;1;1;1;12;18;4;56;56;56;0;True;True;True;True;True;True;True;572;Hoffenheim_Kit 1.png;14;28;35;28;42;49;;;;;;;;;;;;;;;;;;;;;;;;
38436865;2346;1;False;0;1;71;0;0;0;0;61;59;59;6;9;14;63;63;63;63;63;63;63;63;63;0;0;0;0;0;0;0;54;53;53;63;63;63;10;10;10;10;10;10;0;0;0;8;9;0;54;53;53;42;49;50;10;10;10;0;0;0;0;0;53;10;10;53;10;10;53;10;10;1;29;2;1;1;6;9;14;16;8;1;6;9;14;0;20;14;-2;1;1;1;1;12;18;4;6;9;14;0;True;True;True;True;True;True;True;573;Hoffenheim_Kit 2.png;53;53;53;53;53;53;;;;;;;;;;;;;;;;;;;;;;;;
38436992;2346;0;True;0;1;0;0;0;0;0;59;30;6;63;63;63;63;63;63;63;63;63;63;63;63;0;0;0;0;0;0;0;59;30;6;63;63;63;63;63;63;63;63;63;0;0;0;6;1;0;59;30;6;15;15;15;14;28;35;0;0;0;0;0;53;10;10;53;10;10;53;10;10;1;29;2;1;1;6;9;14;16;8;1;6;9;14;0;20;14;-2;1;1;1;2;11;16;4;6;9;14;0;True;True;True;True;True;True;True;574;Hoffenheim_Kit Arq.png;10;10;10;14;28;35;;;;;;;;;;;;;;;;;;;;;;;;
38453248;2347;0;False;0;8;71;0;0;0;0;45;5;11;60;54;16;54;54;54;54;54;54;54;54;54;54;54;54;0;0;0;0;45;5;11;54;54;54;54;54;54;54;54;54;54;54;54;0;0;0;45;5;11;54;54;54;54;54;54;54;54;54;0;0;54;54;54;54;54;54;54;54;54;1;27;0;1;1;56;56;56;12;8;1;56;56;56;0;20;14;-2;0;0;0;2;6;16;2;56;56;56;1;True;True;True;True;True;True;True;646;Le Mans_Kit 1.png;0;0;0;0;0;0;;;;;;;;;;;;;;;;;;;;;;;;
38453249;2347;1;False;0;8;71;0;0;0;0;60;54;16;45;5;11;54;54;54;54;54;54;54;54;54;54;54;54;0;0;0;0;60;54;16;54;54;54;54;54;54;54;54;54;54;54;54;0;0;0;60;54;16;54;54;54;54;54;54;54;54;54;0;0;54;54;54;54;54;54;54;54;54;1;27;0;1;1;45;5;11;12;8;1;45;5;11;0;20;14;-2;0;0;0;2;6;15;2;45;5;11;1;True;True;True;True;True;True;True;647;Le Mans_Kit 2.png;0;0;0;0;0;0;;;;;;;;;;;;;;;;;;;;;;;;
38453376;2347;0;True;0;1;0;0;0;0;0;56;28;49;54;54;54;54;54;54;54;54;54;54;54;54;54;54;54;0;0;0;0;56;28;49;54;54;54;54;54;54;54;54;54;54;54;54;0;0;0;56;28;49;54;54;54;54;54;54;54;54;54;0;0;54;54;54;54;54;54;54;54;54;1;27;0;1;1;56;56;56;12;8;1;56;56;56;0;20;14;-2;0;0;0;1;6;15;2;56;56;56;1;True;True;True;True;True;True;True;648;Le Mans_Kit Arq.png;0;0;0;0;0;0;;;;;;;;;;;;;;;;;;;;;;;;
38469632;2348;0;False;0;1;71;0;0;0;0;56;56;56;10;30;17;63;63;63;63;63;63;63;63;63;0;0;0;0;0;0;0;56;56;56;63;63;63;53;53;53;10;18;22;0;0;0;0;0;0;56;56;56;63;63;63;63;63;63;0;0;0;0;0;53;53;10;53;53;10;53;53;10;1;8;2;4;1;3;3;3;18;8;3;3;3;3;0;20;14;-2;1;1;1;1;12;16;2;3;3;3;0;True;True;True;True;True;True;True;557;Borussia M_Kit 1.png;14;31;19;21;42;26;;;;;;;;;;;;;;;;;;;;;;;;
38469633;2348;1;False;0;1;71;0;0;0;0;7;7;7;10;35;15;63;63;63;63;63;63;63;63;63;0;0;0;0;0;0;0;7;7;7;63;63;63;10;10;10;10;10;10;0;0;0;0;0;0;7;7;7;63;63;63;63;63;63;0;0;0;0;0;53;53;10;53;53;10;53;53;10;1;8;2;4;1;60;49;33;18;8;3;60;49;33;0;20;14;-2;3;3;3;1;9;18;2;60;49;33;0;True;True;True;True;True;True;True;558;Borussia M_Kit 2.png;53;53;53;53;53;53;;;;;;;;;;;;;;;;;;;;;;;;
38469760;2348;0;True;0;1;0;0;0;0;0;22;48;53;63;63;63;63;63;63;63;63;63;63;63;63;0;0;0;0;0;0;0;22;48;53;63;63;63;63;63;63;63;63;63;0;0;0;0;0;0;22;48;53;63;63;63;63;63;63;0;0;0;0;0;53;53;10;53;53;10;53;53;10;1;8;2;4;1;3;3;3;18;8;3;3;3;3;0;20;14;-2;3;3;3;1;11;16;2;3;3;3;0;True;True;True;True;True;True;True;559;Borussia M_Kit Arq.png;10;10;10;14;31;19;;;;;;;;;;;;;;;;;;;;;;;;
38486016;2349;0;False;0;1;71;0;0;0;0;7;7;7;58;3;4;63;63;63;63;63;63;63;63;63;0;0;0;0;0;0;0;7;7;7;63;63;63;53;53;53;63;63;63;63;63;63;0;0;0;7;7;7;63;63;63;63;63;63;63;63;63;0;0;53;46;18;53;46;18;53;46;18;1;8;2;2;1;56;56;56;17;9;3;56;56;56;0;20;14;-2;3;3;3;1;10;21;4;56;56;56;0;True;True;True;True;True;True;True;46;Bayer 04_Kit 1.png;52;15;17;53;23;24;;;;;;;;;;;;;;;;;;;;;;;;
38486017;2349;1;False;0;1;71;0;0;0;0;56;56;56;20;40;50;63;63;63;63;63;63;63;63;63;0;0;0;0;0;0;0;20;40;50;63;63;63;63;63;63;63;63;63;63;63;63;0;0;0;20;40;50;63;63;63;63;63;63;63;63;63;0;0;53;46;18;53;46;18;53;46;18;1;8;2;2;1;3;3;3;17;9;3;3;3;3;0;20;14;-2;12;3;3;1;10;21;4;56;56;56;0;True;True;True;True;True;True;True;47;Bayer 04_Kit 2.png;53;53;53;53;53;53;;;;;;;;;;;;;;;;;;;;;;;;
38486144;2349;0;True;0;2;0;0;0;0;0;57;57;20;63;63;63;63;63;63;63;63;63;63;63;63;0;0;0;0;0;0;0;57;57;20;63;63;63;63;63;63;63;63;63;63;63;63;0;0;0;57;57;20;63;63;63;63;63;63;63;63;63;0;0;53;46;18;53;46;18;53;46;18;1;8;2;2;1;3;3;3;17;9;3;3;3;3;0;20;14;-2;13;13;13;1;10;21;4;3;3;3;0;True;True;True;True;True;True;True;48;Bayer 04_Kit Arq.png;10;10;10;52;15;17;;;;;;;;;;;;;;;;;;;;;;;;
38502400;2350;0;False;0;1;71;0;0;0;0;60;52;3;5;5;5;63;63;63;63;63;63;63;63;63;0;0;0;0;0;0;0;60;52;3;63;63;63;63;63;63;63;63;63;63;63;63;0;0;0;60;52;3;63;63;63;63;63;63;63;63;63;0;0;35;14;14;15;24;38;15;24;38;1;29;6;3;1;7;7;7;15;10;2;7;7;7;0;20;14;-2;10;10;10;2;10;16;6;7;7;7;0;True;True;True;True;True;False;False;2047;;51;46;10;53;51;15;;;;;;;;;;;;;;;;;;;;;;;;
38502401;2350;1;False;0;2;0;0;0;0;0;7;7;7;63;63;63;63;63;63;63;63;63;63;63;63;0;0;0;0;0;0;0;7;7;7;63;63;63;63;63;63;63;63;63;63;63;63;0;0;0;7;7;7;63;63;63;63;63;63;63;63;63;0;0;35;14;14;15;24;38;15;24;38;1;29;6;3;1;63;63;63;15;10;2;63;63;63;0;20;14;-2;53;53;53;2;6;16;3;63;63;63;0;True;True;True;True;True;False;False;2047;S;12;32;17;10;25;12;;;;;;;;;;;;;;;;;;;;;;;;
38502528;2350;0;True;0;2;0;0;0;0;0;58;17;17;63;63;63;63;63;63;63;63;63;63;63;63;0;0;0;0;0;0;0;56;10;10;63;63;63;63;63;63;63;63;63;63;63;63;0;0;0;56;10;10;63;63;63;63;63;63;63;63;63;0;0;35;14;14;15;24;38;15;24;38;1;29;6;3;1;56;56;56;15;10;2;56;56;56;0;20;14;-2;53;53;53;2;6;16;3;63;63;63;0;True;True;True;True;True;False;False;2047;Sh;10;10;10;10;30;14;;;;;;;;;;;;;;;;;;;;;;;;
38518784;2351;0;False;0;1;71;0;0;0;0;0;38;28;56;56;54;63;63;63;63;63;63;63;63;63;0;0;0;0;0;0;0;56;56;56;63;63;63;53;53;53;22;39;32;0;0;0;8;9;0;0;38;28;53;53;53;15;32;25;0;0;0;0;0;53;53;10;53;53;10;53;53;10;1;8;2;2;1;3;3;3;18;8;1;3;3;3;0;20;14;-2;1;1;1;1;8;17;4;3;3;3;0;True;True;True;True;True;True;True;581;Werder Bremen_Kit 1.png;15;32;25;22;39;32;;;;;;;;;;;;;;;;;;;;;;;;
38518785;2351;1;False;0;2;71;0;0;0;0;3;12;9;56;56;56;63;63;63;63;63;63;63;63;63;0;0;0;0;0;0;0;3;12;9;63;63;63;10;10;10;10;10;10;0;0;0;8;9;0;3;12;9;22;39;32;10;10;10;0;0;0;0;0;53;53;10;53;53;10;53;53;10;1;8;2;2;1;56;56;56;18;8;1;56;56;56;0;20;14;-2;1;1;1;1;11;17;4;56;56;56;0;True;True;True;True;True;True;True;582;Werder Bremen_Kit 2.png;53;53;53;53;53;53;;;;;;;;;;;;;;;;;;;;;;;;
38518912;2351;0;True;0;1;0;0;0;0;0;7;7;7;63;63;63;63;63;63;63;63;63;63;63;63;0;0;0;0;0;0;0;7;7;7;63;63;63;63;63;63;63;63;63;0;0;0;6;1;0;7;7;7;15;15;15;15;32;25;0;0;0;0;0;53;53;10;53;53;10;53;53;10;1;8;2;2;1;56;56;56;18;8;1;56;56;56;0;20;14;-2;3;3;3;1;11;19;4;56;56;56;0;True;True;True;True;True;True;True;583;Werder Bremen_Kit Arq.png;10;10;10;15;32;25;;;;;;;;;;;;;;;;;;;;;;;;
38535168;2352;0;False;0;8;71;0;0;0;0;7;7;7;4;8;34;63;63;63;63;63;63;63;63;63;63;63;63;0;0;0;0;7;7;7;63;63;63;63;63;63;63;63;63;63;63;63;0;0;0;7;7;7;63;63;63;63;63;63;63;63;63;0;0;15;24;38;15;24;38;15;24;38;1;8;2;4;1;63;63;63;19;10;4;63;63;63;0;20;14;-2;1;1;1;1;11;16;3;63;63;63;0;True;True;True;False;True;True;True;612;Paderborn_Kit 1.png;53;42;10;53;49;17;;;;;;;;;;;;;;;;;;;;;;;;
38535169;2352;1;False;0;10;71;0;0;0;0;63;6;12;63;46;20;63;63;63;63;63;63;63;63;63;63;63;63;0;0;0;0;63;46;20;63;63;63;63;63;63;63;63;63;63;63;63;0;0;0;63;6;12;63;63;63;63;63;63;63;63;63;0;0;15;24;38;15;24;38;15;24;38;1;8;2;4;1;63;46;20;19;10;4;63;46;20;0;20;14;-2;1;1;1;1;11;14;3;63;6;12;0;True;True;True;False;True;True;True;613;Paderborn_Kit 2.png;53;53;53;53;53;53;;;;;;;;;;;;;;;;;;;;;;;;
38535296;2352;0;True;0;1;0;0;0;0;0;22;48;53;63;63;63;63;63;63;63;63;63;63;63;63;63;63;63;0;0;0;0;22;48;53;63;63;63;63;63;63;63;63;63;63;63;63;0;0;0;22;48;53;63;63;63;63;63;63;63;63;63;0;0;15;24;38;15;24;38;15;24;38;1;8;2;4;1;0;0;0;19;10;4;0;0;0;0;20;14;-2;3;3;3;1;11;17;3;0;0;0;0;True;True;True;False;True;True;True;614;Paderborn_Kit Arq.png;10;10;10;53;42;10;;;;;;;;;;;;;;;;;;;;;;;;
38551552;2353;0;False;0;3;0;0;0;0;0;10;21;40;63;63;63;63;63;63;63;63;63;63;63;63;0;0;0;0;0;0;0;56;56;56;63;63;63;63;63;63;63;63;63;63;63;63;0;0;0;7;7;7;63;63;63;63;63;63;63;63;63;0;0;53;46;18;53;46;18;53;46;18;1;27;5;2;1;56;56;56;12;7;3;56;56;56;0;20;14;-2;53;53;53;1;9;19;6;10;21;40;0;True;True;True;True;True;False;False;2047;;15;17;35;10;12;30;;;;;;;;;;;;;;;;;;;;;;;;
38551553;2353;1;False;0;2;71;0;0;0;0;56;56;56;10;21;40;63;63;63;63;63;63;63;63;63;0;0;0;0;0;0;0;56;56;56;63;63;63;63;63;63;63;63;63;63;63;63;0;0;0;56;56;56;63;63;63;63;63;63;63;63;63;0;0;53;46;18;53;46;18;53;46;18;1;27;5;2;1;10;21;40;12;7;3;10;21;40;0;20;14;-2;53;53;53;1;9;19;6;10;21;40;0;True;True;True;True;True;False;False;2047;R;47;12;12;42;10;10;;;;;;;;;;;;;;;;;;;;;;;;
38551680;2353;0;True;0;1;0;0;0;0;0;10;11;12;63;63;63;63;63;63;63;63;63;63;63;63;63;63;63;0;0;0;0;10;11;12;63;63;63;63;63;63;63;63;63;63;63;63;0;0;0;10;11;12;63;63;63;63;63;63;63;63;63;0;0;53;46;18;53;46;18;53;46;18;1;27;5;2;1;56;56;56;12;7;3;63;63;63;0;20;14;-2;53;53;53;1;9;19;6;56;56;56;0;True;True;True;True;True;False;False;2047;Ra;10;10;10;15;17;35;;;;;;;;;;;;;;;;;;;;;;;;
38567936;2354;0;False;0;2;71;0;0;0;0;56;56;56;50;10;12;63;63;63;63;63;63;63;63;63;0;0;0;0;0;0;0;56;56;56;63;63;63;53;53;53;45;32;10;0;0;0;0;0;0;56;56;56;63;63;63;63;63;63;0;0;0;0;0;35;14;14;53;53;10;53;53;10;1;31;2;3;1;52;10;12;18;8;3;52;10;12;0;20;14;-2;1;1;1;1;6;15;4;52;10;12;0;True;True;True;True;True;True;True;560;Colonia_Kit 1.png;29;28;18;36;35;25;;;;;;;;;;;;;;;;;;;;;;;;
38567937;2354;1;False;0;6;71;0;0;0;0;52;10;12;56;56;56;63;63;63;63;63;63;63;63;63;0;0;0;0;0;0;0;52;10;12;63;63;63;10;10;10;10;10;10;0;0;0;0;0;0;52;10;12;63;63;63;63;63;63;0;0;0;0;0;35;14;14;53;53;10;53;53;10;1;31;2;3;1;56;56;56;18;8;3;56;56;56;0;20;14;-2;1;1;1;1;5;15;4;56;56;56;0;True;True;True;True;True;True;True;561;Colonia_Kit 2.png;53;53;53;53;53;53;;;;;;;;;;;;;;;;;;;;;;;;
38568064;2354;0;True;0;1;0;0;0;0;0;7;20;38;63;63;63;63;63;63;63;63;63;63;63;63;0;0;0;0;0;0;0;7;20;38;63;63;63;63;63;63;63;63;63;0;0;0;0;0;0;7;20;38;63;63;63;63;63;63;0;0;0;0;0;35;14;14;53;53;10;53;53;10;1;31;2;3;1;56;56;56;18;8;3;56;56;56;0;20;14;-2;1;1;1;1;5;15;4;56;56;56;0;True;True;True;True;True;True;True;562;Colonia_Kit Arq.png;10;10;10;29;28;18;;;;;;;;;;;;;;;;;;;;;;;;
38584320;2355;0;False;0;1;71;0;0;0;0;56;56;56;52;9;12;63;63;63;63;63;63;63;63;63;0;0;0;0;0;0;0;56;56;56;63;63;63;53;53;53;53;36;38;0;0;0;8;9;0;56;56;56;53;53;53;39;15;17;0;0;0;0;0;53;53;10;53;53;10;53;53;10;1;9;2;4;1;7;7;7;19;8;4;7;7;7;0;20;14;-2;1;1;1;1;8;16;4;7;7;7;0;True;True;True;False;True;True;True;578;Stuttgart_Kit 1.png;39;15;17;46;22;24;;;;;;;;;;;;;;;;;;;;;;;;
38584321;2355;1;False;0;2;71;0;0;0;0;52;9;12;56;56;56;63;63;63;63;63;63;63;63;63;0;0;0;0;0;0;0;52;9;12;63;63;63;10;10;10;10;10;10;0;0;0;8;9;0;52;9;12;39;15;17;10;10;10;0;0;0;0;0;53;53;10;53;53;10;53;53;10;1;9;2;4;1;56;56;56;19;8;4;56;56;56;0;20;14;-2;3;3;3;1;8;16;4;53;53;53;0;True;True;True;False;True;True;True;579;Stuttgart_Kit 2.png;53;53;53;53;53;53;;;;;;;;;;;;;;;;;;;;;;;;
38584448;2355;0;True;0;1;0;0;0;0;0;21;55;16;63;63;63;63;63;63;63;63;63;63;63;63;0;0;0;0;0;0;0;7;49;10;63;63;63;63;63;63;63;63;63;0;0;0;6;1;0;7;49;10;15;15;15;39;15;17;0;0;0;0;0;53;53;10;53;53;10;53;53;10;1;9;2;4;1;56;56;56;19;8;4;56;56;56;0;20;14;-2;1;1;1;1;8;16;4;56;56;56;0;True;True;True;False;True;True;True;580;Stuttgart_Kit Arq.png;10;10;10;39;15;17;;;;;;;;;;;;;;;;;;;;;;;;
38600704;2356;0;False;0;13;71;0;0;0;0;53;53;53;48;3;3;63;63;63;63;63;63;63;63;63;63;63;63;0;0;0;0;48;3;3;63;63;63;53;53;53;63;63;63;63;63;63;0;0;0;48;3;3;63;63;63;63;63;63;63;63;63;0;0;53;53;10;53;53;10;53;53;10;1;32;3;4;1;48;3;3;16;9;4;48;3;3;0;20;14;-2;3;3;3;1;12;16;3;53;53;53;0;True;True;True;False;True;True;True;590;E Roja_Kit 1.png;36;12;12;45;21;21;;;;;;;;;;;;;;;;;;;;;;;;
38600705;2356;1;False;0;1;71;0;0;0;0;3;9;18;48;3;3;63;63;63;63;63;63;63;63;63;0;0;0;0;0;0;0;3;9;18;63;63;63;63;63;63;63;63;63;63;63;63;0;0;0;3;9;18;63;63;63;63;63;63;63;63;63;0;0;53;53;10;53;53;10;53;53;10;1;32;3;4;1;55;55;55;16;9;4;55;55;55;0;20;14;-2;3;3;3;1;12;16;3;53;53;53;0;True;True;True;False;True;True;True;591;E Roja_Kit 2.png;53;53;53;53;53;53;;;;;;;;;;;;;;;;;;;;;;;;
38600832;2356;0;True;0;1;0;0;0;0;0;10;10;10;63;63;63;63;63;63;63;63;63;63;63;63;0;0;0;0;0;0;0;10;10;10;63;63;63;63;63;63;63;63;63;63;63;63;0;0;0;10;10;10;63;63;63;63;63;63;63;63;63;0;0;53;53;10;53;53;10;53;53;10;1;32;3;4;1;53;53;53;16;9;4;55;55;55;0;20;14;-2;1;1;1;1;12;17;3;53;53;53;0;True;True;True;False;True;True;True;592;E Roja_Kit Arq.png;10;10;10;36;12;12;;;;;;;;;;;;;;;;;;;;;;;;
38617088;2357;0;False;0;1;71;0;0;0;0;62;52;3;7;7;7;63;63;63;63;63;63;63;63;63;0;0;0;0;0;0;0;62;52;3;63;63;63;63;63;63;63;63;63;63;63;63;0;0;0;62;52;3;63;63;63;63;63;63;63;63;63;0;0;35;14;14;35;14;14;35;14;14;1;8;6;1;1;0;0;0;18;10;1;0;0;0;0;20;14;-2;1;1;1;2;2;17;-5;0;0;0;0;True;True;True;False;True;True;True;584;BodoGlimt._Kit 1.png;17;25;39;24;32;46;;;;;;;;;;;;;;;;;;;;;;;;
38617089;2357;1;False;0;2;71;0;0;0;0;2;6;11;54;43;6;63;63;63;63;63;63;63;63;63;0;0;0;0;0;0;0;2;6;11;63;63;63;63;63;63;63;63;63;63;63;63;0;0;0;2;6;11;63;63;63;63;63;63;63;63;63;0;0;35;14;14;35;14;14;35;14;14;1;8;6;1;1;54;43;6;18;10;1;54;43;6;0;20;14;-2;1;1;1;2;2;17;-5;54;43;6;0;True;True;True;False;True;True;True;585;BodoGlimt._Kit 2.png;53;53;53;53;53;53;;;;;;;;;;;;;;;;;;;;;;;;
38617216;2357;0;True;0;1;0;0;0;0;0;33;12;42;63;63;63;63;63;63;63;63;63;63;63;63;0;0;0;0;0;0;0;33;12;42;63;63;63;63;63;63;63;63;63;63;63;63;0;0;0;33;12;42;63;63;63;63;63;63;63;63;63;0;0;35;14;14;35;14;14;35;14;14;1;8;6;1;1;56;56;56;18;10;1;56;56;56;0;20;14;-2;1;1;1;2;2;17;-5;56;56;56;0;True;True;True;False;True;True;True;586;BodoGlimt._Kit Arq.png;10;10;10;17;25;39;;;;;;;;;;;;;;;;;;;;;;;;
38813696;2369;0;False;0;4;71;0;0;0;0;2;15;36;41;4;6;63;63;63;63;63;63;63;63;63;63;63;63;0;0;0;0;2;15;36;63;63;63;63;63;63;63;63;63;63;63;63;0;0;0;2;15;36;63;63;63;63;63;63;63;63;63;0;0;15;24;38;53;46;18;53;46;18;1;30;4;3;1;56;56;56;16;9;3;56;56;56;0;20;14;-2;3;5;6;1;13;19;6;56;56;56;0;True;True;True;False;True;True;True;512;Alverca_Kit 1.png;12;12;12;10;10;10;;;;;;;;;;;;;;;;;;;;;;;;
38813697;2369;1;False;0;4;71;0;0;0;0;56;56;56;41;4;6;63;63;63;63;63;63;63;63;63;63;63;63;0;0;0;0;56;56;56;63;63;63;63;63;63;63;63;63;63;63;63;0;0;0;56;56;56;63;63;63;63;63;63;63;63;63;0;0;15;24;38;53;46;18;53;46;18;1;30;4;3;1;2;15;36;16;9;3;2;15;36;0;20;14;-2;3;5;6;1;13;16;6;2;15;36;0;True;True;True;False;True;True;True;513;Alverca_Kit 2.png;53;53;53;51;51;51;;;;;;;;;;;;;;;;;;;;;;;;
38813824;2369;0;True;0;1;0;0;0;0;0;56;62;8;63;63;63;63;63;63;63;63;63;63;63;63;63;63;63;0;0;0;0;56;62;8;63;63;63;63;63;63;63;63;63;63;63;63;0;0;0;56;62;8;63;63;63;63;63;63;63;63;63;0;0;15;24;38;53;46;18;53;46;18;1;30;4;3;1;5;5;5;16;9;3;5;5;5;0;20;14;-2;3;3;3;1;13;16;6;5;5;5;0;True;True;True;False;True;True;True;514;Alverca_Kit Arq.png;20;20;20;53;48;11;;;;;;;;;;;;;;;;;;;;;;;;
38944768;2377;0;False;0;3;71;0;0;0;0;59;51;0;42;10;10;63;63;63;63;63;63;63;63;63;63;63;63;0;0;0;0;4;7;14;63;63;63;63;63;63;63;63;63;63;63;63;0;0;0;4;7;14;63;63;63;63;63;63;63;63;63;0;0;15;24;38;53;46;18;53;46;18;1;29;2;4;1;4;7;14;14;8;2;4;7;14;0;20;14;-2;3;3;3;1;6;15;2;59;51;0;0;True;True;True;False;True;True;True;379;Lecce_Kit 1.png;36;43;29;51;22;12;;;;;;;;;;;;;;;;;;;;;;;;
38944769;2377;1;False;0;1;71;0;0;0;0;56;56;56;11;11;19;63;63;63;63;63;63;63;63;63;63;63;63;0;0;0;0;56;56;56;63;63;63;63;63;63;63;63;63;63;63;63;0;0;0;56;56;56;63;63;63;63;63;63;63;63;63;0;0;15;24;38;53;46;18;53;46;18;1;29;2;4;1;11;11;19;14;8;2;11;11;19;0;20;14;-2;3;3;3;1;6;15;2;11;11;19;0;True;True;True;False;True;True;True;380;Lecce_Kit 2.png;53;53;53;36;43;29;;;;;;;;;;;;;;;;;;;;;;;;
38944896;2377;0;True;0;1;0;0;0;0;0;58;29;24;63;63;63;63;63;63;63;63;63;63;63;63;63;63;63;0;0;0;0;58;29;24;63;63;63;63;63;63;63;63;63;63;63;63;0;0;0;58;29;24;63;63;63;63;63;63;63;63;63;0;0;15;24;38;53;46;15;53;46;15;1;29;2;4;1;56;56;56;14;8;2;56;56;56;0;20;14;-2;13;13;13;1;6;15;2;56;56;56;0;True;True;True;False;True;True;True;381;Lecce_Kit Arq.png;10;10;10;36;43;29;;;;;;;;;;;;;;;;;;;;;;;;
39026688;2382;0;False;0;2;71;0;0;0;0;28;3;2;56;56;56;63;63;63;63;63;63;63;63;63;63;63;63;0;0;0;0;28;3;2;63;63;63;63;63;63;63;63;63;63;63;63;0;0;0;28;3;2;63;63;63;63;63;63;63;63;63;0;0;53;46;18;53;46;18;53;46;18;1;27;6;6;1;56;56;56;12;10;6;56;56;56;0;20;14;-2;13;13;13;2;14;16;6;53;53;53;0;True;True;True;False;True;True;True;509;AVS_Kit 1.png;53;14;11;51;12;10;;;;;;;;;;;;;;;;;;;;;;;;
39026689;2382;1;False;0;2;71;0;0;0;0;53;53;53;41;4;6;63;63;63;63;63;63;63;63;63;63;63;63;0;0;0;0;53;53;53;63;63;63;63;63;63;63;63;63;63;63;63;0;0;0;56;56;56;63;63;63;63;63;63;63;63;63;0;0;53;46;18;53;46;18;53;46;18;1;27;6;6;1;41;4;6;12;10;6;41;4;6;0;20;14;-2;3;5;6;2;14;16;6;41;4;6;0;True;True;True;False;True;True;True;510;AVS_Kit 2.png;53;53;53;51;51;51;;;;;;;;;;;;;;;;;;;;;;;;
39026816;2382;0;True;0;2;0;0;0;0;0;2;26;8;63;63;63;63;63;63;63;63;63;63;63;63;63;63;63;0;0;0;0;2;26;8;63;63;63;63;63;63;63;63;63;63;63;63;0;0;0;2;26;8;63;63;63;63;63;63;63;63;63;0;0;53;46;18;53;46;18;53;46;18;1;27;6;6;1;53;53;53;12;10;6;53;53;53;0;20;14;-2;3;3;3;2;14;16;6;53;53;53;0;True;True;True;False;True;True;True;511;AVS_Kit Arq.png;10;10;10;52;15;14;;;;;;;;;;;;;;;;;;;;;;;;
39043072;2383;0;False;0;1;76;75;19;56;0;49;12;14;52;15;17;48;11;12;52;15;17;52;15;17;0;0;0;7;9;0;0;52;15;17;32;10;10;32;10;10;45;10;10;0;0;0;18;0;0;32;10;10;52;15;17;36;10;11;0;0;0;0;0;53;46;18;53;46;18;53;46;18;1;32;2;1;1;53;48;10;19;7;1;53;48;10;0;20;14;-2;13;13;13;1;6;16;3;53;48;10;0;False;False;False;False;False;False;False;2047;;49;12;14;52;15;17;;;;;;;;;;;;;;;;;;;;;;;;
39043073;2383;1;False;0;1;76;75;19;56;0;33;33;33;36;36;36;41;41;41;36;36;36;36;36;36;0;0;0;7;9;0;0;53;53;53;36;36;36;36;36;36;38;38;38;0;0;0;18;0;0;53;53;53;39;39;39;49;49;49;0;0;0;0;0;53;46;18;53;46;18;53;46;18;1;32;2;1;1;32;10;10;19;7;1;32;10;10;0;20;14;-2;12;3;3;1;6;16;3;32;10;10;0;False;False;False;False;False;False;False;2047;;33;33;33;41;41;41;;;;;;;;;;;;;;;;;;;;;;;;
39043200;2383;0;True;0;1;50;76;45;5;0;10;10;10;52;15;17;10;10;10;52;15;17;10;10;10;0;0;0;16;9;2;0;10;10;10;15;15;15;52;15;17;32;10;10;0;0;0;6;1;0;10;10;10;15;15;15;52;15;17;0;0;0;0;0;53;46;18;53;46;18;53;46;18;1;32;2;1;1;53;48;10;19;7;1;53;48;10;0;20;14;-2;3;3;3;1;6;16;3;53;48;10;0;False;False;False;False;False;False;False;2047;;10;10;10;52;15;17;;;;;;;;;;;;;;;;;;;;;;;;
39075840;2385;0;False;0;2;71;0;0;0;0;7;7;7;56;56;56;63;63;63;63;63;63;63;63;63;63;63;63;0;0;0;0;7;7;7;63;63;63;63;63;63;63;63;63;63;63;63;0;0;0;7;7;7;63;63;63;63;63;63;63;63;63;0;0;53;46;18;53;46;18;53;46;18;1;27;5;6;1;53;53;53;12;10;6;56;56;56;0;20;14;-2;53;53;53;1;12;17;6;56;56;56;0;True;True;True;False;True;True;True;524;Casa Pia_Kit 1.png;15;33;45;18;36;48;;;;;;;;;;;;;;;;;;;;;;;;
39075841;2385;1;False;0;1;71;0;0;0;0;56;56;56;7;7;7;63;63;63;63;63;63;63;63;63;63;63;63;0;0;0;0;56;56;56;63;63;63;63;63;63;63;63;63;63;63;63;0;0;0;56;56;56;63;63;63;63;63;63;63;63;63;0;0;53;46;18;53;46;18;53;46;18;1;27;5;6;1;7;7;7;12;10;6;7;7;7;0;17;15;-3;53;53;53;1;12;17;6;7;7;7;0;True;True;True;False;True;True;True;525;Casa Pia_Kit 2.png;11;12;17;13;14;19;;;;;;;;;;;;;;;;;;;;;;;;
39075968;2385;0;True;0;2;0;0;0;0;0;52;57;29;63;63;63;63;63;63;63;63;63;63;63;63;63;63;63;0;0;0;0;52;57;29;63;63;63;63;63;63;63;63;63;63;63;63;0;0;0;52;57;29;63;63;63;63;63;63;63;63;63;0;0;53;46;18;53;46;18;53;46;18;1;27;5;6;1;56;56;56;12;8;6;56;56;56;0;17;15;-3;53;53;53;1;9;18;6;56;56;56;0;True;True;True;False;True;True;True;526;Casa Pia_Kit Arq.png;10;10;10;14;32;43;;;;;;;;;;;;;;;;;;;;;;;;
39124992;2388;0;False;0;1;71;0;0;0;0;56;56;56;3;26;3;63;63;63;63;63;63;63;63;63;0;0;0;0;0;0;0;56;56;56;63;63;63;63;63;63;15;35;48;0;0;0;0;0;0;56;56;56;63;63;63;11;21;33;0;0;0;0;0;53;46;18;53;46;18;53;46;18;1;32;2;1;1;53;53;53;19;7;1;53;53;53;0;20;14;-2;53;53;53;1;6;16;3;53;53;53;0;True;True;True;False;False;True;True;539;Moreirense_Kit 1.png;10;25;39;10;29;42;;;;;;;;;;;;;;;;;;;;;;;;
39124993;2388;1;False;0;1;71;0;0;0;0;1;5;14;56;56;56;63;63;63;63;63;63;63;63;63;0;0;0;0;0;0;0;56;56;56;63;63;63;63;63;63;38;38;38;0;0;0;18;0;0;53;53;53;48;17;17;45;45;45;0;0;0;0;0;53;46;18;53;46;18;53;46;18;1;32;2;1;1;53;53;53;19;7;1;53;53;53;0;20;14;-2;53;53;53;1;6;16;3;41;10;10;0;True;True;False;False;False;True;True;540;Moreirense_Kit 2.png;45;14;14;53;22;22;;;;;;;;;;;;;;;;;;;;;;;;
39125120;2388;0;True;0;1;71;0;0;0;0;60;30;7;26;5;48;63;63;63;63;63;63;63;63;63;0;0;0;0;0;0;0;9;11;14;63;63;63;63;63;63;63;63;63;0;0;0;6;1;0;10;10;10;15;15;15;10;29;42;0;0;0;0;0;53;46;18;53;46;18;53;46;18;1;32;3;1;1;53;53;53;19;7;1;53;53;53;0;20;14;-2;53;53;53;1;10;16;3;53;53;53;0;True;True;False;False;True;True;True;541;Moreirense_Kit Arq.png;10;10;10;10;29;42;;;;;;;;;;;;;;;;;;;;;;;;
39419904;2406;0;False;0;9;71;0;0;0;0;58;52;6;8;3;14;63;63;63;63;63;63;63;63;63;63;63;63;0;0;0;0;8;3;14;63;63;63;63;63;63;63;63;63;63;63;63;0;0;0;58;52;6;63;63;63;63;63;63;63;63;63;0;0;53;46;15;53;46;15;53;46;15;1;30;4;3;1;8;3;14;16;8;3;8;3;14;0;20;14;-2;1;1;1;1;11;18;2;58;52;6;0;True;True;True;False;True;True;True;4;Al_Nassr_Kit 1.png;10;17;30;51;10;15;;;;;;;;;;;;;;;;;;;;;;;;
39419905;2406;1;False;0;9;71;0;0;0;0;6;9;17;56;56;56;63;63;63;63;63;63;63;63;63;63;63;63;0;0;0;0;6;9;17;63;63;63;63;63;63;63;63;63;63;63;63;0;0;0;6;9;17;63;63;63;63;63;63;63;63;63;0;0;53;46;18;53;46;18;53;46;18;1;30;4;3;1;56;56;56;16;8;3;56;56;56;0;20;14;-2;1;1;1;1;10;17;2;56;56;56;0;True;True;True;False;True;True;True;5;Al_Nassr_Kit 2.png;53;53;53;51;10;15;;;;;;;;;;;;;;;;;;;;;;;;
39419906;2406;2;False;0;9;0;0;0;0;0;54;54;54;54;54;54;54;54;54;54;54;54;54;54;54;54;54;54;0;0;0;0;54;54;54;54;54;54;54;54;54;54;54;54;54;54;54;0;0;0;54;54;54;54;54;54;54;54;54;54;54;54;0;0;54;54;54;54;54;54;54;54;54;1;30;4;3;1;6;9;17;16;8;3;6;9;17;0;20;14;0;0;0;0;1;11;12;2;6;9;17;1;True;True;True;True;True;True;True;6;Al_Nassr_Kit 3.png;13;13;13;13;13;13;;;;;;;;;;;;;;;;;;;;;;;;
39420032;2406;0;True;0;6;0;0;0;0;0;7;7;7;63;63;63;63;63;63;63;63;63;63;63;63;63;63;63;0;0;0;0;7;7;7;63;63;63;63;63;63;63;63;63;63;63;63;0;0;0;7;7;7;63;63;63;63;63;63;63;63;63;0;0;53;46;18;53;46;18;53;46;18;1;30;4;3;1;46;51;2;16;8;3;46;51;2;0;20;14;-2;1;1;1;1;10;16;2;46;51;2;0;True;True;True;False;True;True;True;7;Al_Nassr_Kit Arq.png;10;10;10;10;17;30;;;;;;;;;;;;;;;;;;;;;;;;
40189954;2453;2;False;0;1;71;0;0;0;0;50;50;50;0;14;30;54;54;54;54;54;54;54;54;54;54;54;54;0;0;0;0;0;14;30;54;54;54;54;54;54;54;54;54;54;54;54;0;0;0;50;50;50;54;54;54;54;54;54;54;54;54;0;0;54;54;54;54;54;54;54;54;54;1;26;3;2;1;0;14;30;11;8;1;0;14;30;0;20;14;0;0;0;0;0;16;15;10;56;56;56;1;True;True;True;True;True;True;True;33;Bahia_Kit 1.png;13;13;13;13;13;13;;;;;;;;;;;;;;;;;;;;;;;;
40189955;2453;3;False;0;2;71;0;0;0;0;6;13;24;50;7;10;54;54;54;54;54;54;54;54;54;54;54;54;0;0;0;0;6;13;24;54;54;54;54;54;54;54;54;54;54;54;54;0;0;0;50;7;10;54;54;54;54;54;54;54;54;54;0;0;54;54;54;54;54;54;54;54;54;1;24;3;2;1;60;60;60;9;8;1;56;56;56;0;20;14;0;0;0;0;0;13;15;10;56;56;56;1;True;True;True;True;True;True;True;35;Bahia_Kit 2.png;13;13;13;13;13;13;;;;;;;;;;;;;;;;;;;;;;;;
40517632;2473;0;False;0;1;71;0;0;0;0;52;46;36;7;7;7;63;63;63;63;63;63;63;63;63;63;63;63;0;0;0;0;52;46;36;63;63;63;63;63;63;63;63;63;63;63;63;0;0;0;52;46;36;63;63;63;63;63;63;63;63;63;0;0;53;46;18;53;46;18;53;46;18;1;26;3;4;1;2;2;2;11;9;4;2;2;2;0;20;14;-2;10;10;10;1;11;18;2;2;2;2;0;True;True;True;False;True;True;True;110;Cusco_Kit 1.png;31;46;49;53;53;53;;;;;;;;;;;;;;;;;;;;;;;;
40517633;2473;1;False;0;2;71;0;0;0;0;5;5;5;39;33;16;63;63;63;63;63;63;63;63;63;63;63;63;0;0;0;0;5;5;5;63;63;63;63;63;63;63;63;63;63;63;63;0;0;0;5;5;5;63;63;63;63;63;63;63;63;63;0;0;53;46;18;53;46;18;53;46;18;1;26;3;4;1;39;33;16;11;9;4;39;33;16;0;20;14;-2;10;10;10;1;11;18;2;39;33;16;0;True;True;True;False;True;True;True;111;Cusco_Kit 2.png;49;49;49;35;50;53;;;;;;;;;;;;;;;;;;;;;;;;
40517760;2473;0;True;0;1;0;0;0;0;0;62;18;30;63;63;63;63;63;63;63;63;63;63;63;63;63;63;63;0;0;0;0;62;18;30;63;63;63;63;63;63;63;63;63;63;63;63;0;0;0;62;18;30;63;63;63;63;63;63;63;63;63;0;0;53;46;18;53;46;18;53;46;18;1;26;3;4;1;60;60;60;12;9;4;60;60;60;0;20;14;-2;53;53;53;1;5;16;2;60;60;60;0;True;True;True;False;True;True;True;112;Cusco_Kit Arq.png;10;10;10;35;50;53;;;;;;;;;;;;;;;;;;;;;;;;
40599552;2478;0;False;0;1;71;0;0;0;0;57;23;28;58;32;37;63;63;63;63;63;63;63;63;63;63;63;63;0;0;0;0;57;23;28;63;63;63;63;63;63;63;63;63;63;63;63;0;0;0;58;32;37;63;63;63;63;63;63;63;63;63;0;0;35;14;14;53;46;18;53;46;18;1;30;3;3;1;3;3;3;16;10;3;3;3;3;0;20;14;-2;53;53;53;1;11;11;2;3;3;3;0;True;True;True;False;True;True;True;175;Inter Miami_Kit 1.png;51;42;10;10;10;10;;;;;;;;;;;;;;;;;;;;;;;;
40599553;2478;1;False;0;1;71;0;0;0;0;7;7;7;13;13;13;63;63;63;63;63;63;63;63;63;63;63;63;0;0;0;0;7;7;7;63;63;63;63;63;63;63;63;63;63;63;63;0;0;0;7;7;7;63;63;63;63;63;63;63;63;63;0;0;35;14;14;53;46;18;53;46;18;1;30;3;3;1;58;32;37;16;10;3;58;32;37;0;20;14;-2;53;53;53;1;11;11;2;58;32;37;0;True;True;True;False;True;True;True;176;Inter Miami_Kit 2.png;10;10;10;53;44;12;;;;;;;;;;;;;;;;;;;;;;;;
40599680;2478;0;True;0;1;0;0;0;0;0;18;31;47;63;63;63;63;63;63;63;63;63;63;63;63;63;63;63;0;0;0;0;11;21;36;63;63;63;63;63;63;63;63;63;63;63;63;0;0;0;11;21;36;63;63;63;63;63;63;63;63;63;0;0;35;14;14;53;46;18;53;46;18;1;30;3;3;1;56;56;56;16;10;3;56;56;56;0;20;14;-2;53;53;53;1;11;18;0;56;56;56;0;True;True;True;False;True;True;True;177;Inter Miami_Kit Arq.png;10;10;10;53;44;12;;;;;;;;;;;;;;;;;;;;;;;;
40648704;2481;0;False;0;4;71;0;0;0;0;49;0;6;56;56;56;63;63;63;63;63;63;63;63;63;63;63;63;0;0;0;0;56;56;56;63;63;63;63;63;63;63;63;63;63;63;63;0;0;0;49;0;6;63;63;63;63;63;63;63;63;63;0;0;53;46;18;53;46;18;53;46;18;1;25;4;2;1;56;56;56;10;8;4;56;56;56;0;20;14;-2;10;10;10;1;8;19;2;49;0;6;0;True;True;True;False;True;True;True;312;Santa Fe_Kit 1.png;15;11;27;53;53;53;;;;;;;;;;;;;;;;;;;;;;;;
40648705;2481;1;False;0;2;71;0;0;0;0;56;56;56;53;1;7;63;63;63;63;63;63;63;63;63;63;63;63;0;0;0;0;53;1;7;63;63;63;63;63;63;63;63;63;63;63;63;0;0;0;56;56;56;63;63;63;63;63;63;63;63;63;0;0;53;46;18;53;46;18;53;46;18;1;25;4;2;1;53;1;7;10;8;4;53;1;7;0;20;14;-2;53;53;53;1;8;19;2;56;56;56;0;True;True;True;False;True;True;True;313;Santa Fe_Kit 2.png;53;53;53;18;14;30;;;;;;;;;;;;;;;;;;;;;;;;
40648832;2481;0;True;0;1;0;0;0;0;0;31;11;43;63;63;63;63;63;63;63;63;63;63;63;63;63;63;63;0;0;0;0;31;11;43;63;63;63;63;63;63;63;63;63;63;63;63;0;0;0;31;11;43;63;63;63;63;63;63;63;63;63;0;0;53;46;18;53;46;18;53;46;18;1;25;4;2;1;56;56;56;10;8;4;56;56;56;0;20;14;-2;53;53;53;1;6;19;2;56;56;56;0;True;True;True;False;True;True;True;314;Santa Fe_Kit Arq.png;10;10;10;18;14;30;;;;;;;;;;;;;;;;;;;;;;;;
40681472;2483;0;False;0;2;71;0;0;0;0;60;60;60;10;16;27;63;63;63;63;63;63;63;63;63;63;63;63;0;0;0;0;56;56;56;63;63;63;63;63;63;63;63;63;63;63;63;0;0;0;56;56;56;63;63;63;63;63;63;63;63;63;0;0;15;24;38;53;46;18;53;46;18;1;28;4;2;1;10;16;27;14;10;2;10;16;27;0;20;14;-2;53;53;53;1;14;18;4;10;16;27;0;True;True;True;False;True;True;True;197;LDU Quito_Kit 1.png;48;10;12;50;46;38;;;;;;;;;;;;;;;;;;;;;;;;
40681473;2483;1;False;0;2;71;0;0;0;0;15;17;26;36;54;54;63;63;63;63;63;63;63;63;63;63;63;63;0;0;0;0;15;17;26;63;63;63;63;63;63;63;63;63;63;63;63;0;0;0;15;17;26;63;63;63;63;63;63;63;63;63;0;0;15;24;38;53;46;18;53;46;18;1;28;4;2;1;36;54;54;14;10;2;36;54;54;0;20;14;-2;10;10;10;1;12;18;4;36;54;54;0;True;True;True;False;True;True;True;198;LDU Quito_Kit 2.png;47;44;36;50;10;14;;;;;;;;;;;;;;;;;;;;;;;;
40681600;2483;0;True;0;1;0;0;0;0;0;1;45;19;50;10;14;10;10;10;50;10;14;10;10;10;0;0;0;0;0;0;0;1;45;19;63;63;63;63;63;63;63;63;63;63;63;63;0;0;0;1;45;19;63;63;63;63;63;63;63;63;63;0;0;15;24;38;53;46;18;53;46;18;1;28;4;2;1;60;60;60;14;10;2;60;60;60;0;20;14;-2;53;53;53;1;11;18;2;60;60;60;0;True;True;True;False;True;True;True;199;LDU Quito_Kit Arq.png;10;10;10;50;10;14;;;;;;;;;;;;;;;;;;;;;;;;
40697856;2484;0;False;0;8;71;0;0;0;0;8;15;31;58;56;22;63;63;63;63;63;63;63;63;63;63;63;63;0;0;0;0;8;15;31;63;63;63;63;63;63;63;63;63;63;63;63;0;0;0;8;15;31;63;63;63;63;63;63;63;63;63;0;0;53;46;18;53;46;18;53;46;18;1;26;3;2;1;56;56;56;12;8;2;53;53;53;0;20;14;-2;53;53;53;1;3;8;-5;56;56;56;0;True;True;True;False;True;True;True;344;UCV_Kit 1.png;12;22;18;36;17;22;;;;;;;;;;;;;;;;;;;;;;;;
40697857;2484;1;False;0;1;71;0;0;0;0;56;56;56;7;20;37;63;63;63;63;63;63;63;63;63;63;63;63;0;0;0;0;56;56;56;63;63;63;63;63;63;63;63;63;63;63;63;0;0;0;56;56;56;63;63;63;63;63;63;63;63;63;0;0;53;46;18;53;46;18;53;46;18;1;26;3;2;1;7;20;37;12;8;2;7;20;37;0;20;14;-2;53;53;53;1;3;5;-5;7;20;37;0;True;True;True;False;True;True;True;345;UCV_Kit 2.png;32;12;18;17;26;22;;;;;;;;;;;;;;;;;;;;;;;;
40697984;2484;0;True;0;1;0;0;0;0;0;13;13;13;63;63;63;63;63;63;63;63;63;63;63;63;63;63;63;0;0;0;0;13;13;13;63;63;63;63;63;63;63;63;63;63;63;63;0;0;0;13;13;13;63;63;63;63;63;63;63;63;63;0;0;53;46;18;53;46;18;53;46;18;1;26;3;2;1;56;56;56;12;8;2;56;56;56;0;20;14;-2;53;53;53;1;3;11;-5;56;56;56;0;True;True;True;False;True;True;True;346;UCV_Kit Arq.png;10;10;10;17;26;22;;;;;;;;;;;;;;;;;;;;;;;;
40730624;2486;0;False;0;3;71;0;0;0;0;60;49;16;8;18;14;63;63;63;63;63;63;63;63;63;63;63;63;0;0;0;0;60;49;16;63;63;63;63;63;63;63;63;63;63;63;63;0;0;0;60;49;16;63;63;63;63;63;63;63;63;63;0;0;53;46;18;15;24;38;15;24;38;1;27;1;2;1;8;18;14;13;6;3;8;18;14;0;20;14;-2;10;10;10;1;9;20;1;8;18;14;0;True;True;True;False;True;True;True;234;Mirassol_Kit 1.png;10;17;37;53;53;53;;;;;;;;;;;;;;;;;;;;;;;;
40730625;2486;1;False;0;3;71;0;0;0;0;50;50;50;8;18;14;63;63;63;63;63;63;63;63;63;63;63;63;0;0;0;0;50;50;50;63;63;63;63;63;63;63;63;63;63;63;63;0;0;0;50;50;50;63;63;63;63;63;63;63;63;63;0;0;53;46;18;15;24;38;15;24;38;1;27;1;2;1;8;18;14;13;6;3;8;18;14;0;20;14;-2;10;10;10;1;9;20;1;8;18;14;0;True;True;True;False;True;True;True;236;Mirassol_Kit 2.png;45;46;49;15;25;42;;;;;;;;;;;;;;;;;;;;;;;;
40730752;2486;0;True;0;3;0;0;0;0;0;6;7;12;63;63;63;63;63;63;63;63;63;63;63;63;63;63;63;0;0;0;0;6;7;12;63;63;63;63;63;63;63;63;63;63;63;63;0;0;0;6;7;12;63;63;63;63;63;63;63;63;63;0;0;53;46;18;15;24;38;15;24;38;1;27;1;2;1;56;56;56;13;6;3;56;56;56;0;20;14;-2;53;53;53;1;9;20;1;56;56;56;0;True;True;True;False;True;True;True;238;Mirassol_Kit Arq.png;10;10;10;10;20;40;;;;;;;;;;;;;;;;;;;;;;;;
40796160;2490;0;False;0;9;71;0;0;0;0;35;9;14;53;47;36;63;63;63;63;63;63;63;63;63;63;63;63;0;0;0;0;35;9;14;63;63;63;63;63;63;63;63;63;63;63;63;0;0;0;35;9;14;63;63;63;63;63;63;63;63;63;0;0;53;46;18;53;46;18;53;46;18;0;32;2;1;1;53;53;53;13;9;2;53;47;36;0;20;14;-2;53;53;53;0;6;16;3;53;53;53;0;True;True;True;False;True;True;True;333;Tolima_Kit 1.png;10;10;10;17;22;46;;;;;;;;;;;;;;;;;;;;;;;;
40796161;2490;1;False;0;9;71;0;0;0;0;55;52;47;35;9;14;63;63;63;63;63;63;63;63;63;63;63;63;0;0;0;0;35;9;14;63;63;63;63;63;63;63;63;63;63;63;63;0;0;0;35;9;14;63;63;63;63;63;63;63;63;63;0;0;53;46;18;53;46;18;53;46;18;0;25;1;2;1;50;1;3;13;9;2;35;9;14;0;20;14;-2;53;53;53;0;10;13;-1;50;1;3;0;True;True;True;False;True;True;True;334;Tolima_Kit 2.png;12;18;36;14;14;14;;;;;;;;;;;;;;;;;;;;;;;;
40796288;2490;0;True;0;1;0;0;0;0;0;52;44;59;63;63;63;63;63;63;63;63;63;63;63;63;63;63;63;0;0;0;0;52;44;59;63;63;63;63;63;63;63;63;63;63;63;63;0;0;0;52;44;59;63;63;63;63;63;63;63;63;63;0;0;53;46;18;53;46;18;53;46;18;0;32;2;1;1;53;53;53;13;9;2;7;7;7;0;20;14;-2;53;53;53;0;6;16;3;53;53;53;0;True;True;True;False;True;True;True;335;Tolima_Kit Arq.png;10;10;10;17;22;41;;;;;;;;;;;;;;;;;;;;;;;;
40812544;2491;0;False;0;4;71;0;0;0;0;55;44;1;7;7;7;63;63;63;63;63;63;63;63;63;63;63;63;0;0;0;0;7;7;7;63;63;63;63;63;63;63;63;63;63;63;63;0;0;0;7;7;7;63;63;63;63;63;63;63;63;63;0;0;53;46;18;53;46;18;53;46;18;1;25;2;4;1;7;7;7;10;9;4;7;7;7;0;20;14;-2;10;10;10;2;17;20;0;55;44;1;0;True;True;True;False;True;True;True;101;Coquimbo_Kit 1.png;49;49;49;14;14;17;;;;;;;;;;;;;;;;;;;;;;;;
40812545;2491;1;False;0;4;71;0;0;0;0;56;56;56;55;44;1;63;63;63;63;63;63;63;63;63;63;63;63;0;0;0;0;56;56;56;63;63;63;63;63;63;63;63;63;63;63;63;0;0;0;56;56;56;63;63;63;63;63;63;63;63;63;0;0;53;46;18;53;46;18;53;46;18;1;25;2;4;1;7;7;7;10;9;4;7;7;7;0;20;14;-2;10;10;10;2;17;20;0;55;44;1;0;True;True;True;False;True;True;True;102;Coquimbo_Kit 2.png;10;10;12;53;53;53;;;;;;;;;;;;;;;;;;;;;;;;
40812672;2491;0;True;0;1;0;0;0;0;0;13;36;29;63;63;63;63;63;63;63;63;63;63;63;63;63;63;63;0;0;0;0;32;47;32;63;63;63;63;63;63;63;63;63;63;63;63;0;0;0;32;47;32;63;63;63;63;63;63;63;63;63;0;0;53;46;18;53;46;18;53;46;18;1;25;2;4;1;56;56;56;10;9;4;56;56;56;0;20;14;-2;38;38;38;2;17;20;0;56;56;56;0;True;True;True;False;True;True;True;103;Coquimbo_Kit Arq.png;10;10;10;53;53;53;;;;;;;;;;;;;;;;;;;;;;;;
40845312;2493;0;False;0;4;71;0;0;0;0;6;8;11;56;56;56;63;63;63;63;63;63;63;63;63;63;63;63;0;0;0;0;56;56;56;63;63;63;63;63;63;63;63;63;63;63;63;0;0;0;56;56;56;63;63;63;63;63;63;63;63;63;0;0;53;46;18;53;46;18;53;46;18;1;26;2;2;1;56;56;56;11;7;3;56;56;56;0;20;14;-2;53;53;53;0;12;18;5;10;10;10;0;True;True;True;False;True;True;True;298;Remo_Kit 1.png;28;10;11;14;19;15;;;;;;;;;;;;;;;;;;;;;;;;
40845313;2493;1;False;0;13;71;0;0;0;0;54;56;58;1;3;7;63;63;63;63;63;63;63;63;63;63;63;63;0;0;0;0;1;3;7;63;63;63;63;63;63;63;63;63;63;63;63;0;0;0;54;56;58;63;63;63;63;63;63;63;63;63;0;0;53;46;18;53;46;18;53;46;18;1;27;2;2;1;1;3;7;12;7;3;1;3;7;0;20;14;-2;53;53;53;0;12;18;5;15;45;55;0;True;True;True;False;True;True;True;299;Remo_Kit 2.png;10;15;11;32;14;15;;;;;;;;;;;;;;;;;;;;;;;;
40845440;2493;0;True;0;4;0;0;0;0;0;18;36;26;63;63;63;63;63;63;63;63;63;63;63;63;63;63;63;0;0;0;0;18;36;26;63;63;63;63;63;63;63;63;63;63;63;63;0;0;0;18;36;26;63;63;63;63;63;63;63;63;63;0;0;53;46;18;53;46;18;53;46;18;1;26;2;2;1;1;3;7;11;7;3;1;3;7;0;20;14;-2;53;53;53;0;12;18;5;10;10;10;0;True;True;True;False;True;True;True;300;Remo_Kit Arq.png;10;10;10;32;14;15;;;;;;;;;;;;;;;;;;;;;;;;
40861696;2494;0;False;0;1;0;0;0;0;0;59;30;6;63;63;63;63;63;63;63;63;63;63;63;63;63;63;63;0;0;0;0;59;30;6;63;63;63;63;63;63;63;63;63;63;63;63;0;0;0;59;30;6;63;63;63;63;63;63;63;63;63;0;0;35;14;14;15;24;38;15;24;38;1;24;4;2;1;56;56;56;9;8;2;56;56;56;0;20;14;-2;53;53;53;1;9;20;0;56;56;56;0;True;True;True;False;True;True;True;192;La Guaira_Kit 1.png;10;11;12;43;38;14;;;;;;;;;;;;;;;;;;;;;;;;
40861697;2494;1;False;0;3;71;0;0;0;0;4;37;49;56;56;56;63;63;63;63;63;63;63;63;63;63;63;63;0;0;0;0;4;37;49;63;63;63;63;63;63;45;45;45;63;63;63;0;0;0;4;37;49;63;63;63;63;63;63;63;63;63;0;0;35;14;14;15;24;38;15;24;38;1;24;4;2;1;56;56;56;9;8;2;56;56;56;0;20;14;-2;53;53;53;1;7;18;0;56;56;56;0;True;True;True;False;True;True;True;193;La Guaira_Kit 2.png;39;33;10;14;15;17;;;;;;;;;;;;;;;;;;;;;;;;
40861824;2494;0;True;0;1;0;0;0;0;0;7;7;7;63;63;63;63;63;63;63;63;63;63;63;63;63;63;63;0;0;0;0;7;7;7;63;63;63;63;63;63;63;63;63;63;63;63;0;0;0;7;7;7;63;63;63;63;63;63;63;63;63;0;0;35;14;14;15;24;38;15;24;38;1;24;4;2;1;56;56;56;9;8;2;56;56;56;0;20;14;-2;53;53;53;1;9;20;0;56;56;56;0;True;True;True;False;True;True;True;194;La Guaira_Kit Arq.png;10;10;10;43;38;14;;;;;;;;;;;;;;;;;;;;;;;;
40910848;2497;0;False;0;2;71;0;0;0;0;54;1;11;6;7;16;63;63;63;63;63;63;63;63;63;63;63;63;0;0;0;0;6;7;16;63;63;63;63;63;63;63;63;63;63;63;63;0;0;0;54;1;11;63;63;63;63;63;63;63;63;63;0;0;53;46;18;53;46;18;53;46;18;1;27;1;4;1;56;56;56;13;8;3;56;56;56;0;20;14;-2;53;53;53;1;9;15;0;56;56;56;0;True;True;True;False;True;True;True;116;DIM_Kit 1.png;25;41;46;50;13;10;;;;;;;;;;;;;;;;;;;;;;;;
40910849;2497;1;False;0;2;71;0;0;0;0;52;45;39;54;1;11;63;63;63;63;63;63;63;63;63;63;63;63;0;0;0;0;52;45;39;29;45;50;45;45;45;45;45;45;0;0;0;0;0;0;56;56;56;63;63;63;63;63;63;63;63;63;0;0;15;24;38;15;24;38;15;24;38;1;26;1;4;1;2;12;25;12;8;3;2;12;25;0;20;14;-2;53;53;53;1;10;18;0;54;8;5;0;True;True;True;False;True;True;True;117;DIM_Kit 2.png;48;10;10;29;45;50;;;;;;;;;;;;;;;;;;;;;;;;
40910976;2497;0;True;0;1;0;0;0;0;0;0;43;57;63;63;63;63;63;63;63;63;63;63;63;63;63;63;63;0;0;0;0;0;43;57;63;63;63;63;63;63;63;63;63;63;63;63;0;0;0;0;43;57;63;63;63;63;63;63;63;63;63;0;0;53;46;18;53;46;18;53;46;18;1;26;1;4;1;56;56;56;12;8;3;56;56;56;0;20;14;-2;53;53;53;1;9;21;0;54;54;54;0;True;True;True;False;True;True;True;118;DIM_Kit Arq.png;10;10;10;29;45;50;;;;;;;;;;;;;;;;;;;;;;;;
40927232;2498;0;False;0;2;71;0;0;0;0;5;8;20;56;56;56;63;63;63;63;63;63;63;63;63;63;63;63;0;0;0;0;5;8;20;63;63;63;63;63;63;63;63;63;63;63;63;0;0;0;5;8;20;63;63;63;63;63;63;63;63;63;0;0;35;14;14;53;46;18;53;46;18;1;28;4;2;1;56;56;56;13;10;2;56;56;56;0;20;14;-2;53;53;53;1;10;21;2;56;56;56;0;True;True;True;False;True;True;True;169;Independiete Riv_Kit 1.png;14;28;15;53;51;10;;;;;;;;;;;;;;;;;;;;;;;;
40927233;2498;1;False;0;2;71;0;0;0;0;56;56;56;5;8;20;63;63;63;63;63;63;63;63;63;63;63;63;0;0;0;0;56;56;56;63;63;63;63;63;63;63;63;63;63;63;63;0;0;0;56;56;56;63;63;63;63;63;63;63;63;63;0;0;35;14;14;53;46;18;53;46;18;1;28;4;2;1;5;8;20;13;10;2;5;8;20;0;20;14;-2;53;53;53;1;10;21;2;5;8;20;0;True;True;True;False;True;True;True;170;Independiete Riv_Kit 2.png;51;49;10;18;32;19;;;;;;;;;;;;;;;;;;;;;;;;
40927360;2498;0;True;0;2;0;0;0;0;0;28;54;21;63;63;63;63;63;63;63;63;63;63;63;63;63;63;63;0;0;0;0;28;54;21;63;63;63;63;63;63;63;63;63;63;63;63;0;0;0;28;54;21;63;63;63;63;63;63;63;63;63;0;0;35;14;14;53;46;18;53;46;18;1;28;4;2;1;56;56;56;13;10;2;56;56;56;0;20;14;-2;53;53;53;1;10;21;2;56;56;56;0;True;True;True;False;True;True;True;171;Independiete Riv_Kit Arq.png;10;10;10;18;32;19;;;;;;;;;;;;;;;;;;;;;;;;
40943616;2499;0;False;0;1;71;0;0;0;0;7;7;7;56;56;56;63;63;63;63;63;63;63;63;63;63;63;63;0;0;0;0;7;7;7;63;63;63;63;63;63;63;63;63;63;63;63;0;0;0;7;7;7;63;63;63;63;63;63;63;63;63;0;0;53;46;18;53;46;18;53;46;18;1;26;0;4;1;56;56;56;12;9;4;53;53;53;0;20;14;-2;53;53;53;1;11;15;2;56;56;56;0;True;True;True;False;True;True;True;301;Riestra_Kit 1.png;18;10;10;50;24;19;;;;;;;;;;;;;;;;;;;;;;;;
40943617;2499;1;False;0;1;71;0;0;0;0;56;56;56;7;7;7;63;63;63;63;63;63;63;63;63;63;63;63;0;0;0;0;54;54;54;63;63;63;63;63;63;63;63;63;63;63;63;0;0;0;54;54;54;63;63;63;63;63;63;63;63;63;0;0;53;46;18;53;46;18;53;46;18;1;26;0;4;1;7;7;7;12;9;4;7;7;7;0;20;14;-2;53;53;53;1;11;15;2;7;7;7;0;True;True;True;False;True;True;True;302;Riestra_Kit 2.png;46;19;15;24;12;12;;;;;;;;;;;;;;;;;;;;;;;;
40943744;2499;0;True;0;2;0;0;0;0;0;10;42;30;63;63;63;63;63;63;63;63;63;63;63;63;63;63;63;0;0;0;0;10;42;30;63;63;63;63;63;63;63;63;63;63;63;63;0;0;0;10;42;30;63;63;63;63;63;63;63;63;63;0;0;53;46;18;53;46;18;53;46;18;1;26;0;4;1;56;56;56;12;9;4;56;56;56;0;20;14;-2;53;53;53;1;11;15;2;56;56;56;0;True;True;True;False;True;True;True;303;Riestra_Kit Arq.png;10;10;10;24;12;12;;;;;;;;;;;;;;;;;;;;;;;;
41189376;2514;0;False;0;4;71;0;0;0;0;63;59;57;35;5;6;63;63;63;63;63;63;63;63;63;63;63;63;0;0;0;0;7;7;7;63;63;63;63;63;63;63;63;63;63;63;63;0;0;0;7;7;7;63;63;63;63;63;63;63;63;63;0;0;53;46;15;53;46;15;53;46;15;0;32;2;1;1;41;4;6;15;10;2;35;5;6;0;20;14;-2;3;3;3;1;8;20;4;56;56;56;0;True;True;True;True;True;True;True;349;Universitario_Kit 1.png;10;18;35;44;10;10;;;;;;;;;;;;;;;;;;;;;;;;
41189377;2514;1;False;0;4;71;0;0;0;0;24;11;14;56;56;56;63;63;63;63;63;63;63;63;63;63;63;63;0;0;0;0;7;7;7;63;63;63;63;63;63;63;63;63;63;63;63;0;0;0;7;7;7;63;63;63;63;63;63;63;63;63;0;0;53;46;18;53;46;18;53;46;18;0;32;2;1;1;63;63;63;15;10;2;56;56;56;0;20;14;-2;3;3;3;1;8;20;4;63;59;57;0;True;True;True;True;True;True;True;350;Universitario_Kit 2.png;53;53;53;44;10;10;;;;;;;;;;;;;;;;;;;;;;;;
41189504;2514;0;True;0;1;0;0;0;0;0;52;63;14;63;63;63;63;63;63;63;63;63;63;63;63;63;63;63;0;0;0;0;52;63;14;63;63;63;63;63;63;63;63;63;63;63;63;0;0;0;52;63;14;63;63;63;63;63;63;63;63;63;0;0;53;46;18;53;46;18;53;46;18;0;32;2;1;1;53;53;53;15;10;2;3;3;3;0;20;14;-2;3;3;3;1;8;20;4;3;3;3;0;True;True;True;True;True;True;True;351;Universitario_Kit Arq.png;10;10;10;10;18;35;;;;;;;;;;;;;;;;;;;;;;;;
41549826;2536;2;False;0;10;71;0;0;0;0;0;41;59;7;7;7;54;54;54;54;54;54;54;54;54;54;54;54;0;0;0;0;7;7;7;54;54;54;54;54;54;54;54;54;54;54;54;0;0;0;7;7;7;54;54;54;54;54;54;54;54;54;0;0;54;54;54;54;54;54;54;54;54;1;26;0;1;1;7;7;7;11;7;1;7;7;7;0;20;14;0;0;0;0;1;9;17;0;0;41;59;1;True;True;True;True;True;True;True;52;Belgrano_Kit 1.png;13;13;13;13;13;13;;;;;;;;;;;;;;;;;;;;;;;;
41549827;2536;3;False;0;2;71;0;0;0;0;7;7;7;22;39;49;54;54;54;54;54;54;54;54;54;54;54;54;0;0;0;0;7;7;7;54;54;54;54;54;54;54;54;54;54;54;54;0;0;0;7;7;7;54;54;54;54;54;54;54;54;54;0;0;54;54;54;54;54;54;54;54;54;1;26;0;1;1;0;41;59;11;7;1;0;41;59;0;20;14;0;0;0;0;1;9;17;0;0;41;59;1;True;True;True;True;True;True;True;53;Belgrano_Kit 2.png;13;13;13;13;13;13;;;;;;;;;;;;;;;;;;;;;;;;
41582594;2538;2;False;0;2;71;0;0;0;0;56;56;56;41;4;6;54;54;54;54;54;54;54;54;54;54;54;54;0;0;0;0;56;56;56;54;54;54;54;54;54;54;54;54;54;54;54;0;0;0;54;54;54;54;54;54;54;54;54;54;54;54;0;0;54;54;54;54;54;54;54;54;54;1;25;1;2;1;3;7;32;11;9;3;3;7;32;0;20;14;0;0;0;0;1;7;20;0;3;7;32;1;True;True;True;True;True;True;True;347;Union_Kit 1.png;13;13;13;13;13;13;;;;;;;;;;;;;;;;;;;;;;;;
41582595;2538;3;False;0;9;71;0;0;0;0;52;12;14;3;7;32;54;54;54;54;54;54;54;54;54;54;54;54;0;0;0;0;52;12;14;54;54;54;54;54;54;54;54;54;54;54;54;0;0;0;52;12;14;54;54;54;54;54;54;54;54;54;0;0;54;54;54;54;54;54;54;54;54;1;25;1;2;1;56;56;56;11;9;3;56;56;56;0;20;14;0;0;0;0;1;7;20;0;56;56;56;1;True;True;True;True;True;True;True;348;Union_Kit 2.png;13;13;13;13;13;13;;;;;;;;;;;;;;;;;;;;;;;;
41615360;2540;0;False;0;1;0;0;0;0;0;54;54;54;54;54;54;54;54;54;54;54;54;54;54;54;54;54;54;0;0;0;0;54;54;54;54;54;54;54;54;54;54;54;54;54;54;54;0;0;0;54;54;54;54;54;54;54;54;54;54;54;54;0;0;54;54;54;54;54;54;54;54;54;1;32;2;1;1;0;0;0;19;7;1;0;0;0;1;20;14;-2;0;0;0;1;6;16;3;0;0;0;1;True;True;True;True;True;True;True;2047;;0;0;0;0;0;0;;;;;;;;;;;;;;;;;;;;;;;;
41615361;2540;1;False;0;1;0;0;0;0;0;54;54;54;54;54;54;54;54;54;54;54;54;54;54;54;54;54;54;0;0;0;0;54;54;54;54;54;54;54;54;54;54;54;54;54;54;54;0;0;0;54;54;54;54;54;54;54;54;54;54;54;54;0;0;54;54;54;54;54;54;54;54;54;1;32;2;1;1;0;0;0;19;7;1;0;0;0;1;20;14;-2;0;0;0;1;6;16;3;0;0;0;1;True;True;True;True;True;True;True;2047;;0;0;0;0;0;0;;;;;;;;;;;;;;;;;;;;;;;;
41615488;2540;0;True;0;1;0;0;0;0;0;54;54;54;54;54;54;54;54;54;54;54;54;54;54;54;54;54;54;0;0;0;0;54;54;54;54;54;54;54;54;54;54;54;54;54;54;54;0;0;0;54;54;54;54;54;54;54;54;54;54;54;54;0;0;54;54;54;54;54;54;54;54;54;1;32;2;1;1;0;0;0;19;7;1;0;0;0;1;20;14;-2;0;0;0;1;6;16;3;0;0;0;1;True;True;True;True;True;True;True;2047;;0;0;0;0;0;0;;;;;;;;;;;;;;;;;;;;;;;;
42827776;2614;0;False;0;1;71;0;0;0;0;63;58;0;3;26;3;63;63;63;63;63;63;63;63;63;0;0;0;0;0;0;0;0;31;16;63;63;63;63;63;63;10;22;12;0;0;0;18;0;0;53;48;10;10;30;14;48;43;10;0;0;0;0;0;35;14;14;15;24;38;15;24;38;0;32;2;1;1;10;30;14;18;8;1;7;7;7;0;20;14;-2;10;10;10;0;6;16;3;53;48;10;0;True;True;False;False;True;True;True;548;Tondela_Kit 1.png;51;46;10;53;51;15;;;;;;;;;;;;;;;;;;;;;;;;
42827777;2614;1;False;0;1;71;0;0;0;0;7;7;7;3;26;3;63;63;63;63;63;63;63;63;63;0;0;0;0;0;0;0;7;7;7;63;63;63;63;63;63;41;36;10;0;0;0;0;0;0;7;7;7;63;63;63;45;45;45;0;0;0;0;0;35;14;14;15;24;38;15;24;38;0;32;2;1;1;53;48;10;18;8;1;56;56;56;0;20;14;-2;53;53;53;0;6;16;3;10;30;14;0;True;True;True;False;True;True;True;549;Tondela_Kit 2.png;12;32;17;10;25;12;;;;;;;;;;;;;;;;;;;;;;;;
42827904;2614;0;True;0;1;0;0;0;0;0;56;0;0;63;63;63;63;63;63;63;63;63;63;63;63;0;0;0;0;0;0;0;56;0;0;63;63;63;63;63;63;63;63;63;0;0;0;6;1;0;10;10;10;15;15;15;10;30;14;0;0;0;0;0;35;14;14;15;24;38;15;24;38;0;32;2;1;1;53;48;10;18;8;1;56;56;56;0;20;14;-2;53;53;53;0;6;16;3;53;48;10;0;True;True;False;False;True;True;True;550;Tondela_Kit Arq.png;10;10;10;10;30;14;;;;;;;;;;;;;;;;;;;;;;;;
44154880;2695;0;False;0;9;71;0;0;0;0;17;44;58;19;3;7;63;63;63;63;63;63;63;63;63;63;63;63;0;0;0;0;17;44;58;63;63;63;63;63;63;63;63;63;63;63;63;0;0;0;17;44;58;63;63;63;63;63;63;63;63;63;0;0;53;46;18;53;46;18;53;46;18;1;23;2;2;1;19;3;7;8;9;2;19;3;7;0;16;14;5;49;36;23;1;8;17;4;19;3;7;1;True;True;True;False;True;True;True;55;Bolivar_Kit 1.png;12;21;12;53;53;53;;;;;;;;;;;;;;;;;;;;;;;;
44154881;2695;1;False;0;9;71;0;0;0;0;19;3;7;17;44;58;63;63;63;63;63;63;63;63;63;63;63;63;0;0;0;0;19;3;7;63;63;63;63;63;63;63;63;63;63;63;63;0;0;0;19;3;7;63;63;63;63;63;63;63;63;63;0;0;53;46;18;53;46;18;53;46;18;1;23;2;2;1;56;56;56;8;9;2;56;56;56;0;20;14;-2;53;53;53;1;8;17;4;56;56;56;0;True;True;True;False;True;True;True;56;Bolivar_Kit 2.png;53;53;53;12;21;12;;;;;;;;;;;;;;;;;;;;;;;;
44155008;2695;0;True;0;9;0;0;0;0;0;58;20;6;63;63;63;63;63;63;63;63;63;63;63;63;63;63;63;0;0;0;0;58;20;6;63;63;63;63;63;63;63;63;63;63;63;63;0;0;0;58;20;6;63;63;63;63;63;63;63;63;63;0;0;15;24;38;15;24;38;15;24;38;1;23;2;2;1;56;56;56;8;9;2;56;56;56;0;20;14;-2;10;10;10;1;8;17;4;56;56;56;0;True;True;True;False;True;True;True;57;Bolivar_Kit Arq.png;10;10;10;10;16;10;;;;;;;;;;;;;;;;;;;;;;;;
44285952;2703;0;False;0;1;71;0;0;0;0;42;7;7;48;38;5;63;63;63;63;63;63;63;63;63;63;63;63;0;0;0;0;63;63;63;63;63;63;63;63;63;63;63;63;63;63;63;0;0;0;7;7;7;63;63;63;63;63;63;63;63;63;19;0;31;24;11;0;0;0;53;46;18;0;31;4;2;2;31;24;11;17;8;3;58;45;7;1;16;14;5;58;45;7;0;6;18;0;31;24;11;1;True;True;True;True;True;True;True;156;Halcones_Dorados_Kit 1.png;48;35;19;53;40;24;;;;;;;;;;;;;;;;;;;;;;;;
44285953;2703;1;False;0;1;71;0;0;0;0;48;48;48;34;7;7;63;63;63;63;63;63;63;63;63;63;63;63;0;0;0;0;7;7;7;63;63;63;63;63;63;63;63;63;63;63;63;0;0;0;7;7;7;63;63;63;63;63;63;63;63;63;0;0;15;24;38;53;46;18;53;46;18;0;32;2;1;1;10;10;10;16;8;3;7;7;7;1;16;14;5;7;7;7;0;6;16;3;10;10;10;0;True;True;True;False;True;True;True;158;Halcones_Dorados_Kit 3.png;51;51;51;53;53;53;;;;;;;;;;;;;;;;;;;;;;;;
44285954;2703;2;False;0;1;0;0;0;0;0;34;7;7;54;54;54;54;54;54;54;54;54;54;54;54;54;54;54;0;0;0;0;54;54;54;54;54;54;54;54;54;54;54;54;54;54;54;0;0;0;54;54;54;54;54;54;54;54;54;54;54;54;0;0;54;54;54;54;54;54;54;54;54;0;32;0;1;1;0;0;0;16;8;3;63;63;63;1;14;14;5;55;55;55;0;9;18;0;0;0;0;1;True;True;True;True;True;True;True;157;Halcones_Dorados_Kit 2.png;13;13;13;13;13;13;;;;;;;;;;;;;;;;;;;;;;;;
44285955;2703;3;False;0;2;71;0;0;0;0;12;12;12;27;3;27;54;54;54;54;54;54;54;54;54;54;54;54;0;0;0;0;11;11;11;54;54;54;54;54;54;54;54;54;54;54;54;0;0;0;11;11;11;54;54;54;54;54;54;54;54;54;0;0;54;54;54;54;54;54;54;54;54;0;32;0;1;1;0;0;0;17;8;3;27;3;27;1;16;14;5;27;3;27;0;9;18;0;0;0;0;1;True;True;True;True;True;True;True;3;Aguilas_Imperiales_Kit 1.png;13;13;13;13;13;13;;;;;;;;;;;;;;;;;;;;;;;;
44286080;2703;0;True;0;1;0;0;0;0;0;57;36;2;63;63;63;63;63;63;63;63;63;63;63;63;63;63;63;0;0;0;0;7;7;7;63;63;63;63;63;63;63;63;63;63;63;63;0;0;0;7;7;7;63;63;63;63;63;63;63;63;63;1;18;63;63;63;3;3;3;34;29;7;0;32;2;7;1;53;53;53;17;8;3;7;7;7;0;16;14;5;7;7;7;1;9;20;3;48;26;5;1;True;True;True;True;True;True;True;159;Halcones_Dorados_Kit Arq.png;10;10;10;48;35;19;;;;;;;;;;;;;;;;;;;;;;;;
44302336;2704;0;False;0;4;74;0;0;0;0;19;28;0;58;56;22;63;63;63;63;63;63;63;63;63;63;63;63;0;0;0;0;7;7;7;63;63;63;63;63;63;63;63;63;63;63;63;0;0;0;19;28;0;63;63;63;63;63;63;63;63;63;0;0;35;14;14;53;46;18;53;46;18;0;8;2;3;1;0;0;0;17;6;2;55;55;55;0;20;14;-2;53;53;53;0;6;11;14;63;63;63;0;True;True;True;False;True;True;True;226;Metegol_Kit 1.png;10;27;45;15;32;50;;;;;;;;;;;;;;;;;;;;;;;;
44302337;2704;1;False;0;4;0;0;0;0;0;14;1;3;63;63;63;63;63;63;63;63;63;63;63;63;63;63;63;0;0;0;0;8;0;2;63;63;63;63;63;63;63;63;63;63;63;63;0;0;0;8;0;2;63;63;63;63;63;63;63;63;63;0;0;35;14;14;53;46;18;53;46;18;0;31;2;2;1;0;0;0;17;6;2;55;55;55;0;20;14;-2;10;27;45;0;3;9;-1;62;63;63;0;True;True;True;False;True;True;True;227;Metegol_Kit 2.png;51;51;51;53;53;53;;;;;;;;;;;;;;;;;;;;;;;;
44302464;2704;0;True;0;4;0;0;0;0;0;60;63;3;63;63;63;63;63;63;63;63;63;63;63;63;63;63;63;0;0;0;0;9;14;0;63;63;63;63;63;63;63;63;63;63;63;63;0;0;0;60;63;3;63;63;63;63;63;63;63;63;63;0;0;35;14;14;53;46;18;53;46;18;0;32;2;1;1;26;46;53;17;6;2;55;55;55;0;20;14;-2;26;46;53;0;6;13;3;63;63;63;0;True;True;True;False;True;True;True;228;Metegol_Kit Arq.png;10;10;10;48;35;19;;;;;;;;;;;;;;;;;;;;;;;;
44548099;2719;3;False;0;1;71;0;0;0;0;54;54;54;6;37;54;54;54;54;54;54;54;54;54;54;54;54;54;0;0;0;0;54;54;54;54;54;54;54;54;54;54;54;54;54;54;54;0;0;0;54;54;54;54;54;54;54;54;54;54;54;54;0;0;54;54;54;54;54;54;54;54;54;1;25;0;2;1;7;7;7;11;7;2;7;7;7;0;20;14;0;0;0;0;1;10;16;2;7;7;7;1;True;True;True;True;True;True;True;29;Atl Tucuman_Kit 1.png;13;13;13;13;13;13;;;;;;;;;;;;;;;;;;;;;;;;
44597251;2722;3;False;0;1;71;0;0;0;0;60;54;21;0;8;1;54;54;54;54;54;54;54;54;54;54;54;54;0;0;0;0;0;8;1;54;54;54;54;54;54;54;54;54;54;54;54;0;0;0;60;54;21;54;54;54;54;54;54;54;54;54;0;0;54;54;54;54;54;54;54;54;54;1;26;-4;2;1;0;8;1;13;8;1;0;8;1;0;20;14;0;0;0;0;1;9;19;0;60;54;21;1;True;True;True;True;True;True;True;113;Defensa y Justica_Kit 1.png;13;13;13;13;13;13;;;;;;;;;;;;;;;;;;;;;;;;
65536000;4000;0;False;0;2;71;0;0;0;0;56;56;56;49;1;0;63;63;63;63;63;63;63;63;63;63;63;63;0;0;0;0;7;7;7;63;63;63;63;63;63;63;63;63;63;63;63;0;0;0;7;7;7;63;63;63;63;63;63;63;63;63;0;0;15;24;38;35;14;14;35;14;14;1;27;0;4;1;1;1;0;12;8;4;49;1;0;0;20;14;-2;53;53;53;1;8;17;5;56;56;56;0;True;True;True;False;True;True;True;15;Always Ready_Kit 1.png;53;11;10;53;16;15;;;;;;;;;;;;;;;;;;;;;;;;
65536001;4000;1;False;0;2;71;0;0;0;0;49;1;0;49;17;15;63;63;63;63;63;63;63;63;63;63;63;63;0;0;0;0;49;1;0;63;63;63;63;63;63;63;63;63;63;63;63;0;0;0;7;7;7;63;63;63;63;63;63;63;63;63;0;0;15;24;38;35;14;14;35;14;14;1;27;0;4;1;56;56;56;12;8;4;56;56;56;0;20;14;-2;53;53;53;1;8;17;5;56;56;56;0;True;True;True;False;True;True;True;16;Always Ready_Kit 2.png;53;40;10;48;35;10;;;;;;;;;;;;;;;;;;;;;;;;
65536128;4000;0;True;0;2;0;0;0;0;0;7;7;7;63;63;63;63;63;63;63;63;63;63;63;63;63;63;63;0;0;0;0;7;7;7;63;63;63;63;63;63;63;63;63;63;63;63;0;0;0;7;7;7;63;63;63;63;63;63;63;63;63;0;0;15;24;38;15;24;38;15;24;38;1;27;0;4;1;56;56;56;12;8;4;56;56;56;0;20;14;-2;1;1;1;1;8;17;5;56;56;56;0;True;True;True;False;True;True;True;17;Always Ready_Kit Arq.png;10;10;10;53;11;10;;;;;;;;;;;;;;;;;;;;;;;;
65568768;4002;0;False;0;1;71;0;0;0;0;0;9;21;46;4;8;63;63;63;63;63;63;63;63;63;63;63;63;0;0;0;0;0;9;21;63;63;63;63;63;63;63;63;63;63;63;63;0;0;0;0;9;21;63;63;63;63;63;63;63;63;63;0;0;15;24;38;35;14;14;35;14;14;1;26;3;3;1;60;60;60;11;9;3;60;60;60;0;20;14;-2;53;53;53;1;9;19;2;60;60;60;0;True;True;True;True;True;True;True;84;Cerro_Porteno_Kit 1.png;38;10;10;30;10;10;;;;;;;;;;;;;;;;;;;;;;;;
65568769;4002;1;False;0;1;71;0;0;0;0;60;60;60;46;4;8;63;63;63;63;63;63;63;63;63;63;63;63;0;0;0;0;60;60;60;63;63;63;63;63;63;63;63;63;63;63;63;0;0;0;60;60;60;63;63;63;63;63;63;63;63;63;0;0;15;24;38;35;14;14;35;14;14;1;26;3;3;1;0;9;21;11;9;3;0;9;21;0;20;14;-2;53;53;53;1;9;19;2;0;9;21;0;True;True;True;True;True;True;True;86;Cerro_Porteno_Kit 2.png;48;48;48;46;46;46;;;;;;;;;;;;;;;;;;;;;;;;
65568896;4002;0;True;0;1;0;0;0;0;0;60;63;22;63;63;63;63;63;63;63;63;63;63;63;63;63;63;63;0;0;0;0;60;63;22;63;63;63;63;63;63;63;63;63;63;63;63;0;0;0;60;63;22;63;63;63;63;63;63;63;63;63;0;0;15;24;38;15;24;38;15;24;38;1;26;3;3;1;5;5;5;11;9;3;5;5;5;0;20;14;-2;1;1;1;1;10;18;2;5;5;5;0;True;True;True;True;True;True;True;88;Cerro_Porteno_Kit Arq.png;10;10;10;38;10;10;;;;;;;;;;;;;;;;;;;;;;;;
65585152;4003;0;False;0;4;71;0;0;0;0;56;56;56;0;8;17;63;63;63;63;63;63;63;63;63;63;63;63;0;0;0;0;0;8;17;63;63;63;63;63;63;63;63;63;63;63;63;0;0;0;0;8;17;63;63;63;63;63;63;63;63;63;0;0;53;46;18;53;46;18;53;46;18;1;27;-2;3;1;0;8;17;14;8;3;49;3;3;0;20;14;-2;53;53;53;1;10;17;2;56;56;56;0;True;True;True;True;True;True;True;240;Nacional_Kit 1.png;10;22;39;10;10;15;;;;;;;;;;;;;;;;;;;;;;;;
65585153;4003;1;False;0;2;62;0;0;0;0;27;0;6;0;8;17;63;63;63;63;63;63;63;63;63;0;0;0;0;0;0;0;27;0;6;63;63;63;63;63;63;63;63;63;63;63;63;0;0;0;27;0;6;63;63;63;63;63;63;63;63;63;0;0;53;46;18;53;46;18;53;46;18;1;27;-2;3;1;56;56;56;14;8;3;56;56;56;0;20;14;-2;10;10;10;1;10;16;2;56;56;56;0;True;True;True;True;True;True;True;241;Nacional_Kit 2.png;10;10;15;10;25;41;;;;;;;;;;;;;;;;;;;;;;;;
65585280;4003;0;True;0;2;0;0;0;0;0;1;12;33;63;63;63;63;63;63;63;63;63;63;63;63;63;63;63;0;0;0;0;1;12;33;63;63;63;63;63;63;63;63;63;63;63;63;0;0;0;1;12;33;63;63;63;63;63;63;63;63;63;0;0;53;46;18;53;46;18;53;46;18;1;27;-2;3;1;56;56;56;14;8;3;56;56;56;0;20;14;-2;53;53;53;1;10;16;2;56;56;56;0;True;True;True;True;True;True;True;243;Nacional_Kit Arq.png;10;10;10;10;25;41;;;;;;;;;;;;;;;;;;;;;;;;
65748992;4013;0;False;0;1;71;0;0;0;0;53;53;53;0;41;21;63;63;63;63;63;63;63;63;63;63;63;63;0;0;0;0;56;56;56;63;63;63;63;63;63;63;63;63;63;63;63;0;0;0;56;56;56;63;63;63;63;63;63;63;63;63;0;0;53;46;18;15;24;38;15;24;38;1;31;3;1;1;7;7;7;16;8;3;7;7;7;0;20;14;-2;42;36;12;1;10;17;3;7;7;7;0;True;True;True;False;True;True;True;587;Celtic_Kit 1.png;53;53;53;12;28;47;;;;;;;;;;;;;;;;;;;;;;;;
65748993;4013;1;False;0;9;71;0;0;0;0;7;7;7;44;56;16;63;63;63;63;63;63;63;63;63;63;63;63;0;0;0;0;7;7;7;63;63;63;63;63;63;63;63;63;63;63;63;0;0;0;7;7;7;63;63;63;63;63;63;63;63;63;0;0;53;46;18;15;24;38;15;24;38;1;31;3;1;1;44;56;16;16;8;3;44;56;16;0;20;14;-2;10;19;10;1;10;17;3;44;56;16;0;True;True;True;False;True;True;True;588;Celtic_Kit 2.png;12;28;47;53;53;53;;;;;;;;;;;;;;;;;;;;;;;;
65749120;4013;0;True;0;1;0;0;0;0;0;61;61;46;63;63;63;63;63;63;63;63;63;63;63;63;63;63;63;0;0;0;0;61;61;46;63;63;63;63;63;63;63;63;63;63;63;63;0;0;0;61;61;46;63;63;63;63;63;63;63;63;63;0;0;53;46;18;15;24;38;15;24;38;1;31;3;1;1;41;4;6;16;8;3;41;4;6;0;20;14;-2;53;53;53;1;10;12;3;41;4;6;0;True;True;True;False;True;True;True;589;Celtic_Kit Arq.png;10;10;10;12;28;47;;;;;;;;;;;;;;;;;;;;;;;;
65863680;4020;0;False;0;2;71;0;0;0;0;56;56;56;1;24;15;63;63;63;63;63;63;63;63;63;63;63;63;0;0;0;0;56;56;56;63;63;63;63;63;63;63;63;63;63;63;63;0;0;0;56;56;56;63;63;63;63;63;63;63;63;63;0;0;35;14;14;15;24;38;15;24;38;1;29;2;2;3;10;10;10;14;8;2;10;10;10;0;20;14;-2;42;36;12;2;14;16;2;10;10;10;0;True;True;True;False;True;True;True;122;Elche_Kit 1.png;28;47;53;50;46;38;;;;;;;;;;;;;;;;;;;;;;;;
65863681;4020;1;False;0;1;71;0;0;0;0;0;8;30;58;46;29;63;63;63;63;63;63;53;51;43;0;0;0;0;0;0;0;0;8;30;63;63;63;63;63;63;63;63;63;63;63;63;0;0;0;0;8;30;63;63;63;63;63;63;63;63;63;0;0;35;14;14;15;24;38;15;24;38;1;29;2;2;3;58;46;23;14;8;2;58;46;23;0;20;14;-2;10;19;10;2;14;15;2;58;46;23;0;True;True;True;False;True;True;True;123;Elche_Kit 2.png;53;53;53;50;46;38;;;;;;;;;;;;;;;;;;;;;;;;
65863808;4020;0;True;0;1;0;0;0;0;0;17;40;30;63;63;63;63;63;63;63;63;63;63;63;63;63;63;63;0;0;0;0;17;40;30;63;63;63;63;63;63;63;63;63;63;63;63;0;0;0;17;40;30;63;63;63;63;63;63;63;63;63;0;0;35;14;14;15;24;38;15;24;38;1;29;2;2;3;56;56;56;14;8;2;56;56;56;0;20;14;-2;53;53;53;2;14;15;2;56;56;56;0;True;True;True;False;True;True;True;124;Elche_Kit Arq.png;10;10;10;28;47;53;;;;;;;;;;;;;;;;;;;;;;;;
65880064;4021;0;False;0;2;71;0;0;0;0;50;50;50;3;11;27;63;63;63;63;63;63;63;63;63;63;63;63;0;0;0;0;50;50;50;63;63;63;63;63;63;63;63;63;63;63;63;0;0;0;50;50;50;63;63;63;63;63;63;63;63;63;0;0;15;24;38;15;24;38;15;24;38;1;29;5;2;1;50;44;31;14;9;3;50;44;31;0;20;14;-2;42;36;12;2;5;18;5;50;44;31;0;True;True;True;False;True;True;True;151;Gornik Zabrze_Kit 1.png;10;10;10;53;51;10;;;;;;;;;;;;;;;;;;;;;;;;
65880065;4021;1;False;0;2;71;0;0;0;0;50;44;31;13;12;11;63;63;63;63;63;63;63;63;63;63;63;63;0;0;0;0;13;12;11;63;63;63;63;63;63;63;63;63;63;63;63;0;0;0;13;12;11;63;63;63;63;63;63;63;63;63;0;0;15;24;38;15;24;38;15;24;38;1;29;5;2;1;13;12;11;14;9;3;13;12;11;0;20;14;-2;10;19;10;2;5;18;5;50;44;31;0;True;True;True;False;True;True;True;152;Gornik Zabrze_Kit 2.png;53;53;53;53;51;10;;;;;;;;;;;;;;;;;;;;;;;;
65880192;4021;0;True;0;1;71;0;0;0;0;11;11;11;56;56;56;63;63;63;63;63;63;63;63;63;63;63;63;0;0;0;0;11;11;11;63;63;63;63;63;63;63;63;63;63;63;63;0;0;0;11;11;11;63;63;63;63;63;63;63;63;63;0;0;15;24;38;15;24;38;15;24;38;1;29;5;2;1;53;53;53;14;9;3;53;53;53;0;20;14;-2;53;53;53;2;13;20;5;53;53;53;0;True;True;True;False;True;True;True;153;Gornik Zabrze_Kit Arq.png;10;10;10;53;51;10;;;;;;;;;;;;;;;;;;;;;;;;
65896448;4022;0;False;0;4;71;0;0;0;0;53;53;53;44;3;3;63;63;63;63;63;63;63;63;63;63;63;63;0;0;0;0;44;3;3;63;63;63;63;63;63;63;63;63;63;63;63;0;0;0;53;53;53;63;63;63;63;63;63;63;63;63;0;0;53;46;18;15;24;38;15;24;38;1;9;4;4;1;44;3;3;18;9;4;44;3;3;0;20;14;-2;42;36;12;1;10;18;4;53;53;53;0;True;True;True;False;True;False;False;2047;;32;24;18;10;25;10;;;;;;;;;;;;;;;;;;;;;;;;
65896449;4022;1;False;0;1;71;0;0;0;0;8;10;12;44;3;3;63;63;63;63;63;63;63;63;63;63;63;63;0;0;0;0;8;10;12;63;63;63;63;63;63;63;63;63;63;63;63;0;0;0;8;10;12;63;63;63;63;63;63;63;63;63;0;0;53;46;18;15;24;38;15;24;38;1;9;4;4;1;44;3;3;18;9;4;44;3;3;0;20;14;-2;10;19;10;1;10;18;4;44;3;3;0;True;True;True;False;True;False;False;2047;R;53;53;53;35;50;35;;;;;;;;;;;;;;;;;;;;;;;;
65896576;4022;0;True;0;1;0;0;0;0;0;28;40;57;63;63;63;63;63;63;63;63;63;63;63;63;63;63;63;0;0;0;0;28;40;57;63;63;63;63;63;63;63;63;63;63;63;63;0;0;0;28;40;57;63;63;63;63;63;63;63;63;63;0;0;53;46;18;15;24;38;15;24;38;1;9;4;4;1;53;53;53;18;9;4;53;53;53;0;20;14;-2;10;25;10;1;10;18;4;53;53;53;0;True;True;True;False;True;False;False;2047;RB;10;10;10;32;24;18;;;;;;;;;;;;;;;;;;;;;;;;
65945600;4025;0;False;0;1;71;0;0;0;0;53;10;12;7;7;7;63;63;63;63;63;63;63;63;63;0;0;0;0;0;0;0;7;7;7;63;63;63;53;53;53;52;49;31;0;0;0;0;0;0;7;7;7;63;63;63;63;63;63;0;0;0;0;0;35;14;14;35;14;14;35;14;14;1;31;2;2;1;56;56;56;17;8;4;56;56;56;0;20;14;-2;3;3;3;1;6;15;4;56;56;56;0;True;True;True;True;True;True;True;563;Frankfurt_Kit 1.png;25;28;41;31;33;46;;;;;;;;;;;;;;;;;;;;;;;;
65945601;4025;1;False;0;1;71;0;0;0;0;56;56;56;7;7;7;63;63;63;63;63;63;63;63;63;0;0;0;0;0;0;0;56;56;56;63;63;63;10;10;10;10;10;10;0;0;0;0;0;0;56;56;56;63;63;63;63;63;63;0;0;0;0;0;35;14;14;35;14;14;35;14;14;1;31;2;2;1;3;3;3;17;8;4;3;3;3;0;20;14;-2;3;3;3;1;6;15;4;3;3;3;0;True;True;True;True;True;True;True;564;Frankfurt_Kit 2.png;53;53;53;53;53;53;;;;;;;;;;;;;;;;;;;;;;;;
65945728;4025;0;True;0;1;0;0;0;0;0;28;40;57;63;63;63;63;63;63;63;63;63;63;63;63;0;0;0;0;0;0;0;28;40;57;63;63;63;63;63;63;63;63;63;0;0;0;0;0;0;28;40;57;63;63;63;63;63;63;0;0;0;0;0;35;14;14;35;14;14;35;14;14;1;31;2;2;1;56;56;56;17;8;4;56;56;56;0;20;14;-2;1;1;1;1;6;15;4;63;63;63;0;True;True;True;True;True;True;True;565;Frankfurt_Kit Arq.png;10;10;10;25;28;41;;;;;;;;;;;;;;;;;;;;;;;;
66043904;4031;0;False;0;1;71;0;0;0;0;7;14;16;56;56;56;63;63;63;63;63;63;63;63;63;63;63;63;0;0;0;0;7;14;16;63;63;63;63;63;63;63;63;63;63;63;63;0;0;0;7;14;16;63;63;63;63;63;63;63;63;63;0;0;53;46;18;35;14;14;35;14;14;1;23;-2;2;1;56;56;56;9;8;2;56;56;56;0;20;14;-2;53;53;53;1;8;20;0;56;56;56;0;True;True;True;False;True;True;True;318;Sarmiento_Kit 1.png;10;12;22;10;10;17;;;;;;;;;;;;;;;;;;;;;;;;
66043905;4031;1;False;0;1;71;0;0;0;0;56;56;56;7;14;16;63;63;63;63;63;63;63;63;63;63;63;63;0;0;0;0;56;56;56;63;63;63;63;63;63;63;63;63;63;63;63;0;0;0;56;56;56;63;63;63;63;63;63;63;63;63;0;0;53;46;18;35;14;14;35;14;14;1;23;-2;2;1;7;14;16;9;8;2;7;14;16;0;20;14;-2;53;53;53;1;8;20;0;7;14;16;0;True;True;True;False;True;True;True;319;Sarmiento_Kit 2.png;53;12;10;45;10;10;;;;;;;;;;;;;;;;;;;;;;;;
66044032;4031;0;True;0;2;0;0;0;0;0;58;45;7;63;63;63;63;63;63;63;63;63;63;63;63;63;63;63;0;0;0;0;58;45;7;63;63;63;63;63;63;63;63;63;63;63;63;0;0;0;58;45;7;63;63;63;63;63;63;63;63;63;0;0;53;46;18;63;63;63;63;63;63;1;23;-2;2;1;7;14;16;9;8;2;7;14;16;0;20;14;-2;1;1;1;1;8;20;0;7;14;16;0;True;True;True;True;True;True;True;320;Sarmiento_Kit Arq.png;10;10;10;10;12;22;;;;;;;;;;;;;;;;;;;;;;;;
66060288;4032;0;False;0;1;71;0;0;0;0;7;7;7;56;56;56;63;63;63;63;63;63;63;63;63;63;63;63;0;0;0;0;7;7;7;63;63;63;63;63;63;63;63;63;63;63;63;0;0;0;7;7;7;63;63;63;63;63;63;63;63;63;0;0;15;24;38;35;14;14;35;14;14;1;26;0;2;1;56;56;56;13;5;4;56;56;56;0;20;14;-2;53;53;53;1;10;19;0;56;56;56;0;True;True;True;False;True;True;True;81;Cen Cordoba_Kit 1.png;51;49;10;48;46;10;;;;;;;;;;;;;;;;;;;;;;;;
66060289;4032;1;False;0;1;71;0;0;0;0;56;56;56;7;7;7;63;63;63;63;63;63;63;63;63;63;63;63;0;0;0;0;56;56;56;63;63;63;63;63;63;63;63;63;63;63;63;0;0;0;56;56;56;63;63;63;63;63;63;63;63;63;0;0;15;24;38;35;14;14;35;14;14;1;26;0;2;1;3;3;3;13;5;4;3;3;3;0;20;14;-2;53;53;53;1;10;20;0;3;3;3;0;True;True;True;False;True;True;True;82;Cen Cordoba_Kit 2.png;48;48;48;43;43;43;;;;;;;;;;;;;;;;;;;;;;;;
66060416;4032;0;True;0;1;0;0;0;0;0;35;50;60;63;63;63;63;63;63;63;63;63;63;63;63;63;63;63;0;0;0;0;35;50;60;63;63;63;63;63;63;63;63;63;63;63;63;0;0;0;35;50;60;63;63;63;63;63;63;63;63;63;0;0;15;24;38;15;24;38;15;24;38;1;26;0;2;1;56;56;56;13;5;4;56;56;56;0;20;14;-2;1;1;1;1;10;19;0;56;56;56;0;True;True;True;False;True;True;True;83;Cen Cordoba_Kit Arq.png;10;10;10;53;51;10;;;;;;;;;;;;;;;;;;;;;;;;
66076672;4033;0;False;0;1;71;0;0;0;0;56;56;56;63;6;6;63;63;63;63;63;63;63;63;63;63;63;63;0;0;0;0;7;7;7;63;63;63;63;63;63;63;63;63;63;63;63;0;0;0;7;7;7;63;63;63;63;63;63;63;63;63;0;0;35;14;14;35;14;14;35;14;14;1;23;3;2;1;7;7;7;8;6;2;7;7;7;0;20;14;-2;53;53;53;1;9;21;0;63;63;63;0;True;True;True;False;True;True;True;43;Barracas Central_Kit 1.png;12;12;12;10;10;10;;;;;;;;;;;;;;;;;;;;;;;;
66076673;4033;1;False;0;1;71;0;0;0;0;7;7;7;56;46;20;63;63;63;63;63;63;63;63;63;63;63;63;0;0;0;0;7;7;7;63;63;63;63;63;63;63;63;63;63;63;63;0;0;0;7;7;7;63;63;63;63;63;63;63;63;63;0;0;35;14;14;35;14;14;35;14;14;1;23;3;2;1;56;46;20;8;6;2;56;46;20;0;20;14;-2;53;53;53;1;9;21;0;56;46;20;0;True;True;True;False;True;True;True;44;Barracas Central_Kit 2.png;51;51;51;48;48;48;;;;;;;;;;;;;;;;;;;;;;;;
66076800;4033;0;True;0;1;0;0;0;0;0;0;43;51;63;63;63;63;63;63;63;63;63;63;63;63;63;63;63;0;0;0;0;0;43;51;63;63;63;63;63;63;63;63;63;63;63;63;0;0;0;0;43;51;63;63;63;63;63;63;63;63;63;0;0;35;14;14;15;24;38;15;24;38;1;23;3;2;1;55;0;3;8;6;2;55;0;3;0;20;14;-2;1;1;1;1;9;21;0;55;0;3;0;True;True;True;False;True;True;True;45;Barracas Central_Kit Arq.png;10;10;10;53;53;53;;;;;;;;;;;;;;;;;;;;;;;;
66093056;4034;0;False;0;1;71;0;0;0;0;56;56;56;17;9;5;63;63;63;63;63;63;63;63;63;63;63;63;0;0;0;0;56;56;56;63;63;63;63;63;63;63;63;63;63;63;63;0;0;0;56;56;56;63;63;63;63;63;63;63;63;63;0;0;35;14;14;35;14;14;35;14;14;1;25;0;4;1;17;9;5;10;7;4;17;9;5;0;20;14;-2;53;53;53;1;11;17;1;17;9;5;0;True;True;True;False;True;True;True;274;Platense_Kit 1.png;53;37;10;51;35;10;;;;;;;;;;;;;;;;;;;;;;;;
66093057;4034;1;False;0;1;71;0;0;0;0;17;9;5;56;56;56;63;63;63;63;63;63;63;63;63;63;63;63;0;0;0;0;17;9;5;63;63;63;63;63;63;63;63;63;63;63;63;0;0;0;17;9;5;63;63;63;63;63;63;63;63;63;0;0;35;14;14;35;14;14;35;14;14;1;25;0;4;1;56;56;56;10;7;4;56;56;56;0;20;14;-2;53;53;53;1;11;17;1;56;56;56;0;True;True;True;False;True;True;True;275;Platense_Kit 2.png;10;13;24;10;10;19;;;;;;;;;;;;;;;;;;;;;;;;
66093184;4034;0;True;0;1;0;0;0;0;0;0;52;29;63;63;63;63;63;63;63;63;63;63;63;63;63;63;63;0;0;0;0;0;52;29;63;63;63;63;63;63;63;63;63;63;63;63;0;0;0;0;52;29;63;63;63;63;63;63;63;63;63;0;0;35;14;14;15;24;38;15;24;38;1;25;0;4;1;3;3;3;10;7;4;3;3;3;0;20;14;-2;1;1;1;1;11;17;1;3;3;3;0;True;True;True;False;True;True;True;276;Platense_Kit Arq.png;10;10;10;53;37;10;;;;;;;;;;;;;;;;;;;;;;;;
66109440;4035;0;False;0;3;71;0;0;0;0;56;56;56;54;5;5;63;63;63;63;63;63;63;63;63;63;63;63;0;0;0;0;54;5;5;63;63;63;63;63;63;63;63;63;63;63;63;0;0;0;54;5;5;63;63;63;63;63;63;63;63;63;0;0;63;63;63;63;63;63;63;63;63;1;27;2;2;1;3;3;3;14;9;2;3;3;3;0;20;14;-2;53;53;53;1;13;13;5;56;56;56;0;True;True;True;True;True;True;True;172;Instituto_Kit 1.png;51;10;10;46;10;10;;;;;;;;;;;;;;;;;;;;;;;;
66109441;4035;1;False;0;2;71;0;0;0;0;7;7;7;42;7;7;63;63;63;63;63;63;63;63;63;63;63;63;0;0;0;0;7;7;7;63;63;63;63;63;63;63;63;63;63;63;63;0;0;0;7;7;7;63;63;63;63;63;63;63;63;63;0;0;15;24;38;35;14;14;35;14;14;1;27;2;2;1;46;3;9;14;9;2;46;3;9;0;20;14;-2;53;53;53;1;11;20;5;46;3;9;0;True;True;True;False;True;True;True;173;Instituto_Kit 2.png;51;51;51;48;48;48;;;;;;;;;;;;;;;;;;;;;;;;
66109568;4035;0;True;0;2;0;0;0;0;0;55;10;28;63;63;63;63;63;63;63;63;63;63;63;63;63;63;63;0;0;0;0;55;10;28;63;63;63;63;63;63;63;63;63;63;63;63;0;0;0;55;10;28;63;63;63;63;63;63;63;63;63;0;0;15;24;38;15;24;38;15;24;38;1;27;2;2;1;60;61;62;14;9;2;56;56;56;0;20;14;-2;1;1;1;1;11;12;5;56;56;56;0;True;True;True;False;True;True;True;174;Instituto_Kit Arq.png;10;10;10;51;10;10;;;;;;;;;;;;;;;;;;;;;;;;
66125824;4036;0;False;0;3;71;0;0;0;0;55;46;13;0;6;4;63;63;63;63;63;63;63;63;63;63;63;63;0;0;0;0;0;6;4;63;63;63;63;63;63;63;63;63;63;63;63;0;0;0;0;6;4;63;63;63;63;63;63;63;63;63;0;0;15;24;38;35;14;14;35;14;14;1;26;1;2;1;0;6;4;12;7;1;0;6;4;0;20;14;-2;53;53;53;1;10;17;2;55;46;13;0;True;True;True;False;True;True;True;11;Aldosivi_Kit 1.png;53;13;10;48;10;10;;;;;;;;;;;;;;;;;;;;;;;;
66125825;4036;1;False;0;8;71;0;0;0;0;56;56;56;0;6;4;63;63;63;63;63;63;0;0;0;17;45;25;0;0;0;0;0;6;4;63;63;63;63;63;63;63;63;63;63;63;63;0;0;0;0;6;4;63;63;63;63;63;63;63;63;63;0;0;15;24;38;35;14;14;35;14;14;1;26;1;2;1;9;17;13;12;7;1;9;17;13;0;20;14;-2;53;53;53;1;10;17;2;55;46;13;0;True;True;True;False;True;True;True;12;Aldosivi_Kit 2.png;10;38;18;10;33;13;;;;;;;;;;;;;;;;;;;;;;;;
66125952;4036;0;True;0;1;0;0;0;0;0;63;27;14;63;63;63;63;63;63;63;63;63;63;63;63;63;63;63;0;0;0;0;63;27;14;63;63;63;63;63;63;63;63;63;63;63;63;0;0;0;63;27;14;63;63;63;63;63;63;63;63;63;0;0;15;24;38;15;24;38;15;24;38;1;26;1;2;1;56;56;56;12;7;1;56;56;56;0;20;14;-2;1;1;1;1;10;17;2;56;56;56;0;True;True;True;False;True;True;True;13;Aldosivi_Kit Arq.png;10;10;10;53;13;10;;;;;;;;;;;;;;;;;;;;;;;;
66142208;4037;0;False;0;1;71;0;0;0;0;7;7;7;63;54;0;63;63;63;63;63;63;63;63;63;63;63;63;0;0;0;0;7;7;7;63;63;63;63;63;63;63;63;63;63;63;63;0;0;0;7;7;7;63;63;63;63;63;63;63;63;63;0;0;53;46;18;35;14;14;35;14;14;0;14;-2;7;1;63;54;0;21;8;2;63;54;0;0;20;14;-2;53;53;53;1;10;17;2;63;54;0;0;True;True;True;False;True;True;True;267;Penarol_Kit 1.png;10;41;47;10;36;42;;;;;;;;;;;;;;;;;;;;;;;;
66142209;4037;1;False;0;2;71;0;0;0;0;63;54;0;7;7;7;63;63;63;63;63;63;63;63;63;53;41;37;0;0;0;0;7;7;7;63;63;63;63;63;63;63;63;63;63;63;63;0;0;0;63;54;0;63;63;63;63;63;63;63;63;63;0;0;53;46;18;35;14;14;35;14;14;0;28;3;7;1;45;40;32;16;8;2;3;3;3;0;20;14;-2;53;53;53;1;10;17;2;63;54;0;0;True;True;True;False;True;True;True;268;Penarol_Kit 2.png;52;14;10;47;10;10;;;;;;;;;;;;;;;;;;;;;;;;
66142336;4037;0;True;0;1;0;0;0;0;0;53;38;9;63;63;63;63;63;63;63;63;63;63;63;63;63;63;63;0;0;0;0;53;38;9;63;63;63;63;63;63;63;63;63;63;63;63;0;0;0;53;38;9;63;63;63;63;63;63;63;63;63;0;0;53;46;18;15;24;38;15;24;38;0;25;0;7;1;3;3;3;16;8;2;3;3;3;0;20;14;-2;1;1;1;1;10;17;2;3;3;3;0;True;True;True;False;True;True;True;270;Penarol_Kit Arq.png;10;10;10;10;41;47;;;;;;;;;;;;;;;;;;;;;;;;
66158592;4038;0;False;0;4;71;0;0;0;0;58;41;0;41;4;6;63;63;63;63;63;63;63;63;63;0;0;0;0;0;0;0;4;4;4;63;63;63;63;63;63;53;44;12;0;0;0;5;12;0;4;4;4;10;10;10;53;44;12;0;0;0;0;0;35;14;14;53;46;18;53;46;18;1;25;2;3;1;5;5;5;9;8;3;5;5;5;0;20;14;-2;53;53;53;2;14;20;4;58;41;0;0;True;True;True;True;True;True;True;40;Barcelona_SC_Kit 1.png;51;42;10;10;10;10;;;;;;;;;;;;;;;;;;;;;;;;
66158593;4038;1;False;0;2;0;0;0;0;0;5;5;5;63;63;63;63;63;63;63;63;63;63;63;63;63;63;63;0;0;0;0;5;5;5;63;63;63;63;63;63;63;63;63;63;63;63;0;0;0;5;5;5;63;63;63;63;63;63;63;63;63;0;0;35;14;14;53;46;18;53;46;18;1;25;2;3;1;63;63;63;9;8;3;56;56;56;0;20;14;-2;53;53;53;2;14;20;4;56;56;56;0;True;True;True;True;True;True;True;41;Barcelona_SC_Kit 2.png;10;10;10;53;44;12;;;;;;;;;;;;;;;;;;;;;;;;
66158720;4038;0;True;0;8;0;0;0;0;0;63;24;12;63;63;63;63;63;63;63;63;63;63;63;63;0;0;0;0;0;0;0;63;24;12;63;63;63;63;63;63;63;63;63;63;63;63;0;0;0;63;24;12;63;63;63;63;63;63;63;63;63;0;0;35;14;14;53;46;18;53;46;18;1;25;2;3;1;5;5;5;9;8;3;5;5;5;0;20;14;-2;53;53;53;2;14;20;4;5;5;5;0;True;True;True;True;True;True;True;42;Barcelona_SC_Kit Arq.png;10;10;10;53;44;12;;;;;;;;;;;;;;;;;;;;;;;;
66174976;4039;0;False;0;2;71;0;0;0;0;56;56;56;63;9;14;63;63;63;63;63;63;63;63;63;63;63;63;0;0;0;0;7;8;17;63;63;63;63;63;63;63;63;63;63;63;63;0;0;0;56;56;56;63;63;63;63;63;63;63;63;63;0;0;15;24;38;35;14;14;35;14;14;1;27;0;4;1;1;10;22;14;9;3;1;10;22;0;20;14;-2;53;53;53;1;11;14;3;56;56;56;0;True;True;True;False;True;True;True;181;Junior_Kit 1.png;12;12;12;10;10;10;;;;;;;;;;;;;;;;;;;;;;;;
66174977;4039;1;False;0;2;71;0;0;0;0;1;10;22;63;9;14;63;63;63;63;63;63;63;63;63;63;63;63;0;0;0;0;56;56;56;63;63;63;63;63;63;63;63;63;63;63;63;0;0;0;1;10;22;63;63;63;63;63;63;63;63;63;0;0;15;24;38;35;14;14;35;14;14;1;26;0;4;1;56;56;56;12;9;3;56;56;56;0;20;14;-2;53;53;53;1;11;14;3;7;8;17;0;True;True;True;False;True;True;True;182;Junior_Kit 2.png;53;14;10;41;10;10;;;;;;;;;;;;;;;;;;;;;;;;
66175104;4039;0;True;0;1;0;0;0;0;0;10;10;10;63;63;63;63;63;63;63;63;63;63;63;63;63;63;63;0;0;0;0;10;10;10;63;63;63;63;63;63;63;63;63;63;63;63;0;0;0;10;10;10;63;63;63;63;63;63;63;63;63;0;0;15;24;38;15;24;38;15;24;38;1;27;0;4;1;56;56;56;13;9;3;56;56;56;0;20;14;-2;10;10;10;1;5;14;3;56;56;56;0;True;True;True;False;True;True;True;184;Junior_Kit Arq.png;27;27;27;27;27;27;;;;;;;;;;;;;;;;;;;;;;;;
66273280;4045;0;False;0;1;71;0;0;0;0;56;56;56;7;7;7;63;63;63;63;63;63;63;63;63;63;63;63;0;0;0;0;56;56;56;63;63;63;63;63;63;63;63;63;63;63;63;0;0;0;56;56;56;63;63;63;63;63;63;63;63;63;0;0;15;24;38;35;14;14;35;14;14;1;28;1;2;1;7;7;7;15;9;2;48;35;0;0;20;14;-2;53;53;53;1;10;17;2;48;35;0;0;True;True;True;True;True;True;True;253;Olimpia_Kit 1.png;53;13;10;48;10;10;;;;;;;;;;;;;;;;;;;;;;;;
66273281;4045;1;False;0;1;71;0;0;0;0;7;7;7;19;19;19;63;63;63;63;63;63;63;63;63;63;63;63;0;0;0;0;7;7;7;63;63;63;63;63;63;63;63;63;63;63;63;0;0;0;7;7;7;63;63;63;63;63;63;63;63;63;0;0;15;24;38;35;14;14;35;14;14;1;27;5;2;1;48;35;0;13;10;2;48;35;0;0;20;14;-2;53;53;53;1;9;20;2;48;35;0;0;True;True;True;True;True;True;True;255;Olimpia_Kit 2.png;10;38;18;10;33;13;;;;;;;;;;;;;;;;;;;;;;;;
66273408;4045;0;True;0;1;0;0;0;0;0;5;37;13;63;63;63;63;63;63;63;63;63;63;63;63;63;63;63;0;0;0;0;5;37;13;63;63;63;63;63;63;63;63;63;63;63;63;0;0;0;5;37;13;63;63;63;63;63;63;63;63;63;0;0;15;24;38;15;24;38;15;24;38;1;27;5;2;1;56;56;56;13;10;2;56;56;56;0;20;14;-2;1;1;1;1;9;15;2;56;56;56;0;True;True;True;True;True;True;True;257;Olimpia_Kit Arq.png;10;10;10;53;13;10;;;;;;;;;;;;;;;;;;;;;;;;
66289664;4046;0;False;0;1;71;0;0;0;0;60;60;60;7;7;7;63;63;63;63;63;63;63;63;63;63;63;63;0;0;0;0;7;7;7;63;63;63;63;63;63;63;63;63;63;63;63;0;0;0;7;7;7;63;63;63;63;63;63;63;63;63;0;0;15;24;38;35;14;14;35;14;14;1;25;5;2;1;60;60;60;11;10;2;60;60;60;0;20;14;-2;53;53;53;1;9;16;3;60;60;60;0;True;True;True;False;True;True;True;206;Libertad_Kit 1.png;51;10;10;46;10;10;;;;;;;;;;;;;;;;;;;;;;;;
66289665;4046;1;False;0;1;71;0;0;0;0;60;60;60;50;50;50;63;63;63;63;63;63;63;63;63;63;63;63;0;0;0;0;60;60;60;63;63;63;63;63;63;63;63;63;63;63;63;0;0;0;60;60;60;63;63;63;63;63;63;63;63;63;0;0;15;24;38;35;14;14;35;14;14;1;25;5;2;1;50;50;50;11;10;2;50;50;50;0;20;14;-2;53;53;53;1;9;19;3;50;50;50;0;True;True;True;False;True;True;True;208;Libertad_Kit 2.png;51;51;51;48;48;48;;;;;;;;;;;;;;;;;;;;;;;;
66289792;4046;0;True;0;1;0;0;0;0;0;60;63;22;63;63;63;63;63;63;63;63;63;63;63;63;63;63;63;0;0;0;0;60;63;22;63;63;63;63;63;63;63;63;63;63;63;63;0;0;0;60;63;22;63;63;63;63;63;63;63;63;63;0;0;15;24;38;15;24;38;15;24;38;1;25;5;2;1;7;7;7;11;10;2;7;7;7;0;20;14;-2;1;1;1;1;10;18;3;7;7;7;0;True;True;True;False;True;True;True;210;Libertad_Kit Arq.png;10;10;10;51;10;10;;;;;;;;;;;;;;;;;;;;;;;;
66699264;4071;0;False;0;5;71;0;0;0;0;6;6;6;46;5;6;63;63;63;63;63;63;63;63;63;63;63;63;0;0;0;0;6;6;6;63;63;63;63;63;63;63;63;63;63;63;63;0;0;0;6;6;6;63;63;63;63;63;63;63;63;63;0;0;63;63;63;63;63;63;63;63;63;1;29;2;1;1;63;63;63;14;8;1;63;63;63;0;20;14;-2;3;3;3;1;10;14;2;56;56;56;0;True;True;True;True;True;True;True;0;AFC Bournemouth_Kit 1.png;52;10;10;52;10;10;;;;;;;;;;;;;;;;;;;;;;;;
66699265;4071;1;False;0;5;71;0;0;0;0;39;40;56;19;15;39;63;63;63;63;63;63;63;63;63;63;63;63;0;0;0;0;19;15;39;63;63;63;63;63;63;63;63;63;63;63;63;0;0;0;39;40;56;63;63;63;63;63;63;63;63;63;0;0;53;46;15;53;46;18;53;46;18;1;29;2;1;1;56;56;56;14;8;1;56;56;56;0;20;14;-2;13;13;13;1;11;14;2;56;56;56;0;True;True;True;False;True;True;True;1;AFC Bournemouth_Kit 2.png;17;10;10;17;10;10;;;;;;;;;;;;;;;;;;;;;;;;
66699392;4071;0;True;0;1;0;0;0;0;0;25;25;48;63;63;63;63;63;63;63;63;63;63;63;63;63;63;63;0;0;0;0;6;6;6;63;63;63;63;63;63;63;63;63;63;63;63;0;0;0;25;25;48;63;63;63;63;63;63;63;63;63;0;0;53;46;15;53;46;18;53;46;18;1;29;2;1;1;56;56;56;14;8;1;56;56;56;0;20;14;-2;13;13;13;1;11;14;2;56;56;56;0;True;True;True;False;True;True;True;2;AFC Bournemouth_Kit Arq.png;10;10;10;10;10;10;;;;;;;;;;;;;;;;;;;;;;;;
66928640;4085;0;False;0;1;71;0;0;0;0;42;7;7;63;63;63;63;63;63;63;63;63;63;63;63;0;0;0;0;0;0;0;42;7;7;63;63;63;63;63;63;50;26;14;0;0;0;18;0;0;33;10;10;53;29;10;36;12;12;0;0;0;0;0;15;24;38;15;24;38;15;24;38;1;32;2;1;1;53;53;53;19;7;1;53;53;53;0;20;14;-2;53;53;53;1;6;16;3;53;53;53;0;True;True;True;True;True;True;True;533;Gil Vicente_Kit 1.png;50;26;10;46;22;10;;;;;;;;;;;;;;;;;;;;;;;;
66928641;4085;1;False;0;1;71;0;0;0;0;56;56;56;42;7;7;63;63;63;63;63;63;63;63;63;0;0;0;0;0;0;0;56;56;56;63;63;63;63;63;63;38;38;38;0;0;0;18;0;0;53;53;53;14;25;19;45;45;45;0;0;0;0;0;15;24;38;15;24;38;15;24;38;1;32;2;1;1;46;22;10;19;7;1;46;22;10;0;20;14;-2;53;53;53;1;6;16;3;46;21;10;0;True;True;True;True;True;True;True;534;Gil Vicente_Kit 2.png;11;22;17;18;29;25;;;;;;;;;;;;;;;;;;;;;;;;
66928768;4085;0;True;0;1;71;0;0;0;0;56;56;56;56;56;56;63;63;63;63;63;63;63;63;63;0;0;0;0;0;0;0;56;56;56;63;63;63;63;63;63;63;63;63;0;0;0;6;1;0;56;56;56;15;15;15;46;22;10;0;0;0;0;0;15;24;38;15;24;38;15;24;38;0;32;2;1;1;53;53;53;18;8;1;7;7;7;0;20;14;-2;53;53;53;1;10;16;3;7;7;7;0;True;True;True;True;True;True;True;535;Gil Vicente_Kit Arq.png;10;10;10;46;22;10;;;;;;;;;;;;;;;;;;;;;;;;
67010560;4090;0;False;0;4;71;47;20;32;1;44;3;3;10;10;10;47;10;10;52;15;14;52;15;14;52;15;14;0;0;0;0;10;10;10;63;63;63;63;63;63;63;63;63;63;63;63;0;0;0;10;10;10;63;63;63;63;63;63;63;63;63;0;0;53;46;18;53;46;18;53;46;18;1;28;3;2;2;46;37;15;13;10;2;53;53;53;0;20;14;-2;47;37;19;1;10;17;2;53;53;53;0;True;True;True;False;True;False;False;2047;;15;30;45;17;32;47;;;;;;;;;;;;;;;;;;;;;;;;
67010561;4090;1;False;0;4;71;0;0;0;0;16;2;2;44;3;3;63;63;63;63;63;63;63;63;63;63;63;63;0;0;0;0;16;2;2;63;63;63;63;63;63;63;63;63;63;63;63;0;0;0;16;2;2;63;63;63;63;63;63;63;63;63;0;0;53;46;18;53;46;18;53;46;18;1;28;3;2;2;53;53;53;13;10;2;53;53;53;0;20;14;-2;47;37;19;1;10;17;2;53;53;53;0;True;True;True;False;True;False;False;2047;M;53;53;53;48;48;48;;;;;;;;;;;;;;;;;;;;;;;;
67010688;4090;0;True;0;1;0;0;0;0;0;39;16;44;63;63;63;63;63;63;63;63;63;63;63;63;63;63;63;0;0;0;0;39;16;44;63;63;63;63;63;63;63;63;63;63;63;63;0;0;0;39;16;44;63;63;63;63;63;63;63;63;63;0;0;53;46;15;53;46;15;53;46;15;1;28;3;2;2;10;10;10;13;10;2;10;10;10;0;20;14;-2;13;13;13;1;10;17;2;10;10;10;0;True;True;True;False;True;False;False;2047;Mi;10;10;10;15;30;45;;;;;;;;;;;;;;;;;;;;;;;;
67305474;4108;2;False;0;1;71;0;0;0;0;0;18;14;56;56;56;54;54;54;54;54;54;54;54;54;54;54;54;0;0;0;0;0;18;14;54;54;54;54;54;54;54;54;54;54;54;54;0;0;0;0;18;14;54;54;54;54;54;54;54;54;54;0;0;54;54;54;54;54;54;54;54;54;0;32;0;1;1;0;0;0;11;9;4;56;56;56;0;20;14;0;0;0;0;0;9;18;0;0;0;0;1;True;True;True;True;True;True;True;90;Chapecoense_Kit 1.png;13;13;13;13;13;13;;;;;;;;;;;;;;;;;;;;;;;;
67551235;4123;3;False;0;1;0;0;0;0;0;30;7;10;54;54;54;54;54;54;54;54;54;54;54;54;54;54;54;0;0;0;0;56;56;56;54;54;54;54;54;54;54;54;54;54;54;54;0;0;0;30;7;10;54;54;54;54;54;54;54;54;54;0;0;54;54;54;54;54;54;54;54;54;1;27;0;2;1;56;56;56;12;7;1;56;56;56;0;20;14;0;0;0;0;2;13;20;2;30;7;10;1;True;True;True;True;True;True;True;496;Metz_Kit 1.png;13;13;13;13;13;13;;;;;;;;;;;;;;;;;;;;;;;;
67911680;4145;0;False;0;8;71;0;0;0;0;1;19;42;56;56;56;63;63;63;63;63;63;63;63;63;63;63;63;0;0;0;0;1;19;42;63;63;63;63;63;63;63;63;63;63;63;63;0;0;0;1;19;42;63;63;63;63;63;63;63;63;63;0;0;53;46;18;53;46;18;53;46;18;1;29;2;2;3;56;56;56;14;8;2;56;56;56;0;20;14;-2;47;37;19;2;13;15;2;56;56;56;0;True;True;True;False;True;True;True;8;Alaves_Kit 1.png;12;15;35;14;17;37;;;;;;;;;;;;;;;;;;;;;;;;
67911681;4145;1;False;0;1;71;0;0;0;0;10;10;10;60;45;51;63;63;63;63;63;63;63;63;63;63;63;63;0;0;0;0;10;10;10;63;63;63;63;63;63;63;63;63;63;63;63;0;0;0;10;10;10;63;63;63;63;63;63;63;63;63;0;0;53;46;18;53;46;18;53;46;18;1;29;2;2;3;60;45;51;14;8;2;60;45;51;0;20;14;-2;37;10;10;2;13;15;2;60;45;51;0;True;True;True;False;True;True;True;9;Alaves_Kit 2.png;53;53;53;48;48;48;;;;;;;;;;;;;;;;;;;;;;;;
67911808;4145;0;True;0;1;0;0;0;0;0;49;53;10;63;63;63;63;63;63;63;63;63;63;63;63;63;63;63;0;0;0;0;49;53;10;63;63;63;63;63;63;63;63;63;63;63;63;0;0;0;49;53;10;63;63;63;63;63;63;63;63;63;0;0;53;46;15;53;46;15;53;46;15;1;28;2;2;3;10;10;10;14;8;2;10;10;10;0;20;14;-2;13;13;13;2;13;15;2;10;10;10;0;True;True;True;False;True;True;True;10;Alaves_Kit Arq.png;10;10;10;12;15;35;;;;;;;;;;;;;;;;;;;;;;;;
68485120;4180;0;False;0;11;71;0;0;0;0;56;56;56;41;4;6;63;63;63;63;63;63;63;63;63;63;63;63;0;0;0;0;7;7;7;63;63;63;63;63;63;63;63;63;63;63;63;0;0;0;7;7;7;63;63;63;63;63;63;63;63;63;0;0;63;63;63;63;63;63;63;63;63;1;30;2;1;3;56;56;56;16;8;1;56;56;56;0;20;14;-2;3;3;3;1;10;17;8;56;56;56;0;True;True;True;True;True;True;True;65;Brentford_Kit 1.png;10;10;10;10;10;10;;;;;;;;;;;;;;;;;;;;;;;;
68485121;4180;1;False;0;4;0;0;0;0;0;21;16;14;56;56;56;63;63;63;63;63;63;63;63;63;63;63;63;0;0;0;0;21;16;14;63;63;63;63;63;63;63;63;63;63;63;63;0;0;0;21;16;14;63;63;63;63;63;63;63;63;63;0;0;63;63;63;63;63;63;63;63;63;1;30;2;1;3;44;37;27;16;8;1;44;37;27;0;20;14;-2;13;13;13;1;5;16;8;44;37;27;0;True;True;True;True;True;True;True;66;Brentford_Kit 2.png;53;53;53;53;53;53;;;;;;;;;;;;;;;;;;;;;;;;
68485248;4180;0;True;0;1;0;0;0;0;0;57;30;37;63;63;63;63;63;63;63;63;63;63;63;63;63;63;63;0;0;0;0;57;30;37;63;63;63;63;63;63;63;63;63;63;63;63;0;0;0;57;30;37;63;63;63;63;63;63;63;63;63;0;0;63;63;63;63;63;63;63;63;63;1;30;2;1;3;3;9;15;16;8;1;3;9;15;0;20;14;-2;13;13;13;1;10;17;8;3;9;15;0;True;True;True;True;True;True;True;67;Brentford_Kit Arq.png;10;10;10;10;10;10;;;;;;;;;;;;;;;;;;;;;;;;
68993026;4211;2;False;0;9;71;0;0;0;0;12;15;25;56;56;56;54;54;54;54;54;54;54;54;54;54;54;54;0;0;0;0;12;15;25;54;54;54;54;54;54;54;54;54;54;54;54;0;0;0;12;15;25;54;54;54;54;54;54;54;54;54;0;0;54;54;54;54;54;54;54;54;54;1;29;0;1;1;56;56;56;14;8;1;56;56;56;0;20;14;0;0;0;0;2;14;16;2;56;56;56;1;True;True;True;True;True;True;True;500;Paris FC_Kit 1.png;13;13;13;13;13;13;;;;;;;;;;;;;;;;;;;;;;;;
69025795;4213;3;False;0;2;71;0;0;0;0;2;13;34;56;56;56;54;54;54;54;54;54;54;54;54;54;54;54;0;0;0;0;56;56;56;54;54;54;54;54;54;54;54;54;54;54;54;0;0;0;2;13;34;54;54;54;54;54;54;54;54;54;0;0;54;54;54;54;54;54;54;54;54;1;29;0;1;1;56;56;56;14;8;1;56;56;56;0;20;14;0;0;0;0;2;14;16;2;2;13;34;1;True;True;True;True;True;True;True;501;RC Strasbourg_Kit 1.png;13;13;13;13;13;13;;;;;;;;;;;;;;;;;;;;;;;;
69140480;4220;0;False;0;1;71;0;0;0;0;45;44;43;61;12;12;63;63;63;63;63;63;63;63;63;63;63;63;0;0;0;0;61;12;12;63;63;63;63;63;63;63;63;63;63;63;63;0;0;0;45;44;43;63;63;63;63;63;63;63;63;63;0;0;15;24;38;53;46;18;53;46;18;1;29;3;4;1;63;63;63;14;9;2;63;63;63;0;20;14;-2;3;3;3;1;11;16;4;56;56;56;0;True;True;True;False;True;True;True;376;Cremonese_Kit 1.png;10;16;10;53;53;10;;;;;;;;;;;;;;;;;;;;;;;;
69140481;4220;1;False;0;4;0;0;0;0;0;56;56;56;63;63;63;63;63;63;63;63;63;63;63;63;0;0;0;0;0;0;0;56;56;56;63;63;63;63;63;63;63;63;63;63;63;63;0;0;0;56;56;56;63;63;63;63;63;63;63;63;63;0;0;15;24;38;53;46;18;53;46;18;1;29;3;4;1;3;3;3;14;9;2;3;3;3;0;20;14;-2;3;3;3;1;11;17;4;3;3;3;0;True;True;True;False;True;True;True;377;Cremonese_Kit 2.png;53;53;53;10;16;10;;;;;;;;;;;;;;;;;;;;;;;;
69140608;4220;0;True;0;2;0;0;0;0;0;63;52;16;63;63;63;63;63;63;63;63;63;63;63;63;63;63;63;0;0;0;0;63;52;16;63;63;63;63;63;63;63;63;63;63;63;63;0;0;0;63;52;16;63;63;63;63;63;63;63;63;63;0;0;15;24;38;53;46;15;53;46;15;1;29;3;4;1;3;3;3;14;9;2;3;3;3;0;20;14;-2;13;13;13;1;8;20;4;3;3;3;0;True;True;True;False;True;True;True;378;Cremonese_Kit Arq.png;10;10;10;10;16;10;;;;;;;;;;;;;;;;;;;;;;;;
69287936;4229;0;False;0;13;71;0;0;0;0;10;10;10;54;25;0;54;54;54;54;54;54;54;54;54;54;54;54;0;0;0;0;10;10;10;54;54;54;54;54;54;54;54;54;54;54;54;0;0;0;10;10;10;54;54;54;54;54;54;54;54;54;0;0;54;54;54;54;54;54;54;54;54;1;29;2;4;1;56;56;56;14;8;2;56;56;56;0;20;14;-2;0;0;0;1;8;20;2;56;56;56;1;True;True;True;True;True;True;True;643;Venezia_Kit 1.png;0;0;0;0;0;0;;;;;;;;;;;;;;;;;;;;;;;;
69287937;4229;1;False;0;2;71;0;0;0;0;53;49;46;54;25;0;54;54;54;54;54;54;54;54;54;54;54;54;0;0;0;0;53;49;46;54;54;54;54;54;54;54;54;54;54;54;54;0;0;0;53;49;46;54;54;54;54;54;54;54;54;54;0;0;54;54;54;54;54;54;54;54;54;1;28;2;4;1;7;7;7;14;8;2;7;7;7;0;20;14;-2;0;0;0;1;7;17;2;7;7;7;1;True;True;True;True;True;True;True;644;Venezia_Kit 2.png;0;0;0;0;0;0;;;;;;;;;;;;;;;;;;;;;;;;
69288064;4229;0;True;0;2;0;0;0;0;0;61;26;23;54;54;54;54;54;54;54;54;54;54;54;54;54;54;54;0;0;0;0;61;26;23;54;54;54;54;54;54;54;54;54;54;54;54;0;0;0;61;26;23;54;54;54;54;54;54;54;54;54;0;0;54;54;54;54;54;54;54;54;54;1;28;2;4;1;7;7;7;14;8;2;7;7;7;0;20;14;-2;0;0;0;1;7;17;2;7;7;7;1;True;True;True;True;True;True;True;645;Venezia_Kit Arq.png;0;0;0;0;0;0;;;;;;;;;;;;;;;;;;;;;;;;
69369856;4234;0;False;0;1;71;0;0;0;0;62;51;32;14;23;41;54;54;54;54;54;54;54;54;54;54;54;54;0;0;0;0;60;47;22;54;54;54;54;54;54;54;54;54;54;54;54;0;0;0;60;47;22;54;54;54;54;54;54;54;54;54;0;0;54;54;54;54;54;54;54;54;54;1;29;2;4;1;14;23;41;15;8;2;14;23;41;0;20;14;-2;0;0;0;1;8;18;2;14;23;41;1;True;True;True;True;True;True;True;637;Frosinone_Kit 1.png;0;0;0;0;0;0;;;;;;;;;;;;;;;;;;;;;;;;
69369857;4234;1;False;0;12;71;0;0;0;0;52;52;52;10;10;10;54;54;54;54;54;54;54;54;54;54;54;54;0;0;0;0;52;52;52;54;54;54;54;54;54;54;54;54;54;54;54;0;0;0;52;52;52;54;54;54;54;54;54;54;54;54;0;0;54;54;54;54;54;54;54;54;54;1;29;2;4;1;10;10;10;15;8;2;10;10;10;0;20;14;-2;0;0;0;1;8;18;2;10;10;10;1;True;True;True;True;True;True;True;638;Frosinone_Kit 2.png;0;0;0;0;0;0;;;;;;;;;;;;;;;;;;;;;;;;
69369984;4234;0;True;0;1;0;0;0;0;0;49;31;0;54;54;54;54;54;54;54;54;54;54;54;54;54;54;54;0;0;0;0;49;31;0;54;54;54;54;54;54;54;54;54;54;54;54;0;0;0;49;31;0;54;54;54;54;54;54;54;54;54;0;0;54;54;54;54;54;54;54;54;54;1;29;2;4;1;56;56;56;15;8;2;56;56;56;0;20;14;-2;0;0;0;1;8;18;2;56;56;56;1;True;True;True;True;True;True;True;639;Frosinone_Kit Arq.png;0;0;0;0;0;0;;;;;;;;;;;;;;;;;;;;;;;;
69468160;4240;0;False;0;2;71;0;0;0;0;7;7;7;3;11;27;63;63;63;63;63;63;63;63;63;63;63;63;0;0;0;0;7;7;7;63;63;63;63;63;63;63;63;63;63;63;63;0;0;0;7;7;7;63;63;63;63;63;63;63;63;63;0;0;53;46;18;53;46;18;53;46;18;1;29;3;4;1;51;45;36;14;9;2;51;45;36;0;20;14;-2;3;3;3;1;11;19;4;51;45;36;0;True;True;True;True;True;True;True;385;Pisa_Kit 1.png;10;25;19;48;12;12;;;;;;;;;;;;;;;;;;;;;;;;
69468161;4240;1;False;0;2;71;0;0;0;0;61;49;12;3;5;22;63;63;63;63;63;63;63;63;63;63;63;63;0;0;0;0;61;49;12;63;63;63;63;63;63;63;63;63;63;63;63;0;0;0;61;49;12;63;63;63;63;63;63;63;63;63;0;0;53;46;18;53;46;18;53;46;18;1;29;3;4;1;7;7;7;14;9;2;7;7;7;0;20;14;-2;3;3;3;1;11;19;4;7;7;7;0;True;True;True;True;True;True;True;386;Pisa_Kit 2.png;53;53;53;10;25;19;;;;;;;;;;;;;;;;;;;;;;;;
69468288;4240;0;True;0;1;0;0;0;0;0;12;39;52;63;63;63;63;63;63;63;63;63;63;63;63;63;63;63;0;0;0;0;12;39;52;63;63;63;63;63;63;63;63;63;63;63;63;0;0;0;12;39;52;63;63;63;63;63;63;63;63;63;0;0;53;46;18;53;46;15;53;46;15;1;29;3;4;1;56;56;56;14;9;2;56;56;56;0;20;14;-2;13;13;13;1;11;17;4;56;56;56;0;True;True;True;True;True;True;True;387;Pisa_Kit Arq.png;10;10;10;10;25;19;;;;;;;;;;;;;;;;;;;;;;;;
69533696;4244;0;False;0;3;71;0;0;0;0;59;6;15;56;56;56;54;54;54;54;54;54;54;54;54;54;54;54;0;0;0;0;59;6;15;54;54;54;54;54;54;54;54;54;54;54;54;0;0;0;59;6;15;54;54;54;54;54;54;54;54;54;0;0;54;54;54;54;54;54;54;54;54;1;29;2;4;1;56;56;56;14;8;2;56;56;56;0;20;14;-2;0;0;0;1;10;17;2;56;56;56;1;True;True;True;True;True;True;True;640;Monza_Kit 1.png;0;0;0;0;0;0;;;;;;;;;;;;;;;;;;;;;;;;
69533697;4244;1;False;0;3;71;0;0;0;0;56;56;56;59;6;15;54;54;54;54;54;54;54;54;54;54;54;54;0;0;0;0;56;56;56;54;54;54;54;54;54;54;54;54;54;54;54;0;0;0;56;56;56;54;54;54;54;54;54;54;54;54;0;0;54;54;54;54;54;54;54;54;54;1;29;2;4;1;59;6;15;14;8;2;59;6;15;0;20;14;-2;0;0;0;1;10;17;2;59;6;15;1;True;True;True;True;True;True;True;641;Monza_Kit 2.png;0;0;0;0;0;0;;;;;;;;;;;;;;;;;;;;;;;;
69533824;4244;0;True;0;1;0;0;0;0;0;15;28;47;54;54;54;54;54;54;54;54;54;54;54;54;54;54;54;0;0;0;0;15;28;47;54;54;54;54;54;54;54;54;54;54;54;54;0;0;0;15;28;47;54;54;54;54;54;54;54;54;54;0;0;54;54;54;54;54;54;54;54;54;1;29;2;4;1;56;56;56;14;8;2;56;56;56;0;20;14;-2;0;0;0;1;10;20;2;56;56;56;1;True;True;True;True;True;True;True;642;Monza_Kit Arq.png;0;0;0;0;0;0;;;;;;;;;;;;;;;;;;;;;;;;
69795840;4260;0;False;0;11;71;0;0;0;0;15;22;47;50;43;32;63;63;63;63;63;63;63;63;63;63;63;63;0;0;0;0;56;56;56;63;63;63;63;63;63;63;63;63;63;63;63;0;0;0;15;22;47;63;63;63;63;63;63;63;63;63;0;0;53;46;18;53;46;18;53;46;18;1;30;4;2;3;50;43;32;15;9;3;50;43;32;0;20;14;-2;47;37;19;2;13;16;3;15;22;47;0;True;True;True;False;True;True;True;292;Real Oviedo_Kit 1.png;10;19;39;12;21;42;;;;;;;;;;;;;;;;;;;;;;;;
69795841;4260;1;False;0;2;71;0;0;0;0;53;52;20;15;22;47;63;63;63;63;63;63;63;63;63;63;63;63;0;0;0;0;10;10;10;63;63;63;63;63;63;63;63;63;63;63;63;0;0;0;10;10;10;63;63;63;63;63;63;63;63;63;0;0;53;46;18;53;46;18;53;46;18;1;30;4;2;3;10;10;10;15;9;3;10;10;10;0;20;14;-2;47;37;19;2;13;16;3;53;52;20;0;True;True;True;False;True;True;True;293;Real Oviedo_Kit 2.png;53;53;53;48;48;48;;;;;;;;;;;;;;;;;;;;;;;;
69795968;4260;0;True;0;1;0;0;0;0;0;41;53;41;63;63;63;63;63;63;63;63;63;63;63;63;63;63;63;0;0;0;0;41;53;41;63;63;63;63;63;63;63;63;63;63;63;63;0;0;0;41;53;41;63;63;63;63;63;63;63;63;63;0;0;53;46;15;53;46;15;53;46;15;1;30;4;2;3;10;10;10;15;9;3;10;10;10;0;20;14;-2;13;13;13;2;13;16;3;10;10;10;0;True;True;True;False;True;True;True;294;Real Oviedo_Kit Arq.png;10;10;10;10;19;39;;;;;;;;;;;;;;;;;;;;;;;;
70778880;4320;0;False;0;1;71;0;0;0;0;49;10;16;10;10;10;63;63;63;63;63;63;63;63;63;63;63;63;0;0;0;0;10;10;10;63;63;63;63;63;63;63;63;63;63;63;63;0;0;0;49;10;16;63;63;63;63;63;63;63;63;63;0;0;53;46;18;53;46;18;53;46;18;1;30;4;2;3;58;58;58;15;8;3;58;58;58;0;20;14;-2;47;37;19;2;14;16;3;58;58;58;0;True;True;True;False;True;True;True;216;Mallorca_Kit 1.png;53;53;53;48;48;48;;;;;;;;;;;;;;;;;;;;;;;;
70778881;4320;1;False;0;1;71;0;0;0;0;53;53;53;10;10;10;63;63;63;63;63;63;63;63;63;63;63;63;0;0;0;0;53;53;53;63;63;63;63;63;63;63;63;63;63;63;63;0;0;0;53;53;53;63;63;63;63;63;63;63;63;63;0;0;53;46;18;53;46;18;53;46;18;1;30;4;2;3;10;10;10;15;8;3;10;10;10;0;20;14;-2;37;10;10;2;14;16;3;10;10;10;0;True;True;True;False;True;True;True;217;Mallorca_Kit 2.png;48;10;16;46;10;13;;;;;;;;;;;;;;;;;;;;;;;;
70779008;4320;0;True;0;1;0;0;0;0;0;10;10;10;63;63;63;63;63;63;63;63;63;63;63;63;63;63;63;0;0;0;0;10;10;10;63;63;63;63;63;63;63;63;63;63;63;63;0;0;0;10;10;10;63;63;63;63;63;63;63;63;63;0;0;53;46;15;53;46;15;53;46;15;1;30;4;2;3;53;53;53;15;8;3;53;53;53;0;20;14;-2;13;13;13;2;14;16;3;53;53;53;0;True;True;True;False;True;True;True;218;Mallorca_Kit Arq.png;10;10;10;48;10;16;;;;;;;;;;;;;;;;;;;;;;;;
70828032;4323;0;False;0;1;71;0;0;0;0;56;56;56;7;7;7;63;63;63;63;63;63;63;63;63;63;63;63;0;0;0;0;7;7;7;63;63;63;63;63;63;63;63;63;63;63;63;0;0;0;7;7;7;63;63;63;63;63;63;63;63;63;0;0;15;24;38;53;46;18;53;46;18;1;28;5;6;1;0;0;0;14;9;6;0;0;0;0;20;14;-2;3;5;6;1;10;17;6;56;56;56;0;True;True;True;False;True;True;True;521;CD Nacional_Kit 1.png;12;12;12;15;15;15;;;;;;;;;;;;;;;;;;;;;;;;
70828033;4323;1;False;0;1;71;0;0;0;0;59;52;6;7;7;7;63;63;63;63;63;63;63;63;63;63;63;63;0;0;0;0;59;52;6;63;63;63;63;63;63;63;63;63;63;63;63;0;0;0;59;52;6;63;63;63;63;63;63;63;63;63;0;0;15;24;38;53;46;18;53;46;18;1;28;5;6;1;0;0;0;14;9;6;0;0;0;0;20;14;-2;3;5;6;1;10;17;6;0;0;0;0;True;True;True;False;True;True;True;522;CD Nacional_Kit 2.png;51;49;12;53;53;15;;;;;;;;;;;;;;;;;;;;;;;;
70828160;4323;0;True;0;1;0;0;0;0;0;29;56;57;63;63;63;63;63;63;63;63;63;63;63;63;63;63;63;0;0;0;0;29;56;57;63;63;63;63;63;63;63;63;63;63;63;63;0;0;0;29;56;57;63;63;63;63;63;63;63;63;63;0;0;15;24;38;53;46;18;53;46;18;1;26;5;6;1;0;0;0;12;9;6;0;0;0;0;20;14;-2;3;3;3;1;11;17;6;0;0;0;0;True;True;True;False;True;True;True;523;CD Nacional_Kit Arq.png;10;10;10;53;51;10;;;;;;;;;;;;;;;;;;;;;;;;
82083843;5010;3;False;0;1;71;0;0;0;0;56;56;56;53;9;14;54;54;54;54;54;54;54;54;54;54;54;54;0;0;0;0;53;9;14;54;54;54;54;54;54;54;54;54;54;54;54;0;0;0;53;9;14;54;54;54;54;54;54;54;54;54;0;0;54;54;54;54;54;54;54;54;54;1;9;2;2;1;53;9;14;19;8;2;53;9;14;0;20;14;0;0;0;0;1;11;16;2;56;56;56;1;True;True;True;True;True;True;True;630;Leipzig_Kit 1.png;13;13;13;13;13;13;;;;;;;;;;;;;;;;;;;;;;;;
82182144;5016;0;False;0;2;71;0;0;0;0;0;39;57;58;58;58;63;63;63;63;63;63;63;63;63;63;63;63;0;0;0;0;8;10;18;63;63;63;63;63;63;63;63;63;63;63;63;0;0;0;0;39;57;63;63;63;63;63;63;63;63;63;0;0;15;24;38;53;46;18;53;46;18;1;31;2;1;3;58;58;58;17;8;1;58;58;58;0;20;14;-2;3;3;3;1;4;15;2;58;58;58;0;True;True;True;False;True;True;True;616;Coventry_Kit 1.png;53;53;10;53;53;10;;;;;;;;;;;;;;;;;;;;;;;;
82182145;5016;1;False;0;2;71;0;0;0;0;58;58;58;8;10;18;63;63;63;63;63;63;63;63;63;63;63;63;0;0;0;0;58;58;58;63;63;63;63;63;63;63;63;63;63;63;63;0;0;0;58;58;58;63;63;63;63;63;63;63;63;63;0;0;15;24;38;53;46;18;53;46;18;1;29;2;1;3;8;10;18;14;8;1;8;10;18;0;20;14;-2;13;13;13;1;4;15;2;8;10;18;0;True;True;True;False;True;True;True;617;Coventry_Kit 2.png;53;53;53;53;53;53;;;;;;;;;;;;;;;;;;;;;;;;
82182272;5016;0;True;0;2;0;0;0;0;0;0;25;15;63;63;63;63;63;63;63;63;63;63;63;63;63;63;63;0;0;0;0;0;25;15;63;63;63;63;63;63;63;63;63;63;63;63;0;0;0;0;25;15;63;63;63;63;63;63;63;63;63;0;0;15;24;38;53;46;18;53;46;18;1;29;2;1;3;58;58;58;14;8;1;58;58;58;0;20;14;-2;13;13;13;1;4;15;2;58;58;58;0;True;True;True;False;True;True;True;618;Coventry_Kit Arq.png;10;10;10;10;10;10;;;;;;;;;;;;;;;;;;;;;;;;
