Id;Player 1;Player 2;Player 3;Player 4;Player 5;Player 6;Player 7;Player 8;Player 9;Player 10;Player 11;Player 12;Player 13;Player 14;Player 15;Player 16;Player 17;Player 18;Player 19;Player 20;Player 21;Player 22;Player 23;Player 24;Player 25;Player 26;Player 27;Player 28;Player 29;Player 30;Player 31;Player 32;Shirt number 1;Shirt number 2;Shirt number 3;Shirt number 4;Shirt number 5;Shirt number 6;Shirt number 7;Shirt number 8;Shirt number 9;Shirt number 10;Shirt number 11;Shirt number 12;Shirt number 13;Shirt number 14;Shirt number 15;Shirt number 16;Shirt number 17;Shirt number 18;Shirt number 19;Shirt number 20;Shirt number 21;Shirt number 22;Shirt number 23;Shirt number 24;Shirt number 25;Shirt number 26;Shirt number 27;Shirt number 28;Shirt number 29;Shirt number 30;Shirt number 31;Shirt number 32;Total Players
1;39194;40701;3498;101100;5434;40569;101102;101267;59767;34626;100001;32668;38358;36893;44495;33706;8408;42810;46975;9428;40283;47375;54789;38536;46931;110947;0;0;0;0;0;0;1;15;4;3;6;8;13;16;10;9;25;2;11;22;14;5;7;18;23;20;17;21;24;12;19;26;0;0;0;0;0;0;26
2;59897;35505;37967;42808;60303;7946;59965;32139;42657;35508;101091;35504;745;101087;43054;115242;39208;39206;101086;104668;106589;39204;55321;116076;114505;111118;0;0;0;0;0;0;1;5;4;20;24;8;16;11;3;10;21;12;18;2;13;25;19;7;23;17;6;15;14;22;26;9;0;0;0;0;0;0;26
3;113863;56154;296619;114163;101028;364901;114796;104727;101838;116605;262984;9534;58357;263001;264101;42353;39441;112069;44766;114147;263027;322104;271329;376345;59793;297621;0;0;0;0;0;0;1;13;26;22;3;23;19;17;7;4;20;21;12;15;16;5;2;6;11;10;18;14;9;24;8;25;0;0;0;0;0;0;26
4;32135;39755;9541;37293;44565;44497;38082;44560;109128;103511;39245;45458;45134;63287;34461;43296;46511;112106;59158;63467;44564;39237;103663;101080;102952;35496;0;0;0;0;0;0;1;6;19;2;3;24;10;7;26;23;18;21;4;5;16;8;9;22;12;20;17;14;25;15;13;11;0;0;0;0;0;0;26
5;47286;121948;42577;60523;108209;106591;108959;108693;110638;101291;47287;111450;108688;47785;42917;120355;114197;40295;118174;114906;59773;120368;118042;104865;107553;121334;0;0;0;0;0;0;1;2;6;24;3;8;4;7;11;10;9;13;23;5;15;12;25;14;17;21;20;18;19;26;16;22;0;0;0;0;0;0;26
6;47434;104496;111800;47787;117931;111071;118236;104226;117087;60512;4522;47215;60709;111975;111997;108696;118136;114268;104204;117702;119153;113729;105457;112733;107674;54756;0;0;0;0;0;0;1;14;3;20;25;15;23;10;18;8;7;22;12;4;13;2;5;24;21;26;17;16;11;6;19;9;0;0;0;0;0;0;26
7;106957;114620;47522;103008;116575;110815;108239;118381;117736;113608;116751;118340;47406;114762;119828;114695;101058;111935;108876;116207;43638;110902;110596;103613;114967;102742;0;0;0;0;0;0;23;22;14;5;24;16;8;20;19;17;7;1;13;4;12;2;3;18;9;11;15;10;21;6;25;26;0;0;0;0;0;0;26
8;60447;110774;116655;110784;111252;119782;47051;114018;114640;110626;110718;47529;112964;114975;104717;107954;45089;101334;114725;54675;39268;114284;108069;113356;110819;114577;0;0;0;0;0;0;16;17;4;5;19;8;14;11;20;7;10;1;23;15;21;2;3;13;18;25;24;12;9;26;6;22;0;0;0;0;0;0;26
9;44383;102549;4278;46647;113167;112212;59801;114003;101301;44379;40122;110667;114851;113241;37827;109500;117886;109019;117993;122264;113244;114457;119571;104419;118657;61031;0;0;0;0;0;0;1;2;3;15;5;24;8;11;10;7;9;12;13;4;6;16;21;18;23;22;20;14;17;25;19;26;0;0;0;0;0;0;26
10;110351;107719;44840;111986;113972;118335;108662;46951;122012;118274;46879;121306;111024;59766;118648;39270;46866;118664;63627;114845;117932;122728;114576;118316;114110;103142;0;0;0;0;0;0;1;6;4;22;15;8;21;24;11;14;10;13;23;5;2;25;3;12;26;7;18;17;19;20;16;9;0;0;0;0;0;0;26
11;63414;109126;109124;60510;43467;42424;117420;111138;118221;112472;101875;117410;54380;107678;46062;118275;113338;110514;41047;110812;109079;117803;370144;118355;122005;115995;0;0;0;0;0;0;1;4;5;3;13;10;20;8;11;22;7;12;21;24;25;2;6;14;9;15;17;16;23;18;19;26;0;0;0;0;0;0;26
12;108279;114662;106671;63500;107949;103686;118171;100620;107686;114624;119811;100185;104485;115098;56184;118965;100630;118841;63520;114835;114764;122716;100443;102891;114235;115117;0;0;0;0;0;0;1;21;23;13;5;18;8;7;3;11;9;12;22;6;19;2;4;20;16;17;14;10;15;24;25;26;0;0;0;0;0;0;26
13;56251;60857;56144;118145;108201;54713;56156;46564;58117;103272;102719;58396;296246;58265;58313;58168;319474;118021;58359;298700;103700;302773;299581;58314;302809;54381;0;0;0;0;0;0;1;4;3;7;5;24;18;8;12;9;10;16;23;2;6;20;14;22;21;17;15;19;13;25;26;11;0;0;0;0;0;0;26
14;33185;118593;118437;109005;121294;117889;118940;102901;113900;114883;118527;46472;113283;104677;109161;101236;109394;60380;114140;117779;100778;54257;115153;112489;121217;118491;0;0;0;0;0;0;1;4;15;6;18;5;23;19;17;10;7;12;21;2;3;22;16;8;20;13;9;26;14;24;25;11;0;0;0;0;0;0;26
15;9042;112433;38054;58646;112432;111931;40150;32618;40871;43450;60622;104289;103845;36807;44743;59547;114111;47163;116137;45947;40154;118528;38338;32008;47076;105057;0;0;0;0;0;0;1;3;4;2;5;24;8;19;10;9;14;16;6;13;25;23;15;11;22;12;17;26;18;7;21;20;0;0;0;0;0;0;26
16;100133;1073857540;114258;109047;113787;116066;33874;103404;110838;107402;60527;54379;60519;105254;54378;118350;54376;54425;103133;101472;114510;41146;120380;54377;54423;54424;0;0;0;0;0;0;1;3;17;26;5;8;14;10;7;20;9;13;12;4;24;16;15;6;2;18;22;21;11;25;23;19;0;0;0;0;0;0;26
17;46865;111874;319321;109123;40987;300065;54677;268627;110491;104794;115079;266915;55668;105354;110661;45238;117464;117459;101600;298368;57946;44245;57952;305755;374247;374249;0;0;0;0;0;0;23;4;2;3;16;10;18;21;5;17;9;12;1;15;20;14;8;19;7;6;24;11;25;22;13;26;0;0;0;0;0;0;26
19;40937;42647;112093;100165;39744;40936;44659;47374;59709;40002;59717;100710;114029;58595;116656;63437;44328;58653;60502;102749;105076;116666;112094;35535;107106;16794;0;0;0;0;0;0;1;15;2;4;20;13;10;19;8;9;14;12;24;3;25;6;11;7;22;18;5;26;21;16;17;23;0;0;0;0;0;0;26
20;107142;111174;32828;37850;39730;36213;116254;33799;39324;105047;57032;105049;32827;59997;107541;107224;40284;57031;105048;40957;59770;105046;116252;116253;110612;111157;0;0;0;0;0;0;23;14;3;15;2;18;24;17;19;11;21;1;4;5;13;6;7;20;12;16;8;10;9;22;26;25;0;0;0;0;0;0;26
21;53800;101504;41124;54791;117766;59782;9087;46862;102526;57678;116355;53801;53798;46218;59934;114917;42545;102796;113982;121308;117568;34813;57679;57677;114426;112377;0;0;0;0;0;0;1;3;8;5;20;6;4;18;9;24;11;13;12;15;23;2;16;10;17;22;21;7;14;25;19;26;0;0;0;0;0;0;26
22;300928;116649;369284;374451;300855;305006;267874;118287;100706;299235;297306;304756;364990;378473;372801;374452;299576;367168;367172;378474;367164;367167;319160;376222;321854;302120;0;0;0;0;0;0;1;24;5;21;4;16;10;25;26;11;19;22;3;23;8;17;7;18;12;6;2;15;13;20;14;9;0;0;0;0;0;0;26
23;44104;4655;116397;100509;35514;39230;101386;107147;42888;107590;107209;40520;101075;112095;34892;43206;107412;103892;101880;112096;104158;112098;116432;104170;35518;111859;0;0;0;0;0;0;1;5;17;23;13;6;20;18;7;25;9;12;24;4;10;8;21;14;16;2;3;19;15;22;11;26;0;0;0;0;0;0;26
24;113596;119849;103721;101761;43135;34098;42606;38439;104749;116051;110303;113961;100971;119890;115086;108453;44440;38475;61720;109517;118494;45142;110459;113271;114314;100897;0;0;0;0;0;0;1;22;6;4;8;10;2;14;9;16;11;23;12;5;3;25;18;17;15;21;13;19;26;7;24;20;0;0;0;0;0;0;26
26;306192;308698;302627;100481;366168;308700;301017;378199;308838;364584;300424;301818;366165;300663;100285;366115;325475;270033;366093;378200;299989;367198;46694;308701;305364;377251;0;0;0;0;0;0;12;6;21;24;14;8;17;15;23;10;19;1;3;22;25;18;11;13;20;2;4;16;26;7;9;5;0;0;0;0;0;0;26
27;59970;43414;57316;39957;37829;46545;102626;116102;46546;53917;100457;36343;105014;112393;37830;103890;114227;46544;116100;112391;116103;103925;101842;116104;112395;115053;0;0;0;0;0;0;23;5;21;11;3;8;18;7;17;25;16;13;2;14;10;22;24;20;1;15;4;19;6;12;9;26;0;0;0;0;0;0;26
28;36857;120310;40097;59996;59817;45032;36358;46599;63624;105056;36797;45307;43266;36795;108991;57398;61726;59657;39330;35232;41303;112389;37496;107429;44770;59816;0;0;0;0;0;0;1;24;4;23;22;2;19;10;25;20;11;12;21;5;26;6;7;14;13;15;3;8;17;18;9;16;0;0;0;0;0;0;26
29;55768;40472;60916;377344;55790;63265;369881;325283;103797;115238;55989;369208;102761;377285;112084;58333;116642;56020;101097;113224;376190;57905;377789;59548;377388;373055;0;0;0;0;0;0;23;15;2;14;6;5;24;13;8;11;21;1;12;3;4;18;20;16;10;26;19;7;9;22;25;17;0;0;0;0;0;0;26
30;34431;40838;35498;45953;113340;42602;115165;4616;38261;43374;114315;105073;103325;31060;101531;112079;116676;106785;42499;116374;59741;116375;112076;112080;110837;101537;0;0;0;0;0;0;12;20;5;2;21;6;24;14;7;10;25;16;3;17;19;22;26;9;1;23;11;4;15;13;18;8;0;0;0;0;0;0;26
31;267922;323818;309125;375480;292343;301091;301521;322028;369482;374206;303983;378506;301688;305733;323819;367197;107385;369529;378577;308987;378508;378507;369944;301506;63907;113236;0;0;0;0;0;0;1;4;14;3;18;10;8;19;11;17;20;16;23;5;9;6;24;7;12;2;13;21;15;22;25;26;0;0;0;0;0;0;26
32;57133;110645;108202;113960;119889;57634;100383;103197;114566;112480;112476;54794;54793;54451;54792;54795;54790;104745;115876;109909;117818;118966;101721;54447;44910;114929;0;0;0;0;0;0;1;14;18;2;3;6;24;8;10;9;11;12;22;5;25;13;26;4;15;7;23;21;20;19;17;16;0;0;0;0;0;0;26
33;299873;369441;110712;107713;309189;100226;116646;309136;101675;378237;367060;306495;308069;367061;114009;367059;367056;374259;308625;308070;368896;366924;369550;303753;364216;319302;0;0;0;0;0;0;16;21;3;17;20;2;13;25;10;11;9;1;22;4;6;23;12;15;26;8;7;14;19;5;24;18;0;0;0;0;0;0;26
34;295845;307884;58124;308197;114464;58122;374248;120351;58109;57123;58112;307868;308195;305824;303491;58126;58110;58108;115092;107612;296252;118262;58115;303482;100682;58107;0;0;0;0;0;0;23;5;2;3;15;17;19;12;8;10;11;1;16;4;24;18;14;21;25;7;20;22;9;26;6;13;0;0;0;0;0;0;26
35;301393;115108;369292;108927;378424;377105;294424;301360;368554;300831;303129;323863;322621;299545;112355;309347;305075;368917;374408;307535;378425;307489;371518;370855;370853;374427;0;0;0;0;0;0;23;24;6;25;13;21;10;11;18;9;8;1;5;3;26;17;7;15;16;4;2;19;12;22;14;20;0;0;0;0;0;0;26
36;38201;38181;104751;116349;116347;102424;110084;108402;112414;42246;40321;116348;104876;109917;41136;38806;42245;47427;45902;116346;112409;112420;102695;57209;40862;116350;0;0;0;0;0;0;24;3;25;5;19;1;26;18;12;10;8;23;6;4;14;17;22;7;16;2;21;15;20;11;9;13;0;0;0;0;0;0;26
37;308735;56126;305756;323869;299566;300062;323669;378464;309868;323836;301445;321003;296010;56167;56159;308345;58225;319448;374243;319320;308737;109131;295342;58366;299134;102040;0;0;0;0;0;0;1;21;14;20;6;13;4;12;7;10;17;22;16;19;24;25;18;26;5;23;8;9;15;3;2;11;0;0;0;0;0;0;26
38;113441;102757;107977;121332;3613;42575;116691;57643;114201;57304;118563;113999;104382;61069;299180;117513;299165;47437;114933;45081;101664;119130;45338;45780;115162;364838;0;0;0;0;0;0;16;3;19;15;25;5;26;8;18;10;11;1;23;2;4;24;14;6;17;21;13;20;9;22;7;12;0;0;0;0;0;0;26
39;114080;101191;43612;112000;108931;103166;117613;109397;112104;40884;57750;103113;109327;119783;47640;114337;60259;117835;118567;59336;308293;115263;46755;116608;60039;118445;0;0;0;0;0;0;24;3;13;16;5;4;8;2;10;17;20;1;25;22;6;23;14;21;26;15;18;11;9;12;7;19;0;0;0;0;0;0;26
40;105414;41555;36665;106487;115001;45467;121229;100475;114874;61171;57330;111222;34102;113335;114778;115055;118202;100957;115237;60579;47723;114714;100868;117946;111021;117486;0;0;0;0;0;0;1;4;5;2;23;6;19;26;25;16;9;12;13;15;3;20;7;24;8;17;10;11;14;18;21;22;0;0;0;0;0;0;26
41;367143;362284;362732;319472;112806;319465;319466;297343;118656;100151;299246;319470;296782;322086;368581;309162;269276;363897;369519;374471;321000;374470;367149;298445;321001;378385;0;0;0;0;0;0;1;4;5;15;24;6;12;8;25;26;9;16;3;11;14;22;18;21;13;20;17;2;19;7;23;10;0;0;0;0;0;0;26
42;39777;61688;30202;43626;41106;34104;39773;46579;32464;37907;107732;46576;46577;112435;54700;107231;44407;63911;116255;55794;59984;112434;119116;47655;104998;46575;0;0;0;0;0;0;1;19;4;16;8;14;5;17;7;10;9;18;3;6;25;20;12;21;23;24;2;22;26;15;11;13;0;0;0;0;0;0;26
43;374453;378482;369939;309846;300053;114682;304401;107762;322105;308727;308931;363529;295575;322131;295642;55667;378480;369302;323835;378481;378483;374454;322085;369312;374456;374457;0;0;0;0;0;0;18;6;4;17;7;25;15;24;10;9;8;22;3;21;14;26;11;13;1;12;2;5;20;16;23;19;0;0;0;0;0;0;26
44;47988;104612;117650;41686;60424;109947;118313;115194;48129;41581;123749;34638;36703;61468;117530;44857;107960;117498;55443;45685;103966;117689;117934;103825;100930;117688;0;0;0;0;0;0;12;23;3;2;17;16;6;11;7;10;25;24;1;13;18;4;22;5;15;20;8;21;19;14;26;9;0;0;0;0;0;0;26
45;63474;45993;111207;43989;43985;42669;1073788255;111804;110644;117047;113573;46815;63560;113487;56029;114178;117456;63607;107645;117776;40352;107256;115930;375732;103584;120299;0;0;0;0;0;0;1;4;3;13;6;5;8;20;11;7;9;23;12;14;15;24;16;17;2;21;10;22;25;18;26;19;0;0;0;0;0;0;26
46;44023;59949;117404;117518;118523;102915;56253;46570;117528;118448;117531;61577;56056;55533;106339;116634;110223;369904;110852;103997;363615;109772;55954;117407;56252;117532;0;0;0;0;0;0;1;5;15;17;4;13;8;19;23;7;11;12;21;3;2;20;6;14;10;26;16;25;9;24;18;22;0;0;0;0;0;0;26
47;114963;59356;61012;105584;108881;114360;263021;368379;108883;114897;114984;117760;61416;104635;109399;113819;59445;115285;368381;119815;56041;114542;115543;110715;119864;104640;0;0;0;0;0;0;12;5;3;2;17;8;6;20;9;7;22;1;23;25;13;4;18;15;21;11;10;14;26;19;24;16;0;0;0;0;0;0;26
48;54165;45756;118193;108873;61475;103038;117802;59416;110608;55661;61164;58254;57974;110998;60819;121381;111967;117955;105130;47837;105138;377282;61000;111213;63413;113918;0;0;0;0;0;0;12;15;3;4;6;14;16;10;19;8;9;22;1;2;5;13;26;20;23;7;17;11;18;24;21;25;0;0;0;0;0;0;26
49;36727;58839;109849;33266;110995;101958;113911;118943;112448;113748;111273;111041;102895;116576;100115;58061;47566;105297;58147;110965;114200;45049;119886;118353;119124;109114;0;0;0;0;0;0;23;2;16;4;22;5;8;14;20;10;9;12;1;24;3;13;17;6;15;26;11;18;21;7;25;19;0;0;0;0;0;0;26
50;101076;111280;117793;111096;41596;45356;60241;105469;59714;7511;103449;60059;60238;40725;111073;114719;110520;115044;117491;114689;61426;115032;108657;108751;116541;117593;0;0;0;0;0;0;23;13;6;26;3;5;7;24;20;10;9;12;1;19;2;25;4;14;8;17;18;16;22;11;15;21;0;0;0;0;0;0;26
51;47557;113551;118407;61489;113436;103875;118683;107439;54809;116721;42173;55780;102149;57474;118345;109872;108697;121223;117731;104313;34514;111035;114786;118143;57472;57473;0;0;0;0;0;0;1;4;6;17;3;23;21;15;19;9;13;22;12;25;2;7;26;5;20;10;14;11;16;18;8;24;0;0;0;0;0;0;26
52;106645;1073803095;1073847836;116034;119842;1073754405;1073847809;1073857490;1073758338;105978;1073847805;1073857232;1073857519;1073857483;1073857256;1073853412;1073781715;1073857282;15814;1073857486;1073800389;1073857220;15794;1073857275;1073857269;1073857272;0;0;0;0;0;0;1;3;16;21;24;15;10;13;8;11;18;12;23;4;20;22;2;25;5;7;14;17;19;6;26;9;0;0;0;0;0;0;26
53;298457;1073853601;325919;298458;278720;301331;325714;305207;1073857268;1073857237;43063;301177;323558;327090;278166;368148;1073800247;278252;301332;305208;327079;1073757878;367129;278690;302643;278641;0;0;0;0;0;0;1;4;2;3;8;6;15;22;19;10;7;21;12;14;5;16;23;24;26;20;25;11;18;13;17;9;0;0;0;0;0;0;26
54;364729;322045;326921;302949;322116;364844;272729;297229;364842;368031;295701;294043;320590;367078;320589;266945;272557;373399;272448;326011;52992;295699;320608;319184;52993;1073805712;0;0;0;0;0;0;12;6;3;5;17;8;16;21;7;19;18;1;2;4;15;10;22;9;23;13;24;11;20;14;25;26;0;0;0;0;0;0;26
55;1073803523;367080;367079;1073857499;368094;321733;1073846762;374482;373638;374483;1073847774;1073800849;323843;296339;374484;39771;1073857495;322078;59589;298903;295195;301915;1073847787;319185;367082;270990;0;0;0;0;0;0;1;4;19;13;21;6;23;5;14;8;9;22;12;25;2;3;15;26;7;10;24;18;11;17;16;20;0;0;0;0;0;0;26
56;293981;55038;321262;118047;55043;55051;1073857343;293776;293360;1073787895;327051;55047;321999;319234;321056;320968;319238;325279;293308;308216;55052;297768;321032;319239;322021;54876;0;0;0;0;0;0;21;4;5;12;13;15;6;23;20;10;9;1;22;3;25;2;26;14;16;7;8;17;11;24;18;19;0;0;0;0;0;0;26
57;379734;32262;323116;118396;47417;114155;320955;104931;46225;47132;107313;58503;363282;308900;55778;116315;373953;323115;308516;57393;370616;55742;56132;303004;366899;297017;0;0;0;0;0;0;18;3;25;19;22;13;5;16;8;20;17;1;12;21;15;2;14;10;4;7;11;23;9;6;24;26;0;0;0;0;0;0;26
100;110667;109329;117793;118136;47070;107553;59801;101185;110638;60512;113573;101355;114105;111989;110803;119889;108826;110084;118096;108695;114195;107590;118195;100527;60363;115646;57939;101958;59793;119144;0;0;1;5;6;2;23;37;18;19;9;8;10;22;4;15;26;3;17;20;7;16;13;30;11;12;45;41;35;25;39;31;0;0;30
101;118340;110774;111207;106588;63500;108959;114890;108693;114906;103404;118527;47242;121948;113436;102397;34882;111935;1073788255;103613;59773;114782;117978;104794;118246;0;0;0;0;0;0;0;0;1;2;6;4;33;41;49;7;10;8;29;13;15;5;3;12;36;39;23;20;56;17;14;30;0;0;0;0;0;0;0;0;24
102;101076;113356;121373;118454;60523;103875;117087;39270;118174;114891;113127;114851;110073;107954;118965;117082;104008;117491;40295;119863;33915;38352;63416;113775;113890;121354;104313;108152;0;0;0;0;26;5;3;6;24;25;7;21;17;10;9;39;34;27;2;29;45;4;14;41;11;18;22;44;28;30;13;23;0;0;0;0;28
103;63474;44840;102536;107656;44708;59714;100706;114967;114284;113900;115079;100281;33266;104337;114711;121980;118335;1073758298;114235;122012;109396;121988;112514;114865;107693;118165;108225;101215;0;0;0;0;1;4;5;30;6;10;8;23;29;7;9;25;33;2;15;12;38;3;14;18;73;16;22;56;28;95;21;42;0;0;0;0;28
104;108688;101075;116955;104306;118201;44497;4884;106416;115263;122005;114663;102584;109126;110491;101734;100998;1073857486;111045;109128;101047;119826;118726;114597;106414;0;0;0;0;0;0;0;0;1;15;5;6;18;4;2;24;11;19;9;13;30;3;26;44;22;8;10;7;23;14;49;21;0;0;0;0;0;0;0;0;24
105;117703;120310;115937;112012;57413;117360;114461;114186;58830;114646;115176;42825;101316;46850;108971;41555;118021;103701;101234;115227;118592;9211;60614;101851;103363;115335;47285;102694;0;0;0;0;1;15;3;2;30;17;7;20;10;14;11;23;5;34;18;4;28;27;22;35;21;9;19;49;58;63;61;66;0;0;0;0;28
106;296246;112489;103512;54727;111123;40179;108095;44245;114855;117917;113502;103830;59486;42917;118205;118955;122002;118303;105292;59797;63771;61031;109585;111238;112978;63677;39913;0;0;0;0;0;21;12;4;37;3;6;67;19;11;28;9;1;5;33;2;8;7;41;14;23;17;20;10;24;29;31;25;0;0;0;0;0;27
107;106645;114910;109123;114029;101288;114880;44702;101838;118503;108079;118563;42539;100400;112598;114876;114143;112212;60380;38816;41047;103505;113066;111092;104102;119130;100676;118054;0;0;0;0;0;1;14;3;2;22;8;6;7;53;10;19;40;5;4;29;13;24;27;35;44;17;18;48;26;49;47;39;0;0;0;0;0;27
108;47406;114620;112906;114762;116519;110815;118381;117736;120368;118559;110644;40937;103845;110784;47787;107714;108662;108876;57740;110902;57973;121979;108200;113596;114611;114287;58115;0;0;0;0;0;1;5;18;24;12;16;8;10;17;7;11;13;15;23;2;3;21;6;22;20;14;19;9;25;4;27;29;0;0;0;0;0;27
109;44383;114975;103003;111986;116575;113911;102055;103797;117047;101291;110718;105073;113525;104677;113405;118092;119782;104226;118417;35462;114566;120299;118934;115913;107889;115134;118207;0;0;0;0;0;1;16;4;24;17;8;6;15;7;5;10;13;3;22;12;18;14;20;11;25;21;9;19;2;23;27;29;0;0;0;0;0;27
110;60878;100543;113189;107985;109080;42308;60673;110725;35138;103291;118968;115524;100327;61081;100621;45113;61058;45286;106863;115161;119135;111839;46873;114699;110811;1073847810;0;0;0;0;0;0;1;18;22;4;24;21;2;8;23;7;9;25;12;5;3;20;14;15;10;16;11;19;6;13;36;39;0;0;0;0;0;0;26
111;122006;57279;58839;47241;107906;47184;108494;61050;116522;40323;109094;114557;118160;114438;116568;114482;115392;115787;119101;115131;38473;44977;114310;119807;42867;116919;113333;57094;114843;0;0;0;13;4;20;23;17;6;16;24;10;7;32;25;5;3;2;12;14;8;21;18;19;11;9;1;22;15;34;37;26;0;0;0;29
112;59546;47431;118015;117728;101802;113338;57643;45111;107747;112062;57750;117765;57646;315553;57622;121225;117983;16851;111033;110541;315552;103129;118338;108664;110806;0;0;0;0;0;0;0;1;15;72;2;20;6;8;28;17;10;9;16;22;13;4;37;19;18;31;7;14;11;29;40;44;0;0;0;0;0;0;0;25
113;45442;43075;43178;117835;59993;59547;109812;114191;119830;117563;118110;103683;118556;118584;102948;102386;54862;34986;60472;104746;47429;100320;0;0;0;0;0;0;0;0;0;0;1;19;4;22;33;23;8;77;14;7;9;92;40;21;18;13;25;6;48;43;11;29;0;0;0;0;0;0;0;0;0;0;22
114;109968;45993;118407;113960;117931;118236;111071;108239;114640;111844;110626;9379;115262;118392;104717;45089;114725;114619;118428;54675;116423;107635;116751;118093;0;0;0;0;0;0;0;0;39;5;51;2;25;17;87;8;14;7;10;30;6;4;21;12;33;24;27;11;22;47;9;16;0;0;0;0;0;0;0;0;24
115;54349;103758;1073853483;54116;102128;1073850505;315550;54252;100964;33675;38184;54831;39275;100243;53796;118972;102818;116674;1073800946;1073850085;54117;1073853458;1073806807;0;0;0;0;0;0;0;0;0;1;3;15;16;8;17;18;10;9;22;20;13;2;4;7;14;12;11;5;6;23;19;21;0;0;0;0;0;0;0;0;0;23
116;61672;40392;113284;44868;61068;54433;106628;113340;60928;118476;103142;102907;38797;113969;40870;108215;106778;45079;6220;40452;118979;44600;54265;0;0;0;0;0;0;0;0;0;21;26;3;2;8;7;19;12;18;88;13;1;22;4;10;9;6;5;14;17;16;27;23;0;0;0;0;0;0;0;0;0;23
117;9167;9028;1073847836;59618;102746;101737;46849;33159;374575;117940;44814;116644;107085;42525;301331;63611;63625;120361;320955;102913;303256;107231;107425;0;0;0;0;0;0;0;0;0;1;2;24;3;29;7;8;9;20;13;11;12;4;5;22;10;14;16;6;15;21;17;18;0;0;0;0;0;0;0;0;0;23
118;56251;31325;45398;118648;57431;35071;34876;1073798919;54746;104735;46755;63448;109397;5667;38439;107819;42404;114110;38785;111129;57678;55407;60841;0;0;0;0;0;0;0;0;0;13;2;3;26;5;8;7;14;19;17;4;1;11;6;44;27;9;15;12;16;21;10;18;0;0;0;0;0;0;0;0;0;23
119;103120;47785;54753;114662;101097;47374;103686;109238;107686;108657;108069;113955;109124;121327;114197;113626;100353;39936;113661;38475;118011;107904;100443;47648;0;0;0;0;0;0;0;0;49;6;28;95;20;7;23;17;32;10;9;1;25;31;99;30;5;22;21;8;11;14;94;12;0;0;0;0;0;0;0;0;24
120;116482;113487;117650;114059;60916;116211;107949;117702;107646;115238;118491;100710;56184;114937;118841;114686;118316;121307;117613;114933;118226;116541;115254;100135;102759;54723;58653;114149;0;0;0;0;25;3;26;15;2;12;5;7;13;10;27;1;4;6;20;32;8;19;22;29;11;31;9;23;24;17;14;18;0;0;0;0;28
121;60447;109500;33250;6577;47051;34098;122264;118657;112104;103437;54756;45041;113065;116711;57415;109872;115103;110514;104722;100830;118211;111478;114681;110739;118393;118525;103640;118220;0;0;0;0;16;5;34;31;12;14;56;22;11;70;9;1;23;46;13;2;33;30;8;80;21;20;73;96;42;35;38;28;0;0;0;0;28
122;59460;46855;117390;114696;46774;116419;114614;114835;117763;109263;113679;111333;113444;103721;107641;111852;108380;100112;63307;115243;104644;32561;100460;117384;61397;104725;114903;112719;110777;0;0;0;35;5;25;15;17;21;24;16;22;10;9;40;2;37;77;29;23;32;6;7;11;14;80;55;4;8;3;71;28;0;0;0;29
123;116950;60507;104854;103268;63305;103477;112889;117040;102663;109583;116109;114091;100280;39469;118539;105373;114866;117538;103555;60998;44643;108310;118650;106463;39401;60912;115380;113861;0;0;0;0;40;37;15;34;16;80;10;27;14;9;19;22;3;5;72;29;41;32;4;8;11;20;23;30;47;7;25;76;0;0;0;0;28
124;40571;60431;118349;47115;110709;56183;113090;117521;61230;118444;114386;122011;104696;115086;114888;111808;113195;110549;58143;45137;32628;116959;109996;109462;42559;0;0;0;0;0;0;0;43;3;6;17;21;44;14;27;30;28;32;53;33;5;20;2;65;4;42;29;70;25;23;19;7;0;0;0;0;0;0;0;25
125;117373;114390;106671;109997;110819;63520;111096;57256;47179;112717;117932;103300;115184;113963;112902;110508;118108;54790;46866;114764;108096;57979;114538;118447;118930;0;0;0;0;0;0;0;99;5;23;22;17;4;20;43;21;86;14;95;26;3;87;77;2;34;15;61;7;18;9;1;70;0;0;0;0;0;0;0;25
126;63414;118437;109161;117464;115113;118940;109047;115153;118030;108991;54745;34781;46825;108692;61051;115106;58172;102929;102526;113982;63624;59259;370190;101391;118693;115133;114055;113650;54403;0;0;0;1;4;3;24;7;8;26;14;18;19;9;33;23;5;22;49;36;25;20;17;45;40;21;30;31;39;48;44;28;0;0;0;29
130;39649;104612;112083;320825;102383;114470;103604;44729;104101;119153;102566;40418;299165;116396;102901;38761;54806;114992;42614;61151;101094;117855;116665;0;0;0;0;0;0;0;0;0;1;13;5;15;2;10;7;8;11;6;22;12;9;3;19;14;20;23;4;28;21;17;88;0;0;0;0;0;0;0;0;0;23
133;111117;47267;117484;118350;117885;111138;44264;59813;118656;117901;101721;117472;39771;38820;105056;41000;110431;44770;101904;40555;103825;116236;59816;0;0;0;0;0;0;0;0;0;19;24;3;15;23;18;8;10;6;14;13;1;2;4;7;16;20;9;12;5;17;32;11;0;0;0;0;0;0;0;0;0;23
134;42727;106775;53782;59933;59741;106782;102564;112078;112080;110837;58718;45365;31060;113965;54110;38187;106780;109352;118346;121954;115292;118700;119136;0;0;0;0;0;0;0;0;0;72;26;4;9;3;29;8;7;10;41;11;12;2;5;14;17;20;19;28;31;18;30;43;0;0;0;0;0;0;0;0;0;23
135;116687;46981;378508;59918;301688;54107;116681;116682;369944;301506;113236;43588;111937;54105;107338;53899;110437;107472;116683;54070;116680;117943;55440;0;0;0;0;0;0;0;0;0;57;29;3;38;2;16;14;20;7;9;11;1;13;4;47;8;18;19;12;5;6;15;10;0;0;0;0;0;0;0;0;0;23
136;44802;101029;114721;32919;376598;115067;100065;58747;100930;114558;110580;36156;117505;263154;60505;100458;119866;44791;113364;110399;37522;262981;115785;116176;38390;38604;114328;107655;59963;105161;40277;114564;1;55;30;96;66;5;22;23;11;9;19;13;46;4;2;6;88;8;3;10;17;18;77;37;43;64;60;29;85;28;7;20;32
137;114086;45756;115061;322246;104493;366674;44620;110995;115194;117507;117593;304418;109234;118461;118401;57280;46894;58147;58765;377282;117539;47837;116540;37976;118293;114647;303378;0;0;0;0;0;1;15;26;2;8;17;7;22;11;9;42;14;3;43;4;12;6;32;30;18;10;19;33;13;56;50;48;0;0;0;0;0;27
138;60719;108669;40725;110520;103317;109960;369675;116592;115032;60168;61035;115843;114416;58044;111082;119793;114345;105562;61527;59257;60977;115336;104541;115281;118495;114688;47911;110211;0;0;0;0;41;28;30;29;21;6;50;26;23;10;9;33;13;2;20;3;15;44;8;25;24;18;19;5;31;43;1;32;0;0;0;0;28
139;34638;104264;33946;103753;117773;111074;45356;115387;110948;119088;114375;111076;121949;101953;45758;117592;115540;109106;118957;59188;48009;108875;42173;37506;55644;60687;118595;111066;100413;0;0;0;1;2;42;17;3;25;5;19;22;10;16;12;32;4;26;24;27;18;30;15;11;20;13;36;31;6;8;28;9;0;0;0;29
140;55244;55246;55245;55247;55260;55249;55262;55261;55264;55266;55254;55255;55267;55257;55252;55268;55253;55265;55256;55259;55258;55248;55250;55251;55269;55270;55271;55263;0;0;0;0;22;3;2;5;18;6;21;14;8;20;11;1;24;13;10;25;7;9;23;19;15;4;16;17;26;27;28;12;0;0;0;0;28
172;44104;114695;63546;103008;101058;111931;46780;114689;110599;103449;43638;60238;111280;114844;116756;41082;110319;117946;118267;1073857268;101967;110838;114643;110259;0;0;0;0;0;0;0;0;13;18;17;14;22;23;8;20;11;19;10;1;21;24;30;6;5;3;4;7;16;9;15;25;0;0;0;0;0;0;0;0;24
173;108279;111800;42577;118653;101761;106591;105469;114808;63383;39268;60527;60059;118944;112733;111116;108209;110441;43135;57634;101664;107831;117519;114003;103047;104611;0;0;0;0;0;0;0;1;3;6;45;24;5;17;47;42;10;9;28;22;27;82;33;21;8;32;7;37;56;11;13;59;0;0;0;0;0;0;0;25
174;117369;4541;103366;42816;111829;117748;114129;44780;47061;58418;108910;110266;112587;47058;108909;117770;61150;115192;117754;117370;114408;102130;113976;0;0;0;0;0;0;0;0;0;23;3;13;2;14;8;10;24;17;22;9;1;4;5;7;15;11;21;6;41;12;18;19;0;0;0;0;0;0;0;0;0;23
177;47286;101781;45247;65000;118347;116543;113552;112574;101115;108312;37715;118278;104731;103514;104720;115109;63605;117782;110474;109041;110069;0;0;0;0;0;0;0;0;0;0;0;1;6;4;34;16;37;45;22;10;8;11;12;31;5;2;15;23;30;24;20;19;0;0;0;0;0;0;0;0;0;0;0;21
178;45144;103551;115108;117886;108931;106410;116066;114510;114211;60743;117985;42821;117636;114917;59596;114021;60303;118679;41120;61182;118164;116270;44682;104267;100404;118550;32440;0;0;0;0;0;1;5;3;21;33;17;16;14;8;24;7;23;4;22;2;30;19;15;10;6;32;11;9;36;44;20;18;0;0;0;0;0;27
179;101141;107719;113972;114645;101028;118171;105297;119828;112513;46741;118262;107142;111073;110679;110929;101600;39238;114036;109201;114989;46989;107587;104680;112855;45134;118686;116708;110866;0;0;0;0;31;6;37;14;3;16;30;23;17;18;22;39;5;4;13;15;8;10;21;7;20;28;19;40;33;11;27;9;0;0;0;0;28
180;113092;60893;102467;104462;119868;117499;111435;46950;119818;109243;101422;103401;114507;110555;109527;115804;114011;59990;46722;114056;115925;104724;105005;117947;108620;107826;34704;104390;65079;43743;1073805712;47527;23;20;35;27;92;46;5;8;28;19;3;1;24;4;13;29;22;17;18;36;7;77;9;37;2;15;38;93;25;32;49;31;32
181;58842;119117;107977;114901;41596;114158;60906;109267;116305;110335;100898;108980;117787;107796;60753;118260;104271;111982;103700;114093;1073857490;113261;111978;117506;113903;121251;118620;111984;107903;0;0;0;1;20;19;13;3;23;8;2;7;26;17;40;22;21;16;76;6;18;10;99;11;24;45;50;25;85;37;39;32;0;0;0;29
182;112964;112464;122001;115831;378264;100759;109543;107957;46487;114927;108985;45106;47152;100939;113357;104391;118047;117796;104278;112892;61421;118104;112977;118714;101217;114525;118446;113859;104874;0;0;0;40;3;25;31;8;27;22;14;10;19;11;16;6;24;20;2;23;21;5;9;28;29;7;1;60;4;32;38;18;0;0;0;29
184;113403;119857;1073853534;118426;114426;108977;113554;101725;117477;118545;37638;102484;118471;118477;45208;41088;41096;112470;1073857247;42817;1073757878;118374;109516;110922;110601;40683;103225;100777;100886;104813;0;0;1;25;4;5;21;23;29;8;24;19;10;22;39;43;26;17;33;6;13;27;7;9;20;36;30;37;38;14;11;15;0;0;30
186;60502;4278;114258;100219;118472;113271;114796;111484;116446;114283;114315;60504;107912;114780;102300;33075;47630;100865;103893;110103;100117;117548;108410;114655;116427;0;0;0;0;0;0;0;1;3;14;2;33;6;19;7;28;21;9;25;41;16;20;29;23;17;8;4;10;11;91;77;5;0;0;0;0;0;0;0;25
187;45244;100756;100172;107915;102737;59479;109499;60500;100111;109448;47008;104491;117204;117870;63384;116996;100264;108589;116948;121330;107019;109493;116725;0;0;0;0;0;0;0;0;0;12;6;31;4;3;33;23;1;7;8;2;13;5;15;10;14;20;9;17;18;21;11;19;0;0;0;0;0;0;0;0;0;23
188;114141;115016;115010;115789;54813;100192;100328;101897;33110;100229;8725;107729;108240;116488;111491;115187;100337;37299;116954;1073853485;114401;117628;1073806791;0;0;0;0;0;0;0;0;0;1;8;10;3;17;6;9;15;23;16;22;13;2;4;7;14;12;24;5;20;11;19;21;0;0;0;0;0;0;0;0;0;23
190;40585;101211;42574;41124;40987;106653;113795;103219;122727;114909;111277;116027;113334;108467;113906;121256;33887;102094;101309;118582;37277;109536;107592;117664;8959;115389;114970;106739;112531;0;0;0;40;28;14;5;8;24;23;11;32;10;9;41;27;13;77;59;4;6;38;30;46;7;15;91;93;16;20;18;45;0;0;0;29
191;103035;111975;46761;104418;109540;42951;115157;33874;114457;41146;46455;103279;109345;45435;118313;105516;111479;107345;32262;112935;101685;38536;103631;0;0;0;0;0;0;0;0;0;30;6;2;20;66;10;90;12;18;13;11;1;3;4;14;16;22;9;15;5;7;8;17;0;0;0;0;0;0;0;0;0;23
192;47434;1073746322;32396;41520;47029;44907;107481;45600;100997;114714;109343;46391;58744;60801;45183;103199;39217;47579;100764;107499;60648;100265;377789;0;0;0;0;0;0;0;0;0;1;2;3;4;5;10;22;14;7;21;9;26;6;15;8;17;11;20;12;16;18;13;19;0;0;0;0;0;0;0;0;0;23
193;47215;104496;102549;104438;112448;114972;63765;37314;113160;42813;123749;34536;44991;40403;46731;41167;112462;107717;107873;60577;60968;47224;0;0;0;0;0;0;0;0;0;0;7;24;13;2;16;20;10;14;15;9;23;18;3;4;8;17;11;21;1;12;5;6;0;0;0;0;0;0;0;0;0;0;22
194;117537;61056;117821;100510;117938;63405;114226;115927;110439;42556;117934;118617;42868;114356;121314;104710;115237;115905;108751;119816;113803;59358;100001;103576;42582;0;0;0;0;0;0;0;1;3;4;2;11;6;21;7;8;22;9;13;5;16;23;25;15;18;20;24;10;17;19;12;14;0;0;0;0;0;0;0;25
195;109213;105354;117562;43157;60561;113889;63492;110633;46666;118827;102742;102761;100115;120364;45181;110772;114412;110104;112528;63293;115778;116466;114232;114403;100994;0;0;0;0;0;0;0;13;2;20;3;8;6;39;22;10;23;7;1;21;18;4;5;15;17;14;9;19;24;11;25;16;0;0;0;0;0;0;0;25
196;106956;61069;112458;102983;119131;39801;112015;104411;107674;1073758338;110596;100346;118154;118148;112940;111933;114521;109517;107704;114879;117621;103657;118599;112790;0;0;0;0;0;0;0;0;1;19;5;2;17;21;18;12;11;14;10;13;6;16;20;3;4;24;8;15;23;7;9;22;0;0;0;0;0;0;0;0;24
197;46815;59766;55401;58616;46179;101334;116229;104803;57642;57905;40122;42450;108696;113891;104745;41604;63442;43687;121234;47086;60986;113229;101459;0;0;0;0;0;0;0;0;0;31;12;5;19;3;7;15;10;13;6;14;1;4;28;9;11;2;23;16;8;17;21;22;0;0;0;0;0;0;0;0;0;23
198;59706;40875;120349;111052;59687;114575;55429;103197;47055;45148;117482;118304;109406;118296;109360;118299;111046;116660;116664;53780;58184;116662;118621;0;0;0;0;0;0;0;0;0;94;12;20;2;26;4;7;3;6;18;9;1;41;29;34;25;11;39;61;13;10;14;15;0;0;0;0;0;0;0;0;0;23
199;40364;35142;57661;57662;57663;57665;57676;112094;63641;57669;101186;40519;54352;100987;55439;58651;107106;58597;43909;57673;54104;113747;118169;0;0;0;0;0;0;0;0;0;1;3;5;2;6;7;8;19;11;22;9;12;4;18;10;14;21;20;13;15;16;23;17;0;0;0;0;0;0;0;0;0;23
200;1073800719;1073857315;1073806735;51509;1073798914;117427;1073857311;1073857318;115226;1073857329;370752;45968;106735;1073800930;64924;1073806746;121368;375976;1073857303;117544;53794;118367;1073802758;0;0;0;0;0;0;0;0;0;1;4;5;2;3;22;14;17;21;9;10;12;6;15;7;8;23;11;16;18;31;19;20;0;0;0;0;0;0;0;0;0;23
201;114798;1073850271;57129;112052;108199;42929;119145;104471;38780;118526;119845;44721;121388;278720;101295;100591;1073787310;1073857297;40290;100989;107718;122000;61034;120348;102060;115224;0;0;0;0;0;0;48;24;37;2;4;31;3;26;21;23;5;6;25;8;10;12;27;9;28;16;29;14;33;1;32;13;0;0;0;0;0;0;26
202;115265;100588;323577;111221;114459;40293;7927;374331;100273;112446;100721;102207;117663;114020;39240;101329;121392;54702;109392;115164;374344;378299;117749;0;0;0;0;0;0;0;0;0;13;15;9;2;4;7;21;8;11;3;17;1;5;6;24;40;19;18;12;16;10;14;35;0;0;0;0;0;0;0;0;0;23
204;110692;104683;113267;54788;113623;54743;108926;374329;61725;117399;60568;54371;109990;117652;111909;111017;54075;36896;117998;319243;374491;60565;101534;0;0;0;0;0;0;0;0;0;22;3;4;2;5;12;14;18;26;20;15;13;8;7;38;10;1;9;6;17;19;21;11;0;0;0;0;0;0;0;0;0;23
205;100988;114042;60369;106413;101638;101247;37284;101649;105197;44678;101113;114035;106423;41536;100532;105169;34680;41513;121360;116344;113975;116440;121393;0;0;0;0;0;0;0;0;0;1;6;14;2;3;8;7;10;15;9;11;12;5;16;17;13;20;24;23;18;19;4;21;0;0;0;0;0;0;0;0;0;23
207;115228;101798;46538;46967;46536;38890;63108;107412;103402;112098;102950;47016;100396;113289;7199;104835;107899;110839;110698;5593;59493;114737;54077;0;0;0;0;0;0;0;0;0;12;7;5;3;17;8;4;19;10;18;9;13;6;15;14;22;11;21;1;16;2;39;23;0;0;0;0;0;0;0;0;0;23
208;60709;100970;114878;9452;114294;60781;117363;121210;115990;118373;57330;102659;118145;41674;100299;114856;116418;113907;103663;103360;60922;103249;111915;32386;114911;121224;114565;119885;0;0;0;0;1;34;24;38;3;7;5;21;36;28;9;13;37;15;2;33;12;27;8;20;11;19;10;26;23;30;14;63;0;0;0;0;28
209;102554;37070;59834;38448;42587;57272;35006;100948;109548;43080;119115;111147;104256;119880;118568;115845;60445;114179;104351;1073857426;110106;1073857432;114508;0;0;0;0;0;0;0;0;0;30;1;12;4;6;2;7;21;10;22;31;28;3;5;8;14;23;19;17;18;20;11;9;0;0;0;0;0;0;0;0;0;23
210;304756;378474;105020;374451;300855;110657;118229;319160;7474;299235;297306;37271;378473;367164;114078;376222;302120;54738;315535;60476;109421;46735;57445;0;0;0;0;0;0;0;0;0;12;3;4;6;13;22;14;7;17;15;9;1;2;5;8;10;11;20;16;18;19;23;24;0;0;0;0;0;0;0;0;0;23
211;104283;7714;104258;100294;116677;1073800869;4178;114873;105261;59833;111050;110640;44588;104681;5582;115840;41354;108752;104470;104426;1073857569;108658;102044;0;0;0;0;0;0;0;0;0;1;31;19;5;6;18;15;10;7;16;21;12;2;3;8;14;13;11;4;17;20;23;9;0;0;0;0;0;0;0;0;0;23
213;119840;109420;104419;116631;114853;61183;44527;57749;118969;116710;38627;54165;113598;60881;118942;107940;112229;101069;45402;110801;116424;1073847805;44838;118085;47275;0;0;0;0;0;0;0;1;4;3;22;15;6;21;8;11;10;9;12;23;26;2;24;17;14;7;28;19;18;29;16;35;0;0;0;0;0;0;0;25
215;7771;30324;38168;34849;32038;34503;57208;100900;57268;47276;109542;108978;109206;112307;7840;37018;38442;102285;101487;102476;54063;33491;110526;0;0;0;0;0;0;0;0;0;1;3;20;16;4;10;9;5;7;24;23;12;2;15;6;22;11;18;8;14;19;21;13;0;0;0;0;0;0;0;0;0;23
216;57255;55799;322812;107516;110460;54259;109564;119839;39178;110461;104273;43643;59848;100762;109226;54154;106646;54153;54151;114676;54246;56125;107897;54673;117627;53385;55968;54262;0;0;0;0;1;5;4;24;98;23;28;8;17;20;37;16;78;13;18;75;44;14;26;19;7;12;9;40;72;3;67;69;0;0;0;0;28
217;113999;60800;108052;100682;37827;114708;117644;100226;114199;114396;103145;113302;117820;117513;117677;119819;59840;120377;59842;104653;104427;104666;114168;110567;118963;34479;118094;0;0;0;0;0;80;55;35;5;28;39;92;2;7;10;9;60;64;33;84;27;19;99;8;6;29;21;11;77;22;34;44;0;0;0;0;0;27
218;47529;110472;114950;104394;57636;104277;47046;116666;59839;103136;116606;108566;111814;40368;60462;112544;118213;118186;109402;114379;60435;100954;110570;118317;109355;0;0;0;0;0;0;0;30;48;4;95;26;21;28;17;11;90;9;16;24;36;14;18;45;6;10;70;35;22;12;60;5;0;0;0;0;0;0;0;25
219;118100;57266;61142;32598;63044;100870;46725;57132;1073789813;101495;1073750808;57250;106448;45681;100961;115154;100966;102399;118603;115579;378315;100978;117888;0;0;0;0;0;0;0;0;0;30;4;19;3;21;22;7;16;2;15;1;12;5;6;8;10;9;11;29;23;14;18;20;0;0;0;0;0;0;0;0;0;23
221;117791;116671;119783;45318;43077;119152;33604;117378;111483;114165;120295;115835;100958;116490;102203;118708;44694;114409;118570;115877;121389;33670;118203;0;0;0;0;0;0;0;0;0;16;2;3;94;12;6;23;15;7;8;9;60;5;19;22;14;18;31;17;37;11;20;13;0;0;0;0;0;0;0;0;0;23
234;100185;115144;102891;100428;108518;100604;107645;61720;119571;122716;115117;60466;111874;47162;63591;107935;119151;116656;102805;120357;121958;116625;114728;118950;0;0;0;0;0;0;0;0;29;3;42;77;47;70;13;8;17;18;9;57;4;23;31;19;16;59;10;99;11;7;90;22;0;0;0;0;0;0;0;0;24
235;100338;117887;42849;9284;42622;100304;59472;104365;100617;110313;100260;109473;107953;108100;42627;100578;100635;112646;113744;100214;116479;103012;116951;0;0;0;0;0;0;0;0;0;1;18;4;2;3;20;8;14;13;22;23;12;5;6;7;10;24;26;30;17;19;9;11;0;0;0;0;0;0;0;0;0;23
238;40525;40358;44411;101975;118041;33134;37132;100302;118210;100455;47363;34896;63366;46228;32047;60492;113073;116444;118168;117237;63163;100579;117875;0;0;0;0;0;0;0;0;0;1;2;4;6;13;7;8;16;19;23;9;12;3;5;14;17;34;22;24;18;11;20;21;0;0;0;0;0;0;0;0;0;23
240;44794;100614;111158;100094;110499;100459;112885;47178;101928;107951;38387;116445;103456;45409;111869;115148;106687;103968;63608;101889;100465;121319;115174;0;0;0;0;0;0;0;0;0;1;3;5;2;21;14;7;28;8;22;11;12;4;6;10;17;9;19;13;15;16;18;20;0;0;0;0;0;0;0;0;0;23
242;104805;33150;40874;115181;121385;116032;65288;59589;114627;104737;121386;46255;110586;315536;44726;54368;110577;54965;47161;112789;107312;103910;112484;0;0;0;0;0;0;0;0;0;25;3;4;16;49;17;10;8;29;9;27;12;5;2;20;7;22;18;13;1;6;15;11;0;0;0;0;0;0;0;0;0;23
243;38456;42494;111164;40898;102045;101491;114680;111441;43185;101444;45205;63602;119132;107858;54801;118439;114238;38030;108592;57267;104901;100703;116035;0;0;0;0;0;0;0;0;0;1;3;4;2;12;14;10;8;7;24;9;26;5;16;18;19;23;11;6;22;32;20;21;0;0;0;0;0;0;0;0;0;23
244;113892;40996;111981;116304;6268;101757;59578;103900;46061;115114;116658;114080;52329;54407;116956;108443;57470;108265;63274;39513;104811;118206;124850;0;0;0;0;0;0;0;0;0;24;4;5;3;2;8;7;13;17;23;22;10;6;15;21;14;18;9;1;12;16;19;11;0;0;0;0;0;0;0;0;0;23
245;46854;46852;106489;44824;45160;109025;115182;100774;103088;103535;54438;113703;59613;102141;59734;122928;112482;117739;114687;109026;119838;114578;113711;0;0;0;0;0;0;0;0;0;1;2;4;12;14;18;10;21;7;19;9;23;16;3;17;20;11;24;13;5;27;31;22;0;0;0;0;0;0;0;0;0;23
246;44845;38556;30072;118166;30044;59611;63508;112824;107762;65264;108270;47412;56117;117839;63488;107931;109038;43928;117772;113708;116029;102797;112481;0;0;0;0;0;0;0;0;0;1;3;4;5;2;10;7;14;17;20;97;12;6;15;8;18;9;22;13;16;21;19;11;0;0;0;0;0;0;0;0;0;23
248;101360;57465;105153;54260;34494;34112;107398;36938;38452;320937;323204;61209;102511;101821;320828;114775;47307;369210;104733;114754;114623;113478;110605;0;0;0;0;0;0;0;0;0;1;3;21;4;5;23;8;2;7;10;11;22;13;6;19;14;9;17;12;16;15;18;20;0;0;0;0;0;0;0;0;0;23
250;109044;33684;40541;112988;109567;9069;46857;36962;44742;117832;104458;100000;32069;114604;100389;33610;45475;40411;45016;46931;116033;118312;121315;0;0;0;0;0;0;0;0;0;1;3;4;5;28;2;10;7;8;9;20;12;6;15;11;21;27;13;14;17;18;22;19;0;0;0;0;0;0;0;0;0;23
251;6150;43183;57314;102774;38043;46491;47714;37431;109030;108004;54359;102892;108522;106398;102910;38032;54369;102916;103528;120358;112819;112721;115257;0;0;0;0;0;0;0;0;0;1;3;4;17;2;14;18;8;7;9;24;12;20;5;22;10;27;19;6;23;13;31;11;0;0;0;0;0;0;0;0;0;23
252;47705;107830;106850;118613;1073850110;1073853466;61252;1073802236;101037;113712;105390;112465;109219;114082;116001;367114;101827;110809;54406;112457;1073857266;1073857287;114630;0;0;0;0;0;0;0;0;0;1;2;3;4;17;18;21;15;7;8;22;12;29;6;10;14;9;16;13;50;5;19;11;0;0;0;0;0;0;0;0;0;23
255;117806;63313;56068;44712;110386;108660;42475;108287;47815;108644;40581;114102;113464;114441;114678;118504;108728;60473;108181;118842;108192;118039;115378;0;0;0;0;0;0;0;0;0;13;5;4;2;6;8;23;14;17;1;3;12;16;20;7;10;18;9;27;15;28;11;19;0;0;0;0;0;0;0;0;0;23
256;40256;3581;111980;34820;44835;109251;57274;60924;102788;63237;42044;108163;47877;54665;102787;104282;111341;114305;113932;115992;106744;118843;104961;0;0;0;0;0;0;0;0;0;1;4;16;3;5;7;23;30;8;10;9;12;6;15;19;14;22;11;13;21;17;18;20;0;0;0;0;0;0;0;0;0;23
258;106957;47251;47522;47357;100224;118062;46788;118941;113608;106975;102290;47207;106958;117927;63370;110505;60531;109152;108602;103612;102728;102097;113981;30074;117523;118175;117552;0;0;0;0;0;1;3;14;12;17;24;16;23;10;8;9;13;5;4;15;18;6;20;28;7;25;11;21;27;44;22;31;0;0;0;0;0;27
259;43211;118191;103310;114241;104407;121375;116049;373471;114419;118364;114936;100212;114269;118685;114924;102873;118551;114981;57226;102418;104706;100196;114700;116706;113956;0;0;0;0;0;0;0;13;14;6;23;21;20;8;24;15;28;9;1;16;2;3;4;10;22;17;7;11;19;18;5;26;0;0;0;0;0;0;0;25
260;112519;114628;100057;106981;100426;43131;100618;61053;118616;118309;109354;102999;106930;118361;42613;119806;117873;40237;107700;103500;107640;100554;121964;118840;103338;110737;112037;100080;0;0;0;0;1;20;4;31;12;22;18;10;19;8;9;13;16;25;15;3;2;14;35;11;24;21;17;5;39;23;6;7;0;0;0;0;28
263;104250;104751;37377;37030;114376;100735;34484;45025;57350;103453;110303;63371;9041;40985;113443;100316;107451;114930;119876;110648;100369;104417;119892;0;0;0;0;0;0;0;0;0;1;22;24;27;23;7;8;14;16;9;17;13;5;48;19;15;6;29;10;20;21;11;18;0;0;0;0;0;0;0;0;0;23
265;111172;38179;118703;43210;108881;7873;115653;118427;118522;118723;116937;118571;104860;101996;121344;101365;108523;109079;114194;7506;117364;106678;111336;108051;116430;101261;0;0;0;0;0;0;1;12;4;2;17;24;18;8;30;21;9;13;15;5;22;3;6;11;20;7;10;19;16;23;14;27;0;0;0;0;0;0;26
266;40375;124276;44416;102077;100791;117904;3544;103487;44444;114316;100707;100372;102121;104023;102026;110380;110646;101121;121254;103289;114295;102984;112560;0;0;0;0;0;0;0;0;0;1;20;2;3;15;24;8;6;9;42;17;12;18;4;7;19;10;11;13;5;14;35;21;0;0;0;0;0;0;0;0;0;23
267;114313;111482;111997;112000;118626;116691;100681;107716;113839;100809;57349;38784;114381;119820;117495;117401;114297;118306;102074;114892;114430;109474;114463;116938;0;0;0;0;0;0;0;0;1;2;12;3;20;18;24;19;10;22;7;25;8;6;15;23;14;16;5;17;11;9;21;13;0;0;0;0;0;0;0;0;24
268;114317;42321;103455;112538;35099;103558;108188;112798;103476;101123;44417;102438;112542;116204;100189;102496;103470;107391;114487;116461;102624;121220;115173;0;0;0;0;0;0;0;0;0;13;3;5;4;2;12;9;8;23;11;18;1;6;15;7;16;22;24;17;10;14;20;21;0;0;0;0;0;0;0;0;0;23
269;36627;117752;117073;100147;112460;115338;101747;111197;108911;116667;44282;30196;113240;60842;45342;2660;44388;61070;43107;103394;111490;118319;108689;0;0;0;0;0;0;0;0;0;12;55;5;4;3;2;8;10;9;16;23;1;21;6;14;18;17;24;19;11;27;22;13;0;0;0;0;0;0;0;0;0;23
270;117471;117474;54800;57976;107325;47252;112389;118297;114682;59657;117876;113410;117928;47054;47272;53786;59725;117911;118622;118689;102689;117480;118623;0;0;0;0;0;0;0;0;0;1;5;4;3;2;13;7;17;16;9;11;12;55;6;8;10;19;20;27;18;21;30;26;0;0;0;0;0;0;0;0;0;23
273;113283;54409;9047;54799;36832;57633;63265;56175;54802;116803;102968;39650;63684;45312;54744;118107;101301;109182;46650;55418;44516;116230;119888;0;0;0;0;0;0;0;0;0;35;3;5;6;77;21;25;2;7;16;15;1;4;33;11;8;13;23;12;10;14;9;31;0;0;0;0;0;0;0;0;0;23
274;110430;119862;104660;63719;111067;47825;104527;108865;101499;60537;111214;36943;102232;112737;36945;47566;46614;103372;112736;114060;46049;111453;55816;111424;114750;33302;58161;111807;55788;111000;117678;0;81;15;34;12;27;29;8;10;99;17;19;1;25;43;23;18;16;7;67;77;94;97;22;41;2;5;4;11;9;20;70;0;31
317;107218;108427;120355;33041;109461;114784;109179;115162;116051;61426;114624;121310;54364;103295;100249;114831;114912;113760;47194;102738;115790;104466;108401;63238;108993;103125;115910;121405;0;0;0;0;1;4;99;27;3;5;7;11;20;10;90;97;2;13;28;16;21;6;8;25;42;17;9;22;53;18;15;30;0;0;0;0;28
319;34938;110314;114533;37174;42062;104457;100467;102673;104675;112778;6701;103906;104461;100753;100486;109457;100333;59999;114220;117470;378512;54816;116723;0;0;0;0;0;0;0;0;0;1;5;30;3;2;10;31;7;9;23;11;22;6;4;8;14;19;16;15;12;17;18;20;0;0;0;0;0;0;0;0;0;23
320;111843;109941;58210;1073781715;117883;107691;114425;121246;117081;114731;108043;109144;61468;33073;118035;118509;60835;114765;118434;112031;119122;110451;120340;117662;120297;118102;116442;113678;108304;117686;0;0;1;14;15;16;33;6;10;4;70;8;18;23;26;2;22;3;21;79;17;39;20;9;31;12;24;27;32;30;36;19;0;0;30
323;111130;105254;118403;36665;115084;110812;108285;100315;105082;117038;100095;110332;114380;107068;101614;100223;118231;111234;118048;118181;38858;117497;9333;114980;101228;8663;109224;114100;117786;113925;111175;0;1;5;27;22;32;97;8;20;77;29;9;99;34;3;16;2;31;11;4;10;92;25;18;39;74;85;71;76;21;17;19;0;31
327;104485;110651;58834;116970;100630;116254;44379;116605;100620;104636;118663;118240;115098;111949;113901;121341;109849;118697;108402;114333;122728;116450;47759;102315;100283;111951;0;0;0;0;0;0;1;13;16;22;37;68;11;8;21;27;19;32;4;31;5;2;17;6;99;7;70;20;23;14;35;26;0;0;0;0;0;0;26
328;110310;63610;106644;106662;100570;38380;112703;104097;109913;107021;62007;61088;59470;115256;102826;116704;101916;113796;53791;114214;116481;119808;292769;0;0;0;0;0;0;0;0;0;1;3;4;23;24;15;31;14;7;20;9;12;2;5;8;30;11;18;13;29;6;10;19;0;0;0;0;0;0;0;0;0;23
331;100105;100277;117245;116454;116732;38073;117229;101930;100438;54347;109470;111946;110329;100640;118131;117919;116965;100424;118130;118565;118579;374349;46226;0;0;0;0;0;0;0;0;0;1;26;18;13;3;15;8;7;6;17;32;12;19;23;28;27;20;9;45;10;14;11;2;0;0;0;0;0;0;0;0;0;23
333;110394;113908;118355;102310;62008;1073853595;103480;112578;114147;118494;60694;118230;118162;114163;63667;43467;111835;114089;116401;43086;34848;60060;40003;113599;118261;104930;102851;114913;0;0;0;0;20;23;5;15;21;28;29;77;19;10;18;81;44;2;3;13;16;22;66;11;7;91;17;26;76;46;6;9;0;0;0;0;28
336;42846;106982;119847;110736;114712;30149;113842;60468;110467;114799;116439;6621;118167;117055;118049;107609;113931;119875;118357;109086;117884;109358;375635;109924;60877;118730;100744;34491;53913;100022;118630;118123;1;48;5;4;6;17;24;10;11;9;19;34;27;28;70;3;20;21;44;79;81;25;14;22;37;33;71;18;8;23;35;38;32
344;111976;106869;110761;106868;109332;108907;42829;106853;108438;113514;363726;58812;105209;110949;42547;110425;107373;378343;109344;105530;114108;114083;107555;0;0;0;0;0;0;0;0;0;1;3;4;5;10;8;9;6;21;11;7;12;17;23;14;18;24;13;16;2;20;19;22;0;0;0;0;0;0;0;0;0;23
349;4920;114544;109981;57275;46057;42376;59603;47378;58767;54370;101758;61461;38395;107208;307652;308169;61168;109180;114986;118389;116025;117536;109559;0;0;0;0;0;0;0;0;0;1;2;6;12;5;8;7;20;22;9;11;13;3;4;10;14;23;24;15;17;18;19;21;0;0;0;0;0;0;0;0;0;23
351;46881;58083;6245;117543;103205;8066;107698;366632;35060;111219;112023;31463;103529;117550;378187;110752;106508;114490;106503;109447;122929;365408;117640;0;0;0;0;0;0;0;0;0;13;4;3;16;2;12;31;17;10;21;22;8;5;6;1;14;9;11;15;18;19;7;20;0;0;0;0;0;0;0;0;0;23
355;59485;47678;54115;109029;116026;63327;109550;112473;31460;112480;320899;101815;46845;113455;369400;118268;309635;109389;47332;111977;118314;110901;107556;0;0;0;0;0;0;0;0;0;1;3;6;4;17;8;14;19;9;10;7;12;5;23;13;20;2;24;15;16;11;21;22;0;0;0;0;0;0;0;0;0;23
357;100027;100733;106965;100374;117466;106974;107911;109121;114299;104674;113504;106889;42509;112524;100544;118310;119891;121985;114659;114539;114776;114968;115052;0;0;0;0;0;0;0;0;0;1;3;5;2;16;9;11;14;7;10;21;12;4;15;6;8;37;17;22;13;20;18;19;0;0;0;0;0;0;0;0;0;23
359;100556;7357;103622;111943;104689;109078;108563;100725;107712;60989;102517;113713;38146;107534;109081;103499;118435;119805;118589;112521;118624;109118;1073857599;0;0;0;0;0;0;0;0;0;32;3;21;16;5;14;10;7;1;26;9;12;2;4;17;8;20;11;13;6;15;18;19;0;0;0;0;0;0;0;0;0;23
362;107901;107722;110699;110832;42322;60424;109313;59783;108272;7806;107854;111911;59966;118044;59757;116465;114626;106733;116306;41100;108226;100955;118575;0;0;0;0;0;0;0;0;0;13;2;8;24;17;22;23;6;11;10;19;1;5;15;4;26;21;3;16;7;9;18;20;0;0;0;0;0;0;0;0;0;23
363;45291;100129;101939;58361;39505;46671;57228;35120;116518;100066;114456;101244;38152;57921;60533;100549;100064;119114;109072;100390;109115;115018;110793;0;0;0;0;0;0;0;0;0;13;24;3;12;4;17;7;9;18;21;22;1;11;2;8;10;19;6;25;5;23;14;20;0;0;0;0;0;0;0;0;0;23
364;100730;63581;100691;42464;100131;47298;41022;47249;109991;57225;31486;45158;106890;112675;9312;35104;31043;46670;106888;100342;1073857374;108685;106976;0;0;0;0;0;0;0;0;0;1;2;3;6;23;14;19;10;22;11;5;12;4;15;7;8;9;20;13;16;17;18;21;0;0;0;0;0;0;0;0;0;23
366;58503;109084;46466;110757;117453;100421;103886;106985;118209;108770;118354;114848;61131;114181;118531;113958;115542;113006;118082;105423;117674;114629;118629;114960;116942;0;0;0;0;0;0;0;13;4;2;29;23;20;8;18;7;24;9;1;14;16;22;33;5;6;17;27;21;11;10;32;3;0;0;0;0;0;0;0;25
368;60422;100790;101964;100053;107961;106902;43047;33205;110738;113709;120360;47302;102621;110731;109992;100307;108500;100734;114834;112794;103616;116523;113957;0;0;0;0;0;0;0;0;0;1;2;3;17;4;10;27;7;19;13;18;12;16;5;6;8;20;9;22;31;14;15;11;0;0;0;0;0;0;0;0;0;23
370;105098;47524;47437;100481;118677;100359;102707;114279;113896;60425;114422;104704;118332;114440;60873;122733;111850;118238;44449;105550;124846;116436;103619;32694;41013;104847;104054;0;0;0;0;0;13;24;6;2;17;23;8;4;19;18;10;25;3;5;15;33;20;36;11;21;14;7;9;1;22;28;16;0;0;0;0;0;27
377;110351;100246;119849;118664;116642;107909;117779;55661;113167;117854;60896;37289;111344;57677;117980;112572;54677;115197;103358;101018;16346;103043;108957;114079;305223;106980;114405;117085;110947;40433;0;0;1;5;44;27;24;21;13;25;29;35;19;23;4;30;20;8;26;33;45;11;7;10;12;38;6;40;36;15;28;9;0;0;30
378;111159;41119;118418;116634;115652;102629;110573;113986;113297;114160;370144;118111;114509;46423;103062;108525;1073780784;101675;117699;105383;100159;121945;113329;38938;46812;37151;45238;108714;113245;115264;101246;38170;1;2;3;22;14;8;29;10;7;21;11;37;15;6;23;24;5;28;31;19;9;27;12;13;44;36;18;20;34;30;17;42;32
379;44504;47023;109310;108938;375531;370799;101789;117701;108642;104702;59639;299941;7764;112931;377349;378302;370771;373062;308757;118241;118252;116403;117986;0;0;0;0;0;0;0;0;0;1;4;23;2;17;15;9;8;14;7;22;12;16;3;18;19;10;13;5;6;27;11;21;0;0;0;0;0;0;0;0;0;23
382;111450;101191;1073853412;114667;1073754405;117475;118485;115521;117916;116207;120380;60109;109579;110456;111870;110079;101342;109947;63627;101027;114201;59637;114577;108166;108202;101338;115242;114542;118258;45130;0;0;1;26;17;6;18;20;25;3;9;10;22;44;5;21;30;33;28;8;23;19;7;29;14;31;4;58;55;24;12;11;0;0;30
383;7941;37294;109551;112970;121335;108701;44689;106436;119127;106443;377332;101109;8817;114668;115085;1073857516;33920;101790;114949;1073857595;1073857600;319220;118018;0;0;0;0;0;0;0;0;0;13;2;3;5;20;6;15;8;34;9;7;1;4;16;10;14;22;11;25;17;18;19;21;0;0;0;0;0;0;0;0;0;23
386;120328;110645;4113;117999;111149;103820;115044;378471;105978;110608;118555;114068;104486;47334;109140;112005;61119;105374;118932;113894;113809;61251;117867;108930;45151;59786;114399;108842;0;0;0;0;37;6;24;26;3;23;25;7;38;10;19;28;4;42;2;12;5;32;14;33;11;47;9;1;27;20;8;29;0;0;0;0;28
387;112962;109906;108928;370149;370961;101592;112861;377284;45619;373461;116668;108794;112947;59671;118004;376973;108979;58826;111079;114948;378212;115339;112860;0;0;0;0;0;0;0;0;0;1;2;3;9;12;7;8;17;20;16;11;13;4;26;10;14;5;21;6;15;18;34;28;0;0;0;0;0;0;0;0;0;23
388;1934;101587;9447;45269;114212;100402;101593;59748;101249;57632;59774;101413;42353;52903;101764;107496;103878;117655;103157;33290;110092;119836;108762;0;0;0;0;0;0;0;0;0;1;2;4;3;7;8;14;10;11;16;9;12;31;5;17;18;20;22;6;37;19;23;21;0;0;0;0;0;0;0;0;0;23
389;106754;112583;308314;308521;9087;114907;41686;44679;114935;118221;114503;113446;363644;108927;115074;100504;114206;115535;1073857391;120309;40786;102991;103513;112926;0;0;0;0;0;0;0;0;26;31;23;5;21;24;27;3;10;14;11;12;2;34;37;25;6;8;22;7;9;15;19;33;0;0;0;0;0;0;0;0;24
391;101052;112571;101099;45270;117726;371005;378298;104002;118615;101653;101200;116678;108479;113723;372787;378230;101251;102021;118975;115097;380133;117526;113732;0;0;0;0;0;0;0;0;0;12;42;3;2;7;8;17;1;10;9;22;13;4;5;16;14;11;23;6;15;18;20;21;0;0;0;0;0;0;0;0;0;23
394;103116;110074;54752;60863;38794;7170;46968;118255;58274;41260;115151;102204;54106;54661;58275;117527;56177;61229;114213;117764;120307;101603;114971;0;0;0;0;0;0;0;0;0;28;2;5;3;4;7;8;17;1;24;11;25;6;15;9;14;23;22;16;18;19;20;21;0;0;0;0;0;0;0;0;0;23
395;57191;38791;102943;63231;101136;103888;47725;63241;371707;263027;36659;37047;57316;120385;378520;301410;104893;54796;59771;118375;118696;45472;61041;0;0;0;0;0;0;0;0;0;1;2;3;4;77;5;13;8;10;7;11;12;6;16;15;9;19;22;14;17;18;20;23;0;0;0;0;0;0;0;0;0;23
396;121306;108969;108934;46647;63675;42424;114015;104020;117731;115864;114576;115786;118193;101504;122015;110849;45081;106435;108114;109909;118687;47148;112593;35492;107922;109556;110568;109222;58192;0;0;0;22;20;5;12;17;34;27;32;10;28;9;31;15;4;13;6;19;8;11;7;16;14;18;21;42;29;46;37;50;0;0;0;29
398;114480;38540;38287;40704;106496;100150;118400;102053;101397;47221;54760;100395;8006;101184;5451;102223;45590;56116;107219;118691;118722;121298;47639;0;0;0;0;0;0;0;0;0;34;5;12;2;6;7;26;9;14;10;11;1;3;4;8;15;22;23;13;24;17;18;20;0;0;0;0;0;0;0;0;0;23
399;4006;46708;100292;45278;115988;63640;100534;105126;54781;105195;53802;57011;101313;57456;105142;45070;47832;100995;113324;119832;43993;377335;110406;0;0;0;0;0;0;0;0;0;1;3;6;25;5;7;8;13;10;17;18;12;2;4;14;22;15;11;16;9;21;36;45;0;0;0;0;0;0;0;0;0;23
403;40990;114192;113354;106725;46926;113904;109024;118318;44910;114395;60112;109163;121387;113122;110805;110786;104093;35200;112980;63086;108395;116045;0;0;0;0;0;0;0;0;0;0;1;4;21;2;3;14;8;18;7;26;19;16;40;24;27;20;93;6;36;31;35;17;0;0;0;0;0;0;0;0;0;0;22
405;100860;114898;114941;100819;102008;47151;121372;115869;115123;61073;103068;107924;114202;118288;117660;114552;47083;104295;59041;117478;107260;102493;107552;0;0;0;0;0;0;0;0;0;1;5;4;2;3;13;10;14;8;23;7;12;6;15;17;18;20;22;16;19;24;9;11;0;0;0;0;0;0;0;0;0;23
406;110719;40329;4288;42588;37054;34893;100498;115836;8677;1073781862;109432;121208;108989;104692;40341;106492;37445;103633;114735;54373;378513;44456;115871;0;0;0;0;0;0;0;0;0;21;23;2;4;20;27;10;24;14;3;1;30;5;6;28;7;15;17;12;16;8;9;11;0;0;0;0;0;0;0;0;0;23
407;38218;315534;110547;102767;46727;41908;121301;46467;57419;111143;55409;44532;38618;46490;102131;101844;44450;100832;102132;45084;119874;101505;105092;0;0;0;0;0;0;0;0;0;18;15;14;23;13;22;8;7;16;17;3;1;2;5;6;4;9;21;25;12;10;11;19;0;0;0;0;0;0;0;0;0;23
413;57292;1073857256;114589;116405;116142;107414;57249;100334;100887;1073857236;102475;101506;47210;110525;104437;103207;111242;8671;117067;114569;45094;1073857251;117380;114718;0;0;0;0;0;0;0;0;77;15;5;32;27;6;26;7;14;17;25;93;23;29;12;78;24;44;10;38;9;30;19;50;0;0;0;0;0;0;0;0;24
414;117410;110712;118124;43082;118225;113091;118394;45448;63382;110687;116053;60883;114180;107891;113506;103371;47426;119854;39301;110685;106729;107840;103296;100925;0;0;0;0;0;0;0;0;38;3;20;32;8;62;11;43;33;17;15;21;95;55;2;30;72;77;7;19;10;9;18;1;0;0;0;0;0;0;0;0;24
415;114494;100367;115830;100932;37016;103269;115012;1073772624;100772;108694;57257;56044;101431;101408;63228;114952;120312;54704;110484;111815;1073857573;104423;1073853443;0;0;0;0;0;0;0;0;0;12;2;25;1;26;16;8;10;7;19;5;13;3;15;6;23;9;11;17;18;14;27;4;0;0;0;0;0;0;0;0;0;23
416;37031;109265;102142;102122;118561;108992;109887;117673;101440;116227;315543;106478;115863;106458;118538;111354;108836;115155;118667;113899;39586;114530;109545;0;0;0;0;0;0;0;0;0;1;21;3;2;20;15;23;7;8;5;9;12;18;4;10;17;16;14;13;6;19;11;22;0;0;0;0;0;0;0;0;0;23
418;32559;46461;113895;60463;4409;7860;109919;60621;40348;38620;46724;102050;62006;118725;34537;100960;100969;59550;55414;113592;104442;102398;117397;0;0;0;0;0;0;0;0;0;30;3;17;2;12;10;5;7;16;18;24;1;4;6;13;22;23;19;15;8;14;9;11;0;0;0;0;0;0;0;0;0;23
420;379734;106420;100841;54337;54341;54355;54350;54703;54354;54353;101502;54345;54344;54343;54340;54342;54339;54338;116607;58201;114602;104287;54684;61044;54691;0;0;0;0;0;0;0;33;4;6;2;3;17;8;10;22;11;20;40;5;37;44;14;26;35;29;7;21;9;34;1;36;0;0;0;0;0;0;0;25
1010;301970;319187;378434;306502;319198;319189;378431;363319;367083;319190;323846;322127;378430;319193;378432;308115;322052;363314;319191;374463;363318;367081;378433;319197;319192;302914;0;0;0;0;0;0;22;2;5;26;23;16;14;11;8;17;18;12;1;4;6;25;15;20;19;7;21;10;9;3;24;13;0;0;0;0;0;0;26
1011;292888;319201;305630;363426;319205;295185;374304;305641;305633;59839;374485;319204;374305;305631;374308;374302;363433;363431;363427;374306;305637;367090;374311;374307;369797;319200;0;0;0;0;0;0;1;5;3;16;23;2;8;21;7;10;9;22;12;19;4;26;17;18;15;6;20;13;11;25;14;24;0;0;0;0;0;0;26
1012;299941;308134;378578;378511;319224;367112;301986;374346;53002;306812;115648;367115;374347;117945;378517;378516;374344;378512;374339;378513;378515;319223;367114;378514;308132;374349;0;0;0;0;0;0;1;3;5;15;6;2;9;18;24;14;26;22;12;25;7;23;4;17;21;8;10;13;19;20;11;16;0;0;0;0;0;0;26
1013;367100;296419;367092;301979;306512;367096;306508;319209;367094;367095;56299;374487;322075;367091;374491;367098;322083;319211;374488;367099;367097;52999;369276;374492;292769;0;0;0;0;0;0;0;23;13;5;14;11;6;12;19;8;10;24;1;21;3;7;15;22;2;4;18;9;25;16;20;17;0;0;0;0;0;0;0;25
1015;378231;378225;378224;319218;374378;308265;369520;1073849200;319213;308268;378228;378221;378223;378226;308267;378230;378227;319220;53000;374376;378229;319214;1073798894;319217;308272;308271;0;0;0;0;0;0;23;18;2;4;17;15;20;24;16;7;11;1;8;12;14;6;9;13;25;21;5;19;26;3;10;22;0;0;0;0;0;0;26
1022;292704;308279;378216;378214;367121;319225;378212;369359;53003;378219;378213;30560;378211;308277;374331;374329;374334;308283;308276;374323;374324;369537;56303;319227;374330;302956;0;0;0;0;0;0;1;13;5;16;17;4;21;14;26;7;20;24;11;2;15;23;19;9;18;22;3;12;25;6;8;10;0;0;0;0;0;0;26
1026;321184;368202;306436;322096;325291;321185;373792;321102;327004;321181;112067;322048;327012;374209;299694;374211;321180;1073857551;367124;377869;367126;1073800835;325444;373793;306435;321177;0;0;0;0;0;0;1;16;4;2;18;12;20;5;8;10;11;22;21;3;13;14;6;23;19;7;17;9;15;25;26;24;0;0;0;0;0;0;26
1031;302935;368243;320634;325600;322122;374293;368246;293650;319243;299958;320639;367135;319244;367130;377833;1073857513;114193;378415;374287;374290;369477;367131;320633;369567;367134;53015;0;0;0;0;0;0;1;15;16;19;3;17;12;6;18;10;9;23;13;2;22;24;25;8;20;5;14;4;7;21;11;26;0;0;0;0;0;0;26
1032;295723;321018;302025;319248;319254;53018;322547;278329;322124;319251;1073798931;278315;278323;278328;319249;319253;302031;322098;319250;278325;53017;322123;373749;321124;369416;292612;0;0;0;0;0;0;22;19;3;17;14;24;9;16;21;7;25;1;18;6;13;4;11;15;12;8;26;23;5;20;2;10;0;0;0;0;0;0;26
1040;113959;46466;108692;104930;110441;61183;303256;61725;114064;44169;106732;374572;294622;307007;7318;370836;305223;104653;374575;319263;309193;103145;118110;308610;378264;323327;0;0;0;0;0;0;23;2;21;17;15;19;6;7;8;10;22;16;1;4;26;3;13;14;11;25;20;18;9;5;24;12;0;0;0;0;0;0;26
1044;374542;118088;307324;309569;45448;300581;371697;367018;323066;319436;319432;378255;374545;378253;296749;378252;322067;270987;319439;378254;378256;300602;366982;104197;374548;320970;0;0;0;0;0;0;16;24;4;2;25;18;22;12;19;7;15;1;14;3;10;21;8;11;13;5;20;6;23;26;9;17;0;0;0;0;0;0;26
1051;299149;115144;32021;320825;114856;114206;107935;58143;107716;35462;107904;110696;296994;363644;114390;112508;369237;107481;108215;108695;63771;59637;56030;60847;54245;114168;0;0;0;0;0;0;1;7;20;5;3;18;8;26;19;11;9;23;16;2;21;17;13;6;10;15;24;22;14;4;25;12;0;0;0;0;0;0;26
1058;118100;374479;322139;115804;119126;101615;263702;4414;102290;63383;42578;378262;369898;104413;40368;113891;57312;115062;378471;116305;308198;116625;292344;58123;267144;300066;0;0;0;0;0;0;1;23;18;26;14;5;3;8;19;11;9;12;16;6;2;21;17;15;7;24;13;22;25;4;20;10;0;0;0;0;0;0;26
1059;308058;107985;322138;367032;104388;363015;113889;306481;321992;302654;308866;302048;319408;378452;308056;366084;364826;307430;378455;378457;374432;374435;374440;376325;378453;378454;0;0;0;0;0;0;16;24;22;5;25;15;26;14;3;11;13;1;20;4;9;18;10;19;6;12;2;23;8;7;17;21;0;0;0;0;0;0;26
1067;299893;307223;306389;319275;371495;372829;367036;110616;366831;122319;118374;299191;304039;366832;301371;309869;369613;302645;374354;367038;374362;378520;371707;301410;302056;370851;0;0;0;0;0;0;16;13;21;4;2;5;17;24;19;25;26;1;23;3;14;8;9;11;22;15;20;12;6;18;7;10;0;0;0;0;0;0;26
1083;308080;308071;378274;378268;378267;367070;299355;118102;308085;103625;294521;378272;378273;374269;308076;304567;47701;302510;374266;308083;378269;367072;378266;367065;367068;374282;0;0;0;0;0;0;16;13;2;12;3;15;8;24;14;25;9;22;6;4;11;10;26;17;1;19;21;5;18;23;20;7;0;0;0;0;0;0;26
1113;293013;305536;293007;305538;305532;113898;367153;367154;293021;374317;374318;58069;303809;293015;112173;295635;305542;374315;305544;378368;308567;374319;293020;323774;305533;378366;0;0;0;0;0;0;22;16;3;4;23;26;14;11;6;7;9;1;12;13;25;2;15;20;8;10;24;18;17;5;21;19;0;0;0;0;0;0;26
1128;39786;57652;57895;58208;58091;57654;309065;57897;46816;112893;122321;65044;55769;57656;58284;58035;58219;55759;57653;263246;57649;54670;54838;54827;263116;58136;0;0;0;0;0;0;1;4;21;18;17;6;10;15;7;20;11;23;12;5;25;3;22;16;8;14;24;19;9;2;26;13;0;0;0;0;0;0;26
1129;119147;47269;43731;102983;54446;115119;118698;58027;61643;59964;39719;6480;112153;118377;57893;41975;119814;37901;57212;33604;120332;55964;117524;118067;45095;121391;0;0;0;0;0;0;22;2;3;4;15;16;13;20;10;17;23;12;1;25;26;21;24;8;6;18;7;19;9;5;14;11;0;0;0;0;0;0;26
1141;302008;319241;369453;63396;321133;63315;60924;56180;63174;113990;40786;116392;296184;45982;368212;105193;54421;112262;307519;57655;119774;106337;44354;42249;114613;118515;0;0;0;0;0;0;1;16;4;2;13;6;23;8;10;11;9;12;22;5;15;24;3;14;19;25;20;21;18;26;7;17;0;0;0;0;0;0;26
1164;44040;46551;46550;118485;60382;44042;41849;59734;44043;36435;102109;102855;40696;107312;119107;57021;36434;35143;112321;112323;112324;46552;37842;44444;63427;114437;0;0;0;0;0;0;1;21;17;24;20;8;6;16;7;10;19;18;5;2;25;13;9;14;23;3;22;4;11;26;12;15;0;0;0;0;0;0;26
1165;39602;110650;107072;102765;101813;102105;42422;116344;116341;34128;47204;61089;44667;103991;104995;107073;107075;107074;107076;44409;100303;110652;0;0;0;0;0;0;0;0;0;0;12;6;15;4;17;22;14;3;11;20;19;1;18;7;2;13;21;16;23;8;9;10;0;0;0;0;0;0;0;0;0;0;22
1170;100629;119857;116955;54727;47162;54124;54724;54746;54726;120354;37638;54722;54118;117463;54748;54747;53915;54744;54749;54123;54723;100752;54120;54721;54725;53914;0;0;0;0;0;0;1;18;4;7;5;13;14;20;15;10;11;22;12;3;21;2;17;16;8;26;19;23;25;24;6;9;0;0;0;0;0;0;26
1175;107079;101519;112156;39749;107084;43422;37440;6976;40495;43421;47306;107077;35400;116216;116710;30346;112157;42549;107080;100386;106920;59755;107082;110898;107081;107083;0;0;0;0;0;0;12;14;5;2;23;8;17;19;18;10;11;1;6;4;26;20;21;7;13;3;25;24;16;22;15;9;0;0;0;0;0;0;26
1184;321191;1073853463;321193;118653;299930;302035;368271;296195;368265;321199;1073847951;320615;293879;299931;325300;292691;320626;321192;363958;378416;322556;368269;292701;292703;368320;368279;0;0;0;0;0;0;12;5;26;2;6;7;3;13;17;22;14;1;16;15;25;24;4;9;19;8;10;11;21;18;23;20;0;0;0;0;0;0;26
1196;103140;114443;114009;46541;47667;45339;117993;106857;106765;115994;100499;109240;60839;101364;106767;6093;110268;117992;46428;46979;115099;117359;115050;0;0;0;0;0;0;0;0;0;1;6;22;2;4;16;24;7;19;9;20;12;3;5;32;8;11;28;15;10;14;17;18;0;0;0;0;0;0;0;0;0;23
1203;115252;110669;60509;113690;113269;110011;42940;54060;113653;114052;45190;121991;40119;114465;114466;117394;118116;47826;107682;115147;113272;109508;54818;0;0;0;0;0;0;0;0;0;1;26;3;4;7;17;21;9;10;20;13;12;2;55;29;8;11;22;5;6;32;18;19;0;0;0;0;0;0;0;0;0;23
1207;113967;45947;101650;45948;47657;116686;1073780599;54263;101648;105058;42363;113961;58646;100244;46259;45036;368896;1073857282;9039;118614;109925;116669;116670;0;0;0;0;0;0;0;0;0;1;2;3;4;10;7;17;8;14;24;9;6;22;5;18;27;13;42;12;19;23;33;21;0;0;0;0;0;0;0;0;0;23
1212;117476;39332;60930;104748;100370;100935;54164;122017;53901;45500;117473;117481;47294;37829;45146;54666;118101;117483;46326;47098;118115;47912;59695;0;0;0;0;0;0;0;0;0;1;13;2;12;16;15;8;25;10;77;9;99;3;4;7;14;18;20;5;41;6;17;19;0;0;0;0;0;0;0;0;0;23
1216;103949;117667;299989;54103;54667;113980;105055;102736;115107;118398;54750;37982;116056;117398;117387;113923;377251;118134;117949;54731;117391;114702;117388;0;0;0;0;0;0;0;0;0;13;6;3;5;7;8;44;4;1;17;11;33;2;15;14;18;10;9;12;16;21;19;20;0;0;0;0;0;0;0;0;0;23
1217;104825;309125;323818;53908;117833;39183;117834;39545;53902;37436;61093;43116;117490;107445;54109;116685;117905;110371;116624;104827;54073;107474;116684;0;0;0;0;0;0;0;0;0;1;15;16;4;3;2;22;7;10;23;11;12;5;6;8;14;9;20;13;17;18;19;21;0;0;0;0;0;0;0;0;0;23
1218;46679;43589;305733;43590;39414;367197;39377;37960;116363;107385;294864;111824;308987;110392;39363;53797;63907;40230;118056;113234;46322;40354;47631;0;0;0;0;0;0;0;0;0;1;4;5;3;2;12;19;20;21;9;13;24;6;15;7;8;11;22;16;10;14;23;26;0;0;0;0;0;0;0;0;0;23
1232;59740;103325;42605;45953;116375;112076;59742;47072;101531;105072;101537;116374;110538;115025;112079;57457;42860;47907;117830;38461;33292;112801;114273;0;0;0;0;0;0;0;0;0;26;18;4;2;28;17;23;6;7;24;11;1;3;12;74;8;20;21;25;10;14;19;32;0;0;0;0;0;0;0;0;0;23
1236;47959;117641;118721;47012;116598;119801;43814;103319;121358;118342;111324;59675;47589;106834;57421;102542;114537;112991;111962;116145;111963;116604;116696;61004;108889;45654;39791;1073857253;60718;0;0;0;25;16;6;22;20;15;30;11;9;23;27;12;4;17;14;26;28;29;21;32;47;19;48;13;3;41;5;34;35;0;0;0;29
1237;111295;45669;41174;115236;118327;33909;61481;121216;57987;59459;63447;118505;60133;57949;117517;111847;60262;115547;114637;117687;58164;111058;100269;369333;107468;118395;58121;115122;0;0;0;0;25;3;6;4;19;33;16;20;10;32;9;30;23;2;14;18;5;46;11;24;7;17;22;1;43;34;8;21;0;0;0;0;28
1238;36727;63344;117591;110974;114715;105513;109188;105808;57898;114983;60062;115533;101204;8849;121318;118507;108758;118429;106236;57926;111328;60068;113495;100043;43006;55854;113992;114548;35880;113937;60143;63511;16;4;24;20;13;21;29;22;10;17;9;1;14;40;15;8;30;31;11;18;28;32;19;12;26;35;36;52;7;39;27;23;32
1239;116201;103396;118646;108643;111097;110984;118844;117774;41144;60299;1073847883;58280;60151;112582;114237;118451;114373;114551;114555;59393;114792;47583;55522;298871;115250;113913;117878;118146;118946;37510;114633;110704;23;21;4;31;24;18;5;25;11;8;29;15;13;14;28;22;10;16;39;20;26;17;32;27;1;6;35;34;7;43;9;19;32
1240;47836;61104;119850;105324;372821;102299;45576;115901;120327;58033;105089;111041;114050;115104;44857;264184;105480;110488;60308;119815;45668;105274;114325;109228;0;0;0;0;0;0;0;0;33;36;2;29;22;16;23;19;7;14;6;77;1;13;4;3;11;37;8;10;15;20;9;34;0;0;0;0;0;0;0;0;24
1241;114734;45992;118533;111969;118343;117389;106885;60204;114709;110518;118553;32780;108274;58242;121226;110109;58319;115376;105175;115909;114077;104633;57992;373326;47532;118711;61117;114603;100586;47929;105525;0;30;17;25;6;28;5;19;11;7;20;9;21;97;22;13;3;26;10;15;18;33;39;99;2;23;4;24;29;8;27;36;0;31
1242;60360;60279;103156;118399;60633;55900;263021;372206;117689;37106;60704;60029;42752;105288;109143;110600;46635;60325;115914;61402;106833;111080;35252;121364;114787;115357;43815;58174;47243;113633;0;0;23;46;13;32;3;5;20;26;8;11;22;1;15;6;2;33;28;31;88;10;18;16;9;38;24;45;4;19;27;39;0;0;30
1243;103586;373054;105269;122330;58209;105270;56047;56163;117611;116451;123077;105331;111419;57624;106340;46829;101188;104525;55963;60347;115538;297025;117510;115908;376489;54405;59256;57955;103286;116630;105320;0;25;2;19;30;3;24;5;11;22;9;29;20;23;32;6;27;26;8;10;7;28;17;18;16;36;35;42;13;15;14;21;0;31
1244;60250;308712;47830;47933;61036;111028;114331;55902;42697;60817;118576;4583;117710;61130;118958;40617;103318;59265;118560;59267;113827;111427;114674;0;0;0;0;0;0;0;0;0;1;32;16;4;3;29;8;11;22;10;77;12;34;2;19;21;18;5;48;35;17;15;39;0;0;0;0;0;0;0;0;0;23
1245;42839;60448;107255;113940;114523;57433;117498;117545;34514;101544;108432;58849;111455;108839;61489;100190;118683;59288;111200;117697;46037;43695;100516;105095;8770;111127;114785;103667;103393;116912;111464;0;22;4;14;2;6;7;15;28;27;10;9;1;3;13;23;5;21;30;8;17;11;92;18;31;46;40;36;25;39;19;29;0;31
1246;9212;117767;47269;104151;47727;375732;118939;47002;108634;45802;60892;113728;113353;108475;299660;45351;104320;45641;117929;110500;118321;58079;110409;116594;56263;55847;108778;45438;104661;0;0;0;12;34;5;2;13;8;6;22;14;10;19;17;35;31;4;21;29;25;91;88;7;77;9;40;33;67;75;55;37;0;0;0;29
1247;110713;58691;103306;113258;59335;118388;116448;117547;46879;111353;116485;105361;117379;58214;60132;54732;106571;42033;110724;61181;42416;46023;119134;373527;117426;117798;121200;45633;116755;114644;116166;44278;1;3;13;2;21;14;7;37;10;8;9;51;5;20;26;29;23;19;49;77;52;11;56;40;4;46;35;80;54;61;31;18;32
1248;105304;118276;56029;58061;43985;59179;59458;111804;100922;113748;111408;115788;43989;44550;38199;40353;63497;118353;103966;113379;106609;117987;114947;119844;104201;380134;57472;0;0;0;0;0;1;3;4;2;26;5;21;20;16;10;9;42;13;44;22;6;8;18;15;7;27;30;49;61;52;99;14;0;0;0;0;0;27
1249;4039;39173;41294;368781;46332;46959;100495;118943;61643;5417;1073756862;60690;58060;33669;37356;101116;59399;42455;120332;110576;103677;45831;114372;101850;45254;109304;116297;101455;115156;115186;0;0;1;3;4;2;6;8;35;17;30;32;7;98;29;44;23;13;16;10;11;90;9;19;14;27;22;21;46;94;25;28;0;0;30
1250;63560;60819;58847;42030;108352;55533;103419;118344;105633;120300;106604;60236;118384;60611;54798;107895;47928;118208;103066;113247;100813;56129;60622;110008;107317;46012;114278;54428;117811;0;0;0;1;2;6;27;23;8;5;20;7;9;95;12;4;3;14;18;16;17;15;21;77;99;22;24;82;38;39;65;30;0;0;0;29
1252;102895;42452;32470;61012;114394;58665;51511;60776;106629;108895;61164;38422;57964;118345;34850;114061;101435;107778;47568;118302;108073;117675;42854;56226;114189;110562;101199;116191;114803;102036;0;0;1;25;15;3;28;26;5;8;10;7;19;12;41;4;18;35;6;29;27;17;30;11;9;23;22;16;33;31;37;48;0;0;30
1254;60175;46237;113590;106631;113081;368758;58065;107654;323595;40352;58759;101574;110681;117546;40568;106570;47129;113939;1073805122;42641;114364;105321;113933;114864;108781;115287;103144;368720;43596;46816;111213;101569;77;15;14;23;31;6;28;33;7;10;9;34;4;25;18;3;5;49;45;11;32;22;21;1;2;26;42;48;16;30;17;47;32
1255;41204;108117;45028;117930;118984;320992;120082;43988;1073847680;47456;60657;118323;116952;47128;38810;117542;118259;47565;117802;106738;42898;108118;7823;114101;42535;121322;113490;63504;104569;111198;118619;0;23;22;35;20;12;28;8;94;37;10;9;31;5;2;19;18;13;29;16;80;7;11;17;50;21;4;48;46;27;45;49;0;31
1256;112001;36714;263024;103678;57639;115121;123717;56245;115175;322947;102782;55535;58227;109399;54400;55740;113665;116591;55851;55831;60711;105276;54167;106815;55956;55658;0;0;0;0;0;0;29;23;2;4;8;5;28;26;10;24;9;25;20;14;13;21;6;22;7;31;11;19;30;1;12;16;0;0;0;0;0;0;26
1258;112003;378292;58198;309492;40631;55859;56261;56035;47775;60169;53792;57747;57742;308753;53474;55896;55907;103963;369670;57920;308506;55911;105310;56036;58235;55974;55906;55897;57741;0;0;0;1;26;6;17;7;20;18;19;14;27;23;12;4;29;34;2;22;28;21;13;10;25;32;3;55;8;30;24;11;0;0;0;29
1327;115260;41869;103362;101586;121989;35033;107147;110369;106422;103951;102572;118005;42656;108698;108055;116712;102776;104404;110078;118682;104740;118083;114415;0;0;0;0;0;0;0;0;0;1;20;4;2;5;26;10;17;7;9;11;15;24;3;14;25;23;27;19;18;29;21;22;0;0;0;0;0;0;0;0;0;23
1328;40988;7697;55413;101447;7750;37066;60449;110585;46464;7877;40584;113350;113905;113601;100946;100698;45984;306812;107350;319223;367096;107710;378517;0;0;0;0;0;0;0;0;0;1;27;23;2;11;15;7;8;20;16;32;12;3;5;14;10;4;13;6;18;19;9;17;0;0;0;0;0;0;0;0;0;23
1329;54379;104693;114351;45120;117842;41904;117648;116571;110523;45090;113503;101238;56247;114825;100780;118334;114724;108218;107978;108109;118380;108706;0;0;0;0;0;0;0;0;0;0;1;4;71;77;2;13;6;10;99;23;19;49;30;16;5;12;8;24;33;7;11;17;0;0;0;0;0;0;0;0;0;0;22
1330;116587;100943;108987;101828;110085;112512;100456;100934;101488;100910;59779;109242;101498;102124;104406;115303;113872;1073842680;106480;36988;107688;116621;0;0;0;0;0;0;0;0;0;0;21;16;2;5;13;8;7;10;11;6;24;1;3;4;14;17;18;9;12;20;19;28;0;0;0;0;0;0;0;0;0;0;22
1362;100629;101884;47277;9001;109154;103979;103017;111871;102809;4928;100202;5508;113794;115102;103446;114995;104855;117863;109460;108227;121943;116626;116734;0;0;0;0;0;0;0;0;0;2;29;3;16;4;7;10;8;28;20;9;1;6;5;15;14;24;11;22;13;12;17;18;0;0;0;0;0;0;0;0;0;23
1363;103215;3605;46229;6715;103492;38066;54426;104454;110093;113057;54267;117339;100096;100166;106686;118484;59482;101991;102301;113736;114248;118419;118928;0;0;0;0;0;0;0;0;0;1;2;4;3;87;15;10;7;8;14;22;12;5;17;18;39;9;11;6;16;21;13;19;0;0;0;0;0;0;0;0;0;23
1386;104909;52318;58012;52319;52322;52323;59922;52332;55144;52326;55147;104900;52321;57148;44348;102035;52327;55146;117742;52320;116389;112088;116393;0;0;0;0;0;0;0;0;0;13;2;11;23;6;5;8;1;14;3;33;12;19;18;7;10;22;26;25;4;15;17;9;0;0;0;0;0;0;0;0;0;23
1528;100403;116050;102839;46480;38381;108151;118058;61594;108986;109365;54078;38444;117658;43078;8572;60442;118045;103231;54741;115837;116702;117383;54076;0;0;0;0;0;0;0;0;0;11;4;3;12;2;14;8;15;9;21;1;16;26;17;10;7;23;22;6;18;19;20;5;0;0;0;0;0;0;0;0;0;23
1550;367218;298540;112583;299990;298908;302384;109375;302573;304522;116803;322698;296579;306920;322652;299196;322574;309008;371666;378503;302153;320989;299993;319171;378505;378504;323214;0;0;0;0;0;0;12;6;24;2;11;21;25;4;10;26;9;1;5;19;15;16;17;3;23;22;13;7;8;14;20;18;0;0;0;0;0;0;26
1588;38087;101312;378223;101111;44736;1073849200;117487;109587;117072;110112;112194;54763;106429;114955;104669;121253;101518;120303;118177;1073857576;103894;111910;107790;0;0;0;0;0;0;0;0;0;1;5;3;2;22;10;23;18;29;16;20;12;4;6;7;8;21;9;36;14;17;11;19;0;0;0;0;0;0;0;0;0;23
1589;46244;47375;44210;114914;110807;60665;60286;110939;44228;57946;114182;46598;113989;104668;323116;114017;108474;7045;118967;104011;119803;107581;118554;101114;102798;110689;121994;116693;45135;117908;63711;119118;19;15;6;32;2;3;5;42;10;21;9;1;4;17;22;18;20;96;27;25;50;7;11;12;23;29;8;14;24;30;28;78;32
1600;9286;111053;9585;112716;100241;100388;114753;100439;103048;114621;115034;38068;109444;33812;37307;111845;113757;113758;63543;100381;103010;115026;113697;0;0;0;0;0;0;0;0;0;1;2;3;6;23;4;10;7;8;21;11;12;5;16;14;17;9;26;13;15;18;19;20;0;0;0;0;0;0;0;0;0;23
1602;47336;34843;60856;121242;111188;112605;116614;100697;37015;112840;57347;118729;57263;114198;39287;102394;315541;114098;113550;118170;113438;116640;116673;0;0;0;0;0;0;0;0;0;15;3;5;35;16;21;14;10;18;13;9;12;1;2;31;7;4;20;6;8;11;17;19;0;0;0;0;0;0;0;0;0;23
1702;46184;110661;43257;101117;120810;117459;114216;40369;121999;109122;35326;100991;120700;102729;117922;117838;102893;113607;117460;103592;117457;117461;104823;0;0;0;0;0;0;0;0;0;1;25;2;3;36;32;14;10;22;7;20;27;38;4;17;34;9;11;12;6;31;18;19;0;0;0;0;0;0;0;0;0;23
1706;101989;114452;57453;117421;40560;101876;114398;101848;113790;104173;59985;101812;42290;59469;113789;119440;110941;103892;117413;104844;117418;116432;107681;0;0;0;0;0;0;0;0;0;1;12;4;15;2;21;7;39;8;11;9;18;3;5;33;10;26;13;6;16;20;14;22;0;0;0;0;0;0;0;0;0;23
1760;101127;106415;103871;108193;108941;121317;101394;100550;1073857278;102609;100407;45129;100386;57627;121987;118280;57623;102631;54765;59333;100775;101321;101035;0;0;0;0;0;0;0;0;0;1;4;2;3;14;8;7;20;32;16;15;12;23;13;10;18;9;22;6;5;27;21;11;0;0;0;0;0;0;0;0;0;23
1765;100207;110727;58411;44493;102081;114319;102416;107989;40426;100738;45385;114768;106960;118200;63080;101066;116574;103167;102602;112547;119825;109946;109966;0;0;0;0;0;0;0;0;0;1;4;2;3;23;21;19;8;7;13;18;12;14;5;10;24;22;15;6;17;20;9;11;0;0;0;0;0;0;0;0;0;23
1804;102286;42534;60155;44060;105303;60394;111134;112923;60795;47828;57246;100666;45350;60291;104355;111241;63700;60260;37650;118387;116054;102527;60693;0;0;0;0;0;0;0;0;0;1;2;10;3;4;20;7;14;8;15;11;25;6;13;17;18;9;23;12;68;5;21;22;0;0;0;0;0;0;0;0;0;23
1909;102781;40259;59746;101611;32205;47697;45462;104170;55442;102951;57924;46865;40559;41780;54755;8760;36895;57958;117891;117822;42578;54773;117819;0;0;0;0;0;0;0;0;0;1;27;2;4;14;19;17;18;7;10;22;13;26;5;8;15;9;21;12;6;11;20;3;0;0;0;0;0;0;0;0;0;23
1910;57206;42306;101490;100891;100446;101494;110485;119121;118301;41897;54737;55434;106457;110773;100782;117724;63096;108974;53909;107775;107938;107696;110926;0;0;0;0;0;0;0;0;0;16;2;23;3;10;7;21;30;1;9;5;12;4;15;8;14;20;11;6;17;18;22;19;0;0;0;0;0;0;0;0;0;23
1919;47114;113413;114166;111974;117620;40240;113782;115536;59481;123726;104114;106677;119890;44562;46642;35226;100606;100285;101472;117788;47132;111062;116689;111442;115833;104092;109258;114862;112907;111126;0;0;49;21;16;6;3;18;50;17;10;45;9;80;15;5;20;33;55;11;42;90;7;25;94;12;22;26;36;27;35;77;0;0;30
1920;102597;107948;117341;111954;111865;100187;102988;118938;108280;101476;113064;110309;108147;109440;117115;101580;100651;109212;110102;112591;319227;374457;44437;0;0;0;0;0;0;0;0;0;9;2;24;3;14;6;7;10;21;22;18;19;15;16;27;23;8;11;4;28;17;20;5;0;0;0;0;0;0;0;0;0;23
1921;102213;61110;104443;364195;114591;116539;114334;118184;121379;117823;61007;118450;104321;60701;59185;63236;114962;108733;111352;38482;116503;118530;117693;0;0;0;0;0;0;0;0;0;1;6;2;11;3;8;14;16;24;34;7;12;4;30;5;10;17;9;22;15;20;13;18;0;0;0;0;0;0;0;0;0;23
1922;47557;45579;48142;113428;117984;60337;60184;1664;114431;58073;114786;120363;105123;116521;63392;101667;59176;113628;43668;61650;115543;114766;60631;57977;116047;41158;0;0;0;0;0;0;1;21;6;2;25;8;20;17;7;15;9;32;22;4;34;19;41;12;10;23;33;52;16;27;35;13;0;0;0;0;0;0;26
1923;111237;60200;116039;117564;116597;115087;41161;1073777041;113627;36865;63425;117695;108742;117654;44614;108162;102795;112607;114365;113910;114382;54817;112014;0;0;0;0;0;0;0;0;0;1;2;3;23;12;33;15;8;10;17;5;20;6;16;21;4;7;9;13;14;18;19;11;0;0;0;0;0;0;0;0;0;23
1924;43896;113059;58362;104294;1073857563;57983;60372;60242;118628;55862;112960;114990;63339;1073757816;113038;101833;118602;115544;1073806633;116495;121300;376017;58344;118521;0;0;0;0;0;0;0;0;12;26;5;23;8;25;59;11;27;20;2;4;29;40;10;24;77;9;15;3;16;35;13;14;0;0;0;0;0;0;0;0;24
1925;101245;60981;373521;55656;60070;39239;61138;111243;59421;44556;111458;104629;44711;101203;54255;118637;113500;111152;41570;56240;60009;104325;0;0;0;0;0;0;0;0;0;0;3;29;6;31;30;22;11;15;10;25;13;20;2;5;14;4;37;12;49;23;9;40;0;0;0;0;0;0;0;0;0;0;22
1926;55905;105117;56172;63294;41236;110834;111337;104864;114219;54392;56168;118702;118383;44423;105411;60199;114335;101195;118325;116570;118264;46897;109584;58291;105387;112019;58215;110899;57993;114673;55863;0;12;2;20;4;3;8;10;28;22;11;29;34;23;42;17;24;5;27;21;25;37;19;9;1;38;14;15;32;7;16;18;0;31
1927;101946;60653;110768;105189;114135;101899;118585;113217;103376;58312;58199;103176;118465;47745;53906;110563;118501;113380;114534;105352;114471;292521;63429;110379;47761;107918;47246;113804;38374;368757;104293;0;50;12;34;6;24;27;20;35;10;40;9;25;2;13;4;29;8;15;33;11;18;7;22;31;5;21;23;28;77;44;30;0;31
1929;266891;56045;121381;115375;114946;113326;117594;41083;368381;113883;113868;58302;110089;110705;119810;104384;118098;58360;60675;110951;100719;38743;115904;117761;60273;0;0;0;0;0;0;0;26;24;13;33;6;30;5;11;16;10;20;1;35;4;3;28;15;17;23;8;77;19;18;2;27;0;0;0;0;0;0;0;25
1930;58666;58059;60804;116447;46025;43133;115095;61492;63218;115926;263107;114142;115996;60096;63702;114492;55443;109412;118348;103112;38458;115301;112745;109455;110362;109248;118179;110154;116499;115923;113947;0;23;33;22;4;16;14;2;7;8;21;9;1;13;29;12;37;27;17;10;53;18;19;70;42;3;6;24;5;47;50;15;0;31
1931;103658;111426;102360;114366;113936;117468;308028;42402;105284;106617;114540;114664;40407;110063;108146;108169;115922;113312;117894;103339;119800;106280;115935;37260;60266;44619;110051;47080;102327;103294;0;0;1;23;55;12;26;5;19;10;7;32;77;22;3;21;44;6;36;88;39;11;17;20;99;13;67;4;2;15;28;78;0;0;30
1936;108792;100432;115282;44858;42586;44171;101824;110458;319586;107347;120296;123728;100120;114228;46990;118270;108560;104490;377184;59526;369200;40335;112728;58171;115150;119113;103101;44212;0;0;0;0;22;40;4;32;3;27;30;38;10;7;13;6;11;28;14;21;17;19;18;92;41;2;15;12;16;34;29;1;0;0;0;0;28
1937;60706;61641;44443;105192;44941;115066;106513;46221;118717;114634;109580;43694;36776;107383;46752;44214;60956;114669;109568;111968;110614;6089;118837;59507;46453;115931;113749;114502;47659;33473;113162;9205;1;25;36;2;13;88;6;10;33;12;91;22;5;3;70;83;44;95;15;66;8;7;79;43;4;98;45;16;21;11;20;23;32
1950;54380;47548;117417;101011;103036;54749;43469;117411;117803;35031;109908;39765;1073847896;117807;39472;117909;109820;109158;47240;117415;117804;59197;117416;0;0;0;0;0;0;0;0;0;5;15;22;43;23;34;8;6;16;3;9;1;12;4;7;10;18;14;13;25;29;17;77;0;0;0;0;0;0;0;0;0;23
1973;118234;109356;120337;63726;111003;118046;109057;118378;57899;118362;117913;110890;45408;119798;369312;372560;63646;117522;114224;118216;60742;114054;118382;0;0;0;0;0;0;0;0;0;1;15;16;18;6;19;7;8;10;11;21;12;2;3;14;17;9;22;13;25;4;5;20;0;0;0;0;0;0;0;0;0;23
1974;44064;63696;115373;44936;113497;111321;108245;45372;46764;44176;41597;35249;44975;47432;44156;111288;60738;47846;35483;60021;60172;109350;61582;0;0;0;0;0;0;0;0;0;1;4;26;2;14;17;15;30;9;18;22;12;3;47;7;11;21;24;23;8;10;19;20;0;0;0;0;0;0;0;0;0;23
1976;1073806821;112731;60016;101106;45313;106540;103656;378336;375676;114483;108790;112727;113087;370940;378753;115928;116407;57473;107628;111135;306508;308267;118492;0;0;0;0;0;0;0;0;0;35;4;5;3;14;66;26;9;7;11;22;1;45;13;15;8;23;2;12;6;10;17;20;0;0;0;0;0;0;0;0;0;23
1978;2634;109312;110990;118406;57199;109404;373552;298743;46418;35126;105527;44466;114899;115938;44223;108242;104747;113566;105171;116497;118537;110057;108405;0;0;0;0;0;0;0;0;0;24;2;4;15;30;88;14;8;11;9;3;1;16;5;7;10;50;19;12;20;6;17;18;0;0;0;0;0;0;0;0;0;23
1979;113808;6327;107424;114030;114861;116299;57197;46439;103155;109058;100463;103572;104332;111456;111007;111100;59164;59422;101971;105177;104317;54697;110598;0;0;0;0;0;0;0;0;0;1;2;3;4;6;14;10;7;9;20;11;12;8;16;17;18;23;24;13;5;19;21;22;0;0;0;0;0;0;0;0;0;23
1981;830;1073857308;106538;63704;109060;109339;376805;58138;60316;113935;100472;60210;117956;117977;60041;112742;34869;102792;60736;115919;111250;113920;113948;0;0;0;0;0;0;0;0;0;1;2;3;42;21;11;14;6;8;24;22;12;27;29;7;17;20;23;13;4;5;18;19;0;0;0;0;0;0;0;0;0;23
2187;47237;117935;63399;114723;101617;114298;113572;118379;117533;59622;116577;47633;104413;117879;118452;107941;117845;114205;63738;117813;63714;116676;37304;117857;104688;109592;0;0;0;0;0;0;13;38;5;16;11;8;14;17;21;24;9;25;2;3;4;6;30;29;10;22;23;19;7;1;33;15;0;0;0;0;0;0;26
2188;114698;117994;45288;42481;110817;118103;114752;114251;106987;38655;116690;106924;114188;60904;109988;114225;114631;116945;100720;121285;116749;106977;107024;114138;0;0;0;0;0;0;0;0;13;4;16;2;17;18;23;15;10;20;21;1;24;22;5;3;14;6;8;11;7;12;9;19;0;0;0;0;0;0;0;0;24
2191;122322;105364;37437;124854;42751;54671;60134;54858;54857;108750;54859;59353;39699;59443;124270;264036;114886;57625;117579;104519;108877;122314;121968;59418;107982;372710;55542;0;0;0;0;0;1;19;12;2;3;20;8;15;25;7;9;27;17;28;6;26;39;13;5;14;10;11;30;23;4;18;22;0;0;0;0;0;27
2192;63541;60586;105388;59441;47935;109581;293650;63462;51518;109148;108880;59352;54830;59252;59178;61017;112667;112671;59616;54418;108444;114739;308283;0;0;0;0;0;0;0;0;0;12;6;14;2;15;27;8;7;5;16;18;13;19;3;21;34;10;35;1;22;4;17;9;0;0;0;0;0;0;0;0;0;23
2193;45674;55845;55857;56037;47834;121371;109629;107784;262959;41581;262997;55844;54166;58166;55991;58286;307480;56043;61457;58295;118661;46992;117501;308531;53451;0;0;0;0;0;0;0;1;28;16;6;20;21;8;7;29;12;9;25;4;5;14;33;26;80;10;19;36;2;17;3;23;0;0;0;0;0;0;0;25
2208;59262;41456;60572;59290;44001;117794;41424;59298;111970;117719;47754;59163;59285;59414;63389;105505;47956;63637;59225;118055;111029;121199;102977;0;0;0;0;0;0;0;0;0;1;7;12;6;17;14;4;10;21;3;22;13;9;11;8;19;23;16;2;15;5;18;20;0;0;0;0;0;0;0;0;0;23
2209;60982;58350;47813;105584;54169;56166;55645;41451;55076;116692;41425;37862;45670;54848;56120;117230;41428;56118;114897;58341;54398;43970;102052;55544;0;0;0;0;0;0;0;0;25;5;22;17;14;3;15;20;28;7;11;1;2;31;6;4;21;8;19;23;12;18;9;13;0;0;0;0;0;0;0;0;24
2216;56056;45788;307772;118295;119882;366795;46570;263819;122342;325168;36821;117400;106339;55736;55841;364349;105233;46303;363615;378294;55801;380132;377440;375659;54155;55713;117920;117735;379997;58106;55538;0;1;20;5;18;90;25;19;7;23;16;29;12;96;32;6;26;21;27;10;8;77;11;22;33;4;17;41;44;14;34;40;0;31
2245;55730;118529;363870;57910;118322;121223;370641;54384;54391;54401;59476;114371;54397;54396;58349;55855;308487;54389;54388;53589;54404;58193;118339;57737;55978;57908;54399;57904;57738;56113;0;0;1;14;23;13;19;6;28;16;17;31;9;22;5;2;33;4;15;21;7;32;10;11;99;20;51;8;26;18;56;52;0;0;30
2287;55532;105201;117404;117518;55834;54807;59269;57914;42181;55852;60331;55694;117406;325169;58331;122332;55813;55832;117532;58317;118078;8823;55954;55833;55731;122313;55412;55527;123067;55839;0;0;1;3;6;17;2;15;5;20;7;8;99;12;4;77;13;31;29;22;27;11;25;34;9;33;35;32;14;18;21;30;0;0;30
2293;33185;118593;116655;117766;112510;117889;109005;114018;48129;114883;47287;114484;114616;1073853601;116034;42606;114978;121294;117683;45780;112476;103680;108948;115355;0;0;0;0;0;0;0;0;1;4;2;27;19;45;6;17;14;10;9;40;26;3;21;44;23;11;8;39;34;42;7;48;0;0;0;0;0;0;0;0;24
2297;116137;118105;117529;105358;102424;116646;102914;60489;118287;121230;114223;121323;115523;109395;37379;114951;117420;120514;1073847825;1073748718;107634;108243;109065;101871;119852;118263;59841;115834;118651;108397;0;0;1;14;2;18;39;8;6;19;13;27;29;31;4;5;28;15;20;24;11;9;23;7;21;25;34;3;30;49;38;32;0;0;30
2298;118368;122265;103434;46831;38323;119133;54795;118275;114726;114860;47701;60519;116044;110604;113787;116944;113425;45317;114767;116458;61420;105057;104728;116036;103692;120356;118356;0;0;0;0;0;1;33;24;23;21;6;7;28;20;11;27;12;17;39;3;22;4;18;5;10;9;15;19;40;41;43;38;0;0;0;0;0;27
2300;111169;118956;60959;54791;119842;1073857237;113909;42545;114140;104808;1073857340;113328;113912;114974;102956;60510;115229;40573;1073857523;47414;107937;116977;1073743656;59604;118618;0;0;0;0;0;0;0;27;31;21;4;6;7;19;2;10;23;9;1;16;48;3;30;5;15;24;8;26;17;11;40;20;0;0;0;0;0;0;0;25
2301;112453;108604;1073777448;60646;57121;33901;103276;103324;112472;113651;116355;114153;121321;112979;305207;44440;112748;114872;114526;115225;114308;104311;116183;112916;115334;118544;40134;101274;115166;0;0;0;1;40;5;2;4;19;27;16;32;21;11;22;35;6;7;17;14;18;20;30;10;15;9;48;42;37;8;23;39;0;0;0;29
2344;104834;61681;46218;102808;63521;1073857220;121976;100130;101357;116024;100897;46863;100537;100993;114397;109239;119795;116694;102522;116460;114006;1073857272;118612;121970;63334;59759;101296;114103;0;0;0;0;1;28;3;29;33;14;8;19;7;32;31;21;37;43;17;30;27;6;16;20;23;42;9;24;5;4;39;22;0;0;0;0;28
2345;46896;36684;112445;118517;110529;114921;112732;114227;117372;117583;108705;100773;109205;104259;115991;101769;117356;45648;46830;104848;111026;117500;100980;112686;118290;8757;109573;0;0;0;0;0;20;26;19;30;21;43;8;25;39;7;9;28;3;31;2;6;17;10;40;29;24;42;16;1;12;4;15;0;0;0;0;0;27
2346;46472;40472;46976;108201;106635;103609;105255;117568;108775;103272;111131;63088;60857;1073850311;118089;106442;118182;121214;121308;108942;104749;116041;102214;111446;116498;109324;44746;118324;0;0;0;0;1;5;21;34;13;7;18;8;14;10;19;37;2;28;15;39;32;17;22;20;27;11;9;36;4;29;57;16;0;0;0;0;28
2347;111150;54437;54709;54708;54714;54711;54717;54719;54716;53895;53911;54705;54706;54710;46498;54715;54712;54720;53897;100901;53896;109260;110940;54707;308336;57744;57730;53912;53916;0;0;0;98;15;5;21;18;22;8;11;29;14;25;1;16;17;19;26;76;6;27;7;28;13;9;55;12;10;23;20;99;0;0;0;29
2348;46759;103519;1073857483;114337;105290;65265;63533;60910;105564;103257;102828;60219;60231;110001;114119;1073804962;1073800247;15416;45573;110967;118072;119125;1073857275;116140;60359;118524;1073800399;102969;114979;106895;0;0;1;4;6;29;26;16;7;9;25;38;11;33;2;22;20;47;17;8;10;36;19;3;18;23;21;5;14;34;27;39;0;0;30
2349;111024;118088;104865;112508;114871;109101;60246;121992;115997;106732;102719;101983;114719;115160;103408;115832;40884;114881;118627;114016;119140;115655;107825;113656;110905;118286;118659;118281;0;0;0;0;1;12;4;20;3;24;6;19;9;30;14;28;2;5;17;8;10;7;23;11;29;35;22;36;15;18;42;38;0;0;0;0;28
2350;54118;120331;57638;319571;118424;118660;103303;54124;104742;54120;369302;45514;104075;104158;54123;109316;114581;1073857295;319439;1073758496;105032;121973;118489;0;0;0;0;0;0;0;0;0;4;3;11;18;2;14;7;23;8;5;9;13;6;15;10;21;22;19;1;12;16;17;20;0;0;0;0;0;0;0;0;0;23
2351;103560;107856;59934;118109;111115;57194;118413;101795;63649;57331;101755;53800;110959;117646;108300;46942;107927;113887;111322;108298;115995;111042;38539;114596;114286;47765;104135;103064;101003;121986;117549;0;1;5;32;13;2;44;6;14;18;17;10;30;4;3;8;27;16;15;20;11;26;21;19;25;33;23;28;12;38;9;29;0;31
2352;118359;118266;109523;118034;34944;60761;103154;61066;102501;108906;120383;101216;115029;41028;57351;113079;60995;100257;111195;115051;61406;119846;100977;122013;111822;116205;60526;37918;118386;47382;0;0;15;20;25;22;28;5;17;23;9;40;18;1;21;33;4;2;6;26;44;8;7;32;27;31;3;29;24;11;19;30;0;0;30
2353;54794;54776;111351;116296;106843;54778;115231;103590;47445;46702;43177;100971;115158;116610;115195;103153;101031;115233;54793;47992;117755;54782;107324;0;0;0;0;0;0;0;0;0;24;3;4;5;2;30;14;18;6;19;21;16;11;12;13;7;9;20;23;1;8;10;17;0;0;0;0;0;0;0;0;0;23
2354;103352;1073857338;118496;107907;119126;107713;116210;59755;104347;118003;104899;40253;103541;111055;45131;111404;113265;366899;116404;117357;44705;104451;60660;34614;114107;108293;118720;118564;0;0;0;0;1;22;24;17;14;6;5;8;29;10;9;20;2;4;33;28;3;23;47;30;37;27;7;44;21;31;11;19;0;0;0;0;28
2355;34014;118594;117840;116002;116643;117871;109394;100778;118678;54257;120354;103488;102928;117824;46062;106842;46856;101817;117740;117818;115149;110612;111240;63490;105257;108263;47150;47355;0;0;0;0;1;29;24;4;7;21;6;18;10;26;9;41;3;23;14;2;22;16;28;11;8;44;17;46;33;35;43;31;0;0;0;0;28
2356;367218;54660;61140;111430;37526;118080;54733;38684;61157;34813;45338;378503;117385;103806;112061;110553;40202;63289;100484;114309;117412;103365;54838;0;0;0;0;0;0;0;0;0;1;4;23;24;3;2;8;6;7;9;28;12;13;15;10;14;11;20;16;17;18;21;5;0;0;0;0;0;0;0;0;0;23
2357;103083;56147;102567;39752;103506;54425;59991;107288;32475;54423;45998;57006;39356;107137;44669;42585;38576;57972;116065;42999;118028;1697;116064;0;0;0;0;0;0;0;0;0;8;4;10;15;2;27;7;14;1;28;5;12;6;23;17;18;9;3;24;19;11;21;22;0;0;0;0;0;0;0;0;0;23
2360;44011;113417;105510;55909;59268;47947;59266;59281;47757;59364;63523;111202;114522;114744;104518;109169;61429;113778;118706;116048;112862;110402;104521;0;0;0;0;0;0;0;0;0;1;2;37;3;35;6;8;7;29;5;22;12;26;4;10;17;9;11;13;14;18;20;21;0;0;0;0;0;0;0;0;0;23
2369;103151;63676;103152;102657;375720;372419;117086;110413;118024;117515;366673;113779;102672;114190;368581;118061;114794;115003;101040;114703;377158;116542;117921;0;0;0;0;0;0;0;0;0;12;26;2;3;7;17;8;16;31;18;10;22;4;5;14;9;1;20;6;15;11;13;19;0;0;0;0;0;0;0;0;0;23
2377;47143;110306;111369;116452;118506;377271;30012;109563;121257;109572;63308;112863;108396;109503;107482;47464;114439;113792;103458;119107;41084;63629;57332;118735;101039;114976;118222;108952;116486;113216;0;0;30;4;44;17;25;79;20;29;50;99;9;1;5;18;2;3;14;10;77;16;11;7;69;33;27;8;28;80;34;22;0;0;30
2382;45220;60733;114560;118144;44956;113950;113067;109422;112956;112922;112567;118440;111133;118074;106520;117847;60796;118474;102534;367070;112740;115895;118189;0;0;0;0;0;0;0;0;0;1;44;5;12;2;8;4;73;11;13;22;18;3;6;7;10;9;23;15;14;17;19;20;0;0;0;0;0;0;0;0;0;23
2383;9584;63764;34825;60751;60432;103270;118415;44157;110571;57243;105515;102339;113811;107589;54718;118547;111101;61232;100811;104753;115116;100945;118119;0;0;0;0;0;0;0;0;0;1;28;2;6;7;8;14;11;9;22;19;12;5;3;10;25;24;13;30;4;15;17;18;0;0;0;0;0;0;0;0;0;23
2385;114043;308109;59969;308475;60729;373323;373951;375524;111170;60868;45001;117937;102293;109334;57200;46419;117465;117903;102535;118604;120341;111204;105614;0;0;0;0;0;0;0;0;0;12;1;15;5;2;7;10;14;24;9;11;4;3;6;8;17;22;23;16;18;19;20;21;0;0;0;0;0;0;0;0;0;23
2388;106531;44107;108040;109217;117493;114683;117429;108902;102783;371324;379824;104297;109336;105604;47541;114244;104869;57203;105693;110066;113256;114854;111264;0;0;0;0;0;0;0;0;0;1;3;6;2;5;7;8;14;23;10;21;12;4;17;20;18;9;11;13;16;24;15;19;0;0;0;0;0;0;0;0;0;23
2393;61147;106912;109963;114477;32595;100203;111888;100161;375628;47523;100808;9155;58836;114413;112680;105342;46779;1073857375;109092;114285;114612;107348;118163;0;0;0;0;0;0;0;0;0;3;19;2;6;16;8;7;18;14;21;9;1;4;5;10;17;11;20;12;13;15;23;32;0;0;0;0;0;0;0;0;0;23
2398;45679;1073787170;55048;55049;1073857327;1073844666;1073800710;110238;112586;117396;47856;117602;55050;1073800692;1073857307;117512;57970;54895;61723;1073857325;1073775864;1073857316;1073806733;0;0;0;0;0;0;0;0;0;12;3;5;1;10;19;7;23;8;17;2;13;20;4;14;18;6;22;15;16;9;11;21;0;0;0;0;0;0;0;0;0;23
2399;1073857319;55018;1073847909;55019;1073800736;55021;55024;110631;55032;55035;109588;100090;1073806731;114804;51508;1073800817;55054;57097;54420;1073806713;111139;307656;114610;0;0;0;0;0;0;0;0;0;1;4;5;2;3;11;7;18;23;20;22;12;6;15;8;10;24;9;16;17;19;13;21;0;0;0;0;0;0;0;0;0;23
2400;1073805353;54918;54917;54920;1073806753;54919;116569;54770;54933;54935;54926;1073847826;54928;54930;1073844763;1073758404;54924;54934;1073853383;1073805217;116657;117936;1073853602;0;0;0;0;0;0;0;0;0;1;32;4;15;6;2;14;18;39;20;13;12;5;19;7;8;9;21;3;10;17;22;11;0;0;0;0;0;0;0;0;0;23
2401;1073754487;54929;54937;54939;54940;54941;1073754105;118251;115167;37268;54945;100163;54949;54948;54951;54943;54944;54955;1073857460;54950;54952;54946;116090;0;0;0;0;0;0;0;0;0;1;2;20;7;16;30;14;17;15;4;19;12;24;18;6;10;22;13;3;25;8;9;11;0;0;0;0;0;0;0;0;0;23
2402;101763;54957;54968;54969;54970;1073847755;54972;54963;54960;7704;44728;54956;1073846760;116091;54971;1073857536;32212;54973;54967;1073857509;1073857537;54975;1073857565;0;0;0;0;0;0;0;0;0;12;15;4;5;24;8;20;36;14;11;3;13;2;6;7;10;1;19;22;16;17;9;18;0;0;0;0;0;0;0;0;0;23
2403;1073853318;54978;54977;54989;54990;54991;54981;54979;54993;54980;55445;37721;54988;110694;1073857528;1073857502;54995;54986;1073857566;1073857503;111145;117361;1073857496;0;0;0;0;0;0;0;0;0;1;6;3;21;17;8;7;5;14;16;15;12;4;2;10;18;23;9;13;19;11;24;22;0;0;0;0;0;0;0;0;0;23
2404;1073806676;54998;54997;54999;55010;55001;55000;374347;1073804971;450;55014;1073847888;55008;55009;55002;55004;55005;55015;43951;55012;1073857572;55006;1073857570;0;0;0;0;0;0;0;0;0;1;10;5;13;8;12;6;14;3;7;23;9;2;17;16;11;19;22;4;20;18;15;21;0;0;0;0;0;0;0;0;0;23
2405;1073857320;54149;55017;1073847898;55029;55020;55030;55031;369359;55033;102724;118117;103029;1073857313;55023;1073806730;55025;60805;55027;369520;1073853537;1073847912;118692;0;0;0;0;0;0;0;0;0;1;2;3;5;4;17;15;14;10;9;23;12;16;6;7;8;18;22;13;19;20;11;21;0;0;0;0;0;0;0;0;0;23
2406;106618;102134;45290;55043;54440;55051;114268;118987;57304;105457;4522;55047;55038;54659;55037;55052;315546;375729;55046;118734;55053;54876;55055;55026;55400;54674;0;0;0;0;0;0;24;3;26;12;6;17;11;21;10;79;7;1;5;4;2;23;83;8;14;20;29;9;16;50;70;60;0;0;0;0;0;0;26
2407;295723;55057;55058;55059;55070;55071;373749;55072;55084;55066;55075;40779;55060;55068;55073;55061;55065;55085;1073847938;1073847939;1073857451;45304;1073857443;0;0;0;0;0;0;0;0;0;1;24;2;5;23;20;10;9;6;11;19;12;35;22;27;8;33;21;3;4;7;17;18;0;0;0;0;0;0;0;0;0;23
2408;1073775403;55077;55078;55079;55090;55082;55091;322547;55081;55086;55095;1073787932;55088;1073847936;55083;55092;55074;55094;1073776243;1073849488;1073857458;118453;1073857464;0;0;0;0;0;0;0;0;0;1;20;2;25;7;15;16;17;14;11;26;12;5;3;8;10;21;4;6;18;19;22;9;0;0;0;0;0;0;0;0;0;23
2409;1073772383;55097;55098;55109;1073775875;1073847963;55102;55111;55103;55106;55114;1073857292;55099;55101;55104;55112;55113;58300;55108;1073772380;1073857289;55115;108362;0;0;0;0;0;0;0;0;0;7;11;22;4;14;5;2;1;16;20;9;12;13;6;15;8;21;17;3;10;18;28;19;0;0;0;0;0;0;0;0;0;23
2451;33740;34975;47871;370989;46206;319584;368776;370809;103651;323594;112283;38293;60780;113579;378300;379793;45519;46457;372209;379975;47870;54112;372539;0;0;0;0;0;0;0;0;0;1;14;4;6;3;26;35;13;2;30;7;12;5;15;11;16;10;8;20;19;9;18;31;0;0;0;0;0;0;0;0;0;23
2452;44922;363856;379220;295460;378325;308544;116187;116192;116186;111356;53904;47873;116182;304788;376893;371001;102824;373556;109319;113341;116178;116627;378303;0;0;0;0;0;0;0;0;0;1;4;80;3;24;90;40;97;41;47;9;12;15;33;6;77;11;5;13;22;2;43;18;0;0;0;0;0;0;0;0;0;23
2453;115043;107703;121316;115022;115842;108637;46373;115839;118949;115924;116203;60198;114109;116493;102139;112900;103588;38175;114116;34939;116144;45962;113770;115921;37874;100820;109250;0;0;0;0;0;1;33;3;31;46;5;10;6;99;16;9;17;4;66;8;14;11;7;15;52;23;12;27;22;44;43;89;0;0;0;0;0;27
2465;108823;33317;43777;378321;107939;107603;57391;44616;45512;308321;55828;113252;46087;110787;45508;108829;55827;110378;109590;378295;116043;378445;378305;0;0;0;0;0;0;0;0;0;12;24;2;3;22;19;17;6;29;7;9;1;25;16;15;8;18;21;5;4;28;10;11;0;0;0;0;0;0;0;0;0;23
2469;55272;55274;55273;55275;55288;55290;55289;55279;55280;55282;55294;55283;55295;55285;55292;55277;55281;55293;55284;55287;55286;55296;55276;55278;55297;55298;55299;55291;0;0;0;0;16;3;4;5;17;8;19;7;11;18;22;1;24;2;20;13;14;21;23;15;12;25;6;10;26;27;28;9;0;0;0;0;28
2473;118475;122305;122702;122914;53475;56067;114554;124281;57651;122331;117030;118668;119778;124248;124285;122320;123242;54860;57648;377152;124277;111203;124268;123732;118596;119812;118715;117509;0;0;0;0;28;8;6;21;3;88;14;10;22;7;9;13;2;37;4;24;15;55;16;5;99;26;11;1;12;30;17;77;0;0;0;0;28
2478;119877;101952;1073801803;55654;121237;42669;60241;115119;7511;117632;34881;45660;114344;58351;114433;118140;113467;1680;105130;55650;121197;116484;58674;41522;104624;114779;58365;43156;120386;63426;114868;0;97;2;37;17;3;5;7;8;10;19;9;13;16;26;4;76;42;22;80;20;21;24;11;34;15;70;62;88;59;56;54;0;31
2480;364719;115020;55707;55717;47392;315537;45886;46038;104498;109114;108798;41708;47471;54372;54804;58202;104142;104476;56228;115356;117865;118013;114496;0;0;0;0;0;0;0;0;0;13;8;3;14;4;2;9;11;16;1;27;12;5;6;7;10;23;24;15;18;19;20;21;0;0;0;0;0;0;0;0;0;23
2481;56139;41538;57748;102561;60345;47999;113040;56232;56230;103117;56235;56225;56141;104547;55708;56130;56220;56234;56221;56215;57733;112921;58163;56227;57734;0;0;0;0;0;0;0;12;18;35;13;32;16;19;6;77;10;11;1;3;2;4;24;21;20;7;8;14;17;9;15;25;0;0;0;0;0;0;0;25
2483;55780;55771;55782;105341;379714;369904;59229;54680;57731;58248;55779;43380;56236;55770;323105;54849;55792;57745;54810;57897;307770;55786;60618;55781;54602;262961;55646;57729;57728;0;0;0;1;4;30;57;67;8;20;23;5;13;11;22;44;3;14;28;33;26;99;15;7;10;16;12;25;21;98;77;27;0;0;0;29
2484;119147;114253;55819;54676;58178;55806;122347;54826;118954;54442;58224;54679;124278;54443;122701;57641;55814;55817;55800;55815;55528;122732;58369;0;0;0;0;0;0;0;0;0;22;6;3;2;24;5;30;7;10;11;8;1;12;13;4;27;17;28;31;16;9;47;18;0;0;0;0;0;0;0;0;0;23
2486;58756;37053;60023;101766;114562;1073779703;104374;109390;37398;63142;43811;101743;46507;31018;63372;369664;114691;114267;113532;104257;42346;39673;118732;38831;114215;60145;297409;1073847867;112478;43759;113714;0;22;34;44;3;5;25;33;32;6;17;30;23;2;20;12;4;21;8;7;11;77;9;95;90;1;18;13;10;96;19;99;0;31
2488;45958;104647;54764;61693;56123;100590;116471;117553;47795;54772;114242;54375;57928;54664;55917;104640;111399;58052;54662;113416;113953;116600;118214;0;0;0;0;0;0;0;0;0;12;32;3;2;5;7;29;17;31;9;19;4;6;21;8;28;23;10;15;16;22;14;18;0;0;0;0;0;0;0;0;0;23
2490;42699;58167;379709;368378;379801;55655;56027;58118;57996;56119;54836;56019;323535;370372;373057;115846;301848;369552;375611;57985;55709;57999;57988;55812;55705;0;0;0;0;0;0;0;13;3;71;17;20;14;29;18;8;10;7;1;2;5;4;33;30;80;6;28;11;9;24;67;25;0;0;0;0;0;0;0;25
2491;122678;54853;54843;378314;55835;119884;376949;55981;55777;105289;40661;123076;379200;54851;366621;108739;54113;53389;124295;55966;54064;55530;112943;51522;55652;123722;54067;0;0;0;0;0;13;3;2;17;16;14;7;15;27;10;12;1;19;26;28;8;23;30;20;22;29;9;11;21;18;24;31;0;0;0;0;0;27
2493;110414;57418;121227;113917;63735;43256;110602;109582;110802;114347;100462;100815;108654;101689;45647;37405;41209;55864;109932;32568;47182;115998;44187;118473;117382;110558;58757;109055;109609;108186;0;0;88;13;18;79;98;28;14;55;22;37;19;97;27;5;17;2;8;23;15;21;11;10;99;94;4;24;35;26;61;39;0;0;30
2494;108953;119893;378342;56059;102966;33878;121981;57650;54439;57637;56162;55948;118989;54444;372860;124296;118826;122310;54448;54450;55432;117567;105313;0;0;0;0;0;0;0;0;0;1;4;5;12;39;6;8;22;30;10;9;99;13;28;19;24;27;16;23;11;7;37;36;0;0;0;0;0;0;0;0;0;23
2496;9564;56095;56109;40280;56110;32793;103794;56112;56098;58153;58177;36343;54729;55821;56127;54735;58191;63660;56096;58084;58195;55904;58203;0;0;0;0;0;0;0;0;0;11;16;20;3;4;7;1;5;9;2;8;12;13;6;19;18;10;21;15;14;17;23;22;0;0;0;0;0;0;0;0;0;23
2497;303349;108324;118669;57916;53477;117496;117952;58116;114636;377513;54393;103851;55143;53799;56026;104540;55129;373324;56022;57917;45685;57922;57732;56024;57923;57930;0;0;0;0;0;0;25;4;19;30;13;14;21;70;11;10;9;1;39;5;26;18;6;31;7;80;8;20;32;16;17;28;0;0;0;0;0;0;26
2498;118676;38863;63152;104265;7305;117725;60666;57937;43792;118026;61000;105172;38812;56190;111301;373169;116603;44797;101901;366643;114218;101417;101399;108344;113973;118836;104344;113041;0;0;0;0;30;40;42;36;3;2;5;8;10;17;9;12;13;28;14;32;34;25;11;19;77;23;43;21;6;20;27;7;0;0;0;0;28
2499;61574;57224;106901;41547;56148;56174;56178;65281;57911;118081;47415;54678;58217;102400;306131;56182;42433;114563;105748;44006;45661;54668;55718;60272;298690;54681;54669;59206;115532;377202;105188;0;1;22;24;2;15;5;14;10;8;11;7;23;6;19;3;27;36;13;16;20;40;29;9;12;4;18;17;31;21;35;32;0;31
2501;300437;56216;106344;104665;56229;104755;308493;378199;373565;376974;377446;105037;102691;374346;374456;1073843395;378318;106536;106920;3673;376316;378297;378301;0;0;0;0;0;0;0;0;0;21;4;24;5;17;16;12;10;14;2;8;23;3;18;19;9;7;6;15;1;20;11;13;0;0;0;0;0;0;0;0;0;23
2514;118639;122897;110130;118077;54158;56253;375618;103997;56252;106676;117531;56239;58408;39798;113898;56049;54160;54162;55776;58320;111361;109772;56249;55543;56246;54170;54156;118974;0;0;0;0;1;2;4;3;39;17;10;24;33;18;20;25;5;29;70;15;21;28;30;77;8;19;11;12;23;35;40;36;0;0;0;0;28
2536;58325;112606;112026;45582;30163;112568;118284;45334;114106;60203;112888;47596;113822;104103;116703;105278;46978;41276;113831;116202;113345;103440;114546;109142;113072;0;0;0;0;0;0;0;25;2;14;17;26;3;21;20;10;24;22;23;28;16;45;5;51;53;11;29;30;9;37;13;15;0;0;0;0;0;0;0;25
2538;60366;121296;41474;115999;108725;60171;116468;113710;34797;105520;108745;108765;103128;115377;320983;107559;60265;114120;110457;115030;105528;113308;105322;0;0;0;0;0;0;0;0;0;21;26;4;35;12;5;17;20;10;25;19;40;28;44;15;43;23;22;46;11;31;7;14;0;0;0;0;0;0;0;0;0;23
2540;59189;63146;110973;55415;60329;43004;60024;63655;102676;42945;60716;116164;55648;113317;111338;109415;60356;111420;113547;121378;113549;60330;110370;0;0;0;0;0;0;0;0;0;1;6;4;2;3;7;8;16;12;5;9;22;10;13;32;14;17;11;25;15;36;20;35;0;0;0;0;0;0;0;0;0;23
2541;34487;59355;45047;59342;59270;111298;307793;105569;59451;47925;104124;115525;304895;39700;115939;45649;47954;55916;6366;115120;60275;111081;121967;0;0;0;0;0;0;0;0;0;16;26;2;27;8;19;1;14;10;7;4;12;6;23;18;21;22;20;3;5;9;11;28;0;0;0;0;0;0;0;0;0;23
2542;59341;45653;59392;108866;44000;108887;59273;59412;43683;113419;115526;113432;60984;108867;60890;118493;55915;59408;115024;118139;114773;115179;105541;0;0;0;0;0;0;0;0;0;1;2;26;24;6;8;7;14;21;28;19;13;4;11;15;30;20;12;18;3;10;17;9;0;0;0;0;0;0;0;0;0;23
2543;61013;112454;61001;105456;110851;59238;109186;113750;45665;44014;58608;59398;61022;106821;59198;113346;59291;59172;104960;118366;59208;105464;114499;0;0;0;0;0;0;0;0;0;1;2;3;17;5;6;7;27;16;10;20;12;4;21;19;8;22;9;15;14;11;39;18;0;0;0;0;0;0;0;0;0;23
2545;117760;47930;63484;58119;105576;121952;47945;105539;116611;59389;109147;59190;105514;117762;59450;63351;59299;59292;60603;60376;60815;57990;119829;0;0;0;0;0;0;0;0;0;15;20;4;22;13;5;7;12;24;21;28;1;9;2;6;3;17;10;18;8;19;23;32;0;0;0;0;0;0;0;0;0;23
2547;60888;55895;47940;102058;43685;105376;60274;113635;114740;116947;368484;45432;59169;103235;45656;55526;59339;118431;118090;115899;116939;105369;116675;0;0;0;0;0;0;0;0;0;21;12;2;8;24;6;20;35;29;15;3;1;5;4;27;13;17;9;11;7;10;14;18;0;0;0;0;0;0;0;0;0;23
2548;105372;59275;60891;105570;102541;110582;105416;113836;42702;45667;105386;111247;108804;118838;109184;54122;5849;114815;103567;111972;114210;114234;59295;0;0;0;0;0;0;0;0;0;25;5;3;2;4;1;40;30;19;20;28;10;6;37;41;7;16;9;15;8;14;17;11;0;0;0;0;0;0;0;0;0;23
2551;60351;59417;111334;106822;47758;47764;115088;108885;35434;60584;55433;111958;59200;119843;114790;116494;55665;58005;105518;115386;59449;35435;105526;0;0;0;0;0;0;0;0;0;29;3;4;14;16;7;18;19;10;8;5;1;2;6;17;20;11;23;22;15;24;28;9;0;0;0;0;0;0;0;0;0;23
2610;103954;369453;118490;40688;101354;110293;109775;60670;104718;36309;41286;113569;101669;120382;108466;106652;63665;1073805371;117635;119881;121400;114019;107798;0;0;0;0;0;0;0;0;0;12;6;15;10;3;7;22;5;8;9;19;13;2;16;14;17;18;1;4;23;11;20;21;0;0;0;0;0;0;0;0;0;23
2611;115851;102049;107400;113860;117615;121383;54411;119123;32160;110804;59758;108349;45096;59846;101416;100940;113126;118455;57271;121228;112842;374334;115647;0;0;0;0;0;0;0;0;0;1;2;4;27;10;35;15;21;6;8;17;12;13;3;7;19;9;28;5;36;14;11;18;0;0;0;0;0;0;0;0;0;23
2612;63542;4871;32192;100471;59998;100660;116949;32773;100195;39483;102644;109135;100171;100242;101981;104197;60872;116909;108392;108206;112581;116167;113652;0;0;0;0;0;0;0;0;0;1;2;3;28;32;4;14;7;8;22;20;12;5;6;10;13;11;15;9;17;18;19;21;0;0;0;0;0;0;0;0;0;23
2614;57183;37601;64730;44111;44898;43193;104323;299355;104389;103342;116464;118156;109056;117856;44986;121353;107862;114987;105150;113158;121947;111257;109338;0;0;0;0;0;0;0;0;0;1;30;4;2;23;29;6;14;10;15;28;12;3;5;7;8;11;9;13;32;24;18;19;0;0;0;0;0;0;0;0;0;23
2615;8302;100144;112791;101860;102088;100088;109096;59803;116599;34004;38462;100360;4898;108582;7434;108277;58833;112687;110487;114657;102426;109975;104484;0;0;0;0;0;0;0;0;0;13;1;3;2;15;5;8;11;10;23;24;12;4;6;7;21;19;9;25;17;18;20;22;0;0;0;0;0;0;0;0;0;23
2689;1073741862;1073756876;55155;55164;55165;372123;1073852907;1073757843;1073756924;55170;55171;1073758280;1073758454;1073758248;1073857484;1073757740;55162;55161;55152;308134;103280;55169;118695;0;0;0;0;0;0;0;0;0;1;2;13;3;5;18;19;8;7;20;9;12;4;6;10;17;22;14;25;15;16;21;11;0;0;0;0;0;0;0;0;0;23
2690;101880;52921;52911;52910;52913;118274;52912;52923;52917;52926;61171;52909;55796;58194;52922;52914;52916;52924;117555;117554;52918;55793;52928;118298;52927;0;0;0;0;0;0;0;1;3;6;5;7;25;8;4;14;22;24;12;15;16;2;21;11;9;18;10;13;23;19;20;17;0;0;0;0;0;0;0;25
2691;102879;52962;52951;52963;118040;52954;52955;117971;52958;52968;52959;52949;52961;109289;52966;117556;52956;52957;52960;296419;117945;52967;118412;0;0;0;0;0;0;0;0;0;1;26;3;5;4;19;17;18;10;21;15;12;22;2;11;8;23;7;13;6;14;9;20;0;0;0;0;0;0;0;0;0;23
2692;302935;51512;51523;320634;325600;367130;51524;51519;30010;51526;51521;60141;46227;121241;51514;51516;51520;52919;368243;377833;367131;368246;51525;0;0;0;0;0;0;0;0;0;1;5;2;6;3;21;16;11;9;19;15;12;4;14;13;30;22;17;20;7;8;10;18;0;0;0;0;0;0;0;0;0;23
2693;102510;52982;52971;52973;101178;52984;52975;118341;52978;52988;52979;52969;52970;52981;52972;52974;52977;52987;52980;52983;57240;52986;118483;0;0;0;0;0;0;0;0;0;1;7;4;6;20;16;10;14;3;17;15;12;5;2;13;30;11;9;22;8;21;18;19;0;0;0;0;0;0;0;0;0;23
2694;41688;117530;57998;58813;55822;55823;45467;44256;55825;55867;114957;42992;59161;59686;42631;58684;58031;55853;47147;110916;113415;117622;117721;0;0;0;0;0;0;0;0;0;2;16;4;5;14;3;7;20;8;9;22;1;6;15;19;10;11;23;12;13;25;17;18;0;0;0;0;0;0;0;0;0;23
2695;39786;58243;58223;56033;57895;364021;263246;263109;58273;107990;58264;263172;58207;58284;58219;55759;303339;58120;309065;58092;263032;54402;58261;58094;377208;58100;58102;308107;111285;0;0;0;1;3;5;2;4;26;14;27;17;9;77;13;35;16;8;6;23;19;80;20;10;11;7;12;33;31;24;22;99;0;0;0;29
2696;56289;56291;56290;56292;56305;56294;55234;56306;56309;56311;56299;56300;55239;55229;56297;56313;56298;56310;56301;56304;56303;56293;56295;56296;56314;56315;56316;56308;0;0;0;0;1;3;2;4;17;6;19;18;21;23;11;12;24;14;9;25;10;22;13;16;15;5;7;8;26;27;28;20;0;0;0;0;28
2697;42601;52891;52902;52890;52892;52893;52894;52895;52906;52907;52899;107934;52901;54730;52905;112939;52896;52908;52900;52889;113977;52898;109562;0;0;0;0;0;0;0;0;0;1;3;14;2;16;5;6;7;18;19;11;25;13;15;17;8;4;20;12;22;10;9;21;0;0;0;0;0;0;0;0;0;23
2698;52929;52931;52930;52942;52943;52935;52945;52938;52933;52937;52947;52940;43740;60297;52934;52944;52948;52939;52941;52932;105319;58006;105145;0;0;0;0;0;0;0;0;0;9;6;5;15;13;11;19;4;1;8;24;14;10;16;3;7;23;22;17;2;18;12;20;0;0;0;0;0;0;0;0;0;23
2703;55744;55746;55745;55747;55748;55762;55751;55750;55752;55753;55754;55755;263509;55757;55749;263392;55760;55761;55763;263134;55764;55766;55765;55756;264488;264303;262869;264272;263072;262960;0;0;1;2;6;4;3;5;19;11;10;7;9;25;24;15;13;20;14;30;22;16;8;21;29;12;23;28;17;27;18;26;0;0;30
2704;263770;263768;264478;325171;263898;264281;264299;263835;263620;325174;262235;263776;263769;263877;264483;263885;263774;264470;263744;325170;263818;263699;263854;263879;263643;263619;0;0;0;0;0;0;1;2;6;4;3;5;8;20;11;10;9;12;15;14;16;24;13;23;18;7;25;21;19;17;22;50;0;0;0;0;0;0;26
2708;63365;34488;63470;55899;59435;59219;59251;59359;43998;63346;58055;103191;59440;115017;60608;105446;55918;113993;117068;117768;320633;367098;113434;0;0;0;0;0;0;0;0;0;15;2;3;11;24;1;16;20;19;21;10;12;13;5;14;7;4;37;6;8;17;18;9;0;0;0;0;0;0;0;0;0;23
2714;63348;109928;114727;59337;115902;59394;115283;45662;47952;55901;105543;102855;60580;111961;55912;47923;101509;113634;117982;60377;41485;117841;119823;0;0;0;0;0;0;0;0;0;1;5;25;2;15;21;20;8;19;11;29;12;3;4;16;7;28;24;6;10;17;14;9;0;0;0;0;0;0;0;0;0;23
2719;379800;120339;42935;119827;121990;104112;103107;110521;117812;118945;105220;118449;110999;114329;114966;56153;113082;60095;117758;105119;101961;108767;118127;57410;100101;108590;60592;58156;116298;115330;115393;0;1;26;36;3;21;19;23;31;11;10;9;25;17;20;6;24;32;5;45;8;7;18;14;12;28;16;2;37;22;30;35;0;31
2722;124249;118719;114367;63398;115143;35250;121359;55716;114092;105162;102611;47941;59332;60590;121235;116602;115906;119864;104319;105307;43888;117239;117469;115534;109933;110312;100275;121198;59411;0;0;0;1;29;21;16;3;11;15;24;17;10;12;36;6;2;33;5;40;8;27;19;22;25;37;32;30;4;26;23;7;0;0;0;29
2729;110966;105155;60320;110969;115779;110980;118457;47932;30051;110977;60301;111038;110968;118456;63721;103601;105163;118458;102234;111037;108759;116500;121380;0;0;0;0;0;0;0;0;0;1;33;6;4;39;5;8;7;10;20;9;14;2;12;13;17;22;11;15;16;19;3;21;0;0;0;0;0;0;0;0;0;23
4000;6480;115068;57647;58047;58046;306041;55710;105326;56137;55843;122321;55541;57902;58301;58131;55539;55660;298453;54670;58228;60667;56142;56192;55824;371342;53452;56302;0;0;0;0;0;1;38;21;14;18;6;20;7;11;10;24;12;22;26;15;5;2;29;19;33;9;23;27;99;4;28;35;0;0;0;0;0;27
4001;38118;107754;45497;46550;118008;118239;57932;37894;41829;45614;57900;43447;47553;54900;121355;308083;55703;57935;63499;57927;57936;117877;114312;0;0;0;0;0;0;0;0;0;13;2;3;4;10;17;19;7;9;21;22;1;16;23;18;20;6;8;15;14;12;5;11;0;0;0;0;0;0;0;0;0;23
4002;114368;110998;57894;111323;103454;122934;57940;121311;58309;54852;60596;57974;57948;117843;109743;105293;57941;57896;122275;123442;42101;47586;57959;57909;116441;110869;123075;122715;308458;54415;117604;0;1;23;4;24;16;35;5;20;10;31;19;25;14;8;15;30;26;18;40;29;11;27;21;12;6;13;22;32;17;7;28;0;31
4003;58069;9121;41153;118360;47655;60232;104286;122324;54814;47594;109846;60680;58071;55411;58062;121340;119813;55830;57674;58158;115284;303384;54366;58070;58063;267992;55829;55531;124269;54365;0;0;1;2;4;15;5;36;6;27;19;20;9;22;16;32;13;21;23;8;10;26;30;11;29;25;7;24;56;17;31;18;0;0;30
4004;45610;57950;111103;107334;63816;103089;297343;33477;115210;57934;54784;299191;107297;112096;100230;100876;108707;121243;33461;378269;108309;121206;114187;0;0;0;0;0;0;0;0;0;1;3;5;4;2;10;14;24;11;22;9;12;23;6;7;8;15;20;13;17;18;19;21;0;0;0;0;0;0;0;0;0;23
4005;39249;53781;42993;43635;41571;44908;110994;113830;60170;114445;57984;42592;53898;58024;54803;56231;105090;108734;37343;58022;58026;109132;103523;0;0;0;0;0;0;0;0;0;12;27;4;16;6;8;7;20;5;11;2;25;3;15;10;14;9;23;1;13;17;19;22;0;0;0;0;0;0;0;0;0;23
4013;106425;47640;38362;57628;112069;54769;101030;101079;120351;101103;59160;5584;54767;102486;55417;114797;44498;9277;112747;55405;101101;16409;113287;0;0;0;0;0;0;0;0;0;25;2;4;3;22;7;10;14;26;11;6;1;5;15;8;24;9;27;12;17;18;21;23;0;0;0;0;0;0;0;0;0;23
4020;100132;107910;55301;45386;103224;116743;115385;117289;112604;103919;44039;103621;100123;100856;116470;114070;115379;112029;100967;120376;368379;106433;116672;118973;111272;108955;119872;118980;0;0;0;0;1;23;15;6;47;12;10;20;11;9;14;13;26;2;3;8;5;16;18;17;21;7;24;4;22;19;29;32;0;0;0;0;28
4021;118709;110076;110755;60518;118176;61176;101911;107878;116744;117981;59487;111842;103076;109496;121361;102518;114545;116628;101909;118552;122010;117872;38589;100181;108241;112518;118237;0;0;0;0;0;1;26;20;61;64;14;8;82;19;33;23;99;4;2;21;66;6;28;18;7;34;11;9;29;25;92;24;0;0;0;0;0;27
4022;118197;57455;57454;116356;55404;35500;42907;117419;45397;57679;100752;46604;57466;57675;103693;116354;43023;57461;63159;57660;113556;121966;57681;0;0;0;0;0;0;0;0;0;1;2;6;3;4;7;8;18;10;21;20;12;5;17;13;14;9;11;16;15;22;19;23;0;0;0;0;0;0;0;0;0;23
4025;1073805413;113704;108021;116651;103502;118265;112355;1073847809;1073800813;113224;102466;47664;101046;112952;109555;103356;114311;43040;44169;102437;118966;102226;100142;63548;63282;0;0;0;0;0;0;0;1;4;3;2;26;6;25;20;7;42;9;40;34;37;5;22;15;27;8;31;29;11;35;33;39;0;0;0;0;0;0;0;25
4031;119129;111819;41275;115065;104334;55910;118305;58368;60252;372424;119780;105120;119817;121284;58287;114625;116467;43230;58128;114076;113655;42654;379715;37602;117720;100658;60254;60880;60587;110988;102329;0;12;44;2;8;3;14;15;19;21;24;27;1;6;20;29;33;5;23;25;26;10;22;9;34;4;17;77;39;18;7;40;0;31
4032;44037;118502;108740;104440;122281;63235;105251;118188;108165;55435;65258;60607;117504;116502;111248;100134;121215;117502;58231;55426;43816;108771;118712;111439;115294;105578;117775;105391;120314;0;0;0;1;2;6;20;3;5;22;18;7;19;27;25;4;42;13;33;14;55;8;10;15;11;9;17;26;37;29;39;47;0;0;0;29
4033;118031;41045;42698;118405;116638;118960;39687;60293;100262;58305;113855;41548;41527;61126;58315;102610;110415;111049;60114;110892;100639;60136;116620;121213;58307;63679;57980;60213;114257;105202;101406;9332;30;15;14;31;13;6;8;5;10;20;11;1;32;37;2;4;12;16;28;33;77;22;9;17;26;25;79;18;24;21;7;23;32
4034;105508;114353;48056;58400;105088;59239;105359;121205;111040;118716;63350;47671;121396;100291;114385;109270;113840;36336;118009;60066;58076;113070;118365;110950;371710;58329;120369;115023;105583;59433;58323;63428;16;13;31;25;3;26;24;7;18;10;12;1;32;6;42;4;5;15;43;33;11;21;23;34;2;17;27;8;9;19;30;99;32
4035;63661;110603;105106;117147;112539;118183;114418;114481;55865;115354;60683;114162;108935;54385;119138;59233;118597;117784;57943;115897;111319;118638;325544;47100;104670;103181;58165;56165;0;0;0;0;28;26;30;6;55;15;44;3;20;10;17;35;22;32;2;23;5;13;4;12;21;8;7;61;25;72;11;9;0;0;0;0;28
4036;111309;114675;40176;113737;110476;47136;118385;119128;118421;105389;58029;60677;102233;36706;103707;105471;41272;118402;60650;37505;60458;102046;101879;43773;116469;105409;38509;58021;113991;104672;121998;0;23;33;2;4;13;19;22;8;21;27;29;42;25;28;32;14;3;5;15;10;11;9;18;1;17;6;20;12;80;7;16;0;31
4037;307686;45071;61531;109380;58285;103312;102884;60000;106832;38951;117335;56250;58211;54374;124233;65283;54362;58245;105121;58298;45690;54360;263889;123066;54363;54361;58212;55858;121324;315542;113962;118936;29;20;3;6;13;8;7;93;11;99;19;1;34;4;14;15;26;21;5;32;77;33;9;2;22;36;27;30;10;80;16;40;32
4038;106367;320874;307719;58232;55706;101398;58087;58213;58237;56131;47814;58049;102229;378338;58241;58234;55837;55838;57989;57906;56143;107992;374318;57907;58230;58246;56104;56136;57891;57892;56181;0;1;14;4;26;15;28;35;21;10;23;9;22;33;44;18;27;32;29;70;7;16;8;11;13;77;34;25;50;51;63;19;0;31
4039;263831;55720;53453;305932;57736;57931;54351;55953;55128;44636;61118;56055;55957;57746;56134;55848;58321;55521;53387;56031;57918;40749;55118;53520;55119;0;0;0;0;0;0;0;1;98;5;3;26;14;28;77;88;10;19;30;24;23;27;22;7;8;25;18;20;29;9;80;21;0;0;0;0;0;0;0;25
4040;32299;43680;116576;43798;58038;113335;118567;111422;33735;45049;60855;111095;36944;42409;43757;40562;42206;60195;57735;47196;60427;58054;60054;0;0;0;0;0;0;0;0;0;12;2;17;4;8;3;19;9;1;7;6;13;5;15;16;10;21;23;20;14;18;11;22;0;0;0;0;0;0;0;0;0;23
4041;35281;58034;40696;41895;46514;45824;1073845943;38511;54690;113420;54382;34435;58035;106308;54685;1073844528;41075;56248;53900;101229;54699;118423;61395;0;0;0;0;0;0;0;0;0;13;23;4;5;15;9;6;3;8;7;20;12;1;16;10;2;17;22;14;18;19;11;21;0;0;0;0;0;0;0;0;0;23
4042;47225;46888;54432;60098;58003;1073748261;301986;57995;322616;116648;115096;104224;54249;100674;119105;111421;110054;47739;114916;103831;60239;54449;118010;0;0;0;0;0;0;0;0;0;13;3;29;6;25;9;8;11;4;2;19;1;5;16;7;10;18;20;12;21;15;26;14;0;0;0;0;0;0;0;0;0;23
4043;369425;115049;114741;42892;58086;55428;101620;7802;100905;58032;60735;101420;118705;58091;58039;58089;57439;112004;116209;376022;115286;121282;114374;0;0;0;0;0;0;0;0;0;1;4;5;14;3;7;17;19;10;9;23;12;2;18;8;16;22;24;15;6;11;20;21;0;0;0;0;0;0;0;0;0;23
4044;47747;58183;58134;58188;116388;102705;102827;59336;56138;58151;118157;299893;61237;55651;58200;114150;53905;56103;117846;58152;61578;121362;115137;0;0;0;0;0;0;0;0;0;13;20;3;17;2;7;8;27;5;12;11;1;10;26;21;18;9;14;4;23;6;19;22;0;0;0;0;0;0;0;0;0;23
4045;58254;57619;113430;101902;113418;113564;123751;47347;116437;54348;63413;55969;54844;63396;60696;45868;58271;108890;105183;119809;65142;105131;38403;56171;58266;58251;58268;54157;54159;56260;61167;54161;1;2;15;27;23;26;5;37;7;20;39;12;14;4;30;6;16;19;29;35;10;31;11;22;21;13;8;18;17;24;9;38;32
4046;105093;58127;109854;58160;370709;322888;58343;58334;44987;63347;54413;112548;58326;58327;113671;54414;122341;60355;58342;58346;58269;54412;54408;58336;54427;118247;124858;55421;122717;264664;58335;376971;12;23;3;2;14;6;16;19;10;35;26;29;38;4;17;7;27;8;21;24;20;11;32;1;5;31;34;33;22;28;9;30;32
4071;111189;112857;115019;101771;115522;104185;107563;103584;118425;114845;108878;35479;100825;115358;102420;115911;103166;44766;121960;43026;118707;104398;117670;36768;114404;114964;111009;60630;104727;112579;119104;0;1;5;14;15;3;4;8;37;16;19;9;20;18;44;24;6;12;10;27;7;21;22;30;17;46;2;28;47;11;50;29;0;31
4075;100286;100290;112715;100433;112455;46225;100485;104160;103407;103051;62009;100749;100613;117906;100300;100177;103451;114997;103031;100137;103130;109441;110507;0;0;0;0;0;0;0;0;0;22;13;17;20;5;2;8;10;9;19;23;1;3;4;7;28;11;21;12;26;30;14;18;0;0;0;0;0;0;0;0;0;23
4085;111451;103566;119139;46778;41277;121950;60739;113854;1073784168;45010;111283;60156;44154;105236;121196;118014;103290;60186;100085;113761;118099;118012;117862;0;0;0;0;0;0;0;0;0;1;3;5;2;4;46;25;10;9;11;19;27;24;6;16;20;18;12;13;15;8;7;14;0;0;0;0;0;0;0;0;0;23
4090;108915;61155;104784;120461;45260;117698;102947;58648;61143;60105;54346;100535;101644;111864;103084;115112;59293;116572;111827;117376;118704;118307;118647;0;0;0;0;0;0;0;0;0;1;23;4;43;2;7;10;8;22;11;9;12;3;6;14;17;5;21;15;16;24;18;19;0;0;0;0;0;0;0;0;0;23
4108;114243;39339;102779;118016;107561;122008;107771;101762;116410;114293;121957;114846;104858;113951;107045;107410;47872;114274;103182;40681;112469;59749;63695;47540;102319;115159;60251;113043;57434;114757;0;0;98;15;3;5;12;27;88;10;7;19;14;30;4;25;26;91;99;16;8;20;31;11;94;1;6;17;22;21;70;29;0;0;30
4123;100888;54696;54686;101223;54695;118641;42805;54692;102123;102483;54688;114736;117371;54694;47419;107980;54693;114071;54689;54687;115865;54683;46720;115388;54682;0;0;0;0;0;0;0;61;42;5;70;3;8;6;19;9;10;11;1;4;98;2;12;14;18;29;38;22;7;17;40;77;0;0;0;0;0;0;0;25
4141;45193;103026;1073805704;100274;111259;38072;100440;36667;53787;63459;100114;115101;114889;114887;45141;59478;102365;113783;116438;114818;37153;114118;308132;0;0;0;0;0;0;0;0;0;22;2;5;3;13;16;18;7;4;11;9;12;6;15;8;27;1;19;25;17;10;14;20;0;0;0;0;0;0;0;0;0;23
4145;116741;118076;111030;121382;47405;40225;110267;111342;100072;103582;113604;106917;114453;116709;112792;102588;100013;118371;107880;101065;60994;111343;112589;0;0;0;0;0;0;0;0;0;1;14;16;7;17;8;19;10;21;15;11;13;2;5;12;3;23;6;18;4;22;9;20;0;0;0;0;0;0;0;0;0;23
4146;9309;114600;100999;9214;100382;60379;38932;46673;109958;57222;100183;100205;110434;114321;40572;117816;110292;42485;45289;119802;111830;32457;121320;0;0;0;0;0;0;0;0;0;13;16;3;2;23;10;7;15;12;9;22;1;31;5;8;14;11;19;6;28;17;4;20;0;0;0;0;0;0;0;0;0;23
4147;112534;1073782848;103258;100792;121236;100800;108726;100802;100322;34682;102985;873;102972;1073799203;63335;106994;109955;116037;113927;121219;114296;114622;111836;0;0;0;0;0;0;0;0;0;1;2;21;23;5;14;13;16;17;20;18;12;6;3;7;11;9;8;4;35;10;32;19;0;0;0;0;0;0;0;0;0;23
4180;58720;1073857540;45124;109141;118178;105081;110616;119143;45463;118528;115930;6265;121961;105124;39441;3613;112806;44743;115165;117661;117659;60522;102692;112853;1073857274;57185;114568;118633;45457;0;0;0;1;20;22;33;23;27;18;19;7;24;9;12;4;44;2;25;3;8;6;14;17;11;13;31;36;48;10;47;39;0;0;0;29
4192;44494;101736;106428;322926;117043;100538;106441;114900;101197;54759;36017;118204;101739;117970;121336;118242;120362;369276;106430;114867;110825;308272;120384;0;0;0;0;0;0;0;0;0;1;2;5;3;10;7;19;16;24;15;20;12;4;28;17;8;21;9;23;6;14;11;18;0;0;0;0;0;0;0;0;0;23
4194;106411;112966;103119;101308;106421;115304;114185;121328;118731;114204;114388;109547;47068;43166;114504;117084;115934;307964;115232;43414;121244;116491;379866;0;0;0;0;0;0;0;0;0;1;3;4;5;8;14;18;26;21;10;19;13;2;6;17;22;12;7;15;16;33;20;9;0;0;0;0;0;0;0;0;0;23
4200;115800;107955;111362;46486;100974;121377;101779;110560;47430;104673;104122;60433;60902;106742;7845;113355;374492;104310;114819;103711;115541;377323;378515;0;0;0;0;0;0;0;0;0;16;15;25;2;3;8;19;10;9;22;21;1;4;23;20;14;11;13;5;6;7;17;18;0;0;0;0;0;0;0;0;0;23
4202;117837;100686;61141;102246;102143;106467;113600;113359;115838;100962;47135;106444;106452;112393;60901;109245;47976;114746;106447;107813;1073857428;100746;1073853352;0;0;0;0;0;0;0;0;0;13;4;5;6;11;15;26;1;9;12;10;16;22;2;7;18;17;29;24;3;8;27;19;0;0;0;0;0;0;0;0;0;23
4210;101205;47547;44441;100760;39298;107769;44529;100951;7858;118631;39262;41901;104434;63092;34845;100981;57247;37414;104917;104255;117800;106366;101227;0;0;0;0;0;0;0;0;0;1;2;3;4;17;18;13;16;11;9;19;12;14;5;7;8;15;24;6;23;10;20;21;0;0;0;0;0;0;0;0;0;23
4211;109010;113168;7318;118566;110690;102840;109266;113513;106773;7857;122319;104880;100975;109351;118986;117358;117727;119899;117682;108110;113843;121996;114690;0;0;0;0;0;0;0;0;0;35;42;31;17;6;21;33;10;27;7;9;16;5;14;19;28;3;23;8;4;93;15;11;0;0;0;0;0;0;0;0;0;23
4213;118680;47569;119116;47158;106403;118541;118540;114929;33301;60039;112515;108982;104734;115135;108699;117074;115876;115872;106476;113294;108713;112451;114229;109138;119879;114389;43747;109569;0;0;0;0;1;6;4;16;24;21;23;80;11;10;9;12;31;15;5;8;29;7;20;17;19;40;14;36;45;26;33;30;0;0;0;0;28
4220;113344;45196;104719;114307;109907;114777;109554;45439;100425;101061;103970;100506;114618;107008;110735;4395;40677;102065;103133;114432;100479;101976;107495;109515;48069;47409;116028;47368;0;0;0;0;22;15;5;38;3;16;20;10;27;14;90;1;6;13;4;21;33;18;2;71;11;9;7;12;8;25;17;19;0;0;0;0;28
4229;104044;113125;54792;108988;118029;112782;108250;121239;46941;116721;114800;100473;42429;115390;112702;116946;119106;101107;47007;102770;41020;101910;114402;118351;101926;104667;119111;106779;118948;118420;114133;118546;1;17;25;3;6;71;26;14;5;10;45;96;15;2;33;70;18;19;32;30;77;7;9;28;4;95;20;21;8;36;56;29;32
4230;114536;102578;60503;54663;113928;63539;100650;63593;55430;101918;103034;113793;106683;113820;110331;121984;100493;113664;116453;116478;121297;308265;116663;0;0;0;0;0;0;0;0;0;1;13;2;3;6;8;7;14;16;5;11;22;4;15;10;31;9;19;25;12;17;18;20;0;0;0;0;0;0;0;0;0;23
4232;100103;6645;38369;111860;6671;37136;100329;34774;100289;63321;111857;63451;60858;109478;38587;107916;112461;46233;110300;114705;63441;103126;100487;0;0;0;0;0;0;0;0;0;22;4;5;6;8;14;17;7;3;20;18;1;2;15;10;13;21;9;16;19;11;26;12;0;0;0;0;0;0;0;0;0;23
4234;119861;117131;114222;113941;114090;63386;102796;124279;100168;46862;119098;118422;102627;114217;44662;114252;117925;114760;61161;117576;319263;114671;111157;63306;110824;118548;118125;101979;114896;63496;0;0;91;3;30;20;79;14;27;40;17;10;9;22;25;2;90;71;16;15;34;24;7;11;89;12;5;74;70;96;73;4;0;0;30
4240;43093;119096;104649;102311;40923;112459;117598;63106;100014;113310;60494;60560;116960;116659;117580;104460;114360;100259;115105;114670;111010;102369;115111;113926;114654;63244;118376;100092;113166;114282;0;0;98;5;33;4;55;29;7;3;23;10;37;1;47;2;26;72;14;36;21;11;17;32;8;22;13;44;24;19;73;16;0;0;30
4244;45292;118199;103001;104161;115146;109252;112725;113311;109253;103816;112034;8557;110097;108646;118320;118929;111256;102677;109262;120315;59590;60563;116135;110337;117600;119848;118331;39509;108430;103694;112580;0;1;3;60;44;90;32;19;7;10;28;47;20;4;2;6;24;14;26;27;22;16;17;9;43;5;21;8;80;11;70;46;0;31
4252;36873;104415;60874;111883;116567;376648;102020;116936;109994;101131;111448;111879;110000;116941;101450;106777;113622;111054;119150;109998;112793;114489;116566;0;0;0;0;0;0;0;0;0;1;14;5;24;8;17;10;3;20;9;7;12;16;2;21;18;11;19;4;15;6;23;13;0;0;0;0;0;0;0;0;0;23
4260;61145;60875;60980;116143;116688;47183;117780;115015;110653;105174;121238;114833;120343;47943;120298;118970;101418;110346;117402;100873;45055;61149;108812;117054;111423;113602;40160;0;0;0;0;0;13;4;12;22;15;10;5;20;11;6;9;1;23;2;21;3;16;8;7;17;19;14;18;30;28;32;24;0;0;0;0;0;27
4272;36878;9235;36149;38470;101129;44427;35113;113501;38815;43094;9597;103222;63165;100514;8059;378237;41079;39498;109987;63193;103614;113332;116459;0;0;0;0;0;0;0;0;0;28;4;5;6;3;2;8;13;10;12;9;1;16;18;7;20;23;11;15;14;17;27;19;0;0;0;0;0;0;0;0;0;23
4288;101834;7461;57217;114770;106946;104863;119777;102713;42517;102413;114421;106586;44859;112247;103478;115090;34962;118106;114420;116435;115072;118132;115956;0;0;0;0;0;0;0;0;0;1;27;2;3;14;7;8;9;10;11;20;13;22;6;17;18;4;21;33;12;5;32;19;0;0;0;0;0;0;0;0;0;23
4298;100371;59465;112996;63166;45436;106922;109972;114701;112533;112545;102335;108373;100664;37359;1073778741;108491;118172;116699;116092;117910;113632;116102;116104;0;0;0;0;0;0;0;0;0;1;20;18;2;3;7;24;8;22;11;9;12;4;5;10;13;19;6;16;15;23;14;17;0;0;0;0;0;0;0;0;0;23
4302;100295;44639;114491;60990;113657;100015;120347;100020;47131;114318;58832;110440;100375;100376;46665;111431;117717;103867;108684;116573;115011;112603;115036;0;0;0;0;0;0;0;0;0;1;13;2;24;5;25;10;6;7;11;9;26;21;3;8;14;34;18;4;12;15;17;19;0;0;0;0;0;0;0;0;0;23
4308;47669;117995;100040;100363;100004;100694;103242;60879;1073782200;44426;118518;102071;110315;107434;63666;114288;100206;109108;116457;121218;114751;110756;118642;0;0;0;0;0;0;0;0;0;1;22;4;2;3;15;8;9;7;23;16;13;27;12;18;17;21;20;6;32;10;14;28;0;0;0;0;0;0;0;0;0;23
4314;102005;109976;100003;114289;118625;100018;46832;107318;114945;100654;112608;103857;101940;31045;107512;114505;106897;102649;102470;115081;111332;100611;117996;0;0;0;0;0;0;0;0;0;13;4;5;15;8;10;7;14;19;9;33;25;2;20;17;18;11;21;3;6;22;1;12;0;0;0;0;0;0;0;0;0;23
4320;104650;106488;63319;109264;114239;60529;118253;110958;108516;103473;114863;121192;112854;117933;58843;109504;117668;118121;117723;111289;118516;101493;117520;9226;112898;111831;118488;45592;0;0;0;0;1;15;24;21;8;10;26;3;20;23;18;13;4;22;5;7;6;17;30;33;19;16;9;25;34;2;28;14;0;0;0;0;28
4321;59369;47938;63483;58095;55898;60600;59409;110478;59166;55704;59406;113429;59432;105511;59361;105563;116146;43990;115374;117713;306512;108879;115900;0;0;0;0;0;0;0;0;0;10;23;6;3;2;7;17;14;4;22;9;12;18;29;5;30;21;11;15;16;8;19;20;0;0;0;0;0;0;0;0;0;23
4323;30433;118052;44480;109323;110606;101686;102337;44085;116052;61047;111072;44151;56238;58082;63196;377441;115920;115089;105243;106539;118212;377442;121977;0;0;0;0;0;0;0;0;0;13;6;23;28;2;8;17;7;10;9;24;1;3;4;21;14;11;19;12;20;5;18;22;0;0;0;0;0;0;0;0;0;23
4910;110987;108774;60691;102791;60247;105179;105182;108760;105180;102604;109936;116593;63260;110972;61113;116590;60368;111108;117965;116596;63725;102617;118710;0;0;0;0;0;0;0;0;0;1;10;2;4;17;8;11;14;32;22;20;12;3;5;7;19;6;21;13;15;9;18;29;0;0;0;0;0;0;0;0;0;23
4923;114407;120367;118219;115337;103127;53795;111853;118198;1073857389;4376;46910;116456;1073806695;1073806737;1073853347;118971;40604;45057;54114;1073853544;1073853330;1073857246;102864;0;0;0;0;0;0;0;0;0;13;11;5;23;4;8;21;7;14;1;9;22;6;15;10;17;2;3;12;16;18;19;20;0;0;0;0;0;0;0;0;0;23
4929;102639;54742;100356;103489;101977;111953;4059;110649;110301;33806;100231;33804;37169;113776;102647;100419;101898;116480;117439;102848;102762;116443;116426;0;0;0;0;0;0;0;0;0;1;2;3;9;5;8;6;7;20;10;11;12;23;15;26;25;19;21;13;4;14;17;18;0;0;0;0;0;0;0;0;0;23
4971;0;0;0;0;0;0;0;0;0;0;0;0;0;0;0;0;0;0;0;0;0;0;0;0;0;0;0;0;0;0;0;0;0;0;0;0;0;0;0;0;0;0;0;0;0;0;0;0;0;0;0;0;0;0;0;0;0;0;0;0;0;0;0;0;0
4996;114635;41166;60352;102307;116586;60659;43192;115362;105146;61152;41553;102231;61399;60020;113565;118990;118580;114152;115539;121399;117574;118991;117712;0;0;0;0;0;0;0;0;0;1;16;3;2;5;14;11;8;9;15;7;12;4;6;34;29;20;18;13;31;21;33;10;0;0;0;0;0;0;0;0;0;23
4999;63530;48122;121338;60715;61039;60267;47844;105340;117595;45583;60053;111320;60045;60825;113510;110539;114145;118249;115654;117607;113036;117757;113034;0;0;0;0;0;0;0;0;0;1;21;16;13;3;2;10;7;14;8;11;12;4;5;20;26;18;9;22;6;15;32;19;0;0;0;0;0;0;0;0;0;23
5010;109393;116649;1073857339;1073847906;101236;59782;107929;100383;42048;107402;108984;100133;103498;116647;1073800648;1073853535;121217;103442;47222;115132;119821;119100;114075;38531;61095;118962;121221;60915;0;0;0;0;26;4;23;17;22;13;6;21;11;7;28;1;3;16;39;35;8;20;14;10;30;40;9;25;2;37;47;27;0;0;0;0;28
5016;102269;107678;63054;101622;118598;107869;263702;109359;100151;107959;114000;113574;117708;112859;101785;44817;40211;114556;117616;1073806778;112417;118445;300066;6500;114694;101780;102949;104377;8846;0;0;0;19;24;4;27;3;6;8;18;10;5;14;25;2;26;22;20;16;38;29;7;17;11;23;13;30;21;28;49;9;0;0;0;29
5046;61116;59354;116501;58290;60035;109211;121339;111967;105298;113995;108884;60823;60167;56097;110597;58072;114478;323104;54394;117452;104837;105379;115183;60278;118699;0;0;0;0;0;0;0;22;6;20;44;8;5;7;3;18;37;16;1;4;13;45;23;12;21;26;30;24;11;49;46;36;0;0;0;0;0;0;0;25
5060;102389;45392;108497;37518;106541;111263;43441;377191;113769;109425;113918;38192;120342;60036;57966;35199;46021;58858;115841;102403;110904;46327;115873;118569;108075;115799;118479;107031;108817;116462;111449;115989;18;16;4;34;29;7;20;15;21;32;9;1;2;23;12;35;6;22;30;17;8;11;64;37;56;3;51;5;65;25;57;27;32
5100;115866;101143;113871;103961;107002;120292;115867;115875;100937;44454;58007;119119;40315;121207;115868;115874;104383;113553;112843;115870;110938;118432;108976;0;0;0;0;0;0;0;0;0;1;2;3;5;4;22;10;6;23;16;13;20;12;26;14;7;9;15;18;17;8;19;11;0;0;0;0;0;0;0;0;0;23
5129;0;0;0;0;0;0;0;0;0;0;0;0;0;0;0;0;0;0;0;0;0;0;0;0;0;0;0;0;0;0;0;0;0;0;0;0;0;0;0;0;0;0;0;0;0;0;0;0;0;0;0;0;0;0;0;0;0;0;0;0;0;0;0;0;0
5189;121342;115077;117428;118020;43129;116058;42448;116059;116060;54358;110656;117430;117423;121343;107926;39164;109534;116061;117431;108913;117422;34832;120313;0;0;0;0;0;0;0;0;0;35;20;2;4;7;14;8;9;1;10;22;31;25;33;26;18;6;21;12;3;5;19;23;0;0;0;0;0;0;0;0;0;23
65682;1073757690;1073758169;1073758647;1073803157;1073758171;1073857219;55167;1073758172;1073757345;1073758449;1073803081;1073758410;1073757098;1073780807;1073780823;1073850309;1073847812;54915;1073857489;1073850293;55444;1073758539;1073803145;0;0;0;0;0;0;0;0;0;29;3;5;15;27;10;6;8;25;7;18;1;22;16;13;36;9;17;20;2;19;14;11;0;0;0;0;0;0;0;0;0;23
65683;1073745168;1073757136;1073756915;55153;52953;1073757900;1073757699;1073847804;1073803085;55159;1073756827;1073850312;1073745125;1073745173;1073758323;1073757853;1073758167;1073752847;60179;1073847803;105129;1073780853;1073857221;0;0;0;0;0;0;0;0;0;25;3;46;2;12;7;16;10;24;15;30;28;14;4;18;13;6;20;5;8;17;1;11;0;0;0;0;0;0;0;0;0;23
65693;1073758193;1073752883;1073758660;1073757333;1073758225;1073741896;1073847802;1073847807;1073758694;1073803089;1073757276;117368;55158;106224;1073757007;1073758276;108420;108719;1073853341;61173;1073853342;1073847808;1073857491;0;0;0;0;0;0;0;0;0;19;5;3;14;4;7;1;36;23;39;20;12;2;6;25;24;10;11;32;8;13;37;9;0;0;0;0;0;0;0;0;0;23
65699;1073780847;1073745215;101404;1073757621;1073780789;1073758196;1073758407;55160;52965;1073756899;1073757359;1073780788;1073780820;1073857481;1073857482;114781;1073757844;1073756853;116650;117405;1073857487;1073756859;1073857485;0;0;0;0;0;0;0;0;0;1;4;3;6;2;19;8;10;15;41;14;24;17;7;13;18;11;9;5;12;26;25;20;0;0;0;0;0;0;0;0;0;23
65813;1073779409;1073853561;1073857223;1073847822;1073857242;1073847861;1073857239;1073853596;1073853598;41073;378438;113735;1073857230;1073857233;1073853593;115094;54954;1073847866;115527;1073857300;1073857241;115009;1073847684;0;0;0;0;0;0;0;0;0;13;6;1;2;3;32;7;17;22;20;11;25;15;5;8;10;19;12;14;88;9;18;4;0;0;0;0;0;0;0;0;0;23
65818;1073853402;1073758077;1073847823;1073779424;1073801726;1073805396;1073853405;1073805395;1073800243;54923;57635;115170;1073805031;1073758183;118411;1073847820;39188;1073847863;1073857254;1073853406;1073853410;1073800370;1073857279;0;0;0;0;0;0;0;0;0;1;3;4;17;7;16;6;13;11;10;20;12;88;2;8;23;19;9;33;15;35;14;18;0;0;0;0;0;0;0;0;0;23
65842;294043;1073853451;1073853345;54909;320590;1073785257;1073801724;1073857429;1073853351;1073853350;1073800276;1073758104;367078;326011;1073800279;1073853354;57912;1073853348;54896;1073781646;1073800271;1073752393;1073853346;0;0;0;0;0;0;0;0;0;1;39;18;14;2;8;7;16;11;13;40;30;3;4;24;12;9;33;22;5;6;19;15;0;0;0;0;0;0;0;0;0;23
65846;1073773723;1073801725;1073806601;54898;1073800355;1073801796;1073746625;295699;1073806600;54905;54906;1073853344;1073844525;1073853452;1073853417;1073847702;1073781647;373399;122014;1073805699;368031;115053;1073850332;0;0;0;0;0;0;0;0;0;19;6;3;2;21;35;10;7;8;23;18;1;5;15;4;25;20;9;14;17;11;16;22;0;0;0;0;0;0;0;0;0;23
66871;1073798930;1073800698;1073758008;55069;1073800702;1073802227;110255;58636;1073800799;1073775865;369416;1073800703;1073775646;1073806786;322123;1073847937;118557;1073758004;1073849283;1073857449;1073857467;116000;1073850375;0;0;0;0;0;0;0;0;0;17;5;19;2;15;13;6;12;3;18;9;22;21;4;7;43;10;11;31;30;8;20;52;0;0;0;0;0;0;0;0;0;23
66882;1073800782;1073800781;64878;1073800775;1073857574;32806;1073800777;1073857571;1073857575;1073800776;44226;1073777451;1073801727;1073806680;1073800789;1073857554;1073779374;1073800779;55007;1073806679;1073806708;1073857553;1073857557;0;0;0;0;0;0;0;0;0;30;5;3;21;17;6;31;26;16;11;10;1;25;29;19;8;23;18;12;7;20;2;4;0;0;0;0;0;0;0;0;0;23
66885;113441;114178;1073801679;55040;32532;54434;61192;1073847892;113729;1073849133;121334;1073773661;51507;55039;1073800690;1073847902;55042;1073800687;1073800819;1073800649;56128;55034;1073847893;109869;55868;299610;0;0;0;0;0;0;18;16;25;10;6;14;20;11;12;5;38;1;2;3;23;77;7;4;8;47;21;9;19;13;17;15;0;0;0;0;0;0;26
67025;57133;102757;321262;56189;111252;104204;109375;293776;46951;107256;118042;293981;319234;116637;1073857342;319239;1073857343;54066;54251;293360;56124;1073787895;116428;56149;57621;56237;56191;56161;0;0;0;0;37;3;87;2;19;8;22;28;38;7;11;33;78;4;88;24;6;18;70;27;72;29;75;17;35;73;77;93;0;0;0;0;28
67112;1073800849;1073857499;1073857501;1073849385;54959;1073857498;1073857495;1073857494;61455;54994;1073853339;1073747731;1073857504;1073857506;1073857492;1073806661;54966;1073805724;1073857497;1073853331;1073857543;1073847763;1073857546;0;0;0;0;0;0;0;0;0;22;5;33;4;3;18;1;88;6;21;9;12;30;99;28;8;20;11;24;10;14;17;19;0;0;0;0;0;0;0;0;0;23
67277;1073758129;1073853463;1073800307;1073857291;1073853465;1073847953;65276;1073800296;1073857288;1073847951;55105;55096;1073853484;1073857267;1073857296;1073798938;58324;1073849219;1073806823;1073847949;1073857290;1073857293;1073847945;0;0;0;0;0;0;0;0;0;25;2;15;3;21;6;14;8;33;1;10;5;4;7;16;22;11;9;20;29;23;97;17;0;0;0;0;0;0;0;0;0;23
67440;1073757995;60991;55089;1073775645;55080;59787;1073787929;278329;319249;1073844760;1073853549;1073857433;278323;1073758003;319253;1073844659;101120;1073857448;1073781704;1073775648;1073800741;367097;1073757998;0;0;0;0;0;0;0;0;0;1;20;2;5;15;23;21;7;8;9;50;56;3;4;10;12;16;11;44;18;6;14;77;0;0;0;0;0;0;0;0;0;23
67817;1073857508;1073853326;1073853324;1073857510;1073853321;103103;1073757966;1073853333;103441;1073846761;378213;54987;1073857530;1073857531;1073806662;1073853329;1073853338;1073857493;1073853322;1073857500;302956;1073857507;1073853336;0;0;0;0;0;0;0;0;0;22;4;5;35;19;15;8;23;16;1;3;12;2;11;7;6;30;9;20;10;17;70;31;0;0;0;0;0;0;0;0;0;23
68090;1073847673;115553;1073847666;1073847671;1073847661;115558;1073857399;1073847691;1073847674;1073857395;54886;114343;1073847667;1073847679;103090;1073857396;64749;54885;114656;1073857402;1073857397;1073853521;1073857393;0;0;0;0;0;0;0;0;0;21;2;13;19;5;8;10;14;15;3;17;1;4;6;7;29;9;11;12;46;16;33;18;0;0;0;0;0;0;0;0;0;23
68103;1073800855;1073800864;1073847887;1073800865;1073805027;1073801800;57126;1073857551;116940;1073800835;1073805124;1073853437;1073806673;1073857550;1073847882;1073800861;1073800857;1073853441;117896;54996;1073857556;1073857552;1073857549;0;0;0;0;0;0;0;0;0;1;4;5;16;39;6;14;15;7;2;20;18;3;10;8;12;9;11;22;13;17;35;19;0;0;0;0;0;0;0;0;0;23
68112;1073857323;1073800811;1073778000;1073806727;1073800944;65320;1073857332;1073857328;1073801687;61137;55979;1073775977;1073849819;1073805359;1073857322;117514;1073800716;1073800714;1073857324;1073857317;1073806720;367134;1073857321;0;0;0;0;0;0;0;0;0;12;23;66;32;24;6;18;30;25;17;11;1;89;2;16;7;26;15;33;8;10;9;99;0;0;0;0;0;0;0;0;0;23
68116;1073800696;55028;1073847889;1073800708;61206;1073800920;1073847908;1073857301;1073857310;51510;1073806747;1073857306;1073857309;1073857302;369567;374330;1073800932;34647;113085;1073857305;1073857312;1073857331;378415;0;0;0;0;0;0;0;0;0;1;2;4;3;15;14;80;18;49;11;19;23;5;17;7;8;9;21;12;16;6;10;13;0;0;0;0;0;0;0;0;0;23
68123;54797;1073853482;1073847955;1073857259;1073846816;1073798937;1073847968;1073847972;1073847957;303983;369529;54102;1073849946;1073857286;1073853486;1073857261;1073847959;60798;1073857265;1073800311;1073857263;1073857262;117797;0;0;0;0;0;0;0;0;0;13;1;5;3;28;33;4;29;15;6;9;25;44;7;11;10;2;17;77;8;22;82;18;0;0;0;0;0;0;0;0;0;23
68179;1073782615;1073853970;1073857512;1073805280;322122;374293;1073857520;1073857515;1073798923;299958;1073779638;367135;1073801802;319244;1073857513;1073846813;308268;320639;1073846810;1073857514;1073800319;1073846814;1073857522;0;0;0;0;0;0;0;0;0;1;25;26;19;2;7;13;16;18;8;15;12;3;4;34;6;10;9;5;14;11;22;31;0;0;0;0;0;0;0;0;0;23
69630;272448;1073853448;1073857422;1073853446;1073853449;1073853450;1073857424;54911;320608;54914;111255;1073853445;1073847730;1073853447;118574;319184;54913;1073853454;1073800280;1073853457;1073857423;40776;1073853453;0;0;0;0;0;0;0;0;0;1;27;13;23;4;5;17;6;7;9;11;22;2;28;8;10;21;20;3;18;19;24;15;0;0;0;0;0;0;0;0;0;23
69649;1073853558;52950;54877;1073857404;112351;1073857408;1073846757;1073847690;1073847677;121337;1073857413;1073806580;54888;1073857398;1073857410;1073847663;1073806584;1073857409;57463;1073857406;1073857405;1073857414;1073806561;0;0;0;0;0;0;0;0;0;20;14;18;12;3;19;24;15;6;9;4;1;2;7;42;8;16;23;13;26;21;10;5;0;0;0;0;0;0;0;0;0;23
69710;1073778137;54938;1073758224;1073805692;1073805695;1073805394;1073853599;104766;1073847868;305210;16079;1073857270;1073781010;1073780786;1073805702;1073857273;1073853395;1073857276;1073857281;1073857229;319209;319225;118658;0;0;0;0;0;0;0;0;0;1;2;3;22;8;5;18;21;7;6;23;31;27;25;20;16;10;11;33;4;14;17;19;0;0;0;0;0;0;0;0;0;23
69712;278315;1073781705;278328;1073806794;121325;121352;1073798935;1073758009;1073798929;292612;1073806799;1073757997;319248;1073798928;114148;1073798933;1073857437;117647;1073798934;1073857442;1073857445;1073849290;1073850054;0;0;0;0;0;0;0;0;0;1;5;3;57;14;15;88;7;13;9;92;12;2;26;6;4;11;18;62;19;82;17;97;0;0;0;0;0;0;0;0;0;23
70487;1073803523;1073778583;1073857559;1073857560;1073787714;1073806642;110944;1073847790;1073806667;1073847774;40770;1073857567;1073857539;1073857561;1073846762;1073847748;54985;1073847787;117535;1073857547;1073806637;1073857562;1073857568;0;0;0;0;0;0;0;0;0;1;4;15;17;13;66;6;88;10;2;11;12;3;18;27;77;19;70;8;14;7;25;9;0;0;0;0;0;0;0;0;0;23
70489;319250;321018;302025;319254;1073857452;1073857459;1073857456;1073857454;1073857463;1073772292;1073849408;1073857450;1073800744;1073800706;1073857461;321124;308271;1073853966;55067;55087;1073857453;1073853546;1073806808;0;0;0;0;0;0;0;0;0;1;2;3;4;16;6;36;77;30;10;24;18;5;15;7;8;9;42;12;13;20;14;11;0;0;0;0;0;0;0;0;0;23
70668;1073847659;1073857377;1073857373;54890;1073857383;1073857382;1073857380;104933;114547;1073857386;41156;63905;1073857376;114063;1073857384;1073857387;1073801406;1073857412;54887;1073857388;1073857378;1073857390;1073857385;0;0;0;0;0;0;0;0;0;1;4;23;15;19;18;14;8;9;17;10;12;2;3;22;24;92;7;25;5;6;27;13;0;0;0;0;0;0;0;0;0;23
70669;100528;114926;1073857587;117458;1073857577;1073857583;1073857596;1073857590;1073857589;1073857588;58043;1073857582;1073857592;1073857594;1073857597;118937;1073857598;1073857578;1073857579;1073857581;1073857591;1073857580;1073857584;0;0;0;0;0;0;0;0;0;1;4;21;5;6;8;29;7;17;24;9;12;14;2;18;10;23;22;13;28;3;19;11;0;0;0;0;0;0;0;0;0;23
70670;115093;1073857524;1073781594;118152;1073857533;1073857544;59480;60384;1073857542;1073857527;1073853334;1073847764;1073857545;1073857525;1073857538;1073857529;1073853340;1073857541;1073857526;1073857534;1073853328;1073853332;1073853337;0;0;0;0;0;0;0;0;0;1;3;4;15;5;6;10;14;17;11;18;12;34;28;22;23;9;70;26;24;7;8;2;0;0;0;0;0;0;0;0;0;23
70671;1073853590;117462;1073758043;1073800371;1073857231;1073857235;1073803237;1073754285;1073857238;1073754203;109532;54927;1073754288;104111;1073758030;1073857240;1073857243;1073857299;1073801756;1073857248;1073857250;1073806777;115650;0;0;0;0;0;0;0;0;0;12;5;2;37;23;13;7;1;14;6;17;22;20;3;8;44;9;11;4;40;30;18;19;0;0;0;0;0;0;0;0;0;23
