2026-10-04 01:10:26 | INFO | Inicio de generacion. Proyecto=D:\Agustín\Webs\Base-de-datos; salida=D:\Agustín\Webs\Base-de-datos; version=v2.
2026-10-04 01:10:26 | INFO | Traducciones oficiales PES 2018 actualizadas: D:\Agustín\Webs\Base-de-datos\js\pes2018-translations.js.
2026-10-04 01:10:27 | INFO | CSV cargado: All players exported.csv (16392 filas, 113 columnas).
2026-10-04 01:10:27 | INFO | CSV cargado: All teams exported.csv (510 filas, 58 columnas).
2026-10-04 01:10:27 | INFO | CSV cargado: All squads exported.csv (510 filas, 66 columnas).
2026-10-04 01:10:27 | INFO | CSV cargado: All leagues exported.csv (21 filas, 3 columnas).
2026-10-04 01:10:27 | INFO | CSV cargado: All appeaarances exported.csv (16392 filas, 132 columnas).
2026-10-04 01:10:28 | INFO | CSV cargado: All formations exported.csv (510 filas, 414 columnas).
2026-10-04 01:10:28 | INFO | CSV cargado: All coachs exported.csv (688 filas, 10 columnas).
2026-10-04 01:10:28 | WARNING | CSV opcional inexistente: All uniforms exported.csv
2026-10-04 01:10:28 | WARNING | Hay 4654 jugadores que no pertenecen a ningun plantel exportado; no existe una URL de equipo fiable y no se generan paginas para ellos.
2026-10-04 01:10:31 | INFO | Indice del Builder sin cambios: D:\Agustín\Webs\Base-de-datos\database\builder-player-index.json.
2026-10-04 01:10:31 | WARNING | Imagen inexistente: img/teams/1.webp (se usara default.webp).
2026-10-04 01:10:31 | WARNING | Imagen inexistente: img/teams/2.webp (se usara default.webp).
2026-10-04 01:10:31 | WARNING | Imagen inexistente: img/teams/4.webp (se usara default.webp).
2026-10-04 01:10:31 | WARNING | Imagen inexistente: img/teams/15.webp (se usara default.webp).
2026-10-04 01:10:31 | WARNING | Imagen inexistente: img/teams/19.webp (se usara default.webp).
2026-10-04 01:10:31 | WARNING | Imagen inexistente: img/teams/20.webp (se usara default.webp).
2026-10-04 01:10:31 | WARNING | Imagen inexistente: img/teams/22.webp (se usara default.webp).
2026-10-04 01:10:31 | WARNING | Imagen inexistente: img/teams/23.webp (se usara default.webp).
2026-10-04 01:10:31 | WARNING | Imagen inexistente: img/teams/26.webp (se usara default.webp).
2026-10-04 01:10:31 | WARNING | Imagen inexistente: img/teams/27.webp (se usara default.webp).
2026-10-04 01:10:31 | WARNING | Imagen inexistente: img/teams/28.webp (se usara default.webp).
2026-10-04 01:10:31 | WARNING | Imagen inexistente: img/teams/30.webp (se usara default.webp).
2026-10-04 01:10:31 | WARNING | Imagen inexistente: img/teams/31.webp (se usara default.webp).
2026-10-04 01:10:31 | WARNING | Imagen inexistente: img/teams/35.webp (se usara default.webp).
2026-10-04 01:10:31 | WARNING | Imagen inexistente: img/teams/36.webp (se usara default.webp).
2026-10-04 01:10:31 | WARNING | Imagen inexistente: img/teams/41.webp (se usara default.webp).
2026-10-04 01:10:31 | WARNING | Imagen inexistente: img/teams/42.webp (se usara default.webp).
2026-10-04 01:10:31 | WARNING | Imagen inexistente: img/teams/43.webp (se usara default.webp).
2026-10-04 01:10:31 | WARNING | Imagen inexistente: img/teams/54.webp (se usara default.webp).
2026-10-04 01:10:31 | WARNING | Imagen inexistente: img/teams/115.webp (se usara default.webp).
2026-10-04 01:10:31 | WARNING | Imagen inexistente: img/teams/117.webp (se usara default.webp).
2026-10-04 01:10:31 | WARNING | Imagen inexistente: img/teams/118.webp (se usara default.webp).
2026-10-04 01:10:31 | WARNING | Imagen inexistente: img/teams/130.webp (se usara default.webp).
2026-10-04 01:10:31 | WARNING | Imagen inexistente: img/teams/133.webp (se usara default.webp).
2026-10-04 01:10:31 | WARNING | Imagen inexistente: img/teams/134.webp (se usara default.webp).
2026-10-04 01:10:31 | WARNING | Imagen inexistente: img/teams/135.webp (se usara default.webp).
2026-10-04 01:10:31 | WARNING | Imagen inexistente: img/teams/174.webp (se usara default.webp).
2026-10-04 01:10:31 | WARNING | Imagen inexistente: img/teams/187.webp (se usara default.webp).
2026-10-04 01:10:31 | WARNING | Imagen inexistente: img/teams/188.webp (se usara default.webp).
2026-10-04 01:10:31 | WARNING | Imagen inexistente: img/teams/191.webp (se usara default.webp).
2026-10-04 01:10:31 | WARNING | Imagen inexistente: img/teams/192.webp (se usara default.webp).
2026-10-04 01:10:31 | WARNING | Imagen inexistente: img/teams/193.webp (se usara default.webp).
2026-10-04 01:10:31 | WARNING | Imagen inexistente: img/teams/197.webp (se usara default.webp).
2026-10-04 01:10:31 | WARNING | Imagen inexistente: img/teams/198.webp (se usara default.webp).
2026-10-04 01:10:31 | WARNING | Imagen inexistente: img/teams/199.webp (se usara default.webp).
2026-10-04 01:10:31 | WARNING | Imagen inexistente: img/teams/200.webp (se usara default.webp).
2026-10-04 01:10:31 | WARNING | Imagen inexistente: img/teams/201.webp (se usara default.webp).
2026-10-04 01:10:31 | WARNING | Imagen inexistente: img/teams/202.webp (se usara default.webp).
2026-10-04 01:10:31 | WARNING | Imagen inexistente: img/teams/204.webp (se usara default.webp).
2026-10-04 01:10:31 | WARNING | Imagen inexistente: img/teams/205.webp (se usara default.webp).
2026-10-04 01:10:31 | WARNING | Imagen inexistente: img/teams/207.webp (se usara default.webp).
2026-10-04 01:10:31 | WARNING | Imagen inexistente: img/teams/209.webp (se usara default.webp).
2026-10-04 01:10:31 | WARNING | Imagen inexistente: img/teams/210.webp (se usara default.webp).
2026-10-04 01:10:31 | WARNING | Imagen inexistente: img/teams/211.webp (se usara default.webp).
2026-10-04 01:10:31 | WARNING | Imagen inexistente: img/teams/215.webp (se usara default.webp).
2026-10-04 01:10:31 | WARNING | Imagen inexistente: img/teams/219.webp (se usara default.webp).
2026-10-04 01:10:31 | WARNING | Imagen inexistente: img/teams/235.webp (se usara default.webp).
2026-10-04 01:10:31 | WARNING | Imagen inexistente: img/teams/238.webp (se usara default.webp).
2026-10-04 01:10:31 | WARNING | Imagen inexistente: img/teams/240.webp (se usara default.webp).
2026-10-04 01:10:31 | WARNING | Imagen inexistente: img/teams/242.webp (se usara default.webp).
2026-10-04 01:10:31 | WARNING | Imagen inexistente: img/teams/243.webp (se usara default.webp).
2026-10-04 01:10:31 | WARNING | Imagen inexistente: img/teams/244.webp (se usara default.webp).
2026-10-04 01:10:31 | WARNING | Imagen inexistente: img/teams/245.webp (se usara default.webp).
2026-10-04 01:10:31 | WARNING | Imagen inexistente: img/teams/246.webp (se usara default.webp).
2026-10-04 01:10:31 | WARNING | Imagen inexistente: img/teams/248.webp (se usara default.webp).
2026-10-04 01:10:31 | WARNING | Imagen inexistente: img/teams/250.webp (se usara default.webp).
2026-10-04 01:10:31 | WARNING | Imagen inexistente: img/teams/251.webp (se usara default.webp).
2026-10-04 01:10:31 | WARNING | Imagen inexistente: img/teams/252.webp (se usara default.webp).
2026-10-04 01:10:31 | WARNING | Imagen inexistente: img/teams/255.webp (se usara default.webp).
2026-10-04 01:10:31 | WARNING | Imagen inexistente: img/teams/256.webp (se usara default.webp).
2026-10-04 01:10:31 | WARNING | Imagen inexistente: img/teams/266.webp (se usara default.webp).
2026-10-04 01:10:31 | WARNING | Imagen inexistente: img/teams/268.webp (se usara default.webp).
2026-10-04 01:10:31 | WARNING | Imagen inexistente: img/teams/269.webp (se usara default.webp).
2026-10-04 01:10:31 | WARNING | Imagen inexistente: img/teams/270.webp (se usara default.webp).
2026-10-04 01:10:31 | WARNING | Imagen inexistente: img/teams/273.webp (se usara default.webp).
2026-10-04 01:10:31 | WARNING | Imagen inexistente: img/teams/319.webp (se usara default.webp).
2026-10-04 01:10:31 | WARNING | Imagen inexistente: img/teams/328.webp (se usara default.webp).
2026-10-04 01:10:31 | WARNING | Imagen inexistente: img/teams/331.webp (se usara default.webp).
2026-10-04 01:10:31 | WARNING | Imagen inexistente: img/teams/344.webp (se usara default.webp).
2026-10-04 01:10:31 | WARNING | Imagen inexistente: img/teams/349.webp (se usara default.webp).
2026-10-04 01:10:31 | WARNING | Imagen inexistente: img/teams/351.webp (se usara default.webp).
2026-10-04 01:10:31 | WARNING | Imagen inexistente: img/teams/355.webp (se usara default.webp).
2026-10-04 01:10:31 | WARNING | Imagen inexistente: img/teams/357.webp (se usara default.webp).
2026-10-04 01:10:31 | WARNING | Imagen inexistente: img/teams/359.webp (se usara default.webp).
2026-10-04 01:10:31 | WARNING | Imagen inexistente: img/teams/363.webp (se usara default.webp).
2026-10-04 01:10:31 | WARNING | Imagen inexistente: img/teams/364.webp (se usara default.webp).
2026-10-04 01:10:31 | WARNING | Imagen inexistente: img/teams/368.webp (se usara default.webp).
2026-10-04 01:10:31 | WARNING | Imagen inexistente: img/teams/379.webp (se usara default.webp).
2026-10-04 01:10:31 | WARNING | Imagen inexistente: img/teams/383.webp (se usara default.webp).
2026-10-04 01:10:31 | WARNING | Imagen inexistente: img/teams/387.webp (se usara default.webp).
2026-10-04 01:10:31 | WARNING | Imagen inexistente: img/teams/388.webp (se usara default.webp).
2026-10-04 01:10:31 | WARNING | Imagen inexistente: img/teams/391.webp (se usara default.webp).
2026-10-04 01:10:31 | WARNING | Imagen inexistente: img/teams/394.webp (se usara default.webp).
2026-10-04 01:10:31 | WARNING | Imagen inexistente: img/teams/395.webp (se usara default.webp).
2026-10-04 01:10:31 | WARNING | Imagen inexistente: img/teams/398.webp (se usara default.webp).
2026-10-04 01:10:31 | WARNING | Imagen inexistente: img/teams/399.webp (se usara default.webp).
2026-10-04 01:10:31 | WARNING | Imagen inexistente: img/teams/405.webp (se usara default.webp).
2026-10-04 01:10:31 | WARNING | Imagen inexistente: img/teams/406.webp (se usara default.webp).
2026-10-04 01:10:31 | WARNING | Imagen inexistente: img/teams/407.webp (se usara default.webp).
2026-10-04 01:10:31 | WARNING | Imagen inexistente: img/teams/415.webp (se usara default.webp).
2026-10-04 01:10:31 | WARNING | Imagen inexistente: img/teams/416.webp (se usara default.webp).
2026-10-04 01:10:31 | WARNING | Imagen inexistente: img/teams/418.webp (se usara default.webp).
2026-10-04 01:10:31 | WARNING | Imagen inexistente: img/teams/1012.webp (se usara default.webp).
2026-10-04 01:10:31 | WARNING | Imagen inexistente: img/teams/1013.webp (se usara default.webp).
2026-10-04 01:10:31 | WARNING | Imagen inexistente: img/teams/1015.webp (se usara default.webp).
2026-10-04 01:10:31 | WARNING | Imagen inexistente: img/teams/1022.webp (se usara default.webp).
2026-10-04 01:10:31 | WARNING | Imagen inexistente: img/teams/1031.webp (se usara default.webp).
2026-10-04 01:10:31 | WARNING | Imagen inexistente: img/teams/1032.webp (se usara default.webp).
2026-10-04 01:10:31 | WARNING | Imagen inexistente: img/teams/1044.webp (se usara default.webp).
2026-10-04 01:10:31 | WARNING | Imagen inexistente: img/teams/1059.webp (se usara default.webp).
2026-10-04 01:10:31 | WARNING | Imagen inexistente: img/teams/1067.webp (se usara default.webp).
2026-10-04 01:10:31 | WARNING | Imagen inexistente: img/teams/1083.webp (se usara default.webp).
2026-10-04 01:10:31 | WARNING | Imagen inexistente: img/teams/1164.webp (se usara default.webp).
2026-10-04 01:10:31 | WARNING | Imagen inexistente: img/teams/1165.webp (se usara default.webp).
2026-10-04 01:10:31 | WARNING | Imagen inexistente: img/teams/1175.webp (se usara default.webp).
2026-10-04 01:10:31 | WARNING | Imagen inexistente: img/teams/1196.webp (se usara default.webp).
2026-10-04 01:10:31 | WARNING | Imagen inexistente: img/teams/1203.webp (se usara default.webp).
2026-10-04 01:10:31 | WARNING | Imagen inexistente: img/teams/1207.webp (se usara default.webp).
2026-10-04 01:10:31 | WARNING | Imagen inexistente: img/teams/1212.webp (se usara default.webp).
2026-10-04 01:10:31 | WARNING | Imagen inexistente: img/teams/1216.webp (se usara default.webp).
2026-10-04 01:10:31 | WARNING | Imagen inexistente: img/teams/1217.webp (se usara default.webp).
2026-10-04 01:10:31 | WARNING | Imagen inexistente: img/teams/1218.webp (se usara default.webp).
2026-10-04 01:10:31 | WARNING | Imagen inexistente: img/teams/1232.webp (se usara default.webp).
2026-10-04 01:10:31 | WARNING | Imagen inexistente: img/teams/1327.webp (se usara default.webp).
2026-10-04 01:10:31 | WARNING | Imagen inexistente: img/teams/1328.webp (se usara default.webp).
2026-10-04 01:10:31 | WARNING | Imagen inexistente: img/teams/1330.webp (se usara default.webp).
2026-10-04 01:10:31 | WARNING | Imagen inexistente: img/teams/1362.webp (se usara default.webp).
2026-10-04 01:10:31 | WARNING | Imagen inexistente: img/teams/1363.webp (se usara default.webp).
2026-10-04 01:10:31 | WARNING | Imagen inexistente: img/teams/1386.webp (se usara default.webp).
2026-10-04 01:10:31 | WARNING | Imagen inexistente: img/teams/1528.webp (se usara default.webp).
2026-10-04 01:10:31 | WARNING | Imagen inexistente: img/teams/1550.webp (se usara default.webp).
2026-10-04 01:10:31 | WARNING | Imagen inexistente: img/teams/1588.webp (se usara default.webp).
2026-10-04 01:10:31 | WARNING | Imagen inexistente: img/teams/1600.webp (se usara default.webp).
2026-10-04 01:10:31 | WARNING | Imagen inexistente: img/teams/1602.webp (se usara default.webp).
2026-10-04 01:10:31 | WARNING | Imagen inexistente: img/teams/1702.webp (se usara default.webp).
2026-10-04 01:10:31 | WARNING | Imagen inexistente: img/teams/1706.webp (se usara default.webp).
2026-10-04 01:10:31 | WARNING | Imagen inexistente: img/teams/1760.webp (se usara default.webp).
2026-10-04 01:10:31 | WARNING | Imagen inexistente: img/teams/1765.webp (se usara default.webp).
2026-10-04 01:10:31 | WARNING | Imagen inexistente: img/teams/1804.webp (se usara default.webp).
2026-10-04 01:10:31 | WARNING | Imagen inexistente: img/teams/1909.webp (se usara default.webp).
2026-10-04 01:10:31 | WARNING | Imagen inexistente: img/teams/1910.webp (se usara default.webp).
2026-10-04 01:10:31 | WARNING | Imagen inexistente: img/teams/1920.webp (se usara default.webp).
2026-10-04 01:10:31 | WARNING | Imagen inexistente: img/teams/1921.webp (se usara default.webp).
2026-10-04 01:10:31 | WARNING | Imagen inexistente: img/teams/1923.webp (se usara default.webp).
2026-10-04 01:10:31 | WARNING | Imagen inexistente: img/teams/1950.webp (se usara default.webp).
2026-10-04 01:10:31 | WARNING | Imagen inexistente: img/teams/1973.webp (se usara default.webp).
2026-10-04 01:10:31 | WARNING | Imagen inexistente: img/teams/1974.webp (se usara default.webp).
2026-10-04 01:10:31 | WARNING | Imagen inexistente: img/teams/1976.webp (se usara default.webp).
2026-10-04 01:10:31 | WARNING | Imagen inexistente: img/teams/1978.webp (se usara default.webp).
2026-10-04 01:10:31 | WARNING | Imagen inexistente: img/teams/1979.webp (se usara default.webp).
2026-10-04 01:10:31 | WARNING | Imagen inexistente: img/teams/1981.webp (se usara default.webp).
2026-10-04 01:10:31 | WARNING | Imagen inexistente: img/teams/2192.webp (se usara default.webp).
2026-10-04 01:10:31 | WARNING | Imagen inexistente: img/teams/2208.webp (se usara default.webp).
2026-10-04 01:10:31 | WARNING | Imagen inexistente: img/teams/2350.webp (se usara default.webp).
2026-10-04 01:10:31 | WARNING | Imagen inexistente: img/teams/2353.webp (se usara default.webp).
2026-10-04 01:10:31 | WARNING | Imagen inexistente: img/teams/2356.webp (se usara default.webp).
2026-10-04 01:10:31 | WARNING | Imagen inexistente: img/teams/2357.webp (se usara default.webp).
2026-10-04 01:10:31 | WARNING | Imagen inexistente: img/teams/2360.webp (se usara default.webp).
2026-10-04 01:10:31 | WARNING | Imagen inexistente: img/teams/2369.webp (se usara default.webp).
2026-10-04 01:10:31 | WARNING | Imagen inexistente: img/teams/2382.webp (se usara default.webp).
2026-10-04 01:10:31 | WARNING | Imagen inexistente: img/teams/2383.webp (se usara default.webp).
2026-10-04 01:10:31 | WARNING | Imagen inexistente: img/teams/2385.webp (se usara default.webp).
2026-10-04 01:10:31 | WARNING | Imagen inexistente: img/teams/2388.webp (se usara default.webp).
2026-10-04 01:10:31 | WARNING | Imagen inexistente: img/teams/2393.webp (se usara default.webp).
2026-10-04 01:10:31 | WARNING | Imagen inexistente: img/teams/2398.webp (se usara default.webp).
2026-10-04 01:10:31 | WARNING | Imagen inexistente: img/teams/2399.webp (se usara default.webp).
2026-10-04 01:10:31 | WARNING | Imagen inexistente: img/teams/2400.webp (se usara default.webp).
2026-10-04 01:10:31 | WARNING | Imagen inexistente: img/teams/2401.webp (se usara default.webp).
2026-10-04 01:10:31 | WARNING | Imagen inexistente: img/teams/2402.webp (se usara default.webp).
2026-10-04 01:10:31 | WARNING | Imagen inexistente: img/teams/2403.webp (se usara default.webp).
2026-10-04 01:10:31 | WARNING | Imagen inexistente: img/teams/2404.webp (se usara default.webp).
2026-10-04 01:10:31 | WARNING | Imagen inexistente: img/teams/2405.webp (se usara default.webp).
2026-10-04 01:10:31 | WARNING | Imagen inexistente: img/teams/2407.webp (se usara default.webp).
2026-10-04 01:10:31 | WARNING | Imagen inexistente: img/teams/2408.webp (se usara default.webp).
2026-10-04 01:10:31 | WARNING | Imagen inexistente: img/teams/2409.webp (se usara default.webp).
2026-10-04 01:10:31 | WARNING | Imagen inexistente: img/teams/2451.webp (se usara default.webp).
2026-10-04 01:10:31 | WARNING | Imagen inexistente: img/teams/2452.webp (se usara default.webp).
2026-10-04 01:10:31 | WARNING | Imagen inexistente: img/teams/2465.webp (se usara default.webp).
2026-10-04 01:10:31 | WARNING | Imagen inexistente: img/teams/2480.webp (se usara default.webp).
2026-10-04 01:10:31 | WARNING | Imagen inexistente: img/teams/2488.webp (se usara default.webp).
2026-10-04 01:10:31 | WARNING | Imagen inexistente: img/teams/2496.webp (se usara default.webp).
2026-10-04 01:10:31 | WARNING | Imagen inexistente: img/teams/2501.webp (se usara default.webp).
2026-10-04 01:10:31 | WARNING | Imagen inexistente: img/teams/2540.webp (se usara default.webp).
2026-10-04 01:10:31 | WARNING | Imagen inexistente: img/teams/2541.webp (se usara default.webp).
2026-10-04 01:10:31 | WARNING | Imagen inexistente: img/teams/2542.webp (se usara default.webp).
2026-10-04 01:10:31 | WARNING | Imagen inexistente: img/teams/2543.webp (se usara default.webp).
2026-10-04 01:10:31 | WARNING | Imagen inexistente: img/teams/2545.webp (se usara default.webp).
2026-10-04 01:10:31 | WARNING | Imagen inexistente: img/teams/2547.webp (se usara default.webp).
2026-10-04 01:10:31 | WARNING | Imagen inexistente: img/teams/2548.webp (se usara default.webp).
2026-10-04 01:10:31 | WARNING | Imagen inexistente: img/teams/2551.webp (se usara default.webp).
2026-10-04 01:10:31 | WARNING | Imagen inexistente: img/teams/2610.webp (se usara default.webp).
2026-10-04 01:10:31 | WARNING | Imagen inexistente: img/teams/2611.webp (se usara default.webp).
2026-10-04 01:10:31 | WARNING | Imagen inexistente: img/teams/2612.webp (se usara default.webp).
2026-10-04 01:10:31 | WARNING | Imagen inexistente: img/teams/2614.webp (se usara default.webp).
2026-10-04 01:10:31 | WARNING | Imagen inexistente: img/teams/2615.webp (se usara default.webp).
2026-10-04 01:10:31 | WARNING | Imagen inexistente: img/teams/2689.webp (se usara default.webp).
2026-10-04 01:10:31 | WARNING | Imagen inexistente: img/teams/2690.webp (se usara default.webp).
2026-10-04 01:10:31 | WARNING | Imagen inexistente: img/teams/2691.webp (se usara default.webp).
2026-10-04 01:10:31 | WARNING | Imagen inexistente: img/teams/2692.webp (se usara default.webp).
2026-10-04 01:10:31 | WARNING | Imagen inexistente: img/teams/2693.webp (se usara default.webp).
2026-10-04 01:10:31 | WARNING | Imagen inexistente: img/teams/2694.webp (se usara default.webp).
2026-10-04 01:10:31 | WARNING | Imagen inexistente: img/teams/2697.webp (se usara default.webp).
2026-10-04 01:10:31 | WARNING | Imagen inexistente: img/teams/2698.webp (se usara default.webp).
2026-10-04 01:10:31 | WARNING | Imagen inexistente: img/teams/2708.webp (se usara default.webp).
2026-10-04 01:10:31 | WARNING | Imagen inexistente: img/teams/2714.webp (se usara default.webp).
2026-10-04 01:10:31 | WARNING | Imagen inexistente: img/teams/2729.webp (se usara default.webp).
2026-10-04 01:10:31 | WARNING | Imagen inexistente: img/teams/4001.webp (se usara default.webp).
2026-10-04 01:10:31 | WARNING | Imagen inexistente: img/teams/4004.webp (se usara default.webp).
2026-10-04 01:10:31 | WARNING | Imagen inexistente: img/teams/4005.webp (se usara default.webp).
2026-10-04 01:10:31 | WARNING | Imagen inexistente: img/teams/4013.webp (se usara default.webp).
2026-10-04 01:10:31 | WARNING | Imagen inexistente: img/teams/4022.webp (se usara default.webp).
2026-10-04 01:10:31 | WARNING | Imagen inexistente: img/teams/4040.webp (se usara default.webp).
2026-10-04 01:10:31 | WARNING | Imagen inexistente: img/teams/4041.webp (se usara default.webp).
2026-10-04 01:10:31 | WARNING | Imagen inexistente: img/teams/4042.webp (se usara default.webp).
2026-10-04 01:10:31 | WARNING | Imagen inexistente: img/teams/4043.webp (se usara default.webp).
2026-10-04 01:10:31 | WARNING | Imagen inexistente: img/teams/4044.webp (se usara default.webp).
2026-10-04 01:10:31 | WARNING | Imagen inexistente: img/teams/4075.webp (se usara default.webp).
2026-10-04 01:10:31 | WARNING | Imagen inexistente: img/teams/4085.webp (se usara default.webp).
2026-10-04 01:10:31 | WARNING | Imagen inexistente: img/teams/4090.webp (se usara default.webp).
2026-10-04 01:10:31 | WARNING | Imagen inexistente: img/teams/4141.webp (se usara default.webp).
2026-10-04 01:10:31 | WARNING | Imagen inexistente: img/teams/4146.webp (se usara default.webp).
2026-10-04 01:10:31 | WARNING | Imagen inexistente: img/teams/4147.webp (se usara default.webp).
2026-10-04 01:10:31 | WARNING | Imagen inexistente: img/teams/4192.webp (se usara default.webp).
2026-10-04 01:10:31 | WARNING | Imagen inexistente: img/teams/4194.webp (se usara default.webp).
2026-10-04 01:10:31 | WARNING | Imagen inexistente: img/teams/4200.webp (se usara default.webp).
2026-10-04 01:10:31 | WARNING | Imagen inexistente: img/teams/4202.webp (se usara default.webp).
2026-10-04 01:10:31 | WARNING | Imagen inexistente: img/teams/4210.webp (se usara default.webp).
2026-10-04 01:10:31 | WARNING | Imagen inexistente: img/teams/4230.webp (se usara default.webp).
2026-10-04 01:10:31 | WARNING | Imagen inexistente: img/teams/4232.webp (se usara default.webp).
2026-10-04 01:10:31 | WARNING | Imagen inexistente: img/teams/4252.webp (se usara default.webp).
2026-10-04 01:10:31 | WARNING | Imagen inexistente: img/teams/4272.webp (se usara default.webp).
2026-10-04 01:10:31 | WARNING | Imagen inexistente: img/teams/4288.webp (se usara default.webp).
2026-10-04 01:10:31 | WARNING | Imagen inexistente: img/teams/4298.webp (se usara default.webp).
2026-10-04 01:10:31 | WARNING | Imagen inexistente: img/teams/4302.webp (se usara default.webp).
2026-10-04 01:10:31 | WARNING | Imagen inexistente: img/teams/4308.webp (se usara default.webp).
2026-10-04 01:10:31 | WARNING | Imagen inexistente: img/teams/4314.webp (se usara default.webp).
2026-10-04 01:10:31 | WARNING | Imagen inexistente: img/teams/4321.webp (se usara default.webp).
2026-10-04 01:10:31 | WARNING | Imagen inexistente: img/teams/4323.webp (se usara default.webp).
2026-10-04 01:10:31 | WARNING | Imagen inexistente: img/teams/4910.webp (se usara default.webp).
2026-10-04 01:10:31 | WARNING | Imagen inexistente: img/teams/4923.webp (se usara default.webp).
2026-10-04 01:10:31 | WARNING | Imagen inexistente: img/teams/4929.webp (se usara default.webp).
2026-10-04 01:10:31 | WARNING | Imagen inexistente: img/teams/4971.webp (se usara default.webp).
2026-10-04 01:10:31 | WARNING | Imagen inexistente: img/teams/4996.webp (se usara default.webp).
2026-10-04 01:10:31 | WARNING | Imagen inexistente: img/teams/4999.webp (se usara default.webp).
2026-10-04 01:10:31 | WARNING | Imagen inexistente: img/teams/5100.webp (se usara default.webp).
2026-10-04 01:10:31 | WARNING | Imagen inexistente: img/teams/5129.webp (se usara default.webp).
2026-10-04 01:10:31 | WARNING | Imagen inexistente: img/teams/5189.webp (se usara default.webp).
2026-10-04 01:10:31 | WARNING | Imagen inexistente: img/teams/65682.webp (se usara default.webp).
2026-10-04 01:10:31 | WARNING | Imagen inexistente: img/teams/65683.webp (se usara default.webp).
2026-10-04 01:10:31 | WARNING | Imagen inexistente: img/teams/65693.webp (se usara default.webp).
2026-10-04 01:10:31 | WARNING | Imagen inexistente: img/teams/65699.webp (se usara default.webp).
2026-10-04 01:10:31 | WARNING | Imagen inexistente: img/teams/65813.webp (se usara default.webp).
2026-10-04 01:10:31 | WARNING | Imagen inexistente: img/teams/65818.webp (se usara default.webp).
2026-10-04 01:10:31 | WARNING | Imagen inexistente: img/teams/65842.webp (se usara default.webp).
2026-10-04 01:10:31 | WARNING | Imagen inexistente: img/teams/65846.webp (se usara default.webp).
2026-10-04 01:10:31 | WARNING | Imagen inexistente: img/teams/66871.webp (se usara default.webp).
2026-10-04 01:10:31 | WARNING | Imagen inexistente: img/teams/66882.webp (se usara default.webp).
2026-10-04 01:10:31 | WARNING | Imagen inexistente: img/teams/67112.webp (se usara default.webp).
2026-10-04 01:10:31 | WARNING | Imagen inexistente: img/teams/67277.webp (se usara default.webp).
2026-10-04 01:10:31 | WARNING | Imagen inexistente: img/teams/67440.webp (se usara default.webp).
2026-10-04 01:10:31 | WARNING | Imagen inexistente: img/teams/67817.webp (se usara default.webp).
2026-10-04 01:10:31 | WARNING | Imagen inexistente: img/teams/68090.webp (se usara default.webp).
2026-10-04 01:10:31 | WARNING | Imagen inexistente: img/teams/68103.webp (se usara default.webp).
2026-10-04 01:10:31 | WARNING | Imagen inexistente: img/teams/68112.webp (se usara default.webp).
2026-10-04 01:10:31 | WARNING | Imagen inexistente: img/teams/68116.webp (se usara default.webp).
2026-10-04 01:10:31 | WARNING | Imagen inexistente: img/teams/68123.webp (se usara default.webp).
2026-10-04 01:10:31 | WARNING | Imagen inexistente: img/teams/68179.webp (se usara default.webp).
2026-10-04 01:10:31 | WARNING | Imagen inexistente: img/teams/69630.webp (se usara default.webp).
2026-10-04 01:10:31 | WARNING | Imagen inexistente: img/teams/69649.webp (se usara default.webp).
2026-10-04 01:10:31 | WARNING | Imagen inexistente: img/teams/69710.webp (se usara default.webp).
2026-10-04 01:10:31 | WARNING | Imagen inexistente: img/teams/69712.webp (se usara default.webp).
2026-10-04 01:10:31 | WARNING | Imagen inexistente: img/teams/70487.webp (se usara default.webp).
2026-10-04 01:10:31 | WARNING | Imagen inexistente: img/teams/70489.webp (se usara default.webp).
2026-10-04 01:10:31 | WARNING | Imagen inexistente: img/teams/70668.webp (se usara default.webp).
2026-10-04 01:10:31 | WARNING | Imagen inexistente: img/teams/70669.webp (se usara default.webp).
2026-10-04 01:10:31 | WARNING | Imagen inexistente: img/teams/70670.webp (se usara default.webp).
2026-10-04 01:10:31 | WARNING | Imagen inexistente: img/teams/70671.webp (se usara default.webp).
2026-10-04 01:10:31 | WARNING | Imagen inexistente: img/players/450.webp (se usara default.webp).
2026-10-04 01:10:31 | WARNING | Imagen inexistente: img/players/745.webp (se usara default.webp).
2026-10-04 01:10:31 | WARNING | Imagen inexistente: img/players/830.webp (se usara default.webp).
2026-10-04 01:10:31 | WARNING | Imagen inexistente: img/players/873.webp (se usara default.webp).
2026-10-04 01:10:31 | WARNING | Imagen inexistente: img/players/1934.webp (se usara default.webp).
2026-10-04 01:10:31 | WARNING | Imagen inexistente: img/players/2634.webp (se usara default.webp).
2026-10-04 01:10:31 | WARNING | Imagen inexistente: img/players/2660.webp (se usara default.webp).
2026-10-04 01:10:31 | WARNING | Imagen inexistente: img/players/3498.webp (se usara default.webp).
2026-10-04 01:10:31 | WARNING | Imagen inexistente: img/players/3544.webp (se usara default.webp).
2026-10-04 01:10:31 | WARNING | Imagen inexistente: img/players/3581.webp (se usara default.webp).
2026-10-04 01:10:31 | WARNING | Imagen inexistente: img/players/3605.webp (se usara default.webp).
2026-10-04 01:10:31 | WARNING | Imagen inexistente: img/players/4006.webp (se usara default.webp).
2026-10-04 01:10:31 | WARNING | Imagen inexistente: img/players/4059.webp (se usara default.webp).
2026-10-04 01:10:31 | WARNING | Imagen inexistente: img/players/4178.webp (se usara default.webp).
2026-10-04 01:10:31 | WARNING | Imagen inexistente: img/players/4288.webp (se usara default.webp).
2026-10-04 01:10:31 | WARNING | Imagen inexistente: img/players/4376.webp (se usara default.webp).
2026-10-04 01:10:31 | WARNING | Imagen inexistente: img/players/4409.webp (se usara default.webp).
2026-10-04 01:10:31 | WARNING | Imagen inexistente: img/players/4541.webp (se usara default.webp).
2026-10-04 01:10:31 | WARNING | Imagen inexistente: img/players/4616.webp (se usara default.webp).
2026-10-04 01:10:31 | WARNING | Imagen inexistente: img/players/4655.webp (se usara default.webp).
2026-10-04 01:10:31 | WARNING | Imagen inexistente: img/players/4871.webp (se usara default.webp).
2026-10-04 01:10:31 | WARNING | Imagen inexistente: img/players/4898.webp (se usara default.webp).
2026-10-04 01:10:31 | WARNING | Imagen inexistente: img/players/4920.webp (se usara default.webp).
2026-10-04 01:10:31 | WARNING | Imagen inexistente: img/players/4928.webp (se usara default.webp).
2026-10-04 01:10:31 | WARNING | Imagen inexistente: img/players/5434.webp (se usara default.webp).
2026-10-04 01:10:31 | WARNING | Imagen inexistente: img/players/5451.webp (se usara default.webp).
2026-10-04 01:10:31 | WARNING | Imagen inexistente: img/players/5508.webp (se usara default.webp).
2026-10-04 01:10:31 | WARNING | Imagen inexistente: img/players/5582.webp (se usara default.webp).
2026-10-04 01:10:31 | WARNING | Imagen inexistente: img/players/5584.webp (se usara default.webp).
2026-10-04 01:10:31 | WARNING | Imagen inexistente: img/players/5593.webp (se usara default.webp).
2026-10-04 01:10:31 | WARNING | Imagen inexistente: img/players/5667.webp (se usara default.webp).
2026-10-04 01:10:31 | WARNING | Imagen inexistente: img/players/5849.webp (se usara default.webp).
2026-10-04 01:10:31 | WARNING | Imagen inexistente: img/players/6093.webp (se usara default.webp).
2026-10-04 01:10:31 | WARNING | Imagen inexistente: img/players/6150.webp (se usara default.webp).
2026-10-04 01:10:31 | WARNING | Imagen inexistente: img/players/6220.webp (se usara default.webp).
2026-10-04 01:10:31 | WARNING | Imagen inexistente: img/players/6245.webp (se usara default.webp).
2026-10-04 01:10:31 | WARNING | Imagen inexistente: img/players/6268.webp (se usara default.webp).
2026-10-04 01:10:31 | WARNING | Imagen inexistente: img/players/6327.webp (se usara default.webp).
2026-10-04 01:10:31 | WARNING | Imagen inexistente: img/players/6366.webp (se usara default.webp).
2026-10-04 01:10:31 | WARNING | Imagen inexistente: img/players/6645.webp (se usara default.webp).
2026-10-04 01:10:31 | WARNING | Imagen inexistente: img/players/6671.webp (se usara default.webp).
2026-10-04 01:10:31 | WARNING | Imagen inexistente: img/players/6701.webp (se usara default.webp).
2026-10-04 01:10:31 | WARNING | Imagen inexistente: img/players/6715.webp (se usara default.webp).
2026-10-04 01:10:31 | WARNING | Imagen inexistente: img/players/6976.webp (se usara default.webp).
2026-10-04 01:10:31 | WARNING | Imagen inexistente: img/players/7170.webp (se usara default.webp).
2026-10-04 01:10:31 | WARNING | Imagen inexistente: img/players/7199.webp (se usara default.webp).
2026-10-04 01:10:31 | WARNING | Imagen inexistente: img/players/7357.webp (se usara default.webp).
2026-10-04 01:10:31 | WARNING | Imagen inexistente: img/players/7434.webp (se usara default.webp).
2026-10-04 01:10:31 | WARNING | Imagen inexistente: img/players/7461.webp (se usara default.webp).
2026-10-04 01:10:31 | WARNING | Imagen inexistente: img/players/7697.webp (se usara default.webp).
2026-10-04 01:10:31 | WARNING | Imagen inexistente: img/players/7704.webp (se usara default.webp).
2026-10-04 01:10:31 | WARNING | Imagen inexistente: img/players/7714.webp (se usara default.webp).
2026-10-04 01:10:31 | WARNING | Imagen inexistente: img/players/7750.webp (se usara default.webp).
2026-10-04 01:10:31 | WARNING | Imagen inexistente: img/players/7764.webp (se usara default.webp).
2026-10-04 01:10:31 | WARNING | Imagen inexistente: img/players/7771.webp (se usara default.webp).
2026-10-04 01:10:31 | WARNING | Imagen inexistente: img/players/7840.webp (se usara default.webp).
2026-10-04 01:10:31 | WARNING | Imagen inexistente: img/players/7845.webp (se usara default.webp).
2026-10-04 01:10:31 | WARNING | Imagen inexistente: img/players/7858.webp (se usara default.webp).
2026-10-04 01:10:31 | WARNING | Imagen inexistente: img/players/7860.webp (se usara default.webp).
2026-10-04 01:10:31 | WARNING | Imagen inexistente: img/players/7877.webp (se usara default.webp).
2026-10-04 01:10:31 | WARNING | Imagen inexistente: img/players/7927.webp (se usara default.webp).
2026-10-04 01:10:31 | WARNING | Imagen inexistente: img/players/7941.webp (se usara default.webp).
2026-10-04 01:10:31 | WARNING | Imagen inexistente: img/players/7946.webp (se usara default.webp).
2026-10-04 01:10:31 | WARNING | Imagen inexistente: img/players/8006.webp (se usara default.webp).
2026-10-04 01:10:31 | WARNING | Imagen inexistente: img/players/8059.webp (se usara default.webp).
2026-10-04 01:10:31 | WARNING | Imagen inexistente: img/players/8066.webp (se usara default.webp).
2026-10-04 01:10:31 | WARNING | Imagen inexistente: img/players/8302.webp (se usara default.webp).
2026-10-04 01:10:31 | WARNING | Imagen inexistente: img/players/8408.webp (se usara default.webp).
2026-10-04 01:10:31 | WARNING | Imagen inexistente: img/players/8572.webp (se usara default.webp).
2026-10-04 01:10:31 | WARNING | Imagen inexistente: img/players/8677.webp (se usara default.webp).
2026-10-04 01:10:31 | WARNING | Imagen inexistente: img/players/8725.webp (se usara default.webp).
2026-10-04 01:10:31 | WARNING | Imagen inexistente: img/players/8760.webp (se usara default.webp).
2026-10-04 01:10:31 | WARNING | Imagen inexistente: img/players/8817.webp (se usara default.webp).
2026-10-04 01:10:31 | WARNING | Imagen inexistente: img/players/9001.webp (se usara default.webp).
2026-10-04 01:10:31 | WARNING | Imagen inexistente: img/players/9028.webp (se usara default.webp).
2026-10-04 01:10:31 | WARNING | Imagen inexistente: img/players/9039.webp (se usara default.webp).
2026-10-04 01:10:31 | WARNING | Imagen inexistente: img/players/9042.webp (se usara default.webp).
2026-10-04 01:10:31 | WARNING | Imagen inexistente: img/players/9047.webp (se usara default.webp).
2026-10-04 01:10:31 | WARNING | Imagen inexistente: img/players/9069.webp (se usara default.webp).
2026-10-04 01:10:31 | WARNING | Imagen inexistente: img/players/9155.webp (se usara default.webp).
2026-10-04 01:10:31 | WARNING | Imagen inexistente: img/players/9167.webp (se usara default.webp).
2026-10-04 01:10:31 | WARNING | Imagen inexistente: img/players/9214.webp (se usara default.webp).
2026-10-04 01:10:31 | WARNING | Imagen inexistente: img/players/9235.webp (se usara default.webp).
2026-10-04 01:10:31 | WARNING | Imagen inexistente: img/players/9277.webp (se usara default.webp).
2026-10-04 01:10:31 | WARNING | Imagen inexistente: img/players/9284.webp (se usara default.webp).
2026-10-04 01:10:31 | WARNING | Imagen inexistente: img/players/9286.webp (se usara default.webp).
2026-10-04 01:10:31 | WARNING | Imagen inexistente: img/players/9309.webp (se usara default.webp).
2026-10-04 01:10:31 | WARNING | Imagen inexistente: img/players/9312.webp (se usara default.webp).
2026-10-04 01:10:31 | WARNING | Imagen inexistente: img/players/9428.webp (se usara default.webp).
2026-10-04 01:10:31 | WARNING | Imagen inexistente: img/players/9447.webp (se usara default.webp).
2026-10-04 01:10:31 | WARNING | Imagen inexistente: img/players/9541.webp (se usara default.webp).
2026-10-04 01:10:31 | WARNING | Imagen inexistente: img/players/9564.webp (se usara default.webp).
2026-10-04 01:10:31 | WARNING | Imagen inexistente: img/players/9584.webp (se usara default.webp).
2026-10-04 01:10:31 | WARNING | Imagen inexistente: img/players/9585.webp (se usara default.webp).
2026-10-04 01:10:31 | WARNING | Imagen inexistente: img/players/9597.webp (se usara default.webp).
2026-10-04 01:10:31 | WARNING | Imagen inexistente: img/players/16079.webp (se usara default.webp).
2026-10-04 01:10:31 | WARNING | Imagen inexistente: img/players/30010.webp (se usara default.webp).
2026-10-04 01:10:31 | WARNING | Imagen inexistente: img/players/30044.webp (se usara default.webp).
2026-10-04 01:10:31 | WARNING | Imagen inexistente: img/players/30051.webp (se usara default.webp).
2026-10-04 01:10:31 | WARNING | Imagen inexistente: img/players/30072.webp (se usara default.webp).
2026-10-04 01:10:31 | WARNING | Imagen inexistente: img/players/30196.webp (se usara default.webp).
2026-10-04 01:10:31 | WARNING | Imagen inexistente: img/players/30202.webp (se usara default.webp).
2026-10-04 01:10:31 | WARNING | Imagen inexistente: img/players/30324.webp (se usara default.webp).
2026-10-04 01:10:31 | WARNING | Imagen inexistente: img/players/30346.webp (se usara default.webp).
2026-10-04 01:10:31 | WARNING | Imagen inexistente: img/players/30433.webp (se usara default.webp).
2026-10-04 01:10:31 | WARNING | Imagen inexistente: img/players/30560.webp (se usara default.webp).
2026-10-04 01:10:31 | WARNING | Imagen inexistente: img/players/31043.webp (se usara default.webp).
2026-10-04 01:10:31 | WARNING | Imagen inexistente: img/players/31045.webp (se usara default.webp).
2026-10-04 01:10:31 | WARNING | Imagen inexistente: img/players/31060.webp (se usara default.webp).
2026-10-04 01:10:31 | WARNING | Imagen inexistente: img/players/31325.webp (se usara default.webp).
2026-10-04 01:10:31 | WARNING | Imagen inexistente: img/players/31460.webp (se usara default.webp).
2026-10-04 01:10:31 | WARNING | Imagen inexistente: img/players/31463.webp (se usara default.webp).
2026-10-04 01:10:31 | WARNING | Imagen inexistente: img/players/31486.webp (se usara default.webp).
2026-10-04 01:10:31 | WARNING | Imagen inexistente: img/players/32008.webp (se usara default.webp).
2026-10-04 01:10:31 | WARNING | Imagen inexistente: img/players/32038.webp (se usara default.webp).
2026-10-04 01:10:31 | WARNING | Imagen inexistente: img/players/32047.webp (se usara default.webp).
2026-10-04 01:10:31 | WARNING | Imagen inexistente: img/players/32069.webp (se usara default.webp).
2026-10-04 01:10:31 | WARNING | Imagen inexistente: img/players/32135.webp (se usara default.webp).
2026-10-04 01:10:31 | WARNING | Imagen inexistente: img/players/32139.webp (se usara default.webp).
2026-10-04 01:10:31 | WARNING | Imagen inexistente: img/players/32160.webp (se usara default.webp).
2026-10-04 01:10:31 | WARNING | Imagen inexistente: img/players/32192.webp (se usara default.webp).
2026-10-04 01:10:31 | WARNING | Imagen inexistente: img/players/32205.webp (se usara default.webp).
2026-10-04 01:10:31 | WARNING | Imagen inexistente: img/players/32212.webp (se usara default.webp).
2026-10-04 01:10:31 | WARNING | Imagen inexistente: img/players/32299.webp (se usara default.webp).
2026-10-04 01:10:31 | WARNING | Imagen inexistente: img/players/32396.webp (se usara default.webp).
2026-10-04 01:10:31 | WARNING | Imagen inexistente: img/players/32457.webp (se usara default.webp).
2026-10-04 01:10:31 | WARNING | Imagen inexistente: img/players/32464.webp (se usara default.webp).
2026-10-04 01:10:31 | WARNING | Imagen inexistente: img/players/32532.webp (se usara default.webp).
2026-10-04 01:10:31 | WARNING | Imagen inexistente: img/players/32559.webp (se usara default.webp).
2026-10-04 01:10:31 | WARNING | Imagen inexistente: img/players/32595.webp (se usara default.webp).
2026-10-04 01:10:31 | WARNING | Imagen inexistente: img/players/32598.webp (se usara default.webp).
2026-10-04 01:10:31 | WARNING | Imagen inexistente: img/players/32618.webp (se usara default.webp).
2026-10-04 01:10:31 | WARNING | Imagen inexistente: img/players/32668.webp (se usara default.webp).
2026-10-04 01:10:31 | WARNING | Imagen inexistente: img/players/32773.webp (se usara default.webp).
2026-10-04 01:10:31 | WARNING | Imagen inexistente: img/players/32793.webp (se usara default.webp).
2026-10-04 01:10:31 | WARNING | Imagen inexistente: img/players/32806.webp (se usara default.webp).
2026-10-04 01:10:31 | WARNING | Imagen inexistente: img/players/32827.webp (se usara default.webp).
2026-10-04 01:10:31 | WARNING | Imagen inexistente: img/players/32828.webp (se usara default.webp).
2026-10-04 01:10:31 | WARNING | Imagen inexistente: img/players/33110.webp (se usara default.webp).
2026-10-04 01:10:31 | WARNING | Imagen inexistente: img/players/33134.webp (se usara default.webp).
2026-10-04 01:10:31 | WARNING | Imagen inexistente: img/players/33150.webp (se usara default.webp).
2026-10-04 01:10:31 | WARNING | Imagen inexistente: img/players/33159.webp (se usara default.webp).
2026-10-04 01:10:31 | WARNING | Imagen inexistente: img/players/33205.webp (se usara default.webp).
2026-10-04 01:10:31 | WARNING | Imagen inexistente: img/players/33292.webp (se usara default.webp).
2026-10-04 01:10:31 | WARNING | Imagen inexistente: img/players/33317.webp (se usara default.webp).
2026-10-04 01:10:31 | WARNING | Imagen inexistente: img/players/33461.webp (se usara default.webp).
2026-10-04 01:10:31 | WARNING | Imagen inexistente: img/players/33477.webp (se usara default.webp).
2026-10-04 01:10:31 | WARNING | Imagen inexistente: img/players/33491.webp (se usara default.webp).
2026-10-04 01:10:31 | WARNING | Imagen inexistente: img/players/33610.webp (se usara default.webp).
2026-10-04 01:10:31 | WARNING | Imagen inexistente: img/players/33675.webp (se usara default.webp).
2026-10-04 01:10:31 | WARNING | Imagen inexistente: img/players/33684.webp (se usara default.webp).
2026-10-04 01:10:31 | WARNING | Imagen inexistente: img/players/33706.webp (se usara default.webp).
2026-10-04 01:10:31 | WARNING | Imagen inexistente: img/players/33740.webp (se usara default.webp).
2026-10-04 01:10:31 | WARNING | Imagen inexistente: img/players/33799.webp (se usara default.webp).
2026-10-04 01:10:31 | WARNING | Imagen inexistente: img/players/33804.webp (se usara default.webp).
2026-10-04 01:10:31 | WARNING | Imagen inexistente: img/players/33806.webp (se usara default.webp).
2026-10-04 01:10:31 | WARNING | Imagen inexistente: img/players/33812.webp (se usara default.webp).
2026-10-04 01:10:31 | WARNING | Imagen inexistente: img/players/33920.webp (se usara default.webp).
2026-10-04 01:10:31 | WARNING | Imagen inexistente: img/players/34004.webp (se usara default.webp).
2026-10-04 01:10:31 | WARNING | Imagen inexistente: img/players/34104.webp (se usara default.webp).
2026-10-04 01:10:31 | WARNING | Imagen inexistente: img/players/34112.webp (se usara default.webp).
2026-10-04 01:10:31 | WARNING | Imagen inexistente: img/players/34128.webp (se usara default.webp).
2026-10-04 01:10:31 | WARNING | Imagen inexistente: img/players/34431.webp (se usara default.webp).
2026-10-04 01:10:31 | WARNING | Imagen inexistente: img/players/34435.webp (se usara default.webp).
2026-10-04 01:10:31 | WARNING | Imagen inexistente: img/players/34461.webp (se usara default.webp).
2026-10-04 01:10:31 | WARNING | Imagen inexistente: img/players/34487.webp (se usara default.webp).
2026-10-04 01:10:31 | WARNING | Imagen inexistente: img/players/34488.webp (se usara default.webp).
2026-10-04 01:10:31 | WARNING | Imagen inexistente: img/players/34494.webp (se usara default.webp).
2026-10-04 01:10:31 | WARNING | Imagen inexistente: img/players/34503.webp (se usara default.webp).
2026-10-04 01:10:31 | WARNING | Imagen inexistente: img/players/34536.webp (se usara default.webp).
2026-10-04 01:10:31 | WARNING | Imagen inexistente: img/players/34537.webp (se usara default.webp).
2026-10-04 01:10:31 | WARNING | Imagen inexistente: img/players/34626.webp (se usara default.webp).
2026-10-04 01:10:31 | WARNING | Imagen inexistente: img/players/34647.webp (se usara default.webp).
2026-10-04 01:10:31 | WARNING | Imagen inexistente: img/players/34680.webp (se usara default.webp).
2026-10-04 01:10:31 | WARNING | Imagen inexistente: img/players/34682.webp (se usara default.webp).
2026-10-04 01:10:31 | WARNING | Imagen inexistente: img/players/34774.webp (se usara default.webp).
2026-10-04 01:10:31 | WARNING | Imagen inexistente: img/players/34820.webp (se usara default.webp).
2026-10-04 01:10:31 | WARNING | Imagen inexistente: img/players/34825.webp (se usara default.webp).
2026-10-04 01:10:31 | WARNING | Imagen inexistente: img/players/34832.webp (se usara default.webp).
2026-10-04 01:10:31 | WARNING | Imagen inexistente: img/players/34843.webp (se usara default.webp).
2026-10-04 01:10:31 | WARNING | Imagen inexistente: img/players/34845.webp (se usara default.webp).
2026-10-04 01:10:31 | WARNING | Imagen inexistente: img/players/34849.webp (se usara default.webp).
2026-10-04 01:10:31 | WARNING | Imagen inexistente: img/players/34869.webp (se usara default.webp).
2026-10-04 01:10:31 | WARNING | Imagen inexistente: img/players/34876.webp (se usara default.webp).
2026-10-04 01:10:31 | WARNING | Imagen inexistente: img/players/34892.webp (se usara default.webp).
2026-10-04 01:10:31 | WARNING | Imagen inexistente: img/players/34893.webp (se usara default.webp).
2026-10-04 01:10:31 | WARNING | Imagen inexistente: img/players/34896.webp (se usara default.webp).
2026-10-04 01:10:31 | WARNING | Imagen inexistente: img/players/34938.webp (se usara default.webp).
2026-10-04 01:10:31 | WARNING | Imagen inexistente: img/players/34962.webp (se usara default.webp).
2026-10-04 01:10:31 | WARNING | Imagen inexistente: img/players/34975.webp (se usara default.webp).
2026-10-04 01:10:31 | WARNING | Imagen inexistente: img/players/35006.webp (se usara default.webp).
2026-10-04 01:10:31 | WARNING | Imagen inexistente: img/players/35060.webp (se usara default.webp).
2026-10-04 01:10:31 | WARNING | Imagen inexistente: img/players/35071.webp (se usara default.webp).
2026-10-04 01:10:31 | WARNING | Imagen inexistente: img/players/35099.webp (se usara default.webp).
2026-10-04 01:10:31 | WARNING | Imagen inexistente: img/players/35104.webp (se usara default.webp).
2026-10-04 01:10:31 | WARNING | Imagen inexistente: img/players/35113.webp (se usara default.webp).
2026-10-04 01:10:31 | WARNING | Imagen inexistente: img/players/35120.webp (se usara default.webp).
2026-10-04 01:10:31 | WARNING | Imagen inexistente: img/players/35126.webp (se usara default.webp).
2026-10-04 01:10:31 | WARNING | Imagen inexistente: img/players/35142.webp (se usara default.webp).
2026-10-04 01:10:31 | WARNING | Imagen inexistente: img/players/35143.webp (se usara default.webp).
2026-10-04 01:10:31 | WARNING | Imagen inexistente: img/players/35232.webp (se usara default.webp).
2026-10-04 01:10:31 | WARNING | Imagen inexistente: img/players/35249.webp (se usara default.webp).
2026-10-04 01:10:31 | WARNING | Imagen inexistente: img/players/35281.webp (se usara default.webp).
2026-10-04 01:10:31 | WARNING | Imagen inexistente: img/players/35326.webp (se usara default.webp).
2026-10-04 01:10:31 | WARNING | Imagen inexistente: img/players/35400.webp (se usara default.webp).
2026-10-04 01:10:31 | WARNING | Imagen inexistente: img/players/35434.webp (se usara default.webp).
2026-10-04 01:10:31 | WARNING | Imagen inexistente: img/players/35435.webp (se usara default.webp).
2026-10-04 01:10:31 | WARNING | Imagen inexistente: img/players/35483.webp (se usara default.webp).
2026-10-04 01:10:31 | WARNING | Imagen inexistente: img/players/35496.webp (se usara default.webp).
2026-10-04 01:10:31 | WARNING | Imagen inexistente: img/players/35498.webp (se usara default.webp).
2026-10-04 01:10:31 | WARNING | Imagen inexistente: img/players/35500.webp (se usara default.webp).
2026-10-04 01:10:31 | WARNING | Imagen inexistente: img/players/35504.webp (se usara default.webp).
2026-10-04 01:10:31 | WARNING | Imagen inexistente: img/players/35505.webp (se usara default.webp).
2026-10-04 01:10:31 | WARNING | Imagen inexistente: img/players/35508.webp (se usara default.webp).
2026-10-04 01:10:31 | WARNING | Imagen inexistente: img/players/35514.webp (se usara default.webp).
2026-10-04 01:10:31 | WARNING | Imagen inexistente: img/players/35518.webp (se usara default.webp).
2026-10-04 01:10:31 | WARNING | Imagen inexistente: img/players/35535.webp (se usara default.webp).
2026-10-04 01:10:31 | WARNING | Imagen inexistente: img/players/36017.webp (se usara default.webp).
2026-10-04 01:10:31 | WARNING | Imagen inexistente: img/players/36149.webp (se usara default.webp).
2026-10-04 01:10:31 | WARNING | Imagen inexistente: img/players/36213.webp (se usara default.webp).
2026-10-04 01:10:31 | WARNING | Imagen inexistente: img/players/36309.webp (se usara default.webp).
2026-10-04 01:10:31 | WARNING | Imagen inexistente: img/players/36343.webp (se usara default.webp).
2026-10-04 01:10:31 | WARNING | Imagen inexistente: img/players/36358.webp (se usara default.webp).
2026-10-04 01:10:31 | WARNING | Imagen inexistente: img/players/36434.webp (se usara default.webp).
2026-10-04 01:10:31 | WARNING | Imagen inexistente: img/players/36435.webp (se usara default.webp).
2026-10-04 01:10:31 | WARNING | Imagen inexistente: img/players/36659.webp (se usara default.webp).
2026-10-04 01:10:31 | WARNING | Imagen inexistente: img/players/36667.webp (se usara default.webp).
2026-10-04 01:10:31 | WARNING | Imagen inexistente: img/players/36795.webp (se usara default.webp).
2026-10-04 01:10:31 | WARNING | Imagen inexistente: img/players/36797.webp (se usara default.webp).
2026-10-04 01:10:31 | WARNING | Imagen inexistente: img/players/36807.webp (se usara default.webp).
2026-10-04 01:10:31 | WARNING | Imagen inexistente: img/players/36832.webp (se usara default.webp).
2026-10-04 01:10:31 | WARNING | Imagen inexistente: img/players/36857.webp (se usara default.webp).
2026-10-04 01:10:31 | WARNING | Imagen inexistente: img/players/36865.webp (se usara default.webp).
2026-10-04 01:10:31 | WARNING | Imagen inexistente: img/players/36873.webp (se usara default.webp).
2026-10-04 01:10:31 | WARNING | Imagen inexistente: img/players/36893.webp (se usara default.webp).
2026-10-04 01:10:31 | WARNING | Imagen inexistente: img/players/36895.webp (se usara default.webp).
2026-10-04 01:10:31 | WARNING | Imagen inexistente: img/players/36896.webp (se usara default.webp).
2026-10-04 01:10:31 | WARNING | Imagen inexistente: img/players/36938.webp (se usara default.webp).
2026-10-04 01:10:31 | WARNING | Imagen inexistente: img/players/36944.webp (se usara default.webp).
2026-10-04 01:10:31 | WARNING | Imagen inexistente: img/players/36962.webp (se usara default.webp).
2026-10-04 01:10:31 | WARNING | Imagen inexistente: img/players/36988.webp (se usara default.webp).
2026-10-04 01:10:31 | WARNING | Imagen inexistente: img/players/37015.webp (se usara default.webp).
2026-10-04 01:10:31 | WARNING | Imagen inexistente: img/players/37016.webp (se usara default.webp).
2026-10-04 01:10:31 | WARNING | Imagen inexistente: img/players/37018.webp (se usara default.webp).
2026-10-04 01:10:31 | WARNING | Imagen inexistente: img/players/37031.webp (se usara default.webp).
2026-10-04 01:10:31 | WARNING | Imagen inexistente: img/players/37047.webp (se usara default.webp).
2026-10-04 01:10:31 | WARNING | Imagen inexistente: img/players/37054.webp (se usara default.webp).
2026-10-04 01:10:31 | WARNING | Imagen inexistente: img/players/37066.webp (se usara default.webp).
2026-10-04 01:10:31 | WARNING | Imagen inexistente: img/players/37070.webp (se usara default.webp).
2026-10-04 01:10:31 | WARNING | Imagen inexistente: img/players/37132.webp (se usara default.webp).
2026-10-04 01:10:31 | WARNING | Imagen inexistente: img/players/37136.webp (se usara default.webp).
2026-10-04 01:10:31 | WARNING | Imagen inexistente: img/players/37153.webp (se usara default.webp).
2026-10-04 01:10:31 | WARNING | Imagen inexistente: img/players/37169.webp (se usara default.webp).
2026-10-04 01:10:31 | WARNING | Imagen inexistente: img/players/37174.webp (se usara default.webp).
2026-10-04 01:10:31 | WARNING | Imagen inexistente: img/players/37268.webp (se usara default.webp).
2026-10-04 01:10:31 | WARNING | Imagen inexistente: img/players/37271.webp (se usara default.webp).
2026-10-04 01:10:31 | WARNING | Imagen inexistente: img/players/37284.webp (se usara default.webp).
2026-10-04 01:10:31 | WARNING | Imagen inexistente: img/players/37293.webp (se usara default.webp).
2026-10-04 01:10:31 | WARNING | Imagen inexistente: img/players/37294.webp (se usara default.webp).
2026-10-04 01:10:31 | WARNING | Imagen inexistente: img/players/37299.webp (se usara default.webp).
2026-10-04 01:10:31 | WARNING | Imagen inexistente: img/players/37307.webp (se usara default.webp).
2026-10-04 01:10:31 | WARNING | Imagen inexistente: img/players/37314.webp (se usara default.webp).
2026-10-04 01:10:31 | WARNING | Imagen inexistente: img/players/37343.webp (se usara default.webp).
2026-10-04 01:10:31 | WARNING | Imagen inexistente: img/players/37359.webp (se usara default.webp).
2026-10-04 01:10:31 | WARNING | Imagen inexistente: img/players/37414.webp (se usara default.webp).
2026-10-04 01:10:31 | WARNING | Imagen inexistente: img/players/37431.webp (se usara default.webp).
2026-10-04 01:10:31 | WARNING | Imagen inexistente: img/players/37436.webp (se usara default.webp).
2026-10-04 01:10:31 | WARNING | Imagen inexistente: img/players/37440.webp (se usara default.webp).
2026-10-04 01:10:31 | WARNING | Imagen inexistente: img/players/37445.webp (se usara default.webp).
2026-10-04 01:10:31 | WARNING | Imagen inexistente: img/players/37526.webp (se usara default.webp).
2026-10-04 01:10:31 | WARNING | Imagen inexistente: img/players/37601.webp (se usara default.webp).
2026-10-04 01:10:31 | WARNING | Imagen inexistente: img/players/37650.webp (se usara default.webp).
2026-10-04 01:10:31 | WARNING | Imagen inexistente: img/players/37721.webp (se usara default.webp).
2026-10-04 01:10:31 | WARNING | Imagen inexistente: img/players/37829.webp (se usara default.webp).
2026-10-04 01:10:31 | WARNING | Imagen inexistente: img/players/37830.webp (se usara default.webp).
2026-10-04 01:10:31 | WARNING | Imagen inexistente: img/players/37842.webp (se usara default.webp).
2026-10-04 01:10:31 | WARNING | Imagen inexistente: img/players/37850.webp (se usara default.webp).
2026-10-04 01:10:31 | WARNING | Imagen inexistente: img/players/37894.webp (se usara default.webp).
2026-10-04 01:10:31 | WARNING | Imagen inexistente: img/players/37907.webp (se usara default.webp).
2026-10-04 01:10:31 | WARNING | Imagen inexistente: img/players/37960.webp (se usara default.webp).
2026-10-04 01:10:31 | WARNING | Imagen inexistente: img/players/37967.webp (se usara default.webp).
2026-10-04 01:10:31 | WARNING | Imagen inexistente: img/players/37982.webp (se usara default.webp).
2026-10-04 01:10:31 | WARNING | Imagen inexistente: img/players/38030.webp (se usara default.webp).
2026-10-04 01:10:31 | WARNING | Imagen inexistente: img/players/38032.webp (se usara default.webp).
2026-10-04 01:10:31 | WARNING | Imagen inexistente: img/players/38043.webp (se usara default.webp).
2026-10-04 01:10:31 | WARNING | Imagen inexistente: img/players/38054.webp (se usara default.webp).
2026-10-04 01:10:31 | WARNING | Imagen inexistente: img/players/38066.webp (se usara default.webp).
2026-10-04 01:10:31 | WARNING | Imagen inexistente: img/players/38068.webp (se usara default.webp).
2026-10-04 01:10:31 | WARNING | Imagen inexistente: img/players/38072.webp (se usara default.webp).
2026-10-04 01:10:31 | WARNING | Imagen inexistente: img/players/38073.webp (se usara default.webp).
2026-10-04 01:10:31 | WARNING | Imagen inexistente: img/players/38082.webp (se usara default.webp).
2026-10-04 01:10:31 | WARNING | Imagen inexistente: img/players/38087.webp (se usara default.webp).
2026-10-04 01:10:31 | WARNING | Imagen inexistente: img/players/38118.webp (se usara default.webp).
2026-10-04 01:10:31 | WARNING | Imagen inexistente: img/players/38146.webp (se usara default.webp).
2026-10-04 01:10:31 | WARNING | Imagen inexistente: img/players/38152.webp (se usara default.webp).
2026-10-04 01:10:31 | WARNING | Imagen inexistente: img/players/38168.webp (se usara default.webp).
2026-10-04 01:10:31 | WARNING | Imagen inexistente: img/players/38181.webp (se usara default.webp).
2026-10-04 01:10:31 | WARNING | Imagen inexistente: img/players/38184.webp (se usara default.webp).
2026-10-04 01:10:31 | WARNING | Imagen inexistente: img/players/38187.webp (se usara default.webp).
2026-10-04 01:10:31 | WARNING | Imagen inexistente: img/players/38201.webp (se usara default.webp).
2026-10-04 01:10:31 | WARNING | Imagen inexistente: img/players/38218.webp (se usara default.webp).
2026-10-04 01:10:31 | WARNING | Imagen inexistente: img/players/38261.webp (se usara default.webp).
2026-10-04 01:10:31 | WARNING | Imagen inexistente: img/players/38287.webp (se usara default.webp).
2026-10-04 01:10:31 | WARNING | Imagen inexistente: img/players/38293.webp (se usara default.webp).
2026-10-04 01:10:31 | WARNING | Imagen inexistente: img/players/38338.webp (se usara default.webp).
2026-10-04 01:10:31 | WARNING | Imagen inexistente: img/players/38358.webp (se usara default.webp).
2026-10-04 01:10:31 | WARNING | Imagen inexistente: img/players/38362.webp (se usara default.webp).
2026-10-04 01:10:31 | WARNING | Imagen inexistente: img/players/38369.webp (se usara default.webp).
2026-10-04 01:10:31 | WARNING | Imagen inexistente: img/players/38380.webp (se usara default.webp).
2026-10-04 01:10:31 | WARNING | Imagen inexistente: img/players/38381.webp (se usara default.webp).
2026-10-04 01:10:31 | WARNING | Imagen inexistente: img/players/38387.webp (se usara default.webp).
2026-10-04 01:10:31 | WARNING | Imagen inexistente: img/players/38395.webp (se usara default.webp).
2026-10-04 01:10:31 | WARNING | Imagen inexistente: img/players/38442.webp (se usara default.webp).
2026-10-04 01:10:31 | WARNING | Imagen inexistente: img/players/38444.webp (se usara default.webp).
2026-10-04 01:10:31 | WARNING | Imagen inexistente: img/players/38448.webp (se usara default.webp).
2026-10-04 01:10:31 | WARNING | Imagen inexistente: img/players/38452.webp (se usara default.webp).
2026-10-04 01:10:31 | WARNING | Imagen inexistente: img/players/38456.webp (se usara default.webp).
2026-10-04 01:10:31 | WARNING | Imagen inexistente: img/players/38461.webp (se usara default.webp).
2026-10-04 01:10:31 | WARNING | Imagen inexistente: img/players/38462.webp (se usara default.webp).
2026-10-04 01:10:31 | WARNING | Imagen inexistente: img/players/38470.webp (se usara default.webp).
2026-10-04 01:10:31 | WARNING | Imagen inexistente: img/players/38482.webp (se usara default.webp).
2026-10-04 01:10:31 | WARNING | Imagen inexistente: img/players/38511.webp (se usara default.webp).
2026-10-04 01:10:31 | WARNING | Imagen inexistente: img/players/38536.webp (se usara default.webp).
2026-10-04 01:10:31 | WARNING | Imagen inexistente: img/players/38556.webp (se usara default.webp).
2026-10-04 01:10:31 | WARNING | Imagen inexistente: img/players/38576.webp (se usara default.webp).
2026-10-04 01:10:31 | WARNING | Imagen inexistente: img/players/38587.webp (se usara default.webp).
2026-10-04 01:10:31 | WARNING | Imagen inexistente: img/players/38618.webp (se usara default.webp).
2026-10-04 01:10:31 | WARNING | Imagen inexistente: img/players/38620.webp (se usara default.webp).
2026-10-04 01:10:31 | WARNING | Imagen inexistente: img/players/38684.webp (se usara default.webp).
2026-10-04 01:10:31 | WARNING | Imagen inexistente: img/players/38761.webp (se usara default.webp).
2026-10-04 01:10:31 | WARNING | Imagen inexistente: img/players/38780.webp (se usara default.webp).
2026-10-04 01:10:31 | WARNING | Imagen inexistente: img/players/38785.webp (se usara default.webp).
2026-10-04 01:10:31 | WARNING | Imagen inexistente: img/players/38791.webp (se usara default.webp).
2026-10-04 01:10:31 | WARNING | Imagen inexistente: img/players/38794.webp (se usara default.webp).
2026-10-04 01:10:31 | WARNING | Imagen inexistente: img/players/38806.webp (se usara default.webp).
2026-10-04 01:10:31 | WARNING | Imagen inexistente: img/players/38815.webp (se usara default.webp).
2026-10-04 01:10:31 | WARNING | Imagen inexistente: img/players/38820.webp (se usara default.webp).
2026-10-04 01:10:31 | WARNING | Imagen inexistente: img/players/38890.webp (se usara default.webp).
2026-10-04 01:10:31 | WARNING | Imagen inexistente: img/players/38932.webp (se usara default.webp).
2026-10-04 01:10:31 | WARNING | Imagen inexistente: img/players/39164.webp (se usara default.webp).
2026-10-04 01:10:31 | WARNING | Imagen inexistente: img/players/39183.webp (se usara default.webp).
2026-10-04 01:10:31 | WARNING | Imagen inexistente: img/players/39188.webp (se usara default.webp).
2026-10-04 01:10:31 | WARNING | Imagen inexistente: img/players/39194.webp (se usara default.webp).
2026-10-04 01:10:31 | WARNING | Imagen inexistente: img/players/39204.webp (se usara default.webp).
2026-10-04 01:10:31 | WARNING | Imagen inexistente: img/players/39206.webp (se usara default.webp).
2026-10-04 01:10:31 | WARNING | Imagen inexistente: img/players/39208.webp (se usara default.webp).
2026-10-04 01:10:31 | WARNING | Imagen inexistente: img/players/39217.webp (se usara default.webp).
2026-10-04 01:10:31 | WARNING | Imagen inexistente: img/players/39230.webp (se usara default.webp).
2026-10-04 01:10:31 | WARNING | Imagen inexistente: img/players/39237.webp (se usara default.webp).
2026-10-04 01:10:31 | WARNING | Imagen inexistente: img/players/39240.webp (se usara default.webp).
2026-10-04 01:10:31 | WARNING | Imagen inexistente: img/players/39245.webp (se usara default.webp).
2026-10-04 01:10:31 | WARNING | Imagen inexistente: img/players/39249.webp (se usara default.webp).
2026-10-04 01:10:31 | WARNING | Imagen inexistente: img/players/39262.webp (se usara default.webp).
2026-10-04 01:10:31 | WARNING | Imagen inexistente: img/players/39275.webp (se usara default.webp).
2026-10-04 01:10:31 | WARNING | Imagen inexistente: img/players/39287.webp (se usara default.webp).
2026-10-04 01:10:31 | WARNING | Imagen inexistente: img/players/39298.webp (se usara default.webp).
2026-10-04 01:10:31 | WARNING | Imagen inexistente: img/players/39324.webp (se usara default.webp).
2026-10-04 01:10:31 | WARNING | Imagen inexistente: img/players/39330.webp (se usara default.webp).
2026-10-04 01:10:31 | WARNING | Imagen inexistente: img/players/39332.webp (se usara default.webp).
2026-10-04 01:10:31 | WARNING | Imagen inexistente: img/players/39356.webp (se usara default.webp).
2026-10-04 01:10:31 | WARNING | Imagen inexistente: img/players/39363.webp (se usara default.webp).
2026-10-04 01:10:31 | WARNING | Imagen inexistente: img/players/39377.webp (se usara default.webp).
2026-10-04 01:10:31 | WARNING | Imagen inexistente: img/players/39414.webp (se usara default.webp).
2026-10-04 01:10:31 | WARNING | Imagen inexistente: img/players/39472.webp (se usara default.webp).
2026-10-04 01:10:31 | WARNING | Imagen inexistente: img/players/39483.webp (se usara default.webp).
2026-10-04 01:10:31 | WARNING | Imagen inexistente: img/players/39498.webp (se usara default.webp).
2026-10-04 01:10:31 | WARNING | Imagen inexistente: img/players/39505.webp (se usara default.webp).
2026-10-04 01:10:31 | WARNING | Imagen inexistente: img/players/39513.webp (se usara default.webp).
2026-10-04 01:10:31 | WARNING | Imagen inexistente: img/players/39545.webp (se usara default.webp).
2026-10-04 01:10:31 | WARNING | Imagen inexistente: img/players/39586.webp (se usara default.webp).
2026-10-04 01:10:31 | WARNING | Imagen inexistente: img/players/39602.webp (se usara default.webp).
2026-10-04 01:10:31 | WARNING | Imagen inexistente: img/players/39649.webp (se usara default.webp).
2026-10-04 01:10:31 | WARNING | Imagen inexistente: img/players/39650.webp (se usara default.webp).
2026-10-04 01:10:31 | WARNING | Imagen inexistente: img/players/39700.webp (se usara default.webp).
2026-10-04 01:10:31 | WARNING | Imagen inexistente: img/players/39730.webp (se usara default.webp).
2026-10-04 01:10:31 | WARNING | Imagen inexistente: img/players/39744.webp (se usara default.webp).
2026-10-04 01:10:31 | WARNING | Imagen inexistente: img/players/39749.webp (se usara default.webp).
2026-10-04 01:10:31 | WARNING | Imagen inexistente: img/players/39752.webp (se usara default.webp).
2026-10-04 01:10:31 | WARNING | Imagen inexistente: img/players/39755.webp (se usara default.webp).
2026-10-04 01:10:31 | WARNING | Imagen inexistente: img/players/39765.webp (se usara default.webp).
2026-10-04 01:10:31 | WARNING | Imagen inexistente: img/players/39773.webp (se usara default.webp).
2026-10-04 01:10:31 | WARNING | Imagen inexistente: img/players/39777.webp (se usara default.webp).
2026-10-04 01:10:31 | WARNING | Imagen inexistente: img/players/39957.webp (se usara default.webp).
2026-10-04 01:10:31 | WARNING | Imagen inexistente: img/players/40097.webp (se usara default.webp).
2026-10-04 01:10:31 | WARNING | Imagen inexistente: img/players/40119.webp (se usara default.webp).
2026-10-04 01:10:31 | WARNING | Imagen inexistente: img/players/40150.webp (se usara default.webp).
2026-10-04 01:10:31 | WARNING | Imagen inexistente: img/players/40154.webp (se usara default.webp).
2026-10-04 01:10:31 | WARNING | Imagen inexistente: img/players/40202.webp (se usara default.webp).
2026-10-04 01:10:31 | WARNING | Imagen inexistente: img/players/40230.webp (se usara default.webp).
2026-10-04 01:10:31 | WARNING | Imagen inexistente: img/players/40256.webp (se usara default.webp).
2026-10-04 01:10:31 | WARNING | Imagen inexistente: img/players/40259.webp (se usara default.webp).
2026-10-04 01:10:31 | WARNING | Imagen inexistente: img/players/40280.webp (se usara default.webp).
2026-10-04 01:10:31 | WARNING | Imagen inexistente: img/players/40284.webp (se usara default.webp).
2026-10-04 01:10:31 | WARNING | Imagen inexistente: img/players/40290.webp (se usara default.webp).
2026-10-04 01:10:31 | WARNING | Imagen inexistente: img/players/40293.webp (se usara default.webp).
2026-10-04 01:10:31 | WARNING | Imagen inexistente: img/players/40315.webp (se usara default.webp).
2026-10-04 01:10:31 | WARNING | Imagen inexistente: img/players/40321.webp (se usara default.webp).
2026-10-04 01:10:31 | WARNING | Imagen inexistente: img/players/40329.webp (se usara default.webp).
2026-10-04 01:10:31 | WARNING | Imagen inexistente: img/players/40341.webp (se usara default.webp).
2026-10-04 01:10:31 | WARNING | Imagen inexistente: img/players/40348.webp (se usara default.webp).
2026-10-04 01:10:31 | WARNING | Imagen inexistente: img/players/40354.webp (se usara default.webp).
2026-10-04 01:10:31 | WARNING | Imagen inexistente: img/players/40358.webp (se usara default.webp).
2026-10-04 01:10:31 | WARNING | Imagen inexistente: img/players/40364.webp (se usara default.webp).
2026-10-04 01:10:31 | WARNING | Imagen inexistente: img/players/40369.webp (se usara default.webp).
2026-10-04 01:10:31 | WARNING | Imagen inexistente: img/players/40375.webp (se usara default.webp).
2026-10-04 01:10:31 | WARNING | Imagen inexistente: img/players/40392.webp (se usara default.webp).
2026-10-04 01:10:31 | WARNING | Imagen inexistente: img/players/40403.webp (se usara default.webp).
2026-10-04 01:10:31 | WARNING | Imagen inexistente: img/players/40411.webp (se usara default.webp).
2026-10-04 01:10:31 | WARNING | Imagen inexistente: img/players/40418.webp (se usara default.webp).
2026-10-04 01:10:31 | WARNING | Imagen inexistente: img/players/40426.webp (se usara default.webp).
2026-10-04 01:10:31 | WARNING | Imagen inexistente: img/players/40452.webp (se usara default.webp).
2026-10-04 01:10:31 | WARNING | Imagen inexistente: img/players/40495.webp (se usara default.webp).
2026-10-04 01:10:31 | WARNING | Imagen inexistente: img/players/40519.webp (se usara default.webp).
2026-10-04 01:10:31 | WARNING | Imagen inexistente: img/players/40520.webp (se usara default.webp).
2026-10-04 01:10:31 | WARNING | Imagen inexistente: img/players/40541.webp (se usara default.webp).
2026-10-04 01:10:31 | WARNING | Imagen inexistente: img/players/40555.webp (se usara default.webp).
2026-10-04 01:10:31 | WARNING | Imagen inexistente: img/players/40559.webp (se usara default.webp).
2026-10-04 01:10:31 | WARNING | Imagen inexistente: img/players/40560.webp (se usara default.webp).
2026-10-04 01:10:31 | WARNING | Imagen inexistente: img/players/40562.webp (se usara default.webp).
2026-10-04 01:10:31 | WARNING | Imagen inexistente: img/players/40569.webp (se usara default.webp).
2026-10-04 01:10:31 | WARNING | Imagen inexistente: img/players/40572.webp (se usara default.webp).
2026-10-04 01:10:31 | WARNING | Imagen inexistente: img/players/40584.webp (se usara default.webp).
2026-10-04 01:10:31 | WARNING | Imagen inexistente: img/players/40604.webp (se usara default.webp).
2026-10-04 01:10:31 | WARNING | Imagen inexistente: img/players/40688.webp (se usara default.webp).
2026-10-04 01:10:31 | WARNING | Imagen inexistente: img/players/40696.webp (se usara default.webp).
2026-10-04 01:10:31 | WARNING | Imagen inexistente: img/players/40701.webp (se usara default.webp).
2026-10-04 01:10:31 | WARNING | Imagen inexistente: img/players/40704.webp (se usara default.webp).
2026-10-04 01:10:31 | WARNING | Imagen inexistente: img/players/40770.webp (se usara default.webp).
2026-10-04 01:10:31 | WARNING | Imagen inexistente: img/players/40776.webp (se usara default.webp).
2026-10-04 01:10:31 | WARNING | Imagen inexistente: img/players/40779.webp (se usara default.webp).
2026-10-04 01:10:31 | WARNING | Imagen inexistente: img/players/40838.webp (se usara default.webp).
2026-10-04 01:10:31 | WARNING | Imagen inexistente: img/players/40862.webp (se usara default.webp).
2026-10-04 01:10:31 | WARNING | Imagen inexistente: img/players/40870.webp (se usara default.webp).
2026-10-04 01:10:31 | WARNING | Imagen inexistente: img/players/40871.webp (se usara default.webp).
2026-10-04 01:10:31 | WARNING | Imagen inexistente: img/players/40874.webp (se usara default.webp).
2026-10-04 01:10:31 | WARNING | Imagen inexistente: img/players/40898.webp (se usara default.webp).
2026-10-04 01:10:31 | WARNING | Imagen inexistente: img/players/40936.webp (se usara default.webp).
2026-10-04 01:10:31 | WARNING | Imagen inexistente: img/players/40957.webp (se usara default.webp).
2026-10-04 01:10:31 | WARNING | Imagen inexistente: img/players/40988.webp (se usara default.webp).
2026-10-04 01:10:31 | WARNING | Imagen inexistente: img/players/40996.webp (se usara default.webp).
2026-10-04 01:10:31 | WARNING | Imagen inexistente: img/players/41022.webp (se usara default.webp).
2026-10-04 01:10:31 | WARNING | Imagen inexistente: img/players/41073.webp (se usara default.webp).
2026-10-04 01:10:31 | WARNING | Imagen inexistente: img/players/41075.webp (se usara default.webp).
2026-10-04 01:10:31 | WARNING | Imagen inexistente: img/players/41079.webp (se usara default.webp).
2026-10-04 01:10:31 | WARNING | Imagen inexistente: img/players/41106.webp (se usara default.webp).
2026-10-04 01:10:31 | WARNING | Imagen inexistente: img/players/41136.webp (se usara default.webp).
2026-10-04 01:10:31 | WARNING | Imagen inexistente: img/players/41156.webp (se usara default.webp).
2026-10-04 01:10:31 | WARNING | Imagen inexistente: img/players/41161.webp (se usara default.webp).
2026-10-04 01:10:31 | WARNING | Imagen inexistente: img/players/41166.webp (se usara default.webp).
2026-10-04 01:10:31 | WARNING | Imagen inexistente: img/players/41167.webp (se usara default.webp).
2026-10-04 01:10:31 | WARNING | Imagen inexistente: img/players/41260.webp (se usara default.webp).
2026-10-04 01:10:31 | WARNING | Imagen inexistente: img/players/41277.webp (se usara default.webp).
2026-10-04 01:10:31 | WARNING | Imagen inexistente: img/players/41286.webp (se usara default.webp).
2026-10-04 01:10:31 | WARNING | Imagen inexistente: img/players/41303.webp (se usara default.webp).
2026-10-04 01:10:31 | WARNING | Imagen inexistente: img/players/41354.webp (se usara default.webp).
2026-10-04 01:10:31 | WARNING | Imagen inexistente: img/players/41424.webp (se usara default.webp).
2026-10-04 01:10:31 | WARNING | Imagen inexistente: img/players/41456.webp (se usara default.webp).
2026-10-04 01:10:31 | WARNING | Imagen inexistente: img/players/41485.webp (se usara default.webp).
2026-10-04 01:10:31 | WARNING | Imagen inexistente: img/players/41513.webp (se usara default.webp).
2026-10-04 01:10:31 | WARNING | Imagen inexistente: img/players/41520.webp (se usara default.webp).
2026-10-04 01:10:31 | WARNING | Imagen inexistente: img/players/41536.webp (se usara default.webp).
2026-10-04 01:10:31 | WARNING | Imagen inexistente: img/players/41553.webp (se usara default.webp).
2026-10-04 01:10:31 | WARNING | Imagen inexistente: img/players/41571.webp (se usara default.webp).
2026-10-04 01:10:31 | WARNING | Imagen inexistente: img/players/41597.webp (se usara default.webp).
2026-10-04 01:10:31 | WARNING | Imagen inexistente: img/players/41604.webp (se usara default.webp).
2026-10-04 01:10:31 | WARNING | Imagen inexistente: img/players/41708.webp (se usara default.webp).
2026-10-04 01:10:31 | WARNING | Imagen inexistente: img/players/41780.webp (se usara default.webp).
2026-10-04 01:10:31 | WARNING | Imagen inexistente: img/players/41829.webp (se usara default.webp).
2026-10-04 01:10:31 | WARNING | Imagen inexistente: img/players/41849.webp (se usara default.webp).
2026-10-04 01:10:31 | WARNING | Imagen inexistente: img/players/41869.webp (se usara default.webp).
2026-10-04 01:10:31 | WARNING | Imagen inexistente: img/players/41895.webp (se usara default.webp).
2026-10-04 01:10:31 | WARNING | Imagen inexistente: img/players/41897.webp (se usara default.webp).
2026-10-04 01:10:31 | WARNING | Imagen inexistente: img/players/41901.webp (se usara default.webp).
2026-10-04 01:10:31 | WARNING | Imagen inexistente: img/players/41908.webp (se usara default.webp).
2026-10-04 01:10:31 | WARNING | Imagen inexistente: img/players/42044.webp (se usara default.webp).
2026-10-04 01:10:31 | WARNING | Imagen inexistente: img/players/42062.webp (se usara default.webp).
2026-10-04 01:10:31 | WARNING | Imagen inexistente: img/players/42206.webp (se usara default.webp).
2026-10-04 01:10:31 | WARNING | Imagen inexistente: img/players/42245.webp (se usara default.webp).
2026-10-04 01:10:31 | WARNING | Imagen inexistente: img/players/42246.webp (se usara default.webp).
2026-10-04 01:10:31 | WARNING | Imagen inexistente: img/players/42290.webp (se usara default.webp).
2026-10-04 01:10:31 | WARNING | Imagen inexistente: img/players/42306.webp (se usara default.webp).
2026-10-04 01:10:31 | WARNING | Imagen inexistente: img/players/42321.webp (se usara default.webp).
2026-10-04 01:10:31 | WARNING | Imagen inexistente: img/players/42363.webp (se usara default.webp).
2026-10-04 01:10:31 | WARNING | Imagen inexistente: img/players/42376.webp (se usara default.webp).
2026-10-04 01:10:31 | WARNING | Imagen inexistente: img/players/42404.webp (se usara default.webp).
2026-10-04 01:10:31 | WARNING | Imagen inexistente: img/players/42409.webp (se usara default.webp).
2026-10-04 01:10:31 | WARNING | Imagen inexistente: img/players/42422.webp (se usara default.webp).
2026-10-04 01:10:31 | WARNING | Imagen inexistente: img/players/42448.webp (se usara default.webp).
2026-10-04 01:10:31 | WARNING | Imagen inexistente: img/players/42450.webp (se usara default.webp).
2026-10-04 01:10:31 | WARNING | Imagen inexistente: img/players/42464.webp (se usara default.webp).
2026-10-04 01:10:31 | WARNING | Imagen inexistente: img/players/42475.webp (se usara default.webp).
2026-10-04 01:10:31 | WARNING | Imagen inexistente: img/players/42485.webp (se usara default.webp).
2026-10-04 01:10:31 | WARNING | Imagen inexistente: img/players/42494.webp (se usara default.webp).
2026-10-04 01:10:31 | WARNING | Imagen inexistente: img/players/42499.webp (se usara default.webp).
2026-10-04 01:10:31 | WARNING | Imagen inexistente: img/players/42509.webp (se usara default.webp).
2026-10-04 01:10:31 | WARNING | Imagen inexistente: img/players/42517.webp (se usara default.webp).
2026-10-04 01:10:31 | WARNING | Imagen inexistente: img/players/42525.webp (se usara default.webp).
2026-10-04 01:10:31 | WARNING | Imagen inexistente: img/players/42534.webp (se usara default.webp).
2026-10-04 01:10:31 | WARNING | Imagen inexistente: img/players/42547.webp (se usara default.webp).
2026-10-04 01:10:31 | WARNING | Imagen inexistente: img/players/42549.webp (se usara default.webp).
2026-10-04 01:10:31 | WARNING | Imagen inexistente: img/players/42585.webp (se usara default.webp).
2026-10-04 01:10:31 | WARNING | Imagen inexistente: img/players/42587.webp (se usara default.webp).
2026-10-04 01:10:31 | WARNING | Imagen inexistente: img/players/42588.webp (se usara default.webp).
2026-10-04 01:10:31 | WARNING | Imagen inexistente: img/players/42592.webp (se usara default.webp).
2026-10-04 01:10:31 | WARNING | Imagen inexistente: img/players/42601.webp (se usara default.webp).
2026-10-04 01:10:31 | WARNING | Imagen inexistente: img/players/42602.webp (se usara default.webp).
2026-10-04 01:10:31 | WARNING | Imagen inexistente: img/players/42605.webp (se usara default.webp).
2026-10-04 01:10:31 | WARNING | Imagen inexistente: img/players/42614.webp (se usara default.webp).
2026-10-04 01:10:31 | WARNING | Imagen inexistente: img/players/42622.webp (se usara default.webp).
2026-10-04 01:10:31 | WARNING | Imagen inexistente: img/players/42627.webp (se usara default.webp).
2026-10-04 01:10:31 | WARNING | Imagen inexistente: img/players/42631.webp (se usara default.webp).
2026-10-04 01:10:31 | WARNING | Imagen inexistente: img/players/42647.webp (se usara default.webp).
2026-10-04 01:10:31 | WARNING | Imagen inexistente: img/players/42656.webp (se usara default.webp).
2026-10-04 01:10:31 | WARNING | Imagen inexistente: img/players/42657.webp (se usara default.webp).
2026-10-04 01:10:31 | WARNING | Imagen inexistente: img/players/42702.webp (se usara default.webp).
2026-10-04 01:10:31 | WARNING | Imagen inexistente: img/players/42727.webp (se usara default.webp).
2026-10-04 01:10:31 | WARNING | Imagen inexistente: img/players/42808.webp (se usara default.webp).
2026-10-04 01:10:31 | WARNING | Imagen inexistente: img/players/42810.webp (se usara default.webp).
2026-10-04 01:10:31 | WARNING | Imagen inexistente: img/players/42813.webp (se usara default.webp).
2026-10-04 01:10:31 | WARNING | Imagen inexistente: img/players/42816.webp (se usara default.webp).
2026-10-04 01:10:31 | WARNING | Imagen inexistente: img/players/42829.webp (se usara default.webp).
2026-10-04 01:10:31 | WARNING | Imagen inexistente: img/players/42849.webp (se usara default.webp).
2026-10-04 01:10:31 | WARNING | Imagen inexistente: img/players/42860.webp (se usara default.webp).
2026-10-04 01:10:31 | WARNING | Imagen inexistente: img/players/42888.webp (se usara default.webp).
2026-10-04 01:10:31 | WARNING | Imagen inexistente: img/players/42907.webp (se usara default.webp).
2026-10-04 01:10:31 | WARNING | Imagen inexistente: img/players/42929.webp (se usara default.webp).
2026-10-04 01:10:31 | WARNING | Imagen inexistente: img/players/42940.webp (se usara default.webp).
2026-10-04 01:10:31 | WARNING | Imagen inexistente: img/players/42945.webp (se usara default.webp).
2026-10-04 01:10:31 | WARNING | Imagen inexistente: img/players/42951.webp (se usara default.webp).
2026-10-04 01:10:31 | WARNING | Imagen inexistente: img/players/42992.webp (se usara default.webp).
2026-10-04 01:10:31 | WARNING | Imagen inexistente: img/players/42993.webp (se usara default.webp).
2026-10-04 01:10:31 | WARNING | Imagen inexistente: img/players/42999.webp (se usara default.webp).
2026-10-04 01:10:31 | WARNING | Imagen inexistente: img/players/43004.webp (se usara default.webp).
2026-10-04 01:10:31 | WARNING | Imagen inexistente: img/players/43023.webp (se usara default.webp).
2026-10-04 01:10:31 | WARNING | Imagen inexistente: img/players/43054.webp (se usara default.webp).
2026-10-04 01:10:31 | WARNING | Imagen inexistente: img/players/43078.webp (se usara default.webp).
2026-10-04 01:10:31 | WARNING | Imagen inexistente: img/players/43080.webp (se usara default.webp).
2026-10-04 01:10:31 | WARNING | Imagen inexistente: img/players/43107.webp (se usara default.webp).
2026-10-04 01:10:31 | WARNING | Imagen inexistente: img/players/43116.webp (se usara default.webp).
2026-10-04 01:10:31 | WARNING | Imagen inexistente: img/players/43129.webp (se usara default.webp).
2026-10-04 01:10:31 | WARNING | Imagen inexistente: img/players/43177.webp (se usara default.webp).
2026-10-04 01:10:31 | WARNING | Imagen inexistente: img/players/43183.webp (se usara default.webp).
2026-10-04 01:10:31 | WARNING | Imagen inexistente: img/players/43185.webp (se usara default.webp).
2026-10-04 01:10:31 | WARNING | Imagen inexistente: img/players/43192.webp (se usara default.webp).
2026-10-04 01:10:31 | WARNING | Imagen inexistente: img/players/43193.webp (se usara default.webp).
2026-10-04 01:10:31 | WARNING | Imagen inexistente: img/players/43206.webp (se usara default.webp).
2026-10-04 01:10:31 | WARNING | Imagen inexistente: img/players/43257.webp (se usara default.webp).
2026-10-04 01:10:31 | WARNING | Imagen inexistente: img/players/43266.webp (se usara default.webp).
2026-10-04 01:10:31 | WARNING | Imagen inexistente: img/players/43296.webp (se usara default.webp).
2026-10-04 01:10:31 | WARNING | Imagen inexistente: img/players/43374.webp (se usara default.webp).
2026-10-04 01:10:31 | WARNING | Imagen inexistente: img/players/43414.webp (se usara default.webp).
2026-10-04 01:10:31 | WARNING | Imagen inexistente: img/players/43421.webp (se usara default.webp).
2026-10-04 01:10:31 | WARNING | Imagen inexistente: img/players/43422.webp (se usara default.webp).
2026-10-04 01:10:31 | WARNING | Imagen inexistente: img/players/43447.webp (se usara default.webp).
2026-10-04 01:10:31 | WARNING | Imagen inexistente: img/players/43450.webp (se usara default.webp).
2026-10-04 01:10:31 | WARNING | Imagen inexistente: img/players/43469.webp (se usara default.webp).
2026-10-04 01:10:31 | WARNING | Imagen inexistente: img/players/43588.webp (se usara default.webp).
2026-10-04 01:10:31 | WARNING | Imagen inexistente: img/players/43589.webp (se usara default.webp).
2026-10-04 01:10:31 | WARNING | Imagen inexistente: img/players/43590.webp (se usara default.webp).
2026-10-04 01:10:31 | WARNING | Imagen inexistente: img/players/43626.webp (se usara default.webp).
2026-10-04 01:10:31 | WARNING | Imagen inexistente: img/players/43635.webp (se usara default.webp).
2026-10-04 01:10:31 | WARNING | Imagen inexistente: img/players/43680.webp (se usara default.webp).
2026-10-04 01:10:31 | WARNING | Imagen inexistente: img/players/43683.webp (se usara default.webp).
2026-10-04 01:10:31 | WARNING | Imagen inexistente: img/players/43685.webp (se usara default.webp).
2026-10-04 01:10:31 | WARNING | Imagen inexistente: img/players/43687.webp (se usara default.webp).
2026-10-04 01:10:31 | WARNING | Imagen inexistente: img/players/43740.webp (se usara default.webp).
2026-10-04 01:10:31 | WARNING | Imagen inexistente: img/players/43757.webp (se usara default.webp).
2026-10-04 01:10:31 | WARNING | Imagen inexistente: img/players/43777.webp (se usara default.webp).
2026-10-04 01:10:31 | WARNING | Imagen inexistente: img/players/43909.webp (se usara default.webp).
2026-10-04 01:10:31 | WARNING | Imagen inexistente: img/players/43928.webp (se usara default.webp).
2026-10-04 01:10:31 | WARNING | Imagen inexistente: img/players/43951.webp (se usara default.webp).
2026-10-04 01:10:31 | WARNING | Imagen inexistente: img/players/43990.webp (se usara default.webp).
2026-10-04 01:10:31 | WARNING | Imagen inexistente: img/players/43993.webp (se usara default.webp).
2026-10-04 01:10:31 | WARNING | Imagen inexistente: img/players/43998.webp (se usara default.webp).
2026-10-04 01:10:31 | WARNING | Imagen inexistente: img/players/44000.webp (se usara default.webp).
2026-10-04 01:10:31 | WARNING | Imagen inexistente: img/players/44001.webp (se usara default.webp).
2026-10-04 01:10:31 | WARNING | Imagen inexistente: img/players/44011.webp (se usara default.webp).
2026-10-04 01:10:31 | WARNING | Imagen inexistente: img/players/44014.webp (se usara default.webp).
2026-10-04 01:10:31 | WARNING | Imagen inexistente: img/players/44040.webp (se usara default.webp).
2026-10-04 01:10:31 | WARNING | Imagen inexistente: img/players/44042.webp (se usara default.webp).
2026-10-04 01:10:31 | WARNING | Imagen inexistente: img/players/44043.webp (se usara default.webp).
2026-10-04 01:10:31 | WARNING | Imagen inexistente: img/players/44060.webp (se usara default.webp).
2026-10-04 01:10:31 | WARNING | Imagen inexistente: img/players/44064.webp (se usara default.webp).
2026-10-04 01:10:31 | WARNING | Imagen inexistente: img/players/44085.webp (se usara default.webp).
2026-10-04 01:10:31 | WARNING | Imagen inexistente: img/players/44107.webp (se usara default.webp).
2026-10-04 01:10:31 | WARNING | Imagen inexistente: img/players/44111.webp (se usara default.webp).
2026-10-04 01:10:31 | WARNING | Imagen inexistente: img/players/44151.webp (se usara default.webp).
2026-10-04 01:10:31 | WARNING | Imagen inexistente: img/players/44154.webp (se usara default.webp).
2026-10-04 01:10:31 | WARNING | Imagen inexistente: img/players/44156.webp (se usara default.webp).
2026-10-04 01:10:31 | WARNING | Imagen inexistente: img/players/44157.webp (se usara default.webp).
2026-10-04 01:10:31 | WARNING | Imagen inexistente: img/players/44176.webp (se usara default.webp).
2026-10-04 01:10:31 | WARNING | Imagen inexistente: img/players/44223.webp (se usara default.webp).
2026-10-04 01:10:31 | WARNING | Imagen inexistente: img/players/44226.webp (se usara default.webp).
2026-10-04 01:10:31 | WARNING | Imagen inexistente: img/players/44256.webp (se usara default.webp).
2026-10-04 01:10:31 | WARNING | Imagen inexistente: img/players/44264.webp (se usara default.webp).
2026-10-04 01:10:31 | WARNING | Imagen inexistente: img/players/44282.webp (se usara default.webp).
2026-10-04 01:10:31 | WARNING | Imagen inexistente: img/players/44328.webp (se usara default.webp).
2026-10-04 01:10:31 | WARNING | Imagen inexistente: img/players/44348.webp (se usara default.webp).
2026-10-04 01:10:31 | WARNING | Imagen inexistente: img/players/44388.webp (se usara default.webp).
2026-10-04 01:10:31 | WARNING | Imagen inexistente: img/players/44407.webp (se usara default.webp).
2026-10-04 01:10:31 | WARNING | Imagen inexistente: img/players/44409.webp (se usara default.webp).
2026-10-04 01:10:31 | WARNING | Imagen inexistente: img/players/44411.webp (se usara default.webp).
2026-10-04 01:10:31 | WARNING | Imagen inexistente: img/players/44416.webp (se usara default.webp).
2026-10-04 01:10:31 | WARNING | Imagen inexistente: img/players/44417.webp (se usara default.webp).
2026-10-04 01:10:31 | WARNING | Imagen inexistente: img/players/44426.webp (se usara default.webp).
2026-10-04 01:10:31 | WARNING | Imagen inexistente: img/players/44427.webp (se usara default.webp).
2026-10-04 01:10:31 | WARNING | Imagen inexistente: img/players/44437.webp (se usara default.webp).
2026-10-04 01:10:31 | WARNING | Imagen inexistente: img/players/44441.webp (se usara default.webp).
2026-10-04 01:10:31 | WARNING | Imagen inexistente: img/players/44450.webp (se usara default.webp).
2026-10-04 01:10:31 | WARNING | Imagen inexistente: img/players/44454.webp (se usara default.webp).
2026-10-04 01:10:31 | WARNING | Imagen inexistente: img/players/44456.webp (se usara default.webp).
2026-10-04 01:10:31 | WARNING | Imagen inexistente: img/players/44466.webp (se usara default.webp).
2026-10-04 01:10:31 | WARNING | Imagen inexistente: img/players/44480.webp (se usara default.webp).
2026-10-04 01:10:31 | WARNING | Imagen inexistente: img/players/44493.webp (se usara default.webp).
2026-10-04 01:10:31 | WARNING | Imagen inexistente: img/players/44494.webp (se usara default.webp).
2026-10-04 01:10:31 | WARNING | Imagen inexistente: img/players/44495.webp (se usara default.webp).
2026-10-04 01:10:31 | WARNING | Imagen inexistente: img/players/44498.webp (se usara default.webp).
2026-10-04 01:10:31 | WARNING | Imagen inexistente: img/players/44504.webp (se usara default.webp).
2026-10-04 01:10:31 | WARNING | Imagen inexistente: img/players/44529.webp (se usara default.webp).
2026-10-04 01:10:31 | WARNING | Imagen inexistente: img/players/44532.webp (se usara default.webp).
2026-10-04 01:10:31 | WARNING | Imagen inexistente: img/players/44560.webp (se usara default.webp).
2026-10-04 01:10:31 | WARNING | Imagen inexistente: img/players/44564.webp (se usara default.webp).
2026-10-04 01:10:31 | WARNING | Imagen inexistente: img/players/44565.webp (se usara default.webp).
2026-10-04 01:10:31 | WARNING | Imagen inexistente: img/players/44588.webp (se usara default.webp).
2026-10-04 01:10:31 | WARNING | Imagen inexistente: img/players/44600.webp (se usara default.webp).
2026-10-04 01:10:31 | WARNING | Imagen inexistente: img/players/44614.webp (se usara default.webp).
2026-10-04 01:10:31 | WARNING | Imagen inexistente: img/players/44616.webp (se usara default.webp).
2026-10-04 01:10:31 | WARNING | Imagen inexistente: img/players/44639.webp (se usara default.webp).
2026-10-04 01:10:31 | WARNING | Imagen inexistente: img/players/44659.webp (se usara default.webp).
2026-10-04 01:10:31 | WARNING | Imagen inexistente: img/players/44667.webp (se usara default.webp).
2026-10-04 01:10:31 | WARNING | Imagen inexistente: img/players/44669.webp (se usara default.webp).
2026-10-04 01:10:31 | WARNING | Imagen inexistente: img/players/44678.webp (se usara default.webp).
2026-10-04 01:10:31 | WARNING | Imagen inexistente: img/players/44689.webp (se usara default.webp).
2026-10-04 01:10:31 | WARNING | Imagen inexistente: img/players/44712.webp (se usara default.webp).
2026-10-04 01:10:31 | WARNING | Imagen inexistente: img/players/44721.webp (se usara default.webp).
2026-10-04 01:10:31 | WARNING | Imagen inexistente: img/players/44726.webp (se usara default.webp).
2026-10-04 01:10:31 | WARNING | Imagen inexistente: img/players/44728.webp (se usara default.webp).
2026-10-04 01:10:31 | WARNING | Imagen inexistente: img/players/44729.webp (se usara default.webp).
2026-10-04 01:10:31 | WARNING | Imagen inexistente: img/players/44736.webp (se usara default.webp).
2026-10-04 01:10:31 | WARNING | Imagen inexistente: img/players/44742.webp (se usara default.webp).
2026-10-04 01:10:31 | WARNING | Imagen inexistente: img/players/44770.webp (se usara default.webp).
2026-10-04 01:10:31 | WARNING | Imagen inexistente: img/players/44780.webp (se usara default.webp).
2026-10-04 01:10:31 | WARNING | Imagen inexistente: img/players/44794.webp (se usara default.webp).
2026-10-04 01:10:31 | WARNING | Imagen inexistente: img/players/44814.webp (se usara default.webp).
2026-10-04 01:10:31 | WARNING | Imagen inexistente: img/players/44824.webp (se usara default.webp).
2026-10-04 01:10:31 | WARNING | Imagen inexistente: img/players/44835.webp (se usara default.webp).
2026-10-04 01:10:31 | WARNING | Imagen inexistente: img/players/44845.webp (se usara default.webp).
2026-10-04 01:10:31 | WARNING | Imagen inexistente: img/players/44859.webp (se usara default.webp).
2026-10-04 01:10:31 | WARNING | Imagen inexistente: img/players/44868.webp (se usara default.webp).
2026-10-04 01:10:31 | WARNING | Imagen inexistente: img/players/44898.webp (se usara default.webp).
2026-10-04 01:10:31 | WARNING | Imagen inexistente: img/players/44907.webp (se usara default.webp).
2026-10-04 01:10:31 | WARNING | Imagen inexistente: img/players/44908.webp (se usara default.webp).
2026-10-04 01:10:31 | WARNING | Imagen inexistente: img/players/44922.webp (se usara default.webp).
2026-10-04 01:10:31 | WARNING | Imagen inexistente: img/players/44936.webp (se usara default.webp).
2026-10-04 01:10:31 | WARNING | Imagen inexistente: img/players/44956.webp (se usara default.webp).
2026-10-04 01:10:31 | WARNING | Imagen inexistente: img/players/44975.webp (se usara default.webp).
2026-10-04 01:10:31 | WARNING | Imagen inexistente: img/players/44986.webp (se usara default.webp).
2026-10-04 01:10:31 | WARNING | Imagen inexistente: img/players/44991.webp (se usara default.webp).
2026-10-04 01:10:31 | WARNING | Imagen inexistente: img/players/45001.webp (se usara default.webp).
2026-10-04 01:10:31 | WARNING | Imagen inexistente: img/players/45010.webp (se usara default.webp).
2026-10-04 01:10:31 | WARNING | Imagen inexistente: img/players/45016.webp (se usara default.webp).
2026-10-04 01:10:31 | WARNING | Imagen inexistente: img/players/45032.webp (se usara default.webp).
2026-10-04 01:10:31 | WARNING | Imagen inexistente: img/players/45036.webp (se usara default.webp).
2026-10-04 01:10:31 | WARNING | Imagen inexistente: img/players/45047.webp (se usara default.webp).
2026-10-04 01:10:31 | WARNING | Imagen inexistente: img/players/45057.webp (se usara default.webp).
2026-10-04 01:10:31 | WARNING | Imagen inexistente: img/players/45070.webp (se usara default.webp).
2026-10-04 01:10:31 | WARNING | Imagen inexistente: img/players/45084.webp (se usara default.webp).
2026-10-04 01:10:31 | WARNING | Imagen inexistente: img/players/45096.webp (se usara default.webp).
2026-10-04 01:10:31 | WARNING | Imagen inexistente: img/players/45129.webp (se usara default.webp).
2026-10-04 01:10:31 | WARNING | Imagen inexistente: img/players/45141.webp (se usara default.webp).
2026-10-04 01:10:31 | WARNING | Imagen inexistente: img/players/45146.webp (se usara default.webp).
2026-10-04 01:10:31 | WARNING | Imagen inexistente: img/players/45148.webp (se usara default.webp).
2026-10-04 01:10:31 | WARNING | Imagen inexistente: img/players/45158.webp (se usara default.webp).
2026-10-04 01:10:31 | WARNING | Imagen inexistente: img/players/45160.webp (se usara default.webp).
2026-10-04 01:10:31 | WARNING | Imagen inexistente: img/players/45183.webp (se usara default.webp).
2026-10-04 01:10:31 | WARNING | Imagen inexistente: img/players/45190.webp (se usara default.webp).
2026-10-04 01:10:31 | WARNING | Imagen inexistente: img/players/45193.webp (se usara default.webp).
2026-10-04 01:10:31 | WARNING | Imagen inexistente: img/players/45205.webp (se usara default.webp).
2026-10-04 01:10:31 | WARNING | Imagen inexistente: img/players/45220.webp (se usara default.webp).
2026-10-04 01:10:31 | WARNING | Imagen inexistente: img/players/45244.webp (se usara default.webp).
2026-10-04 01:10:31 | WARNING | Imagen inexistente: img/players/45260.webp (se usara default.webp).
2026-10-04 01:10:31 | WARNING | Imagen inexistente: img/players/45269.webp (se usara default.webp).
2026-10-04 01:10:31 | WARNING | Imagen inexistente: img/players/45270.webp (se usara default.webp).
2026-10-04 01:10:31 | WARNING | Imagen inexistente: img/players/45278.webp (se usara default.webp).
2026-10-04 01:10:31 | WARNING | Imagen inexistente: img/players/45289.webp (se usara default.webp).
2026-10-04 01:10:31 | WARNING | Imagen inexistente: img/players/45291.webp (se usara default.webp).
2026-10-04 01:10:31 | WARNING | Imagen inexistente: img/players/45304.webp (se usara default.webp).
2026-10-04 01:10:31 | WARNING | Imagen inexistente: img/players/45307.webp (se usara default.webp).
2026-10-04 01:10:31 | WARNING | Imagen inexistente: img/players/45312.webp (se usara default.webp).
2026-10-04 01:10:31 | WARNING | Imagen inexistente: img/players/45313.webp (se usara default.webp).
2026-10-04 01:10:31 | WARNING | Imagen inexistente: img/players/45339.webp (se usara default.webp).
2026-10-04 01:10:31 | WARNING | Imagen inexistente: img/players/45342.webp (se usara default.webp).
2026-10-04 01:10:31 | WARNING | Imagen inexistente: img/players/45350.webp (se usara default.webp).
2026-10-04 01:10:31 | WARNING | Imagen inexistente: img/players/45365.webp (se usara default.webp).
2026-10-04 01:10:31 | WARNING | Imagen inexistente: img/players/45385.webp (se usara default.webp).
2026-10-04 01:10:31 | WARNING | Imagen inexistente: img/players/45397.webp (se usara default.webp).
2026-10-04 01:10:31 | WARNING | Imagen inexistente: img/players/45398.webp (se usara default.webp).
2026-10-04 01:10:31 | WARNING | Imagen inexistente: img/players/45408.webp (se usara default.webp).
2026-10-04 01:10:31 | WARNING | Imagen inexistente: img/players/45409.webp (se usara default.webp).
2026-10-04 01:10:31 | WARNING | Imagen inexistente: img/players/45432.webp (se usara default.webp).
2026-10-04 01:10:31 | WARNING | Imagen inexistente: img/players/45435.webp (se usara default.webp).
2026-10-04 01:10:31 | WARNING | Imagen inexistente: img/players/45436.webp (se usara default.webp).
2026-10-04 01:10:31 | WARNING | Imagen inexistente: img/players/45458.webp (se usara default.webp).
2026-10-04 01:10:31 | WARNING | Imagen inexistente: img/players/45462.webp (se usara default.webp).
2026-10-04 01:10:31 | WARNING | Imagen inexistente: img/players/45472.webp (se usara default.webp).
2026-10-04 01:10:31 | WARNING | Imagen inexistente: img/players/45475.webp (se usara default.webp).
2026-10-04 01:10:31 | WARNING | Imagen inexistente: img/players/45497.webp (se usara default.webp).
2026-10-04 01:10:31 | WARNING | Imagen inexistente: img/players/45500.webp (se usara default.webp).
2026-10-04 01:10:31 | WARNING | Imagen inexistente: img/players/45508.webp (se usara default.webp).
2026-10-04 01:10:31 | WARNING | Imagen inexistente: img/players/45512.webp (se usara default.webp).
2026-10-04 01:10:31 | WARNING | Imagen inexistente: img/players/45514.webp (se usara default.webp).
2026-10-04 01:10:31 | WARNING | Imagen inexistente: img/players/45519.webp (se usara default.webp).
2026-10-04 01:10:31 | WARNING | Imagen inexistente: img/players/45583.webp (se usara default.webp).
2026-10-04 01:10:31 | WARNING | Imagen inexistente: img/players/45590.webp (se usara default.webp).
2026-10-04 01:10:31 | WARNING | Imagen inexistente: img/players/45600.webp (se usara default.webp).
2026-10-04 01:10:31 | WARNING | Imagen inexistente: img/players/45610.webp (se usara default.webp).
2026-10-04 01:10:31 | WARNING | Imagen inexistente: img/players/45614.webp (se usara default.webp).
2026-10-04 01:10:31 | WARNING | Imagen inexistente: img/players/45619.webp (se usara default.webp).
2026-10-04 01:10:31 | WARNING | Imagen inexistente: img/players/45649.webp (se usara default.webp).
2026-10-04 01:10:31 | WARNING | Imagen inexistente: img/players/45653.webp (se usara default.webp).
2026-10-04 01:10:31 | WARNING | Imagen inexistente: img/players/45656.webp (se usara default.webp).
2026-10-04 01:10:31 | WARNING | Imagen inexistente: img/players/45662.webp (se usara default.webp).
2026-10-04 01:10:31 | WARNING | Imagen inexistente: img/players/45665.webp (se usara default.webp).
2026-10-04 01:10:31 | WARNING | Imagen inexistente: img/players/45667.webp (se usara default.webp).
2026-10-04 01:10:31 | WARNING | Imagen inexistente: img/players/45679.webp (se usara default.webp).
2026-10-04 01:10:31 | WARNING | Imagen inexistente: img/players/45681.webp (se usara default.webp).
2026-10-04 01:10:31 | WARNING | Imagen inexistente: img/players/45824.webp (se usara default.webp).
2026-10-04 01:10:31 | WARNING | Imagen inexistente: img/players/45886.webp (se usara default.webp).
2026-10-04 01:10:31 | WARNING | Imagen inexistente: img/players/45902.webp (se usara default.webp).
2026-10-04 01:10:31 | WARNING | Imagen inexistente: img/players/45947.webp (se usara default.webp).
2026-10-04 01:10:31 | WARNING | Imagen inexistente: img/players/45948.webp (se usara default.webp).
2026-10-04 01:10:31 | WARNING | Imagen inexistente: img/players/45953.webp (se usara default.webp).
2026-10-04 01:10:31 | WARNING | Imagen inexistente: img/players/45958.webp (se usara default.webp).
2026-10-04 01:10:31 | WARNING | Imagen inexistente: img/players/45968.webp (se usara default.webp).
2026-10-04 01:10:31 | WARNING | Imagen inexistente: img/players/45984.webp (se usara default.webp).
2026-10-04 01:10:31 | WARNING | Imagen inexistente: img/players/45998.webp (se usara default.webp).
2026-10-04 01:10:31 | WARNING | Imagen inexistente: img/players/46038.webp (se usara default.webp).
2026-10-04 01:10:31 | WARNING | Imagen inexistente: img/players/46057.webp (se usara default.webp).
2026-10-04 01:10:31 | WARNING | Imagen inexistente: img/players/46061.webp (se usara default.webp).
2026-10-04 01:10:31 | WARNING | Imagen inexistente: img/players/46087.webp (se usara default.webp).
2026-10-04 01:10:31 | WARNING | Imagen inexistente: img/players/46179.webp (se usara default.webp).
2026-10-04 01:10:31 | WARNING | Imagen inexistente: img/players/46184.webp (se usara default.webp).
2026-10-04 01:10:31 | WARNING | Imagen inexistente: img/players/46206.webp (se usara default.webp).
2026-10-04 01:10:31 | WARNING | Imagen inexistente: img/players/46226.webp (se usara default.webp).
2026-10-04 01:10:31 | WARNING | Imagen inexistente: img/players/46227.webp (se usara default.webp).
2026-10-04 01:10:31 | WARNING | Imagen inexistente: img/players/46228.webp (se usara default.webp).
2026-10-04 01:10:31 | WARNING | Imagen inexistente: img/players/46229.webp (se usara default.webp).
2026-10-04 01:10:31 | WARNING | Imagen inexistente: img/players/46233.webp (se usara default.webp).
2026-10-04 01:10:31 | WARNING | Imagen inexistente: img/players/46255.webp (se usara default.webp).
2026-10-04 01:10:31 | WARNING | Imagen inexistente: img/players/46259.webp (se usara default.webp).
2026-10-04 01:10:31 | WARNING | Imagen inexistente: img/players/46322.webp (se usara default.webp).
2026-10-04 01:10:31 | WARNING | Imagen inexistente: img/players/46326.webp (se usara default.webp).
2026-10-04 01:10:31 | WARNING | Imagen inexistente: img/players/46391.webp (se usara default.webp).
2026-10-04 01:10:31 | WARNING | Imagen inexistente: img/players/46418.webp (se usara default.webp).
2026-10-04 01:10:31 | WARNING | Imagen inexistente: img/players/46419.webp (se usara default.webp).
2026-10-04 01:10:31 | WARNING | Imagen inexistente: img/players/46428.webp (se usara default.webp).
2026-10-04 01:10:31 | WARNING | Imagen inexistente: img/players/46439.webp (se usara default.webp).
2026-10-04 01:10:31 | WARNING | Imagen inexistente: img/players/46455.webp (se usara default.webp).
2026-10-04 01:10:31 | WARNING | Imagen inexistente: img/players/46457.webp (se usara default.webp).
2026-10-04 01:10:31 | WARNING | Imagen inexistente: img/players/46461.webp (se usara default.webp).
2026-10-04 01:10:31 | WARNING | Imagen inexistente: img/players/46464.webp (se usara default.webp).
2026-10-04 01:10:31 | WARNING | Imagen inexistente: img/players/46467.webp (se usara default.webp).
2026-10-04 01:10:31 | WARNING | Imagen inexistente: img/players/46480.webp (se usara default.webp).
2026-10-04 01:10:31 | WARNING | Imagen inexistente: img/players/46486.webp (se usara default.webp).
2026-10-04 01:10:31 | WARNING | Imagen inexistente: img/players/46490.webp (se usara default.webp).
2026-10-04 01:10:31 | WARNING | Imagen inexistente: img/players/46491.webp (se usara default.webp).
2026-10-04 01:10:31 | WARNING | Imagen inexistente: img/players/46511.webp (se usara default.webp).
2026-10-04 01:10:31 | WARNING | Imagen inexistente: img/players/46514.webp (se usara default.webp).
2026-10-04 01:10:31 | WARNING | Imagen inexistente: img/players/46538.webp (se usara default.webp).
2026-10-04 01:10:31 | WARNING | Imagen inexistente: img/players/46541.webp (se usara default.webp).
2026-10-04 01:10:31 | WARNING | Imagen inexistente: img/players/46544.webp (se usara default.webp).
2026-10-04 01:10:31 | WARNING | Imagen inexistente: img/players/46545.webp (se usara default.webp).
2026-10-04 01:10:31 | WARNING | Imagen inexistente: img/players/46546.webp (se usara default.webp).
2026-10-04 01:10:31 | WARNING | Imagen inexistente: img/players/46550.webp (se usara default.webp).
2026-10-04 01:10:31 | WARNING | Imagen inexistente: img/players/46551.webp (se usara default.webp).
2026-10-04 01:10:31 | WARNING | Imagen inexistente: img/players/46552.webp (se usara default.webp).
2026-10-04 01:10:31 | WARNING | Imagen inexistente: img/players/46575.webp (se usara default.webp).
2026-10-04 01:10:31 | WARNING | Imagen inexistente: img/players/46576.webp (se usara default.webp).
2026-10-04 01:10:31 | WARNING | Imagen inexistente: img/players/46577.webp (se usara default.webp).
2026-10-04 01:10:31 | WARNING | Imagen inexistente: img/players/46579.webp (se usara default.webp).
2026-10-04 01:10:31 | WARNING | Imagen inexistente: img/players/46599.webp (se usara default.webp).
2026-10-04 01:10:31 | WARNING | Imagen inexistente: img/players/46604.webp (se usara default.webp).
2026-10-04 01:10:31 | WARNING | Imagen inexistente: img/players/46650.webp (se usara default.webp).
2026-10-04 01:10:31 | WARNING | Imagen inexistente: img/players/46665.webp (se usara default.webp).
2026-10-04 01:10:31 | WARNING | Imagen inexistente: img/players/46670.webp (se usara default.webp).
2026-10-04 01:10:31 | WARNING | Imagen inexistente: img/players/46671.webp (se usara default.webp).
2026-10-04 01:10:31 | WARNING | Imagen inexistente: img/players/46673.webp (se usara default.webp).
2026-10-04 01:10:31 | WARNING | Imagen inexistente: img/players/46679.webp (se usara default.webp).
2026-10-04 01:10:31 | WARNING | Imagen inexistente: img/players/46702.webp (se usara default.webp).
2026-10-04 01:10:31 | WARNING | Imagen inexistente: img/players/46708.webp (se usara default.webp).
2026-10-04 01:10:31 | WARNING | Imagen inexistente: img/players/46724.webp (se usara default.webp).
2026-10-04 01:10:31 | WARNING | Imagen inexistente: img/players/46725.webp (se usara default.webp).
2026-10-04 01:10:31 | WARNING | Imagen inexistente: img/players/46727.webp (se usara default.webp).
2026-10-04 01:10:31 | WARNING | Imagen inexistente: img/players/46731.webp (se usara default.webp).
2026-10-04 01:10:31 | WARNING | Imagen inexistente: img/players/46735.webp (se usara default.webp).
2026-10-04 01:10:31 | WARNING | Imagen inexistente: img/players/46761.webp (se usara default.webp).
2026-10-04 01:10:31 | WARNING | Imagen inexistente: img/players/46764.webp (se usara default.webp).
2026-10-04 01:10:31 | WARNING | Imagen inexistente: img/players/46778.webp (se usara default.webp).
2026-10-04 01:10:31 | WARNING | Imagen inexistente: img/players/46779.webp (se usara default.webp).
2026-10-04 01:10:31 | WARNING | Imagen inexistente: img/players/46832.webp (se usara default.webp).
2026-10-04 01:10:31 | WARNING | Imagen inexistente: img/players/46845.webp (se usara default.webp).
2026-10-04 01:10:31 | WARNING | Imagen inexistente: img/players/46849.webp (se usara default.webp).
2026-10-04 01:10:31 | WARNING | Imagen inexistente: img/players/46852.webp (se usara default.webp).
2026-10-04 01:10:31 | WARNING | Imagen inexistente: img/players/46854.webp (se usara default.webp).
2026-10-04 01:10:31 | WARNING | Imagen inexistente: img/players/46857.webp (se usara default.webp).
2026-10-04 01:10:31 | WARNING | Imagen inexistente: img/players/46881.webp (se usara default.webp).
2026-10-04 01:10:31 | WARNING | Imagen inexistente: img/players/46888.webp (se usara default.webp).
2026-10-04 01:10:31 | WARNING | Imagen inexistente: img/players/46910.webp (se usara default.webp).
2026-10-04 01:10:31 | WARNING | Imagen inexistente: img/players/46931.webp (se usara default.webp).
2026-10-04 01:10:31 | WARNING | Imagen inexistente: img/players/46967.webp (se usara default.webp).
2026-10-04 01:10:31 | WARNING | Imagen inexistente: img/players/46968.webp (se usara default.webp).
2026-10-04 01:10:31 | WARNING | Imagen inexistente: img/players/46975.webp (se usara default.webp).
2026-10-04 01:10:31 | WARNING | Imagen inexistente: img/players/46979.webp (se usara default.webp).
2026-10-04 01:10:31 | WARNING | Imagen inexistente: img/players/46981.webp (se usara default.webp).
2026-10-04 01:10:31 | WARNING | Imagen inexistente: img/players/47008.webp (se usara default.webp).
2026-10-04 01:10:31 | WARNING | Imagen inexistente: img/players/47016.webp (se usara default.webp).
2026-10-04 01:10:31 | WARNING | Imagen inexistente: img/players/47023.webp (se usara default.webp).
2026-10-04 01:10:31 | WARNING | Imagen inexistente: img/players/47029.webp (se usara default.webp).
2026-10-04 01:10:31 | WARNING | Imagen inexistente: img/players/47054.webp (se usara default.webp).
2026-10-04 01:10:31 | WARNING | Imagen inexistente: img/players/47055.webp (se usara default.webp).
2026-10-04 01:10:31 | WARNING | Imagen inexistente: img/players/47058.webp (se usara default.webp).
2026-10-04 01:10:31 | WARNING | Imagen inexistente: img/players/47061.webp (se usara default.webp).
2026-10-04 01:10:31 | WARNING | Imagen inexistente: img/players/47068.webp (se usara default.webp).
2026-10-04 01:10:31 | WARNING | Imagen inexistente: img/players/47072.webp (se usara default.webp).
2026-10-04 01:10:31 | WARNING | Imagen inexistente: img/players/47076.webp (se usara default.webp).
2026-10-04 01:10:31 | WARNING | Imagen inexistente: img/players/47083.webp (se usara default.webp).
2026-10-04 01:10:31 | WARNING | Imagen inexistente: img/players/47086.webp (se usara default.webp).
2026-10-04 01:10:31 | WARNING | Imagen inexistente: img/players/47098.webp (se usara default.webp).
2026-10-04 01:10:31 | WARNING | Imagen inexistente: img/players/47131.webp (se usara default.webp).
2026-10-04 01:10:31 | WARNING | Imagen inexistente: img/players/47135.webp (se usara default.webp).
2026-10-04 01:10:31 | WARNING | Imagen inexistente: img/players/47147.webp (se usara default.webp).
2026-10-04 01:10:31 | WARNING | Imagen inexistente: img/players/47151.webp (se usara default.webp).
2026-10-04 01:10:31 | WARNING | Imagen inexistente: img/players/47161.webp (se usara default.webp).
2026-10-04 01:10:31 | WARNING | Imagen inexistente: img/players/47163.webp (se usara default.webp).
2026-10-04 01:10:31 | WARNING | Imagen inexistente: img/players/47178.webp (se usara default.webp).
2026-10-04 01:10:31 | WARNING | Imagen inexistente: img/players/47196.webp (se usara default.webp).
2026-10-04 01:10:31 | WARNING | Imagen inexistente: img/players/47204.webp (se usara default.webp).
2026-10-04 01:10:31 | WARNING | Imagen inexistente: img/players/47221.webp (se usara default.webp).
2026-10-04 01:10:31 | WARNING | Imagen inexistente: img/players/47224.webp (se usara default.webp).
2026-10-04 01:10:31 | WARNING | Imagen inexistente: img/players/47225.webp (se usara default.webp).
2026-10-04 01:10:31 | WARNING | Imagen inexistente: img/players/47240.webp (se usara default.webp).
2026-10-04 01:10:31 | WARNING | Imagen inexistente: img/players/47249.webp (se usara default.webp).
2026-10-04 01:10:31 | WARNING | Imagen inexistente: img/players/47272.webp (se usara default.webp).
2026-10-04 01:10:31 | WARNING | Imagen inexistente: img/players/47276.webp (se usara default.webp).
2026-10-04 01:10:31 | WARNING | Imagen inexistente: img/players/47277.webp (se usara default.webp).
2026-10-04 01:10:31 | WARNING | Imagen inexistente: img/players/47294.webp (se usara default.webp).
2026-10-04 01:10:31 | WARNING | Imagen inexistente: img/players/47298.webp (se usara default.webp).
2026-10-04 01:10:31 | WARNING | Imagen inexistente: img/players/47302.webp (se usara default.webp).
2026-10-04 01:10:31 | WARNING | Imagen inexistente: img/players/47306.webp (se usara default.webp).
2026-10-04 01:10:31 | WARNING | Imagen inexistente: img/players/47307.webp (se usara default.webp).
2026-10-04 01:10:31 | WARNING | Imagen inexistente: img/players/47332.webp (se usara default.webp).
2026-10-04 01:10:31 | WARNING | Imagen inexistente: img/players/47336.webp (se usara default.webp).
2026-10-04 01:10:31 | WARNING | Imagen inexistente: img/players/47363.webp (se usara default.webp).
2026-10-04 01:10:31 | WARNING | Imagen inexistente: img/players/47378.webp (se usara default.webp).
2026-10-04 01:10:31 | WARNING | Imagen inexistente: img/players/47392.webp (se usara default.webp).
2026-10-04 01:10:31 | WARNING | Imagen inexistente: img/players/47412.webp (se usara default.webp).
2026-10-04 01:10:31 | WARNING | Imagen inexistente: img/players/47427.webp (se usara default.webp).
2026-10-04 01:10:31 | WARNING | Imagen inexistente: img/players/47430.webp (se usara default.webp).
2026-10-04 01:10:31 | WARNING | Imagen inexistente: img/players/47432.webp (se usara default.webp).
2026-10-04 01:10:31 | WARNING | Imagen inexistente: img/players/47471.webp (se usara default.webp).
2026-10-04 01:10:31 | WARNING | Imagen inexistente: img/players/47523.webp (se usara default.webp).
2026-10-04 01:10:31 | WARNING | Imagen inexistente: img/players/47541.webp (se usara default.webp).
2026-10-04 01:10:31 | WARNING | Imagen inexistente: img/players/47547.webp (se usara default.webp).
2026-10-04 01:10:31 | WARNING | Imagen inexistente: img/players/47553.webp (se usara default.webp).
2026-10-04 01:10:31 | WARNING | Imagen inexistente: img/players/47579.webp (se usara default.webp).
2026-10-04 01:10:31 | WARNING | Imagen inexistente: img/players/47631.webp (se usara default.webp).
2026-10-04 01:10:31 | WARNING | Imagen inexistente: img/players/47639.webp (se usara default.webp).
2026-10-04 01:10:31 | WARNING | Imagen inexistente: img/players/47657.webp (se usara default.webp).
2026-10-04 01:10:31 | WARNING | Imagen inexistente: img/players/47667.webp (se usara default.webp).
2026-10-04 01:10:31 | WARNING | Imagen inexistente: img/players/47669.webp (se usara default.webp).
2026-10-04 01:10:31 | WARNING | Imagen inexistente: img/players/47678.webp (se usara default.webp).
2026-10-04 01:10:31 | WARNING | Imagen inexistente: img/players/47697.webp (se usara default.webp).
2026-10-04 01:10:31 | WARNING | Imagen inexistente: img/players/47705.webp (se usara default.webp).
2026-10-04 01:10:31 | WARNING | Imagen inexistente: img/players/47714.webp (se usara default.webp).
2026-10-04 01:10:31 | WARNING | Imagen inexistente: img/players/47725.webp (se usara default.webp).
2026-10-04 01:10:31 | WARNING | Imagen inexistente: img/players/47739.webp (se usara default.webp).
2026-10-04 01:10:31 | WARNING | Imagen inexistente: img/players/47747.webp (se usara default.webp).
2026-10-04 01:10:31 | WARNING | Imagen inexistente: img/players/47754.webp (se usara default.webp).
2026-10-04 01:10:31 | WARNING | Imagen inexistente: img/players/47757.webp (se usara default.webp).
2026-10-04 01:10:31 | WARNING | Imagen inexistente: img/players/47758.webp (se usara default.webp).
2026-10-04 01:10:31 | WARNING | Imagen inexistente: img/players/47764.webp (se usara default.webp).
2026-10-04 01:10:31 | WARNING | Imagen inexistente: img/players/47815.webp (se usara default.webp).
2026-10-04 01:10:31 | WARNING | Imagen inexistente: img/players/47826.webp (se usara default.webp).
2026-10-04 01:10:31 | WARNING | Imagen inexistente: img/players/47828.webp (se usara default.webp).
2026-10-04 01:10:31 | WARNING | Imagen inexistente: img/players/47832.webp (se usara default.webp).
2026-10-04 01:10:31 | WARNING | Imagen inexistente: img/players/47844.webp (se usara default.webp).
2026-10-04 01:10:31 | WARNING | Imagen inexistente: img/players/47846.webp (se usara default.webp).
2026-10-04 01:10:31 | WARNING | Imagen inexistente: img/players/47856.webp (se usara default.webp).
2026-10-04 01:10:31 | WARNING | Imagen inexistente: img/players/47870.webp (se usara default.webp).
2026-10-04 01:10:31 | WARNING | Imagen inexistente: img/players/47871.webp (se usara default.webp).
2026-10-04 01:10:31 | WARNING | Imagen inexistente: img/players/47873.webp (se usara default.webp).
2026-10-04 01:10:31 | WARNING | Imagen inexistente: img/players/47877.webp (se usara default.webp).
2026-10-04 01:10:31 | WARNING | Imagen inexistente: img/players/47907.webp (se usara default.webp).
2026-10-04 01:10:31 | WARNING | Imagen inexistente: img/players/47912.webp (se usara default.webp).
2026-10-04 01:10:31 | WARNING | Imagen inexistente: img/players/47923.webp (se usara default.webp).
2026-10-04 01:10:31 | WARNING | Imagen inexistente: img/players/47925.webp (se usara default.webp).
2026-10-04 01:10:31 | WARNING | Imagen inexistente: img/players/47930.webp (se usara default.webp).
2026-10-04 01:10:31 | WARNING | Imagen inexistente: img/players/47932.webp (se usara default.webp).
2026-10-04 01:10:31 | WARNING | Imagen inexistente: img/players/47935.webp (se usara default.webp).
2026-10-04 01:10:31 | WARNING | Imagen inexistente: img/players/47938.webp (se usara default.webp).
2026-10-04 01:10:31 | WARNING | Imagen inexistente: img/players/47940.webp (se usara default.webp).
2026-10-04 01:10:31 | WARNING | Imagen inexistente: img/players/47945.webp (se usara default.webp).
2026-10-04 01:10:31 | WARNING | Imagen inexistente: img/players/47947.webp (se usara default.webp).
2026-10-04 01:10:31 | WARNING | Imagen inexistente: img/players/47952.webp (se usara default.webp).
2026-10-04 01:10:31 | WARNING | Imagen inexistente: img/players/47954.webp (se usara default.webp).
2026-10-04 01:10:31 | WARNING | Imagen inexistente: img/players/47956.webp (se usara default.webp).
2026-10-04 01:10:31 | WARNING | Imagen inexistente: img/players/47976.webp (se usara default.webp).
2026-10-04 01:10:31 | WARNING | Imagen inexistente: img/players/47992.webp (se usara default.webp).
2026-10-04 01:10:31 | WARNING | Imagen inexistente: img/players/48122.webp (se usara default.webp).
2026-10-04 01:10:31 | WARNING | Imagen inexistente: img/players/51507.webp (se usara default.webp).
2026-10-04 01:10:31 | WARNING | Imagen inexistente: img/players/51508.webp (se usara default.webp).
2026-10-04 01:10:31 | WARNING | Imagen inexistente: img/players/51509.webp (se usara default.webp).
2026-10-04 01:10:31 | WARNING | Imagen inexistente: img/players/51510.webp (se usara default.webp).
2026-10-04 01:10:31 | WARNING | Imagen inexistente: img/players/51512.webp (se usara default.webp).
2026-10-04 01:10:31 | WARNING | Imagen inexistente: img/players/51514.webp (se usara default.webp).
2026-10-04 01:10:31 | WARNING | Imagen inexistente: img/players/51516.webp (se usara default.webp).
2026-10-04 01:10:31 | WARNING | Imagen inexistente: img/players/51518.webp (se usara default.webp).
2026-10-04 01:10:31 | WARNING | Imagen inexistente: img/players/51519.webp (se usara default.webp).
2026-10-04 01:10:31 | WARNING | Imagen inexistente: img/players/51520.webp (se usara default.webp).
2026-10-04 01:10:31 | WARNING | Imagen inexistente: img/players/51521.webp (se usara default.webp).
2026-10-04 01:10:31 | WARNING | Imagen inexistente: img/players/51523.webp (se usara default.webp).
2026-10-04 01:10:31 | WARNING | Imagen inexistente: img/players/51524.webp (se usara default.webp).
2026-10-04 01:10:31 | WARNING | Imagen inexistente: img/players/51525.webp (se usara default.webp).
2026-10-04 01:10:31 | WARNING | Imagen inexistente: img/players/51526.webp (se usara default.webp).
2026-10-04 01:10:31 | WARNING | Imagen inexistente: img/players/52318.webp (se usara default.webp).
2026-10-04 01:10:31 | WARNING | Imagen inexistente: img/players/52319.webp (se usara default.webp).
2026-10-04 01:10:31 | WARNING | Imagen inexistente: img/players/52320.webp (se usara default.webp).
2026-10-04 01:10:31 | WARNING | Imagen inexistente: img/players/52321.webp (se usara default.webp).
2026-10-04 01:10:31 | WARNING | Imagen inexistente: img/players/52322.webp (se usara default.webp).
2026-10-04 01:10:31 | WARNING | Imagen inexistente: img/players/52323.webp (se usara default.webp).
2026-10-04 01:10:31 | WARNING | Imagen inexistente: img/players/52326.webp (se usara default.webp).
2026-10-04 01:10:31 | WARNING | Imagen inexistente: img/players/52327.webp (se usara default.webp).
2026-10-04 01:10:31 | WARNING | Imagen inexistente: img/players/52329.webp (se usara default.webp).
2026-10-04 01:10:31 | WARNING | Imagen inexistente: img/players/52332.webp (se usara default.webp).
2026-10-04 01:10:31 | WARNING | Imagen inexistente: img/players/52889.webp (se usara default.webp).
2026-10-04 01:10:31 | WARNING | Imagen inexistente: img/players/52890.webp (se usara default.webp).
2026-10-04 01:10:31 | WARNING | Imagen inexistente: img/players/52891.webp (se usara default.webp).
2026-10-04 01:10:31 | WARNING | Imagen inexistente: img/players/52892.webp (se usara default.webp).
2026-10-04 01:10:31 | WARNING | Imagen inexistente: img/players/52893.webp (se usara default.webp).
2026-10-04 01:10:31 | WARNING | Imagen inexistente: img/players/52894.webp (se usara default.webp).
2026-10-04 01:10:31 | WARNING | Imagen inexistente: img/players/52895.webp (se usara default.webp).
2026-10-04 01:10:31 | WARNING | Imagen inexistente: img/players/52896.webp (se usara default.webp).
2026-10-04 01:10:31 | WARNING | Imagen inexistente: img/players/52898.webp (se usara default.webp).
2026-10-04 01:10:31 | WARNING | Imagen inexistente: img/players/52899.webp (se usara default.webp).
2026-10-04 01:10:31 | WARNING | Imagen inexistente: img/players/52900.webp (se usara default.webp).
2026-10-04 01:10:31 | WARNING | Imagen inexistente: img/players/52901.webp (se usara default.webp).
2026-10-04 01:10:31 | WARNING | Imagen inexistente: img/players/52902.webp (se usara default.webp).
2026-10-04 01:10:31 | WARNING | Imagen inexistente: img/players/52903.webp (se usara default.webp).
2026-10-04 01:10:31 | WARNING | Imagen inexistente: img/players/52905.webp (se usara default.webp).
2026-10-04 01:10:31 | WARNING | Imagen inexistente: img/players/52906.webp (se usara default.webp).
2026-10-04 01:10:31 | WARNING | Imagen inexistente: img/players/52907.webp (se usara default.webp).
2026-10-04 01:10:31 | WARNING | Imagen inexistente: img/players/52908.webp (se usara default.webp).
2026-10-04 01:10:31 | WARNING | Imagen inexistente: img/players/52909.webp (se usara default.webp).
2026-10-04 01:10:31 | WARNING | Imagen inexistente: img/players/52910.webp (se usara default.webp).
2026-10-04 01:10:31 | WARNING | Imagen inexistente: img/players/52911.webp (se usara default.webp).
2026-10-04 01:10:31 | WARNING | Imagen inexistente: img/players/52912.webp (se usara default.webp).
2026-10-04 01:10:31 | WARNING | Imagen inexistente: img/players/52913.webp (se usara default.webp).
2026-10-04 01:10:31 | WARNING | Imagen inexistente: img/players/52914.webp (se usara default.webp).
2026-10-04 01:10:31 | WARNING | Imagen inexistente: img/players/52916.webp (se usara default.webp).
2026-10-04 01:10:31 | WARNING | Imagen inexistente: img/players/52917.webp (se usara default.webp).
2026-10-04 01:10:31 | WARNING | Imagen inexistente: img/players/52918.webp (se usara default.webp).
2026-10-04 01:10:31 | WARNING | Imagen inexistente: img/players/52919.webp (se usara default.webp).
2026-10-04 01:10:31 | WARNING | Imagen inexistente: img/players/52921.webp (se usara default.webp).
2026-10-04 01:10:31 | WARNING | Imagen inexistente: img/players/52922.webp (se usara default.webp).
2026-10-04 01:10:31 | WARNING | Imagen inexistente: img/players/52923.webp (se usara default.webp).
2026-10-04 01:10:31 | WARNING | Imagen inexistente: img/players/52924.webp (se usara default.webp).
2026-10-04 01:10:31 | WARNING | Imagen inexistente: img/players/52926.webp (se usara default.webp).
2026-10-04 01:10:31 | WARNING | Imagen inexistente: img/players/52927.webp (se usara default.webp).
2026-10-04 01:10:31 | WARNING | Imagen inexistente: img/players/52928.webp (se usara default.webp).
2026-10-04 01:10:31 | WARNING | Imagen inexistente: img/players/52929.webp (se usara default.webp).
2026-10-04 01:10:31 | WARNING | Imagen inexistente: img/players/52930.webp (se usara default.webp).
2026-10-04 01:10:31 | WARNING | Imagen inexistente: img/players/52931.webp (se usara default.webp).
2026-10-04 01:10:31 | WARNING | Imagen inexistente: img/players/52932.webp (se usara default.webp).
2026-10-04 01:10:31 | WARNING | Imagen inexistente: img/players/52933.webp (se usara default.webp).
2026-10-04 01:10:31 | WARNING | Imagen inexistente: img/players/52934.webp (se usara default.webp).
2026-10-04 01:10:31 | WARNING | Imagen inexistente: img/players/52935.webp (se usara default.webp).
2026-10-04 01:10:31 | WARNING | Imagen inexistente: img/players/52937.webp (se usara default.webp).
2026-10-04 01:10:31 | WARNING | Imagen inexistente: img/players/52938.webp (se usara default.webp).
2026-10-04 01:10:31 | WARNING | Imagen inexistente: img/players/52939.webp (se usara default.webp).
2026-10-04 01:10:31 | WARNING | Imagen inexistente: img/players/52940.webp (se usara default.webp).
2026-10-04 01:10:31 | WARNING | Imagen inexistente: img/players/52941.webp (se usara default.webp).
2026-10-04 01:10:31 | WARNING | Imagen inexistente: img/players/52942.webp (se usara default.webp).
2026-10-04 01:10:31 | WARNING | Imagen inexistente: img/players/52943.webp (se usara default.webp).
2026-10-04 01:10:31 | WARNING | Imagen inexistente: img/players/52944.webp (se usara default.webp).
2026-10-04 01:10:31 | WARNING | Imagen inexistente: img/players/52945.webp (se usara default.webp).
2026-10-04 01:10:31 | WARNING | Imagen inexistente: img/players/52947.webp (se usara default.webp).
2026-10-04 01:10:31 | WARNING | Imagen inexistente: img/players/52948.webp (se usara default.webp).
2026-10-04 01:10:31 | WARNING | Imagen inexistente: img/players/52949.webp (se usara default.webp).
2026-10-04 01:10:31 | WARNING | Imagen inexistente: img/players/52950.webp (se usara default.webp).
2026-10-04 01:10:31 | WARNING | Imagen inexistente: img/players/52951.webp (se usara default.webp).
2026-10-04 01:10:31 | WARNING | Imagen inexistente: img/players/52953.webp (se usara default.webp).
2026-10-04 01:10:31 | WARNING | Imagen inexistente: img/players/52954.webp (se usara default.webp).
2026-10-04 01:10:31 | WARNING | Imagen inexistente: img/players/52955.webp (se usara default.webp).
2026-10-04 01:10:31 | WARNING | Imagen inexistente: img/players/52956.webp (se usara default.webp).
2026-10-04 01:10:31 | WARNING | Imagen inexistente: img/players/52957.webp (se usara default.webp).
2026-10-04 01:10:31 | WARNING | Imagen inexistente: img/players/52958.webp (se usara default.webp).
2026-10-04 01:10:31 | WARNING | Imagen inexistente: img/players/52959.webp (se usara default.webp).
2026-10-04 01:10:31 | WARNING | Imagen inexistente: img/players/52960.webp (se usara default.webp).
2026-10-04 01:10:31 | WARNING | Imagen inexistente: img/players/52961.webp (se usara default.webp).
2026-10-04 01:10:31 | WARNING | Imagen inexistente: img/players/52962.webp (se usara default.webp).
2026-10-04 01:10:31 | WARNING | Imagen inexistente: img/players/52963.webp (se usara default.webp).
2026-10-04 01:10:31 | WARNING | Imagen inexistente: img/players/52965.webp (se usara default.webp).
2026-10-04 01:10:31 | WARNING | Imagen inexistente: img/players/52966.webp (se usara default.webp).
2026-10-04 01:10:31 | WARNING | Imagen inexistente: img/players/52967.webp (se usara default.webp).
2026-10-04 01:10:31 | WARNING | Imagen inexistente: img/players/52968.webp (se usara default.webp).
2026-10-04 01:10:31 | WARNING | Imagen inexistente: img/players/52969.webp (se usara default.webp).
2026-10-04 01:10:31 | WARNING | Imagen inexistente: img/players/52970.webp (se usara default.webp).
2026-10-04 01:10:31 | WARNING | Imagen inexistente: img/players/52971.webp (se usara default.webp).
2026-10-04 01:10:31 | WARNING | Imagen inexistente: img/players/52972.webp (se usara default.webp).
2026-10-04 01:10:31 | WARNING | Imagen inexistente: img/players/52973.webp (se usara default.webp).
2026-10-04 01:10:31 | WARNING | Imagen inexistente: img/players/52974.webp (se usara default.webp).
2026-10-04 01:10:31 | WARNING | Imagen inexistente: img/players/52975.webp (se usara default.webp).
2026-10-04 01:10:31 | WARNING | Imagen inexistente: img/players/52977.webp (se usara default.webp).
2026-10-04 01:10:31 | WARNING | Imagen inexistente: img/players/52978.webp (se usara default.webp).
2026-10-04 01:10:31 | WARNING | Imagen inexistente: img/players/52979.webp (se usara default.webp).
2026-10-04 01:10:31 | WARNING | Imagen inexistente: img/players/52980.webp (se usara default.webp).
2026-10-04 01:10:31 | WARNING | Imagen inexistente: img/players/52981.webp (se usara default.webp).
2026-10-04 01:10:31 | WARNING | Imagen inexistente: img/players/52982.webp (se usara default.webp).
2026-10-04 01:10:31 | WARNING | Imagen inexistente: img/players/52983.webp (se usara default.webp).
2026-10-04 01:10:31 | WARNING | Imagen inexistente: img/players/52984.webp (se usara default.webp).
2026-10-04 01:10:31 | WARNING | Imagen inexistente: img/players/52986.webp (se usara default.webp).
2026-10-04 01:10:31 | WARNING | Imagen inexistente: img/players/52987.webp (se usara default.webp).
2026-10-04 01:10:31 | WARNING | Imagen inexistente: img/players/52988.webp (se usara default.webp).
2026-10-04 01:10:31 | WARNING | Imagen inexistente: img/players/52992.webp (se usara default.webp).
2026-10-04 01:10:31 | WARNING | Imagen inexistente: img/players/52993.webp (se usara default.webp).
2026-10-04 01:10:31 | WARNING | Imagen inexistente: img/players/52999.webp (se usara default.webp).
2026-10-04 01:10:31 | WARNING | Imagen inexistente: img/players/53000.webp (se usara default.webp).
2026-10-04 01:10:31 | WARNING | Imagen inexistente: img/players/53002.webp (se usara default.webp).
2026-10-04 01:10:31 | WARNING | Imagen inexistente: img/players/53003.webp (se usara default.webp).
2026-10-04 01:10:31 | WARNING | Imagen inexistente: img/players/53015.webp (se usara default.webp).
2026-10-04 01:10:31 | WARNING | Imagen inexistente: img/players/53017.webp (se usara default.webp).
2026-10-04 01:10:31 | WARNING | Imagen inexistente: img/players/53018.webp (se usara default.webp).
2026-10-04 01:10:31 | WARNING | Imagen inexistente: img/players/53780.webp (se usara default.webp).
2026-10-04 01:10:31 | WARNING | Imagen inexistente: img/players/53781.webp (se usara default.webp).
2026-10-04 01:10:31 | WARNING | Imagen inexistente: img/players/53782.webp (se usara default.webp).
2026-10-04 01:10:31 | WARNING | Imagen inexistente: img/players/53786.webp (se usara default.webp).
2026-10-04 01:10:31 | WARNING | Imagen inexistente: img/players/53787.webp (se usara default.webp).
2026-10-04 01:10:31 | WARNING | Imagen inexistente: img/players/53791.webp (se usara default.webp).
2026-10-04 01:10:31 | WARNING | Imagen inexistente: img/players/53794.webp (se usara default.webp).
2026-10-04 01:10:31 | WARNING | Imagen inexistente: img/players/53795.webp (se usara default.webp).
2026-10-04 01:10:31 | WARNING | Imagen inexistente: img/players/53796.webp (se usara default.webp).
2026-10-04 01:10:31 | WARNING | Imagen inexistente: img/players/53797.webp (se usara default.webp).
2026-10-04 01:10:31 | WARNING | Imagen inexistente: img/players/53802.webp (se usara default.webp).
2026-10-04 01:10:31 | WARNING | Imagen inexistente: img/players/53898.webp (se usara default.webp).
2026-10-04 01:10:31 | WARNING | Imagen inexistente: img/players/53899.webp (se usara default.webp).
2026-10-04 01:10:31 | WARNING | Imagen inexistente: img/players/53900.webp (se usara default.webp).
2026-10-04 01:10:31 | WARNING | Imagen inexistente: img/players/53901.webp (se usara default.webp).
2026-10-04 01:10:31 | WARNING | Imagen inexistente: img/players/53902.webp (se usara default.webp).
2026-10-04 01:10:31 | WARNING | Imagen inexistente: img/players/53904.webp (se usara default.webp).
2026-10-04 01:10:31 | WARNING | Imagen inexistente: img/players/53905.webp (se usara default.webp).
2026-10-04 01:10:31 | WARNING | Imagen inexistente: img/players/53908.webp (se usara default.webp).
2026-10-04 01:10:31 | WARNING | Imagen inexistente: img/players/53909.webp (se usara default.webp).
2026-10-04 01:10:31 | WARNING | Imagen inexistente: img/players/53917.webp (se usara default.webp).
2026-10-04 01:10:31 | WARNING | Imagen inexistente: img/players/54060.webp (se usara default.webp).
2026-10-04 01:10:31 | WARNING | Imagen inexistente: img/players/54063.webp (se usara default.webp).
2026-10-04 01:10:31 | WARNING | Imagen inexistente: img/players/54070.webp (se usara default.webp).
2026-10-04 01:10:31 | WARNING | Imagen inexistente: img/players/54073.webp (se usara default.webp).
2026-10-04 01:10:31 | WARNING | Imagen inexistente: img/players/54075.webp (se usara default.webp).
2026-10-04 01:10:31 | WARNING | Imagen inexistente: img/players/54076.webp (se usara default.webp).
2026-10-04 01:10:31 | WARNING | Imagen inexistente: img/players/54077.webp (se usara default.webp).
2026-10-04 01:10:31 | WARNING | Imagen inexistente: img/players/54078.webp (se usara default.webp).
2026-10-04 01:10:31 | WARNING | Imagen inexistente: img/players/54102.webp (se usara default.webp).
2026-10-04 01:10:31 | WARNING | Imagen inexistente: img/players/54103.webp (se usara default.webp).
2026-10-04 01:10:31 | WARNING | Imagen inexistente: img/players/54104.webp (se usara default.webp).
2026-10-04 01:10:31 | WARNING | Imagen inexistente: img/players/54105.webp (se usara default.webp).
2026-10-04 01:10:31 | WARNING | Imagen inexistente: img/players/54106.webp (se usara default.webp).
2026-10-04 01:10:31 | WARNING | Imagen inexistente: img/players/54107.webp (se usara default.webp).
2026-10-04 01:10:31 | WARNING | Imagen inexistente: img/players/54109.webp (se usara default.webp).
2026-10-04 01:10:31 | WARNING | Imagen inexistente: img/players/54110.webp (se usara default.webp).
2026-10-04 01:10:31 | WARNING | Imagen inexistente: img/players/54112.webp (se usara default.webp).
2026-10-04 01:10:31 | WARNING | Imagen inexistente: img/players/54114.webp (se usara default.webp).
2026-10-04 01:10:31 | WARNING | Imagen inexistente: img/players/54115.webp (se usara default.webp).
2026-10-04 01:10:31 | WARNING | Imagen inexistente: img/players/54116.webp (se usara default.webp).
2026-10-04 01:10:31 | WARNING | Imagen inexistente: img/players/54117.webp (se usara default.webp).
2026-10-04 01:10:31 | WARNING | Imagen inexistente: img/players/54122.webp (se usara default.webp).
2026-10-04 01:10:31 | WARNING | Imagen inexistente: img/players/54149.webp (se usara default.webp).
2026-10-04 01:10:31 | WARNING | Imagen inexistente: img/players/54164.webp (se usara default.webp).
2026-10-04 01:10:31 | WARNING | Imagen inexistente: img/players/54249.webp (se usara default.webp).
2026-10-04 01:10:31 | WARNING | Imagen inexistente: img/players/54252.webp (se usara default.webp).
2026-10-04 01:10:31 | WARNING | Imagen inexistente: img/players/54255.webp (se usara default.webp).
2026-10-04 01:10:31 | WARNING | Imagen inexistente: img/players/54260.webp (se usara default.webp).
2026-10-04 01:10:31 | WARNING | Imagen inexistente: img/players/54263.webp (se usara default.webp).
2026-10-04 01:10:31 | WARNING | Imagen inexistente: img/players/54265.webp (se usara default.webp).
2026-10-04 01:10:31 | WARNING | Imagen inexistente: img/players/54267.webp (se usara default.webp).
2026-10-04 01:10:31 | WARNING | Imagen inexistente: img/players/54346.webp (se usara default.webp).
2026-10-04 01:10:31 | WARNING | Imagen inexistente: img/players/54347.webp (se usara default.webp).
2026-10-04 01:10:31 | WARNING | Imagen inexistente: img/players/54349.webp (se usara default.webp).
2026-10-04 01:10:31 | WARNING | Imagen inexistente: img/players/54352.webp (se usara default.webp).
2026-10-04 01:10:31 | WARNING | Imagen inexistente: img/players/54358.webp (se usara default.webp).
2026-10-04 01:10:31 | WARNING | Imagen inexistente: img/players/54359.webp (se usara default.webp).
2026-10-04 01:10:31 | WARNING | Imagen inexistente: img/players/54368.webp (se usara default.webp).
2026-10-04 01:10:31 | WARNING | Imagen inexistente: img/players/54369.webp (se usara default.webp).
2026-10-04 01:10:31 | WARNING | Imagen inexistente: img/players/54370.webp (se usara default.webp).
2026-10-04 01:10:31 | WARNING | Imagen inexistente: img/players/54371.webp (se usara default.webp).
2026-10-04 01:10:31 | WARNING | Imagen inexistente: img/players/54372.webp (se usara default.webp).
2026-10-04 01:10:31 | WARNING | Imagen inexistente: img/players/54373.webp (se usara default.webp).
2026-10-04 01:10:31 | WARNING | Imagen inexistente: img/players/54375.webp (se usara default.webp).
2026-10-04 01:10:31 | WARNING | Imagen inexistente: img/players/54382.webp (se usara default.webp).
2026-10-04 01:10:31 | WARNING | Imagen inexistente: img/players/54406.webp (se usara default.webp).
2026-10-04 01:10:31 | WARNING | Imagen inexistente: img/players/54407.webp (se usara default.webp).
2026-10-04 01:10:31 | WARNING | Imagen inexistente: img/players/54409.webp (se usara default.webp).
2026-10-04 01:10:31 | WARNING | Imagen inexistente: img/players/54411.webp (se usara default.webp).
2026-10-04 01:10:31 | WARNING | Imagen inexistente: img/players/54418.webp (se usara default.webp).
2026-10-04 01:10:31 | WARNING | Imagen inexistente: img/players/54420.webp (se usara default.webp).
2026-10-04 01:10:31 | WARNING | Imagen inexistente: img/players/54426.webp (se usara default.webp).
2026-10-04 01:10:31 | WARNING | Imagen inexistente: img/players/54432.webp (se usara default.webp).
2026-10-04 01:10:31 | WARNING | Imagen inexistente: img/players/54433.webp (se usara default.webp).
2026-10-04 01:10:31 | WARNING | Imagen inexistente: img/players/54434.webp (se usara default.webp).
2026-10-04 01:10:31 | WARNING | Imagen inexistente: img/players/54438.webp (se usara default.webp).
2026-10-04 01:10:31 | WARNING | Imagen inexistente: img/players/54449.webp (se usara default.webp).
2026-10-04 01:10:31 | WARNING | Imagen inexistente: img/players/54660.webp (se usara default.webp).
2026-10-04 01:10:31 | WARNING | Imagen inexistente: img/players/54661.webp (se usara default.webp).
2026-10-04 01:10:31 | WARNING | Imagen inexistente: img/players/54662.webp (se usara default.webp).
2026-10-04 01:10:31 | WARNING | Imagen inexistente: img/players/54663.webp (se usara default.webp).
2026-10-04 01:10:31 | WARNING | Imagen inexistente: img/players/54664.webp (se usara default.webp).
2026-10-04 01:10:31 | WARNING | Imagen inexistente: img/players/54665.webp (se usara default.webp).
2026-10-04 01:10:31 | WARNING | Imagen inexistente: img/players/54666.webp (se usara default.webp).
2026-10-04 01:10:31 | WARNING | Imagen inexistente: img/players/54667.webp (se usara default.webp).
2026-10-04 01:10:31 | WARNING | Imagen inexistente: img/players/54685.webp (se usara default.webp).
2026-10-04 01:10:31 | WARNING | Imagen inexistente: img/players/54690.webp (se usara default.webp).
2026-10-04 01:10:31 | WARNING | Imagen inexistente: img/players/54697.webp (se usara default.webp).
2026-10-04 01:10:31 | WARNING | Imagen inexistente: img/players/54699.webp (se usara default.webp).
2026-10-04 01:10:31 | WARNING | Imagen inexistente: img/players/54700.webp (se usara default.webp).
2026-10-04 01:10:31 | WARNING | Imagen inexistente: img/players/54702.webp (se usara default.webp).
2026-10-04 01:10:31 | WARNING | Imagen inexistente: img/players/54704.webp (se usara default.webp).
2026-10-04 01:10:31 | WARNING | Imagen inexistente: img/players/54718.webp (se usara default.webp).
2026-10-04 01:10:31 | WARNING | Imagen inexistente: img/players/54729.webp (se usara default.webp).
2026-10-04 01:10:31 | WARNING | Imagen inexistente: img/players/54730.webp (se usara default.webp).
2026-10-04 01:10:31 | WARNING | Imagen inexistente: img/players/54731.webp (se usara default.webp).
2026-10-04 01:10:31 | WARNING | Imagen inexistente: img/players/54733.webp (se usara default.webp).
2026-10-04 01:10:31 | WARNING | Imagen inexistente: img/players/54735.webp (se usara default.webp).
2026-10-04 01:10:31 | WARNING | Imagen inexistente: img/players/54737.webp (se usara default.webp).
2026-10-04 01:10:31 | WARNING | Imagen inexistente: img/players/54738.webp (se usara default.webp).
2026-10-04 01:10:31 | WARNING | Imagen inexistente: img/players/54741.webp (se usara default.webp).
2026-10-04 01:10:31 | WARNING | Imagen inexistente: img/players/54742.webp (se usara default.webp).
2026-10-04 01:10:31 | WARNING | Imagen inexistente: img/players/54743.webp (se usara default.webp).
2026-10-04 01:10:31 | WARNING | Imagen inexistente: img/players/54750.webp (se usara default.webp).
2026-10-04 01:10:31 | WARNING | Imagen inexistente: img/players/54752.webp (se usara default.webp).
2026-10-04 01:10:31 | WARNING | Imagen inexistente: img/players/54755.webp (se usara default.webp).
2026-10-04 01:10:31 | WARNING | Imagen inexistente: img/players/54759.webp (se usara default.webp).
2026-10-04 01:10:31 | WARNING | Imagen inexistente: img/players/54760.webp (se usara default.webp).
2026-10-04 01:10:31 | WARNING | Imagen inexistente: img/players/54763.webp (se usara default.webp).
2026-10-04 01:10:31 | WARNING | Imagen inexistente: img/players/54764.webp (se usara default.webp).
2026-10-04 01:10:31 | WARNING | Imagen inexistente: img/players/54765.webp (se usara default.webp).
2026-10-04 01:10:31 | WARNING | Imagen inexistente: img/players/54767.webp (se usara default.webp).
2026-10-04 01:10:31 | WARNING | Imagen inexistente: img/players/54769.webp (se usara default.webp).
2026-10-04 01:10:31 | WARNING | Imagen inexistente: img/players/54770.webp (se usara default.webp).
2026-10-04 01:10:31 | WARNING | Imagen inexistente: img/players/54772.webp (se usara default.webp).
2026-10-04 01:10:31 | WARNING | Imagen inexistente: img/players/54773.webp (se usara default.webp).
2026-10-04 01:10:31 | WARNING | Imagen inexistente: img/players/54776.webp (se usara default.webp).
2026-10-04 01:10:31 | WARNING | Imagen inexistente: img/players/54778.webp (se usara default.webp).
2026-10-04 01:10:31 | WARNING | Imagen inexistente: img/players/54781.webp (se usara default.webp).
2026-10-04 01:10:31 | WARNING | Imagen inexistente: img/players/54782.webp (se usara default.webp).
2026-10-04 01:10:31 | WARNING | Imagen inexistente: img/players/54784.webp (se usara default.webp).
2026-10-04 01:10:31 | WARNING | Imagen inexistente: img/players/54788.webp (se usara default.webp).
2026-10-04 01:10:31 | WARNING | Imagen inexistente: img/players/54789.webp (se usara default.webp).
2026-10-04 01:10:31 | WARNING | Imagen inexistente: img/players/54796.webp (se usara default.webp).
2026-10-04 01:10:31 | WARNING | Imagen inexistente: img/players/54797.webp (se usara default.webp).
2026-10-04 01:10:31 | WARNING | Imagen inexistente: img/players/54799.webp (se usara default.webp).
2026-10-04 01:10:31 | WARNING | Imagen inexistente: img/players/54800.webp (se usara default.webp).
2026-10-04 01:10:31 | WARNING | Imagen inexistente: img/players/54801.webp (se usara default.webp).
2026-10-04 01:10:31 | WARNING | Imagen inexistente: img/players/54802.webp (se usara default.webp).
2026-10-04 01:10:31 | WARNING | Imagen inexistente: img/players/54803.webp (se usara default.webp).
2026-10-04 01:10:31 | WARNING | Imagen inexistente: img/players/54804.webp (se usara default.webp).
2026-10-04 01:10:31 | WARNING | Imagen inexistente: img/players/54806.webp (se usara default.webp).
2026-10-04 01:10:31 | WARNING | Imagen inexistente: img/players/54813.webp (se usara default.webp).
2026-10-04 01:10:31 | WARNING | Imagen inexistente: img/players/54816.webp (se usara default.webp).
2026-10-04 01:10:31 | WARNING | Imagen inexistente: img/players/54817.webp (se usara default.webp).
2026-10-04 01:10:31 | WARNING | Imagen inexistente: img/players/54818.webp (se usara default.webp).
2026-10-04 01:10:31 | WARNING | Imagen inexistente: img/players/54831.webp (se usara default.webp).
2026-10-04 01:10:31 | WARNING | Imagen inexistente: img/players/54877.webp (se usara default.webp).
2026-10-04 01:10:31 | WARNING | Imagen inexistente: img/players/54885.webp (se usara default.webp).
2026-10-04 01:10:31 | WARNING | Imagen inexistente: img/players/54886.webp (se usara default.webp).
2026-10-04 01:10:31 | WARNING | Imagen inexistente: img/players/54887.webp (se usara default.webp).
2026-10-04 01:10:31 | WARNING | Imagen inexistente: img/players/54888.webp (se usara default.webp).
2026-10-04 01:10:31 | WARNING | Imagen inexistente: img/players/54890.webp (se usara default.webp).
2026-10-04 01:10:31 | WARNING | Imagen inexistente: img/players/54895.webp (se usara default.webp).
2026-10-04 01:10:31 | WARNING | Imagen inexistente: img/players/54896.webp (se usara default.webp).
2026-10-04 01:10:31 | WARNING | Imagen inexistente: img/players/54898.webp (se usara default.webp).
2026-10-04 01:10:31 | WARNING | Imagen inexistente: img/players/54900.webp (se usara default.webp).
2026-10-04 01:10:31 | WARNING | Imagen inexistente: img/players/54905.webp (se usara default.webp).
2026-10-04 01:10:31 | WARNING | Imagen inexistente: img/players/54906.webp (se usara default.webp).
2026-10-04 01:10:31 | WARNING | Imagen inexistente: img/players/54909.webp (se usara default.webp).
2026-10-04 01:10:31 | WARNING | Imagen inexistente: img/players/54911.webp (se usara default.webp).
2026-10-04 01:10:31 | WARNING | Imagen inexistente: img/players/54913.webp (se usara default.webp).
2026-10-04 01:10:31 | WARNING | Imagen inexistente: img/players/54914.webp (se usara default.webp).
2026-10-04 01:10:31 | WARNING | Imagen inexistente: img/players/54915.webp (se usara default.webp).
2026-10-04 01:10:31 | WARNING | Imagen inexistente: img/players/54917.webp (se usara default.webp).
2026-10-04 01:10:31 | WARNING | Imagen inexistente: img/players/54918.webp (se usara default.webp).
2026-10-04 01:10:31 | WARNING | Imagen inexistente: img/players/54919.webp (se usara default.webp).
2026-10-04 01:10:31 | WARNING | Imagen inexistente: img/players/54920.webp (se usara default.webp).
2026-10-04 01:10:31 | WARNING | Imagen inexistente: img/players/54923.webp (se usara default.webp).
2026-10-04 01:10:31 | WARNING | Imagen inexistente: img/players/54924.webp (se usara default.webp).
2026-10-04 01:10:31 | WARNING | Imagen inexistente: img/players/54926.webp (se usara default.webp).
2026-10-04 01:10:31 | WARNING | Imagen inexistente: img/players/54927.webp (se usara default.webp).
2026-10-04 01:10:31 | WARNING | Imagen inexistente: img/players/54928.webp (se usara default.webp).
2026-10-04 01:10:31 | WARNING | Imagen inexistente: img/players/54929.webp (se usara default.webp).
2026-10-04 01:10:31 | WARNING | Imagen inexistente: img/players/54930.webp (se usara default.webp).
2026-10-04 01:10:31 | WARNING | Imagen inexistente: img/players/54933.webp (se usara default.webp).
2026-10-04 01:10:31 | WARNING | Imagen inexistente: img/players/54934.webp (se usara default.webp).
2026-10-04 01:10:31 | WARNING | Imagen inexistente: img/players/54935.webp (se usara default.webp).
2026-10-04 01:10:31 | WARNING | Imagen inexistente: img/players/54937.webp (se usara default.webp).
2026-10-04 01:10:31 | WARNING | Imagen inexistente: img/players/54938.webp (se usara default.webp).
2026-10-04 01:10:31 | WARNING | Imagen inexistente: img/players/54939.webp (se usara default.webp).
2026-10-04 01:10:31 | WARNING | Imagen inexistente: img/players/54940.webp (se usara default.webp).
2026-10-04 01:10:31 | WARNING | Imagen inexistente: img/players/54941.webp (se usara default.webp).
2026-10-04 01:10:31 | WARNING | Imagen inexistente: img/players/54943.webp (se usara default.webp).
2026-10-04 01:10:31 | WARNING | Imagen inexistente: img/players/54944.webp (se usara default.webp).
2026-10-04 01:10:31 | WARNING | Imagen inexistente: img/players/54945.webp (se usara default.webp).
2026-10-04 01:10:31 | WARNING | Imagen inexistente: img/players/54946.webp (se usara default.webp).
2026-10-04 01:10:31 | WARNING | Imagen inexistente: img/players/54948.webp (se usara default.webp).
2026-10-04 01:10:31 | WARNING | Imagen inexistente: img/players/54949.webp (se usara default.webp).
2026-10-04 01:10:31 | WARNING | Imagen inexistente: img/players/54950.webp (se usara default.webp).
2026-10-04 01:10:31 | WARNING | Imagen inexistente: img/players/54951.webp (se usara default.webp).
2026-10-04 01:10:31 | WARNING | Imagen inexistente: img/players/54952.webp (se usara default.webp).
2026-10-04 01:10:31 | WARNING | Imagen inexistente: img/players/54954.webp (se usara default.webp).
2026-10-04 01:10:31 | WARNING | Imagen inexistente: img/players/54955.webp (se usara default.webp).
2026-10-04 01:10:31 | WARNING | Imagen inexistente: img/players/54956.webp (se usara default.webp).
2026-10-04 01:10:31 | WARNING | Imagen inexistente: img/players/54957.webp (se usara default.webp).
2026-10-04 01:10:31 | WARNING | Imagen inexistente: img/players/54959.webp (se usara default.webp).
2026-10-04 01:10:31 | WARNING | Imagen inexistente: img/players/54960.webp (se usara default.webp).
2026-10-04 01:10:31 | WARNING | Imagen inexistente: img/players/54963.webp (se usara default.webp).
2026-10-04 01:10:31 | WARNING | Imagen inexistente: img/players/54965.webp (se usara default.webp).
2026-10-04 01:10:31 | WARNING | Imagen inexistente: img/players/54966.webp (se usara default.webp).
2026-10-04 01:10:31 | WARNING | Imagen inexistente: img/players/54967.webp (se usara default.webp).
2026-10-04 01:10:31 | WARNING | Imagen inexistente: img/players/54968.webp (se usara default.webp).
2026-10-04 01:10:31 | WARNING | Imagen inexistente: img/players/54969.webp (se usara default.webp).
2026-10-04 01:10:31 | WARNING | Imagen inexistente: img/players/54970.webp (se usara default.webp).
2026-10-04 01:10:31 | WARNING | Imagen inexistente: img/players/54971.webp (se usara default.webp).
2026-10-04 01:10:31 | WARNING | Imagen inexistente: img/players/54972.webp (se usara default.webp).
2026-10-04 01:10:31 | WARNING | Imagen inexistente: img/players/54973.webp (se usara default.webp).
2026-10-04 01:10:31 | WARNING | Imagen inexistente: img/players/54975.webp (se usara default.webp).
2026-10-04 01:10:31 | WARNING | Imagen inexistente: img/players/54977.webp (se usara default.webp).
2026-10-04 01:10:31 | WARNING | Imagen inexistente: img/players/54978.webp (se usara default.webp).
2026-10-04 01:10:31 | WARNING | Imagen inexistente: img/players/54979.webp (se usara default.webp).
2026-10-04 01:10:31 | WARNING | Imagen inexistente: img/players/54980.webp (se usara default.webp).
2026-10-04 01:10:31 | WARNING | Imagen inexistente: img/players/54981.webp (se usara default.webp).
2026-10-04 01:10:31 | WARNING | Imagen inexistente: img/players/54985.webp (se usara default.webp).
2026-10-04 01:10:31 | WARNING | Imagen inexistente: img/players/54986.webp (se usara default.webp).
2026-10-04 01:10:31 | WARNING | Imagen inexistente: img/players/54987.webp (se usara default.webp).
2026-10-04 01:10:31 | WARNING | Imagen inexistente: img/players/54988.webp (se usara default.webp).
2026-10-04 01:10:31 | WARNING | Imagen inexistente: img/players/54989.webp (se usara default.webp).
2026-10-04 01:10:31 | WARNING | Imagen inexistente: img/players/54990.webp (se usara default.webp).
2026-10-04 01:10:31 | WARNING | Imagen inexistente: img/players/54991.webp (se usara default.webp).
2026-10-04 01:10:31 | WARNING | Imagen inexistente: img/players/54993.webp (se usara default.webp).
2026-10-04 01:10:31 | WARNING | Imagen inexistente: img/players/54994.webp (se usara default.webp).
2026-10-04 01:10:31 | WARNING | Imagen inexistente: img/players/54995.webp (se usara default.webp).
2026-10-04 01:10:31 | WARNING | Imagen inexistente: img/players/54996.webp (se usara default.webp).
2026-10-04 01:10:31 | WARNING | Imagen inexistente: img/players/54997.webp (se usara default.webp).
2026-10-04 01:10:31 | WARNING | Imagen inexistente: img/players/54998.webp (se usara default.webp).
2026-10-04 01:10:31 | WARNING | Imagen inexistente: img/players/54999.webp (se usara default.webp).
2026-10-04 01:10:31 | WARNING | Imagen inexistente: img/players/55000.webp (se usara default.webp).
2026-10-04 01:10:31 | WARNING | Imagen inexistente: img/players/55001.webp (se usara default.webp).
2026-10-04 01:10:31 | WARNING | Imagen inexistente: img/players/55002.webp (se usara default.webp).
2026-10-04 01:10:31 | WARNING | Imagen inexistente: img/players/55004.webp (se usara default.webp).
2026-10-04 01:10:31 | WARNING | Imagen inexistente: img/players/55005.webp (se usara default.webp).
2026-10-04 01:10:31 | WARNING | Imagen inexistente: img/players/55006.webp (se usara default.webp).
2026-10-04 01:10:31 | WARNING | Imagen inexistente: img/players/55007.webp (se usara default.webp).
2026-10-04 01:10:31 | WARNING | Imagen inexistente: img/players/55008.webp (se usara default.webp).
2026-10-04 01:10:31 | WARNING | Imagen inexistente: img/players/55009.webp (se usara default.webp).
2026-10-04 01:10:31 | WARNING | Imagen inexistente: img/players/55010.webp (se usara default.webp).
2026-10-04 01:10:31 | WARNING | Imagen inexistente: img/players/55012.webp (se usara default.webp).
2026-10-04 01:10:31 | WARNING | Imagen inexistente: img/players/55014.webp (se usara default.webp).
2026-10-04 01:10:31 | WARNING | Imagen inexistente: img/players/55015.webp (se usara default.webp).
2026-10-04 01:10:31 | WARNING | Imagen inexistente: img/players/55017.webp (se usara default.webp).
2026-10-04 01:10:31 | WARNING | Imagen inexistente: img/players/55018.webp (se usara default.webp).
2026-10-04 01:10:31 | WARNING | Imagen inexistente: img/players/55019.webp (se usara default.webp).
2026-10-04 01:10:31 | WARNING | Imagen inexistente: img/players/55020.webp (se usara default.webp).
2026-10-04 01:10:31 | WARNING | Imagen inexistente: img/players/55021.webp (se usara default.webp).
2026-10-04 01:10:31 | WARNING | Imagen inexistente: img/players/55023.webp (se usara default.webp).
2026-10-04 01:10:31 | WARNING | Imagen inexistente: img/players/55024.webp (se usara default.webp).
2026-10-04 01:10:31 | WARNING | Imagen inexistente: img/players/55025.webp (se usara default.webp).
2026-10-04 01:10:31 | WARNING | Imagen inexistente: img/players/55027.webp (se usara default.webp).
2026-10-04 01:10:31 | WARNING | Imagen inexistente: img/players/55028.webp (se usara default.webp).
2026-10-04 01:10:31 | WARNING | Imagen inexistente: img/players/55029.webp (se usara default.webp).
2026-10-04 01:10:31 | WARNING | Imagen inexistente: img/players/55030.webp (se usara default.webp).
2026-10-04 01:10:31 | WARNING | Imagen inexistente: img/players/55031.webp (se usara default.webp).
2026-10-04 01:10:31 | WARNING | Imagen inexistente: img/players/55032.webp (se usara default.webp).
2026-10-04 01:10:31 | WARNING | Imagen inexistente: img/players/55033.webp (se usara default.webp).
2026-10-04 01:10:31 | WARNING | Imagen inexistente: img/players/55034.webp (se usara default.webp).
2026-10-04 01:10:31 | WARNING | Imagen inexistente: img/players/55035.webp (se usara default.webp).
2026-10-04 01:10:31 | WARNING | Imagen inexistente: img/players/55039.webp (se usara default.webp).
2026-10-04 01:10:31 | WARNING | Imagen inexistente: img/players/55040.webp (se usara default.webp).
2026-10-04 01:10:31 | WARNING | Imagen inexistente: img/players/55042.webp (se usara default.webp).
2026-10-04 01:10:31 | WARNING | Imagen inexistente: img/players/55048.webp (se usara default.webp).
2026-10-04 01:10:31 | WARNING | Imagen inexistente: img/players/55049.webp (se usara default.webp).
2026-10-04 01:10:31 | WARNING | Imagen inexistente: img/players/55050.webp (se usara default.webp).
2026-10-04 01:10:31 | WARNING | Imagen inexistente: img/players/55054.webp (se usara default.webp).
2026-10-04 01:10:31 | WARNING | Imagen inexistente: img/players/55057.webp (se usara default.webp).
2026-10-04 01:10:31 | WARNING | Imagen inexistente: img/players/55058.webp (se usara default.webp).
2026-10-04 01:10:31 | WARNING | Imagen inexistente: img/players/55059.webp (se usara default.webp).
2026-10-04 01:10:31 | WARNING | Imagen inexistente: img/players/55060.webp (se usara default.webp).
2026-10-04 01:10:31 | WARNING | Imagen inexistente: img/players/55061.webp (se usara default.webp).
2026-10-04 01:10:31 | WARNING | Imagen inexistente: img/players/55065.webp (se usara default.webp).
2026-10-04 01:10:31 | WARNING | Imagen inexistente: img/players/55066.webp (se usara default.webp).
2026-10-04 01:10:31 | WARNING | Imagen inexistente: img/players/55067.webp (se usara default.webp).
2026-10-04 01:10:31 | WARNING | Imagen inexistente: img/players/55068.webp (se usara default.webp).
2026-10-04 01:10:31 | WARNING | Imagen inexistente: img/players/55069.webp (se usara default.webp).
2026-10-04 01:10:31 | WARNING | Imagen inexistente: img/players/55070.webp (se usara default.webp).
2026-10-04 01:10:31 | WARNING | Imagen inexistente: img/players/55071.webp (se usara default.webp).
2026-10-04 01:10:31 | WARNING | Imagen inexistente: img/players/55072.webp (se usara default.webp).
2026-10-04 01:10:31 | WARNING | Imagen inexistente: img/players/55073.webp (se usara default.webp).
2026-10-04 01:10:31 | WARNING | Imagen inexistente: img/players/55074.webp (se usara default.webp).
2026-10-04 01:10:31 | WARNING | Imagen inexistente: img/players/55075.webp (se usara default.webp).
2026-10-04 01:10:32 | WARNING | Imagen inexistente: img/players/55077.webp (se usara default.webp).
2026-10-04 01:10:32 | WARNING | Imagen inexistente: img/players/55078.webp (se usara default.webp).
2026-10-04 01:10:32 | WARNING | Imagen inexistente: img/players/55079.webp (se usara default.webp).
2026-10-04 01:10:32 | WARNING | Imagen inexistente: img/players/55080.webp (se usara default.webp).
2026-10-04 01:10:32 | WARNING | Imagen inexistente: img/players/55081.webp (se usara default.webp).
2026-10-04 01:10:32 | WARNING | Imagen inexistente: img/players/55082.webp (se usara default.webp).
2026-10-04 01:10:32 | WARNING | Imagen inexistente: img/players/55083.webp (se usara default.webp).
2026-10-04 01:10:32 | WARNING | Imagen inexistente: img/players/55084.webp (se usara default.webp).
2026-10-04 01:10:32 | WARNING | Imagen inexistente: img/players/55085.webp (se usara default.webp).
2026-10-04 01:10:32 | WARNING | Imagen inexistente: img/players/55086.webp (se usara default.webp).
2026-10-04 01:10:32 | WARNING | Imagen inexistente: img/players/55087.webp (se usara default.webp).
2026-10-04 01:10:32 | WARNING | Imagen inexistente: img/players/55088.webp (se usara default.webp).
2026-10-04 01:10:32 | WARNING | Imagen inexistente: img/players/55089.webp (se usara default.webp).
2026-10-04 01:10:32 | WARNING | Imagen inexistente: img/players/55090.webp (se usara default.webp).
2026-10-04 01:10:32 | WARNING | Imagen inexistente: img/players/55091.webp (se usara default.webp).
2026-10-04 01:10:32 | WARNING | Imagen inexistente: img/players/55092.webp (se usara default.webp).
2026-10-04 01:10:32 | WARNING | Imagen inexistente: img/players/55094.webp (se usara default.webp).
2026-10-04 01:10:32 | WARNING | Imagen inexistente: img/players/55095.webp (se usara default.webp).
2026-10-04 01:10:32 | WARNING | Imagen inexistente: img/players/55096.webp (se usara default.webp).
2026-10-04 01:10:32 | WARNING | Imagen inexistente: img/players/55097.webp (se usara default.webp).
2026-10-04 01:10:32 | WARNING | Imagen inexistente: img/players/55098.webp (se usara default.webp).
2026-10-04 01:10:32 | WARNING | Imagen inexistente: img/players/55099.webp (se usara default.webp).
2026-10-04 01:10:32 | WARNING | Imagen inexistente: img/players/55101.webp (se usara default.webp).
2026-10-04 01:10:32 | WARNING | Imagen inexistente: img/players/55102.webp (se usara default.webp).
2026-10-04 01:10:32 | WARNING | Imagen inexistente: img/players/55103.webp (se usara default.webp).
2026-10-04 01:10:32 | WARNING | Imagen inexistente: img/players/55104.webp (se usara default.webp).
2026-10-04 01:10:32 | WARNING | Imagen inexistente: img/players/55105.webp (se usara default.webp).
2026-10-04 01:10:32 | WARNING | Imagen inexistente: img/players/55106.webp (se usara default.webp).
2026-10-04 01:10:32 | WARNING | Imagen inexistente: img/players/55108.webp (se usara default.webp).
2026-10-04 01:10:32 | WARNING | Imagen inexistente: img/players/55109.webp (se usara default.webp).
2026-10-04 01:10:32 | WARNING | Imagen inexistente: img/players/55111.webp (se usara default.webp).
2026-10-04 01:10:32 | WARNING | Imagen inexistente: img/players/55112.webp (se usara default.webp).
2026-10-04 01:10:32 | WARNING | Imagen inexistente: img/players/55113.webp (se usara default.webp).
2026-10-04 01:10:32 | WARNING | Imagen inexistente: img/players/55114.webp (se usara default.webp).
2026-10-04 01:10:32 | WARNING | Imagen inexistente: img/players/55115.webp (se usara default.webp).
2026-10-04 01:10:32 | WARNING | Imagen inexistente: img/players/55144.webp (se usara default.webp).
2026-10-04 01:10:32 | WARNING | Imagen inexistente: img/players/55146.webp (se usara default.webp).
2026-10-04 01:10:32 | WARNING | Imagen inexistente: img/players/55147.webp (se usara default.webp).
2026-10-04 01:10:32 | WARNING | Imagen inexistente: img/players/55152.webp (se usara default.webp).
2026-10-04 01:10:32 | WARNING | Imagen inexistente: img/players/55153.webp (se usara default.webp).
2026-10-04 01:10:32 | WARNING | Imagen inexistente: img/players/55155.webp (se usara default.webp).
2026-10-04 01:10:32 | WARNING | Imagen inexistente: img/players/55158.webp (se usara default.webp).
2026-10-04 01:10:32 | WARNING | Imagen inexistente: img/players/55159.webp (se usara default.webp).
2026-10-04 01:10:32 | WARNING | Imagen inexistente: img/players/55160.webp (se usara default.webp).
2026-10-04 01:10:32 | WARNING | Imagen inexistente: img/players/55161.webp (se usara default.webp).
2026-10-04 01:10:32 | WARNING | Imagen inexistente: img/players/55162.webp (se usara default.webp).
2026-10-04 01:10:32 | WARNING | Imagen inexistente: img/players/55164.webp (se usara default.webp).
2026-10-04 01:10:32 | WARNING | Imagen inexistente: img/players/55165.webp (se usara default.webp).
2026-10-04 01:10:32 | WARNING | Imagen inexistente: img/players/55167.webp (se usara default.webp).
2026-10-04 01:10:32 | WARNING | Imagen inexistente: img/players/55169.webp (se usara default.webp).
2026-10-04 01:10:32 | WARNING | Imagen inexistente: img/players/55170.webp (se usara default.webp).
2026-10-04 01:10:32 | WARNING | Imagen inexistente: img/players/55171.webp (se usara default.webp).
2026-10-04 01:10:32 | WARNING | Imagen inexistente: img/players/55321.webp (se usara default.webp).
2026-10-04 01:10:32 | WARNING | Imagen inexistente: img/players/55401.webp (se usara default.webp).
2026-10-04 01:10:32 | WARNING | Imagen inexistente: img/players/55404.webp (se usara default.webp).
2026-10-04 01:10:32 | WARNING | Imagen inexistente: img/players/55405.webp (se usara default.webp).
2026-10-04 01:10:32 | WARNING | Imagen inexistente: img/players/55407.webp (se usara default.webp).
2026-10-04 01:10:32 | WARNING | Imagen inexistente: img/players/55409.webp (se usara default.webp).
2026-10-04 01:10:32 | WARNING | Imagen inexistente: img/players/55413.webp (se usara default.webp).
2026-10-04 01:10:32 | WARNING | Imagen inexistente: img/players/55414.webp (se usara default.webp).
2026-10-04 01:10:32 | WARNING | Imagen inexistente: img/players/55415.webp (se usara default.webp).
2026-10-04 01:10:32 | WARNING | Imagen inexistente: img/players/55417.webp (se usara default.webp).
2026-10-04 01:10:32 | WARNING | Imagen inexistente: img/players/55418.webp (se usara default.webp).
2026-10-04 01:10:32 | WARNING | Imagen inexistente: img/players/55428.webp (se usara default.webp).
2026-10-04 01:10:32 | WARNING | Imagen inexistente: img/players/55429.webp (se usara default.webp).
2026-10-04 01:10:32 | WARNING | Imagen inexistente: img/players/55430.webp (se usara default.webp).
2026-10-04 01:10:32 | WARNING | Imagen inexistente: img/players/55433.webp (se usara default.webp).
2026-10-04 01:10:32 | WARNING | Imagen inexistente: img/players/55434.webp (se usara default.webp).
2026-10-04 01:10:32 | WARNING | Imagen inexistente: img/players/55439.webp (se usara default.webp).
2026-10-04 01:10:32 | WARNING | Imagen inexistente: img/players/55440.webp (se usara default.webp).
2026-10-04 01:10:32 | WARNING | Imagen inexistente: img/players/55442.webp (se usara default.webp).
2026-10-04 01:10:32 | WARNING | Imagen inexistente: img/players/55444.webp (se usara default.webp).
2026-10-04 01:10:32 | WARNING | Imagen inexistente: img/players/55445.webp (se usara default.webp).
2026-10-04 01:10:32 | WARNING | Imagen inexistente: img/players/55526.webp (se usara default.webp).
2026-10-04 01:10:32 | WARNING | Imagen inexistente: img/players/55648.webp (se usara default.webp).
2026-10-04 01:10:32 | WARNING | Imagen inexistente: img/players/55651.webp (se usara default.webp).
2026-10-04 01:10:32 | WARNING | Imagen inexistente: img/players/55656.webp (se usara default.webp).
2026-10-04 01:10:32 | WARNING | Imagen inexistente: img/players/55665.webp (se usara default.webp).
2026-10-04 01:10:32 | WARNING | Imagen inexistente: img/players/55703.webp (se usara default.webp).
2026-10-04 01:10:32 | WARNING | Imagen inexistente: img/players/55704.webp (se usara default.webp).
2026-10-04 01:10:32 | WARNING | Imagen inexistente: img/players/55707.webp (se usara default.webp).
2026-10-04 01:10:32 | WARNING | Imagen inexistente: img/players/55717.webp (se usara default.webp).
2026-10-04 01:10:32 | WARNING | Imagen inexistente: img/players/55793.webp (se usara default.webp).
2026-10-04 01:10:32 | WARNING | Imagen inexistente: img/players/55794.webp (se usara default.webp).
2026-10-04 01:10:32 | WARNING | Imagen inexistente: img/players/55796.webp (se usara default.webp).
2026-10-04 01:10:32 | WARNING | Imagen inexistente: img/players/55821.webp (se usara default.webp).
2026-10-04 01:10:32 | WARNING | Imagen inexistente: img/players/55822.webp (se usara default.webp).
2026-10-04 01:10:32 | WARNING | Imagen inexistente: img/players/55823.webp (se usara default.webp).
2026-10-04 01:10:32 | WARNING | Imagen inexistente: img/players/55825.webp (se usara default.webp).
2026-10-04 01:10:32 | WARNING | Imagen inexistente: img/players/55827.webp (se usara default.webp).
2026-10-04 01:10:32 | WARNING | Imagen inexistente: img/players/55828.webp (se usara default.webp).
2026-10-04 01:10:32 | WARNING | Imagen inexistente: img/players/55853.webp (se usara default.webp).
2026-10-04 01:10:32 | WARNING | Imagen inexistente: img/players/55862.webp (se usara default.webp).
2026-10-04 01:10:32 | WARNING | Imagen inexistente: img/players/55867.webp (se usara default.webp).
2026-10-04 01:10:32 | WARNING | Imagen inexistente: img/players/55868.webp (se usara default.webp).
2026-10-04 01:10:32 | WARNING | Imagen inexistente: img/players/55895.webp (se usara default.webp).
2026-10-04 01:10:32 | WARNING | Imagen inexistente: img/players/55898.webp (se usara default.webp).
2026-10-04 01:10:32 | WARNING | Imagen inexistente: img/players/55899.webp (se usara default.webp).
2026-10-04 01:10:32 | WARNING | Imagen inexistente: img/players/55901.webp (se usara default.webp).
2026-10-04 01:10:32 | WARNING | Imagen inexistente: img/players/55904.webp (se usara default.webp).
2026-10-04 01:10:32 | WARNING | Imagen inexistente: img/players/55909.webp (se usara default.webp).
2026-10-04 01:10:32 | WARNING | Imagen inexistente: img/players/55912.webp (se usara default.webp).
2026-10-04 01:10:32 | WARNING | Imagen inexistente: img/players/55915.webp (se usara default.webp).
2026-10-04 01:10:32 | WARNING | Imagen inexistente: img/players/55916.webp (se usara default.webp).
2026-10-04 01:10:32 | WARNING | Imagen inexistente: img/players/55917.webp (se usara default.webp).
2026-10-04 01:10:32 | WARNING | Imagen inexistente: img/players/55918.webp (se usara default.webp).
2026-10-04 01:10:32 | WARNING | Imagen inexistente: img/players/55979.webp (se usara default.webp).
2026-10-04 01:10:32 | WARNING | Imagen inexistente: img/players/56044.webp (se usara default.webp).
2026-10-04 01:10:32 | WARNING | Imagen inexistente: img/players/56068.webp (se usara default.webp).
2026-10-04 01:10:32 | WARNING | Imagen inexistente: img/players/56095.webp (se usara default.webp).
2026-10-04 01:10:32 | WARNING | Imagen inexistente: img/players/56096.webp (se usara default.webp).
2026-10-04 01:10:32 | WARNING | Imagen inexistente: img/players/56098.webp (se usara default.webp).
2026-10-04 01:10:32 | WARNING | Imagen inexistente: img/players/56103.webp (se usara default.webp).
2026-10-04 01:10:32 | WARNING | Imagen inexistente: img/players/56109.webp (se usara default.webp).
2026-10-04 01:10:32 | WARNING | Imagen inexistente: img/players/56110.webp (se usara default.webp).
2026-10-04 01:10:32 | WARNING | Imagen inexistente: img/players/56112.webp (se usara default.webp).
2026-10-04 01:10:32 | WARNING | Imagen inexistente: img/players/56116.webp (se usara default.webp).
2026-10-04 01:10:32 | WARNING | Imagen inexistente: img/players/56117.webp (se usara default.webp).
2026-10-04 01:10:32 | WARNING | Imagen inexistente: img/players/56123.webp (se usara default.webp).
2026-10-04 01:10:32 | WARNING | Imagen inexistente: img/players/56127.webp (se usara default.webp).
2026-10-04 01:10:32 | WARNING | Imagen inexistente: img/players/56128.webp (se usara default.webp).
2026-10-04 01:10:32 | WARNING | Imagen inexistente: img/players/56138.webp (se usara default.webp).
2026-10-04 01:10:32 | WARNING | Imagen inexistente: img/players/56147.webp (se usara default.webp).
2026-10-04 01:10:32 | WARNING | Imagen inexistente: img/players/56177.webp (se usara default.webp).
2026-10-04 01:10:32 | WARNING | Imagen inexistente: img/players/56216.webp (se usara default.webp).
2026-10-04 01:10:32 | WARNING | Imagen inexistente: img/players/56228.webp (se usara default.webp).
2026-10-04 01:10:32 | WARNING | Imagen inexistente: img/players/56229.webp (se usara default.webp).
2026-10-04 01:10:32 | WARNING | Imagen inexistente: img/players/56231.webp (se usara default.webp).
2026-10-04 01:10:32 | WARNING | Imagen inexistente: img/players/56238.webp (se usara default.webp).
2026-10-04 01:10:32 | WARNING | Imagen inexistente: img/players/56240.webp (se usara default.webp).
2026-10-04 01:10:32 | WARNING | Imagen inexistente: img/players/56248.webp (se usara default.webp).
2026-10-04 01:10:32 | WARNING | Imagen inexistente: img/players/56299.webp (se usara default.webp).
2026-10-04 01:10:32 | WARNING | Imagen inexistente: img/players/56303.webp (se usara default.webp).
2026-10-04 01:10:32 | WARNING | Imagen inexistente: img/players/57006.webp (se usara default.webp).
2026-10-04 01:10:32 | WARNING | Imagen inexistente: img/players/57011.webp (se usara default.webp).
2026-10-04 01:10:32 | WARNING | Imagen inexistente: img/players/57021.webp (se usara default.webp).
2026-10-04 01:10:32 | WARNING | Imagen inexistente: img/players/57031.webp (se usara default.webp).
2026-10-04 01:10:32 | WARNING | Imagen inexistente: img/players/57032.webp (se usara default.webp).
2026-10-04 01:10:32 | WARNING | Imagen inexistente: img/players/57097.webp (se usara default.webp).
2026-10-04 01:10:32 | WARNING | Imagen inexistente: img/players/57126.webp (se usara default.webp).
2026-10-04 01:10:32 | WARNING | Imagen inexistente: img/players/57129.webp (se usara default.webp).
2026-10-04 01:10:32 | WARNING | Imagen inexistente: img/players/57132.webp (se usara default.webp).
2026-10-04 01:10:32 | WARNING | Imagen inexistente: img/players/57148.webp (se usara default.webp).
2026-10-04 01:10:32 | WARNING | Imagen inexistente: img/players/57183.webp (se usara default.webp).
2026-10-04 01:10:32 | WARNING | Imagen inexistente: img/players/57191.webp (se usara default.webp).
2026-10-04 01:10:32 | WARNING | Imagen inexistente: img/players/57197.webp (se usara default.webp).
2026-10-04 01:10:32 | WARNING | Imagen inexistente: img/players/57199.webp (se usara default.webp).
2026-10-04 01:10:32 | WARNING | Imagen inexistente: img/players/57200.webp (se usara default.webp).
2026-10-04 01:10:32 | WARNING | Imagen inexistente: img/players/57203.webp (se usara default.webp).
2026-10-04 01:10:32 | WARNING | Imagen inexistente: img/players/57206.webp (se usara default.webp).
2026-10-04 01:10:32 | WARNING | Imagen inexistente: img/players/57208.webp (se usara default.webp).
2026-10-04 01:10:32 | WARNING | Imagen inexistente: img/players/57209.webp (se usara default.webp).
2026-10-04 01:10:32 | WARNING | Imagen inexistente: img/players/57217.webp (se usara default.webp).
2026-10-04 01:10:32 | WARNING | Imagen inexistente: img/players/57222.webp (se usara default.webp).
2026-10-04 01:10:32 | WARNING | Imagen inexistente: img/players/57225.webp (se usara default.webp).
2026-10-04 01:10:32 | WARNING | Imagen inexistente: img/players/57228.webp (se usara default.webp).
2026-10-04 01:10:32 | WARNING | Imagen inexistente: img/players/57240.webp (se usara default.webp).
2026-10-04 01:10:32 | WARNING | Imagen inexistente: img/players/57243.webp (se usara default.webp).
2026-10-04 01:10:32 | WARNING | Imagen inexistente: img/players/57246.webp (se usara default.webp).
2026-10-04 01:10:32 | WARNING | Imagen inexistente: img/players/57247.webp (se usara default.webp).
2026-10-04 01:10:32 | WARNING | Imagen inexistente: img/players/57250.webp (se usara default.webp).
2026-10-04 01:10:32 | WARNING | Imagen inexistente: img/players/57263.webp (se usara default.webp).
2026-10-04 01:10:32 | WARNING | Imagen inexistente: img/players/57266.webp (se usara default.webp).
2026-10-04 01:10:32 | WARNING | Imagen inexistente: img/players/57267.webp (se usara default.webp).
2026-10-04 01:10:32 | WARNING | Imagen inexistente: img/players/57268.webp (se usara default.webp).
2026-10-04 01:10:32 | WARNING | Imagen inexistente: img/players/57271.webp (se usara default.webp).
2026-10-04 01:10:32 | WARNING | Imagen inexistente: img/players/57272.webp (se usara default.webp).
2026-10-04 01:10:32 | WARNING | Imagen inexistente: img/players/57274.webp (se usara default.webp).
2026-10-04 01:10:32 | WARNING | Imagen inexistente: img/players/57275.webp (se usara default.webp).
2026-10-04 01:10:32 | WARNING | Imagen inexistente: img/players/57314.webp (se usara default.webp).
2026-10-04 01:10:32 | WARNING | Imagen inexistente: img/players/57316.webp (se usara default.webp).
2026-10-04 01:10:32 | WARNING | Imagen inexistente: img/players/57347.webp (se usara default.webp).
2026-10-04 01:10:32 | WARNING | Imagen inexistente: img/players/57391.webp (se usara default.webp).
2026-10-04 01:10:32 | WARNING | Imagen inexistente: img/players/57398.webp (se usara default.webp).
2026-10-04 01:10:32 | WARNING | Imagen inexistente: img/players/57419.webp (se usara default.webp).
2026-10-04 01:10:32 | WARNING | Imagen inexistente: img/players/57431.webp (se usara default.webp).
2026-10-04 01:10:32 | WARNING | Imagen inexistente: img/players/57439.webp (se usara default.webp).
2026-10-04 01:10:32 | WARNING | Imagen inexistente: img/players/57445.webp (se usara default.webp).
2026-10-04 01:10:32 | WARNING | Imagen inexistente: img/players/57453.webp (se usara default.webp).
2026-10-04 01:10:32 | WARNING | Imagen inexistente: img/players/57454.webp (se usara default.webp).
2026-10-04 01:10:32 | WARNING | Imagen inexistente: img/players/57455.webp (se usara default.webp).
2026-10-04 01:10:32 | WARNING | Imagen inexistente: img/players/57456.webp (se usara default.webp).
2026-10-04 01:10:32 | WARNING | Imagen inexistente: img/players/57457.webp (se usara default.webp).
2026-10-04 01:10:32 | WARNING | Imagen inexistente: img/players/57461.webp (se usara default.webp).
2026-10-04 01:10:32 | WARNING | Imagen inexistente: img/players/57463.webp (se usara default.webp).
2026-10-04 01:10:32 | WARNING | Imagen inexistente: img/players/57465.webp (se usara default.webp).
2026-10-04 01:10:32 | WARNING | Imagen inexistente: img/players/57466.webp (se usara default.webp).
2026-10-04 01:10:32 | WARNING | Imagen inexistente: img/players/57470.webp (se usara default.webp).
2026-10-04 01:10:32 | WARNING | Imagen inexistente: img/players/57623.webp (se usara default.webp).
2026-10-04 01:10:32 | WARNING | Imagen inexistente: img/players/57627.webp (se usara default.webp).
2026-10-04 01:10:32 | WARNING | Imagen inexistente: img/players/57628.webp (se usara default.webp).
2026-10-04 01:10:32 | WARNING | Imagen inexistente: img/players/57632.webp (se usara default.webp).
2026-10-04 01:10:32 | WARNING | Imagen inexistente: img/players/57635.webp (se usara default.webp).
2026-10-04 01:10:32 | WARNING | Imagen inexistente: img/players/57638.webp (se usara default.webp).
2026-10-04 01:10:32 | WARNING | Imagen inexistente: img/players/57660.webp (se usara default.webp).
2026-10-04 01:10:32 | WARNING | Imagen inexistente: img/players/57661.webp (se usara default.webp).
2026-10-04 01:10:32 | WARNING | Imagen inexistente: img/players/57662.webp (se usara default.webp).
2026-10-04 01:10:32 | WARNING | Imagen inexistente: img/players/57663.webp (se usara default.webp).
2026-10-04 01:10:32 | WARNING | Imagen inexistente: img/players/57665.webp (se usara default.webp).
2026-10-04 01:10:32 | WARNING | Imagen inexistente: img/players/57669.webp (se usara default.webp).
2026-10-04 01:10:32 | WARNING | Imagen inexistente: img/players/57673.webp (se usara default.webp).
2026-10-04 01:10:32 | WARNING | Imagen inexistente: img/players/57675.webp (se usara default.webp).
2026-10-04 01:10:32 | WARNING | Imagen inexistente: img/players/57676.webp (se usara default.webp).
2026-10-04 01:10:32 | WARNING | Imagen inexistente: img/players/57681.webp (se usara default.webp).
2026-10-04 01:10:32 | WARNING | Imagen inexistente: img/players/57735.webp (se usara default.webp).
2026-10-04 01:10:32 | WARNING | Imagen inexistente: img/players/57899.webp (se usara default.webp).
2026-10-04 01:10:32 | WARNING | Imagen inexistente: img/players/57900.webp (se usara default.webp).
2026-10-04 01:10:32 | WARNING | Imagen inexistente: img/players/57912.webp (se usara default.webp).
2026-10-04 01:10:32 | WARNING | Imagen inexistente: img/players/57921.webp (se usara default.webp).
2026-10-04 01:10:32 | WARNING | Imagen inexistente: img/players/57924.webp (se usara default.webp).
2026-10-04 01:10:32 | WARNING | Imagen inexistente: img/players/57927.webp (se usara default.webp).
2026-10-04 01:10:32 | WARNING | Imagen inexistente: img/players/57928.webp (se usara default.webp).
2026-10-04 01:10:32 | WARNING | Imagen inexistente: img/players/57932.webp (se usara default.webp).
2026-10-04 01:10:32 | WARNING | Imagen inexistente: img/players/57934.webp (se usara default.webp).
2026-10-04 01:10:32 | WARNING | Imagen inexistente: img/players/57935.webp (se usara default.webp).
2026-10-04 01:10:32 | WARNING | Imagen inexistente: img/players/57936.webp (se usara default.webp).
2026-10-04 01:10:32 | WARNING | Imagen inexistente: img/players/57950.webp (se usara default.webp).
2026-10-04 01:10:32 | WARNING | Imagen inexistente: img/players/57958.webp (se usara default.webp).
2026-10-04 01:10:32 | WARNING | Imagen inexistente: img/players/57970.webp (se usara default.webp).
2026-10-04 01:10:32 | WARNING | Imagen inexistente: img/players/57972.webp (se usara default.webp).
2026-10-04 01:10:32 | WARNING | Imagen inexistente: img/players/57976.webp (se usara default.webp).
2026-10-04 01:10:32 | WARNING | Imagen inexistente: img/players/57983.webp (se usara default.webp).
2026-10-04 01:10:32 | WARNING | Imagen inexistente: img/players/57984.webp (se usara default.webp).
2026-10-04 01:10:32 | WARNING | Imagen inexistente: img/players/57995.webp (se usara default.webp).
2026-10-04 01:10:32 | WARNING | Imagen inexistente: img/players/57998.webp (se usara default.webp).
2026-10-04 01:10:32 | WARNING | Imagen inexistente: img/players/58003.webp (se usara default.webp).
2026-10-04 01:10:32 | WARNING | Imagen inexistente: img/players/58005.webp (se usara default.webp).
2026-10-04 01:10:32 | WARNING | Imagen inexistente: img/players/58006.webp (se usara default.webp).
2026-10-04 01:10:32 | WARNING | Imagen inexistente: img/players/58007.webp (se usara default.webp).
2026-10-04 01:10:32 | WARNING | Imagen inexistente: img/players/58012.webp (se usara default.webp).
2026-10-04 01:10:32 | WARNING | Imagen inexistente: img/players/58022.webp (se usara default.webp).
2026-10-04 01:10:32 | WARNING | Imagen inexistente: img/players/58024.webp (se usara default.webp).
2026-10-04 01:10:32 | WARNING | Imagen inexistente: img/players/58026.webp (se usara default.webp).
2026-10-04 01:10:32 | WARNING | Imagen inexistente: img/players/58031.webp (se usara default.webp).
2026-10-04 01:10:32 | WARNING | Imagen inexistente: img/players/58032.webp (se usara default.webp).
2026-10-04 01:10:32 | WARNING | Imagen inexistente: img/players/58034.webp (se usara default.webp).
2026-10-04 01:10:32 | WARNING | Imagen inexistente: img/players/58038.webp (se usara default.webp).
2026-10-04 01:10:32 | WARNING | Imagen inexistente: img/players/58039.webp (se usara default.webp).
2026-10-04 01:10:32 | WARNING | Imagen inexistente: img/players/58043.webp (se usara default.webp).
2026-10-04 01:10:32 | WARNING | Imagen inexistente: img/players/58052.webp (se usara default.webp).
2026-10-04 01:10:32 | WARNING | Imagen inexistente: img/players/58054.webp (se usara default.webp).
2026-10-04 01:10:32 | WARNING | Imagen inexistente: img/players/58055.webp (se usara default.webp).
2026-10-04 01:10:32 | WARNING | Imagen inexistente: img/players/58082.webp (se usara default.webp).
2026-10-04 01:10:32 | WARNING | Imagen inexistente: img/players/58083.webp (se usara default.webp).
2026-10-04 01:10:32 | WARNING | Imagen inexistente: img/players/58084.webp (se usara default.webp).
2026-10-04 01:10:32 | WARNING | Imagen inexistente: img/players/58086.webp (se usara default.webp).
2026-10-04 01:10:32 | WARNING | Imagen inexistente: img/players/58089.webp (se usara default.webp).
2026-10-04 01:10:32 | WARNING | Imagen inexistente: img/players/58095.webp (se usara default.webp).
2026-10-04 01:10:32 | WARNING | Imagen inexistente: img/players/58119.webp (se usara default.webp).
2026-10-04 01:10:32 | WARNING | Imagen inexistente: img/players/58134.webp (se usara default.webp).
2026-10-04 01:10:32 | WARNING | Imagen inexistente: img/players/58138.webp (se usara default.webp).
2026-10-04 01:10:32 | WARNING | Imagen inexistente: img/players/58151.webp (se usara default.webp).
2026-10-04 01:10:32 | WARNING | Imagen inexistente: img/players/58152.webp (se usara default.webp).
2026-10-04 01:10:32 | WARNING | Imagen inexistente: img/players/58153.webp (se usara default.webp).
2026-10-04 01:10:32 | WARNING | Imagen inexistente: img/players/58177.webp (se usara default.webp).
2026-10-04 01:10:32 | WARNING | Imagen inexistente: img/players/58183.webp (se usara default.webp).
2026-10-04 01:10:32 | WARNING | Imagen inexistente: img/players/58184.webp (se usara default.webp).
2026-10-04 01:10:32 | WARNING | Imagen inexistente: img/players/58188.webp (se usara default.webp).
2026-10-04 01:10:32 | WARNING | Imagen inexistente: img/players/58191.webp (se usara default.webp).
2026-10-04 01:10:32 | WARNING | Imagen inexistente: img/players/58194.webp (se usara default.webp).
2026-10-04 01:10:32 | WARNING | Imagen inexistente: img/players/58195.webp (se usara default.webp).
2026-10-04 01:10:32 | WARNING | Imagen inexistente: img/players/58200.webp (se usara default.webp).
2026-10-04 01:10:32 | WARNING | Imagen inexistente: img/players/58202.webp (se usara default.webp).
2026-10-04 01:10:32 | WARNING | Imagen inexistente: img/players/58203.webp (se usara default.webp).
2026-10-04 01:10:32 | WARNING | Imagen inexistente: img/players/58274.webp (se usara default.webp).
2026-10-04 01:10:32 | WARNING | Imagen inexistente: img/players/58275.webp (se usara default.webp).
2026-10-04 01:10:32 | WARNING | Imagen inexistente: img/players/58300.webp (se usara default.webp).
2026-10-04 01:10:32 | WARNING | Imagen inexistente: img/players/58324.webp (se usara default.webp).
2026-10-04 01:10:32 | WARNING | Imagen inexistente: img/players/58362.webp (se usara default.webp).
2026-10-04 01:10:32 | WARNING | Imagen inexistente: img/players/58411.webp (se usara default.webp).
2026-10-04 01:10:32 | WARNING | Imagen inexistente: img/players/58418.webp (se usara default.webp).
2026-10-04 01:10:32 | WARNING | Imagen inexistente: img/players/58595.webp (se usara default.webp).
2026-10-04 01:10:32 | WARNING | Imagen inexistente: img/players/58597.webp (se usara default.webp).
2026-10-04 01:10:32 | WARNING | Imagen inexistente: img/players/58608.webp (se usara default.webp).
2026-10-04 01:10:32 | WARNING | Imagen inexistente: img/players/58616.webp (se usara default.webp).
2026-10-04 01:10:32 | WARNING | Imagen inexistente: img/players/58646.webp (se usara default.webp).
2026-10-04 01:10:32 | WARNING | Imagen inexistente: img/players/58648.webp (se usara default.webp).
2026-10-04 01:10:32 | WARNING | Imagen inexistente: img/players/58651.webp (se usara default.webp).
2026-10-04 01:10:32 | WARNING | Imagen inexistente: img/players/58684.webp (se usara default.webp).
2026-10-04 01:10:32 | WARNING | Imagen inexistente: img/players/58718.webp (se usara default.webp).
2026-10-04 01:10:32 | WARNING | Imagen inexistente: img/players/58744.webp (se usara default.webp).
2026-10-04 01:10:32 | WARNING | Imagen inexistente: img/players/58767.webp (se usara default.webp).
2026-10-04 01:10:32 | WARNING | Imagen inexistente: img/players/58812.webp (se usara default.webp).
2026-10-04 01:10:32 | WARNING | Imagen inexistente: img/players/58813.webp (se usara default.webp).
2026-10-04 01:10:32 | WARNING | Imagen inexistente: img/players/58826.webp (se usara default.webp).
2026-10-04 01:10:32 | WARNING | Imagen inexistente: img/players/58832.webp (se usara default.webp).
2026-10-04 01:10:32 | WARNING | Imagen inexistente: img/players/58833.webp (se usara default.webp).
2026-10-04 01:10:32 | WARNING | Imagen inexistente: img/players/58836.webp (se usara default.webp).
2026-10-04 01:10:32 | WARNING | Imagen inexistente: img/players/59041.webp (se usara default.webp).
2026-10-04 01:10:32 | WARNING | Imagen inexistente: img/players/59158.webp (se usara default.webp).
2026-10-04 01:10:32 | WARNING | Imagen inexistente: img/players/59160.webp (se usara default.webp).
2026-10-04 01:10:32 | WARNING | Imagen inexistente: img/players/59161.webp (se usara default.webp).
2026-10-04 01:10:32 | WARNING | Imagen inexistente: img/players/59163.webp (se usara default.webp).
2026-10-04 01:10:32 | WARNING | Imagen inexistente: img/players/59164.webp (se usara default.webp).
2026-10-04 01:10:32 | WARNING | Imagen inexistente: img/players/59166.webp (se usara default.webp).
2026-10-04 01:10:32 | WARNING | Imagen inexistente: img/players/59169.webp (se usara default.webp).
2026-10-04 01:10:32 | WARNING | Imagen inexistente: img/players/59172.webp (se usara default.webp).
2026-10-04 01:10:32 | WARNING | Imagen inexistente: img/players/59178.webp (se usara default.webp).
2026-10-04 01:10:32 | WARNING | Imagen inexistente: img/players/59185.webp (se usara default.webp).
2026-10-04 01:10:32 | WARNING | Imagen inexistente: img/players/59189.webp (se usara default.webp).
2026-10-04 01:10:32 | WARNING | Imagen inexistente: img/players/59190.webp (se usara default.webp).
2026-10-04 01:10:32 | WARNING | Imagen inexistente: img/players/59197.webp (se usara default.webp).
2026-10-04 01:10:32 | WARNING | Imagen inexistente: img/players/59198.webp (se usara default.webp).
2026-10-04 01:10:32 | WARNING | Imagen inexistente: img/players/59200.webp (se usara default.webp).
2026-10-04 01:10:32 | WARNING | Imagen inexistente: img/players/59208.webp (se usara default.webp).
2026-10-04 01:10:32 | WARNING | Imagen inexistente: img/players/59219.webp (se usara default.webp).
2026-10-04 01:10:32 | WARNING | Imagen inexistente: img/players/59225.webp (se usara default.webp).
2026-10-04 01:10:32 | WARNING | Imagen inexistente: img/players/59238.webp (se usara default.webp).
2026-10-04 01:10:32 | WARNING | Imagen inexistente: img/players/59251.webp (se usara default.webp).
2026-10-04 01:10:32 | WARNING | Imagen inexistente: img/players/59252.webp (se usara default.webp).
2026-10-04 01:10:32 | WARNING | Imagen inexistente: img/players/59262.webp (se usara default.webp).
2026-10-04 01:10:32 | WARNING | Imagen inexistente: img/players/59266.webp (se usara default.webp).
2026-10-04 01:10:32 | WARNING | Imagen inexistente: img/players/59268.webp (se usara default.webp).
2026-10-04 01:10:32 | WARNING | Imagen inexistente: img/players/59270.webp (se usara default.webp).
2026-10-04 01:10:32 | WARNING | Imagen inexistente: img/players/59273.webp (se usara default.webp).
2026-10-04 01:10:32 | WARNING | Imagen inexistente: img/players/59275.webp (se usara default.webp).
2026-10-04 01:10:32 | WARNING | Imagen inexistente: img/players/59281.webp (se usara default.webp).
2026-10-04 01:10:32 | WARNING | Imagen inexistente: img/players/59285.webp (se usara default.webp).
2026-10-04 01:10:32 | WARNING | Imagen inexistente: img/players/59290.webp (se usara default.webp).
2026-10-04 01:10:32 | WARNING | Imagen inexistente: img/players/59291.webp (se usara default.webp).
2026-10-04 01:10:32 | WARNING | Imagen inexistente: img/players/59292.webp (se usara default.webp).
2026-10-04 01:10:32 | WARNING | Imagen inexistente: img/players/59293.webp (se usara default.webp).
2026-10-04 01:10:32 | WARNING | Imagen inexistente: img/players/59295.webp (se usara default.webp).
2026-10-04 01:10:32 | WARNING | Imagen inexistente: img/players/59298.webp (se usara default.webp).
2026-10-04 01:10:32 | WARNING | Imagen inexistente: img/players/59299.webp (se usara default.webp).
2026-10-04 01:10:32 | WARNING | Imagen inexistente: img/players/59337.webp (se usara default.webp).
2026-10-04 01:10:32 | WARNING | Imagen inexistente: img/players/59339.webp (se usara default.webp).
2026-10-04 01:10:32 | WARNING | Imagen inexistente: img/players/59341.webp (se usara default.webp).
2026-10-04 01:10:32 | WARNING | Imagen inexistente: img/players/59342.webp (se usara default.webp).
2026-10-04 01:10:32 | WARNING | Imagen inexistente: img/players/59352.webp (se usara default.webp).
2026-10-04 01:10:32 | WARNING | Imagen inexistente: img/players/59355.webp (se usara default.webp).
2026-10-04 01:10:32 | WARNING | Imagen inexistente: img/players/59359.webp (se usara default.webp).
2026-10-04 01:10:32 | WARNING | Imagen inexistente: img/players/59361.webp (se usara default.webp).
2026-10-04 01:10:32 | WARNING | Imagen inexistente: img/players/59364.webp (se usara default.webp).
2026-10-04 01:10:32 | WARNING | Imagen inexistente: img/players/59369.webp (se usara default.webp).
2026-10-04 01:10:32 | WARNING | Imagen inexistente: img/players/59389.webp (se usara default.webp).
2026-10-04 01:10:32 | WARNING | Imagen inexistente: img/players/59392.webp (se usara default.webp).
2026-10-04 01:10:32 | WARNING | Imagen inexistente: img/players/59394.webp (se usara default.webp).
2026-10-04 01:10:32 | WARNING | Imagen inexistente: img/players/59398.webp (se usara default.webp).
2026-10-04 01:10:32 | WARNING | Imagen inexistente: img/players/59406.webp (se usara default.webp).
2026-10-04 01:10:32 | WARNING | Imagen inexistente: img/players/59408.webp (se usara default.webp).
2026-10-04 01:10:32 | WARNING | Imagen inexistente: img/players/59409.webp (se usara default.webp).
2026-10-04 01:10:32 | WARNING | Imagen inexistente: img/players/59412.webp (se usara default.webp).
2026-10-04 01:10:32 | WARNING | Imagen inexistente: img/players/59414.webp (se usara default.webp).
2026-10-04 01:10:32 | WARNING | Imagen inexistente: img/players/59417.webp (se usara default.webp).
2026-10-04 01:10:32 | WARNING | Imagen inexistente: img/players/59422.webp (se usara default.webp).
2026-10-04 01:10:32 | WARNING | Imagen inexistente: img/players/59432.webp (se usara default.webp).
2026-10-04 01:10:32 | WARNING | Imagen inexistente: img/players/59435.webp (se usara default.webp).
2026-10-04 01:10:32 | WARNING | Imagen inexistente: img/players/59440.webp (se usara default.webp).
2026-10-04 01:10:32 | WARNING | Imagen inexistente: img/players/59441.webp (se usara default.webp).
2026-10-04 01:10:32 | WARNING | Imagen inexistente: img/players/59449.webp (se usara default.webp).
2026-10-04 01:10:32 | WARNING | Imagen inexistente: img/players/59450.webp (se usara default.webp).
2026-10-04 01:10:32 | WARNING | Imagen inexistente: img/players/59451.webp (se usara default.webp).
2026-10-04 01:10:32 | WARNING | Imagen inexistente: img/players/59469.webp (se usara default.webp).
2026-10-04 01:10:32 | WARNING | Imagen inexistente: img/players/59470.webp (se usara default.webp).
2026-10-04 01:10:32 | WARNING | Imagen inexistente: img/players/59472.webp (se usara default.webp).
2026-10-04 01:10:32 | WARNING | Imagen inexistente: img/players/59478.webp (se usara default.webp).
2026-10-04 01:10:32 | WARNING | Imagen inexistente: img/players/59479.webp (se usara default.webp).
2026-10-04 01:10:32 | WARNING | Imagen inexistente: img/players/59480.webp (se usara default.webp).
2026-10-04 01:10:32 | WARNING | Imagen inexistente: img/players/59482.webp (se usara default.webp).
2026-10-04 01:10:32 | WARNING | Imagen inexistente: img/players/59485.webp (se usara default.webp).
2026-10-04 01:10:32 | WARNING | Imagen inexistente: img/players/59526.webp (se usara default.webp).
2026-10-04 01:10:32 | WARNING | Imagen inexistente: img/players/59550.webp (se usara default.webp).
2026-10-04 01:10:32 | WARNING | Imagen inexistente: img/players/59578.webp (se usara default.webp).
2026-10-04 01:10:32 | WARNING | Imagen inexistente: img/players/59603.webp (se usara default.webp).
2026-10-04 01:10:32 | WARNING | Imagen inexistente: img/players/59611.webp (se usara default.webp).
2026-10-04 01:10:32 | WARNING | Imagen inexistente: img/players/59613.webp (se usara default.webp).
2026-10-04 01:10:32 | WARNING | Imagen inexistente: img/players/59616.webp (se usara default.webp).
2026-10-04 01:10:32 | WARNING | Imagen inexistente: img/players/59618.webp (se usara default.webp).
2026-10-04 01:10:32 | WARNING | Imagen inexistente: img/players/59639.webp (se usara default.webp).
2026-10-04 01:10:32 | WARNING | Imagen inexistente: img/players/59657.webp (se usara default.webp).
2026-10-04 01:10:32 | WARNING | Imagen inexistente: img/players/59671.webp (se usara default.webp).
2026-10-04 01:10:32 | WARNING | Imagen inexistente: img/players/59686.webp (se usara default.webp).
2026-10-04 01:10:32 | WARNING | Imagen inexistente: img/players/59687.webp (se usara default.webp).
2026-10-04 01:10:32 | WARNING | Imagen inexistente: img/players/59695.webp (se usara default.webp).
2026-10-04 01:10:32 | WARNING | Imagen inexistente: img/players/59709.webp (se usara default.webp).
2026-10-04 01:10:32 | WARNING | Imagen inexistente: img/players/59717.webp (se usara default.webp).
2026-10-04 01:10:32 | WARNING | Imagen inexistente: img/players/59725.webp (se usara default.webp).
2026-10-04 01:10:32 | WARNING | Imagen inexistente: img/players/59734.webp (se usara default.webp).
2026-10-04 01:10:32 | WARNING | Imagen inexistente: img/players/59740.webp (se usara default.webp).
2026-10-04 01:10:32 | WARNING | Imagen inexistente: img/players/59741.webp (se usara default.webp).
2026-10-04 01:10:32 | WARNING | Imagen inexistente: img/players/59742.webp (se usara default.webp).
2026-10-04 01:10:32 | WARNING | Imagen inexistente: img/players/59746.webp (se usara default.webp).
2026-10-04 01:10:32 | WARNING | Imagen inexistente: img/players/59748.webp (se usara default.webp).
2026-10-04 01:10:32 | WARNING | Imagen inexistente: img/players/59758.webp (se usara default.webp).
2026-10-04 01:10:32 | WARNING | Imagen inexistente: img/players/59767.webp (se usara default.webp).
2026-10-04 01:10:32 | WARNING | Imagen inexistente: img/players/59770.webp (se usara default.webp).
2026-10-04 01:10:32 | WARNING | Imagen inexistente: img/players/59771.webp (se usara default.webp).
2026-10-04 01:10:32 | WARNING | Imagen inexistente: img/players/59774.webp (se usara default.webp).
2026-10-04 01:10:32 | WARNING | Imagen inexistente: img/players/59787.webp (se usara default.webp).
2026-10-04 01:10:32 | WARNING | Imagen inexistente: img/players/59803.webp (se usara default.webp).
2026-10-04 01:10:32 | WARNING | Imagen inexistente: img/players/59813.webp (se usara default.webp).
2026-10-04 01:10:32 | WARNING | Imagen inexistente: img/players/59816.webp (se usara default.webp).
2026-10-04 01:10:32 | WARNING | Imagen inexistente: img/players/59817.webp (se usara default.webp).
2026-10-04 01:10:32 | WARNING | Imagen inexistente: img/players/59833.webp (se usara default.webp).
2026-10-04 01:10:32 | WARNING | Imagen inexistente: img/players/59834.webp (se usara default.webp).
2026-10-04 01:10:32 | WARNING | Imagen inexistente: img/players/59846.webp (se usara default.webp).
2026-10-04 01:10:32 | WARNING | Imagen inexistente: img/players/59897.webp (se usara default.webp).
2026-10-04 01:10:32 | WARNING | Imagen inexistente: img/players/59918.webp (se usara default.webp).
2026-10-04 01:10:32 | WARNING | Imagen inexistente: img/players/59922.webp (se usara default.webp).
2026-10-04 01:10:32 | WARNING | Imagen inexistente: img/players/59933.webp (se usara default.webp).
2026-10-04 01:10:32 | WARNING | Imagen inexistente: img/players/59965.webp (se usara default.webp).
2026-10-04 01:10:32 | WARNING | Imagen inexistente: img/players/59969.webp (se usara default.webp).
2026-10-04 01:10:32 | WARNING | Imagen inexistente: img/players/59970.webp (se usara default.webp).
2026-10-04 01:10:32 | WARNING | Imagen inexistente: img/players/59984.webp (se usara default.webp).
2026-10-04 01:10:32 | WARNING | Imagen inexistente: img/players/59985.webp (se usara default.webp).
2026-10-04 01:10:32 | WARNING | Imagen inexistente: img/players/59991.webp (se usara default.webp).
2026-10-04 01:10:32 | WARNING | Imagen inexistente: img/players/59996.webp (se usara default.webp).
2026-10-04 01:10:32 | WARNING | Imagen inexistente: img/players/59997.webp (se usara default.webp).
2026-10-04 01:10:32 | WARNING | Imagen inexistente: img/players/59998.webp (se usara default.webp).
2026-10-04 01:10:32 | WARNING | Imagen inexistente: img/players/59999.webp (se usara default.webp).
2026-10-04 01:10:32 | WARNING | Imagen inexistente: img/players/60009.webp (se usara default.webp).
2026-10-04 01:10:32 | WARNING | Imagen inexistente: img/players/60016.webp (se usara default.webp).
2026-10-04 01:10:32 | WARNING | Imagen inexistente: img/players/60020.webp (se usara default.webp).
2026-10-04 01:10:32 | WARNING | Imagen inexistente: img/players/60021.webp (se usara default.webp).
2026-10-04 01:10:32 | WARNING | Imagen inexistente: img/players/60024.webp (se usara default.webp).
2026-10-04 01:10:32 | WARNING | Imagen inexistente: img/players/60041.webp (se usara default.webp).
2026-10-04 01:10:32 | WARNING | Imagen inexistente: img/players/60045.webp (se usara default.webp).
2026-10-04 01:10:32 | WARNING | Imagen inexistente: img/players/60053.webp (se usara default.webp).
2026-10-04 01:10:32 | WARNING | Imagen inexistente: img/players/60054.webp (se usara default.webp).
2026-10-04 01:10:32 | WARNING | Imagen inexistente: img/players/60098.webp (se usara default.webp).
2026-10-04 01:10:32 | WARNING | Imagen inexistente: img/players/60105.webp (se usara default.webp).
2026-10-04 01:10:32 | WARNING | Imagen inexistente: img/players/60141.webp (se usara default.webp).
2026-10-04 01:10:32 | WARNING | Imagen inexistente: img/players/60155.webp (se usara default.webp).
2026-10-04 01:10:32 | WARNING | Imagen inexistente: img/players/60156.webp (se usara default.webp).
2026-10-04 01:10:32 | WARNING | Imagen inexistente: img/players/60170.webp (se usara default.webp).
2026-10-04 01:10:32 | WARNING | Imagen inexistente: img/players/60172.webp (se usara default.webp).
2026-10-04 01:10:32 | WARNING | Imagen inexistente: img/players/60179.webp (se usara default.webp).
2026-10-04 01:10:32 | WARNING | Imagen inexistente: img/players/60186.webp (se usara default.webp).
2026-10-04 01:10:32 | WARNING | Imagen inexistente: img/players/60195.webp (se usara default.webp).
2026-10-04 01:10:32 | WARNING | Imagen inexistente: img/players/60200.webp (se usara default.webp).
2026-10-04 01:10:32 | WARNING | Imagen inexistente: img/players/60210.webp (se usara default.webp).
2026-10-04 01:10:32 | WARNING | Imagen inexistente: img/players/60239.webp (se usara default.webp).
2026-10-04 01:10:32 | WARNING | Imagen inexistente: img/players/60247.webp (se usara default.webp).
2026-10-04 01:10:32 | WARNING | Imagen inexistente: img/players/60260.webp (se usara default.webp).
2026-10-04 01:10:32 | WARNING | Imagen inexistente: img/players/60267.webp (se usara default.webp).
2026-10-04 01:10:32 | WARNING | Imagen inexistente: img/players/60274.webp (se usara default.webp).
2026-10-04 01:10:32 | WARNING | Imagen inexistente: img/players/60275.webp (se usara default.webp).
2026-10-04 01:10:32 | WARNING | Imagen inexistente: img/players/60291.webp (se usara default.webp).
2026-10-04 01:10:32 | WARNING | Imagen inexistente: img/players/60297.webp (se usara default.webp).
2026-10-04 01:10:32 | WARNING | Imagen inexistente: img/players/60301.webp (se usara default.webp).
2026-10-04 01:10:32 | WARNING | Imagen inexistente: img/players/60316.webp (se usara default.webp).
2026-10-04 01:10:32 | WARNING | Imagen inexistente: img/players/60320.webp (se usara default.webp).
2026-10-04 01:10:32 | WARNING | Imagen inexistente: img/players/60329.webp (se usara default.webp).
2026-10-04 01:10:32 | WARNING | Imagen inexistente: img/players/60330.webp (se usara default.webp).
2026-10-04 01:10:32 | WARNING | Imagen inexistente: img/players/60352.webp (se usara default.webp).
2026-10-04 01:10:32 | WARNING | Imagen inexistente: img/players/60356.webp (se usara default.webp).
2026-10-04 01:10:32 | WARNING | Imagen inexistente: img/players/60368.webp (se usara default.webp).
2026-10-04 01:10:32 | WARNING | Imagen inexistente: img/players/60369.webp (se usara default.webp).
2026-10-04 01:10:32 | WARNING | Imagen inexistente: img/players/60376.webp (se usara default.webp).
2026-10-04 01:10:32 | WARNING | Imagen inexistente: img/players/60377.webp (se usara default.webp).
2026-10-04 01:10:32 | WARNING | Imagen inexistente: img/players/60379.webp (se usara default.webp).
2026-10-04 01:10:32 | WARNING | Imagen inexistente: img/players/60382.webp (se usara default.webp).
2026-10-04 01:10:32 | WARNING | Imagen inexistente: img/players/60384.webp (se usara default.webp).
2026-10-04 01:10:32 | WARNING | Imagen inexistente: img/players/60394.webp (se usara default.webp).
2026-10-04 01:10:32 | WARNING | Imagen inexistente: img/players/60422.webp (se usara default.webp).
2026-10-04 01:10:32 | WARNING | Imagen inexistente: img/players/60427.webp (se usara default.webp).
2026-10-04 01:10:32 | WARNING | Imagen inexistente: img/players/60432.webp (se usara default.webp).
2026-10-04 01:10:32 | WARNING | Imagen inexistente: img/players/60433.webp (se usara default.webp).
2026-10-04 01:10:32 | WARNING | Imagen inexistente: img/players/60442.webp (se usara default.webp).
2026-10-04 01:10:32 | WARNING | Imagen inexistente: img/players/60445.webp (se usara default.webp).
2026-10-04 01:10:32 | WARNING | Imagen inexistente: img/players/60449.webp (se usara default.webp).
2026-10-04 01:10:32 | WARNING | Imagen inexistente: img/players/60463.webp (se usara default.webp).
2026-10-04 01:10:32 | WARNING | Imagen inexistente: img/players/60473.webp (se usara default.webp).
2026-10-04 01:10:32 | WARNING | Imagen inexistente: img/players/60476.webp (se usara default.webp).
2026-10-04 01:10:32 | WARNING | Imagen inexistente: img/players/60492.webp (se usara default.webp).
2026-10-04 01:10:32 | WARNING | Imagen inexistente: img/players/60500.webp (se usara default.webp).
2026-10-04 01:10:32 | WARNING | Imagen inexistente: img/players/60503.webp (se usara default.webp).
2026-10-04 01:10:32 | WARNING | Imagen inexistente: img/players/60509.webp (se usara default.webp).
2026-10-04 01:10:32 | WARNING | Imagen inexistente: img/players/60533.webp (se usara default.webp).
2026-10-04 01:10:32 | WARNING | Imagen inexistente: img/players/60565.webp (se usara default.webp).
2026-10-04 01:10:32 | WARNING | Imagen inexistente: img/players/60568.webp (se usara default.webp).
2026-10-04 01:10:32 | WARNING | Imagen inexistente: img/players/60572.webp (se usara default.webp).
2026-10-04 01:10:32 | WARNING | Imagen inexistente: img/players/60577.webp (se usara default.webp).
2026-10-04 01:10:32 | WARNING | Imagen inexistente: img/players/60580.webp (se usara default.webp).
2026-10-04 01:10:32 | WARNING | Imagen inexistente: img/players/60584.webp (se usara default.webp).
2026-10-04 01:10:32 | WARNING | Imagen inexistente: img/players/60586.webp (se usara default.webp).
2026-10-04 01:10:32 | WARNING | Imagen inexistente: img/players/60600.webp (se usara default.webp).
2026-10-04 01:10:32 | WARNING | Imagen inexistente: img/players/60603.webp (se usara default.webp).
2026-10-04 01:10:32 | WARNING | Imagen inexistente: img/players/60608.webp (se usara default.webp).
2026-10-04 01:10:32 | WARNING | Imagen inexistente: img/players/60621.webp (se usara default.webp).
2026-10-04 01:10:32 | WARNING | Imagen inexistente: img/players/60648.webp (se usara default.webp).
2026-10-04 01:10:32 | WARNING | Imagen inexistente: img/players/60670.webp (se usara default.webp).
2026-10-04 01:10:32 | WARNING | Imagen inexistente: img/players/60691.webp (se usara default.webp).
2026-10-04 01:10:32 | WARNING | Imagen inexistente: img/players/60693.webp (se usara default.webp).
2026-10-04 01:10:32 | WARNING | Imagen inexistente: img/players/60701.webp (se usara default.webp).
2026-10-04 01:10:32 | WARNING | Imagen inexistente: img/players/60715.webp (se usara default.webp).
2026-10-04 01:10:32 | WARNING | Imagen inexistente: img/players/60716.webp (se usara default.webp).
2026-10-04 01:10:32 | WARNING | Imagen inexistente: img/players/60729.webp (se usara default.webp).
2026-10-04 01:10:32 | WARNING | Imagen inexistente: img/players/60733.webp (se usara default.webp).
2026-10-04 01:10:32 | WARNING | Imagen inexistente: img/players/60735.webp (se usara default.webp).
2026-10-04 01:10:32 | WARNING | Imagen inexistente: img/players/60736.webp (se usara default.webp).
2026-10-04 01:10:32 | WARNING | Imagen inexistente: img/players/60738.webp (se usara default.webp).
2026-10-04 01:10:32 | WARNING | Imagen inexistente: img/players/60739.webp (se usara default.webp).
2026-10-04 01:10:32 | WARNING | Imagen inexistente: img/players/60742.webp (se usara default.webp).
2026-10-04 01:10:32 | WARNING | Imagen inexistente: img/players/60751.webp (se usara default.webp).
2026-10-04 01:10:32 | WARNING | Imagen inexistente: img/players/60780.webp (se usara default.webp).
2026-10-04 01:10:32 | WARNING | Imagen inexistente: img/players/60795.webp (se usara default.webp).
2026-10-04 01:10:32 | WARNING | Imagen inexistente: img/players/60796.webp (se usara default.webp).
2026-10-04 01:10:32 | WARNING | Imagen inexistente: img/players/60798.webp (se usara default.webp).
2026-10-04 01:10:32 | WARNING | Imagen inexistente: img/players/60801.webp (se usara default.webp).
2026-10-04 01:10:32 | WARNING | Imagen inexistente: img/players/60805.webp (se usara default.webp).
2026-10-04 01:10:32 | WARNING | Imagen inexistente: img/players/60815.webp (se usara default.webp).
2026-10-04 01:10:32 | WARNING | Imagen inexistente: img/players/60825.webp (se usara default.webp).
2026-10-04 01:10:32 | WARNING | Imagen inexistente: img/players/60839.webp (se usara default.webp).
2026-10-04 01:10:32 | WARNING | Imagen inexistente: img/players/60841.webp (se usara default.webp).
2026-10-04 01:10:32 | WARNING | Imagen inexistente: img/players/60842.webp (se usara default.webp).
2026-10-04 01:10:32 | WARNING | Imagen inexistente: img/players/60856.webp (se usara default.webp).
2026-10-04 01:10:32 | WARNING | Imagen inexistente: img/players/60858.webp (se usara default.webp).
2026-10-04 01:10:32 | WARNING | Imagen inexistente: img/players/60863.webp (se usara default.webp).
2026-10-04 01:10:32 | WARNING | Imagen inexistente: img/players/60868.webp (se usara default.webp).
2026-10-04 01:10:32 | WARNING | Imagen inexistente: img/players/60872.webp (se usara default.webp).
2026-10-04 01:10:32 | WARNING | Imagen inexistente: img/players/60874.webp (se usara default.webp).
2026-10-04 01:10:32 | WARNING | Imagen inexistente: img/players/60879.webp (se usara default.webp).
2026-10-04 01:10:32 | WARNING | Imagen inexistente: img/players/60888.webp (se usara default.webp).
2026-10-04 01:10:32 | WARNING | Imagen inexistente: img/players/60890.webp (se usara default.webp).
2026-10-04 01:10:32 | WARNING | Imagen inexistente: img/players/60891.webp (se usara default.webp).
2026-10-04 01:10:32 | WARNING | Imagen inexistente: img/players/60901.webp (se usara default.webp).
2026-10-04 01:10:32 | WARNING | Imagen inexistente: img/players/60902.webp (se usara default.webp).
2026-10-04 01:10:32 | WARNING | Imagen inexistente: img/players/60930.webp (se usara default.webp).
2026-10-04 01:10:32 | WARNING | Imagen inexistente: img/players/60968.webp (se usara default.webp).
2026-10-04 01:10:32 | WARNING | Imagen inexistente: img/players/60984.webp (se usara default.webp).
2026-10-04 01:10:32 | WARNING | Imagen inexistente: img/players/60986.webp (se usara default.webp).
2026-10-04 01:10:32 | WARNING | Imagen inexistente: img/players/60989.webp (se usara default.webp).
2026-10-04 01:10:32 | WARNING | Imagen inexistente: img/players/60990.webp (se usara default.webp).
2026-10-04 01:10:32 | WARNING | Imagen inexistente: img/players/60991.webp (se usara default.webp).
2026-10-04 01:10:32 | WARNING | Imagen inexistente: img/players/61001.webp (se usara default.webp).
2026-10-04 01:10:32 | WARNING | Imagen inexistente: img/players/61007.webp (se usara default.webp).
2026-10-04 01:10:32 | WARNING | Imagen inexistente: img/players/61013.webp (se usara default.webp).
2026-10-04 01:10:32 | WARNING | Imagen inexistente: img/players/61017.webp (se usara default.webp).
2026-10-04 01:10:32 | WARNING | Imagen inexistente: img/players/61022.webp (se usara default.webp).
2026-10-04 01:10:32 | WARNING | Imagen inexistente: img/players/61034.webp (se usara default.webp).
2026-10-04 01:10:32 | WARNING | Imagen inexistente: img/players/61039.webp (se usara default.webp).
2026-10-04 01:10:32 | WARNING | Imagen inexistente: img/players/61041.webp (se usara default.webp).
2026-10-04 01:10:32 | WARNING | Imagen inexistente: img/players/61047.webp (se usara default.webp).
2026-10-04 01:10:32 | WARNING | Imagen inexistente: img/players/61068.webp (se usara default.webp).
2026-10-04 01:10:32 | WARNING | Imagen inexistente: img/players/61070.webp (se usara default.webp).
2026-10-04 01:10:32 | WARNING | Imagen inexistente: img/players/61073.webp (se usara default.webp).
2026-10-04 01:10:32 | WARNING | Imagen inexistente: img/players/61088.webp (se usara default.webp).
2026-10-04 01:10:32 | WARNING | Imagen inexistente: img/players/61089.webp (se usara default.webp).
2026-10-04 01:10:32 | WARNING | Imagen inexistente: img/players/61093.webp (se usara default.webp).
2026-10-04 01:10:32 | WARNING | Imagen inexistente: img/players/61110.webp (se usara default.webp).
2026-10-04 01:10:32 | WARNING | Imagen inexistente: img/players/61113.webp (se usara default.webp).
2026-10-04 01:10:32 | WARNING | Imagen inexistente: img/players/61137.webp (se usara default.webp).
2026-10-04 01:10:32 | WARNING | Imagen inexistente: img/players/61138.webp (se usara default.webp).
2026-10-04 01:10:32 | WARNING | Imagen inexistente: img/players/61140.webp (se usara default.webp).
2026-10-04 01:10:32 | WARNING | Imagen inexistente: img/players/61141.webp (se usara default.webp).
2026-10-04 01:10:32 | WARNING | Imagen inexistente: img/players/61142.webp (se usara default.webp).
2026-10-04 01:10:32 | WARNING | Imagen inexistente: img/players/61143.webp (se usara default.webp).
2026-10-04 01:10:32 | WARNING | Imagen inexistente: img/players/61150.webp (se usara default.webp).
2026-10-04 01:10:32 | WARNING | Imagen inexistente: img/players/61151.webp (se usara default.webp).
2026-10-04 01:10:32 | WARNING | Imagen inexistente: img/players/61152.webp (se usara default.webp).
2026-10-04 01:10:32 | WARNING | Imagen inexistente: img/players/61155.webp (se usara default.webp).
2026-10-04 01:10:32 | WARNING | Imagen inexistente: img/players/61157.webp (se usara default.webp).
2026-10-04 01:10:32 | WARNING | Imagen inexistente: img/players/61168.webp (se usara default.webp).
2026-10-04 01:10:32 | WARNING | Imagen inexistente: img/players/61173.webp (se usara default.webp).
2026-10-04 01:10:32 | WARNING | Imagen inexistente: img/players/61192.webp (se usara default.webp).
2026-10-04 01:10:32 | WARNING | Imagen inexistente: img/players/61206.webp (se usara default.webp).
2026-10-04 01:10:32 | WARNING | Imagen inexistente: img/players/61209.webp (se usara default.webp).
2026-10-04 01:10:32 | WARNING | Imagen inexistente: img/players/61229.webp (se usara default.webp).
2026-10-04 01:10:32 | WARNING | Imagen inexistente: img/players/61232.webp (se usara default.webp).
2026-10-04 01:10:32 | WARNING | Imagen inexistente: img/players/61237.webp (se usara default.webp).
2026-10-04 01:10:32 | WARNING | Imagen inexistente: img/players/61252.webp (se usara default.webp).
2026-10-04 01:10:32 | WARNING | Imagen inexistente: img/players/61395.webp (se usara default.webp).
2026-10-04 01:10:32 | WARNING | Imagen inexistente: img/players/61399.webp (se usara default.webp).
2026-10-04 01:10:32 | WARNING | Imagen inexistente: img/players/61429.webp (se usara default.webp).
2026-10-04 01:10:32 | WARNING | Imagen inexistente: img/players/61455.webp (se usara default.webp).
2026-10-04 01:10:32 | WARNING | Imagen inexistente: img/players/61461.webp (se usara default.webp).
2026-10-04 01:10:32 | WARNING | Imagen inexistente: img/players/61578.webp (se usara default.webp).
2026-10-04 01:10:32 | WARNING | Imagen inexistente: img/players/61582.webp (se usara default.webp).
2026-10-04 01:10:32 | WARNING | Imagen inexistente: img/players/61594.webp (se usara default.webp).
2026-10-04 01:10:32 | WARNING | Imagen inexistente: img/players/61688.webp (se usara default.webp).
2026-10-04 01:10:32 | WARNING | Imagen inexistente: img/players/61693.webp (se usara default.webp).
2026-10-04 01:10:32 | WARNING | Imagen inexistente: img/players/61723.webp (se usara default.webp).
2026-10-04 01:10:32 | WARNING | Imagen inexistente: img/players/61726.webp (se usara default.webp).
2026-10-04 01:10:32 | WARNING | Imagen inexistente: img/players/62006.webp (se usara default.webp).
2026-10-04 01:10:32 | WARNING | Imagen inexistente: img/players/62007.webp (se usara default.webp).
2026-10-04 01:10:32 | WARNING | Imagen inexistente: img/players/62009.webp (se usara default.webp).
2026-10-04 01:10:32 | WARNING | Imagen inexistente: img/players/63044.webp (se usara default.webp).
2026-10-04 01:10:32 | WARNING | Imagen inexistente: img/players/63080.webp (se usara default.webp).
2026-10-04 01:10:32 | WARNING | Imagen inexistente: img/players/63092.webp (se usara default.webp).
2026-10-04 01:10:32 | WARNING | Imagen inexistente: img/players/63096.webp (se usara default.webp).
2026-10-04 01:10:32 | WARNING | Imagen inexistente: img/players/63108.webp (se usara default.webp).
2026-10-04 01:10:32 | WARNING | Imagen inexistente: img/players/63146.webp (se usara default.webp).
2026-10-04 01:10:32 | WARNING | Imagen inexistente: img/players/63163.webp (se usara default.webp).
2026-10-04 01:10:32 | WARNING | Imagen inexistente: img/players/63165.webp (se usara default.webp).
2026-10-04 01:10:32 | WARNING | Imagen inexistente: img/players/63166.webp (se usara default.webp).
2026-10-04 01:10:32 | WARNING | Imagen inexistente: img/players/63193.webp (se usara default.webp).
2026-10-04 01:10:32 | WARNING | Imagen inexistente: img/players/63196.webp (se usara default.webp).
2026-10-04 01:10:32 | WARNING | Imagen inexistente: img/players/63228.webp (se usara default.webp).
2026-10-04 01:10:32 | WARNING | Imagen inexistente: img/players/63231.webp (se usara default.webp).
2026-10-04 01:10:32 | WARNING | Imagen inexistente: img/players/63236.webp (se usara default.webp).
2026-10-04 01:10:32 | WARNING | Imagen inexistente: img/players/63237.webp (se usara default.webp).
2026-10-04 01:10:32 | WARNING | Imagen inexistente: img/players/63241.webp (se usara default.webp).
2026-10-04 01:10:32 | WARNING | Imagen inexistente: img/players/63260.webp (se usara default.webp).
2026-10-04 01:10:32 | WARNING | Imagen inexistente: img/players/63274.webp (se usara default.webp).
2026-10-04 01:10:32 | WARNING | Imagen inexistente: img/players/63287.webp (se usara default.webp).
2026-10-04 01:10:32 | WARNING | Imagen inexistente: img/players/63289.webp (se usara default.webp).
2026-10-04 01:10:32 | WARNING | Imagen inexistente: img/players/63313.webp (se usara default.webp).
2026-10-04 01:10:32 | WARNING | Imagen inexistente: img/players/63321.webp (se usara default.webp).
2026-10-04 01:10:32 | WARNING | Imagen inexistente: img/players/63327.webp (se usara default.webp).
2026-10-04 01:10:32 | WARNING | Imagen inexistente: img/players/63335.webp (se usara default.webp).
2026-10-04 01:10:32 | WARNING | Imagen inexistente: img/players/63346.webp (se usara default.webp).
2026-10-04 01:10:32 | WARNING | Imagen inexistente: img/players/63348.webp (se usara default.webp).
2026-10-04 01:10:32 | WARNING | Imagen inexistente: img/players/63351.webp (se usara default.webp).
2026-10-04 01:10:32 | WARNING | Imagen inexistente: img/players/63365.webp (se usara default.webp).
2026-10-04 01:10:32 | WARNING | Imagen inexistente: img/players/63366.webp (se usara default.webp).
2026-10-04 01:10:32 | WARNING | Imagen inexistente: img/players/63384.webp (se usara default.webp).
2026-10-04 01:10:32 | WARNING | Imagen inexistente: img/players/63389.webp (se usara default.webp).
2026-10-04 01:10:32 | WARNING | Imagen inexistente: img/players/63425.webp (se usara default.webp).
2026-10-04 01:10:32 | WARNING | Imagen inexistente: img/players/63427.webp (se usara default.webp).
2026-10-04 01:10:32 | WARNING | Imagen inexistente: img/players/63437.webp (se usara default.webp).
2026-10-04 01:10:32 | WARNING | Imagen inexistente: img/players/63441.webp (se usara default.webp).
2026-10-04 01:10:32 | WARNING | Imagen inexistente: img/players/63448.webp (se usara default.webp).
2026-10-04 01:10:32 | WARNING | Imagen inexistente: img/players/63451.webp (se usara default.webp).
2026-10-04 01:10:32 | WARNING | Imagen inexistente: img/players/63459.webp (se usara default.webp).
2026-10-04 01:10:32 | WARNING | Imagen inexistente: img/players/63462.webp (se usara default.webp).
2026-10-04 01:10:32 | WARNING | Imagen inexistente: img/players/63467.webp (se usara default.webp).
2026-10-04 01:10:32 | WARNING | Imagen inexistente: img/players/63470.webp (se usara default.webp).
2026-10-04 01:10:32 | WARNING | Imagen inexistente: img/players/63483.webp (se usara default.webp).
2026-10-04 01:10:32 | WARNING | Imagen inexistente: img/players/63484.webp (se usara default.webp).
2026-10-04 01:10:32 | WARNING | Imagen inexistente: img/players/63488.webp (se usara default.webp).
2026-10-04 01:10:32 | WARNING | Imagen inexistente: img/players/63499.webp (se usara default.webp).
2026-10-04 01:10:32 | WARNING | Imagen inexistente: img/players/63508.webp (se usara default.webp).
2026-10-04 01:10:32 | WARNING | Imagen inexistente: img/players/63523.webp (se usara default.webp).
2026-10-04 01:10:32 | WARNING | Imagen inexistente: img/players/63530.webp (se usara default.webp).
2026-10-04 01:10:32 | WARNING | Imagen inexistente: img/players/63539.webp (se usara default.webp).
2026-10-04 01:10:32 | WARNING | Imagen inexistente: img/players/63541.webp (se usara default.webp).
2026-10-04 01:10:32 | WARNING | Imagen inexistente: img/players/63542.webp (se usara default.webp).
2026-10-04 01:10:32 | WARNING | Imagen inexistente: img/players/63543.webp (se usara default.webp).
2026-10-04 01:10:32 | WARNING | Imagen inexistente: img/players/63581.webp (se usara default.webp).
2026-10-04 01:10:32 | WARNING | Imagen inexistente: img/players/63593.webp (se usara default.webp).
2026-10-04 01:10:32 | WARNING | Imagen inexistente: img/players/63602.webp (se usara default.webp).
2026-10-04 01:10:32 | WARNING | Imagen inexistente: img/players/63608.webp (se usara default.webp).
2026-10-04 01:10:32 | WARNING | Imagen inexistente: img/players/63610.webp (se usara default.webp).
2026-10-04 01:10:32 | WARNING | Imagen inexistente: img/players/63611.webp (se usara default.webp).
2026-10-04 01:10:32 | WARNING | Imagen inexistente: img/players/63625.webp (se usara default.webp).
2026-10-04 01:10:32 | WARNING | Imagen inexistente: img/players/63637.webp (se usara default.webp).
2026-10-04 01:10:32 | WARNING | Imagen inexistente: img/players/63640.webp (se usara default.webp).
2026-10-04 01:10:32 | WARNING | Imagen inexistente: img/players/63641.webp (se usara default.webp).
2026-10-04 01:10:32 | WARNING | Imagen inexistente: img/players/63646.webp (se usara default.webp).
2026-10-04 01:10:32 | WARNING | Imagen inexistente: img/players/63655.webp (se usara default.webp).
2026-10-04 01:10:32 | WARNING | Imagen inexistente: img/players/63660.webp (se usara default.webp).
2026-10-04 01:10:32 | WARNING | Imagen inexistente: img/players/63665.webp (se usara default.webp).
2026-10-04 01:10:32 | WARNING | Imagen inexistente: img/players/63666.webp (se usara default.webp).
2026-10-04 01:10:32 | WARNING | Imagen inexistente: img/players/63676.webp (se usara default.webp).
2026-10-04 01:10:32 | WARNING | Imagen inexistente: img/players/63684.webp (se usara default.webp).
2026-10-04 01:10:32 | WARNING | Imagen inexistente: img/players/63696.webp (se usara default.webp).
2026-10-04 01:10:32 | WARNING | Imagen inexistente: img/players/63700.webp (se usara default.webp).
2026-10-04 01:10:32 | WARNING | Imagen inexistente: img/players/63704.webp (se usara default.webp).
2026-10-04 01:10:32 | WARNING | Imagen inexistente: img/players/63721.webp (se usara default.webp).
2026-10-04 01:10:32 | WARNING | Imagen inexistente: img/players/63725.webp (se usara default.webp).
2026-10-04 01:10:32 | WARNING | Imagen inexistente: img/players/63726.webp (se usara default.webp).
2026-10-04 01:10:32 | WARNING | Imagen inexistente: img/players/63764.webp (se usara default.webp).
2026-10-04 01:10:32 | WARNING | Imagen inexistente: img/players/63765.webp (se usara default.webp).
2026-10-04 01:10:32 | WARNING | Imagen inexistente: img/players/63816.webp (se usara default.webp).
2026-10-04 01:10:32 | WARNING | Imagen inexistente: img/players/63905.webp (se usara default.webp).
2026-10-04 01:10:32 | WARNING | Imagen inexistente: img/players/63907.webp (se usara default.webp).
2026-10-04 01:10:32 | WARNING | Imagen inexistente: img/players/63911.webp (se usara default.webp).
2026-10-04 01:10:32 | WARNING | Imagen inexistente: img/players/64730.webp (se usara default.webp).
2026-10-04 01:10:32 | WARNING | Imagen inexistente: img/players/64749.webp (se usara default.webp).
2026-10-04 01:10:32 | WARNING | Imagen inexistente: img/players/64878.webp (se usara default.webp).
2026-10-04 01:10:32 | WARNING | Imagen inexistente: img/players/64924.webp (se usara default.webp).
2026-10-04 01:10:32 | WARNING | Imagen inexistente: img/players/65264.webp (se usara default.webp).
2026-10-04 01:10:32 | WARNING | Imagen inexistente: img/players/65276.webp (se usara default.webp).
2026-10-04 01:10:32 | WARNING | Imagen inexistente: img/players/65288.webp (se usara default.webp).
2026-10-04 01:10:32 | WARNING | Imagen inexistente: img/players/65320.webp (se usara default.webp).
2026-10-04 01:10:32 | WARNING | Imagen inexistente: img/players/100000.webp (se usara default.webp).
2026-10-04 01:10:32 | WARNING | Imagen inexistente: img/players/100003.webp (se usara default.webp).
2026-10-04 01:10:32 | WARNING | Imagen inexistente: img/players/100004.webp (se usara default.webp).
2026-10-04 01:10:32 | WARNING | Imagen inexistente: img/players/100015.webp (se usara default.webp).
2026-10-04 01:10:32 | WARNING | Imagen inexistente: img/players/100018.webp (se usara default.webp).
2026-10-04 01:10:32 | WARNING | Imagen inexistente: img/players/100020.webp (se usara default.webp).
2026-10-04 01:10:32 | WARNING | Imagen inexistente: img/players/100027.webp (se usara default.webp).
2026-10-04 01:10:32 | WARNING | Imagen inexistente: img/players/100040.webp (se usara default.webp).
2026-10-04 01:10:32 | WARNING | Imagen inexistente: img/players/100053.webp (se usara default.webp).
2026-10-04 01:10:32 | WARNING | Imagen inexistente: img/players/100064.webp (se usara default.webp).
2026-10-04 01:10:32 | WARNING | Imagen inexistente: img/players/100066.webp (se usara default.webp).
2026-10-04 01:10:32 | WARNING | Imagen inexistente: img/players/100085.webp (se usara default.webp).
2026-10-04 01:10:32 | WARNING | Imagen inexistente: img/players/100088.webp (se usara default.webp).
2026-10-04 01:10:32 | WARNING | Imagen inexistente: img/players/100090.webp (se usara default.webp).
2026-10-04 01:10:32 | WARNING | Imagen inexistente: img/players/100094.webp (se usara default.webp).
2026-10-04 01:10:32 | WARNING | Imagen inexistente: img/players/100096.webp (se usara default.webp).
2026-10-04 01:10:32 | WARNING | Imagen inexistente: img/players/100103.webp (se usara default.webp).
2026-10-04 01:10:32 | WARNING | Imagen inexistente: img/players/100105.webp (se usara default.webp).
2026-10-04 01:10:32 | WARNING | Imagen inexistente: img/players/100111.webp (se usara default.webp).
2026-10-04 01:10:32 | WARNING | Imagen inexistente: img/players/100114.webp (se usara default.webp).
2026-10-04 01:10:32 | WARNING | Imagen inexistente: img/players/100129.webp (se usara default.webp).
2026-10-04 01:10:32 | WARNING | Imagen inexistente: img/players/100131.webp (se usara default.webp).
2026-10-04 01:10:32 | WARNING | Imagen inexistente: img/players/100137.webp (se usara default.webp).
2026-10-04 01:10:32 | WARNING | Imagen inexistente: img/players/100144.webp (se usara default.webp).
2026-10-04 01:10:32 | WARNING | Imagen inexistente: img/players/100147.webp (se usara default.webp).
2026-10-04 01:10:32 | WARNING | Imagen inexistente: img/players/100150.webp (se usara default.webp).
2026-10-04 01:10:32 | WARNING | Imagen inexistente: img/players/100161.webp (se usara default.webp).
2026-10-04 01:10:32 | WARNING | Imagen inexistente: img/players/100163.webp (se usara default.webp).
2026-10-04 01:10:32 | WARNING | Imagen inexistente: img/players/100165.webp (se usara default.webp).
2026-10-04 01:10:32 | WARNING | Imagen inexistente: img/players/100166.webp (se usara default.webp).
2026-10-04 01:10:32 | WARNING | Imagen inexistente: img/players/100171.webp (se usara default.webp).
2026-10-04 01:10:32 | WARNING | Imagen inexistente: img/players/100172.webp (se usara default.webp).
2026-10-04 01:10:32 | WARNING | Imagen inexistente: img/players/100177.webp (se usara default.webp).
2026-10-04 01:10:32 | WARNING | Imagen inexistente: img/players/100183.webp (se usara default.webp).
2026-10-04 01:10:32 | WARNING | Imagen inexistente: img/players/100187.webp (se usara default.webp).
2026-10-04 01:10:32 | WARNING | Imagen inexistente: img/players/100189.webp (se usara default.webp).
2026-10-04 01:10:32 | WARNING | Imagen inexistente: img/players/100192.webp (se usara default.webp).
2026-10-04 01:10:32 | WARNING | Imagen inexistente: img/players/100195.webp (se usara default.webp).
2026-10-04 01:10:32 | WARNING | Imagen inexistente: img/players/100202.webp (se usara default.webp).
2026-10-04 01:10:32 | WARNING | Imagen inexistente: img/players/100203.webp (se usara default.webp).
2026-10-04 01:10:32 | WARNING | Imagen inexistente: img/players/100205.webp (se usara default.webp).
2026-10-04 01:10:32 | WARNING | Imagen inexistente: img/players/100206.webp (se usara default.webp).
2026-10-04 01:10:32 | WARNING | Imagen inexistente: img/players/100207.webp (se usara default.webp).
2026-10-04 01:10:32 | WARNING | Imagen inexistente: img/players/100214.webp (se usara default.webp).
2026-10-04 01:10:32 | WARNING | Imagen inexistente: img/players/100229.webp (se usara default.webp).
2026-10-04 01:10:32 | WARNING | Imagen inexistente: img/players/100230.webp (se usara default.webp).
2026-10-04 01:10:32 | WARNING | Imagen inexistente: img/players/100231.webp (se usara default.webp).
2026-10-04 01:10:32 | WARNING | Imagen inexistente: img/players/100241.webp (se usara default.webp).
2026-10-04 01:10:32 | WARNING | Imagen inexistente: img/players/100242.webp (se usara default.webp).
2026-10-04 01:10:32 | WARNING | Imagen inexistente: img/players/100243.webp (se usara default.webp).
2026-10-04 01:10:32 | WARNING | Imagen inexistente: img/players/100244.webp (se usara default.webp).
2026-10-04 01:10:32 | WARNING | Imagen inexistente: img/players/100260.webp (se usara default.webp).
2026-10-04 01:10:32 | WARNING | Imagen inexistente: img/players/100264.webp (se usara default.webp).
2026-10-04 01:10:32 | WARNING | Imagen inexistente: img/players/100273.webp (se usara default.webp).
2026-10-04 01:10:32 | WARNING | Imagen inexistente: img/players/100274.webp (se usara default.webp).
2026-10-04 01:10:32 | WARNING | Imagen inexistente: img/players/100277.webp (se usara default.webp).
2026-10-04 01:10:32 | WARNING | Imagen inexistente: img/players/100286.webp (se usara default.webp).
2026-10-04 01:10:32 | WARNING | Imagen inexistente: img/players/100289.webp (se usara default.webp).
2026-10-04 01:10:32 | WARNING | Imagen inexistente: img/players/100290.webp (se usara default.webp).
2026-10-04 01:10:32 | WARNING | Imagen inexistente: img/players/100292.webp (se usara default.webp).
2026-10-04 01:10:32 | WARNING | Imagen inexistente: img/players/100294.webp (se usara default.webp).
2026-10-04 01:10:32 | WARNING | Imagen inexistente: img/players/100295.webp (se usara default.webp).
2026-10-04 01:10:32 | WARNING | Imagen inexistente: img/players/100300.webp (se usara default.webp).
2026-10-04 01:10:32 | WARNING | Imagen inexistente: img/players/100302.webp (se usara default.webp).
2026-10-04 01:10:32 | WARNING | Imagen inexistente: img/players/100304.webp (se usara default.webp).
2026-10-04 01:10:32 | WARNING | Imagen inexistente: img/players/100307.webp (se usara default.webp).
2026-10-04 01:10:32 | WARNING | Imagen inexistente: img/players/100322.webp (se usara default.webp).
2026-10-04 01:10:32 | WARNING | Imagen inexistente: img/players/100328.webp (se usara default.webp).
2026-10-04 01:10:32 | WARNING | Imagen inexistente: img/players/100329.webp (se usara default.webp).
2026-10-04 01:10:32 | WARNING | Imagen inexistente: img/players/100333.webp (se usara default.webp).
2026-10-04 01:10:32 | WARNING | Imagen inexistente: img/players/100337.webp (se usara default.webp).
2026-10-04 01:10:32 | WARNING | Imagen inexistente: img/players/100338.webp (se usara default.webp).
2026-10-04 01:10:32 | WARNING | Imagen inexistente: img/players/100342.webp (se usara default.webp).
2026-10-04 01:10:32 | WARNING | Imagen inexistente: img/players/100356.webp (se usara default.webp).
2026-10-04 01:10:32 | WARNING | Imagen inexistente: img/players/100360.webp (se usara default.webp).
2026-10-04 01:10:32 | WARNING | Imagen inexistente: img/players/100363.webp (se usara default.webp).
2026-10-04 01:10:32 | WARNING | Imagen inexistente: img/players/100367.webp (se usara default.webp).
2026-10-04 01:10:32 | WARNING | Imagen inexistente: img/players/100371.webp (se usara default.webp).
2026-10-04 01:10:32 | WARNING | Imagen inexistente: img/players/100372.webp (se usara default.webp).
2026-10-04 01:10:32 | WARNING | Imagen inexistente: img/players/100374.webp (se usara default.webp).
2026-10-04 01:10:32 | WARNING | Imagen inexistente: img/players/100375.webp (se usara default.webp).
2026-10-04 01:10:32 | WARNING | Imagen inexistente: img/players/100376.webp (se usara default.webp).
2026-10-04 01:10:32 | WARNING | Imagen inexistente: img/players/100381.webp (se usara default.webp).
2026-10-04 01:10:32 | WARNING | Imagen inexistente: img/players/100382.webp (se usara default.webp).
2026-10-04 01:10:32 | WARNING | Imagen inexistente: img/players/100386.webp (se usara default.webp).
2026-10-04 01:10:32 | WARNING | Imagen inexistente: img/players/100388.webp (se usara default.webp).
2026-10-04 01:10:32 | WARNING | Imagen inexistente: img/players/100389.webp (se usara default.webp).
2026-10-04 01:10:32 | WARNING | Imagen inexistente: img/players/100390.webp (se usara default.webp).
2026-10-04 01:10:32 | WARNING | Imagen inexistente: img/players/100395.webp (se usara default.webp).
2026-10-04 01:10:32 | WARNING | Imagen inexistente: img/players/100396.webp (se usara default.webp).
2026-10-04 01:10:32 | WARNING | Imagen inexistente: img/players/100402.webp (se usara default.webp).
2026-10-04 01:10:32 | WARNING | Imagen inexistente: img/players/100403.webp (se usara default.webp).
2026-10-04 01:10:32 | WARNING | Imagen inexistente: img/players/100407.webp (se usara default.webp).
2026-10-04 01:10:32 | WARNING | Imagen inexistente: img/players/100419.webp (se usara default.webp).
2026-10-04 01:10:32 | WARNING | Imagen inexistente: img/players/100424.webp (se usara default.webp).
2026-10-04 01:10:32 | WARNING | Imagen inexistente: img/players/100433.webp (se usara default.webp).
2026-10-04 01:10:32 | WARNING | Imagen inexistente: img/players/100438.webp (se usara default.webp).
2026-10-04 01:10:32 | WARNING | Imagen inexistente: img/players/100439.webp (se usara default.webp).
2026-10-04 01:10:32 | WARNING | Imagen inexistente: img/players/100440.webp (se usara default.webp).
2026-10-04 01:10:32 | WARNING | Imagen inexistente: img/players/100446.webp (se usara default.webp).
2026-10-04 01:10:32 | WARNING | Imagen inexistente: img/players/100455.webp (se usara default.webp).
2026-10-04 01:10:32 | WARNING | Imagen inexistente: img/players/100456.webp (se usara default.webp).
2026-10-04 01:10:32 | WARNING | Imagen inexistente: img/players/100457.webp (se usara default.webp).
2026-10-04 01:10:32 | WARNING | Imagen inexistente: img/players/100459.webp (se usara default.webp).
2026-10-04 01:10:32 | WARNING | Imagen inexistente: img/players/100463.webp (se usara default.webp).
2026-10-04 01:10:32 | WARNING | Imagen inexistente: img/players/100465.webp (se usara default.webp).
2026-10-04 01:10:32 | WARNING | Imagen inexistente: img/players/100467.webp (se usara default.webp).
2026-10-04 01:10:32 | WARNING | Imagen inexistente: img/players/100471.webp (se usara default.webp).
2026-10-04 01:10:32 | WARNING | Imagen inexistente: img/players/100472.webp (se usara default.webp).
2026-10-04 01:10:32 | WARNING | Imagen inexistente: img/players/100484.webp (se usara default.webp).
2026-10-04 01:10:32 | WARNING | Imagen inexistente: img/players/100485.webp (se usara default.webp).
2026-10-04 01:10:32 | WARNING | Imagen inexistente: img/players/100486.webp (se usara default.webp).
2026-10-04 01:10:32 | WARNING | Imagen inexistente: img/players/100487.webp (se usara default.webp).
2026-10-04 01:10:32 | WARNING | Imagen inexistente: img/players/100493.webp (se usara default.webp).
2026-10-04 01:10:32 | WARNING | Imagen inexistente: img/players/100498.webp (se usara default.webp).
2026-10-04 01:10:32 | WARNING | Imagen inexistente: img/players/100499.webp (se usara default.webp).
2026-10-04 01:10:32 | WARNING | Imagen inexistente: img/players/100509.webp (se usara default.webp).
2026-10-04 01:10:32 | WARNING | Imagen inexistente: img/players/100514.webp (se usara default.webp).
2026-10-04 01:10:32 | WARNING | Imagen inexistente: img/players/100528.webp (se usara default.webp).
2026-10-04 01:10:32 | WARNING | Imagen inexistente: img/players/100532.webp (se usara default.webp).
2026-10-04 01:10:32 | WARNING | Imagen inexistente: img/players/100534.webp (se usara default.webp).
2026-10-04 01:10:32 | WARNING | Imagen inexistente: img/players/100535.webp (se usara default.webp).
2026-10-04 01:10:32 | WARNING | Imagen inexistente: img/players/100538.webp (se usara default.webp).
2026-10-04 01:10:32 | WARNING | Imagen inexistente: img/players/100544.webp (se usara default.webp).
2026-10-04 01:10:32 | WARNING | Imagen inexistente: img/players/100549.webp (se usara default.webp).
2026-10-04 01:10:32 | WARNING | Imagen inexistente: img/players/100550.webp (se usara default.webp).
2026-10-04 01:10:32 | WARNING | Imagen inexistente: img/players/100556.webp (se usara default.webp).
2026-10-04 01:10:32 | WARNING | Imagen inexistente: img/players/100570.webp (se usara default.webp).
2026-10-04 01:10:32 | WARNING | Imagen inexistente: img/players/100578.webp (se usara default.webp).
2026-10-04 01:10:32 | WARNING | Imagen inexistente: img/players/100579.webp (se usara default.webp).
2026-10-04 01:10:32 | WARNING | Imagen inexistente: img/players/100588.webp (se usara default.webp).
2026-10-04 01:10:32 | WARNING | Imagen inexistente: img/players/100590.webp (se usara default.webp).
2026-10-04 01:10:32 | WARNING | Imagen inexistente: img/players/100611.webp (se usara default.webp).
2026-10-04 01:10:32 | WARNING | Imagen inexistente: img/players/100613.webp (se usara default.webp).
2026-10-04 01:10:32 | WARNING | Imagen inexistente: img/players/100614.webp (se usara default.webp).
2026-10-04 01:10:32 | WARNING | Imagen inexistente: img/players/100617.webp (se usara default.webp).
2026-10-04 01:10:32 | WARNING | Imagen inexistente: img/players/100635.webp (se usara default.webp).
2026-10-04 01:10:32 | WARNING | Imagen inexistente: img/players/100640.webp (se usara default.webp).
2026-10-04 01:10:32 | WARNING | Imagen inexistente: img/players/100650.webp (se usara default.webp).
2026-10-04 01:10:32 | WARNING | Imagen inexistente: img/players/100651.webp (se usara default.webp).
2026-10-04 01:10:32 | WARNING | Imagen inexistente: img/players/100654.webp (se usara default.webp).
2026-10-04 01:10:32 | WARNING | Imagen inexistente: img/players/100660.webp (se usara default.webp).
2026-10-04 01:10:32 | WARNING | Imagen inexistente: img/players/100664.webp (se usara default.webp).
2026-10-04 01:10:32 | WARNING | Imagen inexistente: img/players/100666.webp (se usara default.webp).
2026-10-04 01:10:32 | WARNING | Imagen inexistente: img/players/100674.webp (se usara default.webp).
2026-10-04 01:10:32 | WARNING | Imagen inexistente: img/players/100686.webp (se usara default.webp).
2026-10-04 01:10:32 | WARNING | Imagen inexistente: img/players/100691.webp (se usara default.webp).
2026-10-04 01:10:32 | WARNING | Imagen inexistente: img/players/100694.webp (se usara default.webp).
2026-10-04 01:10:32 | WARNING | Imagen inexistente: img/players/100697.webp (se usara default.webp).
2026-10-04 01:10:32 | WARNING | Imagen inexistente: img/players/100698.webp (se usara default.webp).
2026-10-04 01:10:32 | WARNING | Imagen inexistente: img/players/100703.webp (se usara default.webp).
2026-10-04 01:10:32 | WARNING | Imagen inexistente: img/players/100707.webp (se usara default.webp).
2026-10-04 01:10:32 | WARNING | Imagen inexistente: img/players/100721.webp (se usara default.webp).
2026-10-04 01:10:32 | WARNING | Imagen inexistente: img/players/100725.webp (se usara default.webp).
2026-10-04 01:10:32 | WARNING | Imagen inexistente: img/players/100730.webp (se usara default.webp).
2026-10-04 01:10:32 | WARNING | Imagen inexistente: img/players/100733.webp (se usara default.webp).
2026-10-04 01:10:32 | WARNING | Imagen inexistente: img/players/100734.webp (se usara default.webp).
2026-10-04 01:10:32 | WARNING | Imagen inexistente: img/players/100738.webp (se usara default.webp).
2026-10-04 01:10:32 | WARNING | Imagen inexistente: img/players/100746.webp (se usara default.webp).
2026-10-04 01:10:32 | WARNING | Imagen inexistente: img/players/100749.webp (se usara default.webp).
2026-10-04 01:10:32 | WARNING | Imagen inexistente: img/players/100753.webp (se usara default.webp).
2026-10-04 01:10:32 | WARNING | Imagen inexistente: img/players/100756.webp (se usara default.webp).
2026-10-04 01:10:32 | WARNING | Imagen inexistente: img/players/100760.webp (se usara default.webp).
2026-10-04 01:10:32 | WARNING | Imagen inexistente: img/players/100772.webp (se usara default.webp).
2026-10-04 01:10:32 | WARNING | Imagen inexistente: img/players/100774.webp (se usara default.webp).
2026-10-04 01:10:32 | WARNING | Imagen inexistente: img/players/100775.webp (se usara default.webp).
2026-10-04 01:10:32 | WARNING | Imagen inexistente: img/players/100782.webp (se usara default.webp).
2026-10-04 01:10:32 | WARNING | Imagen inexistente: img/players/100790.webp (se usara default.webp).
2026-10-04 01:10:32 | WARNING | Imagen inexistente: img/players/100791.webp (se usara default.webp).
2026-10-04 01:10:32 | WARNING | Imagen inexistente: img/players/100792.webp (se usara default.webp).
2026-10-04 01:10:32 | WARNING | Imagen inexistente: img/players/100800.webp (se usara default.webp).
2026-10-04 01:10:32 | WARNING | Imagen inexistente: img/players/100802.webp (se usara default.webp).
2026-10-04 01:10:32 | WARNING | Imagen inexistente: img/players/100808.webp (se usara default.webp).
2026-10-04 01:10:32 | WARNING | Imagen inexistente: img/players/100811.webp (se usara default.webp).
2026-10-04 01:10:32 | WARNING | Imagen inexistente: img/players/100819.webp (se usara default.webp).
2026-10-04 01:10:32 | WARNING | Imagen inexistente: img/players/100832.webp (se usara default.webp).
2026-10-04 01:10:32 | WARNING | Imagen inexistente: img/players/100860.webp (se usara default.webp).
2026-10-04 01:10:32 | WARNING | Imagen inexistente: img/players/100870.webp (se usara default.webp).
2026-10-04 01:10:32 | WARNING | Imagen inexistente: img/players/100876.webp (se usara default.webp).
2026-10-04 01:10:32 | WARNING | Imagen inexistente: img/players/100891.webp (se usara default.webp).
2026-10-04 01:10:32 | WARNING | Imagen inexistente: img/players/100900.webp (se usara default.webp).
2026-10-04 01:10:32 | WARNING | Imagen inexistente: img/players/100905.webp (se usara default.webp).
2026-10-04 01:10:32 | WARNING | Imagen inexistente: img/players/100932.webp (se usara default.webp).
2026-10-04 01:10:32 | WARNING | Imagen inexistente: img/players/100934.webp (se usara default.webp).
2026-10-04 01:10:32 | WARNING | Imagen inexistente: img/players/100937.webp (se usara default.webp).
2026-10-04 01:10:32 | WARNING | Imagen inexistente: img/players/100940.webp (se usara default.webp).
2026-10-04 01:10:32 | WARNING | Imagen inexistente: img/players/100943.webp (se usara default.webp).
2026-10-04 01:10:32 | WARNING | Imagen inexistente: img/players/100945.webp (se usara default.webp).
2026-10-04 01:10:32 | WARNING | Imagen inexistente: img/players/100946.webp (se usara default.webp).
2026-10-04 01:10:32 | WARNING | Imagen inexistente: img/players/100948.webp (se usara default.webp).
2026-10-04 01:10:32 | WARNING | Imagen inexistente: img/players/100951.webp (se usara default.webp).
2026-10-04 01:10:32 | WARNING | Imagen inexistente: img/players/100960.webp (se usara default.webp).
2026-10-04 01:10:32 | WARNING | Imagen inexistente: img/players/100961.webp (se usara default.webp).
2026-10-04 01:10:32 | WARNING | Imagen inexistente: img/players/100962.webp (se usara default.webp).
2026-10-04 01:10:32 | WARNING | Imagen inexistente: img/players/100964.webp (se usara default.webp).
2026-10-04 01:10:32 | WARNING | Imagen inexistente: img/players/100966.webp (se usara default.webp).
2026-10-04 01:10:32 | WARNING | Imagen inexistente: img/players/100969.webp (se usara default.webp).
2026-10-04 01:10:32 | WARNING | Imagen inexistente: img/players/100974.webp (se usara default.webp).
2026-10-04 01:10:32 | WARNING | Imagen inexistente: img/players/100978.webp (se usara default.webp).
2026-10-04 01:10:32 | WARNING | Imagen inexistente: img/players/100981.webp (se usara default.webp).
2026-10-04 01:10:32 | WARNING | Imagen inexistente: img/players/100988.webp (se usara default.webp).
2026-10-04 01:10:32 | WARNING | Imagen inexistente: img/players/100989.webp (se usara default.webp).
2026-10-04 01:10:32 | WARNING | Imagen inexistente: img/players/100991.webp (se usara default.webp).
2026-10-04 01:10:32 | WARNING | Imagen inexistente: img/players/100995.webp (se usara default.webp).
2026-10-04 01:10:32 | WARNING | Imagen inexistente: img/players/100997.webp (se usara default.webp).
2026-10-04 01:10:32 | WARNING | Imagen inexistente: img/players/100999.webp (se usara default.webp).
2026-10-04 01:10:32 | WARNING | Imagen inexistente: img/players/101011.webp (se usara default.webp).
2026-10-04 01:10:32 | WARNING | Imagen inexistente: img/players/101030.webp (se usara default.webp).
2026-10-04 01:10:32 | WARNING | Imagen inexistente: img/players/101031.webp (se usara default.webp).
2026-10-04 01:10:32 | WARNING | Imagen inexistente: img/players/101035.webp (se usara default.webp).
2026-10-04 01:10:32 | WARNING | Imagen inexistente: img/players/101037.webp (se usara default.webp).
2026-10-04 01:10:32 | WARNING | Imagen inexistente: img/players/101040.webp (se usara default.webp).
2026-10-04 01:10:32 | WARNING | Imagen inexistente: img/players/101052.webp (se usara default.webp).
2026-10-04 01:10:32 | WARNING | Imagen inexistente: img/players/101066.webp (se usara default.webp).
2026-10-04 01:10:32 | WARNING | Imagen inexistente: img/players/101079.webp (se usara default.webp).
2026-10-04 01:10:32 | WARNING | Imagen inexistente: img/players/101080.webp (se usara default.webp).
2026-10-04 01:10:32 | WARNING | Imagen inexistente: img/players/101086.webp (se usara default.webp).
2026-10-04 01:10:32 | WARNING | Imagen inexistente: img/players/101087.webp (se usara default.webp).
2026-10-04 01:10:32 | WARNING | Imagen inexistente: img/players/101091.webp (se usara default.webp).
2026-10-04 01:10:32 | WARNING | Imagen inexistente: img/players/101094.webp (se usara default.webp).
2026-10-04 01:10:32 | WARNING | Imagen inexistente: img/players/101099.webp (se usara default.webp).
2026-10-04 01:10:32 | WARNING | Imagen inexistente: img/players/101100.webp (se usara default.webp).
2026-10-04 01:10:32 | WARNING | Imagen inexistente: img/players/101101.webp (se usara default.webp).
2026-10-04 01:10:32 | WARNING | Imagen inexistente: img/players/101102.webp (se usara default.webp).
2026-10-04 01:10:32 | WARNING | Imagen inexistente: img/players/101103.webp (se usara default.webp).
2026-10-04 01:10:32 | WARNING | Imagen inexistente: img/players/101106.webp (se usara default.webp).
2026-10-04 01:10:32 | WARNING | Imagen inexistente: img/players/101109.webp (se usara default.webp).
2026-10-04 01:10:32 | WARNING | Imagen inexistente: img/players/101111.webp (se usara default.webp).
2026-10-04 01:10:32 | WARNING | Imagen inexistente: img/players/101113.webp (se usara default.webp).
2026-10-04 01:10:32 | WARNING | Imagen inexistente: img/players/101120.webp (se usara default.webp).
2026-10-04 01:10:32 | WARNING | Imagen inexistente: img/players/101121.webp (se usara default.webp).
2026-10-04 01:10:32 | WARNING | Imagen inexistente: img/players/101123.webp (se usara default.webp).
2026-10-04 01:10:32 | WARNING | Imagen inexistente: img/players/101127.webp (se usara default.webp).
2026-10-04 01:10:32 | WARNING | Imagen inexistente: img/players/101129.webp (se usara default.webp).
2026-10-04 01:10:32 | WARNING | Imagen inexistente: img/players/101131.webp (se usara default.webp).
2026-10-04 01:10:32 | WARNING | Imagen inexistente: img/players/101136.webp (se usara default.webp).
2026-10-04 01:10:32 | WARNING | Imagen inexistente: img/players/101143.webp (se usara default.webp).
2026-10-04 01:10:32 | WARNING | Imagen inexistente: img/players/101178.webp (se usara default.webp).
2026-10-04 01:10:32 | WARNING | Imagen inexistente: img/players/101184.webp (se usara default.webp).
2026-10-04 01:10:32 | WARNING | Imagen inexistente: img/players/101186.webp (se usara default.webp).
2026-10-04 01:10:32 | WARNING | Imagen inexistente: img/players/101197.webp (se usara default.webp).
2026-10-04 01:10:32 | WARNING | Imagen inexistente: img/players/101200.webp (se usara default.webp).
2026-10-04 01:10:32 | WARNING | Imagen inexistente: img/players/101205.webp (se usara default.webp).
2026-10-04 01:10:32 | WARNING | Imagen inexistente: img/players/101227.webp (se usara default.webp).
2026-10-04 01:10:32 | WARNING | Imagen inexistente: img/players/101229.webp (se usara default.webp).
2026-10-04 01:10:32 | WARNING | Imagen inexistente: img/players/101244.webp (se usara default.webp).
2026-10-04 01:10:32 | WARNING | Imagen inexistente: img/players/101247.webp (se usara default.webp).
2026-10-04 01:10:32 | WARNING | Imagen inexistente: img/players/101249.webp (se usara default.webp).
2026-10-04 01:10:32 | WARNING | Imagen inexistente: img/players/101251.webp (se usara default.webp).
2026-10-04 01:10:32 | WARNING | Imagen inexistente: img/players/101295.webp (se usara default.webp).
2026-10-04 01:10:32 | WARNING | Imagen inexistente: img/players/101308.webp (se usara default.webp).
2026-10-04 01:10:32 | WARNING | Imagen inexistente: img/players/101312.webp (se usara default.webp).
2026-10-04 01:10:32 | WARNING | Imagen inexistente: img/players/101313.webp (se usara default.webp).
2026-10-04 01:10:32 | WARNING | Imagen inexistente: img/players/101321.webp (se usara default.webp).
2026-10-04 01:10:32 | WARNING | Imagen inexistente: img/players/101329.webp (se usara default.webp).
2026-10-04 01:10:32 | WARNING | Imagen inexistente: img/players/101354.webp (se usara default.webp).
2026-10-04 01:10:32 | WARNING | Imagen inexistente: img/players/101360.webp (se usara default.webp).
2026-10-04 01:10:32 | WARNING | Imagen inexistente: img/players/101364.webp (se usara default.webp).
2026-10-04 01:10:32 | WARNING | Imagen inexistente: img/players/101386.webp (se usara default.webp).
2026-10-04 01:10:32 | WARNING | Imagen inexistente: img/players/101394.webp (se usara default.webp).
2026-10-04 01:10:32 | WARNING | Imagen inexistente: img/players/101397.webp (se usara default.webp).
2026-10-04 01:10:32 | WARNING | Imagen inexistente: img/players/101404.webp (se usara default.webp).
2026-10-04 01:10:32 | WARNING | Imagen inexistente: img/players/101408.webp (se usara default.webp).
2026-10-04 01:10:32 | WARNING | Imagen inexistente: img/players/101413.webp (se usara default.webp).
2026-10-04 01:10:32 | WARNING | Imagen inexistente: img/players/101416.webp (se usara default.webp).
2026-10-04 01:10:32 | WARNING | Imagen inexistente: img/players/101420.webp (se usara default.webp).
2026-10-04 01:10:32 | WARNING | Imagen inexistente: img/players/101431.webp (se usara default.webp).
2026-10-04 01:10:32 | WARNING | Imagen inexistente: img/players/101440.webp (se usara default.webp).
2026-10-04 01:10:32 | WARNING | Imagen inexistente: img/players/101444.webp (se usara default.webp).
2026-10-04 01:10:32 | WARNING | Imagen inexistente: img/players/101447.webp (se usara default.webp).
2026-10-04 01:10:32 | WARNING | Imagen inexistente: img/players/101450.webp (se usara default.webp).
2026-10-04 01:10:32 | WARNING | Imagen inexistente: img/players/101459.webp (se usara default.webp).
2026-10-04 01:10:32 | WARNING | Imagen inexistente: img/players/101476.webp (se usara default.webp).
2026-10-04 01:10:32 | WARNING | Imagen inexistente: img/players/101487.webp (se usara default.webp).
2026-10-04 01:10:32 | WARNING | Imagen inexistente: img/players/101488.webp (se usara default.webp).
2026-10-04 01:10:32 | WARNING | Imagen inexistente: img/players/101490.webp (se usara default.webp).
2026-10-04 01:10:32 | WARNING | Imagen inexistente: img/players/101491.webp (se usara default.webp).
2026-10-04 01:10:32 | WARNING | Imagen inexistente: img/players/101494.webp (se usara default.webp).
2026-10-04 01:10:32 | WARNING | Imagen inexistente: img/players/101495.webp (se usara default.webp).
2026-10-04 01:10:32 | WARNING | Imagen inexistente: img/players/101498.webp (se usara default.webp).
2026-10-04 01:10:32 | WARNING | Imagen inexistente: img/players/101505.webp (se usara default.webp).
2026-10-04 01:10:32 | WARNING | Imagen inexistente: img/players/101509.webp (se usara default.webp).
2026-10-04 01:10:32 | WARNING | Imagen inexistente: img/players/101518.webp (se usara default.webp).
2026-10-04 01:10:32 | WARNING | Imagen inexistente: img/players/101519.webp (se usara default.webp).
2026-10-04 01:10:32 | WARNING | Imagen inexistente: img/players/101531.webp (se usara default.webp).
2026-10-04 01:10:32 | WARNING | Imagen inexistente: img/players/101534.webp (se usara default.webp).
2026-10-04 01:10:32 | WARNING | Imagen inexistente: img/players/101537.webp (se usara default.webp).
2026-10-04 01:10:32 | WARNING | Imagen inexistente: img/players/101580.webp (se usara default.webp).
2026-10-04 01:10:32 | WARNING | Imagen inexistente: img/players/101586.webp (se usara default.webp).
2026-10-04 01:10:32 | WARNING | Imagen inexistente: img/players/101587.webp (se usara default.webp).
2026-10-04 01:10:32 | WARNING | Imagen inexistente: img/players/101592.webp (se usara default.webp).
2026-10-04 01:10:32 | WARNING | Imagen inexistente: img/players/101593.webp (se usara default.webp).
2026-10-04 01:10:32 | WARNING | Imagen inexistente: img/players/101603.webp (se usara default.webp).
2026-10-04 01:10:32 | WARNING | Imagen inexistente: img/players/101611.webp (se usara default.webp).
2026-10-04 01:10:32 | WARNING | Imagen inexistente: img/players/101620.webp (se usara default.webp).
2026-10-04 01:10:32 | WARNING | Imagen inexistente: img/players/101638.webp (se usara default.webp).
2026-10-04 01:10:32 | WARNING | Imagen inexistente: img/players/101644.webp (se usara default.webp).
2026-10-04 01:10:32 | WARNING | Imagen inexistente: img/players/101648.webp (se usara default.webp).
2026-10-04 01:10:32 | WARNING | Imagen inexistente: img/players/101649.webp (se usara default.webp).
2026-10-04 01:10:32 | WARNING | Imagen inexistente: img/players/101650.webp (se usara default.webp).
2026-10-04 01:10:32 | WARNING | Imagen inexistente: img/players/101653.webp (se usara default.webp).
2026-10-04 01:10:32 | WARNING | Imagen inexistente: img/players/101669.webp (se usara default.webp).
2026-10-04 01:10:32 | WARNING | Imagen inexistente: img/players/101685.webp (se usara default.webp).
2026-10-04 01:10:32 | WARNING | Imagen inexistente: img/players/101686.webp (se usara default.webp).
2026-10-04 01:10:32 | WARNING | Imagen inexistente: img/players/101736.webp (se usara default.webp).
2026-10-04 01:10:32 | WARNING | Imagen inexistente: img/players/101737.webp (se usara default.webp).
2026-10-04 01:10:32 | WARNING | Imagen inexistente: img/players/101739.webp (se usara default.webp).
2026-10-04 01:10:32 | WARNING | Imagen inexistente: img/players/101747.webp (se usara default.webp).
2026-10-04 01:10:32 | WARNING | Imagen inexistente: img/players/101757.webp (se usara default.webp).
2026-10-04 01:10:32 | WARNING | Imagen inexistente: img/players/101758.webp (se usara default.webp).
2026-10-04 01:10:32 | WARNING | Imagen inexistente: img/players/101763.webp (se usara default.webp).
2026-10-04 01:10:32 | WARNING | Imagen inexistente: img/players/101764.webp (se usara default.webp).
2026-10-04 01:10:32 | WARNING | Imagen inexistente: img/players/101779.webp (se usara default.webp).
2026-10-04 01:10:32 | WARNING | Imagen inexistente: img/players/101789.webp (se usara default.webp).
2026-10-04 01:10:32 | WARNING | Imagen inexistente: img/players/101790.webp (se usara default.webp).
2026-10-04 01:10:32 | WARNING | Imagen inexistente: img/players/101812.webp (se usara default.webp).
2026-10-04 01:10:32 | WARNING | Imagen inexistente: img/players/101813.webp (se usara default.webp).
2026-10-04 01:10:32 | WARNING | Imagen inexistente: img/players/101815.webp (se usara default.webp).
2026-10-04 01:10:32 | WARNING | Imagen inexistente: img/players/101821.webp (se usara default.webp).
2026-10-04 01:10:32 | WARNING | Imagen inexistente: img/players/101827.webp (se usara default.webp).
2026-10-04 01:10:32 | WARNING | Imagen inexistente: img/players/101828.webp (se usara default.webp).
2026-10-04 01:10:32 | WARNING | Imagen inexistente: img/players/101834.webp (se usara default.webp).
2026-10-04 01:10:32 | WARNING | Imagen inexistente: img/players/101842.webp (se usara default.webp).
2026-10-04 01:10:32 | WARNING | Imagen inexistente: img/players/101844.webp (se usara default.webp).
2026-10-04 01:10:32 | WARNING | Imagen inexistente: img/players/101848.webp (se usara default.webp).
2026-10-04 01:10:32 | WARNING | Imagen inexistente: img/players/101860.webp (se usara default.webp).
2026-10-04 01:10:32 | WARNING | Imagen inexistente: img/players/101876.webp (se usara default.webp).
2026-10-04 01:10:32 | WARNING | Imagen inexistente: img/players/101880.webp (se usara default.webp).
2026-10-04 01:10:32 | WARNING | Imagen inexistente: img/players/101884.webp (se usara default.webp).
2026-10-04 01:10:32 | WARNING | Imagen inexistente: img/players/101889.webp (se usara default.webp).
2026-10-04 01:10:32 | WARNING | Imagen inexistente: img/players/101897.webp (se usara default.webp).
2026-10-04 01:10:32 | WARNING | Imagen inexistente: img/players/101898.webp (se usara default.webp).
2026-10-04 01:10:32 | WARNING | Imagen inexistente: img/players/101904.webp (se usara default.webp).
2026-10-04 01:10:32 | WARNING | Imagen inexistente: img/players/101916.webp (se usara default.webp).
2026-10-04 01:10:32 | WARNING | Imagen inexistente: img/players/101918.webp (se usara default.webp).
2026-10-04 01:10:32 | WARNING | Imagen inexistente: img/players/101928.webp (se usara default.webp).
2026-10-04 01:10:32 | WARNING | Imagen inexistente: img/players/101930.webp (se usara default.webp).
2026-10-04 01:10:32 | WARNING | Imagen inexistente: img/players/101939.webp (se usara default.webp).
2026-10-04 01:10:32 | WARNING | Imagen inexistente: img/players/101940.webp (se usara default.webp).
2026-10-04 01:10:32 | WARNING | Imagen inexistente: img/players/101964.webp (se usara default.webp).
2026-10-04 01:10:32 | WARNING | Imagen inexistente: img/players/101971.webp (se usara default.webp).
2026-10-04 01:10:32 | WARNING | Imagen inexistente: img/players/101975.webp (se usara default.webp).
2026-10-04 01:10:32 | WARNING | Imagen inexistente: img/players/101977.webp (se usara default.webp).
2026-10-04 01:10:32 | WARNING | Imagen inexistente: img/players/101981.webp (se usara default.webp).
2026-10-04 01:10:32 | WARNING | Imagen inexistente: img/players/101991.webp (se usara default.webp).
2026-10-04 01:10:32 | WARNING | Imagen inexistente: img/players/102005.webp (se usara default.webp).
2026-10-04 01:10:32 | WARNING | Imagen inexistente: img/players/102008.webp (se usara default.webp).
2026-10-04 01:10:32 | WARNING | Imagen inexistente: img/players/102020.webp (se usara default.webp).
2026-10-04 01:10:32 | WARNING | Imagen inexistente: img/players/102021.webp (se usara default.webp).
2026-10-04 01:10:32 | WARNING | Imagen inexistente: img/players/102026.webp (se usara default.webp).
2026-10-04 01:10:32 | WARNING | Imagen inexistente: img/players/102035.webp (se usara default.webp).
2026-10-04 01:10:32 | WARNING | Imagen inexistente: img/players/102044.webp (se usara default.webp).
2026-10-04 01:10:32 | WARNING | Imagen inexistente: img/players/102045.webp (se usara default.webp).
2026-10-04 01:10:32 | WARNING | Imagen inexistente: img/players/102049.webp (se usara default.webp).
2026-10-04 01:10:32 | WARNING | Imagen inexistente: img/players/102050.webp (se usara default.webp).
2026-10-04 01:10:32 | WARNING | Imagen inexistente: img/players/102053.webp (se usara default.webp).
2026-10-04 01:10:32 | WARNING | Imagen inexistente: img/players/102058.webp (se usara default.webp).
2026-10-04 01:10:32 | WARNING | Imagen inexistente: img/players/102071.webp (se usara default.webp).
2026-10-04 01:10:32 | WARNING | Imagen inexistente: img/players/102077.webp (se usara default.webp).
2026-10-04 01:10:32 | WARNING | Imagen inexistente: img/players/102081.webp (se usara default.webp).
2026-10-04 01:10:32 | WARNING | Imagen inexistente: img/players/102088.webp (se usara default.webp).
2026-10-04 01:10:32 | WARNING | Imagen inexistente: img/players/102105.webp (se usara default.webp).
2026-10-04 01:10:32 | WARNING | Imagen inexistente: img/players/102109.webp (se usara default.webp).
2026-10-04 01:10:32 | WARNING | Imagen inexistente: img/players/102121.webp (se usara default.webp).
2026-10-04 01:10:32 | WARNING | Imagen inexistente: img/players/102122.webp (se usara default.webp).
2026-10-04 01:10:32 | WARNING | Imagen inexistente: img/players/102124.webp (se usara default.webp).
2026-10-04 01:10:32 | WARNING | Imagen inexistente: img/players/102128.webp (se usara default.webp).
2026-10-04 01:10:32 | WARNING | Imagen inexistente: img/players/102130.webp (se usara default.webp).
2026-10-04 01:10:32 | WARNING | Imagen inexistente: img/players/102131.webp (se usara default.webp).
2026-10-04 01:10:32 | WARNING | Imagen inexistente: img/players/102132.webp (se usara default.webp).
2026-10-04 01:10:32 | WARNING | Imagen inexistente: img/players/102141.webp (se usara default.webp).
2026-10-04 01:10:32 | WARNING | Imagen inexistente: img/players/102142.webp (se usara default.webp).
2026-10-04 01:10:32 | WARNING | Imagen inexistente: img/players/102143.webp (se usara default.webp).
2026-10-04 01:10:32 | WARNING | Imagen inexistente: img/players/102204.webp (se usara default.webp).
2026-10-04 01:10:32 | WARNING | Imagen inexistente: img/players/102207.webp (se usara default.webp).
2026-10-04 01:10:32 | WARNING | Imagen inexistente: img/players/102213.webp (se usara default.webp).
2026-10-04 01:10:32 | WARNING | Imagen inexistente: img/players/102223.webp (se usara default.webp).
2026-10-04 01:10:32 | WARNING | Imagen inexistente: img/players/102231.webp (se usara default.webp).
2026-10-04 01:10:32 | WARNING | Imagen inexistente: img/players/102234.webp (se usara default.webp).
2026-10-04 01:10:32 | WARNING | Imagen inexistente: img/players/102246.webp (se usara default.webp).
2026-10-04 01:10:32 | WARNING | Imagen inexistente: img/players/102285.webp (se usara default.webp).
2026-10-04 01:10:32 | WARNING | Imagen inexistente: img/players/102286.webp (se usara default.webp).
2026-10-04 01:10:32 | WARNING | Imagen inexistente: img/players/102293.webp (se usara default.webp).
2026-10-04 01:10:32 | WARNING | Imagen inexistente: img/players/102301.webp (se usara default.webp).
2026-10-04 01:10:32 | WARNING | Imagen inexistente: img/players/102307.webp (se usara default.webp).
2026-10-04 01:10:32 | WARNING | Imagen inexistente: img/players/102335.webp (se usara default.webp).
2026-10-04 01:10:32 | WARNING | Imagen inexistente: img/players/102337.webp (se usara default.webp).
2026-10-04 01:10:32 | WARNING | Imagen inexistente: img/players/102339.webp (se usara default.webp).
2026-10-04 01:10:32 | WARNING | Imagen inexistente: img/players/102365.webp (se usara default.webp).
2026-10-04 01:10:32 | WARNING | Imagen inexistente: img/players/102394.webp (se usara default.webp).
2026-10-04 01:10:32 | WARNING | Imagen inexistente: img/players/102398.webp (se usara default.webp).
2026-10-04 01:10:32 | WARNING | Imagen inexistente: img/players/102399.webp (se usara default.webp).
2026-10-04 01:10:32 | WARNING | Imagen inexistente: img/players/102413.webp (se usara default.webp).
2026-10-04 01:10:32 | WARNING | Imagen inexistente: img/players/102426.webp (se usara default.webp).
2026-10-04 01:10:32 | WARNING | Imagen inexistente: img/players/102438.webp (se usara default.webp).
2026-10-04 01:10:32 | WARNING | Imagen inexistente: img/players/102470.webp (se usara default.webp).
2026-10-04 01:10:32 | WARNING | Imagen inexistente: img/players/102476.webp (se usara default.webp).
2026-10-04 01:10:32 | WARNING | Imagen inexistente: img/players/102486.webp (se usara default.webp).
2026-10-04 01:10:32 | WARNING | Imagen inexistente: img/players/102493.webp (se usara default.webp).
2026-10-04 01:10:32 | WARNING | Imagen inexistente: img/players/102496.webp (se usara default.webp).
2026-10-04 01:10:32 | WARNING | Imagen inexistente: img/players/102510.webp (se usara default.webp).
2026-10-04 01:10:32 | WARNING | Imagen inexistente: img/players/102511.webp (se usara default.webp).
2026-10-04 01:10:32 | WARNING | Imagen inexistente: img/players/102517.webp (se usara default.webp).
2026-10-04 01:10:32 | WARNING | Imagen inexistente: img/players/102527.webp (se usara default.webp).
2026-10-04 01:10:32 | WARNING | Imagen inexistente: img/players/102534.webp (se usara default.webp).
2026-10-04 01:10:32 | WARNING | Imagen inexistente: img/players/102535.webp (se usara default.webp).
2026-10-04 01:10:32 | WARNING | Imagen inexistente: img/players/102541.webp (se usara default.webp).
2026-10-04 01:10:32 | WARNING | Imagen inexistente: img/players/102554.webp (se usara default.webp).
2026-10-04 01:10:32 | WARNING | Imagen inexistente: img/players/102564.webp (se usara default.webp).
2026-10-04 01:10:32 | WARNING | Imagen inexistente: img/players/102566.webp (se usara default.webp).
2026-10-04 01:10:32 | WARNING | Imagen inexistente: img/players/102567.webp (se usara default.webp).
2026-10-04 01:10:32 | WARNING | Imagen inexistente: img/players/102572.webp (se usara default.webp).
2026-10-04 01:10:32 | WARNING | Imagen inexistente: img/players/102578.webp (se usara default.webp).
2026-10-04 01:10:32 | WARNING | Imagen inexistente: img/players/102597.webp (se usara default.webp).
2026-10-04 01:10:32 | WARNING | Imagen inexistente: img/players/102602.webp (se usara default.webp).
2026-10-04 01:10:32 | WARNING | Imagen inexistente: img/players/102604.webp (se usara default.webp).
2026-10-04 01:10:32 | WARNING | Imagen inexistente: img/players/102609.webp (se usara default.webp).
2026-10-04 01:10:32 | WARNING | Imagen inexistente: img/players/102617.webp (se usara default.webp).
2026-10-04 01:10:32 | WARNING | Imagen inexistente: img/players/102621.webp (se usara default.webp).
2026-10-04 01:10:32 | WARNING | Imagen inexistente: img/players/102624.webp (se usara default.webp).
2026-10-04 01:10:32 | WARNING | Imagen inexistente: img/players/102626.webp (se usara default.webp).
2026-10-04 01:10:32 | WARNING | Imagen inexistente: img/players/102631.webp (se usara default.webp).
2026-10-04 01:10:32 | WARNING | Imagen inexistente: img/players/102639.webp (se usara default.webp).
2026-10-04 01:10:32 | WARNING | Imagen inexistente: img/players/102644.webp (se usara default.webp).
2026-10-04 01:10:32 | WARNING | Imagen inexistente: img/players/102647.webp (se usara default.webp).
2026-10-04 01:10:32 | WARNING | Imagen inexistente: img/players/102649.webp (se usara default.webp).
2026-10-04 01:10:32 | WARNING | Imagen inexistente: img/players/102657.webp (se usara default.webp).
2026-10-04 01:10:32 | WARNING | Imagen inexistente: img/players/102672.webp (se usara default.webp).
2026-10-04 01:10:32 | WARNING | Imagen inexistente: img/players/102673.webp (se usara default.webp).
2026-10-04 01:10:32 | WARNING | Imagen inexistente: img/players/102676.webp (se usara default.webp).
2026-10-04 01:10:32 | WARNING | Imagen inexistente: img/players/102689.webp (se usara default.webp).
2026-10-04 01:10:32 | WARNING | Imagen inexistente: img/players/102691.webp (se usara default.webp).
2026-10-04 01:10:32 | WARNING | Imagen inexistente: img/players/102695.webp (se usara default.webp).
2026-10-04 01:10:32 | WARNING | Imagen inexistente: img/players/102705.webp (se usara default.webp).
2026-10-04 01:10:32 | WARNING | Imagen inexistente: img/players/102713.webp (se usara default.webp).
2026-10-04 01:10:32 | WARNING | Imagen inexistente: img/players/102724.webp (se usara default.webp).
2026-10-04 01:10:32 | WARNING | Imagen inexistente: img/players/102729.webp (se usara default.webp).
2026-10-04 01:10:32 | WARNING | Imagen inexistente: img/players/102736.webp (se usara default.webp).
2026-10-04 01:10:32 | WARNING | Imagen inexistente: img/players/102737.webp (se usara default.webp).
2026-10-04 01:10:32 | WARNING | Imagen inexistente: img/players/102749.webp (se usara default.webp).
2026-10-04 01:10:32 | WARNING | Imagen inexistente: img/players/102762.webp (se usara default.webp).
2026-10-04 01:10:32 | WARNING | Imagen inexistente: img/players/102767.webp (se usara default.webp).
2026-10-04 01:10:32 | WARNING | Imagen inexistente: img/players/102774.webp (se usara default.webp).
2026-10-04 01:10:32 | WARNING | Imagen inexistente: img/players/102776.webp (se usara default.webp).
2026-10-04 01:10:32 | WARNING | Imagen inexistente: img/players/102781.webp (se usara default.webp).
2026-10-04 01:10:32 | WARNING | Imagen inexistente: img/players/102783.webp (se usara default.webp).
2026-10-04 01:10:32 | WARNING | Imagen inexistente: img/players/102787.webp (se usara default.webp).
2026-10-04 01:10:32 | WARNING | Imagen inexistente: img/players/102788.webp (se usara default.webp).
2026-10-04 01:10:32 | WARNING | Imagen inexistente: img/players/102791.webp (se usara default.webp).
2026-10-04 01:10:32 | WARNING | Imagen inexistente: img/players/102792.webp (se usara default.webp).
2026-10-04 01:10:32 | WARNING | Imagen inexistente: img/players/102795.webp (se usara default.webp).
2026-10-04 01:10:32 | WARNING | Imagen inexistente: img/players/102797.webp (se usara default.webp).
2026-10-04 01:10:32 | WARNING | Imagen inexistente: img/players/102809.webp (se usara default.webp).
2026-10-04 01:10:32 | WARNING | Imagen inexistente: img/players/102818.webp (se usara default.webp).
2026-10-04 01:10:32 | WARNING | Imagen inexistente: img/players/102824.webp (se usara default.webp).
2026-10-04 01:10:32 | WARNING | Imagen inexistente: img/players/102826.webp (se usara default.webp).
2026-10-04 01:10:32 | WARNING | Imagen inexistente: img/players/102827.webp (se usara default.webp).
2026-10-04 01:10:32 | WARNING | Imagen inexistente: img/players/102839.webp (se usara default.webp).
2026-10-04 01:10:32 | WARNING | Imagen inexistente: img/players/102848.webp (se usara default.webp).
2026-10-04 01:10:32 | WARNING | Imagen inexistente: img/players/102855.webp (se usara default.webp).
2026-10-04 01:10:32 | WARNING | Imagen inexistente: img/players/102864.webp (se usara default.webp).
2026-10-04 01:10:32 | WARNING | Imagen inexistente: img/players/102879.webp (se usara default.webp).
2026-10-04 01:10:32 | WARNING | Imagen inexistente: img/players/102892.webp (se usara default.webp).
2026-10-04 01:10:32 | WARNING | Imagen inexistente: img/players/102893.webp (se usara default.webp).
2026-10-04 01:10:32 | WARNING | Imagen inexistente: img/players/102907.webp (se usara default.webp).
2026-10-04 01:10:32 | WARNING | Imagen inexistente: img/players/102910.webp (se usara default.webp).
2026-10-04 01:10:32 | WARNING | Imagen inexistente: img/players/102913.webp (se usara default.webp).
2026-10-04 01:10:32 | WARNING | Imagen inexistente: img/players/102916.webp (se usara default.webp).
2026-10-04 01:10:32 | WARNING | Imagen inexistente: img/players/102943.webp (se usara default.webp).
2026-10-04 01:10:32 | WARNING | Imagen inexistente: img/players/102947.webp (se usara default.webp).
2026-10-04 01:10:32 | WARNING | Imagen inexistente: img/players/102950.webp (se usara default.webp).
2026-10-04 01:10:32 | WARNING | Imagen inexistente: img/players/102951.webp (se usara default.webp).
2026-10-04 01:10:32 | WARNING | Imagen inexistente: img/players/102952.webp (se usara default.webp).
2026-10-04 01:10:32 | WARNING | Imagen inexistente: img/players/102972.webp (se usara default.webp).
2026-10-04 01:10:32 | WARNING | Imagen inexistente: img/players/102977.webp (se usara default.webp).
2026-10-04 01:10:32 | WARNING | Imagen inexistente: img/players/102984.webp (se usara default.webp).
2026-10-04 01:10:32 | WARNING | Imagen inexistente: img/players/102985.webp (se usara default.webp).
2026-10-04 01:10:32 | WARNING | Imagen inexistente: img/players/102988.webp (se usara default.webp).
2026-10-04 01:10:32 | WARNING | Imagen inexistente: img/players/103010.webp (se usara default.webp).
2026-10-04 01:10:32 | WARNING | Imagen inexistente: img/players/103012.webp (se usara default.webp).
2026-10-04 01:10:32 | WARNING | Imagen inexistente: img/players/103017.webp (se usara default.webp).
2026-10-04 01:10:32 | WARNING | Imagen inexistente: img/players/103026.webp (se usara default.webp).
2026-10-04 01:10:32 | WARNING | Imagen inexistente: img/players/103029.webp (se usara default.webp).
2026-10-04 01:10:32 | WARNING | Imagen inexistente: img/players/103031.webp (se usara default.webp).
2026-10-04 01:10:32 | WARNING | Imagen inexistente: img/players/103034.webp (se usara default.webp).
2026-10-04 01:10:32 | WARNING | Imagen inexistente: img/players/103035.webp (se usara default.webp).
2026-10-04 01:10:32 | WARNING | Imagen inexistente: img/players/103036.webp (se usara default.webp).
2026-10-04 01:10:32 | WARNING | Imagen inexistente: img/players/103048.webp (se usara default.webp).
2026-10-04 01:10:32 | WARNING | Imagen inexistente: img/players/103051.webp (se usara default.webp).
2026-10-04 01:10:32 | WARNING | Imagen inexistente: img/players/103068.webp (se usara default.webp).
2026-10-04 01:10:32 | WARNING | Imagen inexistente: img/players/103083.webp (se usara default.webp).
2026-10-04 01:10:32 | WARNING | Imagen inexistente: img/players/103084.webp (se usara default.webp).
2026-10-04 01:10:32 | WARNING | Imagen inexistente: img/players/103088.webp (se usara default.webp).
2026-10-04 01:10:32 | WARNING | Imagen inexistente: img/players/103089.webp (se usara default.webp).
2026-10-04 01:10:32 | WARNING | Imagen inexistente: img/players/103090.webp (se usara default.webp).
2026-10-04 01:10:32 | WARNING | Imagen inexistente: img/players/103103.webp (se usara default.webp).
2026-10-04 01:10:32 | WARNING | Imagen inexistente: img/players/103116.webp (se usara default.webp).
2026-10-04 01:10:32 | WARNING | Imagen inexistente: img/players/103119.webp (se usara default.webp).
2026-10-04 01:10:32 | WARNING | Imagen inexistente: img/players/103126.webp (se usara default.webp).
2026-10-04 01:10:32 | WARNING | Imagen inexistente: img/players/103127.webp (se usara default.webp).
2026-10-04 01:10:32 | WARNING | Imagen inexistente: img/players/103130.webp (se usara default.webp).
2026-10-04 01:10:32 | WARNING | Imagen inexistente: img/players/103140.webp (se usara default.webp).
2026-10-04 01:10:32 | WARNING | Imagen inexistente: img/players/103151.webp (se usara default.webp).
2026-10-04 01:10:32 | WARNING | Imagen inexistente: img/players/103152.webp (se usara default.webp).
2026-10-04 01:10:32 | WARNING | Imagen inexistente: img/players/103153.webp (se usara default.webp).
2026-10-04 01:10:32 | WARNING | Imagen inexistente: img/players/103155.webp (se usara default.webp).
2026-10-04 01:10:32 | WARNING | Imagen inexistente: img/players/103157.webp (se usara default.webp).
2026-10-04 01:10:32 | WARNING | Imagen inexistente: img/players/103167.webp (se usara default.webp).
2026-10-04 01:10:32 | WARNING | Imagen inexistente: img/players/103191.webp (se usara default.webp).
2026-10-04 01:10:32 | WARNING | Imagen inexistente: img/players/103199.webp (se usara default.webp).
2026-10-04 01:10:32 | WARNING | Imagen inexistente: img/players/103205.webp (se usara default.webp).
2026-10-04 01:10:32 | WARNING | Imagen inexistente: img/players/103215.webp (se usara default.webp).
2026-10-04 01:10:32 | WARNING | Imagen inexistente: img/players/103222.webp (se usara default.webp).
2026-10-04 01:10:32 | WARNING | Imagen inexistente: img/players/103231.webp (se usara default.webp).
2026-10-04 01:10:32 | WARNING | Imagen inexistente: img/players/103235.webp (se usara default.webp).
2026-10-04 01:10:32 | WARNING | Imagen inexistente: img/players/103242.webp (se usara default.webp).
2026-10-04 01:10:32 | WARNING | Imagen inexistente: img/players/103258.webp (se usara default.webp).
2026-10-04 01:10:32 | WARNING | Imagen inexistente: img/players/103269.webp (se usara default.webp).
2026-10-04 01:10:32 | WARNING | Imagen inexistente: img/players/103270.webp (se usara default.webp).
2026-10-04 01:10:32 | WARNING | Imagen inexistente: img/players/103279.webp (se usara default.webp).
2026-10-04 01:10:32 | WARNING | Imagen inexistente: img/players/103280.webp (se usara default.webp).
2026-10-04 01:10:32 | WARNING | Imagen inexistente: img/players/103289.webp (se usara default.webp).
2026-10-04 01:10:32 | WARNING | Imagen inexistente: img/players/103290.webp (se usara default.webp).
2026-10-04 01:10:32 | WARNING | Imagen inexistente: img/players/103303.webp (se usara default.webp).
2026-10-04 01:10:32 | WARNING | Imagen inexistente: img/players/103325.webp (se usara default.webp).
2026-10-04 01:10:32 | WARNING | Imagen inexistente: img/players/103342.webp (se usara default.webp).
2026-10-04 01:10:32 | WARNING | Imagen inexistente: img/players/103362.webp (se usara default.webp).
2026-10-04 01:10:32 | WARNING | Imagen inexistente: img/players/103365.webp (se usara default.webp).
2026-10-04 01:10:32 | WARNING | Imagen inexistente: img/players/103394.webp (se usara default.webp).
2026-10-04 01:10:32 | WARNING | Imagen inexistente: img/players/103402.webp (se usara default.webp).
2026-10-04 01:10:32 | WARNING | Imagen inexistente: img/players/103407.webp (se usara default.webp).
2026-10-04 01:10:32 | WARNING | Imagen inexistente: img/players/103441.webp (se usara default.webp).
2026-10-04 01:10:32 | WARNING | Imagen inexistente: img/players/103446.webp (se usara default.webp).
2026-10-04 01:10:32 | WARNING | Imagen inexistente: img/players/103451.webp (se usara default.webp).
2026-10-04 01:10:32 | WARNING | Imagen inexistente: img/players/103455.webp (se usara default.webp).
2026-10-04 01:10:32 | WARNING | Imagen inexistente: img/players/103456.webp (se usara default.webp).
2026-10-04 01:10:32 | WARNING | Imagen inexistente: img/players/103470.webp (se usara default.webp).
2026-10-04 01:10:32 | WARNING | Imagen inexistente: img/players/103476.webp (se usara default.webp).
2026-10-04 01:10:32 | WARNING | Imagen inexistente: img/players/103478.webp (se usara default.webp).
2026-10-04 01:10:32 | WARNING | Imagen inexistente: img/players/103487.webp (se usara default.webp).
2026-10-04 01:10:32 | WARNING | Imagen inexistente: img/players/103489.webp (se usara default.webp).
2026-10-04 01:10:32 | WARNING | Imagen inexistente: img/players/103492.webp (se usara default.webp).
2026-10-04 01:10:32 | WARNING | Imagen inexistente: img/players/103499.webp (se usara default.webp).
2026-10-04 01:10:32 | WARNING | Imagen inexistente: img/players/103506.webp (se usara default.webp).
2026-10-04 01:10:32 | WARNING | Imagen inexistente: img/players/103511.webp (se usara default.webp).
2026-10-04 01:10:32 | WARNING | Imagen inexistente: img/players/103523.webp (se usara default.webp).
2026-10-04 01:10:32 | WARNING | Imagen inexistente: img/players/103528.webp (se usara default.webp).
2026-10-04 01:10:32 | WARNING | Imagen inexistente: img/players/103529.webp (se usara default.webp).
2026-10-04 01:10:32 | WARNING | Imagen inexistente: img/players/103535.webp (se usara default.webp).
2026-10-04 01:10:32 | WARNING | Imagen inexistente: img/players/103566.webp (se usara default.webp).
2026-10-04 01:10:32 | WARNING | Imagen inexistente: img/players/103567.webp (se usara default.webp).
2026-10-04 01:10:32 | WARNING | Imagen inexistente: img/players/103572.webp (se usara default.webp).
2026-10-04 01:10:32 | WARNING | Imagen inexistente: img/players/103590.webp (se usara default.webp).
2026-10-04 01:10:32 | WARNING | Imagen inexistente: img/players/103592.webp (se usara default.webp).
2026-10-04 01:10:32 | WARNING | Imagen inexistente: img/players/103601.webp (se usara default.webp).
2026-10-04 01:10:32 | WARNING | Imagen inexistente: img/players/103604.webp (se usara default.webp).
2026-10-04 01:10:32 | WARNING | Imagen inexistente: img/players/103614.webp (se usara default.webp).
2026-10-04 01:10:32 | WARNING | Imagen inexistente: img/players/103616.webp (se usara default.webp).
2026-10-04 01:10:32 | WARNING | Imagen inexistente: img/players/103622.webp (se usara default.webp).
2026-10-04 01:10:32 | WARNING | Imagen inexistente: img/players/103633.webp (se usara default.webp).
2026-10-04 01:10:32 | WARNING | Imagen inexistente: img/players/103693.webp (se usara default.webp).
2026-10-04 01:10:32 | WARNING | Imagen inexistente: img/players/103711.webp (se usara default.webp).
2026-10-04 01:10:32 | WARNING | Imagen inexistente: img/players/103758.webp (se usara default.webp).
2026-10-04 01:10:32 | WARNING | Imagen inexistente: img/players/103794.webp (se usara default.webp).
2026-10-04 01:10:32 | WARNING | Imagen inexistente: img/players/103806.webp (se usara default.webp).
2026-10-04 01:10:32 | WARNING | Imagen inexistente: img/players/103831.webp (se usara default.webp).
2026-10-04 01:10:32 | WARNING | Imagen inexistente: img/players/103857.webp (se usara default.webp).
2026-10-04 01:10:32 | WARNING | Imagen inexistente: img/players/103867.webp (se usara default.webp).
2026-10-04 01:10:32 | WARNING | Imagen inexistente: img/players/103871.webp (se usara default.webp).
2026-10-04 01:10:32 | WARNING | Imagen inexistente: img/players/103878.webp (se usara default.webp).
2026-10-04 01:10:32 | WARNING | Imagen inexistente: img/players/103888.webp (se usara default.webp).
2026-10-04 01:10:32 | WARNING | Imagen inexistente: img/players/103890.webp (se usara default.webp).
2026-10-04 01:10:32 | WARNING | Imagen inexistente: img/players/103892.webp (se usara default.webp).
2026-10-04 01:10:32 | WARNING | Imagen inexistente: img/players/103894.webp (se usara default.webp).
2026-10-04 01:10:32 | WARNING | Imagen inexistente: img/players/103900.webp (se usara default.webp).
2026-10-04 01:10:32 | WARNING | Imagen inexistente: img/players/103906.webp (se usara default.webp).
2026-10-04 01:10:32 | WARNING | Imagen inexistente: img/players/103910.webp (se usara default.webp).
2026-10-04 01:10:32 | WARNING | Imagen inexistente: img/players/103925.webp (se usara default.webp).
2026-10-04 01:10:32 | WARNING | Imagen inexistente: img/players/103949.webp (se usara default.webp).
2026-10-04 01:10:32 | WARNING | Imagen inexistente: img/players/103951.webp (se usara default.webp).
2026-10-04 01:10:32 | WARNING | Imagen inexistente: img/players/103954.webp (se usara default.webp).
2026-10-04 01:10:32 | WARNING | Imagen inexistente: img/players/103961.webp (se usara default.webp).
2026-10-04 01:10:32 | WARNING | Imagen inexistente: img/players/103968.webp (se usara default.webp).
2026-10-04 01:10:32 | WARNING | Imagen inexistente: img/players/103979.webp (se usara default.webp).
2026-10-04 01:10:32 | WARNING | Imagen inexistente: img/players/103991.webp (se usara default.webp).
2026-10-04 01:10:32 | WARNING | Imagen inexistente: img/players/104002.webp (se usara default.webp).
2026-10-04 01:10:32 | WARNING | Imagen inexistente: img/players/104023.webp (se usara default.webp).
2026-10-04 01:10:32 | WARNING | Imagen inexistente: img/players/104075.webp (se usara default.webp).
2026-10-04 01:10:32 | WARNING | Imagen inexistente: img/players/104097.webp (se usara default.webp).
2026-10-04 01:10:32 | WARNING | Imagen inexistente: img/players/104101.webp (se usara default.webp).
2026-10-04 01:10:32 | WARNING | Imagen inexistente: img/players/104111.webp (se usara default.webp).
2026-10-04 01:10:32 | WARNING | Imagen inexistente: img/players/104122.webp (se usara default.webp).
2026-10-04 01:10:32 | WARNING | Imagen inexistente: img/players/104142.webp (se usara default.webp).
2026-10-04 01:10:32 | WARNING | Imagen inexistente: img/players/104158.webp (se usara default.webp).
2026-10-04 01:10:32 | WARNING | Imagen inexistente: img/players/104160.webp (se usara default.webp).
2026-10-04 01:10:32 | WARNING | Imagen inexistente: img/players/104170.webp (se usara default.webp).
2026-10-04 01:10:32 | WARNING | Imagen inexistente: img/players/104173.webp (se usara default.webp).
2026-10-04 01:10:32 | WARNING | Imagen inexistente: img/players/104197.webp (se usara default.webp).
2026-10-04 01:10:32 | WARNING | Imagen inexistente: img/players/104224.webp (se usara default.webp).
2026-10-04 01:10:32 | WARNING | Imagen inexistente: img/players/104255.webp (se usara default.webp).
2026-10-04 01:10:32 | WARNING | Imagen inexistente: img/players/104256.webp (se usara default.webp).
2026-10-04 01:10:32 | WARNING | Imagen inexistente: img/players/104258.webp (se usara default.webp).
2026-10-04 01:10:32 | WARNING | Imagen inexistente: img/players/104282.webp (se usara default.webp).
2026-10-04 01:10:32 | WARNING | Imagen inexistente: img/players/104283.webp (se usara default.webp).
2026-10-04 01:10:32 | WARNING | Imagen inexistente: img/players/104289.webp (se usara default.webp).
2026-10-04 01:10:32 | WARNING | Imagen inexistente: img/players/104294.webp (se usara default.webp).
2026-10-04 01:10:32 | WARNING | Imagen inexistente: img/players/104295.webp (se usara default.webp).
2026-10-04 01:10:32 | WARNING | Imagen inexistente: img/players/104297.webp (se usara default.webp).
2026-10-04 01:10:32 | WARNING | Imagen inexistente: img/players/104310.webp (se usara default.webp).
2026-10-04 01:10:32 | WARNING | Imagen inexistente: img/players/104317.webp (se usara default.webp).
2026-10-04 01:10:32 | WARNING | Imagen inexistente: img/players/104321.webp (se usara default.webp).
2026-10-04 01:10:32 | WARNING | Imagen inexistente: img/players/104323.webp (se usara default.webp).
2026-10-04 01:10:32 | WARNING | Imagen inexistente: img/players/104332.webp (se usara default.webp).
2026-10-04 01:10:32 | WARNING | Imagen inexistente: img/players/104351.webp (se usara default.webp).
2026-10-04 01:10:32 | WARNING | Imagen inexistente: img/players/104355.webp (se usara default.webp).
2026-10-04 01:10:32 | WARNING | Imagen inexistente: img/players/104365.webp (se usara default.webp).
2026-10-04 01:10:32 | WARNING | Imagen inexistente: img/players/104383.webp (se usara default.webp).
2026-10-04 01:10:32 | WARNING | Imagen inexistente: img/players/104389.webp (se usara default.webp).
2026-10-04 01:10:32 | WARNING | Imagen inexistente: img/players/104404.webp (se usara default.webp).
2026-10-04 01:10:32 | WARNING | Imagen inexistente: img/players/104406.webp (se usara default.webp).
2026-10-04 01:10:32 | WARNING | Imagen inexistente: img/players/104415.webp (se usara default.webp).
2026-10-04 01:10:32 | WARNING | Imagen inexistente: img/players/104423.webp (se usara default.webp).
2026-10-04 01:10:32 | WARNING | Imagen inexistente: img/players/104426.webp (se usara default.webp).
2026-10-04 01:10:32 | WARNING | Imagen inexistente: img/players/104434.webp (se usara default.webp).
2026-10-04 01:10:32 | WARNING | Imagen inexistente: img/players/104438.webp (se usara default.webp).
2026-10-04 01:10:32 | WARNING | Imagen inexistente: img/players/104442.webp (se usara default.webp).
2026-10-04 01:10:32 | WARNING | Imagen inexistente: img/players/104443.webp (se usara default.webp).
2026-10-04 01:10:32 | WARNING | Imagen inexistente: img/players/104454.webp (se usara default.webp).
2026-10-04 01:10:32 | WARNING | Imagen inexistente: img/players/104457.webp (se usara default.webp).
2026-10-04 01:10:32 | WARNING | Imagen inexistente: img/players/104458.webp (se usara default.webp).
2026-10-04 01:10:32 | WARNING | Imagen inexistente: img/players/104461.webp (se usara default.webp).
2026-10-04 01:10:32 | WARNING | Imagen inexistente: img/players/104470.webp (se usara default.webp).
2026-10-04 01:10:32 | WARNING | Imagen inexistente: img/players/104471.webp (se usara default.webp).
2026-10-04 01:10:32 | WARNING | Imagen inexistente: img/players/104476.webp (se usara default.webp).
2026-10-04 01:10:32 | WARNING | Imagen inexistente: img/players/104484.webp (se usara default.webp).
2026-10-04 01:10:32 | WARNING | Imagen inexistente: img/players/104491.webp (se usara default.webp).
2026-10-04 01:10:32 | WARNING | Imagen inexistente: img/players/104498.webp (se usara default.webp).
2026-10-04 01:10:32 | WARNING | Imagen inexistente: img/players/104518.webp (se usara default.webp).
2026-10-04 01:10:32 | WARNING | Imagen inexistente: img/players/104521.webp (se usara default.webp).
2026-10-04 01:10:32 | WARNING | Imagen inexistente: img/players/104665.webp (se usara default.webp).
2026-10-04 01:10:32 | WARNING | Imagen inexistente: img/players/104669.webp (se usara default.webp).
2026-10-04 01:10:32 | WARNING | Imagen inexistente: img/players/104673.webp (se usara default.webp).
2026-10-04 01:10:32 | WARNING | Imagen inexistente: img/players/104674.webp (se usara default.webp).
2026-10-04 01:10:32 | WARNING | Imagen inexistente: img/players/104675.webp (se usara default.webp).
2026-10-04 01:10:32 | WARNING | Imagen inexistente: img/players/104681.webp (se usara default.webp).
2026-10-04 01:10:32 | WARNING | Imagen inexistente: img/players/104683.webp (se usara default.webp).
2026-10-04 01:10:32 | WARNING | Imagen inexistente: img/players/104689.webp (se usara default.webp).
2026-10-04 01:10:32 | WARNING | Imagen inexistente: img/players/104692.webp (se usara default.webp).
2026-10-04 01:10:32 | WARNING | Imagen inexistente: img/players/104702.webp (se usara default.webp).
2026-10-04 01:10:32 | WARNING | Imagen inexistente: img/players/104718.webp (se usara default.webp).
2026-10-04 01:10:32 | WARNING | Imagen inexistente: img/players/104733.webp (se usara default.webp).
2026-10-04 01:10:32 | WARNING | Imagen inexistente: img/players/104735.webp (se usara default.webp).
2026-10-04 01:10:32 | WARNING | Imagen inexistente: img/players/104737.webp (se usara default.webp).
2026-10-04 01:10:32 | WARNING | Imagen inexistente: img/players/104740.webp (se usara default.webp).
2026-10-04 01:10:32 | WARNING | Imagen inexistente: img/players/104742.webp (se usara default.webp).
2026-10-04 01:10:32 | WARNING | Imagen inexistente: img/players/104747.webp (se usara default.webp).
2026-10-04 01:10:32 | WARNING | Imagen inexistente: img/players/104753.webp (se usara default.webp).
2026-10-04 01:10:32 | WARNING | Imagen inexistente: img/players/104755.webp (se usara default.webp).
2026-10-04 01:10:32 | WARNING | Imagen inexistente: img/players/104766.webp (se usara default.webp).
2026-10-04 01:10:32 | WARNING | Imagen inexistente: img/players/104784.webp (se usara default.webp).
2026-10-04 01:10:32 | WARNING | Imagen inexistente: img/players/104803.webp (se usara default.webp).
2026-10-04 01:10:32 | WARNING | Imagen inexistente: img/players/104805.webp (se usara default.webp).
2026-10-04 01:10:32 | WARNING | Imagen inexistente: img/players/104811.webp (se usara default.webp).
2026-10-04 01:10:32 | WARNING | Imagen inexistente: img/players/104823.webp (se usara default.webp).
2026-10-04 01:10:32 | WARNING | Imagen inexistente: img/players/104825.webp (se usara default.webp).
2026-10-04 01:10:32 | WARNING | Imagen inexistente: img/players/104827.webp (se usara default.webp).
2026-10-04 01:10:32 | WARNING | Imagen inexistente: img/players/104835.webp (se usara default.webp).
2026-10-04 01:10:32 | WARNING | Imagen inexistente: img/players/104844.webp (se usara default.webp).
2026-10-04 01:10:32 | WARNING | Imagen inexistente: img/players/104855.webp (se usara default.webp).
2026-10-04 01:10:32 | WARNING | Imagen inexistente: img/players/104863.webp (se usara default.webp).
2026-10-04 01:10:32 | WARNING | Imagen inexistente: img/players/104869.webp (se usara default.webp).
2026-10-04 01:10:32 | WARNING | Imagen inexistente: img/players/104876.webp (se usara default.webp).
2026-10-04 01:10:32 | WARNING | Imagen inexistente: img/players/104893.webp (se usara default.webp).
2026-10-04 01:10:32 | WARNING | Imagen inexistente: img/players/104900.webp (se usara default.webp).
2026-10-04 01:10:32 | WARNING | Imagen inexistente: img/players/104909.webp (se usara default.webp).
2026-10-04 01:10:32 | WARNING | Imagen inexistente: img/players/104917.webp (se usara default.webp).
2026-10-04 01:10:32 | WARNING | Imagen inexistente: img/players/104933.webp (se usara default.webp).
2026-10-04 01:10:32 | WARNING | Imagen inexistente: img/players/104960.webp (se usara default.webp).
2026-10-04 01:10:32 | WARNING | Imagen inexistente: img/players/104961.webp (se usara default.webp).
2026-10-04 01:10:32 | WARNING | Imagen inexistente: img/players/104995.webp (se usara default.webp).
2026-10-04 01:10:32 | WARNING | Imagen inexistente: img/players/104998.webp (se usara default.webp).
2026-10-04 01:10:32 | WARNING | Imagen inexistente: img/players/105014.webp (se usara default.webp).
2026-10-04 01:10:32 | WARNING | Imagen inexistente: img/players/105020.webp (se usara default.webp).
2026-10-04 01:10:32 | WARNING | Imagen inexistente: img/players/105032.webp (se usara default.webp).
2026-10-04 01:10:32 | WARNING | Imagen inexistente: img/players/105037.webp (se usara default.webp).
2026-10-04 01:10:32 | WARNING | Imagen inexistente: img/players/105046.webp (se usara default.webp).
2026-10-04 01:10:32 | WARNING | Imagen inexistente: img/players/105047.webp (se usara default.webp).
2026-10-04 01:10:32 | WARNING | Imagen inexistente: img/players/105048.webp (se usara default.webp).
2026-10-04 01:10:32 | WARNING | Imagen inexistente: img/players/105049.webp (se usara default.webp).
2026-10-04 01:10:32 | WARNING | Imagen inexistente: img/players/105055.webp (se usara default.webp).
2026-10-04 01:10:32 | WARNING | Imagen inexistente: img/players/105056.webp (se usara default.webp).
2026-10-04 01:10:32 | WARNING | Imagen inexistente: img/players/105058.webp (se usara default.webp).
2026-10-04 01:10:32 | WARNING | Imagen inexistente: img/players/105072.webp (se usara default.webp).
2026-10-04 01:10:32 | WARNING | Imagen inexistente: img/players/105076.webp (se usara default.webp).
2026-10-04 01:10:32 | WARNING | Imagen inexistente: img/players/105090.webp (se usara default.webp).
2026-10-04 01:10:32 | WARNING | Imagen inexistente: img/players/105092.webp (se usara default.webp).
2026-10-04 01:10:32 | WARNING | Imagen inexistente: img/players/105126.webp (se usara default.webp).
2026-10-04 01:10:32 | WARNING | Imagen inexistente: img/players/105129.webp (se usara default.webp).
2026-10-04 01:10:32 | WARNING | Imagen inexistente: img/players/105142.webp (se usara default.webp).
2026-10-04 01:10:32 | WARNING | Imagen inexistente: img/players/105145.webp (se usara default.webp).
2026-10-04 01:10:32 | WARNING | Imagen inexistente: img/players/105146.webp (se usara default.webp).
2026-10-04 01:10:32 | WARNING | Imagen inexistente: img/players/105150.webp (se usara default.webp).
2026-10-04 01:10:32 | WARNING | Imagen inexistente: img/players/105153.webp (se usara default.webp).
2026-10-04 01:10:32 | WARNING | Imagen inexistente: img/players/105155.webp (se usara default.webp).
2026-10-04 01:10:32 | WARNING | Imagen inexistente: img/players/105163.webp (se usara default.webp).
2026-10-04 01:10:32 | WARNING | Imagen inexistente: img/players/105169.webp (se usara default.webp).
2026-10-04 01:10:32 | WARNING | Imagen inexistente: img/players/105171.webp (se usara default.webp).
2026-10-04 01:10:32 | WARNING | Imagen inexistente: img/players/105177.webp (se usara default.webp).
2026-10-04 01:10:32 | WARNING | Imagen inexistente: img/players/105179.webp (se usara default.webp).
2026-10-04 01:10:32 | WARNING | Imagen inexistente: img/players/105180.webp (se usara default.webp).
2026-10-04 01:10:32 | WARNING | Imagen inexistente: img/players/105182.webp (se usara default.webp).
2026-10-04 01:10:32 | WARNING | Imagen inexistente: img/players/105195.webp (se usara default.webp).
2026-10-04 01:10:32 | WARNING | Imagen inexistente: img/players/105197.webp (se usara default.webp).
2026-10-04 01:10:32 | WARNING | Imagen inexistente: img/players/105209.webp (se usara default.webp).
2026-10-04 01:10:32 | WARNING | Imagen inexistente: img/players/105236.webp (se usara default.webp).
2026-10-04 01:10:32 | WARNING | Imagen inexistente: img/players/105243.webp (se usara default.webp).
2026-10-04 01:10:32 | WARNING | Imagen inexistente: img/players/105261.webp (se usara default.webp).
2026-10-04 01:10:32 | WARNING | Imagen inexistente: img/players/105303.webp (se usara default.webp).
2026-10-04 01:10:32 | WARNING | Imagen inexistente: img/players/105319.webp (se usara default.webp).
2026-10-04 01:10:32 | WARNING | Imagen inexistente: img/players/105340.webp (se usara default.webp).
2026-10-04 01:10:32 | WARNING | Imagen inexistente: img/players/105342.webp (se usara default.webp).
2026-10-04 01:10:32 | WARNING | Imagen inexistente: img/players/105369.webp (se usara default.webp).
2026-10-04 01:10:32 | WARNING | Imagen inexistente: img/players/105372.webp (se usara default.webp).
2026-10-04 01:10:32 | WARNING | Imagen inexistente: img/players/105376.webp (se usara default.webp).
2026-10-04 01:10:32 | WARNING | Imagen inexistente: img/players/105386.webp (se usara default.webp).
2026-10-04 01:10:32 | WARNING | Imagen inexistente: img/players/105388.webp (se usara default.webp).
2026-10-04 01:10:32 | WARNING | Imagen inexistente: img/players/105390.webp (se usara default.webp).
2026-10-04 01:10:32 | WARNING | Imagen inexistente: img/players/105416.webp (se usara default.webp).
2026-10-04 01:10:32 | WARNING | Imagen inexistente: img/players/105446.webp (se usara default.webp).
2026-10-04 01:10:32 | WARNING | Imagen inexistente: img/players/105456.webp (se usara default.webp).
2026-10-04 01:10:32 | WARNING | Imagen inexistente: img/players/105464.webp (se usara default.webp).
2026-10-04 01:10:32 | WARNING | Imagen inexistente: img/players/105505.webp (se usara default.webp).
2026-10-04 01:10:32 | WARNING | Imagen inexistente: img/players/105510.webp (se usara default.webp).
2026-10-04 01:10:32 | WARNING | Imagen inexistente: img/players/105511.webp (se usara default.webp).
2026-10-04 01:10:32 | WARNING | Imagen inexistente: img/players/105514.webp (se usara default.webp).
2026-10-04 01:10:32 | WARNING | Imagen inexistente: img/players/105515.webp (se usara default.webp).
2026-10-04 01:10:32 | WARNING | Imagen inexistente: img/players/105518.webp (se usara default.webp).
2026-10-04 01:10:32 | WARNING | Imagen inexistente: img/players/105526.webp (se usara default.webp).
2026-10-04 01:10:32 | WARNING | Imagen inexistente: img/players/105527.webp (se usara default.webp).
2026-10-04 01:10:32 | WARNING | Imagen inexistente: img/players/105539.webp (se usara default.webp).
2026-10-04 01:10:32 | WARNING | Imagen inexistente: img/players/105541.webp (se usara default.webp).
2026-10-04 01:10:32 | WARNING | Imagen inexistente: img/players/105543.webp (se usara default.webp).
2026-10-04 01:10:32 | WARNING | Imagen inexistente: img/players/105563.webp (se usara default.webp).
2026-10-04 01:10:32 | WARNING | Imagen inexistente: img/players/105569.webp (se usara default.webp).
2026-10-04 01:10:32 | WARNING | Imagen inexistente: img/players/105570.webp (se usara default.webp).
2026-10-04 01:10:32 | WARNING | Imagen inexistente: img/players/105576.webp (se usara default.webp).
2026-10-04 01:10:32 | WARNING | Imagen inexistente: img/players/105604.webp (se usara default.webp).
2026-10-04 01:10:32 | WARNING | Imagen inexistente: img/players/105614.webp (se usara default.webp).
2026-10-04 01:10:32 | WARNING | Imagen inexistente: img/players/105693.webp (se usara default.webp).
2026-10-04 01:10:32 | WARNING | Imagen inexistente: img/players/106224.webp (se usara default.webp).
2026-10-04 01:10:32 | WARNING | Imagen inexistente: img/players/106308.webp (se usara default.webp).
2026-10-04 01:10:32 | WARNING | Imagen inexistente: img/players/106344.webp (se usara default.webp).
2026-10-04 01:10:32 | WARNING | Imagen inexistente: img/players/106366.webp (se usara default.webp).
2026-10-04 01:10:32 | WARNING | Imagen inexistente: img/players/106398.webp (se usara default.webp).
2026-10-04 01:10:32 | WARNING | Imagen inexistente: img/players/106411.webp (se usara default.webp).
2026-10-04 01:10:32 | WARNING | Imagen inexistente: img/players/106413.webp (se usara default.webp).
2026-10-04 01:10:32 | WARNING | Imagen inexistente: img/players/106415.webp (se usara default.webp).
2026-10-04 01:10:32 | WARNING | Imagen inexistente: img/players/106421.webp (se usara default.webp).
2026-10-04 01:10:32 | WARNING | Imagen inexistente: img/players/106422.webp (se usara default.webp).
2026-10-04 01:10:32 | WARNING | Imagen inexistente: img/players/106428.webp (se usara default.webp).
2026-10-04 01:10:32 | WARNING | Imagen inexistente: img/players/106429.webp (se usara default.webp).
2026-10-04 01:10:32 | WARNING | Imagen inexistente: img/players/106430.webp (se usara default.webp).
2026-10-04 01:10:32 | WARNING | Imagen inexistente: img/players/106436.webp (se usara default.webp).
2026-10-04 01:10:32 | WARNING | Imagen inexistente: img/players/106441.webp (se usara default.webp).
2026-10-04 01:10:32 | WARNING | Imagen inexistente: img/players/106443.webp (se usara default.webp).
2026-10-04 01:10:32 | WARNING | Imagen inexistente: img/players/106444.webp (se usara default.webp).
2026-10-04 01:10:32 | WARNING | Imagen inexistente: img/players/106447.webp (se usara default.webp).
2026-10-04 01:10:32 | WARNING | Imagen inexistente: img/players/106448.webp (se usara default.webp).
2026-10-04 01:10:32 | WARNING | Imagen inexistente: img/players/106452.webp (se usara default.webp).
2026-10-04 01:10:32 | WARNING | Imagen inexistente: img/players/106457.webp (se usara default.webp).
2026-10-04 01:10:32 | WARNING | Imagen inexistente: img/players/106458.webp (se usara default.webp).
2026-10-04 01:10:32 | WARNING | Imagen inexistente: img/players/106467.webp (se usara default.webp).
2026-10-04 01:10:32 | WARNING | Imagen inexistente: img/players/106478.webp (se usara default.webp).
2026-10-04 01:10:32 | WARNING | Imagen inexistente: img/players/106480.webp (se usara default.webp).
2026-10-04 01:10:32 | WARNING | Imagen inexistente: img/players/106489.webp (se usara default.webp).
2026-10-04 01:10:32 | WARNING | Imagen inexistente: img/players/106492.webp (se usara default.webp).
2026-10-04 01:10:32 | WARNING | Imagen inexistente: img/players/106503.webp (se usara default.webp).
2026-10-04 01:10:32 | WARNING | Imagen inexistente: img/players/106508.webp (se usara default.webp).
2026-10-04 01:10:32 | WARNING | Imagen inexistente: img/players/106520.webp (se usara default.webp).
2026-10-04 01:10:32 | WARNING | Imagen inexistente: img/players/106531.webp (se usara default.webp).
2026-10-04 01:10:32 | WARNING | Imagen inexistente: img/players/106536.webp (se usara default.webp).
2026-10-04 01:10:32 | WARNING | Imagen inexistente: img/players/106538.webp (se usara default.webp).
2026-10-04 01:10:32 | WARNING | Imagen inexistente: img/players/106539.webp (se usara default.webp).
2026-10-04 01:10:32 | WARNING | Imagen inexistente: img/players/106540.webp (se usara default.webp).
2026-10-04 01:10:32 | WARNING | Imagen inexistente: img/players/106589.webp (se usara default.webp).
2026-10-04 01:10:32 | WARNING | Imagen inexistente: img/players/106628.webp (se usara default.webp).
2026-10-04 01:10:32 | WARNING | Imagen inexistente: img/players/106644.webp (se usara default.webp).
2026-10-04 01:10:32 | WARNING | Imagen inexistente: img/players/106652.webp (se usara default.webp).
2026-10-04 01:10:32 | WARNING | Imagen inexistente: img/players/106662.webp (se usara default.webp).
2026-10-04 01:10:32 | WARNING | Imagen inexistente: img/players/106683.webp (se usara default.webp).
2026-10-04 01:10:32 | WARNING | Imagen inexistente: img/players/106686.webp (se usara default.webp).
2026-10-04 01:10:32 | WARNING | Imagen inexistente: img/players/106687.webp (se usara default.webp).
2026-10-04 01:10:32 | WARNING | Imagen inexistente: img/players/106735.webp (se usara default.webp).
2026-10-04 01:10:32 | WARNING | Imagen inexistente: img/players/106742.webp (se usara default.webp).
2026-10-04 01:10:32 | WARNING | Imagen inexistente: img/players/106744.webp (se usara default.webp).
2026-10-04 01:10:32 | WARNING | Imagen inexistente: img/players/106765.webp (se usara default.webp).
2026-10-04 01:10:32 | WARNING | Imagen inexistente: img/players/106767.webp (se usara default.webp).
2026-10-04 01:10:32 | WARNING | Imagen inexistente: img/players/106775.webp (se usara default.webp).
2026-10-04 01:10:32 | WARNING | Imagen inexistente: img/players/106777.webp (se usara default.webp).
2026-10-04 01:10:32 | WARNING | Imagen inexistente: img/players/106780.webp (se usara default.webp).
2026-10-04 01:10:32 | WARNING | Imagen inexistente: img/players/106782.webp (se usara default.webp).
2026-10-04 01:10:32 | WARNING | Imagen inexistente: img/players/106785.webp (se usara default.webp).
2026-10-04 01:10:32 | WARNING | Imagen inexistente: img/players/106821.webp (se usara default.webp).
2026-10-04 01:10:32 | WARNING | Imagen inexistente: img/players/106822.webp (se usara default.webp).
2026-10-04 01:10:32 | WARNING | Imagen inexistente: img/players/106843.webp (se usara default.webp).
2026-10-04 01:10:32 | WARNING | Imagen inexistente: img/players/106850.webp (se usara default.webp).
2026-10-04 01:10:32 | WARNING | Imagen inexistente: img/players/106853.webp (se usara default.webp).
2026-10-04 01:10:32 | WARNING | Imagen inexistente: img/players/106857.webp (se usara default.webp).
2026-10-04 01:10:32 | WARNING | Imagen inexistente: img/players/106868.webp (se usara default.webp).
2026-10-04 01:10:32 | WARNING | Imagen inexistente: img/players/106869.webp (se usara default.webp).
2026-10-04 01:10:32 | WARNING | Imagen inexistente: img/players/106888.webp (se usara default.webp).
2026-10-04 01:10:32 | WARNING | Imagen inexistente: img/players/106889.webp (se usara default.webp).
2026-10-04 01:10:32 | WARNING | Imagen inexistente: img/players/106890.webp (se usara default.webp).
2026-10-04 01:10:32 | WARNING | Imagen inexistente: img/players/106897.webp (se usara default.webp).
2026-10-04 01:10:32 | WARNING | Imagen inexistente: img/players/106902.webp (se usara default.webp).
2026-10-04 01:10:32 | WARNING | Imagen inexistente: img/players/106912.webp (se usara default.webp).
2026-10-04 01:10:32 | WARNING | Imagen inexistente: img/players/106920.webp (se usara default.webp).
2026-10-04 01:10:32 | WARNING | Imagen inexistente: img/players/106922.webp (se usara default.webp).
2026-10-04 01:10:32 | WARNING | Imagen inexistente: img/players/106946.webp (se usara default.webp).
2026-10-04 01:10:32 | WARNING | Imagen inexistente: img/players/106960.webp (se usara default.webp).
2026-10-04 01:10:32 | WARNING | Imagen inexistente: img/players/106965.webp (se usara default.webp).
2026-10-04 01:10:32 | WARNING | Imagen inexistente: img/players/106976.webp (se usara default.webp).
2026-10-04 01:10:32 | WARNING | Imagen inexistente: img/players/106994.webp (se usara default.webp).
2026-10-04 01:10:32 | WARNING | Imagen inexistente: img/players/107002.webp (se usara default.webp).
2026-10-04 01:10:32 | WARNING | Imagen inexistente: img/players/107019.webp (se usara default.webp).
2026-10-04 01:10:32 | WARNING | Imagen inexistente: img/players/107021.webp (se usara default.webp).
2026-10-04 01:10:32 | WARNING | Imagen inexistente: img/players/107072.webp (se usara default.webp).
2026-10-04 01:10:32 | WARNING | Imagen inexistente: img/players/107073.webp (se usara default.webp).
2026-10-04 01:10:32 | WARNING | Imagen inexistente: img/players/107074.webp (se usara default.webp).
2026-10-04 01:10:32 | WARNING | Imagen inexistente: img/players/107075.webp (se usara default.webp).
2026-10-04 01:10:32 | WARNING | Imagen inexistente: img/players/107076.webp (se usara default.webp).
2026-10-04 01:10:32 | WARNING | Imagen inexistente: img/players/107077.webp (se usara default.webp).
2026-10-04 01:10:32 | WARNING | Imagen inexistente: img/players/107079.webp (se usara default.webp).
2026-10-04 01:10:32 | WARNING | Imagen inexistente: img/players/107080.webp (se usara default.webp).
2026-10-04 01:10:32 | WARNING | Imagen inexistente: img/players/107081.webp (se usara default.webp).
2026-10-04 01:10:32 | WARNING | Imagen inexistente: img/players/107082.webp (se usara default.webp).
2026-10-04 01:10:32 | WARNING | Imagen inexistente: img/players/107083.webp (se usara default.webp).
2026-10-04 01:10:32 | WARNING | Imagen inexistente: img/players/107084.webp (se usara default.webp).
2026-10-04 01:10:32 | WARNING | Imagen inexistente: img/players/107085.webp (se usara default.webp).
2026-10-04 01:10:32 | WARNING | Imagen inexistente: img/players/107106.webp (se usara default.webp).
2026-10-04 01:10:32 | WARNING | Imagen inexistente: img/players/107137.webp (se usara default.webp).
2026-10-04 01:10:32 | WARNING | Imagen inexistente: img/players/107147.webp (se usara default.webp).
2026-10-04 01:10:32 | WARNING | Imagen inexistente: img/players/107208.webp (se usara default.webp).
2026-10-04 01:10:32 | WARNING | Imagen inexistente: img/players/107209.webp (se usara default.webp).
2026-10-04 01:10:32 | WARNING | Imagen inexistente: img/players/107219.webp (se usara default.webp).
2026-10-04 01:10:32 | WARNING | Imagen inexistente: img/players/107224.webp (se usara default.webp).
2026-10-04 01:10:32 | WARNING | Imagen inexistente: img/players/107231.webp (se usara default.webp).
2026-10-04 01:10:32 | WARNING | Imagen inexistente: img/players/107260.webp (se usara default.webp).
2026-10-04 01:10:32 | WARNING | Imagen inexistente: img/players/107288.webp (se usara default.webp).
2026-10-04 01:10:32 | WARNING | Imagen inexistente: img/players/107297.webp (se usara default.webp).
2026-10-04 01:10:32 | WARNING | Imagen inexistente: img/players/107312.webp (se usara default.webp).
2026-10-04 01:10:32 | WARNING | Imagen inexistente: img/players/107318.webp (se usara default.webp).
2026-10-04 01:10:32 | WARNING | Imagen inexistente: img/players/107324.webp (se usara default.webp).
2026-10-04 01:10:32 | WARNING | Imagen inexistente: img/players/107325.webp (se usara default.webp).
2026-10-04 01:10:32 | WARNING | Imagen inexistente: img/players/107334.webp (se usara default.webp).
2026-10-04 01:10:32 | WARNING | Imagen inexistente: img/players/107338.webp (se usara default.webp).
2026-10-04 01:10:32 | WARNING | Imagen inexistente: img/players/107345.webp (se usara default.webp).
2026-10-04 01:10:32 | WARNING | Imagen inexistente: img/players/107348.webp (se usara default.webp).
2026-10-04 01:10:32 | WARNING | Imagen inexistente: img/players/107350.webp (se usara default.webp).
2026-10-04 01:10:32 | WARNING | Imagen inexistente: img/players/107373.webp (se usara default.webp).
2026-10-04 01:10:32 | WARNING | Imagen inexistente: img/players/107385.webp (se usara default.webp).
2026-10-04 01:10:32 | WARNING | Imagen inexistente: img/players/107391.webp (se usara default.webp).
2026-10-04 01:10:32 | WARNING | Imagen inexistente: img/players/107398.webp (se usara default.webp).
2026-10-04 01:10:32 | WARNING | Imagen inexistente: img/players/107400.webp (se usara default.webp).
2026-10-04 01:10:32 | WARNING | Imagen inexistente: img/players/107412.webp (se usara default.webp).
2026-10-04 01:10:32 | WARNING | Imagen inexistente: img/players/107424.webp (se usara default.webp).
2026-10-04 01:10:32 | WARNING | Imagen inexistente: img/players/107425.webp (se usara default.webp).
2026-10-04 01:10:32 | WARNING | Imagen inexistente: img/players/107429.webp (se usara default.webp).
2026-10-04 01:10:32 | WARNING | Imagen inexistente: img/players/107434.webp (se usara default.webp).
2026-10-04 01:10:32 | WARNING | Imagen inexistente: img/players/107445.webp (se usara default.webp).
2026-10-04 01:10:32 | WARNING | Imagen inexistente: img/players/107472.webp (se usara default.webp).
2026-10-04 01:10:32 | WARNING | Imagen inexistente: img/players/107474.webp (se usara default.webp).
2026-10-04 01:10:32 | WARNING | Imagen inexistente: img/players/107496.webp (se usara default.webp).
2026-10-04 01:10:32 | WARNING | Imagen inexistente: img/players/107499.webp (se usara default.webp).
2026-10-04 01:10:32 | WARNING | Imagen inexistente: img/players/107512.webp (se usara default.webp).
2026-10-04 01:10:32 | WARNING | Imagen inexistente: img/players/107534.webp (se usara default.webp).
2026-10-04 01:10:32 | WARNING | Imagen inexistente: img/players/107541.webp (se usara default.webp).
2026-10-04 01:10:32 | WARNING | Imagen inexistente: img/players/107552.webp (se usara default.webp).
2026-10-04 01:10:32 | WARNING | Imagen inexistente: img/players/107555.webp (se usara default.webp).
2026-10-04 01:10:32 | WARNING | Imagen inexistente: img/players/107556.webp (se usara default.webp).
2026-10-04 01:10:32 | WARNING | Imagen inexistente: img/players/107589.webp (se usara default.webp).
2026-10-04 01:10:32 | WARNING | Imagen inexistente: img/players/107603.webp (se usara default.webp).
2026-10-04 01:10:32 | WARNING | Imagen inexistente: img/players/107628.webp (se usara default.webp).
2026-10-04 01:10:32 | WARNING | Imagen inexistente: img/players/107681.webp (se usara default.webp).
2026-10-04 01:10:32 | WARNING | Imagen inexistente: img/players/107682.webp (se usara default.webp).
2026-10-04 01:10:32 | WARNING | Imagen inexistente: img/players/107688.webp (se usara default.webp).
2026-10-04 01:10:32 | WARNING | Imagen inexistente: img/players/107696.webp (se usara default.webp).
2026-10-04 01:10:32 | WARNING | Imagen inexistente: img/players/107698.webp (se usara default.webp).
2026-10-04 01:10:32 | WARNING | Imagen inexistente: img/players/107710.webp (se usara default.webp).
2026-10-04 01:10:32 | WARNING | Imagen inexistente: img/players/107712.webp (se usara default.webp).
2026-10-04 01:10:32 | WARNING | Imagen inexistente: img/players/107717.webp (se usara default.webp).
2026-10-04 01:10:32 | WARNING | Imagen inexistente: img/players/107718.webp (se usara default.webp).
2026-10-04 01:10:32 | WARNING | Imagen inexistente: img/players/107729.webp (se usara default.webp).
2026-10-04 01:10:32 | WARNING | Imagen inexistente: img/players/107732.webp (se usara default.webp).
2026-10-04 01:10:32 | WARNING | Imagen inexistente: img/players/107754.webp (se usara default.webp).
2026-10-04 01:10:32 | WARNING | Imagen inexistente: img/players/107762.webp (se usara default.webp).
2026-10-04 01:10:32 | WARNING | Imagen inexistente: img/players/107769.webp (se usara default.webp).
2026-10-04 01:10:32 | WARNING | Imagen inexistente: img/players/107775.webp (se usara default.webp).
2026-10-04 01:10:32 | WARNING | Imagen inexistente: img/players/107790.webp (se usara default.webp).
2026-10-04 01:10:32 | WARNING | Imagen inexistente: img/players/107798.webp (se usara default.webp).
2026-10-04 01:10:32 | WARNING | Imagen inexistente: img/players/107813.webp (se usara default.webp).
2026-10-04 01:10:32 | WARNING | Imagen inexistente: img/players/107830.webp (se usara default.webp).
2026-10-04 01:10:32 | WARNING | Imagen inexistente: img/players/107862.webp (se usara default.webp).
2026-10-04 01:10:32 | WARNING | Imagen inexistente: img/players/107873.webp (se usara default.webp).
2026-10-04 01:10:32 | WARNING | Imagen inexistente: img/players/107915.webp (se usara default.webp).
2026-10-04 01:10:32 | WARNING | Imagen inexistente: img/players/107916.webp (se usara default.webp).
2026-10-04 01:10:32 | WARNING | Imagen inexistente: img/players/107924.webp (se usara default.webp).
2026-10-04 01:10:32 | WARNING | Imagen inexistente: img/players/107926.webp (se usara default.webp).
2026-10-04 01:10:32 | WARNING | Imagen inexistente: img/players/107931.webp (se usara default.webp).
2026-10-04 01:10:32 | WARNING | Imagen inexistente: img/players/107934.webp (se usara default.webp).
2026-10-04 01:10:32 | WARNING | Imagen inexistente: img/players/107938.webp (se usara default.webp).
2026-10-04 01:10:32 | WARNING | Imagen inexistente: img/players/107939.webp (se usara default.webp).
2026-10-04 01:10:32 | WARNING | Imagen inexistente: img/players/107948.webp (se usara default.webp).
2026-10-04 01:10:32 | WARNING | Imagen inexistente: img/players/107951.webp (se usara default.webp).
2026-10-04 01:10:32 | WARNING | Imagen inexistente: img/players/107953.webp (se usara default.webp).
2026-10-04 01:10:32 | WARNING | Imagen inexistente: img/players/107955.webp (se usara default.webp).
2026-10-04 01:10:32 | WARNING | Imagen inexistente: img/players/107961.webp (se usara default.webp).
2026-10-04 01:10:32 | WARNING | Imagen inexistente: img/players/107989.webp (se usara default.webp).
2026-10-04 01:10:32 | WARNING | Imagen inexistente: img/players/108004.webp (se usara default.webp).
2026-10-04 01:10:32 | WARNING | Imagen inexistente: img/players/108040.webp (se usara default.webp).
2026-10-04 01:10:32 | WARNING | Imagen inexistente: img/players/108055.webp (se usara default.webp).
2026-10-04 01:10:32 | WARNING | Imagen inexistente: img/players/108100.webp (se usara default.webp).
2026-10-04 01:10:32 | WARNING | Imagen inexistente: img/players/108147.webp (se usara default.webp).
2026-10-04 01:10:32 | WARNING | Imagen inexistente: img/players/108151.webp (se usara default.webp).
2026-10-04 01:10:32 | WARNING | Imagen inexistente: img/players/108163.webp (se usara default.webp).
2026-10-04 01:10:32 | WARNING | Imagen inexistente: img/players/108181.webp (se usara default.webp).
2026-10-04 01:10:32 | WARNING | Imagen inexistente: img/players/108188.webp (se usara default.webp).
2026-10-04 01:10:32 | WARNING | Imagen inexistente: img/players/108192.webp (se usara default.webp).
2026-10-04 01:10:32 | WARNING | Imagen inexistente: img/players/108193.webp (se usara default.webp).
2026-10-04 01:10:32 | WARNING | Imagen inexistente: img/players/108199.webp (se usara default.webp).
2026-10-04 01:10:32 | WARNING | Imagen inexistente: img/players/108206.webp (se usara default.webp).
2026-10-04 01:10:32 | WARNING | Imagen inexistente: img/players/108227.webp (se usara default.webp).
2026-10-04 01:10:32 | WARNING | Imagen inexistente: img/players/108240.webp (se usara default.webp).
2026-10-04 01:10:32 | WARNING | Imagen inexistente: img/players/108242.webp (se usara default.webp).
2026-10-04 01:10:32 | WARNING | Imagen inexistente: img/players/108245.webp (se usara default.webp).
2026-10-04 01:10:32 | WARNING | Imagen inexistente: img/players/108265.webp (se usara default.webp).
2026-10-04 01:10:32 | WARNING | Imagen inexistente: img/players/108270.webp (se usara default.webp).
2026-10-04 01:10:32 | WARNING | Imagen inexistente: img/players/108277.webp (se usara default.webp).
2026-10-04 01:10:32 | WARNING | Imagen inexistente: img/players/108280.webp (se usara default.webp).
2026-10-04 01:10:32 | WARNING | Imagen inexistente: img/players/108287.webp (se usara default.webp).
2026-10-04 01:10:32 | WARNING | Imagen inexistente: img/players/108309.webp (se usara default.webp).
2026-10-04 01:10:32 | WARNING | Imagen inexistente: img/players/108349.webp (se usara default.webp).
2026-10-04 01:10:32 | WARNING | Imagen inexistente: img/players/108362.webp (se usara default.webp).
2026-10-04 01:10:32 | WARNING | Imagen inexistente: img/players/108373.webp (se usara default.webp).
2026-10-04 01:10:32 | WARNING | Imagen inexistente: img/players/108405.webp (se usara default.webp).
2026-10-04 01:10:32 | WARNING | Imagen inexistente: img/players/108420.webp (se usara default.webp).
2026-10-04 01:10:32 | WARNING | Imagen inexistente: img/players/108438.webp (se usara default.webp).
2026-10-04 01:10:32 | WARNING | Imagen inexistente: img/players/108443.webp (se usara default.webp).
2026-10-04 01:10:32 | WARNING | Imagen inexistente: img/players/108444.webp (se usara default.webp).
2026-10-04 01:10:32 | WARNING | Imagen inexistente: img/players/108466.webp (se usara default.webp).
2026-10-04 01:10:32 | WARNING | Imagen inexistente: img/players/108479.webp (se usara default.webp).
2026-10-04 01:10:32 | WARNING | Imagen inexistente: img/players/108491.webp (se usara default.webp).
2026-10-04 01:10:32 | WARNING | Imagen inexistente: img/players/108500.webp (se usara default.webp).
2026-10-04 01:10:32 | WARNING | Imagen inexistente: img/players/108522.webp (se usara default.webp).
2026-10-04 01:10:32 | WARNING | Imagen inexistente: img/players/108560.webp (se usara default.webp).
2026-10-04 01:10:32 | WARNING | Imagen inexistente: img/players/108563.webp (se usara default.webp).
2026-10-04 01:10:32 | WARNING | Imagen inexistente: img/players/108582.webp (se usara default.webp).
2026-10-04 01:10:32 | WARNING | Imagen inexistente: img/players/108589.webp (se usara default.webp).
2026-10-04 01:10:32 | WARNING | Imagen inexistente: img/players/108592.webp (se usara default.webp).
2026-10-04 01:10:32 | WARNING | Imagen inexistente: img/players/108642.webp (se usara default.webp).
2026-10-04 01:10:32 | WARNING | Imagen inexistente: img/players/108644.webp (se usara default.webp).
2026-10-04 01:10:32 | WARNING | Imagen inexistente: img/players/108658.webp (se usara default.webp).
2026-10-04 01:10:32 | WARNING | Imagen inexistente: img/players/108660.webp (se usara default.webp).
2026-10-04 01:10:32 | WARNING | Imagen inexistente: img/players/108684.webp (se usara default.webp).
2026-10-04 01:10:32 | WARNING | Imagen inexistente: img/players/108685.webp (se usara default.webp).
2026-10-04 01:10:32 | WARNING | Imagen inexistente: img/players/108694.webp (se usara default.webp).
2026-10-04 01:10:32 | WARNING | Imagen inexistente: img/players/108698.webp (se usara default.webp).
2026-10-04 01:10:32 | WARNING | Imagen inexistente: img/players/108701.webp (se usara default.webp).
2026-10-04 01:10:32 | WARNING | Imagen inexistente: img/players/108707.webp (se usara default.webp).
2026-10-04 01:10:32 | WARNING | Imagen inexistente: img/players/108719.webp (se usara default.webp).
2026-10-04 01:10:32 | WARNING | Imagen inexistente: img/players/108728.webp (se usara default.webp).
2026-10-04 01:10:32 | WARNING | Imagen inexistente: img/players/108733.webp (se usara default.webp).
2026-10-04 01:10:32 | WARNING | Imagen inexistente: img/players/108734.webp (se usara default.webp).
2026-10-04 01:10:32 | WARNING | Imagen inexistente: img/players/108742.webp (se usara default.webp).
2026-10-04 01:10:32 | WARNING | Imagen inexistente: img/players/108752.webp (se usara default.webp).
2026-10-04 01:10:32 | WARNING | Imagen inexistente: img/players/108759.webp (se usara default.webp).
2026-10-04 01:10:32 | WARNING | Imagen inexistente: img/players/108760.webp (se usara default.webp).
2026-10-04 01:10:32 | WARNING | Imagen inexistente: img/players/108762.webp (se usara default.webp).
2026-10-04 01:10:32 | WARNING | Imagen inexistente: img/players/108774.webp (se usara default.webp).
2026-10-04 01:10:32 | WARNING | Imagen inexistente: img/players/108790.webp (se usara default.webp).
2026-10-04 01:10:32 | WARNING | Imagen inexistente: img/players/108794.webp (se usara default.webp).
2026-10-04 01:10:32 | WARNING | Imagen inexistente: img/players/108798.webp (se usara default.webp).
2026-10-04 01:10:32 | WARNING | Imagen inexistente: img/players/108804.webp (se usara default.webp).
2026-10-04 01:10:32 | WARNING | Imagen inexistente: img/players/108823.webp (se usara default.webp).
2026-10-04 01:10:32 | WARNING | Imagen inexistente: img/players/108829.webp (se usara default.webp).
2026-10-04 01:10:32 | WARNING | Imagen inexistente: img/players/108836.webp (se usara default.webp).
2026-10-04 01:10:32 | WARNING | Imagen inexistente: img/players/108866.webp (se usara default.webp).
2026-10-04 01:10:32 | WARNING | Imagen inexistente: img/players/108867.webp (se usara default.webp).
2026-10-04 01:10:32 | WARNING | Imagen inexistente: img/players/108879.webp (se usara default.webp).
2026-10-04 01:10:32 | WARNING | Imagen inexistente: img/players/108885.webp (se usara default.webp).
2026-10-04 01:10:32 | WARNING | Imagen inexistente: img/players/108887.webp (se usara default.webp).
2026-10-04 01:10:32 | WARNING | Imagen inexistente: img/players/108902.webp (se usara default.webp).
2026-10-04 01:10:32 | WARNING | Imagen inexistente: img/players/108907.webp (se usara default.webp).
2026-10-04 01:10:32 | WARNING | Imagen inexistente: img/players/108909.webp (se usara default.webp).
2026-10-04 01:10:32 | WARNING | Imagen inexistente: img/players/108910.webp (se usara default.webp).
2026-10-04 01:10:32 | WARNING | Imagen inexistente: img/players/108911.webp (se usara default.webp).
2026-10-04 01:10:32 | WARNING | Imagen inexistente: img/players/108913.webp (se usara default.webp).
2026-10-04 01:10:32 | WARNING | Imagen inexistente: img/players/108915.webp (se usara default.webp).
2026-10-04 01:10:32 | WARNING | Imagen inexistente: img/players/108926.webp (se usara default.webp).
2026-10-04 01:10:32 | WARNING | Imagen inexistente: img/players/108928.webp (se usara default.webp).
2026-10-04 01:10:32 | WARNING | Imagen inexistente: img/players/108938.webp (se usara default.webp).
2026-10-04 01:10:32 | WARNING | Imagen inexistente: img/players/108941.webp (se usara default.webp).
2026-10-04 01:10:32 | WARNING | Imagen inexistente: img/players/108974.webp (se usara default.webp).
2026-10-04 01:10:32 | WARNING | Imagen inexistente: img/players/108976.webp (se usara default.webp).
2026-10-04 01:10:32 | WARNING | Imagen inexistente: img/players/108978.webp (se usara default.webp).
2026-10-04 01:10:32 | WARNING | Imagen inexistente: img/players/108986.webp (se usara default.webp).
2026-10-04 01:10:32 | WARNING | Imagen inexistente: img/players/108987.webp (se usara default.webp).
2026-10-04 01:10:32 | WARNING | Imagen inexistente: img/players/108989.webp (se usara default.webp).
2026-10-04 01:10:32 | WARNING | Imagen inexistente: img/players/108992.webp (se usara default.webp).
2026-10-04 01:10:32 | WARNING | Imagen inexistente: img/players/109025.webp (se usara default.webp).
2026-10-04 01:10:32 | WARNING | Imagen inexistente: img/players/109026.webp (se usara default.webp).
2026-10-04 01:10:32 | WARNING | Imagen inexistente: img/players/109029.webp (se usara default.webp).
2026-10-04 01:10:32 | WARNING | Imagen inexistente: img/players/109030.webp (se usara default.webp).
2026-10-04 01:10:32 | WARNING | Imagen inexistente: img/players/109038.webp (se usara default.webp).
2026-10-04 01:10:32 | WARNING | Imagen inexistente: img/players/109044.webp (se usara default.webp).
2026-10-04 01:10:32 | WARNING | Imagen inexistente: img/players/109056.webp (se usara default.webp).
2026-10-04 01:10:32 | WARNING | Imagen inexistente: img/players/109057.webp (se usara default.webp).
2026-10-04 01:10:32 | WARNING | Imagen inexistente: img/players/109058.webp (se usara default.webp).
2026-10-04 01:10:32 | WARNING | Imagen inexistente: img/players/109060.webp (se usara default.webp).
2026-10-04 01:10:32 | WARNING | Imagen inexistente: img/players/109072.webp (se usara default.webp).
2026-10-04 01:10:32 | WARNING | Imagen inexistente: img/players/109078.webp (se usara default.webp).
2026-10-04 01:10:32 | WARNING | Imagen inexistente: img/players/109081.webp (se usara default.webp).
2026-10-04 01:10:32 | WARNING | Imagen inexistente: img/players/109092.webp (se usara default.webp).
2026-10-04 01:10:32 | WARNING | Imagen inexistente: img/players/109096.webp (se usara default.webp).
2026-10-04 01:10:32 | WARNING | Imagen inexistente: img/players/109108.webp (se usara default.webp).
2026-10-04 01:10:32 | WARNING | Imagen inexistente: img/players/109115.webp (se usara default.webp).
2026-10-04 01:10:32 | WARNING | Imagen inexistente: img/players/109118.webp (se usara default.webp).
2026-10-04 01:10:32 | WARNING | Imagen inexistente: img/players/109121.webp (se usara default.webp).
2026-10-04 01:10:32 | WARNING | Imagen inexistente: img/players/109122.webp (se usara default.webp).
2026-10-04 01:10:32 | WARNING | Imagen inexistente: img/players/109132.webp (se usara default.webp).
2026-10-04 01:10:32 | WARNING | Imagen inexistente: img/players/109135.webp (se usara default.webp).
2026-10-04 01:10:32 | WARNING | Imagen inexistente: img/players/109147.webp (se usara default.webp).
2026-10-04 01:10:32 | WARNING | Imagen inexistente: img/players/109148.webp (se usara default.webp).
2026-10-04 01:10:32 | WARNING | Imagen inexistente: img/players/109154.webp (se usara default.webp).
2026-10-04 01:10:32 | WARNING | Imagen inexistente: img/players/109158.webp (se usara default.webp).
2026-10-04 01:10:32 | WARNING | Imagen inexistente: img/players/109169.webp (se usara default.webp).
2026-10-04 01:10:32 | WARNING | Imagen inexistente: img/players/109180.webp (se usara default.webp).
2026-10-04 01:10:32 | WARNING | Imagen inexistente: img/players/109184.webp (se usara default.webp).
2026-10-04 01:10:32 | WARNING | Imagen inexistente: img/players/109186.webp (se usara default.webp).
2026-10-04 01:10:32 | WARNING | Imagen inexistente: img/players/109206.webp (se usara default.webp).
2026-10-04 01:10:32 | WARNING | Imagen inexistente: img/players/109212.webp (se usara default.webp).
2026-10-04 01:10:32 | WARNING | Imagen inexistente: img/players/109217.webp (se usara default.webp).
2026-10-04 01:10:32 | WARNING | Imagen inexistente: img/players/109219.webp (se usara default.webp).
2026-10-04 01:10:32 | WARNING | Imagen inexistente: img/players/109240.webp (se usara default.webp).
2026-10-04 01:10:32 | WARNING | Imagen inexistente: img/players/109242.webp (se usara default.webp).
2026-10-04 01:10:32 | WARNING | Imagen inexistente: img/players/109245.webp (se usara default.webp).
2026-10-04 01:10:32 | WARNING | Imagen inexistente: img/players/109251.webp (se usara default.webp).
2026-10-04 01:10:32 | WARNING | Imagen inexistente: img/players/109265.webp (se usara default.webp).
2026-10-04 01:10:32 | WARNING | Imagen inexistente: img/players/109289.webp (se usara default.webp).
2026-10-04 01:10:32 | WARNING | Imagen inexistente: img/players/109310.webp (se usara default.webp).
2026-10-04 01:10:32 | WARNING | Imagen inexistente: img/players/109312.webp (se usara default.webp).
2026-10-04 01:10:32 | WARNING | Imagen inexistente: img/players/109316.webp (se usara default.webp).
2026-10-04 01:10:32 | WARNING | Imagen inexistente: img/players/109319.webp (se usara default.webp).
2026-10-04 01:10:32 | WARNING | Imagen inexistente: img/players/109323.webp (se usara default.webp).
2026-10-04 01:10:32 | WARNING | Imagen inexistente: img/players/109332.webp (se usara default.webp).
2026-10-04 01:10:32 | WARNING | Imagen inexistente: img/players/109334.webp (se usara default.webp).
2026-10-04 01:10:32 | WARNING | Imagen inexistente: img/players/109336.webp (se usara default.webp).
2026-10-04 01:10:32 | WARNING | Imagen inexistente: img/players/109338.webp (se usara default.webp).
2026-10-04 01:10:32 | WARNING | Imagen inexistente: img/players/109339.webp (se usara default.webp).
2026-10-04 01:10:32 | WARNING | Imagen inexistente: img/players/109344.webp (se usara default.webp).
2026-10-04 01:10:32 | WARNING | Imagen inexistente: img/players/109345.webp (se usara default.webp).
2026-10-04 01:10:32 | WARNING | Imagen inexistente: img/players/109350.webp (se usara default.webp).
2026-10-04 01:10:32 | WARNING | Imagen inexistente: img/players/109352.webp (se usara default.webp).
2026-10-04 01:10:32 | WARNING | Imagen inexistente: img/players/109356.webp (se usara default.webp).
2026-10-04 01:10:32 | WARNING | Imagen inexistente: img/players/109360.webp (se usara default.webp).
2026-10-04 01:10:32 | WARNING | Imagen inexistente: img/players/109365.webp (se usara default.webp).
2026-10-04 01:10:32 | WARNING | Imagen inexistente: img/players/109389.webp (se usara default.webp).
2026-10-04 01:10:32 | WARNING | Imagen inexistente: img/players/109392.webp (se usara default.webp).
2026-10-04 01:10:32 | WARNING | Imagen inexistente: img/players/109404.webp (se usara default.webp).
2026-10-04 01:10:32 | WARNING | Imagen inexistente: img/players/109406.webp (se usara default.webp).
2026-10-04 01:10:32 | WARNING | Imagen inexistente: img/players/109415.webp (se usara default.webp).
2026-10-04 01:10:32 | WARNING | Imagen inexistente: img/players/109421.webp (se usara default.webp).
2026-10-04 01:10:32 | WARNING | Imagen inexistente: img/players/109422.webp (se usara default.webp).
2026-10-04 01:10:32 | WARNING | Imagen inexistente: img/players/109432.webp (se usara default.webp).
2026-10-04 01:10:32 | WARNING | Imagen inexistente: img/players/109440.webp (se usara default.webp).
2026-10-04 01:10:32 | WARNING | Imagen inexistente: img/players/109441.webp (se usara default.webp).
2026-10-04 01:10:32 | WARNING | Imagen inexistente: img/players/109444.webp (se usara default.webp).
2026-10-04 01:10:32 | WARNING | Imagen inexistente: img/players/109447.webp (se usara default.webp).
2026-10-04 01:10:32 | WARNING | Imagen inexistente: img/players/109448.webp (se usara default.webp).
2026-10-04 01:10:32 | WARNING | Imagen inexistente: img/players/109457.webp (se usara default.webp).
2026-10-04 01:10:32 | WARNING | Imagen inexistente: img/players/109460.webp (se usara default.webp).
2026-10-04 01:10:32 | WARNING | Imagen inexistente: img/players/109470.webp (se usara default.webp).
2026-10-04 01:10:32 | WARNING | Imagen inexistente: img/players/109473.webp (se usara default.webp).
2026-10-04 01:10:32 | WARNING | Imagen inexistente: img/players/109478.webp (se usara default.webp).
2026-10-04 01:10:32 | WARNING | Imagen inexistente: img/players/109493.webp (se usara default.webp).
2026-10-04 01:10:32 | WARNING | Imagen inexistente: img/players/109499.webp (se usara default.webp).
2026-10-04 01:10:32 | WARNING | Imagen inexistente: img/players/109508.webp (se usara default.webp).
2026-10-04 01:10:32 | WARNING | Imagen inexistente: img/players/109532.webp (se usara default.webp).
2026-10-04 01:10:32 | WARNING | Imagen inexistente: img/players/109534.webp (se usara default.webp).
2026-10-04 01:10:32 | WARNING | Imagen inexistente: img/players/109542.webp (se usara default.webp).
2026-10-04 01:10:32 | WARNING | Imagen inexistente: img/players/109545.webp (se usara default.webp).
2026-10-04 01:10:32 | WARNING | Imagen inexistente: img/players/109547.webp (se usara default.webp).
2026-10-04 01:10:32 | WARNING | Imagen inexistente: img/players/109548.webp (se usara default.webp).
2026-10-04 01:10:32 | WARNING | Imagen inexistente: img/players/109550.webp (se usara default.webp).
2026-10-04 01:10:32 | WARNING | Imagen inexistente: img/players/109551.webp (se usara default.webp).
2026-10-04 01:10:32 | WARNING | Imagen inexistente: img/players/109559.webp (se usara default.webp).
2026-10-04 01:10:32 | WARNING | Imagen inexistente: img/players/109562.webp (se usara default.webp).
2026-10-04 01:10:32 | WARNING | Imagen inexistente: img/players/109567.webp (se usara default.webp).
2026-10-04 01:10:32 | WARNING | Imagen inexistente: img/players/109581.webp (se usara default.webp).
2026-10-04 01:10:32 | WARNING | Imagen inexistente: img/players/109587.webp (se usara default.webp).
2026-10-04 01:10:32 | WARNING | Imagen inexistente: img/players/109588.webp (se usara default.webp).
2026-10-04 01:10:32 | WARNING | Imagen inexistente: img/players/109590.webp (se usara default.webp).
2026-10-04 01:10:32 | WARNING | Imagen inexistente: img/players/109775.webp (se usara default.webp).
2026-10-04 01:10:32 | WARNING | Imagen inexistente: img/players/109820.webp (se usara default.webp).
2026-10-04 01:10:32 | WARNING | Imagen inexistente: img/players/109869.webp (se usara default.webp).
2026-10-04 01:10:32 | WARNING | Imagen inexistente: img/players/109887.webp (se usara default.webp).
2026-10-04 01:10:32 | WARNING | Imagen inexistente: img/players/109906.webp (se usara default.webp).
2026-10-04 01:10:32 | WARNING | Imagen inexistente: img/players/109908.webp (se usara default.webp).
2026-10-04 01:10:32 | WARNING | Imagen inexistente: img/players/109913.webp (se usara default.webp).
2026-10-04 01:10:32 | WARNING | Imagen inexistente: img/players/109917.webp (se usara default.webp).
2026-10-04 01:10:32 | WARNING | Imagen inexistente: img/players/109919.webp (se usara default.webp).
2026-10-04 01:10:32 | WARNING | Imagen inexistente: img/players/109925.webp (se usara default.webp).
2026-10-04 01:10:32 | WARNING | Imagen inexistente: img/players/109928.webp (se usara default.webp).
2026-10-04 01:10:32 | WARNING | Imagen inexistente: img/players/109936.webp (se usara default.webp).
2026-10-04 01:10:32 | WARNING | Imagen inexistente: img/players/109946.webp (se usara default.webp).
2026-10-04 01:10:32 | WARNING | Imagen inexistente: img/players/109955.webp (se usara default.webp).
2026-10-04 01:10:32 | WARNING | Imagen inexistente: img/players/109958.webp (se usara default.webp).
2026-10-04 01:10:32 | WARNING | Imagen inexistente: img/players/109963.webp (se usara default.webp).
2026-10-04 01:10:32 | WARNING | Imagen inexistente: img/players/109966.webp (se usara default.webp).
2026-10-04 01:10:32 | WARNING | Imagen inexistente: img/players/109972.webp (se usara default.webp).
2026-10-04 01:10:32 | WARNING | Imagen inexistente: img/players/109975.webp (se usara default.webp).
2026-10-04 01:10:32 | WARNING | Imagen inexistente: img/players/109976.webp (se usara default.webp).
2026-10-04 01:10:32 | WARNING | Imagen inexistente: img/players/109981.webp (se usara default.webp).
2026-10-04 01:10:32 | WARNING | Imagen inexistente: img/players/109987.webp (se usara default.webp).
2026-10-04 01:10:32 | WARNING | Imagen inexistente: img/players/109990.webp (se usara default.webp).
2026-10-04 01:10:32 | WARNING | Imagen inexistente: img/players/109991.webp (se usara default.webp).
2026-10-04 01:10:32 | WARNING | Imagen inexistente: img/players/109994.webp (se usara default.webp).
2026-10-04 01:10:32 | WARNING | Imagen inexistente: img/players/109998.webp (se usara default.webp).
2026-10-04 01:10:32 | WARNING | Imagen inexistente: img/players/110000.webp (se usara default.webp).
2026-10-04 01:10:32 | WARNING | Imagen inexistente: img/players/110011.webp (se usara default.webp).
2026-10-04 01:10:32 | WARNING | Imagen inexistente: img/players/110054.webp (se usara default.webp).
2026-10-04 01:10:32 | WARNING | Imagen inexistente: img/players/110057.webp (se usara default.webp).
2026-10-04 01:10:32 | WARNING | Imagen inexistente: img/players/110066.webp (se usara default.webp).
2026-10-04 01:10:32 | WARNING | Imagen inexistente: img/players/110074.webp (se usara default.webp).
2026-10-04 01:10:32 | WARNING | Imagen inexistente: img/players/110078.webp (se usara default.webp).
2026-10-04 01:10:32 | WARNING | Imagen inexistente: img/players/110092.webp (se usara default.webp).
2026-10-04 01:10:32 | WARNING | Imagen inexistente: img/players/110093.webp (se usara default.webp).
2026-10-04 01:10:32 | WARNING | Imagen inexistente: img/players/110102.webp (se usara default.webp).
2026-10-04 01:10:32 | WARNING | Imagen inexistente: img/players/110106.webp (se usara default.webp).
2026-10-04 01:10:32 | WARNING | Imagen inexistente: img/players/110112.webp (se usara default.webp).
2026-10-04 01:10:32 | WARNING | Imagen inexistente: img/players/110238.webp (se usara default.webp).
2026-10-04 01:10:32 | WARNING | Imagen inexistente: img/players/110255.webp (se usara default.webp).
2026-10-04 01:10:32 | WARNING | Imagen inexistente: img/players/110266.webp (se usara default.webp).
2026-10-04 01:10:32 | WARNING | Imagen inexistente: img/players/110268.webp (se usara default.webp).
2026-10-04 01:10:32 | WARNING | Imagen inexistente: img/players/110292.webp (se usara default.webp).
2026-10-04 01:10:32 | WARNING | Imagen inexistente: img/players/110293.webp (se usara default.webp).
2026-10-04 01:10:32 | WARNING | Imagen inexistente: img/players/110300.webp (se usara default.webp).
2026-10-04 01:10:32 | WARNING | Imagen inexistente: img/players/110301.webp (se usara default.webp).
2026-10-04 01:10:32 | WARNING | Imagen inexistente: img/players/110309.webp (se usara default.webp).
2026-10-04 01:10:32 | WARNING | Imagen inexistente: img/players/110310.webp (se usara default.webp).
2026-10-04 01:10:32 | WARNING | Imagen inexistente: img/players/110313.webp (se usara default.webp).
2026-10-04 01:10:32 | WARNING | Imagen inexistente: img/players/110314.webp (se usara default.webp).
2026-10-04 01:10:32 | WARNING | Imagen inexistente: img/players/110329.webp (se usara default.webp).
2026-10-04 01:10:32 | WARNING | Imagen inexistente: img/players/110331.webp (se usara default.webp).
2026-10-04 01:10:32 | WARNING | Imagen inexistente: img/players/110369.webp (se usara default.webp).
2026-10-04 01:10:32 | WARNING | Imagen inexistente: img/players/110370.webp (se usara default.webp).
2026-10-04 01:10:32 | WARNING | Imagen inexistente: img/players/110371.webp (se usara default.webp).
2026-10-04 01:10:32 | WARNING | Imagen inexistente: img/players/110378.webp (se usara default.webp).
2026-10-04 01:10:32 | WARNING | Imagen inexistente: img/players/110380.webp (se usara default.webp).
2026-10-04 01:10:32 | WARNING | Imagen inexistente: img/players/110386.webp (se usara default.webp).
2026-10-04 01:10:32 | WARNING | Imagen inexistente: img/players/110392.webp (se usara default.webp).
2026-10-04 01:10:32 | WARNING | Imagen inexistente: img/players/110402.webp (se usara default.webp).
2026-10-04 01:10:32 | WARNING | Imagen inexistente: img/players/110406.webp (se usara default.webp).
2026-10-04 01:10:32 | WARNING | Imagen inexistente: img/players/110413.webp (se usara default.webp).
2026-10-04 01:10:32 | WARNING | Imagen inexistente: img/players/110425.webp (se usara default.webp).
2026-10-04 01:10:32 | WARNING | Imagen inexistente: img/players/110434.webp (se usara default.webp).
2026-10-04 01:10:32 | WARNING | Imagen inexistente: img/players/110437.webp (se usara default.webp).
2026-10-04 01:10:32 | WARNING | Imagen inexistente: img/players/110440.webp (se usara default.webp).
2026-10-04 01:10:32 | WARNING | Imagen inexistente: img/players/110458.webp (se usara default.webp).
2026-10-04 01:10:32 | WARNING | Imagen inexistente: img/players/110478.webp (se usara default.webp).
2026-10-04 01:10:32 | WARNING | Imagen inexistente: img/players/110484.webp (se usara default.webp).
2026-10-04 01:10:32 | WARNING | Imagen inexistente: img/players/110485.webp (se usara default.webp).
2026-10-04 01:10:32 | WARNING | Imagen inexistente: img/players/110487.webp (se usara default.webp).
2026-10-04 01:10:32 | WARNING | Imagen inexistente: img/players/110499.webp (se usara default.webp).
2026-10-04 01:10:32 | WARNING | Imagen inexistente: img/players/110507.webp (se usara default.webp).
2026-10-04 01:10:32 | WARNING | Imagen inexistente: img/players/110538.webp (se usara default.webp).
2026-10-04 01:10:32 | WARNING | Imagen inexistente: img/players/110539.webp (se usara default.webp).
2026-10-04 01:10:32 | WARNING | Imagen inexistente: img/players/110547.webp (se usara default.webp).
2026-10-04 01:10:32 | WARNING | Imagen inexistente: img/players/110553.webp (se usara default.webp).
2026-10-04 01:10:32 | WARNING | Imagen inexistente: img/players/110560.webp (se usara default.webp).
2026-10-04 01:10:32 | WARNING | Imagen inexistente: img/players/110571.webp (se usara default.webp).
2026-10-04 01:10:32 | WARNING | Imagen inexistente: img/players/110577.webp (se usara default.webp).
2026-10-04 01:10:32 | WARNING | Imagen inexistente: img/players/110585.webp (se usara default.webp).
2026-10-04 01:10:32 | WARNING | Imagen inexistente: img/players/110586.webp (se usara default.webp).
2026-10-04 01:10:32 | WARNING | Imagen inexistente: img/players/110598.webp (se usara default.webp).
2026-10-04 01:10:32 | WARNING | Imagen inexistente: img/players/110606.webp (se usara default.webp).
2026-10-04 01:10:32 | WARNING | Imagen inexistente: img/players/110631.webp (se usara default.webp).
2026-10-04 01:10:32 | WARNING | Imagen inexistente: img/players/110640.webp (se usara default.webp).
2026-10-04 01:10:32 | WARNING | Imagen inexistente: img/players/110646.webp (se usara default.webp).
2026-10-04 01:10:32 | WARNING | Imagen inexistente: img/players/110649.webp (se usara default.webp).
2026-10-04 01:10:32 | WARNING | Imagen inexistente: img/players/110652.webp (se usara default.webp).
2026-10-04 01:10:32 | WARNING | Imagen inexistente: img/players/110656.webp (se usara default.webp).
2026-10-04 01:10:32 | WARNING | Imagen inexistente: img/players/110657.webp (se usara default.webp).
2026-10-04 01:10:32 | WARNING | Imagen inexistente: img/players/110669.webp (se usara default.webp).
2026-10-04 01:10:32 | WARNING | Imagen inexistente: img/players/110692.webp (se usara default.webp).
2026-10-04 01:10:32 | WARNING | Imagen inexistente: img/players/110694.webp (se usara default.webp).
2026-10-04 01:10:32 | WARNING | Imagen inexistente: img/players/110698.webp (se usara default.webp).
2026-10-04 01:10:32 | WARNING | Imagen inexistente: img/players/110719.webp (se usara default.webp).
2026-10-04 01:10:32 | WARNING | Imagen inexistente: img/players/110727.webp (se usara default.webp).
2026-10-04 01:10:32 | WARNING | Imagen inexistente: img/players/110731.webp (se usara default.webp).
2026-10-04 01:10:32 | WARNING | Imagen inexistente: img/players/110738.webp (se usara default.webp).
2026-10-04 01:10:32 | WARNING | Imagen inexistente: img/players/110752.webp (se usara default.webp).
2026-10-04 01:10:32 | WARNING | Imagen inexistente: img/players/110756.webp (se usara default.webp).
2026-10-04 01:10:32 | WARNING | Imagen inexistente: img/players/110761.webp (se usara default.webp).
2026-10-04 01:10:32 | WARNING | Imagen inexistente: img/players/110773.webp (se usara default.webp).
2026-10-04 01:10:32 | WARNING | Imagen inexistente: img/players/110787.webp (se usara default.webp).
2026-10-04 01:10:32 | WARNING | Imagen inexistente: img/players/110793.webp (se usara default.webp).
2026-10-04 01:10:32 | WARNING | Imagen inexistente: img/players/110804.webp (se usara default.webp).
2026-10-04 01:10:32 | WARNING | Imagen inexistente: img/players/110809.webp (se usara default.webp).
2026-10-04 01:10:32 | WARNING | Imagen inexistente: img/players/110825.webp (se usara default.webp).
2026-10-04 01:10:32 | WARNING | Imagen inexistente: img/players/110837.webp (se usara default.webp).
2026-10-04 01:10:32 | WARNING | Imagen inexistente: img/players/110839.webp (se usara default.webp).
2026-10-04 01:10:32 | WARNING | Imagen inexistente: img/players/110851.webp (se usara default.webp).
2026-10-04 01:10:32 | WARNING | Imagen inexistente: img/players/110890.webp (se usara default.webp).
2026-10-04 01:10:32 | WARNING | Imagen inexistente: img/players/110898.webp (se usara default.webp).
2026-10-04 01:10:32 | WARNING | Imagen inexistente: img/players/110901.webp (se usara default.webp).
2026-10-04 01:10:32 | WARNING | Imagen inexistente: img/players/110916.webp (se usara default.webp).
2026-10-04 01:10:32 | WARNING | Imagen inexistente: img/players/110926.webp (se usara default.webp).
2026-10-04 01:10:32 | WARNING | Imagen inexistente: img/players/110938.webp (se usara default.webp).
2026-10-04 01:10:32 | WARNING | Imagen inexistente: img/players/110944.webp (se usara default.webp).
2026-10-04 01:10:32 | WARNING | Imagen inexistente: img/players/110949.webp (se usara default.webp).
2026-10-04 01:10:32 | WARNING | Imagen inexistente: img/players/110966.webp (se usara default.webp).
2026-10-04 01:10:32 | WARNING | Imagen inexistente: img/players/110968.webp (se usara default.webp).
2026-10-04 01:10:32 | WARNING | Imagen inexistente: img/players/110969.webp (se usara default.webp).
2026-10-04 01:10:32 | WARNING | Imagen inexistente: img/players/110972.webp (se usara default.webp).
2026-10-04 01:10:32 | WARNING | Imagen inexistente: img/players/110973.webp (se usara default.webp).
2026-10-04 01:10:32 | WARNING | Imagen inexistente: img/players/110977.webp (se usara default.webp).
2026-10-04 01:10:32 | WARNING | Imagen inexistente: img/players/110980.webp (se usara default.webp).
2026-10-04 01:10:32 | WARNING | Imagen inexistente: img/players/110987.webp (se usara default.webp).
2026-10-04 01:10:32 | WARNING | Imagen inexistente: img/players/110990.webp (se usara default.webp).
2026-10-04 01:10:32 | WARNING | Imagen inexistente: img/players/110994.webp (se usara default.webp).
2026-10-04 01:10:32 | WARNING | Imagen inexistente: img/players/111003.webp (se usara default.webp).
2026-10-04 01:10:32 | WARNING | Imagen inexistente: img/players/111007.webp (se usara default.webp).
2026-10-04 01:10:32 | WARNING | Imagen inexistente: img/players/111017.webp (se usara default.webp).
2026-10-04 01:10:32 | WARNING | Imagen inexistente: img/players/111029.webp (se usara default.webp).
2026-10-04 01:10:32 | WARNING | Imagen inexistente: img/players/111037.webp (se usara default.webp).
2026-10-04 01:10:32 | WARNING | Imagen inexistente: img/players/111038.webp (se usara default.webp).
2026-10-04 01:10:32 | WARNING | Imagen inexistente: img/players/111046.webp (se usara default.webp).
2026-10-04 01:10:32 | WARNING | Imagen inexistente: img/players/111050.webp (se usara default.webp).
2026-10-04 01:10:32 | WARNING | Imagen inexistente: img/players/111052.webp (se usara default.webp).
2026-10-04 01:10:32 | WARNING | Imagen inexistente: img/players/111053.webp (se usara default.webp).
2026-10-04 01:10:32 | WARNING | Imagen inexistente: img/players/111054.webp (se usara default.webp).
2026-10-04 01:10:32 | WARNING | Imagen inexistente: img/players/111072.webp (se usara default.webp).
2026-10-04 01:10:32 | WARNING | Imagen inexistente: img/players/111079.webp (se usara default.webp).
2026-10-04 01:10:32 | WARNING | Imagen inexistente: img/players/111081.webp (se usara default.webp).
2026-10-04 01:10:32 | WARNING | Imagen inexistente: img/players/111095.webp (se usara default.webp).
2026-10-04 01:10:32 | WARNING | Imagen inexistente: img/players/111100.webp (se usara default.webp).
2026-10-04 01:10:32 | WARNING | Imagen inexistente: img/players/111101.webp (se usara default.webp).
2026-10-04 01:10:32 | WARNING | Imagen inexistente: img/players/111103.webp (se usara default.webp).
2026-10-04 01:10:32 | WARNING | Imagen inexistente: img/players/111108.webp (se usara default.webp).
2026-10-04 01:10:32 | WARNING | Imagen inexistente: img/players/111118.webp (se usara default.webp).
2026-10-04 01:10:32 | WARNING | Imagen inexistente: img/players/111129.webp (se usara default.webp).
2026-10-04 01:10:32 | WARNING | Imagen inexistente: img/players/111133.webp (se usara default.webp).
2026-10-04 01:10:32 | WARNING | Imagen inexistente: img/players/111134.webp (se usara default.webp).
2026-10-04 01:10:32 | WARNING | Imagen inexistente: img/players/111135.webp (se usara default.webp).
2026-10-04 01:10:32 | WARNING | Imagen inexistente: img/players/111139.webp (se usara default.webp).
2026-10-04 01:10:32 | WARNING | Imagen inexistente: img/players/111143.webp (se usara default.webp).
2026-10-04 01:10:32 | WARNING | Imagen inexistente: img/players/111145.webp (se usara default.webp).
2026-10-04 01:10:32 | WARNING | Imagen inexistente: img/players/111147.webp (se usara default.webp).
2026-10-04 01:10:32 | WARNING | Imagen inexistente: img/players/111158.webp (se usara default.webp).
2026-10-04 01:10:32 | WARNING | Imagen inexistente: img/players/111164.webp (se usara default.webp).
2026-10-04 01:10:32 | WARNING | Imagen inexistente: img/players/111170.webp (se usara default.webp).
2026-10-04 01:10:32 | WARNING | Imagen inexistente: img/players/111174.webp (se usara default.webp).
2026-10-04 01:10:32 | WARNING | Imagen inexistente: img/players/111188.webp (se usara default.webp).
2026-10-04 01:10:32 | WARNING | Imagen inexistente: img/players/111197.webp (se usara default.webp).
2026-10-04 01:10:32 | WARNING | Imagen inexistente: img/players/111202.webp (se usara default.webp).
2026-10-04 01:10:32 | WARNING | Imagen inexistente: img/players/111204.webp (se usara default.webp).
2026-10-04 01:10:32 | WARNING | Imagen inexistente: img/players/111219.webp (se usara default.webp).
2026-10-04 01:10:32 | WARNING | Imagen inexistente: img/players/111221.webp (se usara default.webp).
2026-10-04 01:10:32 | WARNING | Imagen inexistente: img/players/111237.webp (se usara default.webp).
2026-10-04 01:10:32 | WARNING | Imagen inexistente: img/players/111241.webp (se usara default.webp).
2026-10-04 01:10:32 | WARNING | Imagen inexistente: img/players/111247.webp (se usara default.webp).
2026-10-04 01:10:32 | WARNING | Imagen inexistente: img/players/111255.webp (se usara default.webp).
2026-10-04 01:10:32 | WARNING | Imagen inexistente: img/players/111257.webp (se usara default.webp).
2026-10-04 01:10:32 | WARNING | Imagen inexistente: img/players/111259.webp (se usara default.webp).
2026-10-04 01:10:32 | WARNING | Imagen inexistente: img/players/111264.webp (se usara default.webp).
2026-10-04 01:10:32 | WARNING | Imagen inexistente: img/players/111283.webp (se usara default.webp).
2026-10-04 01:10:32 | WARNING | Imagen inexistente: img/players/111288.webp (se usara default.webp).
2026-10-04 01:10:32 | WARNING | Imagen inexistente: img/players/111298.webp (se usara default.webp).
2026-10-04 01:10:32 | WARNING | Imagen inexistente: img/players/111320.webp (se usara default.webp).
2026-10-04 01:10:32 | WARNING | Imagen inexistente: img/players/111321.webp (se usara default.webp).
2026-10-04 01:10:32 | WARNING | Imagen inexistente: img/players/111332.webp (se usara default.webp).
2026-10-04 01:10:32 | WARNING | Imagen inexistente: img/players/111338.webp (se usara default.webp).
2026-10-04 01:10:32 | WARNING | Imagen inexistente: img/players/111341.webp (se usara default.webp).
2026-10-04 01:10:32 | WARNING | Imagen inexistente: img/players/111351.webp (se usara default.webp).
2026-10-04 01:10:32 | WARNING | Imagen inexistente: img/players/111352.webp (se usara default.webp).
2026-10-04 01:10:32 | WARNING | Imagen inexistente: img/players/111354.webp (se usara default.webp).
2026-10-04 01:10:32 | WARNING | Imagen inexistente: img/players/111362.webp (se usara default.webp).
2026-10-04 01:10:32 | WARNING | Imagen inexistente: img/players/111399.webp (se usara default.webp).
2026-10-04 01:10:32 | WARNING | Imagen inexistente: img/players/111420.webp (se usara default.webp).
2026-10-04 01:10:32 | WARNING | Imagen inexistente: img/players/111421.webp (se usara default.webp).
2026-10-04 01:10:32 | WARNING | Imagen inexistente: img/players/111430.webp (se usara default.webp).
2026-10-04 01:10:32 | WARNING | Imagen inexistente: img/players/111431.webp (se usara default.webp).
2026-10-04 01:10:32 | WARNING | Imagen inexistente: img/players/111441.webp (se usara default.webp).
2026-10-04 01:10:32 | WARNING | Imagen inexistente: img/players/111448.webp (se usara default.webp).
2026-10-04 01:10:32 | WARNING | Imagen inexistente: img/players/111451.webp (se usara default.webp).
2026-10-04 01:10:32 | WARNING | Imagen inexistente: img/players/111456.webp (se usara default.webp).
2026-10-04 01:10:32 | WARNING | Imagen inexistente: img/players/111490.webp (se usara default.webp).
2026-10-04 01:10:32 | WARNING | Imagen inexistente: img/players/111491.webp (se usara default.webp).
2026-10-04 01:10:32 | WARNING | Imagen inexistente: img/players/111815.webp (se usara default.webp).
2026-10-04 01:10:32 | WARNING | Imagen inexistente: img/players/111824.webp (se usara default.webp).
2026-10-04 01:10:32 | WARNING | Imagen inexistente: img/players/111827.webp (se usara default.webp).
2026-10-04 01:10:32 | WARNING | Imagen inexistente: img/players/111830.webp (se usara default.webp).
2026-10-04 01:10:32 | WARNING | Imagen inexistente: img/players/111836.webp (se usara default.webp).
2026-10-04 01:10:33 | WARNING | Imagen inexistente: img/players/111845.webp (se usara default.webp).
2026-10-04 01:10:33 | WARNING | Imagen inexistente: img/players/111853.webp (se usara default.webp).
2026-10-04 01:10:33 | WARNING | Imagen inexistente: img/players/111857.webp (se usara default.webp).
2026-10-04 01:10:33 | WARNING | Imagen inexistente: img/players/111860.webp (se usara default.webp).
2026-10-04 01:10:33 | WARNING | Imagen inexistente: img/players/111864.webp (se usara default.webp).
2026-10-04 01:10:33 | WARNING | Imagen inexistente: img/players/111865.webp (se usara default.webp).
2026-10-04 01:10:33 | WARNING | Imagen inexistente: img/players/111869.webp (se usara default.webp).
2026-10-04 01:10:33 | WARNING | Imagen inexistente: img/players/111871.webp (se usara default.webp).
2026-10-04 01:10:33 | WARNING | Imagen inexistente: img/players/111879.webp (se usara default.webp).
2026-10-04 01:10:33 | WARNING | Imagen inexistente: img/players/111883.webp (se usara default.webp).
2026-10-04 01:10:33 | WARNING | Imagen inexistente: img/players/111888.webp (se usara default.webp).
2026-10-04 01:10:33 | WARNING | Imagen inexistente: img/players/111909.webp (se usara default.webp).
2026-10-04 01:10:33 | WARNING | Imagen inexistente: img/players/111910.webp (se usara default.webp).
2026-10-04 01:10:33 | WARNING | Imagen inexistente: img/players/111943.webp (se usara default.webp).
2026-10-04 01:10:33 | WARNING | Imagen inexistente: img/players/111946.webp (se usara default.webp).
2026-10-04 01:10:33 | WARNING | Imagen inexistente: img/players/111953.webp (se usara default.webp).
2026-10-04 01:10:33 | WARNING | Imagen inexistente: img/players/111954.webp (se usara default.webp).
2026-10-04 01:10:33 | WARNING | Imagen inexistente: img/players/111958.webp (se usara default.webp).
2026-10-04 01:10:33 | WARNING | Imagen inexistente: img/players/111961.webp (se usara default.webp).
2026-10-04 01:10:33 | WARNING | Imagen inexistente: img/players/111970.webp (se usara default.webp).
2026-10-04 01:10:33 | WARNING | Imagen inexistente: img/players/111972.webp (se usara default.webp).
2026-10-04 01:10:33 | WARNING | Imagen inexistente: img/players/111976.webp (se usara default.webp).
2026-10-04 01:10:33 | WARNING | Imagen inexistente: img/players/111977.webp (se usara default.webp).
2026-10-04 01:10:33 | WARNING | Imagen inexistente: img/players/111980.webp (se usara default.webp).
2026-10-04 01:10:33 | WARNING | Imagen inexistente: img/players/111981.webp (se usara default.webp).
2026-10-04 01:10:33 | WARNING | Imagen inexistente: img/players/112004.webp (se usara default.webp).
2026-10-04 01:10:33 | WARNING | Imagen inexistente: img/players/112014.webp (se usara default.webp).
2026-10-04 01:10:33 | WARNING | Imagen inexistente: img/players/112023.webp (se usara default.webp).
2026-10-04 01:10:33 | WARNING | Imagen inexistente: img/players/112052.webp (se usara default.webp).
2026-10-04 01:10:33 | WARNING | Imagen inexistente: img/players/112061.webp (se usara default.webp).
2026-10-04 01:10:33 | WARNING | Imagen inexistente: img/players/112076.webp (se usara default.webp).
2026-10-04 01:10:33 | WARNING | Imagen inexistente: img/players/112078.webp (se usara default.webp).
2026-10-04 01:10:33 | WARNING | Imagen inexistente: img/players/112079.webp (se usara default.webp).
2026-10-04 01:10:33 | WARNING | Imagen inexistente: img/players/112080.webp (se usara default.webp).
2026-10-04 01:10:33 | WARNING | Imagen inexistente: img/players/112083.webp (se usara default.webp).
2026-10-04 01:10:33 | WARNING | Imagen inexistente: img/players/112088.webp (se usara default.webp).
2026-10-04 01:10:33 | WARNING | Imagen inexistente: img/players/112093.webp (se usara default.webp).
2026-10-04 01:10:33 | WARNING | Imagen inexistente: img/players/112094.webp (se usara default.webp).
2026-10-04 01:10:33 | WARNING | Imagen inexistente: img/players/112095.webp (se usara default.webp).
2026-10-04 01:10:33 | WARNING | Imagen inexistente: img/players/112096.webp (se usara default.webp).
2026-10-04 01:10:33 | WARNING | Imagen inexistente: img/players/112098.webp (se usara default.webp).
2026-10-04 01:10:33 | WARNING | Imagen inexistente: img/players/112106.webp (se usara default.webp).
2026-10-04 01:10:33 | WARNING | Imagen inexistente: img/players/112156.webp (se usara default.webp).
2026-10-04 01:10:33 | WARNING | Imagen inexistente: img/players/112157.webp (se usara default.webp).
2026-10-04 01:10:33 | WARNING | Imagen inexistente: img/players/112194.webp (se usara default.webp).
2026-10-04 01:10:33 | WARNING | Imagen inexistente: img/players/112247.webp (se usara default.webp).
2026-10-04 01:10:33 | WARNING | Imagen inexistente: img/players/112321.webp (se usara default.webp).
2026-10-04 01:10:33 | WARNING | Imagen inexistente: img/players/112323.webp (se usara default.webp).
2026-10-04 01:10:33 | WARNING | Imagen inexistente: img/players/112324.webp (se usara default.webp).
2026-10-04 01:10:33 | WARNING | Imagen inexistente: img/players/112351.webp (se usara default.webp).
2026-10-04 01:10:33 | WARNING | Imagen inexistente: img/players/112389.webp (se usara default.webp).
2026-10-04 01:10:33 | WARNING | Imagen inexistente: img/players/112391.webp (se usara default.webp).
2026-10-04 01:10:33 | WARNING | Imagen inexistente: img/players/112393.webp (se usara default.webp).
2026-10-04 01:10:33 | WARNING | Imagen inexistente: img/players/112395.webp (se usara default.webp).
2026-10-04 01:10:33 | WARNING | Imagen inexistente: img/players/112409.webp (se usara default.webp).
2026-10-04 01:10:33 | WARNING | Imagen inexistente: img/players/112414.webp (se usara default.webp).
2026-10-04 01:10:33 | WARNING | Imagen inexistente: img/players/112420.webp (se usara default.webp).
2026-10-04 01:10:33 | WARNING | Imagen inexistente: img/players/112432.webp (se usara default.webp).
2026-10-04 01:10:33 | WARNING | Imagen inexistente: img/players/112433.webp (se usara default.webp).
2026-10-04 01:10:33 | WARNING | Imagen inexistente: img/players/112434.webp (se usara default.webp).
2026-10-04 01:10:33 | WARNING | Imagen inexistente: img/players/112435.webp (se usara default.webp).
2026-10-04 01:10:33 | WARNING | Imagen inexistente: img/players/112454.webp (se usara default.webp).
2026-10-04 01:10:33 | WARNING | Imagen inexistente: img/players/112455.webp (se usara default.webp).
2026-10-04 01:10:33 | WARNING | Imagen inexistente: img/players/112457.webp (se usara default.webp).
2026-10-04 01:10:33 | WARNING | Imagen inexistente: img/players/112460.webp (se usara default.webp).
2026-10-04 01:10:33 | WARNING | Imagen inexistente: img/players/112462.webp (se usara default.webp).
2026-10-04 01:10:33 | WARNING | Imagen inexistente: img/players/112465.webp (se usara default.webp).
2026-10-04 01:10:33 | WARNING | Imagen inexistente: img/players/112473.webp (se usara default.webp).
2026-10-04 01:10:33 | WARNING | Imagen inexistente: img/players/112481.webp (se usara default.webp).
2026-10-04 01:10:33 | WARNING | Imagen inexistente: img/players/112482.webp (se usara default.webp).
2026-10-04 01:10:33 | WARNING | Imagen inexistente: img/players/112484.webp (se usara default.webp).
2026-10-04 01:10:33 | WARNING | Imagen inexistente: img/players/112512.webp (se usara default.webp).
2026-10-04 01:10:33 | WARNING | Imagen inexistente: img/players/112521.webp (se usara default.webp).
2026-10-04 01:10:33 | WARNING | Imagen inexistente: img/players/112524.webp (se usara default.webp).
2026-10-04 01:10:33 | WARNING | Imagen inexistente: img/players/112531.webp (se usara default.webp).
2026-10-04 01:10:33 | WARNING | Imagen inexistente: img/players/112533.webp (se usara default.webp).
2026-10-04 01:10:33 | WARNING | Imagen inexistente: img/players/112534.webp (se usara default.webp).
2026-10-04 01:10:33 | WARNING | Imagen inexistente: img/players/112538.webp (se usara default.webp).
2026-10-04 01:10:33 | WARNING | Imagen inexistente: img/players/112542.webp (se usara default.webp).
2026-10-04 01:10:33 | WARNING | Imagen inexistente: img/players/112545.webp (se usara default.webp).
2026-10-04 01:10:33 | WARNING | Imagen inexistente: img/players/112547.webp (se usara default.webp).
2026-10-04 01:10:33 | WARNING | Imagen inexistente: img/players/112560.webp (se usara default.webp).
2026-10-04 01:10:33 | WARNING | Imagen inexistente: img/players/112567.webp (se usara default.webp).
2026-10-04 01:10:33 | WARNING | Imagen inexistente: img/players/112581.webp (se usara default.webp).
2026-10-04 01:10:33 | WARNING | Imagen inexistente: img/players/112586.webp (se usara default.webp).
2026-10-04 01:10:33 | WARNING | Imagen inexistente: img/players/112587.webp (se usara default.webp).
2026-10-04 01:10:33 | WARNING | Imagen inexistente: img/players/112591.webp (se usara default.webp).
2026-10-04 01:10:33 | WARNING | Imagen inexistente: img/players/112603.webp (se usara default.webp).
2026-10-04 01:10:33 | WARNING | Imagen inexistente: img/players/112605.webp (se usara default.webp).
2026-10-04 01:10:33 | WARNING | Imagen inexistente: img/players/112607.webp (se usara default.webp).
2026-10-04 01:10:33 | WARNING | Imagen inexistente: img/players/112646.webp (se usara default.webp).
2026-10-04 01:10:33 | WARNING | Imagen inexistente: img/players/112667.webp (se usara default.webp).
2026-10-04 01:10:33 | WARNING | Imagen inexistente: img/players/112671.webp (se usara default.webp).
2026-10-04 01:10:33 | WARNING | Imagen inexistente: img/players/112675.webp (se usara default.webp).
2026-10-04 01:10:33 | WARNING | Imagen inexistente: img/players/112680.webp (se usara default.webp).
2026-10-04 01:10:33 | WARNING | Imagen inexistente: img/players/112687.webp (se usara default.webp).
2026-10-04 01:10:33 | WARNING | Imagen inexistente: img/players/112703.webp (se usara default.webp).
2026-10-04 01:10:33 | WARNING | Imagen inexistente: img/players/112715.webp (se usara default.webp).
2026-10-04 01:10:33 | WARNING | Imagen inexistente: img/players/112716.webp (se usara default.webp).
2026-10-04 01:10:33 | WARNING | Imagen inexistente: img/players/112721.webp (se usara default.webp).
2026-10-04 01:10:33 | WARNING | Imagen inexistente: img/players/112727.webp (se usara default.webp).
2026-10-04 01:10:33 | WARNING | Imagen inexistente: img/players/112731.webp (se usara default.webp).
2026-10-04 01:10:33 | WARNING | Imagen inexistente: img/players/112740.webp (se usara default.webp).
2026-10-04 01:10:33 | WARNING | Imagen inexistente: img/players/112742.webp (se usara default.webp).
2026-10-04 01:10:33 | WARNING | Imagen inexistente: img/players/112747.webp (se usara default.webp).
2026-10-04 01:10:33 | WARNING | Imagen inexistente: img/players/112778.webp (se usara default.webp).
2026-10-04 01:10:33 | WARNING | Imagen inexistente: img/players/112789.webp (se usara default.webp).
2026-10-04 01:10:33 | WARNING | Imagen inexistente: img/players/112791.webp (se usara default.webp).
2026-10-04 01:10:33 | WARNING | Imagen inexistente: img/players/112793.webp (se usara default.webp).
2026-10-04 01:10:33 | WARNING | Imagen inexistente: img/players/112794.webp (se usara default.webp).
2026-10-04 01:10:33 | WARNING | Imagen inexistente: img/players/112798.webp (se usara default.webp).
2026-10-04 01:10:33 | WARNING | Imagen inexistente: img/players/112801.webp (se usara default.webp).
2026-10-04 01:10:33 | WARNING | Imagen inexistente: img/players/112824.webp (se usara default.webp).
2026-10-04 01:10:33 | WARNING | Imagen inexistente: img/players/112840.webp (se usara default.webp).
2026-10-04 01:10:33 | WARNING | Imagen inexistente: img/players/112842.webp (se usara default.webp).
2026-10-04 01:10:33 | WARNING | Imagen inexistente: img/players/112843.webp (se usara default.webp).
2026-10-04 01:10:33 | WARNING | Imagen inexistente: img/players/112860.webp (se usara default.webp).
2026-10-04 01:10:33 | WARNING | Imagen inexistente: img/players/112861.webp (se usara default.webp).
2026-10-04 01:10:33 | WARNING | Imagen inexistente: img/players/112862.webp (se usara default.webp).
2026-10-04 01:10:33 | WARNING | Imagen inexistente: img/players/112885.webp (se usara default.webp).
2026-10-04 01:10:33 | WARNING | Imagen inexistente: img/players/112922.webp (se usara default.webp).
2026-10-04 01:10:33 | WARNING | Imagen inexistente: img/players/112923.webp (se usara default.webp).
2026-10-04 01:10:33 | WARNING | Imagen inexistente: img/players/112931.webp (se usara default.webp).
2026-10-04 01:10:33 | WARNING | Imagen inexistente: img/players/112935.webp (se usara default.webp).
2026-10-04 01:10:33 | WARNING | Imagen inexistente: img/players/112939.webp (se usara default.webp).
2026-10-04 01:10:33 | WARNING | Imagen inexistente: img/players/112947.webp (se usara default.webp).
2026-10-04 01:10:33 | WARNING | Imagen inexistente: img/players/112956.webp (se usara default.webp).
2026-10-04 01:10:33 | WARNING | Imagen inexistente: img/players/112962.webp (se usara default.webp).
2026-10-04 01:10:33 | WARNING | Imagen inexistente: img/players/112966.webp (se usara default.webp).
2026-10-04 01:10:33 | WARNING | Imagen inexistente: img/players/112970.webp (se usara default.webp).
2026-10-04 01:10:33 | WARNING | Imagen inexistente: img/players/112988.webp (se usara default.webp).
2026-10-04 01:10:33 | WARNING | Imagen inexistente: img/players/112996.webp (se usara default.webp).
2026-10-04 01:10:33 | WARNING | Imagen inexistente: img/players/113034.webp (se usara default.webp).
2026-10-04 01:10:33 | WARNING | Imagen inexistente: img/players/113036.webp (se usara default.webp).
2026-10-04 01:10:33 | WARNING | Imagen inexistente: img/players/113057.webp (se usara default.webp).
2026-10-04 01:10:33 | WARNING | Imagen inexistente: img/players/113064.webp (se usara default.webp).
2026-10-04 01:10:33 | WARNING | Imagen inexistente: img/players/113067.webp (se usara default.webp).
2026-10-04 01:10:33 | WARNING | Imagen inexistente: img/players/113085.webp (se usara default.webp).
2026-10-04 01:10:33 | WARNING | Imagen inexistente: img/players/113087.webp (se usara default.webp).
2026-10-04 01:10:33 | WARNING | Imagen inexistente: img/players/113126.webp (se usara default.webp).
2026-10-04 01:10:33 | WARNING | Imagen inexistente: img/players/113158.webp (se usara default.webp).
2026-10-04 01:10:33 | WARNING | Imagen inexistente: img/players/113160.webp (se usara default.webp).
2026-10-04 01:10:33 | WARNING | Imagen inexistente: img/players/113229.webp (se usara default.webp).
2026-10-04 01:10:33 | WARNING | Imagen inexistente: img/players/113234.webp (se usara default.webp).
2026-10-04 01:10:33 | WARNING | Imagen inexistente: img/players/113236.webp (se usara default.webp).
2026-10-04 01:10:33 | WARNING | Imagen inexistente: img/players/113240.webp (se usara default.webp).
2026-10-04 01:10:33 | WARNING | Imagen inexistente: img/players/113252.webp (se usara default.webp).
2026-10-04 01:10:33 | WARNING | Imagen inexistente: img/players/113256.webp (se usara default.webp).
2026-10-04 01:10:33 | WARNING | Imagen inexistente: img/players/113267.webp (se usara default.webp).
2026-10-04 01:10:33 | WARNING | Imagen inexistente: img/players/113269.webp (se usara default.webp).
2026-10-04 01:10:33 | WARNING | Imagen inexistente: img/players/113272.webp (se usara default.webp).
2026-10-04 01:10:33 | WARNING | Imagen inexistente: img/players/113287.webp (se usara default.webp).
2026-10-04 01:10:33 | WARNING | Imagen inexistente: img/players/113289.webp (se usara default.webp).
2026-10-04 01:10:33 | WARNING | Imagen inexistente: img/players/113317.webp (se usara default.webp).
2026-10-04 01:10:33 | WARNING | Imagen inexistente: img/players/113324.webp (se usara default.webp).
2026-10-04 01:10:33 | WARNING | Imagen inexistente: img/players/113332.webp (se usara default.webp).
2026-10-04 01:10:33 | WARNING | Imagen inexistente: img/players/113341.webp (se usara default.webp).
2026-10-04 01:10:33 | WARNING | Imagen inexistente: img/players/113346.webp (se usara default.webp).
2026-10-04 01:10:33 | WARNING | Imagen inexistente: img/players/113350.webp (se usara default.webp).
2026-10-04 01:10:33 | WARNING | Imagen inexistente: img/players/113355.webp (se usara default.webp).
2026-10-04 01:10:33 | WARNING | Imagen inexistente: img/players/113359.webp (se usara default.webp).
2026-10-04 01:10:33 | WARNING | Imagen inexistente: img/players/113410.webp (se usara default.webp).
2026-10-04 01:10:33 | WARNING | Imagen inexistente: img/players/113415.webp (se usara default.webp).
2026-10-04 01:10:33 | WARNING | Imagen inexistente: img/players/113416.webp (se usara default.webp).
2026-10-04 01:10:33 | WARNING | Imagen inexistente: img/players/113417.webp (se usara default.webp).
2026-10-04 01:10:33 | WARNING | Imagen inexistente: img/players/113419.webp (se usara default.webp).
2026-10-04 01:10:33 | WARNING | Imagen inexistente: img/players/113420.webp (se usara default.webp).
2026-10-04 01:10:33 | WARNING | Imagen inexistente: img/players/113429.webp (se usara default.webp).
2026-10-04 01:10:33 | WARNING | Imagen inexistente: img/players/113432.webp (se usara default.webp).
2026-10-04 01:10:33 | WARNING | Imagen inexistente: img/players/113434.webp (se usara default.webp).
2026-10-04 01:10:33 | WARNING | Imagen inexistente: img/players/113438.webp (se usara default.webp).
2026-10-04 01:10:33 | WARNING | Imagen inexistente: img/players/113455.webp (se usara default.webp).
2026-10-04 01:10:33 | WARNING | Imagen inexistente: img/players/113464.webp (se usara default.webp).
2026-10-04 01:10:33 | WARNING | Imagen inexistente: img/players/113478.webp (se usara default.webp).
2026-10-04 01:10:33 | WARNING | Imagen inexistente: img/players/113497.webp (se usara default.webp).
2026-10-04 01:10:33 | WARNING | Imagen inexistente: img/players/113504.webp (se usara default.webp).
2026-10-04 01:10:33 | WARNING | Imagen inexistente: img/players/113510.webp (se usara default.webp).
2026-10-04 01:10:33 | WARNING | Imagen inexistente: img/players/113514.webp (se usara default.webp).
2026-10-04 01:10:33 | WARNING | Imagen inexistente: img/players/113547.webp (se usara default.webp).
2026-10-04 01:10:33 | WARNING | Imagen inexistente: img/players/113549.webp (se usara default.webp).
2026-10-04 01:10:33 | WARNING | Imagen inexistente: img/players/113550.webp (se usara default.webp).
2026-10-04 01:10:33 | WARNING | Imagen inexistente: img/players/113553.webp (se usara default.webp).
2026-10-04 01:10:33 | WARNING | Imagen inexistente: img/players/113565.webp (se usara default.webp).
2026-10-04 01:10:33 | WARNING | Imagen inexistente: img/players/113566.webp (se usara default.webp).
2026-10-04 01:10:33 | WARNING | Imagen inexistente: img/players/113569.webp (se usara default.webp).
2026-10-04 01:10:33 | WARNING | Imagen inexistente: img/players/113579.webp (se usara default.webp).
2026-10-04 01:10:33 | WARNING | Imagen inexistente: img/players/113592.webp (se usara default.webp).
2026-10-04 01:10:33 | WARNING | Imagen inexistente: img/players/113600.webp (se usara default.webp).
2026-10-04 01:10:33 | WARNING | Imagen inexistente: img/players/113601.webp (se usara default.webp).
2026-10-04 01:10:33 | WARNING | Imagen inexistente: img/players/113607.webp (se usara default.webp).
2026-10-04 01:10:33 | WARNING | Imagen inexistente: img/players/113622.webp (se usara default.webp).
2026-10-04 01:10:33 | WARNING | Imagen inexistente: img/players/113623.webp (se usara default.webp).
2026-10-04 01:10:33 | WARNING | Imagen inexistente: img/players/113627.webp (se usara default.webp).
2026-10-04 01:10:33 | WARNING | Imagen inexistente: img/players/113632.webp (se usara default.webp).
2026-10-04 01:10:33 | WARNING | Imagen inexistente: img/players/113634.webp (se usara default.webp).
2026-10-04 01:10:33 | WARNING | Imagen inexistente: img/players/113635.webp (se usara default.webp).
2026-10-04 01:10:33 | WARNING | Imagen inexistente: img/players/113652.webp (se usara default.webp).
2026-10-04 01:10:33 | WARNING | Imagen inexistente: img/players/113653.webp (se usara default.webp).
2026-10-04 01:10:33 | WARNING | Imagen inexistente: img/players/113657.webp (se usara default.webp).
2026-10-04 01:10:33 | WARNING | Imagen inexistente: img/players/113664.webp (se usara default.webp).
2026-10-04 01:10:33 | WARNING | Imagen inexistente: img/players/113690.webp (se usara default.webp).
2026-10-04 01:10:33 | WARNING | Imagen inexistente: img/players/113697.webp (se usara default.webp).
2026-10-04 01:10:33 | WARNING | Imagen inexistente: img/players/113703.webp (se usara default.webp).
2026-10-04 01:10:33 | WARNING | Imagen inexistente: img/players/113708.webp (se usara default.webp).
2026-10-04 01:10:33 | WARNING | Imagen inexistente: img/players/113711.webp (se usara default.webp).
2026-10-04 01:10:33 | WARNING | Imagen inexistente: img/players/113712.webp (se usara default.webp).
2026-10-04 01:10:33 | WARNING | Imagen inexistente: img/players/113713.webp (se usara default.webp).
2026-10-04 01:10:33 | WARNING | Imagen inexistente: img/players/113723.webp (se usara default.webp).
2026-10-04 01:10:33 | WARNING | Imagen inexistente: img/players/113732.webp (se usara default.webp).
2026-10-04 01:10:33 | WARNING | Imagen inexistente: img/players/113735.webp (se usara default.webp).
2026-10-04 01:10:33 | WARNING | Imagen inexistente: img/players/113736.webp (se usara default.webp).
2026-10-04 01:10:33 | WARNING | Imagen inexistente: img/players/113744.webp (se usara default.webp).
2026-10-04 01:10:33 | WARNING | Imagen inexistente: img/players/113747.webp (se usara default.webp).
2026-10-04 01:10:33 | WARNING | Imagen inexistente: img/players/113750.webp (se usara default.webp).
2026-10-04 01:10:33 | WARNING | Imagen inexistente: img/players/113757.webp (se usara default.webp).
2026-10-04 01:10:33 | WARNING | Imagen inexistente: img/players/113758.webp (se usara default.webp).
2026-10-04 01:10:33 | WARNING | Imagen inexistente: img/players/113761.webp (se usara default.webp).
2026-10-04 01:10:33 | WARNING | Imagen inexistente: img/players/113778.webp (se usara default.webp).
2026-10-04 01:10:33 | WARNING | Imagen inexistente: img/players/113779.webp (se usara default.webp).
2026-10-04 01:10:33 | WARNING | Imagen inexistente: img/players/113783.webp (se usara default.webp).
2026-10-04 01:10:33 | WARNING | Imagen inexistente: img/players/113789.webp (se usara default.webp).
2026-10-04 01:10:33 | WARNING | Imagen inexistente: img/players/113790.webp (se usara default.webp).
2026-10-04 01:10:33 | WARNING | Imagen inexistente: img/players/113793.webp (se usara default.webp).
2026-10-04 01:10:33 | WARNING | Imagen inexistente: img/players/113794.webp (se usara default.webp).
2026-10-04 01:10:33 | WARNING | Imagen inexistente: img/players/113796.webp (se usara default.webp).
2026-10-04 01:10:33 | WARNING | Imagen inexistente: img/players/113808.webp (se usara default.webp).
2026-10-04 01:10:33 | WARNING | Imagen inexistente: img/players/113811.webp (se usara default.webp).
2026-10-04 01:10:33 | WARNING | Imagen inexistente: img/players/113820.webp (se usara default.webp).
2026-10-04 01:10:33 | WARNING | Imagen inexistente: img/players/113830.webp (se usara default.webp).
2026-10-04 01:10:33 | WARNING | Imagen inexistente: img/players/113836.webp (se usara default.webp).
2026-10-04 01:10:33 | WARNING | Imagen inexistente: img/players/113854.webp (se usara default.webp).
2026-10-04 01:10:33 | WARNING | Imagen inexistente: img/players/113860.webp (se usara default.webp).
2026-10-04 01:10:33 | WARNING | Imagen inexistente: img/players/113871.webp (se usara default.webp).
2026-10-04 01:10:33 | WARNING | Imagen inexistente: img/players/113872.webp (se usara default.webp).
2026-10-04 01:10:33 | WARNING | Imagen inexistente: img/players/113892.webp (se usara default.webp).
2026-10-04 01:10:33 | WARNING | Imagen inexistente: img/players/113895.webp (se usara default.webp).
2026-10-04 01:10:33 | WARNING | Imagen inexistente: img/players/113899.webp (se usara default.webp).
2026-10-04 01:10:33 | WARNING | Imagen inexistente: img/players/113905.webp (se usara default.webp).
2026-10-04 01:10:33 | WARNING | Imagen inexistente: img/players/113910.webp (se usara default.webp).
2026-10-04 01:10:33 | WARNING | Imagen inexistente: img/players/113920.webp (se usara default.webp).
2026-10-04 01:10:33 | WARNING | Imagen inexistente: img/players/113923.webp (se usara default.webp).
2026-10-04 01:10:33 | WARNING | Imagen inexistente: img/players/113927.webp (se usara default.webp).
2026-10-04 01:10:33 | WARNING | Imagen inexistente: img/players/113928.webp (se usara default.webp).
2026-10-04 01:10:33 | WARNING | Imagen inexistente: img/players/113932.webp (se usara default.webp).
2026-10-04 01:10:33 | WARNING | Imagen inexistente: img/players/113935.webp (se usara default.webp).
2026-10-04 01:10:33 | WARNING | Imagen inexistente: img/players/113948.webp (se usara default.webp).
2026-10-04 01:10:33 | WARNING | Imagen inexistente: img/players/113950.webp (se usara default.webp).
2026-10-04 01:10:33 | WARNING | Imagen inexistente: img/players/113953.webp (se usara default.webp).
2026-10-04 01:10:33 | WARNING | Imagen inexistente: img/players/113957.webp (se usara default.webp).
2026-10-04 01:10:33 | WARNING | Imagen inexistente: img/players/113965.webp (se usara default.webp).
2026-10-04 01:10:33 | WARNING | Imagen inexistente: img/players/113967.webp (se usara default.webp).
2026-10-04 01:10:33 | WARNING | Imagen inexistente: img/players/113975.webp (se usara default.webp).
2026-10-04 01:10:33 | WARNING | Imagen inexistente: img/players/113976.webp (se usara default.webp).
2026-10-04 01:10:33 | WARNING | Imagen inexistente: img/players/113977.webp (se usara default.webp).
2026-10-04 01:10:33 | WARNING | Imagen inexistente: img/players/113980.webp (se usara default.webp).
2026-10-04 01:10:33 | WARNING | Imagen inexistente: img/players/113993.webp (se usara default.webp).
2026-10-04 01:10:33 | WARNING | Imagen inexistente: img/players/114019.webp (se usara default.webp).
2026-10-04 01:10:33 | WARNING | Imagen inexistente: img/players/114020.webp (se usara default.webp).
2026-10-04 01:10:33 | WARNING | Imagen inexistente: img/players/114030.webp (se usara default.webp).
2026-10-04 01:10:33 | WARNING | Imagen inexistente: img/players/114035.webp (se usara default.webp).
2026-10-04 01:10:33 | WARNING | Imagen inexistente: img/players/114042.webp (se usara default.webp).
2026-10-04 01:10:33 | WARNING | Imagen inexistente: img/players/114043.webp (se usara default.webp).
2026-10-04 01:10:33 | WARNING | Imagen inexistente: img/players/114052.webp (se usara default.webp).
2026-10-04 01:10:33 | WARNING | Imagen inexistente: img/players/114054.webp (se usara default.webp).
2026-10-04 01:10:33 | WARNING | Imagen inexistente: img/players/114063.webp (se usara default.webp).
2026-10-04 01:10:33 | WARNING | Imagen inexistente: img/players/114078.webp (se usara default.webp).
2026-10-04 01:10:33 | WARNING | Imagen inexistente: img/players/114082.webp (se usara default.webp).
2026-10-04 01:10:33 | WARNING | Imagen inexistente: img/players/114083.webp (se usara default.webp).
2026-10-04 01:10:33 | WARNING | Imagen inexistente: img/players/114098.webp (se usara default.webp).
2026-10-04 01:10:33 | WARNING | Imagen inexistente: img/players/114102.webp (se usara default.webp).
2026-10-04 01:10:33 | WARNING | Imagen inexistente: img/players/114108.webp (se usara default.webp).
2026-10-04 01:10:33 | WARNING | Imagen inexistente: img/players/114111.webp (se usara default.webp).
2026-10-04 01:10:33 | WARNING | Imagen inexistente: img/players/114118.webp (se usara default.webp).
2026-10-04 01:10:33 | WARNING | Imagen inexistente: img/players/114129.webp (se usara default.webp).
2026-10-04 01:10:33 | WARNING | Imagen inexistente: img/players/114141.webp (se usara default.webp).
2026-10-04 01:10:33 | WARNING | Imagen inexistente: img/players/114145.webp (se usara default.webp).
2026-10-04 01:10:33 | WARNING | Imagen inexistente: img/players/114148.webp (se usara default.webp).
2026-10-04 01:10:33 | WARNING | Imagen inexistente: img/players/114150.webp (se usara default.webp).
2026-10-04 01:10:33 | WARNING | Imagen inexistente: img/players/114152.webp (se usara default.webp).
2026-10-04 01:10:33 | WARNING | Imagen inexistente: img/players/114179.webp (se usara default.webp).
2026-10-04 01:10:33 | WARNING | Imagen inexistente: img/players/114185.webp (se usara default.webp).
2026-10-04 01:10:33 | WARNING | Imagen inexistente: img/players/114187.webp (se usara default.webp).
2026-10-04 01:10:33 | WARNING | Imagen inexistente: img/players/114190.webp (se usara default.webp).
2026-10-04 01:10:33 | WARNING | Imagen inexistente: img/players/114198.webp (se usara default.webp).
2026-10-04 01:10:33 | WARNING | Imagen inexistente: img/players/114202.webp (se usara default.webp).
2026-10-04 01:10:33 | WARNING | Imagen inexistente: img/players/114204.webp (se usara default.webp).
2026-10-04 01:10:33 | WARNING | Imagen inexistente: img/players/114210.webp (se usara default.webp).
2026-10-04 01:10:33 | WARNING | Imagen inexistente: img/players/114213.webp (se usara default.webp).
2026-10-04 01:10:33 | WARNING | Imagen inexistente: img/players/114216.webp (se usara default.webp).
2026-10-04 01:10:33 | WARNING | Imagen inexistente: img/players/114220.webp (se usara default.webp).
2026-10-04 01:10:33 | WARNING | Imagen inexistente: img/players/114224.webp (se usara default.webp).
2026-10-04 01:10:33 | WARNING | Imagen inexistente: img/players/114234.webp (se usara default.webp).
2026-10-04 01:10:33 | WARNING | Imagen inexistente: img/players/114238.webp (se usara default.webp).
2026-10-04 01:10:33 | WARNING | Imagen inexistente: img/players/114242.webp (se usara default.webp).
2026-10-04 01:10:33 | WARNING | Imagen inexistente: img/players/114244.webp (se usara default.webp).
2026-10-04 01:10:33 | WARNING | Imagen inexistente: img/players/114248.webp (se usara default.webp).
2026-10-04 01:10:33 | WARNING | Imagen inexistente: img/players/114285.webp (se usara default.webp).
2026-10-04 01:10:33 | WARNING | Imagen inexistente: img/players/114288.webp (se usara default.webp).
2026-10-04 01:10:33 | WARNING | Imagen inexistente: img/players/114289.webp (se usara default.webp).
2026-10-04 01:10:33 | WARNING | Imagen inexistente: img/players/114295.webp (se usara default.webp).
2026-10-04 01:10:33 | WARNING | Imagen inexistente: img/players/114296.webp (se usara default.webp).
2026-10-04 01:10:33 | WARNING | Imagen inexistente: img/players/114299.webp (se usara default.webp).
2026-10-04 01:10:33 | WARNING | Imagen inexistente: img/players/114305.webp (se usara default.webp).
2026-10-04 01:10:33 | WARNING | Imagen inexistente: img/players/114309.webp (se usara default.webp).
2026-10-04 01:10:33 | WARNING | Imagen inexistente: img/players/114312.webp (se usara default.webp).
2026-10-04 01:10:33 | WARNING | Imagen inexistente: img/players/114316.webp (se usara default.webp).
2026-10-04 01:10:33 | WARNING | Imagen inexistente: img/players/114317.webp (se usara default.webp).
2026-10-04 01:10:33 | WARNING | Imagen inexistente: img/players/114318.webp (se usara default.webp).
2026-10-04 01:10:33 | WARNING | Imagen inexistente: img/players/114319.webp (se usara default.webp).
2026-10-04 01:10:33 | WARNING | Imagen inexistente: img/players/114321.webp (se usara default.webp).
2026-10-04 01:10:33 | WARNING | Imagen inexistente: img/players/114334.webp (se usara default.webp).
2026-10-04 01:10:33 | WARNING | Imagen inexistente: img/players/114343.webp (se usara default.webp).
2026-10-04 01:10:33 | WARNING | Imagen inexistente: img/players/114365.webp (se usara default.webp).
2026-10-04 01:10:33 | WARNING | Imagen inexistente: img/players/114374.webp (se usara default.webp).
2026-10-04 01:10:33 | WARNING | Imagen inexistente: img/players/114382.webp (se usara default.webp).
2026-10-04 01:10:33 | WARNING | Imagen inexistente: img/players/114388.webp (se usara default.webp).
2026-10-04 01:10:33 | WARNING | Imagen inexistente: img/players/114398.webp (se usara default.webp).
2026-10-04 01:10:33 | WARNING | Imagen inexistente: img/players/114401.webp (se usara default.webp).
2026-10-04 01:10:33 | WARNING | Imagen inexistente: img/players/114407.webp (se usara default.webp).
2026-10-04 01:10:33 | WARNING | Imagen inexistente: img/players/114408.webp (se usara default.webp).
2026-10-04 01:10:33 | WARNING | Imagen inexistente: img/players/114413.webp (se usara default.webp).
2026-10-04 01:10:33 | WARNING | Imagen inexistente: img/players/114415.webp (se usara default.webp).
2026-10-04 01:10:33 | WARNING | Imagen inexistente: img/players/114420.webp (se usara default.webp).
2026-10-04 01:10:33 | WARNING | Imagen inexistente: img/players/114421.webp (se usara default.webp).
2026-10-04 01:10:33 | WARNING | Imagen inexistente: img/players/114437.webp (se usara default.webp).
2026-10-04 01:10:33 | WARNING | Imagen inexistente: img/players/114441.webp (se usara default.webp).
2026-10-04 01:10:33 | WARNING | Imagen inexistente: img/players/114443.webp (se usara default.webp).
2026-10-04 01:10:33 | WARNING | Imagen inexistente: img/players/114445.webp (se usara default.webp).
2026-10-04 01:10:33 | WARNING | Imagen inexistente: img/players/114452.webp (se usara default.webp).
2026-10-04 01:10:33 | WARNING | Imagen inexistente: img/players/114456.webp (se usara default.webp).
2026-10-04 01:10:33 | WARNING | Imagen inexistente: img/players/114459.webp (se usara default.webp).
2026-10-04 01:10:33 | WARNING | Imagen inexistente: img/players/114465.webp (se usara default.webp).
2026-10-04 01:10:33 | WARNING | Imagen inexistente: img/players/114466.webp (se usara default.webp).
2026-10-04 01:10:33 | WARNING | Imagen inexistente: img/players/114470.webp (se usara default.webp).
2026-10-04 01:10:33 | WARNING | Imagen inexistente: img/players/114477.webp (se usara default.webp).
2026-10-04 01:10:33 | WARNING | Imagen inexistente: img/players/114483.webp (se usara default.webp).
2026-10-04 01:10:33 | WARNING | Imagen inexistente: img/players/114487.webp (se usara default.webp).
2026-10-04 01:10:33 | WARNING | Imagen inexistente: img/players/114489.webp (se usara default.webp).
2026-10-04 01:10:33 | WARNING | Imagen inexistente: img/players/114490.webp (se usara default.webp).
2026-10-04 01:10:33 | WARNING | Imagen inexistente: img/players/114491.webp (se usara default.webp).
2026-10-04 01:10:33 | WARNING | Imagen inexistente: img/players/114494.webp (se usara default.webp).
2026-10-04 01:10:33 | WARNING | Imagen inexistente: img/players/114496.webp (se usara default.webp).
2026-10-04 01:10:33 | WARNING | Imagen inexistente: img/players/114499.webp (se usara default.webp).
2026-10-04 01:10:33 | WARNING | Imagen inexistente: img/players/114504.webp (se usara default.webp).
2026-10-04 01:10:33 | WARNING | Imagen inexistente: img/players/114505.webp (se usara default.webp).
2026-10-04 01:10:33 | WARNING | Imagen inexistente: img/players/114508.webp (se usara default.webp).
2026-10-04 01:10:33 | WARNING | Imagen inexistente: img/players/114522.webp (se usara default.webp).
2026-10-04 01:10:33 | WARNING | Imagen inexistente: img/players/114530.webp (se usara default.webp).
2026-10-04 01:10:33 | WARNING | Imagen inexistente: img/players/114533.webp (se usara default.webp).
2026-10-04 01:10:33 | WARNING | Imagen inexistente: img/players/114536.webp (se usara default.webp).
2026-10-04 01:10:33 | WARNING | Imagen inexistente: img/players/114539.webp (se usara default.webp).
2026-10-04 01:10:33 | WARNING | Imagen inexistente: img/players/114544.webp (se usara default.webp).
2026-10-04 01:10:33 | WARNING | Imagen inexistente: img/players/114547.webp (se usara default.webp).
2026-10-04 01:10:33 | WARNING | Imagen inexistente: img/players/114552.webp (se usara default.webp).
2026-10-04 01:10:33 | WARNING | Imagen inexistente: img/players/114560.webp (se usara default.webp).
2026-10-04 01:10:33 | WARNING | Imagen inexistente: img/players/114575.webp (se usara default.webp).
2026-10-04 01:10:33 | WARNING | Imagen inexistente: img/players/114581.webp (se usara default.webp).
2026-10-04 01:10:33 | WARNING | Imagen inexistente: img/players/114591.webp (se usara default.webp).
2026-10-04 01:10:33 | WARNING | Imagen inexistente: img/players/114604.webp (se usara default.webp).
2026-10-04 01:10:33 | WARNING | Imagen inexistente: img/players/114610.webp (se usara default.webp).
2026-10-04 01:10:33 | WARNING | Imagen inexistente: img/players/114612.webp (se usara default.webp).
2026-10-04 01:10:33 | WARNING | Imagen inexistente: img/players/114622.webp (se usara default.webp).
2026-10-04 01:10:33 | WARNING | Imagen inexistente: img/players/114623.webp (se usara default.webp).
2026-10-04 01:10:33 | WARNING | Imagen inexistente: img/players/114630.webp (se usara default.webp).
2026-10-04 01:10:33 | WARNING | Imagen inexistente: img/players/114635.webp (se usara default.webp).
2026-10-04 01:10:33 | WARNING | Imagen inexistente: img/players/114656.webp (se usara default.webp).
2026-10-04 01:10:33 | WARNING | Imagen inexistente: img/players/114657.webp (se usara default.webp).
2026-10-04 01:10:33 | WARNING | Imagen inexistente: img/players/114659.webp (se usara default.webp).
2026-10-04 01:10:33 | WARNING | Imagen inexistente: img/players/114668.webp (se usara default.webp).
2026-10-04 01:10:33 | WARNING | Imagen inexistente: img/players/114678.webp (se usara default.webp).
2026-10-04 01:10:33 | WARNING | Imagen inexistente: img/players/114680.webp (se usara default.webp).
2026-10-04 01:10:33 | WARNING | Imagen inexistente: img/players/114683.webp (se usara default.webp).
2026-10-04 01:10:33 | WARNING | Imagen inexistente: img/players/114687.webp (se usara default.webp).
2026-10-04 01:10:33 | WARNING | Imagen inexistente: img/players/114701.webp (se usara default.webp).
2026-10-04 01:10:33 | WARNING | Imagen inexistente: img/players/114702.webp (se usara default.webp).
2026-10-04 01:10:33 | WARNING | Imagen inexistente: img/players/114703.webp (se usara default.webp).
2026-10-04 01:10:33 | WARNING | Imagen inexistente: img/players/114705.webp (se usara default.webp).
2026-10-04 01:10:33 | WARNING | Imagen inexistente: img/players/114727.webp (se usara default.webp).
2026-10-04 01:10:33 | WARNING | Imagen inexistente: img/players/114735.webp (se usara default.webp).
2026-10-04 01:10:33 | WARNING | Imagen inexistente: img/players/114737.webp (se usara default.webp).
2026-10-04 01:10:33 | WARNING | Imagen inexistente: img/players/114739.webp (se usara default.webp).
2026-10-04 01:10:33 | WARNING | Imagen inexistente: img/players/114740.webp (se usara default.webp).
2026-10-04 01:10:33 | WARNING | Imagen inexistente: img/players/114741.webp (se usara default.webp).
2026-10-04 01:10:33 | WARNING | Imagen inexistente: img/players/114744.webp (se usara default.webp).
2026-10-04 01:10:33 | WARNING | Imagen inexistente: img/players/114746.webp (se usara default.webp).
2026-10-04 01:10:33 | WARNING | Imagen inexistente: img/players/114751.webp (se usara default.webp).
2026-10-04 01:10:33 | WARNING | Imagen inexistente: img/players/114753.webp (se usara default.webp).
2026-10-04 01:10:33 | WARNING | Imagen inexistente: img/players/114754.webp (se usara default.webp).
2026-10-04 01:10:33 | WARNING | Imagen inexistente: img/players/114768.webp (se usara default.webp).
2026-10-04 01:10:33 | WARNING | Imagen inexistente: img/players/114770.webp (se usara default.webp).
2026-10-04 01:10:33 | WARNING | Imagen inexistente: img/players/114773.webp (se usara default.webp).
2026-10-04 01:10:33 | WARNING | Imagen inexistente: img/players/114775.webp (se usara default.webp).
2026-10-04 01:10:33 | WARNING | Imagen inexistente: img/players/114776.webp (se usara default.webp).
2026-10-04 01:10:33 | WARNING | Imagen inexistente: img/players/114781.webp (se usara default.webp).
2026-10-04 01:10:33 | WARNING | Imagen inexistente: img/players/114790.webp (se usara default.webp).
2026-10-04 01:10:33 | WARNING | Imagen inexistente: img/players/114798.webp (se usara default.webp).
2026-10-04 01:10:33 | WARNING | Imagen inexistente: img/players/114804.webp (se usara default.webp).
2026-10-04 01:10:33 | WARNING | Imagen inexistente: img/players/114815.webp (se usara default.webp).
2026-10-04 01:10:33 | WARNING | Imagen inexistente: img/players/114818.webp (se usara default.webp).
2026-10-04 01:10:33 | WARNING | Imagen inexistente: img/players/114819.webp (se usara default.webp).
2026-10-04 01:10:33 | WARNING | Imagen inexistente: img/players/114834.webp (se usara default.webp).
2026-10-04 01:10:33 | WARNING | Imagen inexistente: img/players/114854.webp (se usara default.webp).
2026-10-04 01:10:33 | WARNING | Imagen inexistente: img/players/114861.webp (se usara default.webp).
2026-10-04 01:10:33 | WARNING | Imagen inexistente: img/players/114867.webp (se usara default.webp).
2026-10-04 01:10:33 | WARNING | Imagen inexistente: img/players/114873.webp (se usara default.webp).
2026-10-04 01:10:33 | WARNING | Imagen inexistente: img/players/114887.webp (se usara default.webp).
2026-10-04 01:10:33 | WARNING | Imagen inexistente: img/players/114889.webp (se usara default.webp).
2026-10-04 01:10:33 | WARNING | Imagen inexistente: img/players/114898.webp (se usara default.webp).
2026-10-04 01:10:33 | WARNING | Imagen inexistente: img/players/114899.webp (se usara default.webp).
2026-10-04 01:10:33 | WARNING | Imagen inexistente: img/players/114900.webp (se usara default.webp).
2026-10-04 01:10:33 | WARNING | Imagen inexistente: img/players/114916.webp (se usara default.webp).
2026-10-04 01:10:33 | WARNING | Imagen inexistente: img/players/114926.webp (se usara default.webp).
2026-10-04 01:10:33 | WARNING | Imagen inexistente: img/players/114941.webp (se usara default.webp).
2026-10-04 01:10:33 | WARNING | Imagen inexistente: img/players/114945.webp (se usara default.webp).
2026-10-04 01:10:33 | WARNING | Imagen inexistente: img/players/114948.webp (se usara default.webp).
2026-10-04 01:10:33 | WARNING | Imagen inexistente: img/players/114949.webp (se usara default.webp).
2026-10-04 01:10:33 | WARNING | Imagen inexistente: img/players/114952.webp (se usara default.webp).
2026-10-04 01:10:33 | WARNING | Imagen inexistente: img/players/114955.webp (se usara default.webp).
2026-10-04 01:10:33 | WARNING | Imagen inexistente: img/players/114957.webp (se usara default.webp).
2026-10-04 01:10:33 | WARNING | Imagen inexistente: img/players/114962.webp (se usara default.webp).
2026-10-04 01:10:33 | WARNING | Imagen inexistente: img/players/114968.webp (se usara default.webp).
2026-10-04 01:10:33 | WARNING | Imagen inexistente: img/players/114971.webp (se usara default.webp).
2026-10-04 01:10:33 | WARNING | Imagen inexistente: img/players/114986.webp (se usara default.webp).
2026-10-04 01:10:33 | WARNING | Imagen inexistente: img/players/114987.webp (se usara default.webp).
2026-10-04 01:10:33 | WARNING | Imagen inexistente: img/players/114992.webp (se usara default.webp).
2026-10-04 01:10:33 | WARNING | Imagen inexistente: img/players/114995.webp (se usara default.webp).
2026-10-04 01:10:33 | WARNING | Imagen inexistente: img/players/114997.webp (se usara default.webp).
2026-10-04 01:10:33 | WARNING | Imagen inexistente: img/players/115003.webp (se usara default.webp).
2026-10-04 01:10:33 | WARNING | Imagen inexistente: img/players/115009.webp (se usara default.webp).
2026-10-04 01:10:33 | WARNING | Imagen inexistente: img/players/115010.webp (se usara default.webp).
2026-10-04 01:10:33 | WARNING | Imagen inexistente: img/players/115011.webp (se usara default.webp).
2026-10-04 01:10:33 | WARNING | Imagen inexistente: img/players/115012.webp (se usara default.webp).
2026-10-04 01:10:33 | WARNING | Imagen inexistente: img/players/115016.webp (se usara default.webp).
2026-10-04 01:10:33 | WARNING | Imagen inexistente: img/players/115017.webp (se usara default.webp).
2026-10-04 01:10:33 | WARNING | Imagen inexistente: img/players/115018.webp (se usara default.webp).
2026-10-04 01:10:33 | WARNING | Imagen inexistente: img/players/115024.webp (se usara default.webp).
2026-10-04 01:10:33 | WARNING | Imagen inexistente: img/players/115026.webp (se usara default.webp).
2026-10-04 01:10:33 | WARNING | Imagen inexistente: img/players/115034.webp (se usara default.webp).
2026-10-04 01:10:33 | WARNING | Imagen inexistente: img/players/115036.webp (se usara default.webp).
2026-10-04 01:10:33 | WARNING | Imagen inexistente: img/players/115049.webp (se usara default.webp).
2026-10-04 01:10:33 | WARNING | Imagen inexistente: img/players/115050.webp (se usara default.webp).
2026-10-04 01:10:33 | WARNING | Imagen inexistente: img/players/115052.webp (se usara default.webp).
2026-10-04 01:10:33 | WARNING | Imagen inexistente: img/players/115053.webp (se usara default.webp).
2026-10-04 01:10:33 | WARNING | Imagen inexistente: img/players/115072.webp (se usara default.webp).
2026-10-04 01:10:33 | WARNING | Imagen inexistente: img/players/115077.webp (se usara default.webp).
2026-10-04 01:10:33 | WARNING | Imagen inexistente: img/players/115081.webp (se usara default.webp).
2026-10-04 01:10:33 | WARNING | Imagen inexistente: img/players/115085.webp (se usara default.webp).
2026-10-04 01:10:33 | WARNING | Imagen inexistente: img/players/115088.webp (se usara default.webp).
2026-10-04 01:10:33 | WARNING | Imagen inexistente: img/players/115089.webp (se usara default.webp).
2026-10-04 01:10:33 | WARNING | Imagen inexistente: img/players/115090.webp (se usara default.webp).
2026-10-04 01:10:33 | WARNING | Imagen inexistente: img/players/115093.webp (se usara default.webp).
2026-10-04 01:10:33 | WARNING | Imagen inexistente: img/players/115094.webp (se usara default.webp).
2026-10-04 01:10:33 | WARNING | Imagen inexistente: img/players/115096.webp (se usara default.webp).
2026-10-04 01:10:33 | WARNING | Imagen inexistente: img/players/115097.webp (se usara default.webp).
2026-10-04 01:10:33 | WARNING | Imagen inexistente: img/players/115099.webp (se usara default.webp).
2026-10-04 01:10:33 | WARNING | Imagen inexistente: img/players/115101.webp (se usara default.webp).
2026-10-04 01:10:33 | WARNING | Imagen inexistente: img/players/115102.webp (se usara default.webp).
2026-10-04 01:10:33 | WARNING | Imagen inexistente: img/players/115107.webp (se usara default.webp).
2026-10-04 01:10:33 | WARNING | Imagen inexistente: img/players/115112.webp (se usara default.webp).
2026-10-04 01:10:33 | WARNING | Imagen inexistente: img/players/115114.webp (se usara default.webp).
2026-10-04 01:10:33 | WARNING | Imagen inexistente: img/players/115116.webp (se usara default.webp).
2026-10-04 01:10:33 | WARNING | Imagen inexistente: img/players/115120.webp (se usara default.webp).
2026-10-04 01:10:33 | WARNING | Imagen inexistente: img/players/115123.webp (se usara default.webp).
2026-10-04 01:10:33 | WARNING | Imagen inexistente: img/players/115137.webp (se usara default.webp).
2026-10-04 01:10:33 | WARNING | Imagen inexistente: img/players/115147.webp (se usara default.webp).
2026-10-04 01:10:33 | WARNING | Imagen inexistente: img/players/115148.webp (se usara default.webp).
2026-10-04 01:10:33 | WARNING | Imagen inexistente: img/players/115151.webp (se usara default.webp).
2026-10-04 01:10:33 | WARNING | Imagen inexistente: img/players/115154.webp (se usara default.webp).
2026-10-04 01:10:33 | WARNING | Imagen inexistente: img/players/115155.webp (se usara default.webp).
2026-10-04 01:10:33 | WARNING | Imagen inexistente: img/players/115157.webp (se usara default.webp).
2026-10-04 01:10:33 | WARNING | Imagen inexistente: img/players/115164.webp (se usara default.webp).
2026-10-04 01:10:33 | WARNING | Imagen inexistente: img/players/115167.webp (se usara default.webp).
2026-10-04 01:10:33 | WARNING | Imagen inexistente: img/players/115170.webp (se usara default.webp).
2026-10-04 01:10:33 | WARNING | Imagen inexistente: img/players/115173.webp (se usara default.webp).
2026-10-04 01:10:33 | WARNING | Imagen inexistente: img/players/115174.webp (se usara default.webp).
2026-10-04 01:10:33 | WARNING | Imagen inexistente: img/players/115179.webp (se usara default.webp).
2026-10-04 01:10:33 | WARNING | Imagen inexistente: img/players/115181.webp (se usara default.webp).
2026-10-04 01:10:33 | WARNING | Imagen inexistente: img/players/115182.webp (se usara default.webp).
2026-10-04 01:10:33 | WARNING | Imagen inexistente: img/players/115187.webp (se usara default.webp).
2026-10-04 01:10:33 | WARNING | Imagen inexistente: img/players/115192.webp (se usara default.webp).
2026-10-04 01:10:33 | WARNING | Imagen inexistente: img/players/115210.webp (se usara default.webp).
2026-10-04 01:10:33 | WARNING | Imagen inexistente: img/players/115226.webp (se usara default.webp).
2026-10-04 01:10:33 | WARNING | Imagen inexistente: img/players/115231.webp (se usara default.webp).
2026-10-04 01:10:33 | WARNING | Imagen inexistente: img/players/115232.webp (se usara default.webp).
2026-10-04 01:10:33 | WARNING | Imagen inexistente: img/players/115233.webp (se usara default.webp).
2026-10-04 01:10:33 | WARNING | Imagen inexistente: img/players/115252.webp (se usara default.webp).
2026-10-04 01:10:33 | WARNING | Imagen inexistente: img/players/115256.webp (se usara default.webp).
2026-10-04 01:10:33 | WARNING | Imagen inexistente: img/players/115257.webp (se usara default.webp).
2026-10-04 01:10:33 | WARNING | Imagen inexistente: img/players/115260.webp (se usara default.webp).
2026-10-04 01:10:33 | WARNING | Imagen inexistente: img/players/115265.webp (se usara default.webp).
2026-10-04 01:10:33 | WARNING | Imagen inexistente: img/players/115283.webp (se usara default.webp).
2026-10-04 01:10:33 | WARNING | Imagen inexistente: img/players/115286.webp (se usara default.webp).
2026-10-04 01:10:33 | WARNING | Imagen inexistente: img/players/115292.webp (se usara default.webp).
2026-10-04 01:10:33 | WARNING | Imagen inexistente: img/players/115303.webp (se usara default.webp).
2026-10-04 01:10:33 | WARNING | Imagen inexistente: img/players/115304.webp (se usara default.webp).
2026-10-04 01:10:33 | WARNING | Imagen inexistente: img/players/115337.webp (se usara default.webp).
2026-10-04 01:10:33 | WARNING | Imagen inexistente: img/players/115339.webp (se usara default.webp).
2026-10-04 01:10:33 | WARNING | Imagen inexistente: img/players/115356.webp (se usara default.webp).
2026-10-04 01:10:33 | WARNING | Imagen inexistente: img/players/115362.webp (se usara default.webp).
2026-10-04 01:10:33 | WARNING | Imagen inexistente: img/players/115373.webp (se usara default.webp).
2026-10-04 01:10:33 | WARNING | Imagen inexistente: img/players/115374.webp (se usara default.webp).
2026-10-04 01:10:33 | WARNING | Imagen inexistente: img/players/115378.webp (se usara default.webp).
2026-10-04 01:10:33 | WARNING | Imagen inexistente: img/players/115386.webp (se usara default.webp).
2026-10-04 01:10:33 | WARNING | Imagen inexistente: img/players/115525.webp (se usara default.webp).
2026-10-04 01:10:33 | WARNING | Imagen inexistente: img/players/115526.webp (se usara default.webp).
2026-10-04 01:10:33 | WARNING | Imagen inexistente: img/players/115527.webp (se usara default.webp).
2026-10-04 01:10:33 | WARNING | Imagen inexistente: img/players/115539.webp (se usara default.webp).
2026-10-04 01:10:33 | WARNING | Imagen inexistente: img/players/115553.webp (se usara default.webp).
2026-10-04 01:10:33 | WARNING | Imagen inexistente: img/players/115558.webp (se usara default.webp).
2026-10-04 01:10:33 | WARNING | Imagen inexistente: img/players/115579.webp (se usara default.webp).
2026-10-04 01:10:33 | WARNING | Imagen inexistente: img/players/115647.webp (se usara default.webp).
2026-10-04 01:10:33 | WARNING | Imagen inexistente: img/players/115648.webp (se usara default.webp).
2026-10-04 01:10:33 | WARNING | Imagen inexistente: img/players/115650.webp (se usara default.webp).
2026-10-04 01:10:33 | WARNING | Imagen inexistente: img/players/115654.webp (se usara default.webp).
2026-10-04 01:10:33 | WARNING | Imagen inexistente: img/players/115779.webp (se usara default.webp).
2026-10-04 01:10:33 | WARNING | Imagen inexistente: img/players/115789.webp (se usara default.webp).
2026-10-04 01:10:33 | WARNING | Imagen inexistente: img/players/115800.webp (se usara default.webp).
2026-10-04 01:10:33 | WARNING | Imagen inexistente: img/players/115830.webp (se usara default.webp).
2026-10-04 01:10:33 | WARNING | Imagen inexistente: img/players/115836.webp (se usara default.webp).
2026-10-04 01:10:33 | WARNING | Imagen inexistente: img/players/115837.webp (se usara default.webp).
2026-10-04 01:10:33 | WARNING | Imagen inexistente: img/players/115838.webp (se usara default.webp).
2026-10-04 01:10:33 | WARNING | Imagen inexistente: img/players/115840.webp (se usara default.webp).
2026-10-04 01:10:33 | WARNING | Imagen inexistente: img/players/115845.webp (se usara default.webp).
2026-10-04 01:10:33 | WARNING | Imagen inexistente: img/players/115851.webp (se usara default.webp).
2026-10-04 01:10:33 | WARNING | Imagen inexistente: img/players/115863.webp (se usara default.webp).
2026-10-04 01:10:33 | WARNING | Imagen inexistente: img/players/115866.webp (se usara default.webp).
2026-10-04 01:10:33 | WARNING | Imagen inexistente: img/players/115867.webp (se usara default.webp).
2026-10-04 01:10:33 | WARNING | Imagen inexistente: img/players/115868.webp (se usara default.webp).
2026-10-04 01:10:33 | WARNING | Imagen inexistente: img/players/115869.webp (se usara default.webp).
2026-10-04 01:10:33 | WARNING | Imagen inexistente: img/players/115870.webp (se usara default.webp).
2026-10-04 01:10:33 | WARNING | Imagen inexistente: img/players/115871.webp (se usara default.webp).
2026-10-04 01:10:33 | WARNING | Imagen inexistente: img/players/115874.webp (se usara default.webp).
2026-10-04 01:10:33 | WARNING | Imagen inexistente: img/players/115875.webp (se usara default.webp).
2026-10-04 01:10:33 | WARNING | Imagen inexistente: img/players/115895.webp (se usara default.webp).
2026-10-04 01:10:33 | WARNING | Imagen inexistente: img/players/115899.webp (se usara default.webp).
2026-10-04 01:10:33 | WARNING | Imagen inexistente: img/players/115900.webp (se usara default.webp).
2026-10-04 01:10:33 | WARNING | Imagen inexistente: img/players/115902.webp (se usara default.webp).
2026-10-04 01:10:33 | WARNING | Imagen inexistente: img/players/115919.webp (se usara default.webp).
2026-10-04 01:10:33 | WARNING | Imagen inexistente: img/players/115920.webp (se usara default.webp).
2026-10-04 01:10:33 | WARNING | Imagen inexistente: img/players/115928.webp (se usara default.webp).
2026-10-04 01:10:33 | WARNING | Imagen inexistente: img/players/115938.webp (se usara default.webp).
2026-10-04 01:10:33 | WARNING | Imagen inexistente: img/players/115939.webp (se usara default.webp).
2026-10-04 01:10:33 | WARNING | Imagen inexistente: img/players/115956.webp (se usara default.webp).
2026-10-04 01:10:33 | WARNING | Imagen inexistente: img/players/115988.webp (se usara default.webp).
2026-10-04 01:10:33 | WARNING | Imagen inexistente: img/players/115992.webp (se usara default.webp).
2026-10-04 01:10:33 | WARNING | Imagen inexistente: img/players/115994.webp (se usara default.webp).
2026-10-04 01:10:33 | WARNING | Imagen inexistente: img/players/116000.webp (se usara default.webp).
2026-10-04 01:10:33 | WARNING | Imagen inexistente: img/players/116001.webp (se usara default.webp).
2026-10-04 01:10:33 | WARNING | Imagen inexistente: img/players/116025.webp (se usara default.webp).
2026-10-04 01:10:33 | WARNING | Imagen inexistente: img/players/116026.webp (se usara default.webp).
2026-10-04 01:10:33 | WARNING | Imagen inexistente: img/players/116029.webp (se usara default.webp).
2026-10-04 01:10:33 | WARNING | Imagen inexistente: img/players/116032.webp (se usara default.webp).
2026-10-04 01:10:33 | WARNING | Imagen inexistente: img/players/116033.webp (se usara default.webp).
2026-10-04 01:10:33 | WARNING | Imagen inexistente: img/players/116035.webp (se usara default.webp).
2026-10-04 01:10:33 | WARNING | Imagen inexistente: img/players/116039.webp (se usara default.webp).
2026-10-04 01:10:33 | WARNING | Imagen inexistente: img/players/116043.webp (se usara default.webp).
2026-10-04 01:10:33 | WARNING | Imagen inexistente: img/players/116048.webp (se usara default.webp).
2026-10-04 01:10:33 | WARNING | Imagen inexistente: img/players/116050.webp (se usara default.webp).
2026-10-04 01:10:33 | WARNING | Imagen inexistente: img/players/116052.webp (se usara default.webp).
2026-10-04 01:10:33 | WARNING | Imagen inexistente: img/players/116054.webp (se usara default.webp).
2026-10-04 01:10:33 | WARNING | Imagen inexistente: img/players/116056.webp (se usara default.webp).
2026-10-04 01:10:33 | WARNING | Imagen inexistente: img/players/116058.webp (se usara default.webp).
2026-10-04 01:10:33 | WARNING | Imagen inexistente: img/players/116059.webp (se usara default.webp).
2026-10-04 01:10:33 | WARNING | Imagen inexistente: img/players/116060.webp (se usara default.webp).
2026-10-04 01:10:33 | WARNING | Imagen inexistente: img/players/116061.webp (se usara default.webp).
2026-10-04 01:10:33 | WARNING | Imagen inexistente: img/players/116064.webp (se usara default.webp).
2026-10-04 01:10:33 | WARNING | Imagen inexistente: img/players/116065.webp (se usara default.webp).
2026-10-04 01:10:33 | WARNING | Imagen inexistente: img/players/116076.webp (se usara default.webp).
2026-10-04 01:10:33 | WARNING | Imagen inexistente: img/players/116090.webp (se usara default.webp).
2026-10-04 01:10:33 | WARNING | Imagen inexistente: img/players/116091.webp (se usara default.webp).
2026-10-04 01:10:33 | WARNING | Imagen inexistente: img/players/116092.webp (se usara default.webp).
2026-10-04 01:10:33 | WARNING | Imagen inexistente: img/players/116100.webp (se usara default.webp).
2026-10-04 01:10:33 | WARNING | Imagen inexistente: img/players/116102.webp (se usara default.webp).
2026-10-04 01:10:33 | WARNING | Imagen inexistente: img/players/116103.webp (se usara default.webp).
2026-10-04 01:10:33 | WARNING | Imagen inexistente: img/players/116104.webp (se usara default.webp).
2026-10-04 01:10:33 | WARNING | Imagen inexistente: img/players/116146.webp (se usara default.webp).
2026-10-04 01:10:33 | WARNING | Imagen inexistente: img/players/116164.webp (se usara default.webp).
2026-10-04 01:10:33 | WARNING | Imagen inexistente: img/players/116167.webp (se usara default.webp).
2026-10-04 01:10:33 | WARNING | Imagen inexistente: img/players/116178.webp (se usara default.webp).
2026-10-04 01:10:33 | WARNING | Imagen inexistente: img/players/116182.webp (se usara default.webp).
2026-10-04 01:10:33 | WARNING | Imagen inexistente: img/players/116186.webp (se usara default.webp).
2026-10-04 01:10:33 | WARNING | Imagen inexistente: img/players/116187.webp (se usara default.webp).
2026-10-04 01:10:33 | WARNING | Imagen inexistente: img/players/116192.webp (se usara default.webp).
2026-10-04 01:10:33 | WARNING | Imagen inexistente: img/players/116204.webp (se usara default.webp).
2026-10-04 01:10:33 | WARNING | Imagen inexistente: img/players/116209.webp (se usara default.webp).
2026-10-04 01:10:33 | WARNING | Imagen inexistente: img/players/116216.webp (se usara default.webp).
2026-10-04 01:10:33 | WARNING | Imagen inexistente: img/players/116227.webp (se usara default.webp).
2026-10-04 01:10:33 | WARNING | Imagen inexistente: img/players/116229.webp (se usara default.webp).
2026-10-04 01:10:33 | WARNING | Imagen inexistente: img/players/116230.webp (se usara default.webp).
2026-10-04 01:10:33 | WARNING | Imagen inexistente: img/players/116236.webp (se usara default.webp).
2026-10-04 01:10:33 | WARNING | Imagen inexistente: img/players/116252.webp (se usara default.webp).
2026-10-04 01:10:33 | WARNING | Imagen inexistente: img/players/116253.webp (se usara default.webp).
2026-10-04 01:10:33 | WARNING | Imagen inexistente: img/players/116255.webp (se usara default.webp).
2026-10-04 01:10:33 | WARNING | Imagen inexistente: img/players/116296.webp (se usara default.webp).
2026-10-04 01:10:33 | WARNING | Imagen inexistente: img/players/116299.webp (se usara default.webp).
2026-10-04 01:10:33 | WARNING | Imagen inexistente: img/players/116304.webp (se usara default.webp).
2026-10-04 01:10:33 | WARNING | Imagen inexistente: img/players/116341.webp (se usara default.webp).
2026-10-04 01:10:33 | WARNING | Imagen inexistente: img/players/116344.webp (se usara default.webp).
2026-10-04 01:10:33 | WARNING | Imagen inexistente: img/players/116346.webp (se usara default.webp).
2026-10-04 01:10:33 | WARNING | Imagen inexistente: img/players/116347.webp (se usara default.webp).
2026-10-04 01:10:33 | WARNING | Imagen inexistente: img/players/116348.webp (se usara default.webp).
2026-10-04 01:10:33 | WARNING | Imagen inexistente: img/players/116349.webp (se usara default.webp).
2026-10-04 01:10:33 | WARNING | Imagen inexistente: img/players/116350.webp (se usara default.webp).
2026-10-04 01:10:33 | WARNING | Imagen inexistente: img/players/116354.webp (se usara default.webp).
2026-10-04 01:10:33 | WARNING | Imagen inexistente: img/players/116356.webp (se usara default.webp).
2026-10-04 01:10:33 | WARNING | Imagen inexistente: img/players/116363.webp (se usara default.webp).
2026-10-04 01:10:33 | WARNING | Imagen inexistente: img/players/116374.webp (se usara default.webp).
2026-10-04 01:10:33 | WARNING | Imagen inexistente: img/players/116375.webp (se usara default.webp).
2026-10-04 01:10:33 | WARNING | Imagen inexistente: img/players/116388.webp (se usara default.webp).
2026-10-04 01:10:33 | WARNING | Imagen inexistente: img/players/116389.webp (se usara default.webp).
2026-10-04 01:10:33 | WARNING | Imagen inexistente: img/players/116393.webp (se usara default.webp).
2026-10-04 01:10:33 | WARNING | Imagen inexistente: img/players/116397.webp (se usara default.webp).
2026-10-04 01:10:33 | WARNING | Imagen inexistente: img/players/116403.webp (se usara default.webp).
2026-10-04 01:10:33 | WARNING | Imagen inexistente: img/players/116407.webp (se usara default.webp).
2026-10-04 01:10:33 | WARNING | Imagen inexistente: img/players/116426.webp (se usara default.webp).
2026-10-04 01:10:33 | WARNING | Imagen inexistente: img/players/116432.webp (se usara default.webp).
2026-10-04 01:10:33 | WARNING | Imagen inexistente: img/players/116435.webp (se usara default.webp).
2026-10-04 01:10:33 | WARNING | Imagen inexistente: img/players/116438.webp (se usara default.webp).
2026-10-04 01:10:33 | WARNING | Imagen inexistente: img/players/116440.webp (se usara default.webp).
2026-10-04 01:10:33 | WARNING | Imagen inexistente: img/players/116443.webp (se usara default.webp).
2026-10-04 01:10:33 | WARNING | Imagen inexistente: img/players/116444.webp (se usara default.webp).
2026-10-04 01:10:33 | WARNING | Imagen inexistente: img/players/116445.webp (se usara default.webp).
2026-10-04 01:10:33 | WARNING | Imagen inexistente: img/players/116453.webp (se usara default.webp).
2026-10-04 01:10:33 | WARNING | Imagen inexistente: img/players/116454.webp (se usara default.webp).
2026-10-04 01:10:33 | WARNING | Imagen inexistente: img/players/116456.webp (se usara default.webp).
2026-10-04 01:10:33 | WARNING | Imagen inexistente: img/players/116457.webp (se usara default.webp).
2026-10-04 01:10:33 | WARNING | Imagen inexistente: img/players/116459.webp (se usara default.webp).
2026-10-04 01:10:33 | WARNING | Imagen inexistente: img/players/116461.webp (se usara default.webp).
2026-10-04 01:10:33 | WARNING | Imagen inexistente: img/players/116464.webp (se usara default.webp).
2026-10-04 01:10:33 | WARNING | Imagen inexistente: img/players/116478.webp (se usara default.webp).
2026-10-04 01:10:33 | WARNING | Imagen inexistente: img/players/116479.webp (se usara default.webp).
2026-10-04 01:10:33 | WARNING | Imagen inexistente: img/players/116480.webp (se usara default.webp).
2026-10-04 01:10:33 | WARNING | Imagen inexistente: img/players/116481.webp (se usara default.webp).
2026-10-04 01:10:33 | WARNING | Imagen inexistente: img/players/116488.webp (se usara default.webp).
2026-10-04 01:10:33 | WARNING | Imagen inexistente: img/players/116491.webp (se usara default.webp).
2026-10-04 01:10:33 | WARNING | Imagen inexistente: img/players/116494.webp (se usara default.webp).
2026-10-04 01:10:33 | WARNING | Imagen inexistente: img/players/116497.webp (se usara default.webp).
2026-10-04 01:10:33 | WARNING | Imagen inexistente: img/players/116503.webp (se usara default.webp).
2026-10-04 01:10:33 | WARNING | Imagen inexistente: img/players/116518.webp (se usara default.webp).
2026-10-04 01:10:33 | WARNING | Imagen inexistente: img/players/116523.webp (se usara default.webp).
2026-10-04 01:10:33 | WARNING | Imagen inexistente: img/players/116539.webp (se usara default.webp).
2026-10-04 01:10:33 | WARNING | Imagen inexistente: img/players/116542.webp (se usara default.webp).
2026-10-04 01:10:33 | WARNING | Imagen inexistente: img/players/116566.webp (se usara default.webp).
2026-10-04 01:10:33 | WARNING | Imagen inexistente: img/players/116567.webp (se usara default.webp).
2026-10-04 01:10:33 | WARNING | Imagen inexistente: img/players/116569.webp (se usara default.webp).
2026-10-04 01:10:33 | WARNING | Imagen inexistente: img/players/116572.webp (se usara default.webp).
2026-10-04 01:10:33 | WARNING | Imagen inexistente: img/players/116573.webp (se usara default.webp).
2026-10-04 01:10:33 | WARNING | Imagen inexistente: img/players/116574.webp (se usara default.webp).
2026-10-04 01:10:33 | WARNING | Imagen inexistente: img/players/116586.webp (se usara default.webp).
2026-10-04 01:10:33 | WARNING | Imagen inexistente: img/players/116587.webp (se usara default.webp).
2026-10-04 01:10:33 | WARNING | Imagen inexistente: img/players/116590.webp (se usara default.webp).
2026-10-04 01:10:33 | WARNING | Imagen inexistente: img/players/116593.webp (se usara default.webp).
2026-10-04 01:10:33 | WARNING | Imagen inexistente: img/players/116596.webp (se usara default.webp).
2026-10-04 01:10:33 | WARNING | Imagen inexistente: img/players/116597.webp (se usara default.webp).
2026-10-04 01:10:33 | WARNING | Imagen inexistente: img/players/116599.webp (se usara default.webp).
2026-10-04 01:10:33 | WARNING | Imagen inexistente: img/players/116600.webp (se usara default.webp).
2026-10-04 01:10:33 | WARNING | Imagen inexistente: img/players/116610.webp (se usara default.webp).
2026-10-04 01:10:33 | WARNING | Imagen inexistente: img/players/116611.webp (se usara default.webp).
2026-10-04 01:10:33 | WARNING | Imagen inexistente: img/players/116614.webp (se usara default.webp).
2026-10-04 01:10:33 | WARNING | Imagen inexistente: img/players/116621.webp (se usara default.webp).
2026-10-04 01:10:33 | WARNING | Imagen inexistente: img/players/116624.webp (se usara default.webp).
2026-10-04 01:10:33 | WARNING | Imagen inexistente: img/players/116626.webp (se usara default.webp).
2026-10-04 01:10:33 | WARNING | Imagen inexistente: img/players/116627.webp (se usara default.webp).
2026-10-04 01:10:33 | WARNING | Imagen inexistente: img/players/116640.webp (se usara default.webp).
2026-10-04 01:10:33 | WARNING | Imagen inexistente: img/players/116644.webp (se usara default.webp).
2026-10-04 01:10:33 | WARNING | Imagen inexistente: img/players/116648.webp (se usara default.webp).
2026-10-04 01:10:33 | WARNING | Imagen inexistente: img/players/116650.webp (se usara default.webp).
2026-10-04 01:10:33 | WARNING | Imagen inexistente: img/players/116657.webp (se usara default.webp).
2026-10-04 01:10:33 | WARNING | Imagen inexistente: img/players/116658.webp (se usara default.webp).
2026-10-04 01:10:33 | WARNING | Imagen inexistente: img/players/116660.webp (se usara default.webp).
2026-10-04 01:10:33 | WARNING | Imagen inexistente: img/players/116662.webp (se usara default.webp).
2026-10-04 01:10:33 | WARNING | Imagen inexistente: img/players/116663.webp (se usara default.webp).
2026-10-04 01:10:33 | WARNING | Imagen inexistente: img/players/116664.webp (se usara default.webp).
2026-10-04 01:10:33 | WARNING | Imagen inexistente: img/players/116665.webp (se usara default.webp).
2026-10-04 01:10:33 | WARNING | Imagen inexistente: img/players/116668.webp (se usara default.webp).
2026-10-04 01:10:33 | WARNING | Imagen inexistente: img/players/116669.webp (se usara default.webp).
2026-10-04 01:10:33 | WARNING | Imagen inexistente: img/players/116670.webp (se usara default.webp).
2026-10-04 01:10:33 | WARNING | Imagen inexistente: img/players/116673.webp (se usara default.webp).
2026-10-04 01:10:33 | WARNING | Imagen inexistente: img/players/116674.webp (se usara default.webp).
2026-10-04 01:10:33 | WARNING | Imagen inexistente: img/players/116675.webp (se usara default.webp).
2026-10-04 01:10:33 | WARNING | Imagen inexistente: img/players/116678.webp (se usara default.webp).
2026-10-04 01:10:33 | WARNING | Imagen inexistente: img/players/116680.webp (se usara default.webp).
2026-10-04 01:10:33 | WARNING | Imagen inexistente: img/players/116681.webp (se usara default.webp).
2026-10-04 01:10:33 | WARNING | Imagen inexistente: img/players/116682.webp (se usara default.webp).
2026-10-04 01:10:33 | WARNING | Imagen inexistente: img/players/116683.webp (se usara default.webp).
2026-10-04 01:10:33 | WARNING | Imagen inexistente: img/players/116684.webp (se usara default.webp).
2026-10-04 01:10:33 | WARNING | Imagen inexistente: img/players/116685.webp (se usara default.webp).
2026-10-04 01:10:33 | WARNING | Imagen inexistente: img/players/116687.webp (se usara default.webp).
2026-10-04 01:10:33 | WARNING | Imagen inexistente: img/players/116699.webp (se usara default.webp).
2026-10-04 01:10:33 | WARNING | Imagen inexistente: img/players/116702.webp (se usara default.webp).
2026-10-04 01:10:33 | WARNING | Imagen inexistente: img/players/116704.webp (se usara default.webp).
2026-10-04 01:10:33 | WARNING | Imagen inexistente: img/players/116712.webp (se usara default.webp).
2026-10-04 01:10:33 | WARNING | Imagen inexistente: img/players/116723.webp (se usara default.webp).
2026-10-04 01:10:33 | WARNING | Imagen inexistente: img/players/116725.webp (se usara default.webp).
2026-10-04 01:10:33 | WARNING | Imagen inexistente: img/players/116732.webp (se usara default.webp).
2026-10-04 01:10:33 | WARNING | Imagen inexistente: img/players/116734.webp (se usara default.webp).
2026-10-04 01:10:33 | WARNING | Imagen inexistente: img/players/116909.webp (se usara default.webp).
2026-10-04 01:10:33 | WARNING | Imagen inexistente: img/players/116936.webp (se usara default.webp).
2026-10-04 01:10:33 | WARNING | Imagen inexistente: img/players/116939.webp (se usara default.webp).
2026-10-04 01:10:33 | WARNING | Imagen inexistente: img/players/116940.webp (se usara default.webp).
2026-10-04 01:10:33 | WARNING | Imagen inexistente: img/players/116941.webp (se usara default.webp).
2026-10-04 01:10:33 | WARNING | Imagen inexistente: img/players/116947.webp (se usara default.webp).
2026-10-04 01:10:33 | WARNING | Imagen inexistente: img/players/116948.webp (se usara default.webp).
2026-10-04 01:10:33 | WARNING | Imagen inexistente: img/players/116949.webp (se usara default.webp).
2026-10-04 01:10:33 | WARNING | Imagen inexistente: img/players/116951.webp (se usara default.webp).
2026-10-04 01:10:33 | WARNING | Imagen inexistente: img/players/116954.webp (se usara default.webp).
2026-10-04 01:10:33 | WARNING | Imagen inexistente: img/players/116965.webp (se usara default.webp).
2026-10-04 01:10:33 | WARNING | Imagen inexistente: img/players/116996.webp (se usara default.webp).
2026-10-04 01:10:33 | WARNING | Imagen inexistente: img/players/117068.webp (se usara default.webp).
2026-10-04 01:10:33 | WARNING | Imagen inexistente: img/players/117073.webp (se usara default.webp).
2026-10-04 01:10:33 | WARNING | Imagen inexistente: img/players/117084.webp (se usara default.webp).
2026-10-04 01:10:33 | WARNING | Imagen inexistente: img/players/117086.webp (se usara default.webp).
2026-10-04 01:10:33 | WARNING | Imagen inexistente: img/players/117115.webp (se usara default.webp).
2026-10-04 01:10:33 | WARNING | Imagen inexistente: img/players/117204.webp (se usara default.webp).
2026-10-04 01:10:33 | WARNING | Imagen inexistente: img/players/117229.webp (se usara default.webp).
2026-10-04 01:10:33 | WARNING | Imagen inexistente: img/players/117237.webp (se usara default.webp).
2026-10-04 01:10:33 | WARNING | Imagen inexistente: img/players/117245.webp (se usara default.webp).
2026-10-04 01:10:33 | WARNING | Imagen inexistente: img/players/117339.webp (se usara default.webp).
2026-10-04 01:10:33 | WARNING | Imagen inexistente: img/players/117341.webp (se usara default.webp).
2026-10-04 01:10:33 | WARNING | Imagen inexistente: img/players/117359.webp (se usara default.webp).
2026-10-04 01:10:33 | WARNING | Imagen inexistente: img/players/117361.webp (se usara default.webp).
2026-10-04 01:10:33 | WARNING | Imagen inexistente: img/players/117368.webp (se usara default.webp).
2026-10-04 01:10:33 | WARNING | Imagen inexistente: img/players/117369.webp (se usara default.webp).
2026-10-04 01:10:33 | WARNING | Imagen inexistente: img/players/117370.webp (se usara default.webp).
2026-10-04 01:10:33 | WARNING | Imagen inexistente: img/players/117376.webp (se usara default.webp).
2026-10-04 01:10:33 | WARNING | Imagen inexistente: img/players/117383.webp (se usara default.webp).
2026-10-04 01:10:33 | WARNING | Imagen inexistente: img/players/117385.webp (se usara default.webp).
2026-10-04 01:10:33 | WARNING | Imagen inexistente: img/players/117387.webp (se usara default.webp).
2026-10-04 01:10:33 | WARNING | Imagen inexistente: img/players/117388.webp (se usara default.webp).
2026-10-04 01:10:33 | WARNING | Imagen inexistente: img/players/117391.webp (se usara default.webp).
2026-10-04 01:10:33 | WARNING | Imagen inexistente: img/players/117394.webp (se usara default.webp).
2026-10-04 01:10:33 | WARNING | Imagen inexistente: img/players/117396.webp (se usara default.webp).
2026-10-04 01:10:33 | WARNING | Imagen inexistente: img/players/117397.webp (se usara default.webp).
2026-10-04 01:10:33 | WARNING | Imagen inexistente: img/players/117398.webp (se usara default.webp).
2026-10-04 01:10:33 | WARNING | Imagen inexistente: img/players/117399.webp (se usara default.webp).
2026-10-04 01:10:33 | WARNING | Imagen inexistente: img/players/117405.webp (se usara default.webp).
2026-10-04 01:10:33 | WARNING | Imagen inexistente: img/players/117411.webp (se usara default.webp).
2026-10-04 01:10:33 | WARNING | Imagen inexistente: img/players/117412.webp (se usara default.webp).
2026-10-04 01:10:33 | WARNING | Imagen inexistente: img/players/117413.webp (se usara default.webp).
2026-10-04 01:10:33 | WARNING | Imagen inexistente: img/players/117415.webp (se usara default.webp).
2026-10-04 01:10:33 | WARNING | Imagen inexistente: img/players/117416.webp (se usara default.webp).
2026-10-04 01:10:33 | WARNING | Imagen inexistente: img/players/117417.webp (se usara default.webp).
2026-10-04 01:10:33 | WARNING | Imagen inexistente: img/players/117418.webp (se usara default.webp).
2026-10-04 01:10:33 | WARNING | Imagen inexistente: img/players/117419.webp (se usara default.webp).
2026-10-04 01:10:33 | WARNING | Imagen inexistente: img/players/117421.webp (se usara default.webp).
2026-10-04 01:10:33 | WARNING | Imagen inexistente: img/players/117422.webp (se usara default.webp).
2026-10-04 01:10:33 | WARNING | Imagen inexistente: img/players/117423.webp (se usara default.webp).
2026-10-04 01:10:33 | WARNING | Imagen inexistente: img/players/117427.webp (se usara default.webp).
2026-10-04 01:10:33 | WARNING | Imagen inexistente: img/players/117428.webp (se usara default.webp).
2026-10-04 01:10:33 | WARNING | Imagen inexistente: img/players/117429.webp (se usara default.webp).
2026-10-04 01:10:33 | WARNING | Imagen inexistente: img/players/117430.webp (se usara default.webp).
2026-10-04 01:10:33 | WARNING | Imagen inexistente: img/players/117431.webp (se usara default.webp).
2026-10-04 01:10:33 | WARNING | Imagen inexistente: img/players/117439.webp (se usara default.webp).
2026-10-04 01:10:33 | WARNING | Imagen inexistente: img/players/117457.webp (se usara default.webp).
2026-10-04 01:10:33 | WARNING | Imagen inexistente: img/players/117458.webp (se usara default.webp).
2026-10-04 01:10:33 | WARNING | Imagen inexistente: img/players/117460.webp (se usara default.webp).
2026-10-04 01:10:33 | WARNING | Imagen inexistente: img/players/117461.webp (se usara default.webp).
2026-10-04 01:10:33 | WARNING | Imagen inexistente: img/players/117462.webp (se usara default.webp).
2026-10-04 01:10:33 | WARNING | Imagen inexistente: img/players/117465.webp (se usara default.webp).
2026-10-04 01:10:33 | WARNING | Imagen inexistente: img/players/117466.webp (se usara default.webp).
2026-10-04 01:10:33 | WARNING | Imagen inexistente: img/players/117470.webp (se usara default.webp).
2026-10-04 01:10:33 | WARNING | Imagen inexistente: img/players/117471.webp (se usara default.webp).
2026-10-04 01:10:33 | WARNING | Imagen inexistente: img/players/117472.webp (se usara default.webp).
2026-10-04 01:10:33 | WARNING | Imagen inexistente: img/players/117473.webp (se usara default.webp).
2026-10-04 01:10:33 | WARNING | Imagen inexistente: img/players/117474.webp (se usara default.webp).
2026-10-04 01:10:33 | WARNING | Imagen inexistente: img/players/117476.webp (se usara default.webp).
2026-10-04 01:10:33 | WARNING | Imagen inexistente: img/players/117478.webp (se usara default.webp).
2026-10-04 01:10:33 | WARNING | Imagen inexistente: img/players/117480.webp (se usara default.webp).
2026-10-04 01:10:33 | WARNING | Imagen inexistente: img/players/117481.webp (se usara default.webp).
2026-10-04 01:10:33 | WARNING | Imagen inexistente: img/players/117482.webp (se usara default.webp).
2026-10-04 01:10:33 | WARNING | Imagen inexistente: img/players/117483.webp (se usara default.webp).
2026-10-04 01:10:33 | WARNING | Imagen inexistente: img/players/117484.webp (se usara default.webp).
2026-10-04 01:10:33 | WARNING | Imagen inexistente: img/players/117487.webp (se usara default.webp).
2026-10-04 01:10:33 | WARNING | Imagen inexistente: img/players/117490.webp (se usara default.webp).
2026-10-04 01:10:33 | WARNING | Imagen inexistente: img/players/117493.webp (se usara default.webp).
2026-10-04 01:10:33 | WARNING | Imagen inexistente: img/players/117512.webp (se usara default.webp).
2026-10-04 01:10:33 | WARNING | Imagen inexistente: img/players/117514.webp (se usara default.webp).
2026-10-04 01:10:33 | WARNING | Imagen inexistente: img/players/117515.webp (se usara default.webp).
2026-10-04 01:10:33 | WARNING | Imagen inexistente: img/players/117522.webp (se usara default.webp).
2026-10-04 01:10:33 | WARNING | Imagen inexistente: img/players/117526.webp (se usara default.webp).
2026-10-04 01:10:33 | WARNING | Imagen inexistente: img/players/117527.webp (se usara default.webp).
2026-10-04 01:10:33 | WARNING | Imagen inexistente: img/players/117535.webp (se usara default.webp).
2026-10-04 01:10:33 | WARNING | Imagen inexistente: img/players/117536.webp (se usara default.webp).
2026-10-04 01:10:33 | WARNING | Imagen inexistente: img/players/117543.webp (se usara default.webp).
2026-10-04 01:10:33 | WARNING | Imagen inexistente: img/players/117544.webp (se usara default.webp).
2026-10-04 01:10:33 | WARNING | Imagen inexistente: img/players/117550.webp (se usara default.webp).
2026-10-04 01:10:33 | WARNING | Imagen inexistente: img/players/117553.webp (se usara default.webp).
2026-10-04 01:10:33 | WARNING | Imagen inexistente: img/players/117554.webp (se usara default.webp).
2026-10-04 01:10:33 | WARNING | Imagen inexistente: img/players/117555.webp (se usara default.webp).
2026-10-04 01:10:33 | WARNING | Imagen inexistente: img/players/117556.webp (se usara default.webp).
2026-10-04 01:10:33 | WARNING | Imagen inexistente: img/players/117564.webp (se usara default.webp).
2026-10-04 01:10:33 | WARNING | Imagen inexistente: img/players/117574.webp (se usara default.webp).
2026-10-04 01:10:33 | WARNING | Imagen inexistente: img/players/117595.webp (se usara default.webp).
2026-10-04 01:10:33 | WARNING | Imagen inexistente: img/players/117602.webp (se usara default.webp).
2026-10-04 01:10:33 | WARNING | Imagen inexistente: img/players/117607.webp (se usara default.webp).
2026-10-04 01:10:33 | WARNING | Imagen inexistente: img/players/117615.webp (se usara default.webp).
2026-10-04 01:10:33 | WARNING | Imagen inexistente: img/players/117622.webp (se usara default.webp).
2026-10-04 01:10:33 | WARNING | Imagen inexistente: img/players/117628.webp (se usara default.webp).
2026-10-04 01:10:33 | WARNING | Imagen inexistente: img/players/117635.webp (se usara default.webp).
2026-10-04 01:10:33 | WARNING | Imagen inexistente: img/players/117640.webp (se usara default.webp).
2026-10-04 01:10:33 | WARNING | Imagen inexistente: img/players/117647.webp (se usara default.webp).
2026-10-04 01:10:33 | WARNING | Imagen inexistente: img/players/117654.webp (se usara default.webp).
2026-10-04 01:10:33 | WARNING | Imagen inexistente: img/players/117655.webp (se usara default.webp).
2026-10-04 01:10:33 | WARNING | Imagen inexistente: img/players/117658.webp (se usara default.webp).
2026-10-04 01:10:33 | WARNING | Imagen inexistente: img/players/117660.webp (se usara default.webp).
2026-10-04 01:10:33 | WARNING | Imagen inexistente: img/players/117663.webp (se usara default.webp).
2026-10-04 01:10:33 | WARNING | Imagen inexistente: img/players/117667.webp (se usara default.webp).
2026-10-04 01:10:33 | WARNING | Imagen inexistente: img/players/117673.webp (se usara default.webp).
2026-10-04 01:10:33 | WARNING | Imagen inexistente: img/players/117693.webp (se usara default.webp).
2026-10-04 01:10:33 | WARNING | Imagen inexistente: img/players/117695.webp (se usara default.webp).
2026-10-04 01:10:33 | WARNING | Imagen inexistente: img/players/117698.webp (se usara default.webp).
2026-10-04 01:10:33 | WARNING | Imagen inexistente: img/players/117701.webp (se usara default.webp).
2026-10-04 01:10:33 | WARNING | Imagen inexistente: img/players/117712.webp (se usara default.webp).
2026-10-04 01:10:33 | WARNING | Imagen inexistente: img/players/117713.webp (se usara default.webp).
2026-10-04 01:10:33 | WARNING | Imagen inexistente: img/players/117719.webp (se usara default.webp).
2026-10-04 01:10:33 | WARNING | Imagen inexistente: img/players/117721.webp (se usara default.webp).
2026-10-04 01:10:33 | WARNING | Imagen inexistente: img/players/117724.webp (se usara default.webp).
2026-10-04 01:10:33 | WARNING | Imagen inexistente: img/players/117739.webp (se usara default.webp).
2026-10-04 01:10:33 | WARNING | Imagen inexistente: img/players/117742.webp (se usara default.webp).
2026-10-04 01:10:33 | WARNING | Imagen inexistente: img/players/117748.webp (se usara default.webp).
2026-10-04 01:10:33 | WARNING | Imagen inexistente: img/players/117749.webp (se usara default.webp).
2026-10-04 01:10:33 | WARNING | Imagen inexistente: img/players/117752.webp (se usara default.webp).
2026-10-04 01:10:33 | WARNING | Imagen inexistente: img/players/117754.webp (se usara default.webp).
2026-10-04 01:10:33 | WARNING | Imagen inexistente: img/players/117755.webp (se usara default.webp).
2026-10-04 01:10:33 | WARNING | Imagen inexistente: img/players/117757.webp (se usara default.webp).
2026-10-04 01:10:33 | WARNING | Imagen inexistente: img/players/117762.webp (se usara default.webp).
2026-10-04 01:10:33 | WARNING | Imagen inexistente: img/players/117764.webp (se usara default.webp).
2026-10-04 01:10:33 | WARNING | Imagen inexistente: img/players/117768.webp (se usara default.webp).
2026-10-04 01:10:33 | WARNING | Imagen inexistente: img/players/117770.webp (se usara default.webp).
2026-10-04 01:10:33 | WARNING | Imagen inexistente: img/players/117772.webp (se usara default.webp).
2026-10-04 01:10:33 | WARNING | Imagen inexistente: img/players/117794.webp (se usara default.webp).
2026-10-04 01:10:33 | WARNING | Imagen inexistente: img/players/117797.webp (se usara default.webp).
2026-10-04 01:10:33 | WARNING | Imagen inexistente: img/players/117800.webp (se usara default.webp).
2026-10-04 01:10:33 | WARNING | Imagen inexistente: img/players/117804.webp (se usara default.webp).
2026-10-04 01:10:33 | WARNING | Imagen inexistente: img/players/117806.webp (se usara default.webp).
2026-10-04 01:10:33 | WARNING | Imagen inexistente: img/players/117807.webp (se usara default.webp).
2026-10-04 01:10:33 | WARNING | Imagen inexistente: img/players/117816.webp (se usara default.webp).
2026-10-04 01:10:33 | WARNING | Imagen inexistente: img/players/117819.webp (se usara default.webp).
2026-10-04 01:10:33 | WARNING | Imagen inexistente: img/players/117822.webp (se usara default.webp).
2026-10-04 01:10:33 | WARNING | Imagen inexistente: img/players/117823.webp (se usara default.webp).
2026-10-04 01:10:33 | WARNING | Imagen inexistente: img/players/117830.webp (se usara default.webp).
2026-10-04 01:10:33 | WARNING | Imagen inexistente: img/players/117832.webp (se usara default.webp).
2026-10-04 01:10:33 | WARNING | Imagen inexistente: img/players/117833.webp (se usara default.webp).
2026-10-04 01:10:33 | WARNING | Imagen inexistente: img/players/117834.webp (se usara default.webp).
2026-10-04 01:10:33 | WARNING | Imagen inexistente: img/players/117837.webp (se usara default.webp).
2026-10-04 01:10:33 | WARNING | Imagen inexistente: img/players/117838.webp (se usara default.webp).
2026-10-04 01:10:33 | WARNING | Imagen inexistente: img/players/117839.webp (se usara default.webp).
2026-10-04 01:10:33 | WARNING | Imagen inexistente: img/players/117841.webp (se usara default.webp).
2026-10-04 01:10:33 | WARNING | Imagen inexistente: img/players/117846.webp (se usara default.webp).
2026-10-04 01:10:33 | WARNING | Imagen inexistente: img/players/117847.webp (se usara default.webp).
2026-10-04 01:10:33 | WARNING | Imagen inexistente: img/players/117855.webp (se usara default.webp).
2026-10-04 01:10:33 | WARNING | Imagen inexistente: img/players/117856.webp (se usara default.webp).
2026-10-04 01:10:33 | WARNING | Imagen inexistente: img/players/117862.webp (se usara default.webp).
2026-10-04 01:10:33 | WARNING | Imagen inexistente: img/players/117863.webp (se usara default.webp).
2026-10-04 01:10:33 | WARNING | Imagen inexistente: img/players/117865.webp (se usara default.webp).
2026-10-04 01:10:33 | WARNING | Imagen inexistente: img/players/117870.webp (se usara default.webp).
2026-10-04 01:10:33 | WARNING | Imagen inexistente: img/players/117875.webp (se usara default.webp).
2026-10-04 01:10:33 | WARNING | Imagen inexistente: img/players/117876.webp (se usara default.webp).
2026-10-04 01:10:33 | WARNING | Imagen inexistente: img/players/117877.webp (se usara default.webp).
2026-10-04 01:10:33 | WARNING | Imagen inexistente: img/players/117885.webp (se usara default.webp).
2026-10-04 01:10:33 | WARNING | Imagen inexistente: img/players/117887.webp (se usara default.webp).
2026-10-04 01:10:33 | WARNING | Imagen inexistente: img/players/117888.webp (se usara default.webp).
2026-10-04 01:10:33 | WARNING | Imagen inexistente: img/players/117891.webp (se usara default.webp).
2026-10-04 01:10:33 | WARNING | Imagen inexistente: img/players/117896.webp (se usara default.webp).
2026-10-04 01:10:33 | WARNING | Imagen inexistente: img/players/117903.webp (se usara default.webp).
2026-10-04 01:10:33 | WARNING | Imagen inexistente: img/players/117904.webp (se usara default.webp).
2026-10-04 01:10:33 | WARNING | Imagen inexistente: img/players/117905.webp (se usara default.webp).
2026-10-04 01:10:33 | WARNING | Imagen inexistente: img/players/117906.webp (se usara default.webp).
2026-10-04 01:10:33 | WARNING | Imagen inexistente: img/players/117909.webp (se usara default.webp).
2026-10-04 01:10:33 | WARNING | Imagen inexistente: img/players/117910.webp (se usara default.webp).
2026-10-04 01:10:33 | WARNING | Imagen inexistente: img/players/117911.webp (se usara default.webp).
2026-10-04 01:10:33 | WARNING | Imagen inexistente: img/players/117913.webp (se usara default.webp).
2026-10-04 01:10:33 | WARNING | Imagen inexistente: img/players/117919.webp (se usara default.webp).
2026-10-04 01:10:33 | WARNING | Imagen inexistente: img/players/117921.webp (se usara default.webp).
2026-10-04 01:10:33 | WARNING | Imagen inexistente: img/players/117922.webp (se usara default.webp).
2026-10-04 01:10:33 | WARNING | Imagen inexistente: img/players/117928.webp (se usara default.webp).
2026-10-04 01:10:33 | WARNING | Imagen inexistente: img/players/117936.webp (se usara default.webp).
2026-10-04 01:10:33 | WARNING | Imagen inexistente: img/players/117937.webp (se usara default.webp).
2026-10-04 01:10:33 | WARNING | Imagen inexistente: img/players/117943.webp (se usara default.webp).
2026-10-04 01:10:33 | WARNING | Imagen inexistente: img/players/117945.webp (se usara default.webp).
2026-10-04 01:10:33 | WARNING | Imagen inexistente: img/players/117949.webp (se usara default.webp).
2026-10-04 01:10:33 | WARNING | Imagen inexistente: img/players/117956.webp (se usara default.webp).
2026-10-04 01:10:33 | WARNING | Imagen inexistente: img/players/117965.webp (se usara default.webp).
2026-10-04 01:10:33 | WARNING | Imagen inexistente: img/players/117970.webp (se usara default.webp).
2026-10-04 01:10:33 | WARNING | Imagen inexistente: img/players/117971.webp (se usara default.webp).
2026-10-04 01:10:33 | WARNING | Imagen inexistente: img/players/117977.webp (se usara default.webp).
2026-10-04 01:10:33 | WARNING | Imagen inexistente: img/players/117982.webp (se usara default.webp).
2026-10-04 01:10:33 | WARNING | Imagen inexistente: img/players/117986.webp (se usara default.webp).
2026-10-04 01:10:33 | WARNING | Imagen inexistente: img/players/117992.webp (se usara default.webp).
2026-10-04 01:10:33 | WARNING | Imagen inexistente: img/players/117996.webp (se usara default.webp).
2026-10-04 01:10:33 | WARNING | Imagen inexistente: img/players/117998.webp (se usara default.webp).
2026-10-04 01:10:33 | WARNING | Imagen inexistente: img/players/118004.webp (se usara default.webp).
2026-10-04 01:10:33 | WARNING | Imagen inexistente: img/players/118005.webp (se usara default.webp).
2026-10-04 01:10:33 | WARNING | Imagen inexistente: img/players/118008.webp (se usara default.webp).
2026-10-04 01:10:33 | WARNING | Imagen inexistente: img/players/118010.webp (se usara default.webp).
2026-10-04 01:10:33 | WARNING | Imagen inexistente: img/players/118012.webp (se usara default.webp).
2026-10-04 01:10:33 | WARNING | Imagen inexistente: img/players/118013.webp (se usara default.webp).
2026-10-04 01:10:33 | WARNING | Imagen inexistente: img/players/118014.webp (se usara default.webp).
2026-10-04 01:10:33 | WARNING | Imagen inexistente: img/players/118018.webp (se usara default.webp).
2026-10-04 01:10:33 | WARNING | Imagen inexistente: img/players/118020.webp (se usara default.webp).
2026-10-04 01:10:33 | WARNING | Imagen inexistente: img/players/118024.webp (se usara default.webp).
2026-10-04 01:10:33 | WARNING | Imagen inexistente: img/players/118028.webp (se usara default.webp).
2026-10-04 01:10:33 | WARNING | Imagen inexistente: img/players/118039.webp (se usara default.webp).
2026-10-04 01:10:33 | WARNING | Imagen inexistente: img/players/118040.webp (se usara default.webp).
2026-10-04 01:10:33 | WARNING | Imagen inexistente: img/players/118045.webp (se usara default.webp).
2026-10-04 01:10:33 | WARNING | Imagen inexistente: img/players/118046.webp (se usara default.webp).
2026-10-04 01:10:33 | WARNING | Imagen inexistente: img/players/118052.webp (se usara default.webp).
2026-10-04 01:10:33 | WARNING | Imagen inexistente: img/players/118055.webp (se usara default.webp).
2026-10-04 01:10:33 | WARNING | Imagen inexistente: img/players/118056.webp (se usara default.webp).
2026-10-04 01:10:33 | WARNING | Imagen inexistente: img/players/118058.webp (se usara default.webp).
2026-10-04 01:10:33 | WARNING | Imagen inexistente: img/players/118061.webp (se usara default.webp).
2026-10-04 01:10:33 | WARNING | Imagen inexistente: img/players/118074.webp (se usara default.webp).
2026-10-04 01:10:33 | WARNING | Imagen inexistente: img/players/118083.webp (se usara default.webp).
2026-10-04 01:10:33 | WARNING | Imagen inexistente: img/players/118090.webp (se usara default.webp).
2026-10-04 01:10:33 | WARNING | Imagen inexistente: img/players/118099.webp (se usara default.webp).
2026-10-04 01:10:33 | WARNING | Imagen inexistente: img/players/118101.webp (se usara default.webp).
2026-10-04 01:10:33 | WARNING | Imagen inexistente: img/players/118106.webp (se usara default.webp).
2026-10-04 01:10:33 | WARNING | Imagen inexistente: img/players/118107.webp (se usara default.webp).
2026-10-04 01:10:33 | WARNING | Imagen inexistente: img/players/118115.webp (se usara default.webp).
2026-10-04 01:10:33 | WARNING | Imagen inexistente: img/players/118116.webp (se usara default.webp).
2026-10-04 01:10:33 | WARNING | Imagen inexistente: img/players/118117.webp (se usara default.webp).
2026-10-04 01:10:33 | WARNING | Imagen inexistente: img/players/118119.webp (se usara default.webp).
2026-10-04 01:10:33 | WARNING | Imagen inexistente: img/players/118130.webp (se usara default.webp).
2026-10-04 01:10:33 | WARNING | Imagen inexistente: img/players/118131.webp (se usara default.webp).
2026-10-04 01:10:33 | WARNING | Imagen inexistente: img/players/118132.webp (se usara default.webp).
2026-10-04 01:10:33 | WARNING | Imagen inexistente: img/players/118134.webp (se usara default.webp).
2026-10-04 01:10:33 | WARNING | Imagen inexistente: img/players/118139.webp (se usara default.webp).
2026-10-04 01:10:33 | WARNING | Imagen inexistente: img/players/118144.webp (se usara default.webp).
2026-10-04 01:10:33 | WARNING | Imagen inexistente: img/players/118152.webp (se usara default.webp).
2026-10-04 01:10:33 | WARNING | Imagen inexistente: img/players/118156.webp (se usara default.webp).
2026-10-04 01:10:33 | WARNING | Imagen inexistente: img/players/118157.webp (se usara default.webp).
2026-10-04 01:10:33 | WARNING | Imagen inexistente: img/players/118166.webp (se usara default.webp).
2026-10-04 01:10:33 | WARNING | Imagen inexistente: img/players/118168.webp (se usara default.webp).
2026-10-04 01:10:33 | WARNING | Imagen inexistente: img/players/118169.webp (se usara default.webp).
2026-10-04 01:10:33 | WARNING | Imagen inexistente: img/players/118170.webp (se usara default.webp).
2026-10-04 01:10:33 | WARNING | Imagen inexistente: img/players/118172.webp (se usara default.webp).
2026-10-04 01:10:33 | WARNING | Imagen inexistente: img/players/118177.webp (se usara default.webp).
2026-10-04 01:10:33 | WARNING | Imagen inexistente: img/players/118184.webp (se usara default.webp).
2026-10-04 01:10:33 | WARNING | Imagen inexistente: img/players/118189.webp (se usara default.webp).
2026-10-04 01:10:33 | WARNING | Imagen inexistente: img/players/118197.webp (se usara default.webp).
2026-10-04 01:10:33 | WARNING | Imagen inexistente: img/players/118198.webp (se usara default.webp).
2026-10-04 01:10:33 | WARNING | Imagen inexistente: img/players/118204.webp (se usara default.webp).
2026-10-04 01:10:33 | WARNING | Imagen inexistente: img/players/118206.webp (se usara default.webp).
2026-10-04 01:10:33 | WARNING | Imagen inexistente: img/players/118210.webp (se usara default.webp).
2026-10-04 01:10:33 | WARNING | Imagen inexistente: img/players/118212.webp (se usara default.webp).
2026-10-04 01:10:33 | WARNING | Imagen inexistente: img/players/118214.webp (se usara default.webp).
2026-10-04 01:10:33 | WARNING | Imagen inexistente: img/players/118216.webp (se usara default.webp).
2026-10-04 01:10:33 | WARNING | Imagen inexistente: img/players/118219.webp (se usara default.webp).
2026-10-04 01:10:33 | WARNING | Imagen inexistente: img/players/118229.webp (se usara default.webp).
2026-10-04 01:10:33 | WARNING | Imagen inexistente: img/players/118234.webp (se usara default.webp).
2026-10-04 01:10:33 | WARNING | Imagen inexistente: img/players/118239.webp (se usara default.webp).
2026-10-04 01:10:33 | WARNING | Imagen inexistente: img/players/118241.webp (se usara default.webp).
2026-10-04 01:10:33 | WARNING | Imagen inexistente: img/players/118242.webp (se usara default.webp).
2026-10-04 01:10:33 | WARNING | Imagen inexistente: img/players/118249.webp (se usara default.webp).
2026-10-04 01:10:33 | WARNING | Imagen inexistente: img/players/118251.webp (se usara default.webp).
2026-10-04 01:10:33 | WARNING | Imagen inexistente: img/players/118252.webp (se usara default.webp).
2026-10-04 01:10:33 | WARNING | Imagen inexistente: img/players/118255.webp (se usara default.webp).
2026-10-04 01:10:33 | WARNING | Imagen inexistente: img/players/118268.webp (se usara default.webp).
2026-10-04 01:10:33 | WARNING | Imagen inexistente: img/players/118270.webp (se usara default.webp).
2026-10-04 01:10:33 | WARNING | Imagen inexistente: img/players/118280.webp (se usara default.webp).
2026-10-04 01:10:33 | WARNING | Imagen inexistente: img/players/118288.webp (se usara default.webp).
2026-10-04 01:10:33 | WARNING | Imagen inexistente: img/players/118296.webp (se usara default.webp).
2026-10-04 01:10:33 | WARNING | Imagen inexistente: img/players/118297.webp (se usara default.webp).
2026-10-04 01:10:33 | WARNING | Imagen inexistente: img/players/118298.webp (se usara default.webp).
2026-10-04 01:10:33 | WARNING | Imagen inexistente: img/players/118299.webp (se usara default.webp).
2026-10-04 01:10:33 | WARNING | Imagen inexistente: img/players/118301.webp (se usara default.webp).
2026-10-04 01:10:33 | WARNING | Imagen inexistente: img/players/118304.webp (se usara default.webp).
2026-10-04 01:10:33 | WARNING | Imagen inexistente: img/players/118307.webp (se usara default.webp).
2026-10-04 01:10:33 | WARNING | Imagen inexistente: img/players/118310.webp (se usara default.webp).
2026-10-04 01:10:33 | WARNING | Imagen inexistente: img/players/118312.webp (se usara default.webp).
2026-10-04 01:10:33 | WARNING | Imagen inexistente: img/players/118314.webp (se usara default.webp).
2026-10-04 01:10:33 | WARNING | Imagen inexistente: img/players/118319.webp (se usara default.webp).
2026-10-04 01:10:33 | WARNING | Imagen inexistente: img/players/118341.webp (se usara default.webp).
2026-10-04 01:10:33 | WARNING | Imagen inexistente: img/players/118346.webp (se usara default.webp).
2026-10-04 01:10:33 | WARNING | Imagen inexistente: img/players/118362.webp (se usara default.webp).
2026-10-04 01:10:33 | WARNING | Imagen inexistente: img/players/118366.webp (se usara default.webp).
2026-10-04 01:10:33 | WARNING | Imagen inexistente: img/players/118367.webp (se usara default.webp).
2026-10-04 01:10:33 | WARNING | Imagen inexistente: img/players/118375.webp (se usara default.webp).
2026-10-04 01:10:33 | WARNING | Imagen inexistente: img/players/118378.webp (se usara default.webp).
2026-10-04 01:10:33 | WARNING | Imagen inexistente: img/players/118382.webp (se usara default.webp).
2026-10-04 01:10:33 | WARNING | Imagen inexistente: img/players/118387.webp (se usara default.webp).
2026-10-04 01:10:33 | WARNING | Imagen inexistente: img/players/118389.webp (se usara default.webp).
2026-10-04 01:10:33 | WARNING | Imagen inexistente: img/players/118398.webp (se usara default.webp).
2026-10-04 01:10:33 | WARNING | Imagen inexistente: img/players/118406.webp (se usara default.webp).
2026-10-04 01:10:33 | WARNING | Imagen inexistente: img/players/118411.webp (se usara default.webp).
2026-10-04 01:10:33 | WARNING | Imagen inexistente: img/players/118412.webp (se usara default.webp).
2026-10-04 01:10:33 | WARNING | Imagen inexistente: img/players/118415.webp (se usara default.webp).
2026-10-04 01:10:33 | WARNING | Imagen inexistente: img/players/118419.webp (se usara default.webp).
2026-10-04 01:10:33 | WARNING | Imagen inexistente: img/players/118423.webp (se usara default.webp).
2026-10-04 01:10:33 | WARNING | Imagen inexistente: img/players/118424.webp (se usara default.webp).
2026-10-04 01:10:33 | WARNING | Imagen inexistente: img/players/118431.webp (se usara default.webp).
2026-10-04 01:10:33 | WARNING | Imagen inexistente: img/players/118432.webp (se usara default.webp).
2026-10-04 01:10:33 | WARNING | Imagen inexistente: img/players/118435.webp (se usara default.webp).
2026-10-04 01:10:33 | WARNING | Imagen inexistente: img/players/118439.webp (se usara default.webp).
2026-10-04 01:10:33 | WARNING | Imagen inexistente: img/players/118440.webp (se usara default.webp).
2026-10-04 01:10:33 | WARNING | Imagen inexistente: img/players/118450.webp (se usara default.webp).
2026-10-04 01:10:33 | WARNING | Imagen inexistente: img/players/118453.webp (se usara default.webp).
2026-10-04 01:10:33 | WARNING | Imagen inexistente: img/players/118455.webp (se usara default.webp).
2026-10-04 01:10:33 | WARNING | Imagen inexistente: img/players/118456.webp (se usara default.webp).
2026-10-04 01:10:33 | WARNING | Imagen inexistente: img/players/118457.webp (se usara default.webp).
2026-10-04 01:10:33 | WARNING | Imagen inexistente: img/players/118458.webp (se usara default.webp).
2026-10-04 01:10:33 | WARNING | Imagen inexistente: img/players/118474.webp (se usara default.webp).
2026-10-04 01:10:33 | WARNING | Imagen inexistente: img/players/118476.webp (se usara default.webp).
2026-10-04 01:10:33 | WARNING | Imagen inexistente: img/players/118483.webp (se usara default.webp).
2026-10-04 01:10:33 | WARNING | Imagen inexistente: img/players/118484.webp (se usara default.webp).
2026-10-04 01:10:33 | WARNING | Imagen inexistente: img/players/118489.webp (se usara default.webp).
2026-10-04 01:10:33 | WARNING | Imagen inexistente: img/players/118490.webp (se usara default.webp).
2026-10-04 01:10:33 | WARNING | Imagen inexistente: img/players/118492.webp (se usara default.webp).
2026-10-04 01:10:33 | WARNING | Imagen inexistente: img/players/118493.webp (se usara default.webp).
2026-10-04 01:10:33 | WARNING | Imagen inexistente: img/players/118504.webp (se usara default.webp).
2026-10-04 01:10:33 | WARNING | Imagen inexistente: img/players/118521.webp (se usara default.webp).
2026-10-04 01:10:33 | WARNING | Imagen inexistente: img/players/118526.webp (se usara default.webp).
2026-10-04 01:10:33 | WARNING | Imagen inexistente: img/players/118530.webp (se usara default.webp).
2026-10-04 01:10:33 | WARNING | Imagen inexistente: img/players/118537.webp (se usara default.webp).
2026-10-04 01:10:33 | WARNING | Imagen inexistente: img/players/118538.webp (se usara default.webp).
2026-10-04 01:10:33 | WARNING | Imagen inexistente: img/players/118547.webp (se usara default.webp).
2026-10-04 01:10:33 | WARNING | Imagen inexistente: img/players/118557.webp (se usara default.webp).
2026-10-04 01:10:33 | WARNING | Imagen inexistente: img/players/118561.webp (se usara default.webp).
2026-10-04 01:10:33 | WARNING | Imagen inexistente: img/players/118565.webp (se usara default.webp).
2026-10-04 01:10:33 | WARNING | Imagen inexistente: img/players/118568.webp (se usara default.webp).
2026-10-04 01:10:33 | WARNING | Imagen inexistente: img/players/118574.webp (se usara default.webp).
2026-10-04 01:10:33 | WARNING | Imagen inexistente: img/players/118579.webp (se usara default.webp).
2026-10-04 01:10:33 | WARNING | Imagen inexistente: img/players/118580.webp (se usara default.webp).
2026-10-04 01:10:33 | WARNING | Imagen inexistente: img/players/118589.webp (se usara default.webp).
2026-10-04 01:10:33 | WARNING | Imagen inexistente: img/players/118602.webp (se usara default.webp).
2026-10-04 01:10:33 | WARNING | Imagen inexistente: img/players/118603.webp (se usara default.webp).
2026-10-04 01:10:33 | WARNING | Imagen inexistente: img/players/118604.webp (se usara default.webp).
2026-10-04 01:10:33 | WARNING | Imagen inexistente: img/players/118613.webp (se usara default.webp).
2026-10-04 01:10:33 | WARNING | Imagen inexistente: img/players/118614.webp (se usara default.webp).
2026-10-04 01:10:33 | WARNING | Imagen inexistente: img/players/118615.webp (se usara default.webp).
2026-10-04 01:10:33 | WARNING | Imagen inexistente: img/players/118621.webp (se usara default.webp).
2026-10-04 01:10:33 | WARNING | Imagen inexistente: img/players/118622.webp (se usara default.webp).
2026-10-04 01:10:33 | WARNING | Imagen inexistente: img/players/118623.webp (se usara default.webp).
2026-10-04 01:10:33 | WARNING | Imagen inexistente: img/players/118624.webp (se usara default.webp).
2026-10-04 01:10:33 | WARNING | Imagen inexistente: img/players/118625.webp (se usara default.webp).
2026-10-04 01:10:33 | WARNING | Imagen inexistente: img/players/118628.webp (se usara default.webp).
2026-10-04 01:10:33 | WARNING | Imagen inexistente: img/players/118631.webp (se usara default.webp).
2026-10-04 01:10:33 | WARNING | Imagen inexistente: img/players/118637.webp (se usara default.webp).
2026-10-04 01:10:33 | WARNING | Imagen inexistente: img/players/118642.webp (se usara default.webp).
2026-10-04 01:10:33 | WARNING | Imagen inexistente: img/players/118647.webp (se usara default.webp).
2026-10-04 01:10:33 | WARNING | Imagen inexistente: img/players/118658.webp (se usara default.webp).
2026-10-04 01:10:33 | WARNING | Imagen inexistente: img/players/118660.webp (se usara default.webp).
2026-10-04 01:10:33 | WARNING | Imagen inexistente: img/players/118667.webp (se usara default.webp).
2026-10-04 01:10:33 | WARNING | Imagen inexistente: img/players/118682.webp (se usara default.webp).
2026-10-04 01:10:33 | WARNING | Imagen inexistente: img/players/118689.webp (se usara default.webp).
2026-10-04 01:10:33 | WARNING | Imagen inexistente: img/players/118692.webp (se usara default.webp).
2026-10-04 01:10:33 | WARNING | Imagen inexistente: img/players/118695.webp (se usara default.webp).
2026-10-04 01:10:33 | WARNING | Imagen inexistente: img/players/118696.webp (se usara default.webp).
2026-10-04 01:10:33 | WARNING | Imagen inexistente: img/players/118700.webp (se usara default.webp).
2026-10-04 01:10:33 | WARNING | Imagen inexistente: img/players/118704.webp (se usara default.webp).
2026-10-04 01:10:33 | WARNING | Imagen inexistente: img/players/118705.webp (se usara default.webp).
2026-10-04 01:10:33 | WARNING | Imagen inexistente: img/players/118706.webp (se usara default.webp).
2026-10-04 01:10:33 | WARNING | Imagen inexistente: img/players/118710.webp (se usara default.webp).
2026-10-04 01:10:33 | WARNING | Imagen inexistente: img/players/118722.webp (se usara default.webp).
2026-10-04 01:10:33 | WARNING | Imagen inexistente: img/players/118725.webp (se usara default.webp).
2026-10-04 01:10:33 | WARNING | Imagen inexistente: img/players/118729.webp (se usara default.webp).
2026-10-04 01:10:33 | WARNING | Imagen inexistente: img/players/118731.webp (se usara default.webp).
2026-10-04 01:10:33 | WARNING | Imagen inexistente: img/players/118838.webp (se usara default.webp).
2026-10-04 01:10:33 | WARNING | Imagen inexistente: img/players/118842.webp (se usara default.webp).
2026-10-04 01:10:33 | WARNING | Imagen inexistente: img/players/118843.webp (se usara default.webp).
2026-10-04 01:10:33 | WARNING | Imagen inexistente: img/players/118928.webp (se usara default.webp).
2026-10-04 01:10:33 | WARNING | Imagen inexistente: img/players/118937.webp (se usara default.webp).
2026-10-04 01:10:33 | WARNING | Imagen inexistente: img/players/118938.webp (se usara default.webp).
2026-10-04 01:10:33 | WARNING | Imagen inexistente: img/players/118971.webp (se usara default.webp).
2026-10-04 01:10:33 | WARNING | Imagen inexistente: img/players/118972.webp (se usara default.webp).
2026-10-04 01:10:33 | WARNING | Imagen inexistente: img/players/118975.webp (se usara default.webp).
2026-10-04 01:10:33 | WARNING | Imagen inexistente: img/players/118990.webp (se usara default.webp).
2026-10-04 01:10:33 | WARNING | Imagen inexistente: img/players/118991.webp (se usara default.webp).
2026-10-04 01:10:33 | WARNING | Imagen inexistente: img/players/119105.webp (se usara default.webp).
2026-10-04 01:10:33 | WARNING | Imagen inexistente: img/players/119115.webp (se usara default.webp).
2026-10-04 01:10:33 | WARNING | Imagen inexistente: img/players/119119.webp (se usara default.webp).
2026-10-04 01:10:33 | WARNING | Imagen inexistente: img/players/119121.webp (se usara default.webp).
2026-10-04 01:10:33 | WARNING | Imagen inexistente: img/players/119123.webp (se usara default.webp).
2026-10-04 01:10:33 | WARNING | Imagen inexistente: img/players/119132.webp (se usara default.webp).
2026-10-04 01:10:33 | WARNING | Imagen inexistente: img/players/119136.webp (se usara default.webp).
2026-10-04 01:10:33 | WARNING | Imagen inexistente: img/players/119139.webp (se usara default.webp).
2026-10-04 01:10:33 | WARNING | Imagen inexistente: img/players/119145.webp (se usara default.webp).
2026-10-04 01:10:33 | WARNING | Imagen inexistente: img/players/119150.webp (se usara default.webp).
2026-10-04 01:10:33 | WARNING | Imagen inexistente: img/players/119440.webp (se usara default.webp).
2026-10-04 01:10:33 | WARNING | Imagen inexistente: img/players/119777.webp (se usara default.webp).
2026-10-04 01:10:33 | WARNING | Imagen inexistente: img/players/119798.webp (se usara default.webp).
2026-10-04 01:10:33 | WARNING | Imagen inexistente: img/players/119802.webp (se usara default.webp).
2026-10-04 01:10:33 | WARNING | Imagen inexistente: img/players/119805.webp (se usara default.webp).
2026-10-04 01:10:33 | WARNING | Imagen inexistente: img/players/119808.webp (se usara default.webp).
2026-10-04 01:10:33 | WARNING | Imagen inexistente: img/players/119823.webp (se usara default.webp).
2026-10-04 01:10:33 | WARNING | Imagen inexistente: img/players/119825.webp (se usara default.webp).
2026-10-04 01:10:33 | WARNING | Imagen inexistente: img/players/119829.webp (se usara default.webp).
2026-10-04 01:10:33 | WARNING | Imagen inexistente: img/players/119832.webp (se usara default.webp).
2026-10-04 01:10:33 | WARNING | Imagen inexistente: img/players/119836.webp (se usara default.webp).
2026-10-04 01:10:33 | WARNING | Imagen inexistente: img/players/119838.webp (se usara default.webp).
2026-10-04 01:10:33 | WARNING | Imagen inexistente: img/players/119843.webp (se usara default.webp).
2026-10-04 01:10:33 | WARNING | Imagen inexistente: img/players/119845.webp (se usara default.webp).
2026-10-04 01:10:33 | WARNING | Imagen inexistente: img/players/119874.webp (se usara default.webp).
2026-10-04 01:10:33 | WARNING | Imagen inexistente: img/players/119880.webp (se usara default.webp).
2026-10-04 01:10:33 | WARNING | Imagen inexistente: img/players/119881.webp (se usara default.webp).
2026-10-04 01:10:33 | WARNING | Imagen inexistente: img/players/119888.webp (se usara default.webp).
2026-10-04 01:10:33 | WARNING | Imagen inexistente: img/players/119891.webp (se usara default.webp).
2026-10-04 01:10:33 | WARNING | Imagen inexistente: img/players/120292.webp (se usara default.webp).
2026-10-04 01:10:33 | WARNING | Imagen inexistente: img/players/120296.webp (se usara default.webp).
2026-10-04 01:10:33 | WARNING | Imagen inexistente: img/players/120303.webp (se usara default.webp).
2026-10-04 01:10:33 | WARNING | Imagen inexistente: img/players/120307.webp (se usara default.webp).
2026-10-04 01:10:33 | WARNING | Imagen inexistente: img/players/120312.webp (se usara default.webp).
2026-10-04 01:10:33 | WARNING | Imagen inexistente: img/players/120313.webp (se usara default.webp).
2026-10-04 01:10:33 | WARNING | Imagen inexistente: img/players/120331.webp (se usara default.webp).
2026-10-04 01:10:33 | WARNING | Imagen inexistente: img/players/120337.webp (se usara default.webp).
2026-10-04 01:10:33 | WARNING | Imagen inexistente: img/players/120341.webp (se usara default.webp).
2026-10-04 01:10:33 | WARNING | Imagen inexistente: img/players/120347.webp (se usara default.webp).
2026-10-04 01:10:33 | WARNING | Imagen inexistente: img/players/120348.webp (se usara default.webp).
2026-10-04 01:10:33 | WARNING | Imagen inexistente: img/players/120349.webp (se usara default.webp).
2026-10-04 01:10:33 | WARNING | Imagen inexistente: img/players/120358.webp (se usara default.webp).
2026-10-04 01:10:33 | WARNING | Imagen inexistente: img/players/120362.webp (se usara default.webp).
2026-10-04 01:10:33 | WARNING | Imagen inexistente: img/players/120367.webp (se usara default.webp).
2026-10-04 01:10:33 | WARNING | Imagen inexistente: img/players/120382.webp (se usara default.webp).
2026-10-04 01:10:33 | WARNING | Imagen inexistente: img/players/120384.webp (se usara default.webp).
2026-10-04 01:10:33 | WARNING | Imagen inexistente: img/players/120385.webp (se usara default.webp).
2026-10-04 01:10:33 | WARNING | Imagen inexistente: img/players/120700.webp (se usara default.webp).
2026-10-04 01:10:33 | WARNING | Imagen inexistente: img/players/120810.webp (se usara default.webp).
2026-10-04 01:10:33 | WARNING | Imagen inexistente: img/players/121196.webp (se usara default.webp).
2026-10-04 01:10:33 | WARNING | Imagen inexistente: img/players/121199.webp (se usara default.webp).
2026-10-04 01:10:33 | WARNING | Imagen inexistente: img/players/121206.webp (se usara default.webp).
2026-10-04 01:10:33 | WARNING | Imagen inexistente: img/players/121207.webp (se usara default.webp).
2026-10-04 01:10:33 | WARNING | Imagen inexistente: img/players/121208.webp (se usara default.webp).
2026-10-04 01:10:33 | WARNING | Imagen inexistente: img/players/121218.webp (se usara default.webp).
2026-10-04 01:10:33 | WARNING | Imagen inexistente: img/players/121219.webp (se usara default.webp).
2026-10-04 01:10:33 | WARNING | Imagen inexistente: img/players/121220.webp (se usara default.webp).
2026-10-04 01:10:33 | WARNING | Imagen inexistente: img/players/121228.webp (se usara default.webp).
2026-10-04 01:10:33 | WARNING | Imagen inexistente: img/players/121234.webp (se usara default.webp).
2026-10-04 01:10:33 | WARNING | Imagen inexistente: img/players/121236.webp (se usara default.webp).
2026-10-04 01:10:33 | WARNING | Imagen inexistente: img/players/121241.webp (se usara default.webp).
2026-10-04 01:10:33 | WARNING | Imagen inexistente: img/players/121242.webp (se usara default.webp).
2026-10-04 01:10:33 | WARNING | Imagen inexistente: img/players/121243.webp (se usara default.webp).
2026-10-04 01:10:33 | WARNING | Imagen inexistente: img/players/121253.webp (se usara default.webp).
2026-10-04 01:10:33 | WARNING | Imagen inexistente: img/players/121282.webp (se usara default.webp).
2026-10-04 01:10:33 | WARNING | Imagen inexistente: img/players/121297.webp (se usara default.webp).
2026-10-04 01:10:33 | WARNING | Imagen inexistente: img/players/121298.webp (se usara default.webp).
2026-10-04 01:10:33 | WARNING | Imagen inexistente: img/players/121300.webp (se usara default.webp).
2026-10-04 01:10:33 | WARNING | Imagen inexistente: img/players/121301.webp (se usara default.webp).
2026-10-04 01:10:33 | WARNING | Imagen inexistente: img/players/121315.webp (se usara default.webp).
2026-10-04 01:10:33 | WARNING | Imagen inexistente: img/players/121317.webp (se usara default.webp).
2026-10-04 01:10:33 | WARNING | Imagen inexistente: img/players/121319.webp (se usara default.webp).
2026-10-04 01:10:33 | WARNING | Imagen inexistente: img/players/121320.webp (se usara default.webp).
2026-10-04 01:10:33 | WARNING | Imagen inexistente: img/players/121325.webp (se usara default.webp).
2026-10-04 01:10:33 | WARNING | Imagen inexistente: img/players/121328.webp (se usara default.webp).
2026-10-04 01:10:33 | WARNING | Imagen inexistente: img/players/121330.webp (se usara default.webp).
2026-10-04 01:10:33 | WARNING | Imagen inexistente: img/players/121335.webp (se usara default.webp).
2026-10-04 01:10:33 | WARNING | Imagen inexistente: img/players/121336.webp (se usara default.webp).
2026-10-04 01:10:33 | WARNING | Imagen inexistente: img/players/121337.webp (se usara default.webp).
2026-10-04 01:10:33 | WARNING | Imagen inexistente: img/players/121338.webp (se usara default.webp).
2026-10-04 01:10:33 | WARNING | Imagen inexistente: img/players/121342.webp (se usara default.webp).
2026-10-04 01:10:33 | WARNING | Imagen inexistente: img/players/121343.webp (se usara default.webp).
2026-10-04 01:10:33 | WARNING | Imagen inexistente: img/players/121352.webp (se usara default.webp).
2026-10-04 01:10:33 | WARNING | Imagen inexistente: img/players/121353.webp (se usara default.webp).
2026-10-04 01:10:33 | WARNING | Imagen inexistente: img/players/121355.webp (se usara default.webp).
2026-10-04 01:10:33 | WARNING | Imagen inexistente: img/players/121360.webp (se usara default.webp).
2026-10-04 01:10:33 | WARNING | Imagen inexistente: img/players/121362.webp (se usara default.webp).
2026-10-04 01:10:33 | WARNING | Imagen inexistente: img/players/121368.webp (se usara default.webp).
2026-10-04 01:10:33 | WARNING | Imagen inexistente: img/players/121372.webp (se usara default.webp).
2026-10-04 01:10:33 | WARNING | Imagen inexistente: img/players/121377.webp (se usara default.webp).
2026-10-04 01:10:33 | WARNING | Imagen inexistente: img/players/121378.webp (se usara default.webp).
2026-10-04 01:10:33 | WARNING | Imagen inexistente: img/players/121379.webp (se usara default.webp).
2026-10-04 01:10:33 | WARNING | Imagen inexistente: img/players/121380.webp (se usara default.webp).
2026-10-04 01:10:33 | WARNING | Imagen inexistente: img/players/121383.webp (se usara default.webp).
2026-10-04 01:10:33 | WARNING | Imagen inexistente: img/players/121385.webp (se usara default.webp).
2026-10-04 01:10:33 | WARNING | Imagen inexistente: img/players/121386.webp (se usara default.webp).
2026-10-04 01:10:33 | WARNING | Imagen inexistente: img/players/121388.webp (se usara default.webp).
2026-10-04 01:10:33 | WARNING | Imagen inexistente: img/players/121392.webp (se usara default.webp).
2026-10-04 01:10:33 | WARNING | Imagen inexistente: img/players/121393.webp (se usara default.webp).
2026-10-04 01:10:33 | WARNING | Imagen inexistente: img/players/121399.webp (se usara default.webp).
2026-10-04 01:10:33 | WARNING | Imagen inexistente: img/players/121400.webp (se usara default.webp).
2026-10-04 01:10:33 | WARNING | Imagen inexistente: img/players/121943.webp (se usara default.webp).
2026-10-04 01:10:33 | WARNING | Imagen inexistente: img/players/121947.webp (se usara default.webp).
2026-10-04 01:10:33 | WARNING | Imagen inexistente: img/players/121950.webp (se usara default.webp).
2026-10-04 01:10:33 | WARNING | Imagen inexistente: img/players/121952.webp (se usara default.webp).
2026-10-04 01:10:33 | WARNING | Imagen inexistente: img/players/121954.webp (se usara default.webp).
2026-10-04 01:10:33 | WARNING | Imagen inexistente: img/players/121966.webp (se usara default.webp).
2026-10-04 01:10:33 | WARNING | Imagen inexistente: img/players/121967.webp (se usara default.webp).
2026-10-04 01:10:33 | WARNING | Imagen inexistente: img/players/121973.webp (se usara default.webp).
2026-10-04 01:10:33 | WARNING | Imagen inexistente: img/players/121977.webp (se usara default.webp).
2026-10-04 01:10:33 | WARNING | Imagen inexistente: img/players/121984.webp (se usara default.webp).
2026-10-04 01:10:33 | WARNING | Imagen inexistente: img/players/121985.webp (se usara default.webp).
2026-10-04 01:10:33 | WARNING | Imagen inexistente: img/players/121987.webp (se usara default.webp).
2026-10-04 01:10:33 | WARNING | Imagen inexistente: img/players/121991.webp (se usara default.webp).
2026-10-04 01:10:33 | WARNING | Imagen inexistente: img/players/121999.webp (se usara default.webp).
2026-10-04 01:10:33 | WARNING | Imagen inexistente: img/players/122000.webp (se usara default.webp).
2026-10-04 01:10:33 | WARNING | Imagen inexistente: img/players/122014.webp (se usara default.webp).
2026-10-04 01:10:33 | WARNING | Imagen inexistente: img/players/122928.webp (se usara default.webp).
2026-10-04 01:10:33 | WARNING | Imagen inexistente: img/players/122929.webp (se usara default.webp).
2026-10-04 01:10:33 | WARNING | Imagen inexistente: img/players/123728.webp (se usara default.webp).
2026-10-04 01:10:33 | WARNING | Imagen inexistente: img/players/124850.webp (se usara default.webp).
2026-10-04 01:10:33 | WARNING | Imagen inexistente: img/players/266945.webp (se usara default.webp).
2026-10-04 01:10:33 | WARNING | Imagen inexistente: img/players/267874.webp (se usara default.webp).
2026-10-04 01:10:33 | WARNING | Imagen inexistente: img/players/267922.webp (se usara default.webp).
2026-10-04 01:10:33 | WARNING | Imagen inexistente: img/players/269276.webp (se usara default.webp).
2026-10-04 01:10:33 | WARNING | Imagen inexistente: img/players/270033.webp (se usara default.webp).
2026-10-04 01:10:33 | WARNING | Imagen inexistente: img/players/270987.webp (se usara default.webp).
2026-10-04 01:10:33 | WARNING | Imagen inexistente: img/players/272448.webp (se usara default.webp).
2026-10-04 01:10:33 | WARNING | Imagen inexistente: img/players/272557.webp (se usara default.webp).
2026-10-04 01:10:33 | WARNING | Imagen inexistente: img/players/272729.webp (se usara default.webp).
2026-10-04 01:10:33 | WARNING | Imagen inexistente: img/players/278315.webp (se usara default.webp).
2026-10-04 01:10:33 | WARNING | Imagen inexistente: img/players/278323.webp (se usara default.webp).
2026-10-04 01:10:33 | WARNING | Imagen inexistente: img/players/278325.webp (se usara default.webp).
2026-10-04 01:10:33 | WARNING | Imagen inexistente: img/players/278328.webp (se usara default.webp).
2026-10-04 01:10:33 | WARNING | Imagen inexistente: img/players/278329.webp (se usara default.webp).
2026-10-04 01:10:33 | WARNING | Imagen inexistente: img/players/292343.webp (se usara default.webp).
2026-10-04 01:10:33 | WARNING | Imagen inexistente: img/players/292612.webp (se usara default.webp).
2026-10-04 01:10:33 | WARNING | Imagen inexistente: img/players/292704.webp (se usara default.webp).
2026-10-04 01:10:33 | WARNING | Imagen inexistente: img/players/292769.webp (se usara default.webp).
2026-10-04 01:10:33 | WARNING | Imagen inexistente: img/players/293650.webp (se usara default.webp).
2026-10-04 01:10:33 | WARNING | Imagen inexistente: img/players/294043.webp (se usara default.webp).
2026-10-04 01:10:33 | WARNING | Imagen inexistente: img/players/294424.webp (se usara default.webp).
2026-10-04 01:10:33 | WARNING | Imagen inexistente: img/players/294521.webp (se usara default.webp).
2026-10-04 01:10:33 | WARNING | Imagen inexistente: img/players/294864.webp (se usara default.webp).
2026-10-04 01:10:33 | WARNING | Imagen inexistente: img/players/295460.webp (se usara default.webp).
2026-10-04 01:10:33 | WARNING | Imagen inexistente: img/players/295575.webp (se usara default.webp).
2026-10-04 01:10:33 | WARNING | Imagen inexistente: img/players/295642.webp (se usara default.webp).
2026-10-04 01:10:33 | WARNING | Imagen inexistente: img/players/295699.webp (se usara default.webp).
2026-10-04 01:10:33 | WARNING | Imagen inexistente: img/players/295701.webp (se usara default.webp).
2026-10-04 01:10:33 | WARNING | Imagen inexistente: img/players/295723.webp (se usara default.webp).
2026-10-04 01:10:33 | WARNING | Imagen inexistente: img/players/296419.webp (se usara default.webp).
2026-10-04 01:10:33 | WARNING | Imagen inexistente: img/players/296579.webp (se usara default.webp).
2026-10-04 01:10:33 | WARNING | Imagen inexistente: img/players/296749.webp (se usara default.webp).
2026-10-04 01:10:33 | WARNING | Imagen inexistente: img/players/296782.webp (se usara default.webp).
2026-10-04 01:10:33 | WARNING | Imagen inexistente: img/players/297229.webp (se usara default.webp).
2026-10-04 01:10:33 | WARNING | Imagen inexistente: img/players/297306.webp (se usara default.webp).
2026-10-04 01:10:33 | WARNING | Imagen inexistente: img/players/297343.webp (se usara default.webp).
2026-10-04 01:10:33 | WARNING | Imagen inexistente: img/players/298445.webp (se usara default.webp).
2026-10-04 01:10:33 | WARNING | Imagen inexistente: img/players/298540.webp (se usara default.webp).
2026-10-04 01:10:33 | WARNING | Imagen inexistente: img/players/298743.webp (se usara default.webp).
2026-10-04 01:10:33 | WARNING | Imagen inexistente: img/players/298908.webp (se usara default.webp).
2026-10-04 01:10:33 | WARNING | Imagen inexistente: img/players/299191.webp (se usara default.webp).
2026-10-04 01:10:33 | WARNING | Imagen inexistente: img/players/299196.webp (se usara default.webp).
2026-10-04 01:10:33 | WARNING | Imagen inexistente: img/players/299235.webp (se usara default.webp).
2026-10-04 01:10:33 | WARNING | Imagen inexistente: img/players/299246.webp (se usara default.webp).
2026-10-04 01:10:33 | WARNING | Imagen inexistente: img/players/299355.webp (se usara default.webp).
2026-10-04 01:10:33 | WARNING | Imagen inexistente: img/players/299545.webp (se usara default.webp).
2026-10-04 01:10:33 | WARNING | Imagen inexistente: img/players/299576.webp (se usara default.webp).
2026-10-04 01:10:33 | WARNING | Imagen inexistente: img/players/299610.webp (se usara default.webp).
2026-10-04 01:10:33 | WARNING | Imagen inexistente: img/players/299893.webp (se usara default.webp).
2026-10-04 01:10:33 | WARNING | Imagen inexistente: img/players/299941.webp (se usara default.webp).
2026-10-04 01:10:33 | WARNING | Imagen inexistente: img/players/299958.webp (se usara default.webp).
2026-10-04 01:10:33 | WARNING | Imagen inexistente: img/players/299989.webp (se usara default.webp).
2026-10-04 01:10:33 | WARNING | Imagen inexistente: img/players/299990.webp (se usara default.webp).
2026-10-04 01:10:33 | WARNING | Imagen inexistente: img/players/299993.webp (se usara default.webp).
2026-10-04 01:10:33 | WARNING | Imagen inexistente: img/players/300053.webp (se usara default.webp).
2026-10-04 01:10:33 | WARNING | Imagen inexistente: img/players/300424.webp (se usara default.webp).
2026-10-04 01:10:33 | WARNING | Imagen inexistente: img/players/300437.webp (se usara default.webp).
2026-10-04 01:10:33 | WARNING | Imagen inexistente: img/players/300581.webp (se usara default.webp).
2026-10-04 01:10:33 | WARNING | Imagen inexistente: img/players/300602.webp (se usara default.webp).
2026-10-04 01:10:33 | WARNING | Imagen inexistente: img/players/300663.webp (se usara default.webp).
2026-10-04 01:10:33 | WARNING | Imagen inexistente: img/players/300831.webp (se usara default.webp).
2026-10-04 01:10:33 | WARNING | Imagen inexistente: img/players/300855.webp (se usara default.webp).
2026-10-04 01:10:33 | WARNING | Imagen inexistente: img/players/300928.webp (se usara default.webp).
2026-10-04 01:10:33 | WARNING | Imagen inexistente: img/players/301017.webp (se usara default.webp).
2026-10-04 01:10:33 | WARNING | Imagen inexistente: img/players/301091.webp (se usara default.webp).
2026-10-04 01:10:33 | WARNING | Imagen inexistente: img/players/301360.webp (se usara default.webp).
2026-10-04 01:10:33 | WARNING | Imagen inexistente: img/players/301371.webp (se usara default.webp).
2026-10-04 01:10:33 | WARNING | Imagen inexistente: img/players/301393.webp (se usara default.webp).
2026-10-04 01:10:33 | WARNING | Imagen inexistente: img/players/301410.webp (se usara default.webp).
2026-10-04 01:10:33 | WARNING | Imagen inexistente: img/players/301506.webp (se usara default.webp).
2026-10-04 01:10:33 | WARNING | Imagen inexistente: img/players/301521.webp (se usara default.webp).
2026-10-04 01:10:33 | WARNING | Imagen inexistente: img/players/301688.webp (se usara default.webp).
2026-10-04 01:10:33 | WARNING | Imagen inexistente: img/players/301818.webp (se usara default.webp).
2026-10-04 01:10:33 | WARNING | Imagen inexistente: img/players/301979.webp (se usara default.webp).
2026-10-04 01:10:33 | WARNING | Imagen inexistente: img/players/301986.webp (se usara default.webp).
2026-10-04 01:10:33 | WARNING | Imagen inexistente: img/players/302025.webp (se usara default.webp).
2026-10-04 01:10:33 | WARNING | Imagen inexistente: img/players/302031.webp (se usara default.webp).
2026-10-04 01:10:33 | WARNING | Imagen inexistente: img/players/302048.webp (se usara default.webp).
2026-10-04 01:10:33 | WARNING | Imagen inexistente: img/players/302056.webp (se usara default.webp).
2026-10-04 01:10:33 | WARNING | Imagen inexistente: img/players/302120.webp (se usara default.webp).
2026-10-04 01:10:33 | WARNING | Imagen inexistente: img/players/302153.webp (se usara default.webp).
2026-10-04 01:10:33 | WARNING | Imagen inexistente: img/players/302384.webp (se usara default.webp).
2026-10-04 01:10:33 | WARNING | Imagen inexistente: img/players/302510.webp (se usara default.webp).
2026-10-04 01:10:33 | WARNING | Imagen inexistente: img/players/302573.webp (se usara default.webp).
2026-10-04 01:10:33 | WARNING | Imagen inexistente: img/players/302627.webp (se usara default.webp).
2026-10-04 01:10:33 | WARNING | Imagen inexistente: img/players/302645.webp (se usara default.webp).
2026-10-04 01:10:33 | WARNING | Imagen inexistente: img/players/302654.webp (se usara default.webp).
2026-10-04 01:10:33 | WARNING | Imagen inexistente: img/players/302935.webp (se usara default.webp).
2026-10-04 01:10:33 | WARNING | Imagen inexistente: img/players/302949.webp (se usara default.webp).
2026-10-04 01:10:33 | WARNING | Imagen inexistente: img/players/302956.webp (se usara default.webp).
2026-10-04 01:10:33 | WARNING | Imagen inexistente: img/players/303129.webp (se usara default.webp).
2026-10-04 01:10:33 | WARNING | Imagen inexistente: img/players/303983.webp (se usara default.webp).
2026-10-04 01:10:33 | WARNING | Imagen inexistente: img/players/304039.webp (se usara default.webp).
2026-10-04 01:10:33 | WARNING | Imagen inexistente: img/players/304401.webp (se usara default.webp).
2026-10-04 01:10:33 | WARNING | Imagen inexistente: img/players/304522.webp (se usara default.webp).
2026-10-04 01:10:33 | WARNING | Imagen inexistente: img/players/304567.webp (se usara default.webp).
2026-10-04 01:10:33 | WARNING | Imagen inexistente: img/players/304756.webp (se usara default.webp).
2026-10-04 01:10:33 | WARNING | Imagen inexistente: img/players/304788.webp (se usara default.webp).
2026-10-04 01:10:33 | WARNING | Imagen inexistente: img/players/304895.webp (se usara default.webp).
2026-10-04 01:10:33 | WARNING | Imagen inexistente: img/players/305006.webp (se usara default.webp).
2026-10-04 01:10:33 | WARNING | Imagen inexistente: img/players/305075.webp (se usara default.webp).
2026-10-04 01:10:33 | WARNING | Imagen inexistente: img/players/305210.webp (se usara default.webp).
2026-10-04 01:10:33 | WARNING | Imagen inexistente: img/players/305364.webp (se usara default.webp).
2026-10-04 01:10:33 | WARNING | Imagen inexistente: img/players/305733.webp (se usara default.webp).
2026-10-04 01:10:33 | WARNING | Imagen inexistente: img/players/306192.webp (se usara default.webp).
2026-10-04 01:10:33 | WARNING | Imagen inexistente: img/players/306389.webp (se usara default.webp).
2026-10-04 01:10:33 | WARNING | Imagen inexistente: img/players/306481.webp (se usara default.webp).
2026-10-04 01:10:33 | WARNING | Imagen inexistente: img/players/306508.webp (se usara default.webp).
2026-10-04 01:10:33 | WARNING | Imagen inexistente: img/players/306512.webp (se usara default.webp).
2026-10-04 01:10:33 | WARNING | Imagen inexistente: img/players/306812.webp (se usara default.webp).
2026-10-04 01:10:33 | WARNING | Imagen inexistente: img/players/306920.webp (se usara default.webp).
2026-10-04 01:10:33 | WARNING | Imagen inexistente: img/players/307223.webp (se usara default.webp).
2026-10-04 01:10:33 | WARNING | Imagen inexistente: img/players/307324.webp (se usara default.webp).
2026-10-04 01:10:33 | WARNING | Imagen inexistente: img/players/307430.webp (se usara default.webp).
2026-10-04 01:10:33 | WARNING | Imagen inexistente: img/players/307489.webp (se usara default.webp).
2026-10-04 01:10:33 | WARNING | Imagen inexistente: img/players/307535.webp (se usara default.webp).
2026-10-04 01:10:33 | WARNING | Imagen inexistente: img/players/307652.webp (se usara default.webp).
2026-10-04 01:10:33 | WARNING | Imagen inexistente: img/players/307656.webp (se usara default.webp).
2026-10-04 01:10:33 | WARNING | Imagen inexistente: img/players/307793.webp (se usara default.webp).
2026-10-04 01:10:33 | WARNING | Imagen inexistente: img/players/307964.webp (se usara default.webp).
2026-10-04 01:10:33 | WARNING | Imagen inexistente: img/players/308056.webp (se usara default.webp).
2026-10-04 01:10:33 | WARNING | Imagen inexistente: img/players/308058.webp (se usara default.webp).
2026-10-04 01:10:33 | WARNING | Imagen inexistente: img/players/308071.webp (se usara default.webp).
2026-10-04 01:10:33 | WARNING | Imagen inexistente: img/players/308076.webp (se usara default.webp).
2026-10-04 01:10:33 | WARNING | Imagen inexistente: img/players/308080.webp (se usara default.webp).
2026-10-04 01:10:33 | WARNING | Imagen inexistente: img/players/308083.webp (se usara default.webp).
2026-10-04 01:10:33 | WARNING | Imagen inexistente: img/players/308085.webp (se usara default.webp).
2026-10-04 01:10:33 | WARNING | Imagen inexistente: img/players/308109.webp (se usara default.webp).
2026-10-04 01:10:33 | WARNING | Imagen inexistente: img/players/308132.webp (se usara default.webp).
2026-10-04 01:10:33 | WARNING | Imagen inexistente: img/players/308134.webp (se usara default.webp).
2026-10-04 01:10:33 | WARNING | Imagen inexistente: img/players/308169.webp (se usara default.webp).
2026-10-04 01:10:33 | WARNING | Imagen inexistente: img/players/308265.webp (se usara default.webp).
2026-10-04 01:10:33 | WARNING | Imagen inexistente: img/players/308267.webp (se usara default.webp).
2026-10-04 01:10:33 | WARNING | Imagen inexistente: img/players/308268.webp (se usara default.webp).
2026-10-04 01:10:33 | WARNING | Imagen inexistente: img/players/308271.webp (se usara default.webp).
2026-10-04 01:10:33 | WARNING | Imagen inexistente: img/players/308272.webp (se usara default.webp).
2026-10-04 01:10:33 | WARNING | Imagen inexistente: img/players/308276.webp (se usara default.webp).
2026-10-04 01:10:33 | WARNING | Imagen inexistente: img/players/308277.webp (se usara default.webp).
2026-10-04 01:10:33 | WARNING | Imagen inexistente: img/players/308279.webp (se usara default.webp).
2026-10-04 01:10:33 | WARNING | Imagen inexistente: img/players/308283.webp (se usara default.webp).
2026-10-04 01:10:33 | WARNING | Imagen inexistente: img/players/308321.webp (se usara default.webp).
2026-10-04 01:10:33 | WARNING | Imagen inexistente: img/players/308475.webp (se usara default.webp).
2026-10-04 01:10:33 | WARNING | Imagen inexistente: img/players/308493.webp (se usara default.webp).
2026-10-04 01:10:33 | WARNING | Imagen inexistente: img/players/308544.webp (se usara default.webp).
2026-10-04 01:10:33 | WARNING | Imagen inexistente: img/players/308698.webp (se usara default.webp).
2026-10-04 01:10:33 | WARNING | Imagen inexistente: img/players/308700.webp (se usara default.webp).
2026-10-04 01:10:33 | WARNING | Imagen inexistente: img/players/308701.webp (se usara default.webp).
2026-10-04 01:10:33 | WARNING | Imagen inexistente: img/players/308727.webp (se usara default.webp).
2026-10-04 01:10:33 | WARNING | Imagen inexistente: img/players/308757.webp (se usara default.webp).
2026-10-04 01:10:33 | WARNING | Imagen inexistente: img/players/308838.webp (se usara default.webp).
2026-10-04 01:10:33 | WARNING | Imagen inexistente: img/players/308866.webp (se usara default.webp).
2026-10-04 01:10:33 | WARNING | Imagen inexistente: img/players/308931.webp (se usara default.webp).
2026-10-04 01:10:33 | WARNING | Imagen inexistente: img/players/308987.webp (se usara default.webp).
2026-10-04 01:10:33 | WARNING | Imagen inexistente: img/players/309008.webp (se usara default.webp).
2026-10-04 01:10:33 | WARNING | Imagen inexistente: img/players/309125.webp (se usara default.webp).
2026-10-04 01:10:33 | WARNING | Imagen inexistente: img/players/309162.webp (se usara default.webp).
2026-10-04 01:10:33 | WARNING | Imagen inexistente: img/players/309347.webp (se usara default.webp).
2026-10-04 01:10:33 | WARNING | Imagen inexistente: img/players/309569.webp (se usara default.webp).
2026-10-04 01:10:33 | WARNING | Imagen inexistente: img/players/309635.webp (se usara default.webp).
2026-10-04 01:10:33 | WARNING | Imagen inexistente: img/players/309846.webp (se usara default.webp).
2026-10-04 01:10:33 | WARNING | Imagen inexistente: img/players/309869.webp (se usara default.webp).
2026-10-04 01:10:33 | WARNING | Imagen inexistente: img/players/315534.webp (se usara default.webp).
2026-10-04 01:10:33 | WARNING | Imagen inexistente: img/players/315535.webp (se usara default.webp).
2026-10-04 01:10:33 | WARNING | Imagen inexistente: img/players/315536.webp (se usara default.webp).
2026-10-04 01:10:33 | WARNING | Imagen inexistente: img/players/315537.webp (se usara default.webp).
2026-10-04 01:10:33 | WARNING | Imagen inexistente: img/players/315541.webp (se usara default.webp).
2026-10-04 01:10:33 | WARNING | Imagen inexistente: img/players/315543.webp (se usara default.webp).
2026-10-04 01:10:33 | WARNING | Imagen inexistente: img/players/315550.webp (se usara default.webp).
2026-10-04 01:10:33 | WARNING | Imagen inexistente: img/players/319160.webp (se usara default.webp).
2026-10-04 01:10:33 | WARNING | Imagen inexistente: img/players/319171.webp (se usara default.webp).
2026-10-04 01:10:33 | WARNING | Imagen inexistente: img/players/319184.webp (se usara default.webp).
2026-10-04 01:10:33 | WARNING | Imagen inexistente: img/players/319209.webp (se usara default.webp).
2026-10-04 01:10:33 | WARNING | Imagen inexistente: img/players/319211.webp (se usara default.webp).
2026-10-04 01:10:33 | WARNING | Imagen inexistente: img/players/319213.webp (se usara default.webp).
2026-10-04 01:10:33 | WARNING | Imagen inexistente: img/players/319214.webp (se usara default.webp).
2026-10-04 01:10:33 | WARNING | Imagen inexistente: img/players/319217.webp (se usara default.webp).
2026-10-04 01:10:33 | WARNING | Imagen inexistente: img/players/319218.webp (se usara default.webp).
2026-10-04 01:10:33 | WARNING | Imagen inexistente: img/players/319220.webp (se usara default.webp).
2026-10-04 01:10:33 | WARNING | Imagen inexistente: img/players/319223.webp (se usara default.webp).
2026-10-04 01:10:33 | WARNING | Imagen inexistente: img/players/319224.webp (se usara default.webp).
2026-10-04 01:10:33 | WARNING | Imagen inexistente: img/players/319225.webp (se usara default.webp).
2026-10-04 01:10:33 | WARNING | Imagen inexistente: img/players/319227.webp (se usara default.webp).
2026-10-04 01:10:33 | WARNING | Imagen inexistente: img/players/319243.webp (se usara default.webp).
2026-10-04 01:10:33 | WARNING | Imagen inexistente: img/players/319244.webp (se usara default.webp).
2026-10-04 01:10:33 | WARNING | Imagen inexistente: img/players/319248.webp (se usara default.webp).
2026-10-04 01:10:33 | WARNING | Imagen inexistente: img/players/319249.webp (se usara default.webp).
2026-10-04 01:10:33 | WARNING | Imagen inexistente: img/players/319250.webp (se usara default.webp).
2026-10-04 01:10:33 | WARNING | Imagen inexistente: img/players/319251.webp (se usara default.webp).
2026-10-04 01:10:33 | WARNING | Imagen inexistente: img/players/319253.webp (se usara default.webp).
2026-10-04 01:10:33 | WARNING | Imagen inexistente: img/players/319254.webp (se usara default.webp).
2026-10-04 01:10:33 | WARNING | Imagen inexistente: img/players/319275.webp (se usara default.webp).
2026-10-04 01:10:33 | WARNING | Imagen inexistente: img/players/319408.webp (se usara default.webp).
2026-10-04 01:10:33 | WARNING | Imagen inexistente: img/players/319432.webp (se usara default.webp).
2026-10-04 01:10:33 | WARNING | Imagen inexistente: img/players/319436.webp (se usara default.webp).
2026-10-04 01:10:33 | WARNING | Imagen inexistente: img/players/319439.webp (se usara default.webp).
2026-10-04 01:10:33 | WARNING | Imagen inexistente: img/players/319465.webp (se usara default.webp).
2026-10-04 01:10:33 | WARNING | Imagen inexistente: img/players/319466.webp (se usara default.webp).
2026-10-04 01:10:33 | WARNING | Imagen inexistente: img/players/319470.webp (se usara default.webp).
2026-10-04 01:10:33 | WARNING | Imagen inexistente: img/players/319472.webp (se usara default.webp).
2026-10-04 01:10:33 | WARNING | Imagen inexistente: img/players/319571.webp (se usara default.webp).
2026-10-04 01:10:33 | WARNING | Imagen inexistente: img/players/319584.webp (se usara default.webp).
2026-10-04 01:10:33 | WARNING | Imagen inexistente: img/players/320589.webp (se usara default.webp).
2026-10-04 01:10:33 | WARNING | Imagen inexistente: img/players/320590.webp (se usara default.webp).
2026-10-04 01:10:33 | WARNING | Imagen inexistente: img/players/320608.webp (se usara default.webp).
2026-10-04 01:10:33 | WARNING | Imagen inexistente: img/players/320633.webp (se usara default.webp).
2026-10-04 01:10:33 | WARNING | Imagen inexistente: img/players/320634.webp (se usara default.webp).
2026-10-04 01:10:33 | WARNING | Imagen inexistente: img/players/320639.webp (se usara default.webp).
2026-10-04 01:10:33 | WARNING | Imagen inexistente: img/players/320828.webp (se usara default.webp).
2026-10-04 01:10:33 | WARNING | Imagen inexistente: img/players/320899.webp (se usara default.webp).
2026-10-04 01:10:33 | WARNING | Imagen inexistente: img/players/320937.webp (se usara default.webp).
2026-10-04 01:10:33 | WARNING | Imagen inexistente: img/players/320970.webp (se usara default.webp).
2026-10-04 01:10:33 | WARNING | Imagen inexistente: img/players/320989.webp (se usara default.webp).
2026-10-04 01:10:33 | WARNING | Imagen inexistente: img/players/321000.webp (se usara default.webp).
2026-10-04 01:10:33 | WARNING | Imagen inexistente: img/players/321001.webp (se usara default.webp).
2026-10-04 01:10:33 | WARNING | Imagen inexistente: img/players/321018.webp (se usara default.webp).
2026-10-04 01:10:33 | WARNING | Imagen inexistente: img/players/321124.webp (se usara default.webp).
2026-10-04 01:10:33 | WARNING | Imagen inexistente: img/players/321854.webp (se usara default.webp).
2026-10-04 01:10:33 | WARNING | Imagen inexistente: img/players/321992.webp (se usara default.webp).
2026-10-04 01:10:34 | WARNING | Imagen inexistente: img/players/322028.webp (se usara default.webp).
2026-10-04 01:10:34 | WARNING | Imagen inexistente: img/players/322045.webp (se usara default.webp).
2026-10-04 01:10:34 | WARNING | Imagen inexistente: img/players/322067.webp (se usara default.webp).
2026-10-04 01:10:34 | WARNING | Imagen inexistente: img/players/322075.webp (se usara default.webp).
2026-10-04 01:10:34 | WARNING | Imagen inexistente: img/players/322083.webp (se usara default.webp).
2026-10-04 01:10:34 | WARNING | Imagen inexistente: img/players/322085.webp (se usara default.webp).
2026-10-04 01:10:34 | WARNING | Imagen inexistente: img/players/322086.webp (se usara default.webp).
2026-10-04 01:10:34 | WARNING | Imagen inexistente: img/players/322098.webp (se usara default.webp).
2026-10-04 01:10:34 | WARNING | Imagen inexistente: img/players/322105.webp (se usara default.webp).
2026-10-04 01:10:34 | WARNING | Imagen inexistente: img/players/322116.webp (se usara default.webp).
2026-10-04 01:10:34 | WARNING | Imagen inexistente: img/players/322122.webp (se usara default.webp).
2026-10-04 01:10:34 | WARNING | Imagen inexistente: img/players/322123.webp (se usara default.webp).
2026-10-04 01:10:34 | WARNING | Imagen inexistente: img/players/322124.webp (se usara default.webp).
2026-10-04 01:10:34 | WARNING | Imagen inexistente: img/players/322131.webp (se usara default.webp).
2026-10-04 01:10:34 | WARNING | Imagen inexistente: img/players/322138.webp (se usara default.webp).
2026-10-04 01:10:34 | WARNING | Imagen inexistente: img/players/322547.webp (se usara default.webp).
2026-10-04 01:10:34 | WARNING | Imagen inexistente: img/players/322574.webp (se usara default.webp).
2026-10-04 01:10:34 | WARNING | Imagen inexistente: img/players/322616.webp (se usara default.webp).
2026-10-04 01:10:34 | WARNING | Imagen inexistente: img/players/322621.webp (se usara default.webp).
2026-10-04 01:10:34 | WARNING | Imagen inexistente: img/players/322652.webp (se usara default.webp).
2026-10-04 01:10:34 | WARNING | Imagen inexistente: img/players/322698.webp (se usara default.webp).
2026-10-04 01:10:34 | WARNING | Imagen inexistente: img/players/322926.webp (se usara default.webp).
2026-10-04 01:10:34 | WARNING | Imagen inexistente: img/players/323066.webp (se usara default.webp).
2026-10-04 01:10:34 | WARNING | Imagen inexistente: img/players/323204.webp (se usara default.webp).
2026-10-04 01:10:34 | WARNING | Imagen inexistente: img/players/323214.webp (se usara default.webp).
2026-10-04 01:10:34 | WARNING | Imagen inexistente: img/players/323577.webp (se usara default.webp).
2026-10-04 01:10:34 | WARNING | Imagen inexistente: img/players/323594.webp (se usara default.webp).
2026-10-04 01:10:34 | WARNING | Imagen inexistente: img/players/323818.webp (se usara default.webp).
2026-10-04 01:10:34 | WARNING | Imagen inexistente: img/players/323819.webp (se usara default.webp).
2026-10-04 01:10:34 | WARNING | Imagen inexistente: img/players/323835.webp (se usara default.webp).
2026-10-04 01:10:34 | WARNING | Imagen inexistente: img/players/323863.webp (se usara default.webp).
2026-10-04 01:10:34 | WARNING | Imagen inexistente: img/players/325475.webp (se usara default.webp).
2026-10-04 01:10:34 | WARNING | Imagen inexistente: img/players/325600.webp (se usara default.webp).
2026-10-04 01:10:34 | WARNING | Imagen inexistente: img/players/326011.webp (se usara default.webp).
2026-10-04 01:10:34 | WARNING | Imagen inexistente: img/players/326921.webp (se usara default.webp).
2026-10-04 01:10:34 | WARNING | Imagen inexistente: img/players/362284.webp (se usara default.webp).
2026-10-04 01:10:34 | WARNING | Imagen inexistente: img/players/362732.webp (se usara default.webp).
2026-10-04 01:10:34 | WARNING | Imagen inexistente: img/players/363015.webp (se usara default.webp).
2026-10-04 01:10:34 | WARNING | Imagen inexistente: img/players/363529.webp (se usara default.webp).
2026-10-04 01:10:34 | WARNING | Imagen inexistente: img/players/363726.webp (se usara default.webp).
2026-10-04 01:10:34 | WARNING | Imagen inexistente: img/players/363856.webp (se usara default.webp).
2026-10-04 01:10:34 | WARNING | Imagen inexistente: img/players/363897.webp (se usara default.webp).
2026-10-04 01:10:34 | WARNING | Imagen inexistente: img/players/364195.webp (se usara default.webp).
2026-10-04 01:10:34 | WARNING | Imagen inexistente: img/players/364584.webp (se usara default.webp).
2026-10-04 01:10:34 | WARNING | Imagen inexistente: img/players/364719.webp (se usara default.webp).
2026-10-04 01:10:34 | WARNING | Imagen inexistente: img/players/364729.webp (se usara default.webp).
2026-10-04 01:10:34 | WARNING | Imagen inexistente: img/players/364826.webp (se usara default.webp).
2026-10-04 01:10:34 | WARNING | Imagen inexistente: img/players/364842.webp (se usara default.webp).
2026-10-04 01:10:34 | WARNING | Imagen inexistente: img/players/364844.webp (se usara default.webp).
2026-10-04 01:10:34 | WARNING | Imagen inexistente: img/players/364990.webp (se usara default.webp).
2026-10-04 01:10:34 | WARNING | Imagen inexistente: img/players/365408.webp (se usara default.webp).
2026-10-04 01:10:34 | WARNING | Imagen inexistente: img/players/366084.webp (se usara default.webp).
2026-10-04 01:10:34 | WARNING | Imagen inexistente: img/players/366093.webp (se usara default.webp).
2026-10-04 01:10:34 | WARNING | Imagen inexistente: img/players/366115.webp (se usara default.webp).
2026-10-04 01:10:34 | WARNING | Imagen inexistente: img/players/366165.webp (se usara default.webp).
2026-10-04 01:10:34 | WARNING | Imagen inexistente: img/players/366168.webp (se usara default.webp).
2026-10-04 01:10:34 | WARNING | Imagen inexistente: img/players/366632.webp (se usara default.webp).
2026-10-04 01:10:34 | WARNING | Imagen inexistente: img/players/366673.webp (se usara default.webp).
2026-10-04 01:10:34 | WARNING | Imagen inexistente: img/players/366831.webp (se usara default.webp).
2026-10-04 01:10:34 | WARNING | Imagen inexistente: img/players/366832.webp (se usara default.webp).
2026-10-04 01:10:34 | WARNING | Imagen inexistente: img/players/366982.webp (se usara default.webp).
2026-10-04 01:10:34 | WARNING | Imagen inexistente: img/players/367018.webp (se usara default.webp).
2026-10-04 01:10:34 | WARNING | Imagen inexistente: img/players/367032.webp (se usara default.webp).
2026-10-04 01:10:34 | WARNING | Imagen inexistente: img/players/367036.webp (se usara default.webp).
2026-10-04 01:10:34 | WARNING | Imagen inexistente: img/players/367038.webp (se usara default.webp).
2026-10-04 01:10:34 | WARNING | Imagen inexistente: img/players/367065.webp (se usara default.webp).
2026-10-04 01:10:34 | WARNING | Imagen inexistente: img/players/367068.webp (se usara default.webp).
2026-10-04 01:10:34 | WARNING | Imagen inexistente: img/players/367070.webp (se usara default.webp).
2026-10-04 01:10:34 | WARNING | Imagen inexistente: img/players/367072.webp (se usara default.webp).
2026-10-04 01:10:34 | WARNING | Imagen inexistente: img/players/367078.webp (se usara default.webp).
2026-10-04 01:10:34 | WARNING | Imagen inexistente: img/players/367091.webp (se usara default.webp).
2026-10-04 01:10:34 | WARNING | Imagen inexistente: img/players/367092.webp (se usara default.webp).
2026-10-04 01:10:34 | WARNING | Imagen inexistente: img/players/367094.webp (se usara default.webp).
2026-10-04 01:10:34 | WARNING | Imagen inexistente: img/players/367095.webp (se usara default.webp).
2026-10-04 01:10:34 | WARNING | Imagen inexistente: img/players/367096.webp (se usara default.webp).
2026-10-04 01:10:34 | WARNING | Imagen inexistente: img/players/367097.webp (se usara default.webp).
2026-10-04 01:10:34 | WARNING | Imagen inexistente: img/players/367098.webp (se usara default.webp).
2026-10-04 01:10:34 | WARNING | Imagen inexistente: img/players/367099.webp (se usara default.webp).
2026-10-04 01:10:34 | WARNING | Imagen inexistente: img/players/367100.webp (se usara default.webp).
2026-10-04 01:10:34 | WARNING | Imagen inexistente: img/players/367112.webp (se usara default.webp).
2026-10-04 01:10:34 | WARNING | Imagen inexistente: img/players/367114.webp (se usara default.webp).
2026-10-04 01:10:34 | WARNING | Imagen inexistente: img/players/367115.webp (se usara default.webp).
2026-10-04 01:10:34 | WARNING | Imagen inexistente: img/players/367121.webp (se usara default.webp).
2026-10-04 01:10:34 | WARNING | Imagen inexistente: img/players/367130.webp (se usara default.webp).
2026-10-04 01:10:34 | WARNING | Imagen inexistente: img/players/367131.webp (se usara default.webp).
2026-10-04 01:10:34 | WARNING | Imagen inexistente: img/players/367134.webp (se usara default.webp).
2026-10-04 01:10:34 | WARNING | Imagen inexistente: img/players/367135.webp (se usara default.webp).
2026-10-04 01:10:34 | WARNING | Imagen inexistente: img/players/367143.webp (se usara default.webp).
2026-10-04 01:10:34 | WARNING | Imagen inexistente: img/players/367149.webp (se usara default.webp).
2026-10-04 01:10:34 | WARNING | Imagen inexistente: img/players/367164.webp (se usara default.webp).
2026-10-04 01:10:34 | WARNING | Imagen inexistente: img/players/367167.webp (se usara default.webp).
2026-10-04 01:10:34 | WARNING | Imagen inexistente: img/players/367168.webp (se usara default.webp).
2026-10-04 01:10:34 | WARNING | Imagen inexistente: img/players/367172.webp (se usara default.webp).
2026-10-04 01:10:34 | WARNING | Imagen inexistente: img/players/367197.webp (se usara default.webp).
2026-10-04 01:10:34 | WARNING | Imagen inexistente: img/players/367198.webp (se usara default.webp).
2026-10-04 01:10:34 | WARNING | Imagen inexistente: img/players/367218.webp (se usara default.webp).
2026-10-04 01:10:34 | WARNING | Imagen inexistente: img/players/368031.webp (se usara default.webp).
2026-10-04 01:10:34 | WARNING | Imagen inexistente: img/players/368243.webp (se usara default.webp).
2026-10-04 01:10:34 | WARNING | Imagen inexistente: img/players/368246.webp (se usara default.webp).
2026-10-04 01:10:34 | WARNING | Imagen inexistente: img/players/368484.webp (se usara default.webp).
2026-10-04 01:10:34 | WARNING | Imagen inexistente: img/players/368554.webp (se usara default.webp).
2026-10-04 01:10:34 | WARNING | Imagen inexistente: img/players/368581.webp (se usara default.webp).
2026-10-04 01:10:34 | WARNING | Imagen inexistente: img/players/368776.webp (se usara default.webp).
2026-10-04 01:10:34 | WARNING | Imagen inexistente: img/players/368917.webp (se usara default.webp).
2026-10-04 01:10:34 | WARNING | Imagen inexistente: img/players/369200.webp (se usara default.webp).
2026-10-04 01:10:34 | WARNING | Imagen inexistente: img/players/369210.webp (se usara default.webp).
2026-10-04 01:10:34 | WARNING | Imagen inexistente: img/players/369276.webp (se usara default.webp).
2026-10-04 01:10:34 | WARNING | Imagen inexistente: img/players/369284.webp (se usara default.webp).
2026-10-04 01:10:34 | WARNING | Imagen inexistente: img/players/369292.webp (se usara default.webp).
2026-10-04 01:10:34 | WARNING | Imagen inexistente: img/players/369302.webp (se usara default.webp).
2026-10-04 01:10:34 | WARNING | Imagen inexistente: img/players/369312.webp (se usara default.webp).
2026-10-04 01:10:34 | WARNING | Imagen inexistente: img/players/369359.webp (se usara default.webp).
2026-10-04 01:10:34 | WARNING | Imagen inexistente: img/players/369400.webp (se usara default.webp).
2026-10-04 01:10:34 | WARNING | Imagen inexistente: img/players/369416.webp (se usara default.webp).
2026-10-04 01:10:34 | WARNING | Imagen inexistente: img/players/369425.webp (se usara default.webp).
2026-10-04 01:10:34 | WARNING | Imagen inexistente: img/players/369477.webp (se usara default.webp).
2026-10-04 01:10:34 | WARNING | Imagen inexistente: img/players/369482.webp (se usara default.webp).
2026-10-04 01:10:34 | WARNING | Imagen inexistente: img/players/369519.webp (se usara default.webp).
2026-10-04 01:10:34 | WARNING | Imagen inexistente: img/players/369520.webp (se usara default.webp).
2026-10-04 01:10:34 | WARNING | Imagen inexistente: img/players/369529.webp (se usara default.webp).
2026-10-04 01:10:34 | WARNING | Imagen inexistente: img/players/369537.webp (se usara default.webp).
2026-10-04 01:10:34 | WARNING | Imagen inexistente: img/players/369567.webp (se usara default.webp).
2026-10-04 01:10:34 | WARNING | Imagen inexistente: img/players/369613.webp (se usara default.webp).
2026-10-04 01:10:34 | WARNING | Imagen inexistente: img/players/369939.webp (se usara default.webp).
2026-10-04 01:10:34 | WARNING | Imagen inexistente: img/players/369944.webp (se usara default.webp).
2026-10-04 01:10:34 | WARNING | Imagen inexistente: img/players/370149.webp (se usara default.webp).
2026-10-04 01:10:34 | WARNING | Imagen inexistente: img/players/370752.webp (se usara default.webp).
2026-10-04 01:10:34 | WARNING | Imagen inexistente: img/players/370771.webp (se usara default.webp).
2026-10-04 01:10:34 | WARNING | Imagen inexistente: img/players/370799.webp (se usara default.webp).
2026-10-04 01:10:34 | WARNING | Imagen inexistente: img/players/370809.webp (se usara default.webp).
2026-10-04 01:10:34 | WARNING | Imagen inexistente: img/players/370851.webp (se usara default.webp).
2026-10-04 01:10:34 | WARNING | Imagen inexistente: img/players/370853.webp (se usara default.webp).
2026-10-04 01:10:34 | WARNING | Imagen inexistente: img/players/370855.webp (se usara default.webp).
2026-10-04 01:10:34 | WARNING | Imagen inexistente: img/players/370940.webp (se usara default.webp).
2026-10-04 01:10:34 | WARNING | Imagen inexistente: img/players/370961.webp (se usara default.webp).
2026-10-04 01:10:34 | WARNING | Imagen inexistente: img/players/370989.webp (se usara default.webp).
2026-10-04 01:10:34 | WARNING | Imagen inexistente: img/players/371001.webp (se usara default.webp).
2026-10-04 01:10:34 | WARNING | Imagen inexistente: img/players/371005.webp (se usara default.webp).
2026-10-04 01:10:34 | WARNING | Imagen inexistente: img/players/371324.webp (se usara default.webp).
2026-10-04 01:10:34 | WARNING | Imagen inexistente: img/players/371495.webp (se usara default.webp).
2026-10-04 01:10:34 | WARNING | Imagen inexistente: img/players/371518.webp (se usara default.webp).
2026-10-04 01:10:34 | WARNING | Imagen inexistente: img/players/371666.webp (se usara default.webp).
2026-10-04 01:10:34 | WARNING | Imagen inexistente: img/players/371697.webp (se usara default.webp).
2026-10-04 01:10:34 | WARNING | Imagen inexistente: img/players/371707.webp (se usara default.webp).
2026-10-04 01:10:34 | WARNING | Imagen inexistente: img/players/372123.webp (se usara default.webp).
2026-10-04 01:10:34 | WARNING | Imagen inexistente: img/players/372209.webp (se usara default.webp).
2026-10-04 01:10:34 | WARNING | Imagen inexistente: img/players/372419.webp (se usara default.webp).
2026-10-04 01:10:34 | WARNING | Imagen inexistente: img/players/372539.webp (se usara default.webp).
2026-10-04 01:10:34 | WARNING | Imagen inexistente: img/players/372560.webp (se usara default.webp).
2026-10-04 01:10:34 | WARNING | Imagen inexistente: img/players/372787.webp (se usara default.webp).
2026-10-04 01:10:34 | WARNING | Imagen inexistente: img/players/372801.webp (se usara default.webp).
2026-10-04 01:10:34 | WARNING | Imagen inexistente: img/players/372829.webp (se usara default.webp).
2026-10-04 01:10:34 | WARNING | Imagen inexistente: img/players/373062.webp (se usara default.webp).
2026-10-04 01:10:34 | WARNING | Imagen inexistente: img/players/373323.webp (se usara default.webp).
2026-10-04 01:10:34 | WARNING | Imagen inexistente: img/players/373399.webp (se usara default.webp).
2026-10-04 01:10:34 | WARNING | Imagen inexistente: img/players/373461.webp (se usara default.webp).
2026-10-04 01:10:34 | WARNING | Imagen inexistente: img/players/373521.webp (se usara default.webp).
2026-10-04 01:10:34 | WARNING | Imagen inexistente: img/players/373552.webp (se usara default.webp).
2026-10-04 01:10:34 | WARNING | Imagen inexistente: img/players/373556.webp (se usara default.webp).
2026-10-04 01:10:34 | WARNING | Imagen inexistente: img/players/373565.webp (se usara default.webp).
2026-10-04 01:10:34 | WARNING | Imagen inexistente: img/players/373749.webp (se usara default.webp).
2026-10-04 01:10:34 | WARNING | Imagen inexistente: img/players/373951.webp (se usara default.webp).
2026-10-04 01:10:34 | WARNING | Imagen inexistente: img/players/374206.webp (se usara default.webp).
2026-10-04 01:10:34 | WARNING | Imagen inexistente: img/players/374266.webp (se usara default.webp).
2026-10-04 01:10:34 | WARNING | Imagen inexistente: img/players/374269.webp (se usara default.webp).
2026-10-04 01:10:34 | WARNING | Imagen inexistente: img/players/374282.webp (se usara default.webp).
2026-10-04 01:10:34 | WARNING | Imagen inexistente: img/players/374287.webp (se usara default.webp).
2026-10-04 01:10:34 | WARNING | Imagen inexistente: img/players/374290.webp (se usara default.webp).
2026-10-04 01:10:34 | WARNING | Imagen inexistente: img/players/374293.webp (se usara default.webp).
2026-10-04 01:10:34 | WARNING | Imagen inexistente: img/players/374323.webp (se usara default.webp).
2026-10-04 01:10:34 | WARNING | Imagen inexistente: img/players/374324.webp (se usara default.webp).
2026-10-04 01:10:34 | WARNING | Imagen inexistente: img/players/374329.webp (se usara default.webp).
2026-10-04 01:10:34 | WARNING | Imagen inexistente: img/players/374330.webp (se usara default.webp).
2026-10-04 01:10:34 | WARNING | Imagen inexistente: img/players/374331.webp (se usara default.webp).
2026-10-04 01:10:34 | WARNING | Imagen inexistente: img/players/374334.webp (se usara default.webp).
2026-10-04 01:10:34 | WARNING | Imagen inexistente: img/players/374339.webp (se usara default.webp).
2026-10-04 01:10:34 | WARNING | Imagen inexistente: img/players/374344.webp (se usara default.webp).
2026-10-04 01:10:34 | WARNING | Imagen inexistente: img/players/374346.webp (se usara default.webp).
2026-10-04 01:10:34 | WARNING | Imagen inexistente: img/players/374347.webp (se usara default.webp).
2026-10-04 01:10:34 | WARNING | Imagen inexistente: img/players/374349.webp (se usara default.webp).
2026-10-04 01:10:34 | WARNING | Imagen inexistente: img/players/374354.webp (se usara default.webp).
2026-10-04 01:10:34 | WARNING | Imagen inexistente: img/players/374362.webp (se usara default.webp).
2026-10-04 01:10:34 | WARNING | Imagen inexistente: img/players/374376.webp (se usara default.webp).
2026-10-04 01:10:34 | WARNING | Imagen inexistente: img/players/374378.webp (se usara default.webp).
2026-10-04 01:10:34 | WARNING | Imagen inexistente: img/players/374408.webp (se usara default.webp).
2026-10-04 01:10:34 | WARNING | Imagen inexistente: img/players/374427.webp (se usara default.webp).
2026-10-04 01:10:34 | WARNING | Imagen inexistente: img/players/374432.webp (se usara default.webp).
2026-10-04 01:10:34 | WARNING | Imagen inexistente: img/players/374435.webp (se usara default.webp).
2026-10-04 01:10:34 | WARNING | Imagen inexistente: img/players/374440.webp (se usara default.webp).
2026-10-04 01:10:34 | WARNING | Imagen inexistente: img/players/374451.webp (se usara default.webp).
2026-10-04 01:10:34 | WARNING | Imagen inexistente: img/players/374452.webp (se usara default.webp).
2026-10-04 01:10:34 | WARNING | Imagen inexistente: img/players/374453.webp (se usara default.webp).
2026-10-04 01:10:34 | WARNING | Imagen inexistente: img/players/374454.webp (se usara default.webp).
2026-10-04 01:10:34 | WARNING | Imagen inexistente: img/players/374456.webp (se usara default.webp).
2026-10-04 01:10:34 | WARNING | Imagen inexistente: img/players/374457.webp (se usara default.webp).
2026-10-04 01:10:34 | WARNING | Imagen inexistente: img/players/374470.webp (se usara default.webp).
2026-10-04 01:10:34 | WARNING | Imagen inexistente: img/players/374471.webp (se usara default.webp).
2026-10-04 01:10:34 | WARNING | Imagen inexistente: img/players/374487.webp (se usara default.webp).
2026-10-04 01:10:34 | WARNING | Imagen inexistente: img/players/374488.webp (se usara default.webp).
2026-10-04 01:10:34 | WARNING | Imagen inexistente: img/players/374491.webp (se usara default.webp).
2026-10-04 01:10:34 | WARNING | Imagen inexistente: img/players/374492.webp (se usara default.webp).
2026-10-04 01:10:34 | WARNING | Imagen inexistente: img/players/374542.webp (se usara default.webp).
2026-10-04 01:10:34 | WARNING | Imagen inexistente: img/players/374545.webp (se usara default.webp).
2026-10-04 01:10:34 | WARNING | Imagen inexistente: img/players/374548.webp (se usara default.webp).
2026-10-04 01:10:34 | WARNING | Imagen inexistente: img/players/375480.webp (se usara default.webp).
2026-10-04 01:10:34 | WARNING | Imagen inexistente: img/players/375524.webp (se usara default.webp).
2026-10-04 01:10:34 | WARNING | Imagen inexistente: img/players/375531.webp (se usara default.webp).
2026-10-04 01:10:34 | WARNING | Imagen inexistente: img/players/375628.webp (se usara default.webp).
2026-10-04 01:10:34 | WARNING | Imagen inexistente: img/players/375635.webp (se usara default.webp).
2026-10-04 01:10:34 | WARNING | Imagen inexistente: img/players/375676.webp (se usara default.webp).
2026-10-04 01:10:34 | WARNING | Imagen inexistente: img/players/375720.webp (se usara default.webp).
2026-10-04 01:10:34 | WARNING | Imagen inexistente: img/players/375976.webp (se usara default.webp).
2026-10-04 01:10:34 | WARNING | Imagen inexistente: img/players/376017.webp (se usara default.webp).
2026-10-04 01:10:34 | WARNING | Imagen inexistente: img/players/376022.webp (se usara default.webp).
2026-10-04 01:10:34 | WARNING | Imagen inexistente: img/players/376222.webp (se usara default.webp).
2026-10-04 01:10:34 | WARNING | Imagen inexistente: img/players/376316.webp (se usara default.webp).
2026-10-04 01:10:34 | WARNING | Imagen inexistente: img/players/376325.webp (se usara default.webp).
2026-10-04 01:10:34 | WARNING | Imagen inexistente: img/players/376648.webp (se usara default.webp).
2026-10-04 01:10:34 | WARNING | Imagen inexistente: img/players/376805.webp (se usara default.webp).
2026-10-04 01:10:34 | WARNING | Imagen inexistente: img/players/376893.webp (se usara default.webp).
2026-10-04 01:10:34 | WARNING | Imagen inexistente: img/players/376973.webp (se usara default.webp).
2026-10-04 01:10:34 | WARNING | Imagen inexistente: img/players/376974.webp (se usara default.webp).
2026-10-04 01:10:34 | WARNING | Imagen inexistente: img/players/377105.webp (se usara default.webp).
2026-10-04 01:10:34 | WARNING | Imagen inexistente: img/players/377158.webp (se usara default.webp).
2026-10-04 01:10:34 | WARNING | Imagen inexistente: img/players/377184.webp (se usara default.webp).
2026-10-04 01:10:34 | WARNING | Imagen inexistente: img/players/377251.webp (se usara default.webp).
2026-10-04 01:10:34 | WARNING | Imagen inexistente: img/players/377284.webp (se usara default.webp).
2026-10-04 01:10:34 | WARNING | Imagen inexistente: img/players/377323.webp (se usara default.webp).
2026-10-04 01:10:34 | WARNING | Imagen inexistente: img/players/377349.webp (se usara default.webp).
2026-10-04 01:10:34 | WARNING | Imagen inexistente: img/players/377441.webp (se usara default.webp).
2026-10-04 01:10:34 | WARNING | Imagen inexistente: img/players/377442.webp (se usara default.webp).
2026-10-04 01:10:34 | WARNING | Imagen inexistente: img/players/377446.webp (se usara default.webp).
2026-10-04 01:10:34 | WARNING | Imagen inexistente: img/players/377833.webp (se usara default.webp).
2026-10-04 01:10:34 | WARNING | Imagen inexistente: img/players/378187.webp (se usara default.webp).
2026-10-04 01:10:34 | WARNING | Imagen inexistente: img/players/378199.webp (se usara default.webp).
2026-10-04 01:10:34 | WARNING | Imagen inexistente: img/players/378200.webp (se usara default.webp).
2026-10-04 01:10:34 | WARNING | Imagen inexistente: img/players/378211.webp (se usara default.webp).
2026-10-04 01:10:34 | WARNING | Imagen inexistente: img/players/378212.webp (se usara default.webp).
2026-10-04 01:10:34 | WARNING | Imagen inexistente: img/players/378213.webp (se usara default.webp).
2026-10-04 01:10:34 | WARNING | Imagen inexistente: img/players/378214.webp (se usara default.webp).
2026-10-04 01:10:34 | WARNING | Imagen inexistente: img/players/378216.webp (se usara default.webp).
2026-10-04 01:10:34 | WARNING | Imagen inexistente: img/players/378219.webp (se usara default.webp).
2026-10-04 01:10:34 | WARNING | Imagen inexistente: img/players/378221.webp (se usara default.webp).
2026-10-04 01:10:34 | WARNING | Imagen inexistente: img/players/378223.webp (se usara default.webp).
2026-10-04 01:10:34 | WARNING | Imagen inexistente: img/players/378224.webp (se usara default.webp).
2026-10-04 01:10:34 | WARNING | Imagen inexistente: img/players/378225.webp (se usara default.webp).
2026-10-04 01:10:34 | WARNING | Imagen inexistente: img/players/378226.webp (se usara default.webp).
2026-10-04 01:10:34 | WARNING | Imagen inexistente: img/players/378227.webp (se usara default.webp).
2026-10-04 01:10:34 | WARNING | Imagen inexistente: img/players/378228.webp (se usara default.webp).
2026-10-04 01:10:34 | WARNING | Imagen inexistente: img/players/378229.webp (se usara default.webp).
2026-10-04 01:10:34 | WARNING | Imagen inexistente: img/players/378230.webp (se usara default.webp).
2026-10-04 01:10:34 | WARNING | Imagen inexistente: img/players/378231.webp (se usara default.webp).
2026-10-04 01:10:34 | WARNING | Imagen inexistente: img/players/378252.webp (se usara default.webp).
2026-10-04 01:10:34 | WARNING | Imagen inexistente: img/players/378253.webp (se usara default.webp).
2026-10-04 01:10:34 | WARNING | Imagen inexistente: img/players/378254.webp (se usara default.webp).
2026-10-04 01:10:34 | WARNING | Imagen inexistente: img/players/378255.webp (se usara default.webp).
2026-10-04 01:10:34 | WARNING | Imagen inexistente: img/players/378256.webp (se usara default.webp).
2026-10-04 01:10:34 | WARNING | Imagen inexistente: img/players/378266.webp (se usara default.webp).
2026-10-04 01:10:34 | WARNING | Imagen inexistente: img/players/378267.webp (se usara default.webp).
2026-10-04 01:10:34 | WARNING | Imagen inexistente: img/players/378268.webp (se usara default.webp).
2026-10-04 01:10:34 | WARNING | Imagen inexistente: img/players/378269.webp (se usara default.webp).
2026-10-04 01:10:34 | WARNING | Imagen inexistente: img/players/378272.webp (se usara default.webp).
2026-10-04 01:10:34 | WARNING | Imagen inexistente: img/players/378273.webp (se usara default.webp).
2026-10-04 01:10:34 | WARNING | Imagen inexistente: img/players/378274.webp (se usara default.webp).
2026-10-04 01:10:34 | WARNING | Imagen inexistente: img/players/378295.webp (se usara default.webp).
2026-10-04 01:10:34 | WARNING | Imagen inexistente: img/players/378297.webp (se usara default.webp).
2026-10-04 01:10:34 | WARNING | Imagen inexistente: img/players/378298.webp (se usara default.webp).
2026-10-04 01:10:34 | WARNING | Imagen inexistente: img/players/378299.webp (se usara default.webp).
2026-10-04 01:10:34 | WARNING | Imagen inexistente: img/players/378300.webp (se usara default.webp).
2026-10-04 01:10:34 | WARNING | Imagen inexistente: img/players/378301.webp (se usara default.webp).
2026-10-04 01:10:34 | WARNING | Imagen inexistente: img/players/378302.webp (se usara default.webp).
2026-10-04 01:10:34 | WARNING | Imagen inexistente: img/players/378303.webp (se usara default.webp).
2026-10-04 01:10:34 | WARNING | Imagen inexistente: img/players/378305.webp (se usara default.webp).
2026-10-04 01:10:34 | WARNING | Imagen inexistente: img/players/378315.webp (se usara default.webp).
2026-10-04 01:10:34 | WARNING | Imagen inexistente: img/players/378318.webp (se usara default.webp).
2026-10-04 01:10:34 | WARNING | Imagen inexistente: img/players/378321.webp (se usara default.webp).
2026-10-04 01:10:34 | WARNING | Imagen inexistente: img/players/378325.webp (se usara default.webp).
2026-10-04 01:10:34 | WARNING | Imagen inexistente: img/players/378336.webp (se usara default.webp).
2026-10-04 01:10:34 | WARNING | Imagen inexistente: img/players/378343.webp (se usara default.webp).
2026-10-04 01:10:34 | WARNING | Imagen inexistente: img/players/378385.webp (se usara default.webp).
2026-10-04 01:10:34 | WARNING | Imagen inexistente: img/players/378415.webp (se usara default.webp).
2026-10-04 01:10:34 | WARNING | Imagen inexistente: img/players/378424.webp (se usara default.webp).
2026-10-04 01:10:34 | WARNING | Imagen inexistente: img/players/378425.webp (se usara default.webp).
2026-10-04 01:10:34 | WARNING | Imagen inexistente: img/players/378438.webp (se usara default.webp).
2026-10-04 01:10:34 | WARNING | Imagen inexistente: img/players/378445.webp (se usara default.webp).
2026-10-04 01:10:34 | WARNING | Imagen inexistente: img/players/378452.webp (se usara default.webp).
2026-10-04 01:10:34 | WARNING | Imagen inexistente: img/players/378453.webp (se usara default.webp).
2026-10-04 01:10:34 | WARNING | Imagen inexistente: img/players/378454.webp (se usara default.webp).
2026-10-04 01:10:34 | WARNING | Imagen inexistente: img/players/378455.webp (se usara default.webp).
2026-10-04 01:10:34 | WARNING | Imagen inexistente: img/players/378457.webp (se usara default.webp).
2026-10-04 01:10:34 | WARNING | Imagen inexistente: img/players/378473.webp (se usara default.webp).
2026-10-04 01:10:34 | WARNING | Imagen inexistente: img/players/378474.webp (se usara default.webp).
2026-10-04 01:10:34 | WARNING | Imagen inexistente: img/players/378480.webp (se usara default.webp).
2026-10-04 01:10:34 | WARNING | Imagen inexistente: img/players/378481.webp (se usara default.webp).
2026-10-04 01:10:34 | WARNING | Imagen inexistente: img/players/378482.webp (se usara default.webp).
2026-10-04 01:10:34 | WARNING | Imagen inexistente: img/players/378483.webp (se usara default.webp).
2026-10-04 01:10:34 | WARNING | Imagen inexistente: img/players/378503.webp (se usara default.webp).
2026-10-04 01:10:34 | WARNING | Imagen inexistente: img/players/378504.webp (se usara default.webp).
2026-10-04 01:10:34 | WARNING | Imagen inexistente: img/players/378505.webp (se usara default.webp).
2026-10-04 01:10:34 | WARNING | Imagen inexistente: img/players/378506.webp (se usara default.webp).
2026-10-04 01:10:34 | WARNING | Imagen inexistente: img/players/378507.webp (se usara default.webp).
2026-10-04 01:10:34 | WARNING | Imagen inexistente: img/players/378508.webp (se usara default.webp).
2026-10-04 01:10:34 | WARNING | Imagen inexistente: img/players/378511.webp (se usara default.webp).
2026-10-04 01:10:34 | WARNING | Imagen inexistente: img/players/378512.webp (se usara default.webp).
2026-10-04 01:10:34 | WARNING | Imagen inexistente: img/players/378513.webp (se usara default.webp).
2026-10-04 01:10:34 | WARNING | Imagen inexistente: img/players/378514.webp (se usara default.webp).
2026-10-04 01:10:34 | WARNING | Imagen inexistente: img/players/378515.webp (se usara default.webp).
2026-10-04 01:10:34 | WARNING | Imagen inexistente: img/players/378516.webp (se usara default.webp).
2026-10-04 01:10:34 | WARNING | Imagen inexistente: img/players/378517.webp (se usara default.webp).
2026-10-04 01:10:34 | WARNING | Imagen inexistente: img/players/378520.webp (se usara default.webp).
2026-10-04 01:10:34 | WARNING | Imagen inexistente: img/players/378577.webp (se usara default.webp).
2026-10-04 01:10:34 | WARNING | Imagen inexistente: img/players/378578.webp (se usara default.webp).
2026-10-04 01:10:34 | WARNING | Imagen inexistente: img/players/378753.webp (se usara default.webp).
2026-10-04 01:10:34 | WARNING | Imagen inexistente: img/players/379220.webp (se usara default.webp).
2026-10-04 01:10:34 | WARNING | Imagen inexistente: img/players/379793.webp (se usara default.webp).
2026-10-04 01:10:34 | WARNING | Imagen inexistente: img/players/379824.webp (se usara default.webp).
2026-10-04 01:10:34 | WARNING | Imagen inexistente: img/players/379866.webp (se usara default.webp).
2026-10-04 01:10:34 | WARNING | Imagen inexistente: img/players/379975.webp (se usara default.webp).
2026-10-04 01:10:34 | WARNING | Imagen inexistente: img/players/380133.webp (se usara default.webp).
2026-10-04 01:10:34 | WARNING | Imagen inexistente: img/players/1073741862.webp (se usara default.webp).
2026-10-04 01:10:34 | WARNING | Imagen inexistente: img/players/1073741896.webp (se usara default.webp).
2026-10-04 01:10:34 | WARNING | Imagen inexistente: img/players/1073745125.webp (se usara default.webp).
2026-10-04 01:10:34 | WARNING | Imagen inexistente: img/players/1073745168.webp (se usara default.webp).
2026-10-04 01:10:34 | WARNING | Imagen inexistente: img/players/1073745173.webp (se usara default.webp).
2026-10-04 01:10:34 | WARNING | Imagen inexistente: img/players/1073745215.webp (se usara default.webp).
2026-10-04 01:10:34 | WARNING | Imagen inexistente: img/players/1073746322.webp (se usara default.webp).
2026-10-04 01:10:34 | WARNING | Imagen inexistente: img/players/1073746625.webp (se usara default.webp).
2026-10-04 01:10:34 | WARNING | Imagen inexistente: img/players/1073747731.webp (se usara default.webp).
2026-10-04 01:10:34 | WARNING | Imagen inexistente: img/players/1073748261.webp (se usara default.webp).
2026-10-04 01:10:34 | WARNING | Imagen inexistente: img/players/1073750808.webp (se usara default.webp).
2026-10-04 01:10:34 | WARNING | Imagen inexistente: img/players/1073752393.webp (se usara default.webp).
2026-10-04 01:10:34 | WARNING | Imagen inexistente: img/players/1073752847.webp (se usara default.webp).
2026-10-04 01:10:34 | WARNING | Imagen inexistente: img/players/1073752883.webp (se usara default.webp).
2026-10-04 01:10:34 | WARNING | Imagen inexistente: img/players/1073754105.webp (se usara default.webp).
2026-10-04 01:10:34 | WARNING | Imagen inexistente: img/players/1073754203.webp (se usara default.webp).
2026-10-04 01:10:34 | WARNING | Imagen inexistente: img/players/1073754285.webp (se usara default.webp).
2026-10-04 01:10:34 | WARNING | Imagen inexistente: img/players/1073754288.webp (se usara default.webp).
2026-10-04 01:10:34 | WARNING | Imagen inexistente: img/players/1073754487.webp (se usara default.webp).
2026-10-04 01:10:34 | WARNING | Imagen inexistente: img/players/1073756827.webp (se usara default.webp).
2026-10-04 01:10:34 | WARNING | Imagen inexistente: img/players/1073756853.webp (se usara default.webp).
2026-10-04 01:10:34 | WARNING | Imagen inexistente: img/players/1073756859.webp (se usara default.webp).
2026-10-04 01:10:34 | WARNING | Imagen inexistente: img/players/1073756876.webp (se usara default.webp).
2026-10-04 01:10:34 | WARNING | Imagen inexistente: img/players/1073756899.webp (se usara default.webp).
2026-10-04 01:10:34 | WARNING | Imagen inexistente: img/players/1073756915.webp (se usara default.webp).
2026-10-04 01:10:34 | WARNING | Imagen inexistente: img/players/1073756924.webp (se usara default.webp).
2026-10-04 01:10:34 | WARNING | Imagen inexistente: img/players/1073757007.webp (se usara default.webp).
2026-10-04 01:10:34 | WARNING | Imagen inexistente: img/players/1073757098.webp (se usara default.webp).
2026-10-04 01:10:34 | WARNING | Imagen inexistente: img/players/1073757136.webp (se usara default.webp).
2026-10-04 01:10:34 | WARNING | Imagen inexistente: img/players/1073757276.webp (se usara default.webp).
2026-10-04 01:10:34 | WARNING | Imagen inexistente: img/players/1073757333.webp (se usara default.webp).
2026-10-04 01:10:34 | WARNING | Imagen inexistente: img/players/1073757345.webp (se usara default.webp).
2026-10-04 01:10:34 | WARNING | Imagen inexistente: img/players/1073757359.webp (se usara default.webp).
2026-10-04 01:10:34 | WARNING | Imagen inexistente: img/players/1073757621.webp (se usara default.webp).
2026-10-04 01:10:34 | WARNING | Imagen inexistente: img/players/1073757690.webp (se usara default.webp).
2026-10-04 01:10:34 | WARNING | Imagen inexistente: img/players/1073757699.webp (se usara default.webp).
2026-10-04 01:10:34 | WARNING | Imagen inexistente: img/players/1073757740.webp (se usara default.webp).
2026-10-04 01:10:34 | WARNING | Imagen inexistente: img/players/1073757816.webp (se usara default.webp).
2026-10-04 01:10:34 | WARNING | Imagen inexistente: img/players/1073757843.webp (se usara default.webp).
2026-10-04 01:10:34 | WARNING | Imagen inexistente: img/players/1073757844.webp (se usara default.webp).
2026-10-04 01:10:34 | WARNING | Imagen inexistente: img/players/1073757853.webp (se usara default.webp).
2026-10-04 01:10:34 | WARNING | Imagen inexistente: img/players/1073757900.webp (se usara default.webp).
2026-10-04 01:10:34 | WARNING | Imagen inexistente: img/players/1073757966.webp (se usara default.webp).
2026-10-04 01:10:34 | WARNING | Imagen inexistente: img/players/1073757995.webp (se usara default.webp).
2026-10-04 01:10:34 | WARNING | Imagen inexistente: img/players/1073757997.webp (se usara default.webp).
2026-10-04 01:10:34 | WARNING | Imagen inexistente: img/players/1073757998.webp (se usara default.webp).
2026-10-04 01:10:34 | WARNING | Imagen inexistente: img/players/1073758003.webp (se usara default.webp).
2026-10-04 01:10:34 | WARNING | Imagen inexistente: img/players/1073758004.webp (se usara default.webp).
2026-10-04 01:10:34 | WARNING | Imagen inexistente: img/players/1073758008.webp (se usara default.webp).
2026-10-04 01:10:34 | WARNING | Imagen inexistente: img/players/1073758009.webp (se usara default.webp).
2026-10-04 01:10:34 | WARNING | Imagen inexistente: img/players/1073758030.webp (se usara default.webp).
2026-10-04 01:10:34 | WARNING | Imagen inexistente: img/players/1073758043.webp (se usara default.webp).
2026-10-04 01:10:34 | WARNING | Imagen inexistente: img/players/1073758077.webp (se usara default.webp).
2026-10-04 01:10:34 | WARNING | Imagen inexistente: img/players/1073758104.webp (se usara default.webp).
2026-10-04 01:10:34 | WARNING | Imagen inexistente: img/players/1073758129.webp (se usara default.webp).
2026-10-04 01:10:34 | WARNING | Imagen inexistente: img/players/1073758167.webp (se usara default.webp).
2026-10-04 01:10:34 | WARNING | Imagen inexistente: img/players/1073758169.webp (se usara default.webp).
2026-10-04 01:10:34 | WARNING | Imagen inexistente: img/players/1073758171.webp (se usara default.webp).
2026-10-04 01:10:34 | WARNING | Imagen inexistente: img/players/1073758172.webp (se usara default.webp).
2026-10-04 01:10:34 | WARNING | Imagen inexistente: img/players/1073758183.webp (se usara default.webp).
2026-10-04 01:10:34 | WARNING | Imagen inexistente: img/players/1073758193.webp (se usara default.webp).
2026-10-04 01:10:34 | WARNING | Imagen inexistente: img/players/1073758196.webp (se usara default.webp).
2026-10-04 01:10:34 | WARNING | Imagen inexistente: img/players/1073758224.webp (se usara default.webp).
2026-10-04 01:10:34 | WARNING | Imagen inexistente: img/players/1073758225.webp (se usara default.webp).
2026-10-04 01:10:34 | WARNING | Imagen inexistente: img/players/1073758248.webp (se usara default.webp).
2026-10-04 01:10:34 | WARNING | Imagen inexistente: img/players/1073758276.webp (se usara default.webp).
2026-10-04 01:10:34 | WARNING | Imagen inexistente: img/players/1073758280.webp (se usara default.webp).
2026-10-04 01:10:34 | WARNING | Imagen inexistente: img/players/1073758323.webp (se usara default.webp).
2026-10-04 01:10:34 | WARNING | Imagen inexistente: img/players/1073758404.webp (se usara default.webp).
2026-10-04 01:10:34 | WARNING | Imagen inexistente: img/players/1073758407.webp (se usara default.webp).
2026-10-04 01:10:34 | WARNING | Imagen inexistente: img/players/1073758410.webp (se usara default.webp).
2026-10-04 01:10:34 | WARNING | Imagen inexistente: img/players/1073758449.webp (se usara default.webp).
2026-10-04 01:10:34 | WARNING | Imagen inexistente: img/players/1073758454.webp (se usara default.webp).
2026-10-04 01:10:34 | WARNING | Imagen inexistente: img/players/1073758496.webp (se usara default.webp).
2026-10-04 01:10:34 | WARNING | Imagen inexistente: img/players/1073758539.webp (se usara default.webp).
2026-10-04 01:10:34 | WARNING | Imagen inexistente: img/players/1073758647.webp (se usara default.webp).
2026-10-04 01:10:34 | WARNING | Imagen inexistente: img/players/1073758660.webp (se usara default.webp).
2026-10-04 01:10:34 | WARNING | Imagen inexistente: img/players/1073758694.webp (se usara default.webp).
2026-10-04 01:10:34 | WARNING | Imagen inexistente: img/players/1073772292.webp (se usara default.webp).
2026-10-04 01:10:34 | WARNING | Imagen inexistente: img/players/1073772380.webp (se usara default.webp).
2026-10-04 01:10:34 | WARNING | Imagen inexistente: img/players/1073772383.webp (se usara default.webp).
2026-10-04 01:10:34 | WARNING | Imagen inexistente: img/players/1073772624.webp (se usara default.webp).
2026-10-04 01:10:34 | WARNING | Imagen inexistente: img/players/1073773661.webp (se usara default.webp).
2026-10-04 01:10:34 | WARNING | Imagen inexistente: img/players/1073773723.webp (se usara default.webp).
2026-10-04 01:10:34 | WARNING | Imagen inexistente: img/players/1073775403.webp (se usara default.webp).
2026-10-04 01:10:34 | WARNING | Imagen inexistente: img/players/1073775645.webp (se usara default.webp).
2026-10-04 01:10:34 | WARNING | Imagen inexistente: img/players/1073775646.webp (se usara default.webp).
2026-10-04 01:10:34 | WARNING | Imagen inexistente: img/players/1073775648.webp (se usara default.webp).
2026-10-04 01:10:34 | WARNING | Imagen inexistente: img/players/1073775864.webp (se usara default.webp).
2026-10-04 01:10:34 | WARNING | Imagen inexistente: img/players/1073775865.webp (se usara default.webp).
2026-10-04 01:10:34 | WARNING | Imagen inexistente: img/players/1073775875.webp (se usara default.webp).
2026-10-04 01:10:34 | WARNING | Imagen inexistente: img/players/1073775977.webp (se usara default.webp).
2026-10-04 01:10:34 | WARNING | Imagen inexistente: img/players/1073776243.webp (se usara default.webp).
2026-10-04 01:10:34 | WARNING | Imagen inexistente: img/players/1073777041.webp (se usara default.webp).
2026-10-04 01:10:34 | WARNING | Imagen inexistente: img/players/1073777451.webp (se usara default.webp).
2026-10-04 01:10:34 | WARNING | Imagen inexistente: img/players/1073778000.webp (se usara default.webp).
2026-10-04 01:10:34 | WARNING | Imagen inexistente: img/players/1073778137.webp (se usara default.webp).
2026-10-04 01:10:34 | WARNING | Imagen inexistente: img/players/1073778583.webp (se usara default.webp).
2026-10-04 01:10:34 | WARNING | Imagen inexistente: img/players/1073778741.webp (se usara default.webp).
2026-10-04 01:10:34 | WARNING | Imagen inexistente: img/players/1073779374.webp (se usara default.webp).
2026-10-04 01:10:34 | WARNING | Imagen inexistente: img/players/1073779409.webp (se usara default.webp).
2026-10-04 01:10:34 | WARNING | Imagen inexistente: img/players/1073779424.webp (se usara default.webp).
2026-10-04 01:10:34 | WARNING | Imagen inexistente: img/players/1073779638.webp (se usara default.webp).
2026-10-04 01:10:34 | WARNING | Imagen inexistente: img/players/1073780599.webp (se usara default.webp).
2026-10-04 01:10:34 | WARNING | Imagen inexistente: img/players/1073780786.webp (se usara default.webp).
2026-10-04 01:10:34 | WARNING | Imagen inexistente: img/players/1073780788.webp (se usara default.webp).
2026-10-04 01:10:34 | WARNING | Imagen inexistente: img/players/1073780789.webp (se usara default.webp).
2026-10-04 01:10:34 | WARNING | Imagen inexistente: img/players/1073780807.webp (se usara default.webp).
2026-10-04 01:10:34 | WARNING | Imagen inexistente: img/players/1073780820.webp (se usara default.webp).
2026-10-04 01:10:34 | WARNING | Imagen inexistente: img/players/1073780823.webp (se usara default.webp).
2026-10-04 01:10:34 | WARNING | Imagen inexistente: img/players/1073780847.webp (se usara default.webp).
2026-10-04 01:10:34 | WARNING | Imagen inexistente: img/players/1073780853.webp (se usara default.webp).
2026-10-04 01:10:34 | WARNING | Imagen inexistente: img/players/1073781010.webp (se usara default.webp).
2026-10-04 01:10:34 | WARNING | Imagen inexistente: img/players/1073781594.webp (se usara default.webp).
2026-10-04 01:10:34 | WARNING | Imagen inexistente: img/players/1073781646.webp (se usara default.webp).
2026-10-04 01:10:34 | WARNING | Imagen inexistente: img/players/1073781647.webp (se usara default.webp).
2026-10-04 01:10:34 | WARNING | Imagen inexistente: img/players/1073781704.webp (se usara default.webp).
2026-10-04 01:10:34 | WARNING | Imagen inexistente: img/players/1073781705.webp (se usara default.webp).
2026-10-04 01:10:34 | WARNING | Imagen inexistente: img/players/1073781862.webp (se usara default.webp).
2026-10-04 01:10:34 | WARNING | Imagen inexistente: img/players/1073782200.webp (se usara default.webp).
2026-10-04 01:10:34 | WARNING | Imagen inexistente: img/players/1073782615.webp (se usara default.webp).
2026-10-04 01:10:34 | WARNING | Imagen inexistente: img/players/1073782848.webp (se usara default.webp).
2026-10-04 01:10:34 | WARNING | Imagen inexistente: img/players/1073784168.webp (se usara default.webp).
2026-10-04 01:10:34 | WARNING | Imagen inexistente: img/players/1073785257.webp (se usara default.webp).
2026-10-04 01:10:34 | WARNING | Imagen inexistente: img/players/1073787170.webp (se usara default.webp).
2026-10-04 01:10:34 | WARNING | Imagen inexistente: img/players/1073787310.webp (se usara default.webp).
2026-10-04 01:10:34 | WARNING | Imagen inexistente: img/players/1073787714.webp (se usara default.webp).
2026-10-04 01:10:34 | WARNING | Imagen inexistente: img/players/1073787929.webp (se usara default.webp).
2026-10-04 01:10:34 | WARNING | Imagen inexistente: img/players/1073787932.webp (se usara default.webp).
2026-10-04 01:10:34 | WARNING | Imagen inexistente: img/players/1073789813.webp (se usara default.webp).
2026-10-04 01:10:34 | WARNING | Imagen inexistente: img/players/1073798894.webp (se usara default.webp).
2026-10-04 01:10:34 | WARNING | Imagen inexistente: img/players/1073798914.webp (se usara default.webp).
2026-10-04 01:10:34 | WARNING | Imagen inexistente: img/players/1073798919.webp (se usara default.webp).
2026-10-04 01:10:34 | WARNING | Imagen inexistente: img/players/1073798923.webp (se usara default.webp).
2026-10-04 01:10:34 | WARNING | Imagen inexistente: img/players/1073798928.webp (se usara default.webp).
2026-10-04 01:10:34 | WARNING | Imagen inexistente: img/players/1073798929.webp (se usara default.webp).
2026-10-04 01:10:34 | WARNING | Imagen inexistente: img/players/1073798930.webp (se usara default.webp).
2026-10-04 01:10:34 | WARNING | Imagen inexistente: img/players/1073798931.webp (se usara default.webp).
2026-10-04 01:10:34 | WARNING | Imagen inexistente: img/players/1073798933.webp (se usara default.webp).
2026-10-04 01:10:34 | WARNING | Imagen inexistente: img/players/1073798934.webp (se usara default.webp).
2026-10-04 01:10:34 | WARNING | Imagen inexistente: img/players/1073798935.webp (se usara default.webp).
2026-10-04 01:10:34 | WARNING | Imagen inexistente: img/players/1073798937.webp (se usara default.webp).
2026-10-04 01:10:34 | WARNING | Imagen inexistente: img/players/1073798938.webp (se usara default.webp).
2026-10-04 01:10:34 | WARNING | Imagen inexistente: img/players/1073799203.webp (se usara default.webp).
2026-10-04 01:10:34 | WARNING | Imagen inexistente: img/players/1073800243.webp (se usara default.webp).
2026-10-04 01:10:34 | WARNING | Imagen inexistente: img/players/1073800271.webp (se usara default.webp).
2026-10-04 01:10:34 | WARNING | Imagen inexistente: img/players/1073800276.webp (se usara default.webp).
2026-10-04 01:10:34 | WARNING | Imagen inexistente: img/players/1073800279.webp (se usara default.webp).
2026-10-04 01:10:34 | WARNING | Imagen inexistente: img/players/1073800280.webp (se usara default.webp).
2026-10-04 01:10:34 | WARNING | Imagen inexistente: img/players/1073800296.webp (se usara default.webp).
2026-10-04 01:10:34 | WARNING | Imagen inexistente: img/players/1073800307.webp (se usara default.webp).
2026-10-04 01:10:34 | WARNING | Imagen inexistente: img/players/1073800311.webp (se usara default.webp).
2026-10-04 01:10:34 | WARNING | Imagen inexistente: img/players/1073800319.webp (se usara default.webp).
2026-10-04 01:10:34 | WARNING | Imagen inexistente: img/players/1073800355.webp (se usara default.webp).
2026-10-04 01:10:34 | WARNING | Imagen inexistente: img/players/1073800370.webp (se usara default.webp).
2026-10-04 01:10:34 | WARNING | Imagen inexistente: img/players/1073800371.webp (se usara default.webp).
2026-10-04 01:10:34 | WARNING | Imagen inexistente: img/players/1073800649.webp (se usara default.webp).
2026-10-04 01:10:34 | WARNING | Imagen inexistente: img/players/1073800687.webp (se usara default.webp).
2026-10-04 01:10:34 | WARNING | Imagen inexistente: img/players/1073800690.webp (se usara default.webp).
2026-10-04 01:10:34 | WARNING | Imagen inexistente: img/players/1073800692.webp (se usara default.webp).
2026-10-04 01:10:34 | WARNING | Imagen inexistente: img/players/1073800696.webp (se usara default.webp).
2026-10-04 01:10:34 | WARNING | Imagen inexistente: img/players/1073800698.webp (se usara default.webp).
2026-10-04 01:10:34 | WARNING | Imagen inexistente: img/players/1073800702.webp (se usara default.webp).
2026-10-04 01:10:34 | WARNING | Imagen inexistente: img/players/1073800703.webp (se usara default.webp).
2026-10-04 01:10:34 | WARNING | Imagen inexistente: img/players/1073800706.webp (se usara default.webp).
2026-10-04 01:10:34 | WARNING | Imagen inexistente: img/players/1073800708.webp (se usara default.webp).
2026-10-04 01:10:34 | WARNING | Imagen inexistente: img/players/1073800710.webp (se usara default.webp).
2026-10-04 01:10:34 | WARNING | Imagen inexistente: img/players/1073800714.webp (se usara default.webp).
2026-10-04 01:10:34 | WARNING | Imagen inexistente: img/players/1073800716.webp (se usara default.webp).
2026-10-04 01:10:34 | WARNING | Imagen inexistente: img/players/1073800719.webp (se usara default.webp).
2026-10-04 01:10:34 | WARNING | Imagen inexistente: img/players/1073800736.webp (se usara default.webp).
2026-10-04 01:10:34 | WARNING | Imagen inexistente: img/players/1073800741.webp (se usara default.webp).
2026-10-04 01:10:34 | WARNING | Imagen inexistente: img/players/1073800744.webp (se usara default.webp).
2026-10-04 01:10:34 | WARNING | Imagen inexistente: img/players/1073800775.webp (se usara default.webp).
2026-10-04 01:10:34 | WARNING | Imagen inexistente: img/players/1073800776.webp (se usara default.webp).
2026-10-04 01:10:34 | WARNING | Imagen inexistente: img/players/1073800777.webp (se usara default.webp).
2026-10-04 01:10:34 | WARNING | Imagen inexistente: img/players/1073800779.webp (se usara default.webp).
2026-10-04 01:10:34 | WARNING | Imagen inexistente: img/players/1073800781.webp (se usara default.webp).
2026-10-04 01:10:34 | WARNING | Imagen inexistente: img/players/1073800782.webp (se usara default.webp).
2026-10-04 01:10:34 | WARNING | Imagen inexistente: img/players/1073800789.webp (se usara default.webp).
2026-10-04 01:10:34 | WARNING | Imagen inexistente: img/players/1073800799.webp (se usara default.webp).
2026-10-04 01:10:34 | WARNING | Imagen inexistente: img/players/1073800811.webp (se usara default.webp).
2026-10-04 01:10:34 | WARNING | Imagen inexistente: img/players/1073800817.webp (se usara default.webp).
2026-10-04 01:10:34 | WARNING | Imagen inexistente: img/players/1073800819.webp (se usara default.webp).
2026-10-04 01:10:34 | WARNING | Imagen inexistente: img/players/1073800855.webp (se usara default.webp).
2026-10-04 01:10:34 | WARNING | Imagen inexistente: img/players/1073800857.webp (se usara default.webp).
2026-10-04 01:10:34 | WARNING | Imagen inexistente: img/players/1073800861.webp (se usara default.webp).
2026-10-04 01:10:34 | WARNING | Imagen inexistente: img/players/1073800864.webp (se usara default.webp).
2026-10-04 01:10:34 | WARNING | Imagen inexistente: img/players/1073800865.webp (se usara default.webp).
2026-10-04 01:10:34 | WARNING | Imagen inexistente: img/players/1073800869.webp (se usara default.webp).
2026-10-04 01:10:34 | WARNING | Imagen inexistente: img/players/1073800920.webp (se usara default.webp).
2026-10-04 01:10:34 | WARNING | Imagen inexistente: img/players/1073800930.webp (se usara default.webp).
2026-10-04 01:10:34 | WARNING | Imagen inexistente: img/players/1073800932.webp (se usara default.webp).
2026-10-04 01:10:34 | WARNING | Imagen inexistente: img/players/1073800944.webp (se usara default.webp).
2026-10-04 01:10:34 | WARNING | Imagen inexistente: img/players/1073800946.webp (se usara default.webp).
2026-10-04 01:10:34 | WARNING | Imagen inexistente: img/players/1073801406.webp (se usara default.webp).
2026-10-04 01:10:34 | WARNING | Imagen inexistente: img/players/1073801679.webp (se usara default.webp).
2026-10-04 01:10:34 | WARNING | Imagen inexistente: img/players/1073801687.webp (se usara default.webp).
2026-10-04 01:10:34 | WARNING | Imagen inexistente: img/players/1073801724.webp (se usara default.webp).
2026-10-04 01:10:34 | WARNING | Imagen inexistente: img/players/1073801725.webp (se usara default.webp).
2026-10-04 01:10:34 | WARNING | Imagen inexistente: img/players/1073801726.webp (se usara default.webp).
2026-10-04 01:10:34 | WARNING | Imagen inexistente: img/players/1073801727.webp (se usara default.webp).
2026-10-04 01:10:34 | WARNING | Imagen inexistente: img/players/1073801756.webp (se usara default.webp).
2026-10-04 01:10:34 | WARNING | Imagen inexistente: img/players/1073801796.webp (se usara default.webp).
2026-10-04 01:10:34 | WARNING | Imagen inexistente: img/players/1073801800.webp (se usara default.webp).
2026-10-04 01:10:34 | WARNING | Imagen inexistente: img/players/1073801802.webp (se usara default.webp).
2026-10-04 01:10:34 | WARNING | Imagen inexistente: img/players/1073802227.webp (se usara default.webp).
2026-10-04 01:10:34 | WARNING | Imagen inexistente: img/players/1073802236.webp (se usara default.webp).
2026-10-04 01:10:34 | WARNING | Imagen inexistente: img/players/1073802758.webp (se usara default.webp).
2026-10-04 01:10:34 | WARNING | Imagen inexistente: img/players/1073803081.webp (se usara default.webp).
2026-10-04 01:10:34 | WARNING | Imagen inexistente: img/players/1073803085.webp (se usara default.webp).
2026-10-04 01:10:34 | WARNING | Imagen inexistente: img/players/1073803089.webp (se usara default.webp).
2026-10-04 01:10:34 | WARNING | Imagen inexistente: img/players/1073803145.webp (se usara default.webp).
2026-10-04 01:10:34 | WARNING | Imagen inexistente: img/players/1073803157.webp (se usara default.webp).
2026-10-04 01:10:34 | WARNING | Imagen inexistente: img/players/1073803237.webp (se usara default.webp).
2026-10-04 01:10:34 | WARNING | Imagen inexistente: img/players/1073804971.webp (se usara default.webp).
2026-10-04 01:10:34 | WARNING | Imagen inexistente: img/players/1073805027.webp (se usara default.webp).
2026-10-04 01:10:34 | WARNING | Imagen inexistente: img/players/1073805031.webp (se usara default.webp).
2026-10-04 01:10:34 | WARNING | Imagen inexistente: img/players/1073805124.webp (se usara default.webp).
2026-10-04 01:10:34 | WARNING | Imagen inexistente: img/players/1073805217.webp (se usara default.webp).
2026-10-04 01:10:34 | WARNING | Imagen inexistente: img/players/1073805280.webp (se usara default.webp).
2026-10-04 01:10:34 | WARNING | Imagen inexistente: img/players/1073805353.webp (se usara default.webp).
2026-10-04 01:10:34 | WARNING | Imagen inexistente: img/players/1073805359.webp (se usara default.webp).
2026-10-04 01:10:34 | WARNING | Imagen inexistente: img/players/1073805371.webp (se usara default.webp).
2026-10-04 01:10:34 | WARNING | Imagen inexistente: img/players/1073805394.webp (se usara default.webp).
2026-10-04 01:10:34 | WARNING | Imagen inexistente: img/players/1073805395.webp (se usara default.webp).
2026-10-04 01:10:34 | WARNING | Imagen inexistente: img/players/1073805396.webp (se usara default.webp).
2026-10-04 01:10:34 | WARNING | Imagen inexistente: img/players/1073805692.webp (se usara default.webp).
2026-10-04 01:10:34 | WARNING | Imagen inexistente: img/players/1073805695.webp (se usara default.webp).
2026-10-04 01:10:34 | WARNING | Imagen inexistente: img/players/1073805699.webp (se usara default.webp).
2026-10-04 01:10:34 | WARNING | Imagen inexistente: img/players/1073805702.webp (se usara default.webp).
2026-10-04 01:10:34 | WARNING | Imagen inexistente: img/players/1073805704.webp (se usara default.webp).
2026-10-04 01:10:34 | WARNING | Imagen inexistente: img/players/1073805724.webp (se usara default.webp).
2026-10-04 01:10:34 | WARNING | Imagen inexistente: img/players/1073806561.webp (se usara default.webp).
2026-10-04 01:10:34 | WARNING | Imagen inexistente: img/players/1073806580.webp (se usara default.webp).
2026-10-04 01:10:34 | WARNING | Imagen inexistente: img/players/1073806584.webp (se usara default.webp).
2026-10-04 01:10:34 | WARNING | Imagen inexistente: img/players/1073806600.webp (se usara default.webp).
2026-10-04 01:10:34 | WARNING | Imagen inexistente: img/players/1073806601.webp (se usara default.webp).
2026-10-04 01:10:34 | WARNING | Imagen inexistente: img/players/1073806633.webp (se usara default.webp).
2026-10-04 01:10:34 | WARNING | Imagen inexistente: img/players/1073806637.webp (se usara default.webp).
2026-10-04 01:10:34 | WARNING | Imagen inexistente: img/players/1073806642.webp (se usara default.webp).
2026-10-04 01:10:34 | WARNING | Imagen inexistente: img/players/1073806661.webp (se usara default.webp).
2026-10-04 01:10:34 | WARNING | Imagen inexistente: img/players/1073806662.webp (se usara default.webp).
2026-10-04 01:10:34 | WARNING | Imagen inexistente: img/players/1073806667.webp (se usara default.webp).
2026-10-04 01:10:34 | WARNING | Imagen inexistente: img/players/1073806673.webp (se usara default.webp).
2026-10-04 01:10:34 | WARNING | Imagen inexistente: img/players/1073806676.webp (se usara default.webp).
2026-10-04 01:10:34 | WARNING | Imagen inexistente: img/players/1073806679.webp (se usara default.webp).
2026-10-04 01:10:34 | WARNING | Imagen inexistente: img/players/1073806680.webp (se usara default.webp).
2026-10-04 01:10:34 | WARNING | Imagen inexistente: img/players/1073806695.webp (se usara default.webp).
2026-10-04 01:10:34 | WARNING | Imagen inexistente: img/players/1073806708.webp (se usara default.webp).
2026-10-04 01:10:34 | WARNING | Imagen inexistente: img/players/1073806713.webp (se usara default.webp).
2026-10-04 01:10:34 | WARNING | Imagen inexistente: img/players/1073806720.webp (se usara default.webp).
2026-10-04 01:10:34 | WARNING | Imagen inexistente: img/players/1073806727.webp (se usara default.webp).
2026-10-04 01:10:34 | WARNING | Imagen inexistente: img/players/1073806730.webp (se usara default.webp).
2026-10-04 01:10:34 | WARNING | Imagen inexistente: img/players/1073806731.webp (se usara default.webp).
2026-10-04 01:10:34 | WARNING | Imagen inexistente: img/players/1073806733.webp (se usara default.webp).
2026-10-04 01:10:34 | WARNING | Imagen inexistente: img/players/1073806735.webp (se usara default.webp).
2026-10-04 01:10:34 | WARNING | Imagen inexistente: img/players/1073806737.webp (se usara default.webp).
2026-10-04 01:10:34 | WARNING | Imagen inexistente: img/players/1073806746.webp (se usara default.webp).
2026-10-04 01:10:34 | WARNING | Imagen inexistente: img/players/1073806747.webp (se usara default.webp).
2026-10-04 01:10:34 | WARNING | Imagen inexistente: img/players/1073806753.webp (se usara default.webp).
2026-10-04 01:10:34 | WARNING | Imagen inexistente: img/players/1073806777.webp (se usara default.webp).
2026-10-04 01:10:34 | WARNING | Imagen inexistente: img/players/1073806786.webp (se usara default.webp).
2026-10-04 01:10:34 | WARNING | Imagen inexistente: img/players/1073806791.webp (se usara default.webp).
2026-10-04 01:10:34 | WARNING | Imagen inexistente: img/players/1073806794.webp (se usara default.webp).
2026-10-04 01:10:34 | WARNING | Imagen inexistente: img/players/1073806799.webp (se usara default.webp).
2026-10-04 01:10:34 | WARNING | Imagen inexistente: img/players/1073806807.webp (se usara default.webp).
2026-10-04 01:10:34 | WARNING | Imagen inexistente: img/players/1073806808.webp (se usara default.webp).
2026-10-04 01:10:34 | WARNING | Imagen inexistente: img/players/1073806823.webp (se usara default.webp).
2026-10-04 01:10:34 | WARNING | Imagen inexistente: img/players/1073842680.webp (se usara default.webp).
2026-10-04 01:10:34 | WARNING | Imagen inexistente: img/players/1073843395.webp (se usara default.webp).
2026-10-04 01:10:34 | WARNING | Imagen inexistente: img/players/1073844525.webp (se usara default.webp).
2026-10-04 01:10:34 | WARNING | Imagen inexistente: img/players/1073844528.webp (se usara default.webp).
2026-10-04 01:10:34 | WARNING | Imagen inexistente: img/players/1073844659.webp (se usara default.webp).
2026-10-04 01:10:34 | WARNING | Imagen inexistente: img/players/1073844666.webp (se usara default.webp).
2026-10-04 01:10:34 | WARNING | Imagen inexistente: img/players/1073844760.webp (se usara default.webp).
2026-10-04 01:10:34 | WARNING | Imagen inexistente: img/players/1073844763.webp (se usara default.webp).
2026-10-04 01:10:34 | WARNING | Imagen inexistente: img/players/1073845943.webp (se usara default.webp).
2026-10-04 01:10:34 | WARNING | Imagen inexistente: img/players/1073846757.webp (se usara default.webp).
2026-10-04 01:10:34 | WARNING | Imagen inexistente: img/players/1073846760.webp (se usara default.webp).
2026-10-04 01:10:34 | WARNING | Imagen inexistente: img/players/1073846761.webp (se usara default.webp).
2026-10-04 01:10:34 | WARNING | Imagen inexistente: img/players/1073846810.webp (se usara default.webp).
2026-10-04 01:10:34 | WARNING | Imagen inexistente: img/players/1073846813.webp (se usara default.webp).
2026-10-04 01:10:34 | WARNING | Imagen inexistente: img/players/1073846814.webp (se usara default.webp).
2026-10-04 01:10:34 | WARNING | Imagen inexistente: img/players/1073846816.webp (se usara default.webp).
2026-10-04 01:10:34 | WARNING | Imagen inexistente: img/players/1073847659.webp (se usara default.webp).
2026-10-04 01:10:34 | WARNING | Imagen inexistente: img/players/1073847661.webp (se usara default.webp).
2026-10-04 01:10:34 | WARNING | Imagen inexistente: img/players/1073847663.webp (se usara default.webp).
2026-10-04 01:10:34 | WARNING | Imagen inexistente: img/players/1073847666.webp (se usara default.webp).
2026-10-04 01:10:34 | WARNING | Imagen inexistente: img/players/1073847667.webp (se usara default.webp).
2026-10-04 01:10:34 | WARNING | Imagen inexistente: img/players/1073847671.webp (se usara default.webp).
2026-10-04 01:10:34 | WARNING | Imagen inexistente: img/players/1073847673.webp (se usara default.webp).
2026-10-04 01:10:34 | WARNING | Imagen inexistente: img/players/1073847674.webp (se usara default.webp).
2026-10-04 01:10:34 | WARNING | Imagen inexistente: img/players/1073847677.webp (se usara default.webp).
2026-10-04 01:10:34 | WARNING | Imagen inexistente: img/players/1073847679.webp (se usara default.webp).
2026-10-04 01:10:34 | WARNING | Imagen inexistente: img/players/1073847684.webp (se usara default.webp).
2026-10-04 01:10:34 | WARNING | Imagen inexistente: img/players/1073847690.webp (se usara default.webp).
2026-10-04 01:10:34 | WARNING | Imagen inexistente: img/players/1073847691.webp (se usara default.webp).
2026-10-04 01:10:34 | WARNING | Imagen inexistente: img/players/1073847702.webp (se usara default.webp).
2026-10-04 01:10:34 | WARNING | Imagen inexistente: img/players/1073847730.webp (se usara default.webp).
2026-10-04 01:10:34 | WARNING | Imagen inexistente: img/players/1073847748.webp (se usara default.webp).
2026-10-04 01:10:34 | WARNING | Imagen inexistente: img/players/1073847755.webp (se usara default.webp).
2026-10-04 01:10:34 | WARNING | Imagen inexistente: img/players/1073847763.webp (se usara default.webp).
2026-10-04 01:10:34 | WARNING | Imagen inexistente: img/players/1073847764.webp (se usara default.webp).
2026-10-04 01:10:34 | WARNING | Imagen inexistente: img/players/1073847790.webp (se usara default.webp).
2026-10-04 01:10:34 | WARNING | Imagen inexistente: img/players/1073847802.webp (se usara default.webp).
2026-10-04 01:10:34 | WARNING | Imagen inexistente: img/players/1073847803.webp (se usara default.webp).
2026-10-04 01:10:34 | WARNING | Imagen inexistente: img/players/1073847804.webp (se usara default.webp).
2026-10-04 01:10:34 | WARNING | Imagen inexistente: img/players/1073847807.webp (se usara default.webp).
2026-10-04 01:10:34 | WARNING | Imagen inexistente: img/players/1073847808.webp (se usara default.webp).
2026-10-04 01:10:34 | WARNING | Imagen inexistente: img/players/1073847812.webp (se usara default.webp).
2026-10-04 01:10:34 | WARNING | Imagen inexistente: img/players/1073847820.webp (se usara default.webp).
2026-10-04 01:10:34 | WARNING | Imagen inexistente: img/players/1073847822.webp (se usara default.webp).
2026-10-04 01:10:34 | WARNING | Imagen inexistente: img/players/1073847823.webp (se usara default.webp).
2026-10-04 01:10:34 | WARNING | Imagen inexistente: img/players/1073847826.webp (se usara default.webp).
2026-10-04 01:10:34 | WARNING | Imagen inexistente: img/players/1073847861.webp (se usara default.webp).
2026-10-04 01:10:34 | WARNING | Imagen inexistente: img/players/1073847863.webp (se usara default.webp).
2026-10-04 01:10:34 | WARNING | Imagen inexistente: img/players/1073847866.webp (se usara default.webp).
2026-10-04 01:10:34 | WARNING | Imagen inexistente: img/players/1073847868.webp (se usara default.webp).
2026-10-04 01:10:34 | WARNING | Imagen inexistente: img/players/1073847882.webp (se usara default.webp).
2026-10-04 01:10:34 | WARNING | Imagen inexistente: img/players/1073847887.webp (se usara default.webp).
2026-10-04 01:10:34 | WARNING | Imagen inexistente: img/players/1073847888.webp (se usara default.webp).
2026-10-04 01:10:34 | WARNING | Imagen inexistente: img/players/1073847889.webp (se usara default.webp).
2026-10-04 01:10:34 | WARNING | Imagen inexistente: img/players/1073847892.webp (se usara default.webp).
2026-10-04 01:10:34 | WARNING | Imagen inexistente: img/players/1073847893.webp (se usara default.webp).
2026-10-04 01:10:34 | WARNING | Imagen inexistente: img/players/1073847898.webp (se usara default.webp).
2026-10-04 01:10:34 | WARNING | Imagen inexistente: img/players/1073847902.webp (se usara default.webp).
2026-10-04 01:10:34 | WARNING | Imagen inexistente: img/players/1073847908.webp (se usara default.webp).
2026-10-04 01:10:34 | WARNING | Imagen inexistente: img/players/1073847909.webp (se usara default.webp).
2026-10-04 01:10:34 | WARNING | Imagen inexistente: img/players/1073847912.webp (se usara default.webp).
2026-10-04 01:10:34 | WARNING | Imagen inexistente: img/players/1073847936.webp (se usara default.webp).
2026-10-04 01:10:34 | WARNING | Imagen inexistente: img/players/1073847937.webp (se usara default.webp).
2026-10-04 01:10:34 | WARNING | Imagen inexistente: img/players/1073847938.webp (se usara default.webp).
2026-10-04 01:10:34 | WARNING | Imagen inexistente: img/players/1073847939.webp (se usara default.webp).
2026-10-04 01:10:34 | WARNING | Imagen inexistente: img/players/1073847945.webp (se usara default.webp).
2026-10-04 01:10:34 | WARNING | Imagen inexistente: img/players/1073847949.webp (se usara default.webp).
2026-10-04 01:10:34 | WARNING | Imagen inexistente: img/players/1073847953.webp (se usara default.webp).
2026-10-04 01:10:34 | WARNING | Imagen inexistente: img/players/1073847955.webp (se usara default.webp).
2026-10-04 01:10:34 | WARNING | Imagen inexistente: img/players/1073847957.webp (se usara default.webp).
2026-10-04 01:10:34 | WARNING | Imagen inexistente: img/players/1073847959.webp (se usara default.webp).
2026-10-04 01:10:34 | WARNING | Imagen inexistente: img/players/1073847963.webp (se usara default.webp).
2026-10-04 01:10:34 | WARNING | Imagen inexistente: img/players/1073847968.webp (se usara default.webp).
2026-10-04 01:10:34 | WARNING | Imagen inexistente: img/players/1073847972.webp (se usara default.webp).
2026-10-04 01:10:34 | WARNING | Imagen inexistente: img/players/1073849133.webp (se usara default.webp).
2026-10-04 01:10:34 | WARNING | Imagen inexistente: img/players/1073849200.webp (se usara default.webp).
2026-10-04 01:10:34 | WARNING | Imagen inexistente: img/players/1073849219.webp (se usara default.webp).
2026-10-04 01:10:34 | WARNING | Imagen inexistente: img/players/1073849283.webp (se usara default.webp).
2026-10-04 01:10:34 | WARNING | Imagen inexistente: img/players/1073849290.webp (se usara default.webp).
2026-10-04 01:10:34 | WARNING | Imagen inexistente: img/players/1073849385.webp (se usara default.webp).
2026-10-04 01:10:34 | WARNING | Imagen inexistente: img/players/1073849408.webp (se usara default.webp).
2026-10-04 01:10:34 | WARNING | Imagen inexistente: img/players/1073849488.webp (se usara default.webp).
2026-10-04 01:10:34 | WARNING | Imagen inexistente: img/players/1073849819.webp (se usara default.webp).
2026-10-04 01:10:34 | WARNING | Imagen inexistente: img/players/1073849946.webp (se usara default.webp).
2026-10-04 01:10:34 | WARNING | Imagen inexistente: img/players/1073850054.webp (se usara default.webp).
2026-10-04 01:10:34 | WARNING | Imagen inexistente: img/players/1073850085.webp (se usara default.webp).
2026-10-04 01:10:34 | WARNING | Imagen inexistente: img/players/1073850110.webp (se usara default.webp).
2026-10-04 01:10:34 | WARNING | Imagen inexistente: img/players/1073850271.webp (se usara default.webp).
2026-10-04 01:10:34 | WARNING | Imagen inexistente: img/players/1073850293.webp (se usara default.webp).
2026-10-04 01:10:34 | WARNING | Imagen inexistente: img/players/1073850309.webp (se usara default.webp).
2026-10-04 01:10:34 | WARNING | Imagen inexistente: img/players/1073850312.webp (se usara default.webp).
2026-10-04 01:10:34 | WARNING | Imagen inexistente: img/players/1073850332.webp (se usara default.webp).
2026-10-04 01:10:34 | WARNING | Imagen inexistente: img/players/1073850375.webp (se usara default.webp).
2026-10-04 01:10:34 | WARNING | Imagen inexistente: img/players/1073850505.webp (se usara default.webp).
2026-10-04 01:10:34 | WARNING | Imagen inexistente: img/players/1073852907.webp (se usara default.webp).
2026-10-04 01:10:34 | WARNING | Imagen inexistente: img/players/1073853318.webp (se usara default.webp).
2026-10-04 01:10:34 | WARNING | Imagen inexistente: img/players/1073853321.webp (se usara default.webp).
2026-10-04 01:10:34 | WARNING | Imagen inexistente: img/players/1073853322.webp (se usara default.webp).
2026-10-04 01:10:34 | WARNING | Imagen inexistente: img/players/1073853324.webp (se usara default.webp).
2026-10-04 01:10:34 | WARNING | Imagen inexistente: img/players/1073853326.webp (se usara default.webp).
2026-10-04 01:10:34 | WARNING | Imagen inexistente: img/players/1073853328.webp (se usara default.webp).
2026-10-04 01:10:34 | WARNING | Imagen inexistente: img/players/1073853329.webp (se usara default.webp).
2026-10-04 01:10:34 | WARNING | Imagen inexistente: img/players/1073853330.webp (se usara default.webp).
2026-10-04 01:10:34 | WARNING | Imagen inexistente: img/players/1073853331.webp (se usara default.webp).
2026-10-04 01:10:34 | WARNING | Imagen inexistente: img/players/1073853332.webp (se usara default.webp).
2026-10-04 01:10:34 | WARNING | Imagen inexistente: img/players/1073853333.webp (se usara default.webp).
2026-10-04 01:10:34 | WARNING | Imagen inexistente: img/players/1073853334.webp (se usara default.webp).
2026-10-04 01:10:34 | WARNING | Imagen inexistente: img/players/1073853336.webp (se usara default.webp).
2026-10-04 01:10:34 | WARNING | Imagen inexistente: img/players/1073853337.webp (se usara default.webp).
2026-10-04 01:10:34 | WARNING | Imagen inexistente: img/players/1073853338.webp (se usara default.webp).
2026-10-04 01:10:34 | WARNING | Imagen inexistente: img/players/1073853339.webp (se usara default.webp).
2026-10-04 01:10:34 | WARNING | Imagen inexistente: img/players/1073853340.webp (se usara default.webp).
2026-10-04 01:10:34 | WARNING | Imagen inexistente: img/players/1073853341.webp (se usara default.webp).
2026-10-04 01:10:34 | WARNING | Imagen inexistente: img/players/1073853342.webp (se usara default.webp).
2026-10-04 01:10:34 | WARNING | Imagen inexistente: img/players/1073853344.webp (se usara default.webp).
2026-10-04 01:10:34 | WARNING | Imagen inexistente: img/players/1073853345.webp (se usara default.webp).
2026-10-04 01:10:34 | WARNING | Imagen inexistente: img/players/1073853346.webp (se usara default.webp).
2026-10-04 01:10:34 | WARNING | Imagen inexistente: img/players/1073853347.webp (se usara default.webp).
2026-10-04 01:10:34 | WARNING | Imagen inexistente: img/players/1073853348.webp (se usara default.webp).
2026-10-04 01:10:34 | WARNING | Imagen inexistente: img/players/1073853350.webp (se usara default.webp).
2026-10-04 01:10:34 | WARNING | Imagen inexistente: img/players/1073853351.webp (se usara default.webp).
2026-10-04 01:10:34 | WARNING | Imagen inexistente: img/players/1073853352.webp (se usara default.webp).
2026-10-04 01:10:34 | WARNING | Imagen inexistente: img/players/1073853354.webp (se usara default.webp).
2026-10-04 01:10:34 | WARNING | Imagen inexistente: img/players/1073853383.webp (se usara default.webp).
2026-10-04 01:10:34 | WARNING | Imagen inexistente: img/players/1073853395.webp (se usara default.webp).
2026-10-04 01:10:34 | WARNING | Imagen inexistente: img/players/1073853402.webp (se usara default.webp).
2026-10-04 01:10:34 | WARNING | Imagen inexistente: img/players/1073853405.webp (se usara default.webp).
2026-10-04 01:10:34 | WARNING | Imagen inexistente: img/players/1073853406.webp (se usara default.webp).
2026-10-04 01:10:34 | WARNING | Imagen inexistente: img/players/1073853410.webp (se usara default.webp).
2026-10-04 01:10:34 | WARNING | Imagen inexistente: img/players/1073853417.webp (se usara default.webp).
2026-10-04 01:10:34 | WARNING | Imagen inexistente: img/players/1073853437.webp (se usara default.webp).
2026-10-04 01:10:34 | WARNING | Imagen inexistente: img/players/1073853441.webp (se usara default.webp).
2026-10-04 01:10:34 | WARNING | Imagen inexistente: img/players/1073853443.webp (se usara default.webp).
2026-10-04 01:10:34 | WARNING | Imagen inexistente: img/players/1073853445.webp (se usara default.webp).
2026-10-04 01:10:34 | WARNING | Imagen inexistente: img/players/1073853446.webp (se usara default.webp).
2026-10-04 01:10:34 | WARNING | Imagen inexistente: img/players/1073853447.webp (se usara default.webp).
2026-10-04 01:10:34 | WARNING | Imagen inexistente: img/players/1073853448.webp (se usara default.webp).
2026-10-04 01:10:34 | WARNING | Imagen inexistente: img/players/1073853449.webp (se usara default.webp).
2026-10-04 01:10:34 | WARNING | Imagen inexistente: img/players/1073853450.webp (se usara default.webp).
2026-10-04 01:10:34 | WARNING | Imagen inexistente: img/players/1073853451.webp (se usara default.webp).
2026-10-04 01:10:34 | WARNING | Imagen inexistente: img/players/1073853452.webp (se usara default.webp).
2026-10-04 01:10:34 | WARNING | Imagen inexistente: img/players/1073853453.webp (se usara default.webp).
2026-10-04 01:10:34 | WARNING | Imagen inexistente: img/players/1073853454.webp (se usara default.webp).
2026-10-04 01:10:34 | WARNING | Imagen inexistente: img/players/1073853457.webp (se usara default.webp).
2026-10-04 01:10:34 | WARNING | Imagen inexistente: img/players/1073853458.webp (se usara default.webp).
2026-10-04 01:10:34 | WARNING | Imagen inexistente: img/players/1073853465.webp (se usara default.webp).
2026-10-04 01:10:34 | WARNING | Imagen inexistente: img/players/1073853466.webp (se usara default.webp).
2026-10-04 01:10:34 | WARNING | Imagen inexistente: img/players/1073853482.webp (se usara default.webp).
2026-10-04 01:10:34 | WARNING | Imagen inexistente: img/players/1073853483.webp (se usara default.webp).
2026-10-04 01:10:34 | WARNING | Imagen inexistente: img/players/1073853484.webp (se usara default.webp).
2026-10-04 01:10:34 | WARNING | Imagen inexistente: img/players/1073853485.webp (se usara default.webp).
2026-10-04 01:10:34 | WARNING | Imagen inexistente: img/players/1073853486.webp (se usara default.webp).
2026-10-04 01:10:34 | WARNING | Imagen inexistente: img/players/1073853521.webp (se usara default.webp).
2026-10-04 01:10:34 | WARNING | Imagen inexistente: img/players/1073853537.webp (se usara default.webp).
2026-10-04 01:10:34 | WARNING | Imagen inexistente: img/players/1073853544.webp (se usara default.webp).
2026-10-04 01:10:34 | WARNING | Imagen inexistente: img/players/1073853546.webp (se usara default.webp).
2026-10-04 01:10:34 | WARNING | Imagen inexistente: img/players/1073853549.webp (se usara default.webp).
2026-10-04 01:10:34 | WARNING | Imagen inexistente: img/players/1073853558.webp (se usara default.webp).
2026-10-04 01:10:34 | WARNING | Imagen inexistente: img/players/1073853561.webp (se usara default.webp).
2026-10-04 01:10:34 | WARNING | Imagen inexistente: img/players/1073853590.webp (se usara default.webp).
2026-10-04 01:10:34 | WARNING | Imagen inexistente: img/players/1073853593.webp (se usara default.webp).
2026-10-04 01:10:34 | WARNING | Imagen inexistente: img/players/1073853596.webp (se usara default.webp).
2026-10-04 01:10:34 | WARNING | Imagen inexistente: img/players/1073853598.webp (se usara default.webp).
2026-10-04 01:10:34 | WARNING | Imagen inexistente: img/players/1073853599.webp (se usara default.webp).
2026-10-04 01:10:34 | WARNING | Imagen inexistente: img/players/1073853602.webp (se usara default.webp).
2026-10-04 01:10:34 | WARNING | Imagen inexistente: img/players/1073853966.webp (se usara default.webp).
2026-10-04 01:10:34 | WARNING | Imagen inexistente: img/players/1073853970.webp (se usara default.webp).
2026-10-04 01:10:34 | WARNING | Imagen inexistente: img/players/1073857219.webp (se usara default.webp).
2026-10-04 01:10:34 | WARNING | Imagen inexistente: img/players/1073857221.webp (se usara default.webp).
2026-10-04 01:10:34 | WARNING | Imagen inexistente: img/players/1073857223.webp (se usara default.webp).
2026-10-04 01:10:34 | WARNING | Imagen inexistente: img/players/1073857229.webp (se usara default.webp).
2026-10-04 01:10:34 | WARNING | Imagen inexistente: img/players/1073857230.webp (se usara default.webp).
2026-10-04 01:10:34 | WARNING | Imagen inexistente: img/players/1073857231.webp (se usara default.webp).
2026-10-04 01:10:34 | WARNING | Imagen inexistente: img/players/1073857233.webp (se usara default.webp).
2026-10-04 01:10:34 | WARNING | Imagen inexistente: img/players/1073857235.webp (se usara default.webp).
2026-10-04 01:10:34 | WARNING | Imagen inexistente: img/players/1073857238.webp (se usara default.webp).
2026-10-04 01:10:34 | WARNING | Imagen inexistente: img/players/1073857239.webp (se usara default.webp).
2026-10-04 01:10:34 | WARNING | Imagen inexistente: img/players/1073857240.webp (se usara default.webp).
2026-10-04 01:10:34 | WARNING | Imagen inexistente: img/players/1073857241.webp (se usara default.webp).
2026-10-04 01:10:34 | WARNING | Imagen inexistente: img/players/1073857242.webp (se usara default.webp).
2026-10-04 01:10:34 | WARNING | Imagen inexistente: img/players/1073857243.webp (se usara default.webp).
2026-10-04 01:10:34 | WARNING | Imagen inexistente: img/players/1073857246.webp (se usara default.webp).
2026-10-04 01:10:34 | WARNING | Imagen inexistente: img/players/1073857248.webp (se usara default.webp).
2026-10-04 01:10:34 | WARNING | Imagen inexistente: img/players/1073857250.webp (se usara default.webp).
2026-10-04 01:10:34 | WARNING | Imagen inexistente: img/players/1073857254.webp (se usara default.webp).
2026-10-04 01:10:34 | WARNING | Imagen inexistente: img/players/1073857259.webp (se usara default.webp).
2026-10-04 01:10:34 | WARNING | Imagen inexistente: img/players/1073857261.webp (se usara default.webp).
2026-10-04 01:10:34 | WARNING | Imagen inexistente: img/players/1073857262.webp (se usara default.webp).
2026-10-04 01:10:34 | WARNING | Imagen inexistente: img/players/1073857263.webp (se usara default.webp).
2026-10-04 01:10:34 | WARNING | Imagen inexistente: img/players/1073857265.webp (se usara default.webp).
2026-10-04 01:10:34 | WARNING | Imagen inexistente: img/players/1073857266.webp (se usara default.webp).
2026-10-04 01:10:34 | WARNING | Imagen inexistente: img/players/1073857267.webp (se usara default.webp).
2026-10-04 01:10:34 | WARNING | Imagen inexistente: img/players/1073857270.webp (se usara default.webp).
2026-10-04 01:10:34 | WARNING | Imagen inexistente: img/players/1073857273.webp (se usara default.webp).
2026-10-04 01:10:34 | WARNING | Imagen inexistente: img/players/1073857276.webp (se usara default.webp).
2026-10-04 01:10:34 | WARNING | Imagen inexistente: img/players/1073857278.webp (se usara default.webp).
2026-10-04 01:10:34 | WARNING | Imagen inexistente: img/players/1073857279.webp (se usara default.webp).
2026-10-04 01:10:34 | WARNING | Imagen inexistente: img/players/1073857281.webp (se usara default.webp).
2026-10-04 01:10:34 | WARNING | Imagen inexistente: img/players/1073857286.webp (se usara default.webp).
2026-10-04 01:10:34 | WARNING | Imagen inexistente: img/players/1073857287.webp (se usara default.webp).
2026-10-04 01:10:34 | WARNING | Imagen inexistente: img/players/1073857288.webp (se usara default.webp).
2026-10-04 01:10:34 | WARNING | Imagen inexistente: img/players/1073857289.webp (se usara default.webp).
2026-10-04 01:10:34 | WARNING | Imagen inexistente: img/players/1073857290.webp (se usara default.webp).
2026-10-04 01:10:34 | WARNING | Imagen inexistente: img/players/1073857291.webp (se usara default.webp).
2026-10-04 01:10:34 | WARNING | Imagen inexistente: img/players/1073857292.webp (se usara default.webp).
2026-10-04 01:10:34 | WARNING | Imagen inexistente: img/players/1073857293.webp (se usara default.webp).
2026-10-04 01:10:34 | WARNING | Imagen inexistente: img/players/1073857295.webp (se usara default.webp).
2026-10-04 01:10:34 | WARNING | Imagen inexistente: img/players/1073857296.webp (se usara default.webp).
2026-10-04 01:10:34 | WARNING | Imagen inexistente: img/players/1073857297.webp (se usara default.webp).
2026-10-04 01:10:34 | WARNING | Imagen inexistente: img/players/1073857299.webp (se usara default.webp).
2026-10-04 01:10:34 | WARNING | Imagen inexistente: img/players/1073857300.webp (se usara default.webp).
2026-10-04 01:10:34 | WARNING | Imagen inexistente: img/players/1073857301.webp (se usara default.webp).
2026-10-04 01:10:34 | WARNING | Imagen inexistente: img/players/1073857302.webp (se usara default.webp).
2026-10-04 01:10:34 | WARNING | Imagen inexistente: img/players/1073857303.webp (se usara default.webp).
2026-10-04 01:10:34 | WARNING | Imagen inexistente: img/players/1073857305.webp (se usara default.webp).
2026-10-04 01:10:34 | WARNING | Imagen inexistente: img/players/1073857306.webp (se usara default.webp).
2026-10-04 01:10:34 | WARNING | Imagen inexistente: img/players/1073857307.webp (se usara default.webp).
2026-10-04 01:10:34 | WARNING | Imagen inexistente: img/players/1073857308.webp (se usara default.webp).
2026-10-04 01:10:34 | WARNING | Imagen inexistente: img/players/1073857309.webp (se usara default.webp).
2026-10-04 01:10:34 | WARNING | Imagen inexistente: img/players/1073857310.webp (se usara default.webp).
2026-10-04 01:10:34 | WARNING | Imagen inexistente: img/players/1073857311.webp (se usara default.webp).
2026-10-04 01:10:34 | WARNING | Imagen inexistente: img/players/1073857312.webp (se usara default.webp).
2026-10-04 01:10:34 | WARNING | Imagen inexistente: img/players/1073857313.webp (se usara default.webp).
2026-10-04 01:10:34 | WARNING | Imagen inexistente: img/players/1073857315.webp (se usara default.webp).
2026-10-04 01:10:34 | WARNING | Imagen inexistente: img/players/1073857316.webp (se usara default.webp).
2026-10-04 01:10:34 | WARNING | Imagen inexistente: img/players/1073857317.webp (se usara default.webp).
2026-10-04 01:10:34 | WARNING | Imagen inexistente: img/players/1073857318.webp (se usara default.webp).
2026-10-04 01:10:34 | WARNING | Imagen inexistente: img/players/1073857319.webp (se usara default.webp).
2026-10-04 01:10:34 | WARNING | Imagen inexistente: img/players/1073857320.webp (se usara default.webp).
2026-10-04 01:10:34 | WARNING | Imagen inexistente: img/players/1073857321.webp (se usara default.webp).
2026-10-04 01:10:34 | WARNING | Imagen inexistente: img/players/1073857322.webp (se usara default.webp).
2026-10-04 01:10:34 | WARNING | Imagen inexistente: img/players/1073857323.webp (se usara default.webp).
2026-10-04 01:10:34 | WARNING | Imagen inexistente: img/players/1073857324.webp (se usara default.webp).
2026-10-04 01:10:34 | WARNING | Imagen inexistente: img/players/1073857325.webp (se usara default.webp).
2026-10-04 01:10:34 | WARNING | Imagen inexistente: img/players/1073857327.webp (se usara default.webp).
2026-10-04 01:10:34 | WARNING | Imagen inexistente: img/players/1073857328.webp (se usara default.webp).
2026-10-04 01:10:34 | WARNING | Imagen inexistente: img/players/1073857329.webp (se usara default.webp).
2026-10-04 01:10:34 | WARNING | Imagen inexistente: img/players/1073857331.webp (se usara default.webp).
2026-10-04 01:10:34 | WARNING | Imagen inexistente: img/players/1073857332.webp (se usara default.webp).
2026-10-04 01:10:34 | WARNING | Imagen inexistente: img/players/1073857373.webp (se usara default.webp).
2026-10-04 01:10:34 | WARNING | Imagen inexistente: img/players/1073857374.webp (se usara default.webp).
2026-10-04 01:10:34 | WARNING | Imagen inexistente: img/players/1073857375.webp (se usara default.webp).
2026-10-04 01:10:34 | WARNING | Imagen inexistente: img/players/1073857376.webp (se usara default.webp).
2026-10-04 01:10:34 | WARNING | Imagen inexistente: img/players/1073857377.webp (se usara default.webp).
2026-10-04 01:10:34 | WARNING | Imagen inexistente: img/players/1073857378.webp (se usara default.webp).
2026-10-04 01:10:34 | WARNING | Imagen inexistente: img/players/1073857380.webp (se usara default.webp).
2026-10-04 01:10:34 | WARNING | Imagen inexistente: img/players/1073857382.webp (se usara default.webp).
2026-10-04 01:10:34 | WARNING | Imagen inexistente: img/players/1073857383.webp (se usara default.webp).
2026-10-04 01:10:34 | WARNING | Imagen inexistente: img/players/1073857384.webp (se usara default.webp).
2026-10-04 01:10:34 | WARNING | Imagen inexistente: img/players/1073857385.webp (se usara default.webp).
2026-10-04 01:10:34 | WARNING | Imagen inexistente: img/players/1073857386.webp (se usara default.webp).
2026-10-04 01:10:34 | WARNING | Imagen inexistente: img/players/1073857387.webp (se usara default.webp).
2026-10-04 01:10:34 | WARNING | Imagen inexistente: img/players/1073857388.webp (se usara default.webp).
2026-10-04 01:10:34 | WARNING | Imagen inexistente: img/players/1073857389.webp (se usara default.webp).
2026-10-04 01:10:34 | WARNING | Imagen inexistente: img/players/1073857390.webp (se usara default.webp).
2026-10-04 01:10:34 | WARNING | Imagen inexistente: img/players/1073857393.webp (se usara default.webp).
2026-10-04 01:10:34 | WARNING | Imagen inexistente: img/players/1073857395.webp (se usara default.webp).
2026-10-04 01:10:34 | WARNING | Imagen inexistente: img/players/1073857396.webp (se usara default.webp).
2026-10-04 01:10:34 | WARNING | Imagen inexistente: img/players/1073857397.webp (se usara default.webp).
2026-10-04 01:10:34 | WARNING | Imagen inexistente: img/players/1073857398.webp (se usara default.webp).
2026-10-04 01:10:34 | WARNING | Imagen inexistente: img/players/1073857399.webp (se usara default.webp).
2026-10-04 01:10:34 | WARNING | Imagen inexistente: img/players/1073857402.webp (se usara default.webp).
2026-10-04 01:10:34 | WARNING | Imagen inexistente: img/players/1073857404.webp (se usara default.webp).
2026-10-04 01:10:34 | WARNING | Imagen inexistente: img/players/1073857405.webp (se usara default.webp).
2026-10-04 01:10:34 | WARNING | Imagen inexistente: img/players/1073857406.webp (se usara default.webp).
2026-10-04 01:10:34 | WARNING | Imagen inexistente: img/players/1073857408.webp (se usara default.webp).
2026-10-04 01:10:34 | WARNING | Imagen inexistente: img/players/1073857409.webp (se usara default.webp).
2026-10-04 01:10:34 | WARNING | Imagen inexistente: img/players/1073857410.webp (se usara default.webp).
2026-10-04 01:10:34 | WARNING | Imagen inexistente: img/players/1073857412.webp (se usara default.webp).
2026-10-04 01:10:34 | WARNING | Imagen inexistente: img/players/1073857413.webp (se usara default.webp).
2026-10-04 01:10:34 | WARNING | Imagen inexistente: img/players/1073857414.webp (se usara default.webp).
2026-10-04 01:10:34 | WARNING | Imagen inexistente: img/players/1073857422.webp (se usara default.webp).
2026-10-04 01:10:34 | WARNING | Imagen inexistente: img/players/1073857423.webp (se usara default.webp).
2026-10-04 01:10:34 | WARNING | Imagen inexistente: img/players/1073857424.webp (se usara default.webp).
2026-10-04 01:10:34 | WARNING | Imagen inexistente: img/players/1073857426.webp (se usara default.webp).
2026-10-04 01:10:34 | WARNING | Imagen inexistente: img/players/1073857428.webp (se usara default.webp).
2026-10-04 01:10:34 | WARNING | Imagen inexistente: img/players/1073857429.webp (se usara default.webp).
2026-10-04 01:10:34 | WARNING | Imagen inexistente: img/players/1073857432.webp (se usara default.webp).
2026-10-04 01:10:34 | WARNING | Imagen inexistente: img/players/1073857433.webp (se usara default.webp).
2026-10-04 01:10:34 | WARNING | Imagen inexistente: img/players/1073857437.webp (se usara default.webp).
2026-10-04 01:10:34 | WARNING | Imagen inexistente: img/players/1073857442.webp (se usara default.webp).
2026-10-04 01:10:34 | WARNING | Imagen inexistente: img/players/1073857443.webp (se usara default.webp).
2026-10-04 01:10:34 | WARNING | Imagen inexistente: img/players/1073857445.webp (se usara default.webp).
2026-10-04 01:10:34 | WARNING | Imagen inexistente: img/players/1073857448.webp (se usara default.webp).
2026-10-04 01:10:34 | WARNING | Imagen inexistente: img/players/1073857449.webp (se usara default.webp).
2026-10-04 01:10:34 | WARNING | Imagen inexistente: img/players/1073857450.webp (se usara default.webp).
2026-10-04 01:10:34 | WARNING | Imagen inexistente: img/players/1073857451.webp (se usara default.webp).
2026-10-04 01:10:34 | WARNING | Imagen inexistente: img/players/1073857452.webp (se usara default.webp).
2026-10-04 01:10:34 | WARNING | Imagen inexistente: img/players/1073857453.webp (se usara default.webp).
2026-10-04 01:10:34 | WARNING | Imagen inexistente: img/players/1073857454.webp (se usara default.webp).
2026-10-04 01:10:34 | WARNING | Imagen inexistente: img/players/1073857456.webp (se usara default.webp).
2026-10-04 01:10:34 | WARNING | Imagen inexistente: img/players/1073857458.webp (se usara default.webp).
2026-10-04 01:10:34 | WARNING | Imagen inexistente: img/players/1073857459.webp (se usara default.webp).
2026-10-04 01:10:34 | WARNING | Imagen inexistente: img/players/1073857460.webp (se usara default.webp).
2026-10-04 01:10:34 | WARNING | Imagen inexistente: img/players/1073857461.webp (se usara default.webp).
2026-10-04 01:10:34 | WARNING | Imagen inexistente: img/players/1073857463.webp (se usara default.webp).
2026-10-04 01:10:34 | WARNING | Imagen inexistente: img/players/1073857464.webp (se usara default.webp).
2026-10-04 01:10:34 | WARNING | Imagen inexistente: img/players/1073857467.webp (se usara default.webp).
2026-10-04 01:10:34 | WARNING | Imagen inexistente: img/players/1073857481.webp (se usara default.webp).
2026-10-04 01:10:34 | WARNING | Imagen inexistente: img/players/1073857482.webp (se usara default.webp).
2026-10-04 01:10:34 | WARNING | Imagen inexistente: img/players/1073857484.webp (se usara default.webp).
2026-10-04 01:10:34 | WARNING | Imagen inexistente: img/players/1073857485.webp (se usara default.webp).
2026-10-04 01:10:34 | WARNING | Imagen inexistente: img/players/1073857487.webp (se usara default.webp).
2026-10-04 01:10:34 | WARNING | Imagen inexistente: img/players/1073857489.webp (se usara default.webp).
2026-10-04 01:10:34 | WARNING | Imagen inexistente: img/players/1073857491.webp (se usara default.webp).
2026-10-04 01:10:34 | WARNING | Imagen inexistente: img/players/1073857492.webp (se usara default.webp).
2026-10-04 01:10:34 | WARNING | Imagen inexistente: img/players/1073857493.webp (se usara default.webp).
2026-10-04 01:10:34 | WARNING | Imagen inexistente: img/players/1073857494.webp (se usara default.webp).
2026-10-04 01:10:34 | WARNING | Imagen inexistente: img/players/1073857496.webp (se usara default.webp).
2026-10-04 01:10:34 | WARNING | Imagen inexistente: img/players/1073857497.webp (se usara default.webp).
2026-10-04 01:10:34 | WARNING | Imagen inexistente: img/players/1073857498.webp (se usara default.webp).
2026-10-04 01:10:34 | WARNING | Imagen inexistente: img/players/1073857500.webp (se usara default.webp).
2026-10-04 01:10:34 | WARNING | Imagen inexistente: img/players/1073857501.webp (se usara default.webp).
2026-10-04 01:10:34 | WARNING | Imagen inexistente: img/players/1073857502.webp (se usara default.webp).
2026-10-04 01:10:34 | WARNING | Imagen inexistente: img/players/1073857503.webp (se usara default.webp).
2026-10-04 01:10:34 | WARNING | Imagen inexistente: img/players/1073857504.webp (se usara default.webp).
2026-10-04 01:10:34 | WARNING | Imagen inexistente: img/players/1073857506.webp (se usara default.webp).
2026-10-04 01:10:34 | WARNING | Imagen inexistente: img/players/1073857507.webp (se usara default.webp).
2026-10-04 01:10:34 | WARNING | Imagen inexistente: img/players/1073857508.webp (se usara default.webp).
2026-10-04 01:10:34 | WARNING | Imagen inexistente: img/players/1073857509.webp (se usara default.webp).
2026-10-04 01:10:34 | WARNING | Imagen inexistente: img/players/1073857510.webp (se usara default.webp).
2026-10-04 01:10:34 | WARNING | Imagen inexistente: img/players/1073857512.webp (se usara default.webp).
2026-10-04 01:10:34 | WARNING | Imagen inexistente: img/players/1073857513.webp (se usara default.webp).
2026-10-04 01:10:34 | WARNING | Imagen inexistente: img/players/1073857514.webp (se usara default.webp).
2026-10-04 01:10:34 | WARNING | Imagen inexistente: img/players/1073857515.webp (se usara default.webp).
2026-10-04 01:10:34 | WARNING | Imagen inexistente: img/players/1073857516.webp (se usara default.webp).
2026-10-04 01:10:34 | WARNING | Imagen inexistente: img/players/1073857520.webp (se usara default.webp).
2026-10-04 01:10:34 | WARNING | Imagen inexistente: img/players/1073857522.webp (se usara default.webp).
2026-10-04 01:10:34 | WARNING | Imagen inexistente: img/players/1073857524.webp (se usara default.webp).
2026-10-04 01:10:34 | WARNING | Imagen inexistente: img/players/1073857525.webp (se usara default.webp).
2026-10-04 01:10:34 | WARNING | Imagen inexistente: img/players/1073857526.webp (se usara default.webp).
2026-10-04 01:10:34 | WARNING | Imagen inexistente: img/players/1073857527.webp (se usara default.webp).
2026-10-04 01:10:34 | WARNING | Imagen inexistente: img/players/1073857528.webp (se usara default.webp).
2026-10-04 01:10:34 | WARNING | Imagen inexistente: img/players/1073857529.webp (se usara default.webp).
2026-10-04 01:10:34 | WARNING | Imagen inexistente: img/players/1073857530.webp (se usara default.webp).
2026-10-04 01:10:34 | WARNING | Imagen inexistente: img/players/1073857531.webp (se usara default.webp).
2026-10-04 01:10:34 | WARNING | Imagen inexistente: img/players/1073857533.webp (se usara default.webp).
2026-10-04 01:10:34 | WARNING | Imagen inexistente: img/players/1073857534.webp (se usara default.webp).
2026-10-04 01:10:34 | WARNING | Imagen inexistente: img/players/1073857536.webp (se usara default.webp).
2026-10-04 01:10:34 | WARNING | Imagen inexistente: img/players/1073857537.webp (se usara default.webp).
2026-10-04 01:10:34 | WARNING | Imagen inexistente: img/players/1073857538.webp (se usara default.webp).
2026-10-04 01:10:34 | WARNING | Imagen inexistente: img/players/1073857539.webp (se usara default.webp).
2026-10-04 01:10:34 | WARNING | Imagen inexistente: img/players/1073857541.webp (se usara default.webp).
2026-10-04 01:10:34 | WARNING | Imagen inexistente: img/players/1073857542.webp (se usara default.webp).
2026-10-04 01:10:34 | WARNING | Imagen inexistente: img/players/1073857543.webp (se usara default.webp).
2026-10-04 01:10:34 | WARNING | Imagen inexistente: img/players/1073857544.webp (se usara default.webp).
2026-10-04 01:10:34 | WARNING | Imagen inexistente: img/players/1073857545.webp (se usara default.webp).
2026-10-04 01:10:34 | WARNING | Imagen inexistente: img/players/1073857546.webp (se usara default.webp).
2026-10-04 01:10:34 | WARNING | Imagen inexistente: img/players/1073857547.webp (se usara default.webp).
2026-10-04 01:10:34 | WARNING | Imagen inexistente: img/players/1073857549.webp (se usara default.webp).
2026-10-04 01:10:34 | WARNING | Imagen inexistente: img/players/1073857550.webp (se usara default.webp).
2026-10-04 01:10:34 | WARNING | Imagen inexistente: img/players/1073857552.webp (se usara default.webp).
2026-10-04 01:10:34 | WARNING | Imagen inexistente: img/players/1073857553.webp (se usara default.webp).
2026-10-04 01:10:34 | WARNING | Imagen inexistente: img/players/1073857554.webp (se usara default.webp).
2026-10-04 01:10:34 | WARNING | Imagen inexistente: img/players/1073857556.webp (se usara default.webp).
2026-10-04 01:10:34 | WARNING | Imagen inexistente: img/players/1073857557.webp (se usara default.webp).
2026-10-04 01:10:34 | WARNING | Imagen inexistente: img/players/1073857559.webp (se usara default.webp).
2026-10-04 01:10:34 | WARNING | Imagen inexistente: img/players/1073857560.webp (se usara default.webp).
2026-10-04 01:10:34 | WARNING | Imagen inexistente: img/players/1073857561.webp (se usara default.webp).
2026-10-04 01:10:34 | WARNING | Imagen inexistente: img/players/1073857562.webp (se usara default.webp).
2026-10-04 01:10:34 | WARNING | Imagen inexistente: img/players/1073857563.webp (se usara default.webp).
2026-10-04 01:10:34 | WARNING | Imagen inexistente: img/players/1073857565.webp (se usara default.webp).
2026-10-04 01:10:34 | WARNING | Imagen inexistente: img/players/1073857566.webp (se usara default.webp).
2026-10-04 01:10:34 | WARNING | Imagen inexistente: img/players/1073857567.webp (se usara default.webp).
2026-10-04 01:10:34 | WARNING | Imagen inexistente: img/players/1073857568.webp (se usara default.webp).
2026-10-04 01:10:34 | WARNING | Imagen inexistente: img/players/1073857569.webp (se usara default.webp).
2026-10-04 01:10:34 | WARNING | Imagen inexistente: img/players/1073857570.webp (se usara default.webp).
2026-10-04 01:10:34 | WARNING | Imagen inexistente: img/players/1073857571.webp (se usara default.webp).
2026-10-04 01:10:34 | WARNING | Imagen inexistente: img/players/1073857572.webp (se usara default.webp).
2026-10-04 01:10:34 | WARNING | Imagen inexistente: img/players/1073857573.webp (se usara default.webp).
2026-10-04 01:10:34 | WARNING | Imagen inexistente: img/players/1073857574.webp (se usara default.webp).
2026-10-04 01:10:34 | WARNING | Imagen inexistente: img/players/1073857575.webp (se usara default.webp).
2026-10-04 01:10:34 | WARNING | Imagen inexistente: img/players/1073857576.webp (se usara default.webp).
2026-10-04 01:10:34 | WARNING | Imagen inexistente: img/players/1073857577.webp (se usara default.webp).
2026-10-04 01:10:34 | WARNING | Imagen inexistente: img/players/1073857578.webp (se usara default.webp).
2026-10-04 01:10:34 | WARNING | Imagen inexistente: img/players/1073857579.webp (se usara default.webp).
2026-10-04 01:10:34 | WARNING | Imagen inexistente: img/players/1073857580.webp (se usara default.webp).
2026-10-04 01:10:34 | WARNING | Imagen inexistente: img/players/1073857581.webp (se usara default.webp).
2026-10-04 01:10:34 | WARNING | Imagen inexistente: img/players/1073857582.webp (se usara default.webp).
2026-10-04 01:10:34 | WARNING | Imagen inexistente: img/players/1073857583.webp (se usara default.webp).
2026-10-04 01:10:34 | WARNING | Imagen inexistente: img/players/1073857584.webp (se usara default.webp).
2026-10-04 01:10:34 | WARNING | Imagen inexistente: img/players/1073857587.webp (se usara default.webp).
2026-10-04 01:10:34 | WARNING | Imagen inexistente: img/players/1073857588.webp (se usara default.webp).
2026-10-04 01:10:34 | WARNING | Imagen inexistente: img/players/1073857589.webp (se usara default.webp).
2026-10-04 01:10:34 | WARNING | Imagen inexistente: img/players/1073857590.webp (se usara default.webp).
2026-10-04 01:10:34 | WARNING | Imagen inexistente: img/players/1073857591.webp (se usara default.webp).
2026-10-04 01:10:34 | WARNING | Imagen inexistente: img/players/1073857592.webp (se usara default.webp).
2026-10-04 01:10:34 | WARNING | Imagen inexistente: img/players/1073857594.webp (se usara default.webp).
2026-10-04 01:10:34 | WARNING | Imagen inexistente: img/players/1073857595.webp (se usara default.webp).
2026-10-04 01:10:34 | WARNING | Imagen inexistente: img/players/1073857596.webp (se usara default.webp).
2026-10-04 01:10:34 | WARNING | Imagen inexistente: img/players/1073857597.webp (se usara default.webp).
2026-10-04 01:10:34 | WARNING | Imagen inexistente: img/players/1073857598.webp (se usara default.webp).
2026-10-04 01:10:34 | WARNING | Imagen inexistente: img/players/1073857599.webp (se usara default.webp).
2026-10-04 01:10:34 | WARNING | Imagen inexistente: img/players/1073857600.webp (se usara default.webp).
2026-10-04 01:10:34 | ERROR | Fuente inexistente: D:\Agustín\Webs\Base-de-datos\Herramientas\Recursos\Base-de-datos\DTs\config.csv.
2026-10-04 01:10:34 | ERROR | No hay entrenadores en el CSV maestro Herramientas/Recursos/Base-de-datos/DTs/config.csv.
2026-10-04 01:10:34 | INFO | Fuente cargada: D:\Agustín\Webs\Base-de-datos\database\tacticas.csv (33 filas).
2026-10-04 01:10:34 | INFO | Fuente cargada: D:\Agustín\Webs\Base-de-datos\database\tacticas-metadata.csv (33 filas).
2026-10-04 01:11:10 | INFO | Fuente cargada: D:\Agustín\Webs\Base-de-datos\database\tacticas.csv (33 filas).
2026-10-04 01:11:10 | INFO | Fuente cargada: D:\Agustín\Webs\Base-de-datos\database\tacticas-metadata.csv (33 filas).
2026-10-04 01:11:10 | WARNING | Táctica river-2018-2019: entrenador_id inexistente gallardo-2018.
2026-10-04 01:11:10 | INFO | Fuente cargada: D:\Agustín\Webs\Base-de-datos\database\tacticas\teams\river-2018-2019\players.csv (11 filas).
2026-10-04 01:11:10 | INFO | Fuente cargada: D:\Agustín\Webs\Base-de-datos\database\tacticas\teams\boca-2000-2001\players.csv (11 filas).
2026-10-04 01:11:10 | INFO | Fuente cargada: D:\Agustín\Webs\Base-de-datos\database\tacticas\teams\paises-bajos-1978\players.csv (11 filas).
2026-10-04 01:11:10 | INFO | Fuente cargada: D:\Agustín\Webs\Base-de-datos\database\tacticas\teams\river-maquina-1941-1945\players.csv (11 filas).
2026-10-04 01:11:10 | WARNING | Táctica barcelona-2010-2011: entrenador_id inexistente guardiola-2026.
2026-10-04 01:11:10 | INFO | Fuente cargada: D:\Agustín\Webs\Base-de-datos\database\tacticas\teams\barcelona-2010-2011\players.csv (11 filas).
2026-10-04 01:11:10 | INFO | Fuente cargada: D:\Agustín\Webs\Base-de-datos\database\tacticas\teams\ac-milan-1988-90\players.csv (11 filas).
2026-10-04 01:11:10 | INFO | Fuente cargada: D:\Agustín\Webs\Base-de-datos\database\tacticas\teams\arsenal-2003-2004\players.csv (11 filas).
2026-10-04 01:11:10 | INFO | Fuente cargada: D:\Agustín\Webs\Base-de-datos\database\tacticas\teams\brasil-1970\players.csv (11 filas).
2026-10-04 01:11:10 | WARNING | Táctica inter-2009-2010: entrenador_id inexistente mourinho-2026.
2026-10-04 01:11:10 | INFO | Fuente cargada: D:\Agustín\Webs\Base-de-datos\database\tacticas\teams\inter-2009-2010\players.csv (11 filas).
2026-10-04 01:11:10 | INFO | Fuente cargada: D:\Agustín\Webs\Base-de-datos\database\tacticas\teams\real-madrid-2016-2018\players.csv (11 filas).
2026-10-04 01:11:10 | INFO | Fuente cargada: D:\Agustín\Webs\Base-de-datos\database\tacticas\teams\liverpool-2018-2020\players.csv (11 filas).
2026-10-04 01:11:10 | INFO | Fuente cargada: D:\Agustín\Webs\Base-de-datos\database\tacticas\teams\espana-2010\players.csv (11 filas).
2026-10-04 01:11:10 | INFO | Fuente cargada: D:\Agustín\Webs\Base-de-datos\database\tacticas\teams\ajax-1994-1995\players.csv (11 filas).
2026-10-04 01:11:10 | INFO | Fuente cargada: D:\Agustín\Webs\Base-de-datos\database\tacticas\teams\manchester-united-1998-1999\players.csv (11 filas).
2026-10-04 01:11:10 | INFO | Fuente cargada: D:\Agustín\Webs\Base-de-datos\database\tacticas\teams\bayern-munich-2012-2013\players.csv (11 filas).
2026-10-04 01:11:10 | WARNING | Táctica chelsea-2004-2005: entrenador_id inexistente mourinho-2026.
2026-10-04 01:11:10 | INFO | Fuente cargada: D:\Agustín\Webs\Base-de-datos\database\tacticas\teams\chelsea-2004-2005\players.csv (11 filas).
2026-10-04 01:11:10 | INFO | Fuente cargada: D:\Agustín\Webs\Base-de-datos\database\tacticas\teams\real-madrid-2001-2002\players.csv (11 filas).
2026-10-04 01:11:10 | WARNING | Táctica manchester-city-2022-2023: entrenador_id inexistente guardiola-2026.
2026-10-04 01:11:10 | INFO | Fuente cargada: D:\Agustín\Webs\Base-de-datos\database\tacticas\teams\manchester-city-2022-2023\players.csv (11 filas).
2026-10-04 01:11:10 | INFO | Fuente cargada: D:\Agustín\Webs\Base-de-datos\database\tacticas\teams\argentina-1986\players.csv (11 filas).
2026-10-04 01:11:10 | INFO | Fuente cargada: D:\Agustín\Webs\Base-de-datos\database\tacticas\teams\francia-1998\players.csv (11 filas).
2026-10-04 01:11:10 | INFO | Fuente cargada: D:\Agustín\Webs\Base-de-datos\database\tacticas\teams\juventus-2014-2015\players.csv (11 filas).
2026-10-04 01:11:10 | INFO | Fuente cargada: D:\Agustín\Webs\Base-de-datos\database\tacticas\teams\borussia-dortmund-2012-2013\players.csv (11 filas).
2026-10-04 01:11:10 | INFO | Fuente cargada: D:\Agustín\Webs\Base-de-datos\database\tacticas\teams\roma-2000-2001\players.csv (11 filas).
2026-10-04 01:11:10 | INFO | Fuente cargada: D:\Agustín\Webs\Base-de-datos\database\tacticas\teams\psg-2024-2025\players.csv (11 filas).
2026-10-04 01:11:10 | WARNING | Táctica bayer-leverkusen-2023-2024: entrenador_id inexistente xabi alonso-2026.
2026-10-04 01:11:10 | INFO | Fuente cargada: D:\Agustín\Webs\Base-de-datos\database\tacticas\teams\bayer-leverkusen-2023-2024\players.csv (11 filas).
2026-10-04 01:11:10 | INFO | Fuente cargada: D:\Agustín\Webs\Base-de-datos\database\tacticas\teams\atalanta-2023-2024\players.csv (11 filas).
2026-10-04 01:11:10 | INFO | Fuente cargada: D:\Agustín\Webs\Base-de-datos\database\tacticas\teams\leicester-city-2015-2016\players.csv (11 filas).
2026-10-04 01:11:10 | INFO | Fuente cargada: D:\Agustín\Webs\Base-de-datos\database\tacticas\teams\grecia-2004\players.csv (11 filas).
2026-10-04 01:11:10 | WARNING | Táctica porto-2003-2004: entrenador_id inexistente mourinho-2026.
2026-10-04 01:11:10 | INFO | Fuente cargada: D:\Agustín\Webs\Base-de-datos\database\tacticas\teams\porto-2003-2004\players.csv (11 filas).
2026-10-04 01:11:10 | INFO | Fuente cargada: D:\Agustín\Webs\Base-de-datos\database\tacticas\teams\inter-2020-2021\players.csv (11 filas).
2026-10-04 01:11:10 | INFO | Fuente cargada: D:\Agustín\Webs\Base-de-datos\database\tacticas\teams\chile-2015\players.csv (11 filas).
2026-10-04 01:11:10 | INFO | Fuente cargada: D:\Agustín\Webs\Base-de-datos\database\tacticas\teams\italia-2006\players.csv (11 filas).
2026-10-04 01:11:10 | INFO | Fuente cargada: D:\Agustín\Webs\Base-de-datos\database\tacticas\teams\napoli-1986-1987\players.csv (11 filas).
2026-10-04 01:11:10 | INFO | Fuente cargada: D:\Agustín\Webs\Base-de-datos\database\descargas.csv (9 filas).
2026-10-04 01:11:10 | INFO | Fuente cargada: D:\Agustín\Webs\Base-de-datos\database\tutoriales.csv (6 filas).
2026-10-04 01:11:10 | INFO | Fuente opcional ausente: database\novedades.csv.
2026-10-04 01:11:17 | INFO | Fin. ligas=21; equipos=235; jugadores=6447; dts=0; tacticas=33; otros=39; advertencias=5940; errores=2; escritos=5268; sin_cambios=1595; aliases=87; segundos=50.39.
