ID;Jugador;Posicion;Overall antiguo;Overall PES 2018 real;Diferencia
34908;Marcelo;LB;55;40;-15
3603;D. de Rossi;DMF;55;40;-15
9193;Filipe Luis;LB;55;40;-15
35496;G. Bale;RWF;54;40;-14
36998;E. Hazard;LWF;54;40;-14
38240;M. Özil;AMF;54;40;-14
3997;A. Robben;RWF;54;40;-14
2586;Z. Ibrahimović;CF;53;40;-13
30113;R. Palacio;CF;53;40;-13
33079;L. Bonucci;CB;53;40;-13
33633;G. Higuaín;CF;53;40;-13
33702;S. Agüero;CF;53;40;-13
35535;Błaszczykowski;RMF;53;40;-13
36770;T. Kroos;CMF;53;40;-13
40065;D. Mertens;CF;53;40;-13
4073;Iniesta;CMF;53;40;-13
7329;Sergio Ramos;CB;53;40;-13
8851;G. Chiellini;CB;53;40;-13
3673;F. Gattoni;GK;50;40;-10
983;G. Buffon;GK;50;40;-10
109396;R. Ngumoha;LWF;68;75;7
115990;Mateus Mané;LWF;67;74;7
263643;Laura;CMF;47;53;6
41301;J. Mensah;CB;45;51;6
44981;J. Davidson;LB;47;53;6
45195;M. Alhassan;LB;44;50;6
108924;R. Kent;LWF;43;48;5
112857;J. Hill;CB;73;78;5
114779;D. Sumalla;CB;50;55;5
15356;K. Ota;LB;50;55;5
16836;G. Miura;CB;47;52;5
53793;A. Emanetoglu;CB;44;49;5
56237;M. Al-Sarnokh;RB;48;53;5
5870;D. Díaz;CB;52;57;5
60444;Borja López;CB;48;53;5
9591;D. Aogo;LB;52;57;5
40125;C. Kouyaté;DMF;63;58;-5
5024;D. Kuijt;RWF;64;59;-5
53003;Qaatsira;AMF;69;64;-5
54118;M. Jurkaš;GK;72;67;-5
55250;N. Grenville;DMF;64;59;-5
55261;J. Rice;CMF;69;64;-5
55266;M. Yankov;CF;71;66;-5
55269;I. Driessen;LWF;67;62;-5
55278;L. Rimonte;DMF;64;59;-5
55289;J. Bassano;CMF;69;64;-5
55294;A. Blank;CF;71;66;-5
55297;E. Triay;LWF;67;62;-5
55318;Qalnazim;AMF;69;64;-5
55350;Narvarrez;AMF;69;64;-5
56295;L. Toovey;DMF;64;59;-5
56306;Y. Ismat;CMF;69;64;-5
56311;W. Beeson;CF;71;66;-5
56314;W. Aaban;LWF;67;62;-5
100243;L. Nunzella;LB;49;53;4
102618;H. Mastour;AMF;48;52;4
107553;K. Mainoo;CMF;77;81;4
109585;W. Osula;CF;71;75;4
110400;C. Randall;RB;45;49;4
114667;J. Canvot;CB;72;76;4
114782;M. Dowman;RWF;67;71;4
115007;Paulinho;AMF;45;49;4
115786;M. Ellborg;GK;64;68;4
118964;C. McCarthy;CB;54;58;4
15883;D. Suzuki;CB;50;54;4
263619;Manager;CMF;48;52;4
263879;Cura;LB;51;55;4
30013;M. Motta;RB;49;53;4
30173;D. Lugano;CB;53;57;4
32466;José Enrique;LB;49;53;4
32569;S. Bassong;CB;53;57;4
36948;S. Pocognoli;LB;52;56;4
38502;B. Safari;LB;53;57;4
38731;Park Joo-Ho;LB;52;56;4
40463;Botía;CB;55;59;4
40500;F. Kadir;AMF;49;53;4
40745;S. von Bergen;CB;54;58;4
41048;B. Angoua;CB;53;57;4
44688;S. Caulker;CB;54;58;4
53007;Wazlam;CB;47;51;4
53017;Azarqayla;RB;51;55;4
54116;V. Kaidash;CB;47;51;4
55026;M. Qasheesh;LB;52;56;4
55322;Permussen;CB;47;51;4
55332;Jeachim;RB;51;55;4
55354;Reyarzo;CB;47;51;4
55364;Begacerra;RB;51;55;4
58326;S. Delvalle;CB;53;57;4
59984;J. Acosta;CB;53;57;4
61714;B. Wright;CB;53;57;4
63283;Etxeita;CB;54;58;4
7841;B. Assou-Ekotto;LB;51;55;4
9201;S. Taylor;CB;51;55;4
100918;C. N'Doye;CMF;61;57;-4
101199;Benjamin;DMF;64;60;-4
1938;M. Carrick;DMF;66;62;-4
263392;Tristán;DMF;72;68;-4
264281;Lechuga;DMF;71;67;-4
37052;L. Fejsa;DMF;67;63;-4
40278;S. N'Zonzi;DMF;71;67;-4
44355;R. Snodgrass;RWF;63;59;-4
52993;Xia Gqu;DMF;63;59;-4
55308;Mircolian;DMF;63;59;-4
55340;Deparguez;DMF;63;59;-4
55429;K. Byron;DMF;68;64;-4
55960;F. Leys;DMF;71;67;-4
58111;M. Montenegro;CMF;62;58;-4
7084;Felipe Melo;DMF;65;61;-4
8136;B.vandenbussche;GK;68;64;-4
100377;Migue;CB;57;60;3
100527;K. Darlow;GK;73;76;3
101100;R. Keogh;CB;56;59;3
101215;T. Nyoni;CMF;64;67;3
101236;D. Raum;LB;80;83;3
102427;Juan Cámara;LWF;51;54;3
102484;K. Müller;GK;67;70;3
102760;L. Tonelli;CB;58;61;3
102951;A. Pritchard;AMF;71;74;3
103584;Rayan;RWF;76;79;3
104204;Rúben Neves;DMF;82;85;3
104398;E. Kroupi;CF;77;80;3
104932;N. Burns;RWF;52;55;3
1073757844;Y. Kobayashi;RWF;70;73;3
1073800946;I. al Zubaidi;LB;49;52;3
1073801726;Chi-Woo Kim;LB;66;69;3
1073805413;N. Atubolu;GK;76;79;3
1073806695;Mosaab Kheder;RB;52;55;3
1073850085;K. Giyosov;RB;49;52;3
1073853483;R. Khamraev;CB;49;52;3
1073853544;E. Mohamed;CB;51;54;3
1073857266;A. Amonov;CB;53;56;3
107517;Dani Romera;CF;52;55;3
107563;A. Scott;CMF;78;81;3
107869;M. Grimes;DMF;73;76;3
108178;Nacho Monsalve;CB;51;54;3
108209;N. O'reilly;LB;80;83;3
108312;Dewsbury-Hall;CMF;78;81;3
108421;Reine-Adelaide;CMF;49;52;3
108688;J. Trafford;GK;76;79;3
109005;J. Kimmich;DMF;85;88;3
109128;H. Wilson;RWF;78;81;3
109933;D. Domínguez;LB;55;58;3
109968;M. Safonov;GK;80;83;3
110492;L. Montenegro;CB;53;56;3
110556;B. Sheaf;CB;48;51;3
110667;S. Lammens;GK;79;82;3
110674;A. Ćorić;AMF;54;57;3
110758;Nili;RB;50;53;3
110920;C. Willock;LWF;50;53;3
112178;H. Aleesami;LB;54;57;3
112352;J. Risdon;RB;52;55;3
112686;F. Lehmann;GK;58;61;3
112888;N. Fernández;CF;74;77;3
112965;A. Mawson;CB;57;60;3
113908;Saúl Coco;CB;73;76;3
114015;N. Sadiki;CMF;77;80;3
114758;Marc Cardona;CF;50;53;3
114888;Álex Jiménez;RB;76;79;3
115051;L. Đurić;CMF;64;67;3
115357;L. Raffin;CB;55;58;3
115657;S. Kurumaya;LB;49;52;3
115864;E. Le Fée;CMF;77;80;3
116460;R. Yamamoto;DMF;69;72;3
116485;Yuri Alberto;CF;74;77;3
117944;Lee Seung-Woo;LWF;50;53;3
118653;A. Khusanov;CB;79;82;3
118709;P. Schulze;GK;64;67;3
118950;T. Pompei;GK;58;61;3
119151;R. Bellanova;RMF;75;78;3
15267;A. Uchida;RB;55;58;3
15314;Y. Kashiwagi;CMF;53;56;3
16076;T. Ugajin;LMF;51;54;3
16572;Y. Maruyama;CB;51;54;3
16823;N. Ueda;CB;52;55;3
263769;Eusebio;CB;55;58;3
263770;Pulpo;GK;68;71;3
264483;H. Domínguez;RB;54;57;3
30315;S. Bamba;CB;54;57;3
30345;M. Dawson;CB;56;59;3
305364;B. Lowry;RWF;72;75;3
31059;D. Chygrynskiy;CB;55;58;3
319197;H. Ali;RB;60;63;3
32062;M. Andreolli;CB;56;59;3
320970;C. Finzi;RWF;66;69;3
32152;D. Perquis;CB;53;56;3
32890;V. Berezutski;CB;57;60;3
33910;G. Agbonlahor;LWF;53;56;3
34798;M. Antonsson;CB;53;56;3
34964;D. Galloppa;CMF;53;56;3
35191;A. Granqvist;CB;56;59;3
35400;R. Sigurðsson;CB;54;57;3
35498;O. Kucher;CB;58;61;3
35502;Z. Junuzović;AMF;60;63;3
3561;S. Squillaci;CB;53;56;3
36356;P. Kone;CMF;53;56;3
36704;C. Zúñiga;LMF;54;57;3
36795;K. Papadopoulos;CB;56;59;3
3682;M. Demichelis;CB;56;59;3
37509;F. Monzón;LB;54;57;3
37825;N. Lombaerts;CB;58;61;3
37950;C. Berra;CB;54;57;3
38188;M. Martin;AMF;52;55;3
3829;A. Kerzhakov;CF;51;54;3
38347;S. Kaya;CB;58;61;3
38372;M. Marin;AMF;56;59;3
38616;M. Estigarribia;LMF;55;58;3
38789;B. Bannan;CMF;54;57;3
38818;José Ángel;LB;54;57;3
39191;E. Papa;LB;54;57;3
39204;R. Mcgivern;CB;52;55;3
39478;A. Ranocchia;CB;59;62;3
40154;J. Larsen;RB;52;55;3
41091;Sereno;CB;50;53;3
42072;S. Aziz;CB;54;57;3
42758;F. Martínez;LWF;74;77;3
43220;Adrian Popa I;RWF;72;75;3
43625;Ó. Duarte;CB;57;60;3
44760;Alan Varela;DMF;77;80;3
44834;R. van Rhijn;RB;54;57;3
44965;Neto;CB;56;59;3
4499;Ricardo Costa;CB;56;59;3
45180;Bakary Koné;CB;55;58;3
45320;M. Gradel;LWF;75;78;3
45448;A. Kouassi;LB;74;77;3
4556;T. Sivok;CB;55;58;3
46577;G. González;CB;54;57;3
47032;Jefferson;LB;54;57;3
4712;M. Wasilewski;CB;52;55;3
4727;R. Raţ;LB;51;54;3
4738;A. Berezutski;CB;57;60;3
47909;G. Pereiro;RWF;75;78;3
4947;S. Maloney;AMF;53;56;3
52893;K. Mcfarlane;LB;70;73;3
52992;Zha Giun;CB;54;57;3
54117;V. Gagarin;CB;47;50;3
54880;E. Buick;LB;70;73;3
55258;S. Legoida;CB;54;57;3
55286;K. Olivares;CB;54;57;3
55307;Tzarqamilov;CB;54;57;3
55339;Cabezallos;CB;54;57;3
55790;O. Kökçü;CMF;79;82;3
56303;J. Alborz;CB;54;57;3
57405;H. Afful;RB;51;54;3
57408;R. Mcgowan;CB;51;54;3
58004;F. Zamora;CB;54;57;3
58142;N. Sumavil;GK;49;52;3
58351;T. Hall;CB;52;55;3
58564;Kwon Chang-Hoon;AMF;51;54;3
58826;J. Zongo;RWF;66;69;3
59996;M. Oikonomou;CB;57;60;3
60042;J. Ramírez;LMF;67;70;3
60485;K. Rekik;CB;55;58;3
60834;F. Moubandje;LB;55;58;3
61075;J. Berget;LWF;52;55;3
63190;L. Licht;LB;54;57;3
63263;D. Delaney;CB;56;59;3
63465;Tiago Ilori;CB;53;56;3
7009;V. Moras;CB;54;57;3
7225;J. Lescott;CB;54;57;3
745;A. Hughes;CB;53;56;3
9011;M. Ciani;CB;55;58;3
9428;P. Mcshane;CB;54;57;3
100870;F. Tardieu;DMF;67;64;-3
101495;O. Cissokho;LWF;67;64;-3
101981;D. Altobelli;CMF;67;64;-3
103963;S. Vega;DMF;71;68;-3
104091;M. Akinmboni;CB;60;57;-3
104317;E. Parnisari;DMF;64;61;-3
104725;Bruno Galassi;CB;62;59;-3
105251;M. Vera;DMF;70;67;-3
106646;B. Pierret;DMF;72;69;-3
1073853350;Tao Yuan;LWF;68;65;-3
1073853351;Xie Pengfei;RWF;63;60;-3
1073853602;Jun-Ho Moon;CF;60;57;-3
1073857240;Jun-Hyub Jwa;DMF;61;58;-3
1073857451;S. Salem;LMF;61;58;-3
1073857513;W. Playnum;DMF;63;60;-3
108895;J. Carbonero;LWF;77;74;-3
109138;H. Malonga;CB;63;60;-3
110502;Matias Antonini;DMF;74;71;-3
110539;L. Algozino;RMF;64;61;-3
110560;T. Biancardini;CMF;64;61;-3
111024;M. Flekken;GK;80;77;-3
111046;G. Manthatis;RWF;67;64;-3
112462;Joca;RWF;74;71;-3
112586;Shaher Mansour;AMF;64;61;-3
113296;J. Weigl;DMF;67;64;-3
114554;C. Diez;DMF;70;67;-3
114957;M. Patterson;CF;63;60;-3
115157;João Carvalho;RMF;75;72;-3
116275;Tarek Hamed;DMF;73;70;-3
117360;M. Kanté;DMF;68;65;-3
117484;D. Chatziisaias;CB;71;68;-3
118938;I. Stoica;RMF;60;57;-3
119112;F. Sylla;DMF;68;65;-3
121389;S. Oppong;LWF;66;63;-3
123732;R. Anderson;GK;64;61;-3
1638;Zé Roberto;LB;60;57;-3
263744;Comisario;CMF;59;56;-3
292703;A. Abdullaev;DMF;65;62;-3
302269;V. Herve;DMF;79;76;-3
308737;T. Moremi;LWF;70;67;-3
32159;B. Matuidi;CMF;69;66;-3
32389;T. Huddlestone;DMF;62;59;-3
32396;Vasco Fernandes;CB;75;72;-3
325174;Capi;LWF;76;73;-3
33225;Mario Suárez;DMF;63;60;-3
33302;Zé Lucas;DMF;72;69;-3
35219;M. Topal;DMF;63;60;-3
37028;A. Ayew;LWF;66;63;-3
37094;D. Sturridge;CF;66;63;-3
37286;J. Rodwell;DMF;60;57;-3
37373;Ignacio Camacho;DMF;67;64;-3
3741;Joaquín;RWF;65;62;-3
37416;E. Capoue;DMF;63;60;-3
37470;G. Gillet;DMF;63;60;-3
377833;J. Mcgarry;DMF;63;60;-3
39216;V. Moses;RMF;65;62;-3
39363;A. Ryazantsev;RMF;72;69;-3
39752;T. Høgli;RB;67;64;-3
4071;T. Motta;DMF;67;64;-3
41111;J. Cork;DMF;61;58;-3
41136;G. Mandjeck;DMF;75;72;-3
43015;Danilo Pereira;DMF;67;64;-3
43647;P. Hernández;CMF;63;60;-3
43931;A. Mejía;DMF;62;59;-3
45082;B. Deuff;DMF;67;64;-3
45167;Y. de Winter;GK;73;70;-3
45268;R. Sterling;RWF;69;66;-3
47027;Y. el Ghanassy;LWF;82;79;-3
47784;W. Barrios;DMF;62;59;-3
47880;A. Hinestroza;DMF;70;67;-3
53018;Murziqa;DMF;60;57;-3
53019;Chivor;RMF;60;57;-3
53786;L. Moorby;DMF;69;66;-3
53915;D. Burnić;DMF;72;69;-3
54075;D. Rajic;SS;74;71;-3
54153;L. Diack;DMF;68;65;-3
54356;R. López;LMF;65;62;-3
54389;J. Arroyo;DMF;67;64;-3
54420;R. Drechsler;CB;63;60;-3
54450;J. González;RWF;63;60;-3
54664;H. Branco;DMF;69;66;-3
54693;A. Sy;DMF;63;60;-3
54697;H. Pereiro;DMF;63;60;-3
54734;O. Mazzinghi;DMF;71;68;-3
54759;I. Cotelo;AMF;68;65;-3
54765;G. Broughall;CB;63;60;-3
54771;Tiago;LMF;65;62;-3
54807;J. Castillo;DMF;70;67;-3
54856;D. Mendoza;DMF;67;64;-3
54860;C. Montaño;DMF;70;67;-3
54950;Daeuk Noe;DMF;69;66;-3
55248;E. Canning;CMF;64;61;-3
55252;F. Sahnoune;LMF;70;67;-3
55276;J. Roteta;CMF;64;61;-3
55280;I. Generelo;LMF;70;67;-3
55333;Uzalhin;DMF;60;57;-3
55334;Valtachuk;RMF;60;57;-3
55365;Chaparijo;DMF;60;57;-3
55366;Dezutaron;RMF;60;57;-3
55439;J. Navarro;DMF;70;67;-3
55526;R. Conesa;DMF;68;65;-3
55660;J. Herrera;DMF;64;61;-3
55667;D. Ruiz;DMF;67;64;-3
55744;Ezequiel Correa;GK;78;75;-3
55756;Rafa Fierro;GK;71;68;-3
55784;D. De La Cruz;RB;70;67;-3
55914;M. Rimonte;SS;73;70;-3
56059;N. Hernández;RB;66;63;-3
56232;K. Toscano;DMF;68;65;-3
56244;J. Arriaga;DMF;72;69;-3
56293;N. Hemmings;CMF;64;61;-3
56297;K. Shigeta;LMF;70;67;-3
57676;C. Bamber;DMF;71;68;-3
58084;J. Esteve;DMF;66;63;-3
58102;M. Galindo;DMF;60;57;-3
58162;C. Rajoy;DMF;72;69;-3
58187;L. Mudarra;DMF;70;67;-3
58246;J. Gómez;RMF;66;63;-3
58249;D. Arroyo;DMF;70;67;-3
58756;Walter;GK;78;75;-3
59339;C. Escobar;CF;63;60;-3
59760;W. Zaha;RWF;68;65;-3
59817;A. Samaris;DMF;64;61;-3
60152;L. Román;RMF;67;64;-3
60293;D. Miloc;DMF;72;69;-3
61173;B. Tuiloma;DMF;62;59;-3
63076;A. Bastía;DMF;72;69;-3
8441;M. Krohn-Dehli;LWF;63;60;-3
8684;Y. Gouffran;LMF;59;56;-3
100101;G. Compagnucci;RB;64;66;2
100140;W. Morgan;CB;59;61;2
100165;T. Cionek;CB;57;59;2
100222;José Ángel;DMF;67;69;2
100228;Raúl Navas;CB;76;78;2
100242;C. Mammarella;LB;64;66;2
100304;L. Lollo;CMF;71;73;2
100386;H. Magnússon;CB;68;70;2
100399;A. Cresswell;LB;58;60;2
100426;Salinas;LB;70;72;2
100481;A. Ratiu;RB;78;80;2
100654;Rubén Cruz;CF;65;67;2
100694;Sergio Mora;CMF;66;68;2
100742;Tana;SS;74;76;2
100744;D. De Battisti;LB;58;60;2
100815;Ivan;GK;67;69;2
100957;L. Chávez;DMF;74;76;2
100978;F. Martin;LWF;64;66;2
101052;J. Bond;GK;62;64;2
101063;Sergi Samper;DMF;55;57;2
101072;Sandro Ramírez;CF;62;64;2
101079;P. Gallagher;CMF;72;74;2
101097;H. Çalhanoğlu;DMF;83;85;2
101135;Boschilia;AMF;57;59;2
101141;A. Kinský;GK;75;77;2
101193;F. Chávez;CMF;60;62;2
101334;N. Kanté;DMF;82;84;2
101668;A. Forshaw;CMF;54;56;2
101670;B. Gibson;CB;58;60;2
101691;A. Ruschel;LB;64;66;2
101747;F. Ojo;CMF;72;74;2
101784;R. Fraser;LWF;75;77;2
101789;M. Pugh;LWF;72;74;2
101838;J. McGinn;CMF;81;83;2
101910;A. Rrahmani;CF;75;77;2
102023;N. Pallois;CB;58;60;2
102345;G. Ambrosino;CF;65;67;2
102417;Granell;CMF;72;74;2
102435;G. Pacheco;LWF;72;74;2
102476;C. Ben Saada;AMF;69;71;2
102496;Iñigo Eguaras;CMF;65;67;2
102549;Z. Debast;CB;76;78;2
102638;W. Kaptoum;CMF;53;55;2
102707;Unai López;CMF;74;76;2
102712;Sergio León;CF;75;77;2
102764;M. Colley;CF;54;56;2
102769;I. Bebou;RWF;72;74;2
102808;P. Treu;RB;74;76;2
102809;D. Petermann;CMF;64;66;2
103127;F. Belli;RB;56;58;2
103128;F. Gomes Gerth;GK;58;60;2
103136;I. Soumaré;LWF;73;75;2
103144;João Alencar;CB;58;60;2
103225;L. Vozar;DMF;55;57;2
103268;Diego Carlos;CB;76;78;2
103306;G. Henrique;CB;76;78;2
103373;Edgar Méndez;LWF;73;75;2
103407;M. Aramu;RWF;67;69;2
103454;I. Ramírez;RB;67;69;2
103758;A. Marin;CB;55;57;2
104384;O. Ontivero;LB;57;59;2
104427;N. Ngoumou;RWF;70;72;2
104434;Kévin Rodrigues;LB;72;74;2
104460;S. Zanon;RB;70;72;2
104516;I. Bekhoucha;RB;62;64;2
104702;L. Baker;CMF;74;76;2
104749;A. Kramarić;SS;79;81;2
104766;Roger Guedes;RWF;72;74;2
105354;C. Starfelt;CB;76;78;2
105508;J. Cozzani;GK;71;73;2
105513;E. Piovi;DMF;73;75;2
105541;L. Pinilla;RWF;67;69;2
105578;A. Laprida;AMF;53;55;2
105985;R. Doan;RMF;53;55;2
106591;E. Anderson;CMF;82;84;2
106631;Rodinei;RB;75;77;2
106687;A. Nalini;RWF;67;69;2
106729;I. Jensen;LWF;70;72;2
106733;Davinchi;LB;67;69;2
106767;T. Foket;RMF;74;76;2
106773;M. Simon;LWF;74;76;2
107039;R. Sayavedra;LB;61;63;2
107074;S. Cikalleshi;CF;53;55;2
107312;E. Dasa;RB;66;68;2
1073742074;Y. Endō;CMF;73;75;2
1073747731;M. Rahmati;GK;60;62;2
1073757740;D. Kikuchi;LMF;64;66;2
1073758005;H. al Kamali;CB;56;58;2
1073758009;M. Abdulrahman;CMF;64;66;2
1073758660;G. Miura;CB;65;67;2
1073777041;M. Carrusca;CMF;69;71;2
1073779087;Pedro Junior;CF;72;74;2
1073784751;Johnathan;CF;69;71;2
1073785257;Liu Jianye;DMF;63;65;2
1073788430;Magno Cruz;AMF;70;72;2
1073789813;D. Asprilla;RWF;69;71;2
1073800865;Ahmed Yasser;CB;58;60;2
1073803095;S. Taniguchi;CB;70;72;2
1073806807;A. H. al Hashmi;CF;51;53;2
1073806810;S. Abdulaziz;CB;55;57;2
1073847822;Hyun-Soo Hwang;CB;58;60;2
1073847891;O. al Soma;CF;74;76;2
1073850293;R. Hatsuse;RB;63;65;2
1073853320;K. Eghbali;CB;53;55;2
1073853327;N. Taheri;CB;53;55;2
1073853535;M. Finkgräfe;LB;70;72;2
1073853601;Kim Min-jae;CB;81;83;2
1073857232;K. Osako;GK;69;71;2
1073857249;A. Jovanović;CB;57;59;2
1073857267;B. Abdullaev;CB;54;56;2
1073857291;D. Umirov;CB;56;58;2
1073857342;H. Al-Yami;RB;64;66;2
1073857551;A. Madibo;CMF;63;65;2
107468;G. Escudero;CB;55;57;2
107561;Fernando;LB;66;68;2
107590;B. Šeško;CF;80;82;2
107819;F. Kostić;LMF;78;80;2
107906;Angeliño;LB;76;78;2
107931;L. Kelly;AMF;65;67;2
107949;M. Locatelli;DMF;82;84;2
107959;J. Rudoni;AMF;73;75;2
107960;D. Machado;LB;72;74;2
108079;E. Buendía;LWF;78;80;2
108114;C. Rigg;AMF;72;74;2
108146;JP Chermont;RB;63;65;2
108202;C. Riad;CB;72;74;2
108298;J. Njinmah;RWF;70;72;2
108300;M. Weiser;RB;75;77;2
108304;N. Grandu;LMF;61;63;2
108352;Marlon;LB;70;72;2
108643;B. B. Schelotto;RB;64;66;2
108664;J. Stawiecki;GK;58;60;2
108725;B. Pittón;LB;65;67;2
108865;Matheus Pereira;AMF;79;81;2
108873;J. Cáceres;RB;71;73;2
108876;Gavi;CMF;81;83;2
108903;B. Smith;LB;53;55;2
108925;S. Ojo;LWF;52;54;2
108930;A. Palmer;GK;69;71;2
108942;B. Conté;AMF;68;70;2
108968;K. Rodney;DMF;59;61;2
109072;Jordi Calavera;RB;70;72;2
109080;Maffeo;RB;75;77;2
109141;M. Kayode;RB;79;81;2
109142;Á. Ocampo;CB;55;57;2
109248;Léo Derik;LB;64;66;2
109267;M. Bidstrup;CMF;71;73;2
109270;A. Lagos;RB;68;70;2
109351;H. Traoré;RB;73;75;2
109380;L. Ferreira;CB;69;71;2
109394;A. Stiller;DMF;81;83;2
109397;S. Dest;RB;77;79;2
109872;P. Estupiñán;LB;76;78;2
110054;L. Gooch;RWF;65;67;2
110073;J. Acheampong;CB;73;75;2
110104;Javi Rueda;RB;74;76;2
110371;A. Panyukov;CF;64;66;2
110434;Julen López;CB;65;67;2
110457;S. Grella;LMF;54;56;2
110476;B. Cufré;LB;68;70;2
110495;S. Colombatto;DMF;70;72;2
110520;G. Montiel;RB;75;77;2
110529;L. Günther;LB;68;70;2
110562;Ronaldo;DMF;64;66;2
110644;Raphinha;LWF;86;88;2
110653;Jacobo González;LWF;68;70;2
110696;A. Lafont;GK;72;74;2
110803;A. Heaven;CB;73;75;2
110805;L. Raolisoa;RB;72;74;2
110815;Rodri;DMF;88;90;2
110833;D. Gleiber;CMF;59;61;2
110904;Eduardo Sasha;CF;72;74;2
111032;R. Steffen;LMF;75;77;2
111071;João Neves;CMF;86;88;2
111073;M. Senesi;CB;80;82;2
111123;L. Hall;LB;81;83;2
111133;Rafa;LB;69;71;2
111197;R. Schoofs;CMF;72;74;2
111237;M. Blengio;GK;61;63;2
111247;F. Pizzicanella;GK;60;62;2
111273;D. Núñez;CF;76;78;2
111301;L. Gómez;LB;70;72;2
111399;Raniel;SS;70;72;2
111446;L. Petersson;GK;63;65;2
111484;R. Orsolini;RWF;80;82;2
111832;N. Bätzner;AMF;65;67;2
111847;Pacha Espino;LB;72;74;2
111870;Mingueza;RB;78;80;2
111931;M. Hjulmand;DMF;81;83;2
111986;D. Dumfries;RB;81;83;2
111989;L. Yoro;CB;76;78;2
112398;H. Koffi;GK;76;78;2
112448;M. Araújo;LMF;76;78;2
112468;D. Pérez;LB;66;68;2
112472;F. Rieder;AMF;74;76;2
112650;N. Galazzi;AMF;67;69;2
112719;V. Farcomeni;CMF;60;62;2
112860;J. Philpot;CF;59;61;2
112889;Adrián Bernabé;CMF;74;76;2
113091;A. Avom;CMF;73;75;2
113189;Arnau Martínez;RB;75;77;2
113258;Matheuzinho;RB;74;76;2
113404;J. Williams;DMF;46;48;2
113409;B. Woodburn;LWF;53;55;2
113564;R. Sánchez;CMF;72;74;2
113565;M. González;CMF;65;67;2
113590;Luan Peres;CB;68;70;2
113679;A. Pinamonti;CF;73;75;2
113805;M. Pedersen;LB;69;71;2
113898;J. Gutiérrez;LB;68;70;2
113918;I. Pitta;CF;72;74;2
113937;L. Cornejo;AMF;54;56;2
113940;Natanael;RB;71;73;2
113969;Caio Henrique;LB;75;77;2
114011;F. Oppegård;LB;69;71;2
114103;C. Irié;RWF;68;70;2
114106;L. Zelarayán;AMF;78;80;2
114140;N. Amiri;CMF;78;80;2
114143;M. Ruggeri;LB;76;78;2
114160;A. Ramsey;AMF;67;69;2
114168;E. Wahi;CF;74;76;2
114195;P. Dorgu;LWF;76;78;2
114225;Aarón Martin;LB;72;74;2
114237;F. Corbalán;RB;65;67;2
114241;Omar El Hilali;RB;73;75;2
114258;T. Heggem;CB;73;75;2
114286;M. Schmetgens;CB;57;59;2
114308;M. Kömür;AMF;71;73;2
114330;Biel;LMF;67;69;2
114373;N. B. Schelotto;DMF;67;69;2
114479;Puertas;AMF;74;76;2
114482;G. Quagliata;LB;71;73;2
114492;L. Esquivel;LB;71;73;2
114521;Gorrotxa;DMF;76;78;2
114538;S. Castro;CF;75;77;2
114614;K. Taylor;CMF;76;78;2
114619;S. Mayulu;CMF;77;79;2
114653;M. Silistre;GK;63;65;2
114663;Calvert-Lewin;CF;77;79;2
114684;F. Uremović;CB;55;57;2
114711;G. Leoni;CB;69;71;2
114728;N. Krstović;CF;74;76;2
114767;M. Adeline;AMF;71;73;2
114912;S. Ricci;DMF;76;78;2
114935;M. Gibbs-White;AMF;81;83;2
114951;T. Rothe;LB;71;73;2
115019;António Silva;CB;75;77;2
115025;A. Matturro;CB;68;70;2
115032;T. Almada;AMF;77;79;2
115044;E. Palacios;CMF;81;83;2
115068;S. Cuestas;CB;54;56;2
115084;M. Frendrup;DMF;74;76;2
115112;A. Hjulsager;AMF;67;69;2
115113;J. Bellingham;CMF;75;77;2
115196;N. Mubele;RWF;72;74;2
115210;Ary Papel;LWF;64;66;2
115233;M. Mcnulty;CF;64;66;2
115294;L. Bernabéu;CB;57;59;2
115337;J. Brown;RB;53;55;2
115377;T. Fagioli;CB;57;59;2
115380;T. De Martis;CF;60;62;2
115388;O. Ba;GK;61;63;2
115522;A. Truffert;LB;78;80;2
115646;H. Amass;LB;67;69;2
115648;Han Kwang-Song;CF;51;53;2
115930;Igor Thiago;CF;80;82;2
115988;C. Townsend;LB;66;68;2
116034;H. Ito;CB;76;78;2
116543;J. Garner;DMF;80;82;2
116666;S. Szymański;AMF;74;76;2
116674;O. Zubkov;CF;54;56;2
116694;P. Osterhage;DMF;72;74;2
116703;A. Falcón;RB;62;64;2
116751;Ferran Torres;CF;82;84;2
116803;D. Vlahović;CF;79;81;2
116942;I. Ndukwe;CB;57;59;2
116949;D. Giorgino;DMF;67;69;2
117082;Pep Chavarría;LB;77;79;2
117411;L. Bertone;CMF;70;72;2
117412;M. Gajić;CMF;65;67;2
117453;Manu Sánchez;LB;74;76;2
117456;Douglas Santos;LB;75;77;2
117491;V. Barco;CMF;77;79;2
117510;D. Herazo;CF;69;71;2
117541;M. Dal;CB;56;58;2
117542;Wendell;LB;70;72;2
117551;L. Podlech;GK;57;59;2
117592;D. Gorosito;RB;64;66;2
117596;M. Faye;CB;66;68;2
117725;L. Costa;CB;68;70;2
117726;J. Ekomié;LB;70;72;2
117740;N. Nartey;CMF;72;74;2
117761;L. Romero;CB;55;57;2
117773;L. Blanco;LB;74;76;2
117791;G. Restes;GK;76;78;2
117803;C. Fassnacht;RWF;71;73;2
117821;Natan;CB;77;79;2
117865;G. Papunashvili;AMF;65;67;2
117867;Z. Flemming;CF;74;76;2
117996;J. Enem;CF;55;57;2
118003;S. El Mala;LWF;76;78;2
118016;Heitor;RB;65;67;2
118047;S. Abdulhamid;RB;75;77;2
118049;F. Cham;RB;64;66;2
118100;L. Ati Zigi;GK;71;73;2
118108;D. Rensch;RB;73;75;2
118109;Arthur;RB;71;73;2
118154;Jon Martín;CB;76;78;2
118173;J. Mercado;LWF;68;70;2
118201;A. Stach;DMF;78;80;2
118220;C. Comotto;CMF;63;65;2
118275;M. Muheim;LB;73;75;2
118276;Léo Ortiz;CB;77;79;2
118281;N. Bomba;CF;57;59;2
118302;N. Eliasson;RMF;73;75;2
118353;N. De La Cruz;CMF;73;75;2
118360;G. Martirena;RB;74;76;2
118394;T. Le Bris;RMF;72;74;2
118396;H. Souttar;CB;70;72;2
118418;M. Alleyne;CB;68;70;2
118437;Schlotterbeck;CB;85;87;2
118472;Juan Miranda;LB;74;76;2
118494;N. Vlašić;AMF;78;80;2
118626;Carlos Romero;LB;78;80;2
118633;K. Furo;CF;63;65;2
118676;N. Bolcato;GK;68;70;2
118685;Gorosabel;RB;74;76;2
118708;N. Sigur;DMF;70;72;2
118828;W. Adeh;CMF;58;60;2
118960;R. Insúa;LB;69;71;2
118965;M. Palestra;RB;76;78;2
119116;J. Mitchell;CB;68;70;2
119793;F. Ortega;LB;72;74;2
119795;B. Yılmaz;LB;70;72;2
119811;M. Retegui;CF;80;82;2
119842;K. Sano;DMF;79;81;2
120299;Endrick;CF;77;79;2
120310;K. Mavropanos;CB;76;78;2
120356;S. Nandja;CB;57;59;2
121201;D. Klein;GK;59;61;2
121229;G. Mora;AMF;72;74;2
121246;A. Romano;DMF;63;65;2
121294;N. Brown;LB;79;81;2
121306;R. Roefs;GK;79;81;2
121334;I. Toney;CF;80;82;2
121337;A. Carter;LWF;66;68;2
121344;Carmona;RB;75;77;2
121366;N. Swider;CMF;58;60;2
121976;M. Eggestein;CMF;74;76;2
122017;T. Louchet;RMF;71;73;2
122330;N. Arias;RB;58;60;2
123726;A. Lauriente;LWF;78;80;2
123749;L. Suárez;CF;78;80;2
124270;S. Arancibia;RB;65;67;2
124291;N. González;GK;58;60;2
15416;E. Leopold;CMF;72;74;2
15527;S. Kurata;LMF;54;56;2
16020;Y. Kobayashi;RWF;55;57;2
1624;R. Carlos;LB;71;73;2
1631;Ronaldinho G.;AMF;75;77;2
16345;G. Shoji;CB;54;56;2
16364;R. Oshima;CMF;54;56;2
16409;M. Baur;CMF;67;69;2
16476;R. Nagaki;CMF;53;55;2
2560;J. Terry;CB;62;64;2
263854;Amadeo;CF;62;64;2
264299;Cordobés;CMF;65;67;2
278325;S. Nawaf;CB;56;58;2
278329;J. Salman;CMF;64;66;2
293776;M. Kanno;CMF;72;74;2
299566;A. Modiba;LB;69;71;2
30057;U. Emanuelson;LMF;54;56;2
301095;T. Preciado;CF;76;78;2
30199;Y. Zhirkov;LB;57;59;2
302120;B. Enfield;CF;73;75;2
30313;Éderson;AMF;55;57;2
303339;L. Justiniano;DMF;66;68;2
306481;J. Denis;RMF;78;80;2
307964;A. Castelo;RWF;67;69;2
308076;G. Ilic;RMF;72;74;2
308153;A. Siqueira;RB;72;74;2
308216;M. Al-Juwayr;CMF;74;76;2
308276;J. Najm;GK;58;60;2
309249;A. Moniz;CF;74;76;2
309868;O. Appollis;LMF;73;75;2
31018;Daniel Borges;RB;66;68;2
31380;A. Rosi;RB;56;58;2
319189;A. Al-Ammari;CMF;64;66;2
319535;P. Cunha;CMF;69;71;2
32061;F. Marange;LB;53;55;2
321133;L. Cacace;LB;70;72;2
321191;A. Nematov;GK;65;67;2
321508;A. Jorquera;AMF;72;74;2
322246;A. Barboza;CB;75;77;2
322616;S. Dils;RWF;69;71;2
322924;T. Aboim;LB;69;71;2
322926;V. Arca;RB;64;66;2
323115;A. Hrustić;CMF;66;68;2
32324;A. Cossu;AMF;55;57;2
32329;H. Westermann;CB;56;58;2
323774;E. Fariña;CB;58;60;2
32388;M. Richards;CB;56;58;2
32734;M. Pasqual;LB;56;58;2
32828;M. Škrtel;CB;61;63;2
33114;C. Zapata;CB;59;61;2
33130;R. Acquafresca;CF;54;56;2
33604;C. Cásseres;CMF;74;76;2
33706;D. Gibson;CMF;55;57;2
33952;Guilherme S.;LB;55;57;2
34104;R. Azofeifa;DMF;73;75;2
34495;L. Bruins;CMF;53;55;2
34614;M. Köbbing;GK;54;56;2
34772;M. Cassani;RB;53;55;2
34774;S. Guberti;RMF;71;73;2
34784;M. Boussoufa;AMF;76;78;2
34787;M. Obbadi;CMF;72;74;2
34944;L. Ulrich;CMF;68;70;2
3498;J. O'Shea;CB;57;59;2
34983;P. de Ceglie;LB;53;55;2
34993;M. Biševac;CB;58;60;2
34997;B. Trémoulinas;LB;58;60;2
35076;M. Sulejmani;LMF;57;59;2
35097;Adrián;SS;57;59;2
35165;Kazim-Richards;CF;54;56;2
35174;J. Troisi;AMF;55;57;2
35243;J. Dátolo;AMF;56;58;2
35321;P. Bengtsson;LB;56;58;2
35518;M. Novakovič;CF;52;54;2
36149;Elustondo;CB;72;74;2
36246;C. Erkin;LB;59;61;2
36343;N. Mihaylov;GK;69;71;2
363707;R. Rosales;RB;68;70;2
36599;W. Montillo;SS;55;57;2
366673;A. da Gama;CF;66;68;2
367095;M. bin Farid;LWF;62;64;2
368320;S. Esanov;CMF;60;62;2
368758;Arthur;DMF;74;76;2
369237;C. Opéri;LB;71;73;2
37078;R. Shawcross;CB;60;62;2
370853;A. Goossens;CF;74;76;2
37109;D. Buonanotte;AMF;56;58;2
37159;A. Poli;CMF;57;59;2
37220;S. Whittaker;RB;52;54;2
372821;F. Zabala;LB;68;70;2
373062;F. Vasconcelos;CF;64;66;2
37379;C. Trimmel;RB;73;75;2
37398;Reinaldo;LB;73;75;2
374243;T. Mbatha;DMF;64;66;2
374463;Y. Amyn;AMF;65;67;2
37527;N. Tomović;CB;58;60;2
376946;I. Bitencourt;CB;55;57;2
377208;F. Mena;CB;56;58;2
378262;J. Anang;GK;66;68;2
378302;T. Neves;CMF;61;63;2
37894;J. Campos;AMF;70;72;2
37967;G. Mcauley;CB;59;61;2
379714;J. Carabalí;LB;68;70;2
379801;J. Hernández;LB;69;71;2
38062;A. Ekdal;CMF;54;56;2
38088;G. Dorrans;CMF;55;57;2
38126;Weligton;CB;58;60;2
38129;Eliseu;LB;61;63;2
38194;F. Tabanou;LB;55;57;2
38247;Rolando;CB;58;60;2
38253;Lazaros Ch.;CMF;55;57;2
38358;M. Wilson;CB;55;57;2
38512;Henrique;CB;55;57;2
38655;Canales;AMF;76;78;2
38711;T. Kádár;LB;55;57;2
38790;C. Clark;CB;57;59;2
38843;E. Mangala;CB;61;63;2
38863;I. Villalba;CB;68;70;2
38934;J. Boye;CB;54;56;2
39206;N. Mcginn;LWF;55;57;2
39218;F. Macheda;CF;53;55;2
39244;M. Jarvis;LMF;56;58;2
39268;R. Cherki;AMF;84;86;2
39273;M. Yanga-Mbiwa;CB;58;60;2
39275;A. Lippini;RB;55;57;2
39280;K. Aït-Fana;LWF;72;74;2
39364;C. Noboa;CMF;60;62;2
39544;D. Kombarov;LB;55;57;2
39729;N. Subotić;CB;58;60;2
3978;Edu Dracena;CB;58;60;2
39936;H. Mkhitaryan;CMF;79;81;2
39957;S. Manolev;RB;54;56;2
40077;R. Halliche;CB;54;56;2
40097;K. Manolas;CB;65;67;2
40119;J. Pivarić;LB;70;72;2
40225;Antonio Blanco;DMF;76;78;2
40369;V. Lundberg;RMF;69;71;2
40405;Nuno Coelho;CB;54;56;2
40472;O. Kabak;CB;76;78;2
4063;D. Bonera;CB;58;60;2
40631;J. Cuadrado;RMF;73;75;2
40645;C. Ortiz;DMF;75;77;2
4070;F. Navarro;LB;56;58;2
40701;S. Duffy;CB;58;60;2
40871;C. Eriksen;AMF;68;70;2
40923;G. Leone;DMF;68;70;2
40936;M. Rybus;LB;55;57;2
40984;Rúben Micael;AMF;61;63;2
41092;Keko;RWF;74;76;2
41096;V. Becker;LB;66;68;2
41200;Dodô;LB;55;57;2
41595;E. Bologna;GK;67;69;2
4193;F. Coloccini;CB;56;58;2
42091;I. Piris;RB;75;77;2
42101;J. Iturbe;CF;72;74;2
42125;M. Galarza;RB;76;78;2
42173;E. Valencia;CF;71;73;2
42374;Jerson Cabral;LWF;76;78;2
42542;A. Maher;AMF;55;57;2
42545;P. Mwene;LB;73;75;2
42577;M. Guéhi;CB;83;85;2
42669;Casemiro;DMF;81;83;2
42704;P. Goltz;CB;56;58;2
4278;A. Theate;CB;76;78;2
42813;Bebé;LWF;74;76;2
43058;R. Ramos;RB;68;70;2
43116;A. Jug;GK;65;67;2
4312;R. Fanni;CB;56;58;2
43177;L. Griffiths;CF;73;75;2
43187;O. John;LWF;56;58;2
43192;F. Bordagaray;RWF;72;74;2
43467;R. Rodríguez;LB;71;73;2
44214;Jamerson;LB;67;69;2
44407;J. Campbell;LWF;58;60;2
44497;E. Ampadu;DMF;78;80;2
44562;Fali Candé;CB;69;71;2
44564;J. Richards;RB;53;55;2
44608;M. Wakaso;LMF;55;57;2
44669;J. Svensson;RMF;69;71;2
44706;C. Jenkinson;RB;55;57;2
44722;Lucas Piazon;LWF;55;57;2
44743;M. Jensen;CMF;78;80;2
44746;F. Micheler;CMF;60;62;2
44776;M. Nastasić;CB;61;63;2
44817;Kesler-Hayden;RB;70;72;2
44829;B. Oczipka;LB;60;62;2
44833;T. Serero;CMF;55;57;2
44865;André Martins;AMF;55;57;2
44953;D. Suárez;RB;67;69;2
44986;Vítor;AMF;67;69;2
44987;L. Melgarejo;LWF;73;75;2
45063;D. Fabbrini;SS;54;56;2
45385;Joselu;CF;68;70;2
45427;G. Castellani;AMF;72;74;2
45435;Pedro Mendes;CB;73;75;2
45585;G. Espinoza;CMF;74;76;2
45630;Wellington Nem;AMF;56;58;2
45959;Douglas Pereira;RB;54;56;2
45960;Rhodolfo;CB;57;59;2
46005;Márcio Azevedo;LB;72;74;2
46218;P. Lienhart;CB;77;79;2
46226;G. Artistico;CF;56;58;2
46428;Bruno N.;CB;66;68;2
46458;Igor Cariús;LB;65;67;2
46466;A. Mandi;CB;77;79;2
46472;O. Baumann;GK;82;84;2
46611;M. Dória;CB;68;70;2
46735;Batatinha;CF;68;70;2
46741;M. Fernandes;CMF;78;80;2
46788;R. De Galarreta;CMF;77;79;2
46836;D. Čop;CF;57;59;2
46865;K. Nordfeldt;GK;68;70;2
46976;A. Hajdari;CB;74;76;2
47001;O. Tannane;RWF;74;76;2
47072;S. Rybalka;DMF;76;78;2
47093;M. Dijks;LB;56;58;2
47105;Sassá;CF;74;76;2
47179;P. Dybala;SS;83;85;2
47182;Alef Manga;LWF;70;72;2
47357;Areso;RB;74;76;2
47363;G. de Luca;CF;69;71;2
4739;S. Ignashevich;CB;57;59;2
47414;P. Nebel;AMF;75;77;2
47520;Sebá;LWF;73;75;2
47524;F. Lejeune;CB;77;79;2
47541;Tozé;AMF;68;70;2
47630;R. Alhassane;LB;69;71;2
47667;L. de Bock;LB;70;72;2
47680;M. Klich;CMF;74;76;2
47727;Alex Telles;LB;75;77;2
47812;Ronald;CMF;67;69;2
51518;T. Paz;LMF;72;74;2
52906;D. Holborne;RMF;71;73;2
52913;R. Vevers;LB;69;71;2
52916;R. Cobb;RMF;71;73;2
52917;F. Serwotka;LMF;71;73;2
52933;S. Abdal Karim;LMF;72;74;2
52965;H. Ogiwara;LMF;72;74;2
52985;Moyin Lv;LMF;72;74;2
53006;Kharwa;CB;50;52;2
53008;Qarnab;RB;64;66;2
53782;Y. Durnovo;CB;67;69;2
53906;J. Alfaro;RB;64;66;2
54148;U. Tokus;GK;56;58;2
54169;M. Morales;LB;66;68;2
54247;N. Süle;CB;76;78;2
54260;P. Schlicke;RB;67;69;2
54354;H. Picard;LMF;67;69;2
54367;E. Pires;RMF;70;72;2
54406;S. de Boer;GK;55;57;2
54421;F. De Vries;LB;68;70;2
54425;P. Berg;DMF;77;79;2
54687;H. Kadamani;LWF;55;57;2
54707;A. Delbecque;GK;55;57;2
54711;L. Calodat;LB;67;69;2
54713;A. Sojka;CMF;63;65;2
54727;A. Dedić;RB;74;76;2
54751;B. Valkare;GK;55;57;2
54786;E. Mathias;CB;56;58;2
54789;C. Tippett;RB;70;72;2
54798;Marcos Rocha;RB;67;69;2
54830;F. Salomoni;LB;65;67;2
54862;U. Garcia;LB;71;73;2
54900;Zhengyun Jia;LB;69;71;2
54903;Aozhu Cao;LMF;71;73;2
54904;Ganqi Yin;RMF;71;73;2
54905;Aidong Feng;CF;72;74;2
54943;Yongu Su;RMF;71;73;2
54971;A. Pelham;RMF;70;72;2
54980;B. Ridgewell;LMF;72;74;2
55004;S. Abdur Raqib;RMF;72;74;2
55007;H. Ash Shahid;GK;56;58;2
55019;N. Qutb;RB;72;74;2
55047;N. Al-Aqidi;GK;69;71;2
55053;A. Ghareeb;LWF;68;70;2
55104;K. Fotheringham;RMF;72;74;2
55167;H. Maeda;RMF;70;72;2
55229;N. Tanabashi;CB;56;58;2
55246;K. Vasilj;CB;63;65;2
55253;Q. Arcas;SS;73;75;2
55257;M. Candemir;CB;56;58;2
55259;L. Coulfield;LB;56;58;2
55274;J. Rekarte;CB;63;65;2
55281;C. Gordillo;SS;73;75;2
55285;F. Marin;CB;56;58;2
55287;S. Brey;LB;56;58;2
55321;Draivqewey;CB;50;52;2
55323;Elmonovski;RB;64;66;2
55353;Quignohega;CB;50;52;2
55355;Savardillo;RB;64;66;2
55400;A. Aman;LB;54;56;2
55423;V. Prins;GK;55;57;2
55525;G. Balada;LB;72;74;2
55653;N. Allen;LB;64;66;2
55658;M. Toledo;CB;58;60;2
55659;J. Colomo;RB;72;74;2
55661;D. Gómez;CMF;76;78;2
55704;F. Serra;CF;72;74;2
55729;M. Valenzuela;LB;65;67;2
55760;Catorce;CMF;66;68;2
55768;U. Çakır;GK;78;80;2
55811;F. Oliveros;LB;58;60;2
5582;B. Bergougnoux;AMF;65;67;2
55894;Á. Campos;GK;66;68;2
55989;B. Yılmaz;RWF;78;80;2
56019;Neto Volpi;GK;68;70;2
56044;G. Rois;GK;57;59;2
56063;M. Cova;CMF;69;71;2
56114;A. del Encina;LMF;72;74;2
56118;I. Poblete;CMF;66;68;2
56127;F. Zamorano;LMF;70;72;2
56156;M. Sadílek;DMF;75;77;2
56174;P. Ramírez;RB;61;63;2
56245;D. Ulloa;LB;66;68;2
56291;G. Makin;CB;63;65;2
56298;G. Tayeb;SS;73;75;2
56304;S. Kamal Ad Din;LB;56;58;2
5673;Tiago Gomes;LB;56;58;2
57121;H. Massengo;CMF;74;76;2
57126;Ibrahim Salah;DMF;69;71;2
57200;Tiago Silva;AMF;71;73;2
57212;D. Pereira;CMF;67;69;2
57256;Wesley;RB;78;80;2
57391;Wendel;CMF;69;71;2
57407;T. Usami;SS;56;58;2
57433;Fred;CMF;76;78;2
57618;N. Orde;RMF;72;74;2
57622;J. Teze;RB;76;78;2
57636;Q. Merlin;LB;75;77;2
57637;J. Castellanos;AMF;66;68;2
57643;L. Camara;CMF;78;80;2
57663;I. Sansom;LB;70;72;2
57744;J. Vercruysse;CMF;61;63;2
57926;E. Cetré;LWF;72;74;2
57932;F. Blahnik;RMF;69;71;2
57944;D. González;CMF;61;63;2
57966;Vanderlan;LB;65;67;2
58026;E. Mata;LB;68;70;2
58063;N. Rodríguez;RB;66;68;2
58107;Ahmed Fatouh;LB;66;68;2
58198;S. Mosquera;CB;67;69;2
58244;G. Morieda;RB;72;74;2
58262;J. Nin;LMF;70;72;2
58282;F. Turiel;RB;72;74;2
58365;I. Boatwright;RB;53;55;2
58366;K. Ndamane;CB;59;61;2
58397;J. Peñarrieta;GK;61;63;2
5848;Luís Fabiano;CF;57;59;2
5849;M. González;LWF;72;74;2
58636;V. Lazaro;RMF;74;76;2
58795;Marlon;CB;54;56;2
58858;Gustavo Neves;CMF;64;66;2
59041;Ahmed Yasser;CB;58;60;2
59225;D. Silva;CB;61;63;2
59335;Matheus Bidu;LB;74;76;2
59364;L. Valencia;AMF;72;74;2
59469;S. Decarli;CB;71;73;2
59493;Z. Abbott;CB;61;63;2
59583;W. Hoedt;CB;58;60;2
59742;D. Grechyshkin;DMF;72;74;2
59767;R. Brady;LMF;57;59;2
59813;A. Bouchalakis;CMF;72;74;2
59934;M. Friedl;CB;75;77;2
59993;Emerson;LB;75;77;2
60162;A. Ruiz;SS;75;77;2
60171;L. Menossi;CMF;66;68;2
60201;R. Saravia;RB;70;72;2
60273;F. Sánchez;DMF;53;55;2
60278;J. Gallard;AMF;55;57;2
60330;D. Vega;LWF;64;66;2
60394;Luís Gustavo;DMF;64;66;2
60427;R. Azeez;CMF;66;68;2
60451;A. Masuaku;LB;73;75;2
60522;D. Ouattara;RWF;77;79;2
60577;Kaique Pereira;GK;66;68;2
60579;O. Pineda;AMF;75;77;2
60660;L. Waldschmidt;CF;71;73;2
60693;J. Kaprof;SS;64;66;2
60725;Pablo Arriaza;CB;56;58;2
60779;Rafael Vaz;CB;73;75;2
60780;Henrique;LB;69;71;2
60916;Z. Çelik;RB;77;79;2
61066;R. Obermair;LMF;70;72;2
61399;R. Arciero;RB;67;69;2
61402;F. Cervi;LMF;69;71;2
61531;M. Lemos;CB;68;70;2
61574;I. Arce;GK;72;74;2
62008;R. Mandragora;DMF;75;77;2
63063;R. Castelen;RWF;55;57;2
63092;R. Lemaître;LB;69;71;2
6317;N. Čavlina;GK;65;67;2
63260;S. Dubarbier;LB;70;72;2
63277;Diego Farias;RWF;74;76;2
63288;M. Angeleri;CB;56;58;2
63307;N. Rovella;DMF;76;78;2
63315;J. Bell;DMF;73;75;2
63319;M. Valjent;CB;75;77;2
63383;A. Semenyo;RWF;83;85;2
63389;C. Canío;AMF;67;69;2
63424;Lins;SS;54;56;2
63581;Lombán;CB;72;74;2
63654;R. Erramuspe;CB;72;74;2
6366;W. Ponce;CB;68;70;2
6732;C. Ledesma;DMF;55;57;2
7117;P. Guiñazú;DMF;72;74;2
7184;M. Maccarone;CF;54;56;2
7866;L. Obraniak;AMF;53;55;2
8637;A. Anyukov;RB;55;57;2
9034;Vágner Love;CF;56;58;2
9060;Bruno Alves;CB;58;60;2
9086;S. Cissé;LWF;55;57;2
9138;João Moutinho;CMF;62;64;2
9406;Y. Kaboul;CB;57;59;2
9421;H. Bedimo;LB;57;59;2
9425;S. Larsson;CMF;55;57;2
9534;C. Gordon;GK;65;67;2
9541;J. Collins;CB;58;60;2
100144;Miquel;CB;69;67;-2
100148;D. Drinkwater;CMF;62;60;-2
100189;Toribio;DMF;66;64;-2
100214;C. Miglietta;CMF;62;60;-2
100299;K. Trippier;RB;79;77;-2
100346;Unai Marrero;GK;76;74;-2
100532;G. Halford;DMF;69;67;-2
100631;F. Rami;CF;67;65;-2
100719;L. Besozzi;LWF;70;68;-2
100804;Aday;RB;74;72;-2
100865;O. El Azzouzi;DMF;72;70;-2
100932;J. Cétout;RB;77;75;-2
100945;O. Cissé;DMF;64;62;-2
100980;L. Pfeiffer;CF;68;66;-2
100992;M. Berg;CF;64;62;-2
101035;C. Woodrow;CF;64;62;-2
101081;Petros;CMF;60;58;-2
101184;L. Wilson;RB;69;67;-2
101185;B. Mbeumo;RWF;86;84;-2
101195;S. González;DMF;70;68;-2
101261;Nico Guillén;CMF;65;63;-2
101267;C. Campbell;RMF;69;67;-2
101491;A. Hsissane;DMF;66;64;-2
101506;G. Gallon;GK;74;72;-2
101518;C. Mahoney;RWF;63;61;-2
101599;A. White;LB;69;67;-2
101603;M. Smith;CF;66;64;-2
101686;Filipe Melo;DMF;71;69;-2
101771;A. Smith;RB;75;73;-2
101817;A. Karazor;DMF;78;76;-2
101889;S. Sini;LB;64;62;-2
102035;H. Kekana;DMF;68;66;-2
102040;T. Zwane;AMF;75;73;-2
102110;Rezende;DMF;68;66;-2
102218;M. Benítez;LB;75;73;-2
102315;N. Contini;GK;69;67;-2
102394;V. Lekhal;DMF;65;63;-2
102395;R. Saïss;DMF;76;74;-2
102398;M. Sao;RWF;68;66;-2
102413;Manu Barreiro;CF;69;67;-2
102493;B. Constant;CF;61;59;-2
102533;Kahraba;AMF;74;72;-2
102554;F. Sollacaro;GK;62;60;-2
102560;D. Amartey;DMF;59;57;-2
102609;J. Rodríguez;LWF;65;63;-2
102673;A. de Falco;CMF;66;64;-2
102689;O. Barreto;RWF;66;64;-2
102711;Marlos;RWF;65;63;-2
102713;David Querol;CF;66;64;-2
102797;E. Lieftink;DMF;61;59;-2
102873;Urko González;DMF;78;76;-2
102947;P. Billing;CMF;69;67;-2
102968;S. Kılıçsoy;CF;76;74;-2
103029;N. Lancini;LB;63;61;-2
103090;R. Williams;RMF;66;64;-2
103133;M. Thorsby;CMF;73;71;-2
103207;D. Mosengo;DMF;65;63;-2
103367;N. Radoja;DMF;62;60;-2
103394;A. Leya;CF;71;69;-2
103453;Raúl García;CF;77;75;-2
103499;Álex Vallejo;DMF;65;63;-2
103830;N. Pope;GK;80;78;-2
103867;Iván Calero;LWF;64;62;-2
103875;M. Caicedo;DMF;88;86;-2
103956;A. Cadavid;CB;74;72;-2
103997;A. Polo;RMF;73;71;-2
104112;L. Vega;DMF;64;62;-2
104250;S. Herrera;GK;81;79;-2
104256;G. Pinaud;RB;65;63;-2
104257;Negueba;RWF;74;72;-2
104267;A. Borto;GK;63;61;-2
104268;K. Castaño;DMF;71;69;-2
104289;J. Lössl;GK;66;64;-2
104344;D. Crego;LWF;63;61;-2
104396;C. Pickel;DMF;72;70;-2
104404;Leandro Souza;CF;66;64;-2
104457;J. Petriccione;DMF;64;62;-2
104503;Isaac;LWF;66;64;-2
104569;Victor Sá;LWF;73;71;-2
104669;T. Thorpe;DMF;66;64;-2
104687;Adama Traoré;CMF;76;74;-2
104688;Mauro Furtado;CB;61;59;-2
104704;E. Audero;GK;81;79;-2
104813;E. Højlund;CF;63;61;-2
104823;A. Aliev;CF;60;58;-2
104995;A. Lila;DMF;72;70;-2
105057;Y. Poulsen;CF;73;71;-2
105123;D. Zabala;CB;67;65;-2
105144;W. Ábila;CF;70;68;-2
105182;L. di Lorenzo;CMF;70;68;-2
105277;L. Compagnucci;DMF;72;70;-2
105293;G. Giménez;DMF;71;69;-2
105309;I. Tapia;AMF;63;61;-2
105516;C. Echeverri;AMF;75;73;-2
105532;K. López;DMF;70;68;-2
106467;J. Nirlo;DMF;70;68;-2
106588;B. White;RB;83;81;-2
106620;Naldo;DMF;72;70;-2
106686;A. Grillo;DMF;63;61;-2
106788;B. Dost;CF;64;62;-2
106946;Fali Jiménez;DMF;64;62;-2
106974;Vesga;DMF;75;73;-2
107218;J. Butez;GK;80;78;-2
1073751436;J. Valdívia;AMF;79;77;-2
1073754105;Ho Lee;CMF;63;61;-2
1073756915;R. Moriwaki;CB;71;69;-2
1073757699;T. Aoki;DMF;69;67;-2
1073758004;S. al Kathiri;CF;66;64;-2
1073758077;Woo-Yeon Sim;CB;67;65;-2
1073758404;Sung-Kuen Choi;DMF;68;66;-2
1073776909;Yu Hai;CMF;73;71;-2
1073781647;Yu Hanchao;LWF;68;66;-2
1073787929;Y. al Hosani;DMF;62;60;-2
1073800819;Fahad Hamad;DMF;68;66;-2
1073800861;Karim Boudiaf;DMF;63;61;-2
1073800920;M. Abosaban;DMF;65;63;-2
1073801724;Liu Jian;CMF;65;63;-2
1073805371;S. Tagliabúe;CF;69;67;-2
1073805704;I. la Rocca;CB;66;64;-2
1073806584;J. Sotirio;RWF;66;64;-2
1073806747;Saqr Ataif;CF;63;61;-2
1073806794;M. Sebil;CB;60;58;-2
1073843395;Maurinho;LWF;67;65;-2
1073843520;Frédéric Mendy;CF;75;73;-2
1073844528;B. Piñatares;DMF;68;66;-2
1073844666;M. al Fuhaid;DMF;60;58;-2
1073844760;Yousef Ahmad;CF;63;61;-2
1073847808;A. Takagi;CF;63;61;-2
1073847908;A. al Swat;DMF;62;60;-2
1073847972;K. Ruziev;CMF;60;58;-2
1073848886;Eduardo Neto;DMF;71;69;-2
1073850332;Liang Xueming;CF;61;59;-2
1073853346;Cao Kang;CMF;58;56;-2
1073853348;Gu Wenxiang;LWF;60;58;-2
1073853354;Zhang Xiaobin;DMF;61;59;-2
1073853417;Xu Xin;DMF;68;66;-2
1073853450;Wang Jiajie;DMF;63;61;-2
1073853549;Mohamed Jamal;CF;61;59;-2
1073853599;Jong-Sung Lee;CMF;62;60;-2
1073857241;Il-Soo Hwang;LWF;65;63;-2
1073857243;Sung-Wook Jin;CF;63;61;-2
1073857248;Chan-Dong Lee;CMF;59;57;-2
1073857271;I. Kovacec;LMF;71;69;-2
1073857273;Geon-Ung Kim;DMF;63;61;-2
1073857373;J. Elsey;CB;62;60;-2
1073857382;R. Mcgree;DMF;66;64;-2
1073857386;N. Mileusnic;LWF;62;60;-2
1073857399;J. Pepper;CMF;63;61;-2
1073857461;N. Abdelhadi;DMF;62;60;-2
1073857495;R. Cheshmi;DMF;71;69;-2
1073857497;O. Noorafkan;DMF;61;59;-2
1073857500;F. Bagheri;DMF;61;59;-2
1073857547;Y. Delfi;RMF;60;58;-2
107414;J. Mwanga;DMF;74;72;-2
107469;M. Marega;SS;61;59;-2
107548;A. Baldi;DMF;67;65;-2
107556;C. Badjeck;CF;63;61;-2
107639;Gelson Martins;RWF;64;62;-2
107656;J. Frimpong;RB;83;81;-2
107682;A. Krešić;CB;65;63;-2
107696;S. Thioub;CF;61;59;-2
107854;E. Ünal;CF;77;75;-2
107903;A. Rodríguez;CF;66;64;-2
107918;L. Villegas;DMF;63;61;-2
108118;Ferreirinha;LWF;74;72;-2
108162;F. García;RMF;66;64;-2
108238;J. Lundstram;CMF;74;72;-2
108263;M. Ćatović;DMF;66;64;-2
108931;A. Robinson;LB;82;80;-2
108955;G. Diangana;RWF;72;70;-2
108973;R. Guilherme;DMF;63;61;-2
108976;C. Dépres;CF;61;59;-2
109026;R. Schoop;RB;63;61;-2
109201;D. Kulusevski;AMF;83;81;-2
109220;A. Diawara;DMF;63;61;-2
109308;Somália;RMF;59;57;-2
109508;A. Lukanović;CF;63;61;-2
109515;M. Festa;GK;70;68;-2
109564;I. Sissoko;DMF;76;74;-2
109572;J. Monteiro;LMF;74;72;-2
109587;B. Jackson;LMF;58;56;-2
109928;B. Chepulich;CB;63;61;-2
109941;A. Deiola;CMF;72;70;-2
110011;J. Mišić;CMF;62;60;-2
110394;Lucas Perri;GK;78;76;-2
110437;D. Bogaev;RWF;65;63;-2
110439;Fornals;CMF;83;81;-2
110458;L. Pereira;LMF;69;67;-2
110478;B. Rivero;CMF;61;59;-2
11055;K. Honda;AMF;61;59;-2
110585;K. Sanson;CMF;64;62;-2
110730;Álvaro Tejero;LB;73;71;-2
110773;G. Paquiez;RB;62;60;-2
110823;A. Schetino;DMF;71;69;-2
110860;F. Cobos;LB;74;72;-2
110861;L. Sosa;CB;72;70;-2
111049;I. Guaraz;DMF;66;64;-2
111062;B. Domínguez;LWF;74;72;-2
111227;O. Selnæs;CMF;61;59;-2
111251;C. Musonda;LWF;76;74;-2
111256;E. Akinsanmiro;CMF;69;67;-2
111282;D. Zabala;RMF;71;69;-2
111294;J. Pereyra;CMF;73;71;-2
111362;S. Martinet;CF;60;58;-2
111449;Marcelinho Braz;AMF;64;62;-2
111464;Cauã Soares;CF;63;61;-2
111488;R. Profini;DMF;72;70;-2
111490;L. Jović;CF;71;69;-2
111815;P. Magnon;RMF;60;58;-2
111830;R. Guerra;DMF;64;62;-2
111845;A. Bellemo;CMF;65;63;-2
111910;M. Harness;RWF;61;59;-2
112262;A. Rufer;DMF;68;66;-2
112460;S. Miangue;LB;73;71;-2
112518;P. Pietryga;GK;55;53;-2
112534;Edgar Badía;GK;72;70;-2
112573;T. Davies;CMF;60;58;-2
112583;N. Milenković;CB;82;80;-2
112597;J. Samooja;GK;63;61;-2
112746;Wermeson;LWF;66;64;-2
112794;José Matos;LB;61;59;-2
112798;Juan Jesus;CMF;66;64;-2
112900;Erick;DMF;74;72;-2
112936;G. Bogado;AMF;67;65;-2
112939;L.mokhevishvili;CMF;61;59;-2
113057;L. Cattaneo;AMF;70;68;-2
113162;Lucas Silva;RWF;68;66;-2
113240;D. Cools;RB;69;67;-2
113245;J. Banel;LWF;68;66;-2
113308;F. Fragapane;LWF;71;69;-2
113338;D. Zakaria;DMF;83;81;-2
113357;J. Todibo;CB;78;76;-2
113369;M. Zorc;DMF;62;60;-2
113550;J. P. Charles;LB;62;60;-2
113622;Nacho Abeledo;LWF;66;64;-2
113635;A. Escobar;CMF;60;58;-2
113655;J. Rentería;RWF;65;63;-2
113820;E. Barbato;LB;62;60;-2
113827;Á. Verón;LWF;64;62;-2
113828;Pepê Fermino;AMF;62;60;-2
113900;F. Wirtz;AMF;88;86;-2
113912;S. Bell;CB;75;73;-2
113920;João Tavares;CMF;60;58;-2
113939;G. Bontempo;CMF;74;72;-2
113947;Daniel Troiano;CF;64;62;-2
113948;Idelino;CF;62;60;-2
113952;Cauê;DMF;71;69;-2
113957;Jesús Alfaro;RWF;61;59;-2
113962;G. Gelini;RWF;67;65;-2
113972;M. Van De Ven;CB;83;81;-2
113983;I. Tapia;CB;68;66;-2
114036;J. Maddison;AMF;84;82;-2
114060;Gabriel Pec;RWF;77;75;-2
114081;D. Sarmiento;RMF;68;66;-2
114104;D. Pantschenko;DMF;60;58;-2
114150;L. de la Torre;RMF;63;61;-2
114220;F. Flavioni;LB;62;60;-2
114244;André Sousa;CMF;61;59;-2
114284;B. Barcola;LWF;87;85;-2
114288;Aitor García;LMF;67;65;-2
114347;Jajá;LWF;73;71;-2
114354;F. Barcelo;CF;70;68;-2
114369;A. Lucena;RMF;69;67;-2
114374;R. Cabalucci;LWF;62;60;-2
114382;L. Areal;CMF;57;55;-2
114445;S. Almeida;LWF;66;64;-2
114465;D. Perić;CB;67;65;-2
114496;I. Ochoa;RWF;63;61;-2
114545;M. Højholt;DMF;68;66;-2
114548;B. Kociubinski;DMF;69;67;-2
114578;L. Machine;CF;63;61;-2
114644;Dieguinho;RWF;65;63;-2
114666;T. Negrel;GK;61;59;-2
114698;Agirrezabala;GK;78;76;-2
114702;M. Marin;CMF;63;61;-2
114735;L. Dias;GK;60;58;-2
114744;R. Alfani;CB;62;60;-2
114754;Inácio;LB;65;63;-2
114757;F. Rossi;SS;64;62;-2
114760;I. Koutsoupias;CMF;72;70;-2
114773;S. Şahintürk;RMF;60;58;-2
114816;J. Yriarte;CMF;66;64;-2
114955;P. Webber;LB;62;60;-2
114970;J. Arizala;LMF;65;63;-2
114972;Altimira;DMF;79;77;-2
114989;Xavi Simons;AMF;83;81;-2
115028;R. B. Rodrigues;LWF;65;63;-2
115050;B. Badibanga;LWF;63;61;-2
115128;D. Aguilar;LWF;66;64;-2
115174;C. Carletti;CF;61;59;-2
115176;V. Castellanos;CF;80;78;-2
115227;E. Austbø;LWF;72;70;-2
115239;G. Luiz;CF;62;60;-2
115254;R. Kolo Muani;CF;79;77;-2
115339;H. Donovan;CMF;58;56;-2
115374;C. Gorgerino;LB;63;61;-2
115387;L. Flores;RWF;70;68;-2
115558;R. Mcgree;DMF;66;64;-2
115644;L. Nava;GK;62;60;-2
115841;H. Mosquera;LWF;73;71;-2
115844;B. Mendy;DMF;77;75;-2
115873;Wallace Yan;CF;65;63;-2
115886;J. Heinrich;LMF;64;62;-2
115906;M. Rodríguez;DMF;64;62;-2
115911;J. Soler;LB;70;68;-2
115922;Vini Paulista;DMF;70;68;-2
115923;Renan Viana;CF;64;62;-2
115924;Erick Pulga;LWF;76;74;-2
115937;M. Kilman;CB;76;74;-2
115939;Hudson;DMF;64;62;-2
116036;E. Lahti;GK;58;56;-2
116144;M. Sanabria;LWF;67;65;-2
116341;A. Llullaku;LMF;69;67;-2
116420;M. Courcoul;DMF;69;67;-2
116455;C. Saco;CMF;68;66;-2
116482;G. Vicario;GK;82;80;-2
116491;M. Fiore;RB;63;61;-2
116569;Seung-Ho Paik;CMF;63;61;-2
116610;C. Macdonald;LB;62;60;-2
116628;B. Donio;DMF;63;61;-2
116712;F. Downes;DMF;61;59;-2
116951;M. Nocciolini;RWF;62;60;-2
117391;G. Simion;RB;63;61;-2
117396;D. Man;AMF;61;59;-2
117404;R. Garcés;CB;73;71;-2
117405;D. Gonzáles;LB;63;61;-2
117406;G. Chávez;CB;69;67;-2
117466;Morros Ruiz;LB;62;60;-2
117480;D. Melikiotis;CF;65;63;-2
117483;E. Koulouris;CF;66;64;-2
117486;G. Martínez;CF;75;73;-2
117499;A. Piedfort;DMF;72;70;-2
117519;R. McAidoo;RWF;66;64;-2
117526;E. Ramírez;RWF;62;60;-2
117537;Álvaro Valles;GK;79;77;-2
117549;S. Musah;CF;66;64;-2
117675;Kayky;RWF;68;66;-2
117735;G. Castillo;DMF;59;57;-2
117771;D. Puebla;LMF;70;68;-2
117811;M. Nascimento;CF;66;64;-2
117837;G. Deneuve;GK;71;69;-2
117901;Joel Roca;LWF;75;73;-2
117913;João Vasco;CF;62;60;-2
117922;S. Ingelsson;RMF;68;66;-2
117928;Tzanetopoulos;CB;66;64;-2
117945;Choe Song-Hyok;RMF;62;60;-2
118163;H. López;AMF;62;60;-2
118170;Di Santantonio;DMF;64;62;-2
118211;S. Chukwueze;RWF;80;78;-2
118226;E. Zhegrova;RWF;80;78;-2
118238;Gnangoro Bouare;CMF;63;61;-2
118239;C. Shaughnessy;DMF;66;64;-2
118240;V. M. Savić;GK;82;80;-2
118286;K. Eichhorn;DMF;70;68;-2
118301;Kountouriotis;RWF;64;62;-2
118305;C. Zabala;CMF;73;71;-2
118376;J. Frosali;DMF;62;60;-2
118379;Bryan Gil;LWF;77;75;-2
118480;J. Sarmiento;RWF;67;65;-2
118489;E. Stokes;CF;61;59;-2
118560;L. Feler;DMF;65;63;-2
118564;M. El Mala;CF;61;59;-2
118621;P. Babis;DMF;57;55;-2
118622;C. Giousis;AMF;64;62;-2
118631;B. Aouacheria;LWF;68;66;-2
118651;J. Friedrich;LWF;62;60;-2
118660;D. Hutchinson;DMF;62;60;-2
118695;S. Bareiro;CF;61;59;-2
118698;J. Martínez;DMF;75;73;-2
118700;R. Vantukh;CF;65;63;-2
118931;M. Rodríguez;RWF;62;60;-2
119115;Z. Naili;CF;62;60;-2
119129;T. Ayala;GK;66;64;-2
119799;N. Vallejo;LMF;75;73;-2
119819;N. Nkounkou;LB;74;72;-2
119826;J. Bahoya;LWF;78;76;-2
119839;J. Lepenant;DMF;75;73;-2
119848;L. Colombo;DMF;67;65;-2
119884;S. Cordero;DMF;67;65;-2
119892;Raúl Moro;LWF;77;75;-2
119893;C. Rivero;CB;71;69;-2
120337;J. Guidino;LB;66;64;-2
120340;P. Mendy;CF;67;65;-2
120341;A. Tamariz;DMF;64;62;-2
120351;H. Hassan;RWF;75;73;-2
121200;Charles;DMF;69;67;-2
121207;S. Cantrel;LB;62;60;-2
121238;Chris Ramos;CF;74;72;-2
121282;S. Sosa;LWF;63;61;-2
121307;K. Thuram;CMF;83;81;-2
121310;Robert Sánchez;GK;82;80;-2
121330;T. Carbonelli;CMF;60;58;-2
121342;O. Kolář;GK;71;69;-2
121359;S. Sosa;DMF;66;64;-2
121373;W. Fofana;CB;81;79;-2
121375;G. Moscardo;DMF;74;72;-2
121957;Túlio Eduardo;CF;66;64;-2
121972;L. Maldonado;GK;63;61;-2
121977;C. López;CF;62;60;-2
121981;C. Da Silva;CMF;64;62;-2
121984;S. Icardi;DMF;63;61;-2
121995;C. Niasse;DMF;73;71;-2
122305;A. Fuentes;DMF;71;69;-2
122322;V. Bernedo;GK;71;69;-2
123729;E. Rodríguez;CF;65;63;-2
124277;Miguel;RWF;68;66;-2
124860;J. Ruiz;RWF;74;72;-2
15050;S. Okazaki;CF;62;60;-2
1680;D. Ayala;DMF;70;68;-2
1732;W. Samuel;CB;68;66;-2
2585;Maxwell;LB;62;60;-2
262961;E. Castillo;DMF;62;60;-2
262981;M. Hinestroza;RWF;72;70;-2
263019;S. Arce;CB;67;65;-2
263699;Emo;SS;64;62;-2
263877;Claudio;CB;58;56;-2
263885;Capitán liso;DMF;73;71;-2
266891;N. Losada;GK;78;76;-2
269248;D. Sanches;LWF;81;79;-2
2840;K. Dalglish;CF;75;73;-2
2843;Ian Rush;CF;71;69;-2
294479;R. Faria;AMF;74;72;-2
294585;F. Correia;CMF;76;74;-2
297229;Moka Jin;CMF;73;71;-2
297348;N. Eca;CF;74;72;-2
297409;Wallisson;DMF;69;67;-2
297768;K. Al-Ghannam;LWF;67;65;-2
298690;Y. Murillo;CB;64;62;-2
299545;L. Soule;LB;72;70;-2
30010;G. Migliaccio;CMF;73;71;-2
30056;H. Maduro;DMF;58;56;-2
30059;K. Vermeer;GK;68;66;-2
301371;L. Bozza;CMF;74;72;-2
301986;Junhye Mun;CMF;66;64;-2
30277;Llorente;CF;64;62;-2
303333;A. Valente;GK;81;79;-2
305006;H. Gunn;DMF;77;75;-2
306125;L. Zúñiga;LMF;63;61;-2
306389;A. Perriand;CB;72;70;-2
308178;R. Bilu;RMF;67;65;-2
308458;G. Aguayo;RMF;68;66;-2
309178;Felipe Negrucci;DMF;65;63;-2
309281;J. Noronha;DMF;73;71;-2
31170;D. Basta;RB;62;60;-2
31381;S. Okaka;CF;62;60;-2
3191;P. Čech;GK;75;73;-2
319209;S. Nazim;LMF;62;60;-2
319218;H. Abdal Rahim;RB;62;60;-2
320992;Newton;DMF;71;69;-2
321001;J. Galica;CF;65;63;-2
321199;A. Fayzullaev;RWF;67;65;-2
321733;S. Ezatolahi;DMF;68;66;-2
322083;I. Turki;CF;65;63;-2
322888;Á. Campuzano;DMF;72;70;-2
322889;A. Vaca;CF;62;60;-2
323112;D. Goios;CB;73;71;-2
323327;N. Benbouali;CF;68;66;-2
323577;I. Dias;CB;65;63;-2
323595;Éverton C.;LWF;77;75;-2
323843;P. Niazmand;GK;68;66;-2
32462;L. Diarra;DMF;63;61;-2
32607;Nani;RWF;66;64;-2
33104;L. Cigarini;DMF;59;57;-2
33643;M. Benatia;CB;65;63;-2
33930;A. Fernández;DMF;63;61;-2
34513;M. Amalfitano;RWF;59;57;-2
34514;A. Minda;RWF;74;72;-2
34626;S. Long;CF;61;59;-2
34991;M. Sales;DMF;68;66;-2
35006;K. das Neves;DMF;63;61;-2
35249;M. Caranta;GK;70;68;-2
35397;P. Wernbloom;DMF;63;61;-2
3544;Borja Fernández;DMF;71;69;-2
35446;M. Pereira;RB;62;60;-2
3579;S. Pienaar;LWF;58;56;-2
35880;J. Sosa;CMF;75;73;-2
36256;A. Dzyuba;CF;64;62;-2
363319;A. Qasem;LWF;68;66;-2
363597;T. Melo;GK;74;72;-2
363894;M. Jesus;LB;64;62;-2
364349;I. Wisdom;DMF;67;65;-2
364393;D. Aguiar;CF;74;72;-2
36602;W. Vainqueur;DMF;62;60;-2
366115;L. Horry;DMF;73;71;-2
366624;V. Serpa;DMF;71;69;-2
36671;A. Šemper;GK;73;71;-2
366795;M. Távara;CMF;73;71;-2
366831;H. Deffes;CMF;76;74;-2
36685;Pedro León;RWF;66;64;-2
367068;P. Frockhart;CF;65;63;-2
367135;P. Roth;GK;61;59;-2
36817;M. Mandžukić;CF;70;68;-2
368720;Gustavinho;DMF;66;64;-2
368761;D. Alvares;LWF;74;72;-2
368764;V. Corte Real;DMF;72;70;-2
369276;R. Fakih;CF;61;59;-2
369664;G. Cazonatti;DMF;70;68;-2
36986;Y. Gervinho;LWF;64;62;-2
37065;M. Schneiderlin;DMF;66;64;-2
37066;Q. Othon;DMF;72;70;-2
370814;S. Muñoz;RWF;66;64;-2
37086;M. Kelly;RB;59;57;-2
37095;G. Fernandes;DMF;61;59;-2
37151;J. Beyer;CB;74;72;-2
37187;Susaeta;RWF;61;59;-2
373253;F. Pasadore;SS;62;60;-2
373471;T. Dolan;RWF;76;74;-2
373749;M. Ghazanfar;CMF;60;58;-2
37383;Iborra;DMF;65;63;-2
37403;Y. M'Vila;DMF;61;59;-2
374259;H. Mahmoud;CMF;69;67;-2
374282;G. Coverdale;CF;62;60;-2
374315;A. Godoy;DMF;72;70;-2
37433;L. Fer;CMF;61;59;-2
37440;A. Gunnarsson;CMF;59;57;-2
374456;G. Hita;DMF;64;62;-2
376502;L. Justiniano;CB;64;62;-2
376971;R. Acuña Vera;CF;60;58;-2
378213;O. bin Farid;CF;62;60;-2
378227;F. Wahid;RWF;65;63;-2
37824;M. Fellaini;CMF;65;63;-2
378303;D. Vasconcelos;CF;62;60;-2
378342;M. Gianoli;CB;68;66;-2
378343;E. Albuquerque;CF;65;63;-2
378445;D. Branco;DMF;64;62;-2
37846;Richardson;DMF;68;66;-2
378480;I. Puerta;RWF;66;64;-2
378483;O. Guelbenzu;RB;66;64;-2
378520;J. Verley;LMF;71;69;-2
37901;T. Rincón;DMF;70;68;-2
37907;B. Ruiz;LWF;61;59;-2
379219;Kayke;CF;62;60;-2
38080;D. Stockdale;GK;63;61;-2
38122;P. Piatti;LWF;64;62;-2
38201;G. N'Dy Assembé;GK;72;70;-2
38261;A. Yarmolenko;RMF;65;63;-2
38345;M. Badelj;DMF;64;62;-2
38567;Pedro;RWF;78;76;-2
38568;S. Busquets;DMF;80;78;-2
38630;V. Guaita;GK;79;77;-2
38761;N. Uysal;DMF;72;70;-2
3882;S. Abreu;CF;73;71;-2
39020;Y. Ōsako;CF;62;60;-2
39231;N. Kalinić;CF;65;63;-2
39237;D. Edwards;CMF;57;55;-2
39238;C. Gallagher;CMF;80;78;-2
39278;Ó. Ustari;GK;76;74;-2
39401;A. Konaté;CMF;64;62;-2
39586;E. Israelsson;CMF;59;57;-2
39773;C. Borges;CMF;61;59;-2
39804;M. Silva;GK;71;69;-2
39811;J. Velázquez;CB;74;72;-2
40285;M. Ritchie;RMF;61;59;-2
40347;S. Khedira;CMF;70;68;-2
40362;Ênio;LWF;68;66;-2
4039;Fábio;GK;80;78;-2
40392;N. Viergever;CB;80;78;-2
40573;L. Maloney;DMF;74;72;-2
40639;Muniain;LWF;64;62;-2
40710;M. Gonalons;DMF;65;63;-2
40714;T. Müller;SS;73;71;-2
40716;E. Lamela;RWF;65;63;-2
4072;Víctor Valdés;GK;69;67;-2
40735;J. Papaleo;GK;70;68;-2
40751;A. Ramos;CF;63;61;-2
41084;K. N'Dri;RWF;70;68;-2
41135;J. Matip;CB;67;65;-2
41163;E. Pérez;DMF;74;72;-2
41209;Patrick;CMF;70;68;-2
41305;J. Mercier;DMF;77;75;-2
41354;M. Cejas;SS;71;69;-2
41555;E. Álvarez;DMF;79;77;-2
41581;J. Rodríguez;AMF;80;78;-2
42086;L. Cardozo;DMF;72;70;-2
42177;P. Pérez;CMF;63;61;-2
42309;Bergara;DMF;74;72;-2
42336;R. Hamouma;RWF;62;60;-2
42400;M. van Ginkel;CMF;64;62;-2
42422;T. Xhaka;DMF;60;58;-2
42455;Ganso;AMF;74;72;-2
42589;B. Stambouli;DMF;74;72;-2
42810;J. Walters;CF;59;57;-2
42825;A. Areola;GK;77;75;-2
42931;A. Musa;LWF;63;61;-2
42986;S. Romero;CMF;74;72;-2
43075;G. Kondogbia;DMF;78;76;-2
43170;A. Townsend;RWF;64;62;-2
43596;Thaciano;AMF;72;70;-2
43695;Dudu;LWF;74;72;-2
4398;M. de Sanctis;GK;66;64;-2
4414;K. Sibo;DMF;72;70;-2
44209;Rafael Miranda;DMF;74;72;-2
44328;K. Grosicki;RWF;62;60;-2
44559;Àngel Rangel;RB;59;57;-2
44653;M. Mostefa;DMF;59;57;-2
44659;G. Krychowiak;DMF;65;63;-2
44791;Jair;DMF;72;70;-2
44849;S. Berghuis;RWF;62;60;-2
44908;D. Koukou;DMF;68;66;-2
44912;Fernando Varela;RB;74;72;-2
45055;B. Dominguès;LWF;70;68;-2
45405;A. Pléa;CF;64;62;-2
45576;I. Marcone;DMF;75;73;-2
45592;D. Luna;RWF;67;65;-2
45664;I. Zufiaurre;LWF;63;61;-2
45832;S. Cristóforo;DMF;69;67;-2
46049;Wanderson;LWF;74;72;-2
46237;William Arão;DMF;75;73;-2
46310;Filipe Augusto;DMF;77;75;-2
46490;J. Faussurier;RB;70;68;-2
46491;Thiago Xavier;DMF;67;65;-2
46598;J. Butland;GK;77;75;-2
46815;Ederson Moraes;GK;85;83;-2
46967;R. Bennett;CB;72;70;-2
46975;S. Henderson;GK;71;69;-2
47002;H. Ziyech;RWF;79;77;-2
47080;A. Ararat;CMF;60;58;-2
47143;W. Falcone;GK;86;84;-2
47239;C. Yacob;DMF;62;60;-2
47308;M. Mahmoud;CF;61;59;-2
47338;R. Abdullah;DMF;73;71;-2
47648;R. Di Gennaro;GK;70;68;-2
47657;A. Christiansen;DMF;71;69;-2
4768;Júlio César;GK;71;69;-2
47739;J. Hernández;CF;62;60;-2
47754;M. Villalobos;CF;70;68;-2
47945;L. Povea;DMF;70;68;-2
47973;E. Blanco;DMF;74;72;-2
48009;Á. Romero;RWF;73;71;-2
51514;R. Dennison;DMF;72;70;-2
51524;G. Wheeler;DMF;73;71;-2
51526;E. Wabeck;CF;71;69;-2
52914;N. Stark;CMF;74;72;-2
52952;Lijun Zhu;DMF;72;70;-2
52964;M. Darwish;DMF;73;71;-2
52968;A. Brennan;CF;71;69;-2
52972;D. Lovelock;DMF;72;70;-2
52984;I. Stein;DMF;73;71;-2
52988;H. Brise;CF;71;69;-2
53010;Yibujang;DMF;57;55;-2
54068;R. Chavarri;CB;68;66;-2
54070;V. Akhmatova;RB;65;63;-2
54106;Y. Andrenko;RB;64;62;-2
54108;L. Hempleman;CMF;71;69;-2
54149;M. Abu Akram;CB;73;71;-2
54161;C. Miño;CF;65;63;-2
54163;M. Caicedo;CB;62;60;-2
54266;H. Camara;CF;67;65;-2
54349;L. de Blamont;GK;52;50;-2
54361;B. Barboza;RB;65;63;-2
54413;I. Ramírez;CF;66;64;-2
54419;M. Nichelmann;CB;71;69;-2
54430;M. Keller;CB;74;72;-2
54434;S. Hafizullah;DMF;74;72;-2
54602;P. Ortiz;CB;63;61;-2
54750;G. Pead;CF;67;65;-2
54758;J. Treluyer;AMF;73;71;-2
54768;F. Voro;DMF;70;68;-2
54775;M. Teber;CB;74;72;-2
54779;L. Wilbye;DMF;74;72;-2
54802;H. Ortac;CMF;71;69;-2
54813;A. Baceoglu;DMF;56;54;-2
54819;J. Lehn;CF;71;69;-2
54857;D. Corral;RWF;66;64;-2
54884;Michael;LMF;76;74;-2
54901;Xieyun Fu;CMF;74;72;-2
54919;Boksang Gil;DMF;72;70;-2
54931;Byeonggi Yu;DMF;73;71;-2
54935;Bongu Gwak;CF;71;69;-2
54974;Luighi;CF;65;63;-2
54984;R. Finnissy;AMF;74;72;-2
55000;R. Ata;CMF;71;69;-2
55021;R. Fikri;DMF;74;72;-2
55025;M. Ziad;SS;74;72;-2
55030;S. Imad Aldin;DMF;71;69;-2
55042;A. Hamid Aldin;DMF;71;69;-2
55061;F. Abdul Alim;DMF;69;67;-2
55075;N. Latif;CF;68;66;-2
55085;R. Alim;SS;71;69;-2
55249;I. Hettich;DMF;71;69;-2
55251;C. Schipper;RMF;63;61;-2
55265;T. Matthiessen;LWF;69;67;-2
5527;S. Mauri;AMF;57;55;-2
55277;D. Boia;DMF;71;69;-2
55279;I. Capi;RMF;63;61;-2
55293;M. Olalla;LWF;69;67;-2
55325;Hocanrusi;DMF;57;55;-2
55357;Upaquinto;DMF;57;55;-2
55405;V. Biggs;DMF;70;68;-2
55413;B. Pitaruga;CB;69;67;-2
55417;Z. Bayes;DMF;72;70;-2
55421;C. Martínez;CMF;60;58;-2
55427;O. Lincke;LB;74;72;-2
55440;V. Grishin;DMF;70;68;-2
55539;Á. Quiroga;DMF;68;66;-2
55649;J. Paniagua;CMF;74;72;-2
55699;D. Cabanas;DMF;71;69;-2
55700;H. Paniagua;DMF;73;71;-2
55705;J. Fuentes;CF;61;59;-2
55728;F. Hinestroza;LMF;71;69;-2
55750;Pablo Espiga;CMF;71;69;-2
55755;Valentino;GK;74;72;-2
55800;J. López;AMF;62;60;-2
55803;F. López;CMF;65;63;-2
55805;D. Gil;GK;64;62;-2
55813;J. Archimbaud;DMF;69;67;-2
55818;F. Ruíz;RWF;64;62;-2
55866;A. Terra;CF;69;67;-2
55895;F. Larrea;CB;71;69;-2
55901;A. Cuadrado;SS;74;72;-2
55959;É. Balanta;DMF;72;70;-2
55964;J. Murillo;RWF;73;71;-2
55987;A. De Luca;RWF;62;60;-2
56042;K. Toscano;DMF;67;65;-2
56060;G. Lozano;CMF;61;59;-2
56099;F. Aroca;DMF;71;69;-2
56113;Y. Vásquez;CF;65;63;-2
56116;J. Codax;CF;68;66;-2
56123;J. Cervera;LB;68;66;-2
56129;J. Enamorado;LWF;72;70;-2
56136;J. García;AMF;62;60;-2
56180;M. Stamenić;DMF;73;71;-2
56220;E. Murillo;DMF;70;68;-2
56231;X. Pisador;DMF;67;65;-2
56256;C. Hormiga;CMF;71;69;-2
56294;C. Dowdeswell;DMF;71;69;-2
56296;G. Hamdan;RMF;63;61;-2
56310;A. Talal;LWF;69;67;-2
57123;M. Salah;RWF;89;87;-2
57265;G. Imbula;DMF;62;60;-2
57619;B. Bentaberry;DMF;69;67;-2
57625;A. Canales;DMF;70;68;-2
57630;L. Worsnop;DMF;70;68;-2
57657;J. Vargas;LWF;64;62;-2
57665;B. Sterling;DMF;71;69;-2
57729;K. Velasco;LWF;66;64;-2
57738;E. Quintero;RWF;64;62;-2
57891;J. Wila;CF;63;61;-2
57900;A. Langa;SS;74;72;-2
57904;S. Góngora;RWF;62;60;-2
57906;E. Mendoza;LWF;72;70;-2
57908;Y. Ochoa;DMF;62;60;-2
57911;M. Céliz;CMF;70;68;-2
57935;G. Quintana;SS;73;71;-2
57991;M. Amaro;DMF;72;70;-2
58050;M. Damas;DMF;70;68;-2
58088;S. Moso;DMF;71;69;-2
58128;C. Villalba;CMF;71;69;-2
58141;E. Tapies;SS;74;72;-2
58152;M. Boris;SS;71;69;-2
58171;Murilo Rhikman;DMF;63;61;-2
58184;S. Arambarri;CMF;63;61;-2
58193;M. Perelló;RWF;69;67;-2
58195;F. Batlle;DMF;66;64;-2
58201;K. Diawara;LWF;70;68;-2
58213;H. Villalba;RMF;71;69;-2
58228;M. Collazo;AMF;63;61;-2
58232;B. Castillo;RB;68;66;-2
58234;W. Vargas;RB;66;64;-2
58240;De Arruabarrena;GK;75;73;-2
58247;B. Oyola;LMF;70;68;-2
58248;J. Corozo;RWF;73;71;-2
58269;H. Fernández;LWF;70;68;-2
58276;J. Vieira;CF;73;71;-2
58341;I. Vásquez;AMF;65;63;-2
58369;R. Sarli;CF;58;56;-2
58396;J. Staněk;GK;78;76;-2
58402;H. Rodríguez;CMF;67;65;-2
58404;C. Yeste;SS;74;72;-2
58412;G. de Palo;DMF;70;68;-2
58617;O. Tufan;DMF;62;60;-2
58849;Gabriel Delfim;GK;66;64;-2
58861;J. Palomino;DMF;70;68;-2
59219;C. Gómez;DMF;68;66;-2
59256;F. Lorenzón;CB;65;63;-2
59275;M. Velasquez;CB;63;61;-2
59281;F. Ragusa;CMF;68;66;-2
59290;G. Alucema;DMF;65;63;-2
59295;C. Ponce;CF;61;59;-2
59388;M. Romero;RMF;68;66;-2
59389;S. Varas;CF;69;67;-2
59487;S. Liseth;CF;70;68;-2
59646;D. Kourmpelis;DMF;71;69;-2
59714;A. Mac Allister;CMF;86;84;-2
59995;H. Herrera;CMF;61;59;-2
60053;M. Guerreiro;CF;64;62;-2
60154;P. Alvarado;CB;71;69;-2
60218;A. Obando;LMF;66;64;-2
60220;G. Escalante;DMF;61;59;-2
60234;C. Corvalán;CB;71;69;-2
60238;J. Musso;GK;84;82;-2
60250;T. Marchiori;GK;78;76;-2
60252;J. Mavilla;LWF;63;61;-2
60274;M. Lepe;CMF;67;65;-2
60299;I. Fernández;CMF;75;73;-2
60315;M. Łubik;GK;69;67;-2
60425;Álvaro García;LWF;83;81;-2
60504;M. Pessina;GK;64;62;-2
60620;T. Bakayoko;DMF;66;64;-2
60621;A. Hunou;CMF;69;67;-2
60761;S. Castañeda;DMF;72;70;-2
60796;Paulinho;SS;73;71;-2
6080;S. Schaars;DMF;62;60;-2
60823;S. Barbi;GK;60;58;-2
60844;J. Hendrix;DMF;65;63;-2
60865;N. Chalobah;DMF;60;58;-2
60880;J. Godoy;LB;63;61;-2
60915;T. Gomis;LWF;73;71;-2
60968;Lucão;CB;73;71;-2
61017;I. Ledesma;AMF;63;61;-2
61093;K. Bazelyuk;CF;65;63;-2
61252;J. Caraballo;SS;69;67;-2
61267;Y. Mutō;CF;61;59;-2
61395;G. Leyes;CF;64;62;-2
61455;R. Castro;DMF;68;66;-2
61606;M. Pineida;LB;67;65;-2
62007;G. Moncini;CF;64;62;-2
63165;José Crespo;CB;72;70;-2
63238;M. Vigorito;GK;66;64;-2
6327;Vilas Boas;CB;71;69;-2
63327;M. Dijkstra;DMF;69;67;-2
63452;R. Sava;GK;73;71;-2
63474;Alisson;GK;89;87;-2
63497;Saúl;CMF;78;76;-2
63539;M. Troiano;DMF;64;62;-2
63597;M. Silvestri;GK;74;72;-2
63647;N. Ortigoza;DMF;78;76;-2
63739;P. Ntep;LWF;63;61;-2
63907;A. Ionov;RWF;72;70;-2
64896;R. Al-Najjar;GK;63;61;-2
6959;Yuri Lara;DMF;69;67;-2
7255;M. Rodríguez;LWF;65;63;-2
7782;M. Bodmer;DMF;59;57;-2
7793;B. Sagna;RB;64;62;-2
7845;S. Baradji;DMF;61;59;-2
7878;J. Briand;CF;62;60;-2
7895;R. Mavuba;DMF;61;59;-2
7927;D. Pratley;CMF;69;67;-2
8032;T. Cahill;CMF;55;53;-2
880;P. Vieira;DMF;76;74;-2
9235;Miguel Flaño;CB;72;70;-2
9277;K. Uche;SS;70;68;-2
9317;A. Turan;LWF;68;66;-2
9341;M. Gómez;CF;66;64;-2
9452;J. Tchatchoua;RB;74;72;-2
100001;T. Parrott;CF;77;78;1
100003;Fran Cruz;CB;64;65;1
100004;Dani Pinillos;LB;68;69;1
100017;R. Martínez;CB;63;64;1
100018;C. Caballero;CMF;64;65;1
100035;Jozabed;CMF;73;74;1
100061;Manu García;DMF;75;76;1
100090;Caio Secco;GK;64;65;1
100092;T. Esteves;RMF;66;67;1
100111;J. Dezi;CMF;73;74;1
100112;D. Cataldi;DMF;77;78;1
100114;S. Pettinari;CF;65;66;1
100115;S. Cáceres;CB;74;75;1
100130;J. Beste;RWF;76;77;1
100131;Toño;LB;72;73;1
100135;C. Pinsoglio;GK;67;68;1
100137;L. Calapai;RB;63;64;1
100161;Peña;CMF;66;67;1
100178;Jandrei;GK;66;67;1
100212;Fortuño;GK;64;65;1
100216;L. Abascia;CB;68;69;1
100219;E. Holm;RB;74;75;1
100223;M. Mitaj;LB;69;70;1
100226;A. Abdi;LB;74;75;1
100249;I. Smolčić;RB;74;75;1
100257;S. Klaas;CMF;67;68;1
100273;W. Buckley;RWF;68;69;1
100280;A. Ndiaye;CB;73;74;1
100289;G. Letizia;RB;72;73;1
100295;Ismael Falcón;GK;68;69;1
100297;B. Mee;CB;60;61;1
100302;L. Pasciuti;RMF;71;72;1
100315;S. Sabelli;RB;70;71;1
100316;Diego Rico;LB;75;76;1
100320;F. Moumbagna;CF;70;71;1
100322;David Ferreiro;RWF;71;72;1
100325;L. Ceppitelli;CB;74;75;1
100327;J. De Haas;CB;75;76;1
100328;M. Romizi;CMF;73;74;1
100333;C. Galano;RWF;71;72;1
100336;J. Mbakogu;CF;72;73;1
100342;Álex Muñoz;CB;65;66;1
100358;F. Viviani;DMF;74;75;1
100359;Óscar Valentín;CMF;76;77;1
100360;Santamaría;GK;64;65;1
100370;D. Giannoulis;LB;75;76;1
100372;Jorge Palatsí;GK;65;66;1
100375;Chus Herrero;CB;66;67;1
100376;Richy;CB;66;67;1
100381;P. Ceccaroni;CB;62;63;1
100382;Juncà;LB;71;72;1
100390;Isidoro;RB;65;66;1
100396;L. Chambers;CB;71;72;1
100407;D. Mcgoldrick;CF;71;72;1
100428;D. Zappacosta;RMF;78;79;1
100433;L. Bittante;RB;66;67;1
100443;P. Esposito;CF;75;76;1
100446;Ludovic Baal;LB;76;77;1
100457;A. Galabinov;CF;70;71;1
100458;Lucas Piton;LB;71;72;1
100459;M. Fossati;DMF;73;74;1
100475;B. Gutiérrez;LMF;74;75;1
100486;D. Buzzegoli;CMF;65;66;1
100498;B. Bourigeaud;CMF;73;74;1
100507;S. Anđelković;CB;74;75;1
100530;J. Lascelles;CB;72;73;1
100538;H. Lansbury;CMF;74;75;1
100543;Pepelu;DMF;75;76;1
100550;J. Paterson;LMF;69;70;1
100554;Adrián Niño;CF;71;72;1
100561;W. Bressan;GK;67;68;1
100575;A. Barberis;CMF;75;76;1
100578;L. Tremolada;AMF;68;69;1
100579;N. di Roberto;RWF;68;69;1
100588;A. Famewo;CB;67;68;1
100607;A. Belotti;CF;73;74;1
100618;Pablo Martínez;CMF;75;76;1
100621;Copete;CB;73;74;1
100624;Z. Feddal;CB;59;60;1
100635;L. Rosseti;CF;68;69;1
100639;F. Bruera;CF;68;69;1
100666;M. Barbosa;GK;71;72;1
100693;G. Lopes;LB;62;63;1
100707;Óscar Plano;RWF;70;71;1
100710;K. Grabara;GK;80;81;1
100730;Raúl Lizoáin;GK;71;72;1
100738;Ortuño;CF;71;72;1
100746;Pipo;AMF;56;57;1
100752;H. Tabaković;CF;74;75;1
100762;F. Doucouré;RB;70;71;1
100778;J. Leweling;RWF;77;78;1
100801;Christian;RMF;74;75;1
100802;Aitor Sanz;CMF;73;74;1
100813;Jovane Cabral;LWF;70;71;1
100820;Luiz Gustavo;CB;61;62;1
100829;T. Moulin;CMF;74;75;1
100830;Y. Musah;CMF;72;73;1
100841;A. Monfray;CB;71;72;1
100868;A. González;CF;75;76;1
100897;I. Matanović;CF;76;77;1
100906;Reginaldo;RB;65;66;1
100934;X. Chavalerin;CMF;67;68;1
100939;J. Gradit;CB;76;77;1
100944;Youté Kinkoué;CB;70;71;1
100950;A. Hanche-Olsen;CB;73;74;1
100954;B. Dia;CF;77;78;1
100967;T. Lemar;AMF;76;77;1
100975;M. Mbow;CB;74;75;1
100987;T. Yegbe;CB;69;70;1
100997;Rony Lopes;AMF;77;78;1
100998;I. Gruev;DMF;74;75;1
101029;Gabriel Pereira;CB;74;75;1
101031;R. Mccormack;SS;72;73;1
101033;C. Austin;CF;60;61;1
101042;C. Marshall;CF;65;66;1
101046;N. Collins;CB;73;74;1
101057;Planas;LB;73;74;1
101058;Grimaldo;LB;84;85;1
101091;J. Magennis;CF;69;70;1
101103;J. Russell;LWF;71;72;1
101107;S. Sohm;CMF;73;74;1
101121;Pablo Hervías;RWF;68;69;1
101130;Ager Aketxe;AMF;73;74;1
101136;B. Johnson;RB;71;72;1
101191;C. Richards;CB;79;80;1
101197;J. Maghoma;LMF;68;69;1
101200;C. Lavery;CF;66;67;1
101204;L. González P.;CB;73;74;1
101227;K. Lejeune;LWF;66;67;1
101245;D. Álvarez;LB;62;63;1
101247;A. Clayton;DMF;73;74;1
101249;D. Ward;CF;70;71;1
101291;J. Bellingham;AMF;89;90;1
101329;Z. Clough;AMF;70;71;1
101343;Riquelme;LB;62;63;1
101357;D. Scherhant;LWF;72;73;1
101360;G. Hubert;GK;68;69;1
101364;C. Fiore;LB;69;70;1
101365;Julio Díaz;LB;67;68;1
101386;K. Kampl;CMF;63;64;1
101394;B. Marshall;RMF;72;73;1
101404;B. Youssouf;RB;65;66;1
101408;O. Sidibé;RB;60;61;1
101418;Aldasoro;CMF;69;70;1
101435;Matheus Bahia;LB;69;70;1
101459;Ö. Şişmanoğlu;CF;68;69;1
101476;Branquinho;AMF;68;69;1
101509;C. Bravo;RWF;68;69;1
101522;Rui Vieira;GK;57;58;1
101527;Giuliano;AMF;61;62;1
101537;R. Zozulya;CF;71;72;1
101544;Gustavo Scarpa;AMF;71;72;1
101592;A. Mowatt;CMF;67;68;1
101611;D. Batth;CB;71;72;1
101612;D. Scarlett;CF;66;67;1
101614;C. Drameh;RB;68;69;1
101615;T. Partey;DMF;78;79;1
101622;M. Van Ewijk;RB;74;75;1
101653;L. Tomlin;SS;71;72;1
101675;Hannibal;AMF;74;75;1
101721;A. El Kaabi;CF;79;80;1
101734;M. Bard;LB;75;76;1
101757;A. Mccormack;DMF;65;66;1
101760;Richard;GK;66;67;1
101766;Willian Machado;CB;68;69;1
101767;A. Judge;AMF;73;74;1
101769;A. Condé;DMF;68;69;1
101779;E. O'Kane;CMF;68;69;1
101780;J. Bidwell;LB;67;68;1
101790;B. Pitman;CF;68;69;1
101802;Nazinho;LB;71;72;1
101828;J. Rivierez;RB;68;69;1
101833;B. Yáñez;LMF;68;69;1
101851;F. Herrick;GK;58;59;1
101860;Quini;RB;69;70;1
101871;C. Klaus;GK;67;68;1
101875;B. Embolo;CF;76;77;1
101876;L. Zuffi;DMF;75;76;1
101880;J. Koprivec;GK;64;65;1
101897;M. Sprocati;RMF;62;63;1
101901;G. Ríos;LMF;69;70;1
101902;R. Cáceres;RB;67;68;1
101940;Iñaki;LB;68;69;1
101961;M. Benítez;AMF;70;71;1
101975;L. Blanchard;CB;71;72;1
101979;F. Gelli;CMF;67;68;1
102010;A. Măţel;RB;69;70;1
102026;Mario Ortiz;DMF;68;69;1
102046;N. Cordero;CF;67;68;1
102053;L. Prichoda;RMF;70;71;1
102060;L. Vázquez;CF;71;72;1
102067;G. Bettini;RB;73;74;1
102077;Sergio Postigo;CB;69;70;1
102078;M. Mantovani;CB;77;78;1
102088;Luis Ruiz;LB;61;62;1
102094;Oier Zarraga;CMF;71;72;1
102134;M. Simakan;CB;81;82;1
102203;R. Messali;RB;69;70;1
102204;C. Dawson;GK;61;62;1
102213;D. Pellegrino;GK;69;70;1
102223;L. Bustamante;CMF;70;71;1
102226;Y. Ebnoutalib;CF;69;70;1
102233;N. Breitenbruch;CB;67;68;1
102246;A. Djiku;RB;74;75;1
102269;C. Rushworth;GK;75;76;1
102290;Iñaki Williams;CF;79;80;1
102310;P. Comuzzo;CB;74;75;1
102335;Ariday Cabrera;CF;64;65;1
102339;Munir;GK;68;69;1
102344;Wellington C.;LWF;70;71;1
102365;V. Sarno;RWF;69;70;1
102386;D. Cornelius;CB;73;74;1
102420;Juanlu Sánchez;RB;75;76;1
102424;D. Köhn;LB;74;75;1
102440;F. Andone;CF;78;79;1
102466;J. Burkardt;CF;81;82;1
102501;R. Philippe;RWF;71;72;1
102526;M. Sabitzer;CMF;80;81;1
102536;J. Jacquet;CB;76;77;1
102547;I. Guerti;AMF;56;57;1
102561;H. Palacios;RB;69;70;1
102572;L. Grabban;CF;67;68;1
102584;M. Zetterer;GK;74;75;1
102588;Yusi;LB;69;70;1
102611;L. Fernández;CF;67;68;1
102619;Roque Mesa;CMF;62;63;1
102621;C. Gutiérrez;CB;66;67;1
102627;K. Akpoguma;CB;72;73;1
102644;A. Arrighini;CF;66;67;1
102649;Jesús Imaz;SS;64;65;1
102663;E. Valeri;LB;74;75;1
102677;P. Ciurria;RMF;71;72;1
102682;F. Kamano;LWF;78;79;1
102728;Á. Djaló;LWF;73;74;1
102746;C. Vanhoutte;DMF;76;77;1
102749;I. Lewczuk;CB;74;75;1
102757;K. Koulibaly;CB;81;82;1
102759;D. Rugani;CB;73;74;1
102765;E. Hysaj;RB;71;72;1
102766;Mário Rui;LB;59;60;1
102767;V. Laurini;RB;73;74;1
102768;M. Valdifiori;DMF;60;61;1
102770;M. Dagasso;CMF;68;69;1
102771;D. Croce;CMF;74;75;1
102779;Doma;CB;68;69;1
102782;J. Correa;CF;74;75;1
102783;Rafael Costa;AMF;68;69;1
102788;W. Marinus;AMF;69;70;1
102791;A. Scifo;RB;69;70;1
102798;M. Targett;LB;71;72;1
102812;L. Villafáñez;AMF;74;75;1
102818;G. Laborde;CF;76;77;1
102827;Ronaldo;DMF;67;68;1
102833;Cifuentes;RB;73;74;1
102838;Ewerthon;RB;64;65;1
102840;M. Lopez;DMF;74;75;1
102841;Aranha;GK;60;61;1
102851;E. İlkhan;DMF;69;70;1
102901;L. Sané;RWF;80;81;1
102914;A. Kemlein;DMF;73;74;1
102928;R. Hendriks;CB;75;76;1
102929;J. Veerman;CMF;81;82;1
102948;B. Meïté;CB;74;75;1
102949;J. Eccles;CMF;70;71;1
102950;A. Gray;CF;74;75;1
102952;D. Cotterill;RMF;70;71;1
102969;M. Nguefack;CMF;60;61;1
102972;Carlos Vigaray;RB;72;73;1
102976;F. Serraiocco;GK;58;59;1
102983;J. Aramburu;RB;76;77;1
102984;Anuar Tuhami;CMF;59;60;1
103001;E. Kouadio;CB;61;62;1
103008;Marcos Llorente;RB;84;85;1
103028;F. Marchwiński;CMF;66;67;1
103034;K. Lasagna;CF;74;75;1
103065;Wallace;CB;75;76;1
103083;D. González;GK;72;73;1
103101;Claudinho;RB;65;66;1
103104;Dyego Sousa;CF;73;74;1
103112;Dudu;AMF;65;66;1
103117;A. Zapata;AMF;67;68;1
103119;L. Kitching;CB;72;73;1
103125;E. Goldaniga;CB;71;72;1
103129;M. Abline;CF;75;76;1
103142;W. Weghorst;CF;76;77;1
103145;M. Amoura;CF;78;79;1
103152;Tobias F.;CB;69;70;1
103156;G. Ávila;CB;72;73;1
103157;J. Husband;LB;65;66;1
103167;Pedro;RWF;68;69;1
103197;A. Ounahi;CMF;78;79;1
103199;R. Bressan;AMF;72;73;1
103200;M. Zeegelaar;LB;55;56;1
103205;B. Kuipers;LB;70;71;1
103206;P. Kimpembe;CB;76;77;1
103242;Fran Carnicer;CMF;65;66;1
103249;R. Saïd;LWF;71;72;1
103266;A. King;CMF;56;57;1
103270;Afonso Taira;DMF;69;70;1
103289;Carlos Delgado;CB;63;64;1
103293;J. Denayer;CB;57;58;1
103296;I. Baldé;CF;67;68;1
103318;S. Escobar;LB;61;62;1
103319;N. Oroz;CMF;73;74;1
103325;I. Ordets;CB;74;75;1
103338;A. Aznou;LB;66;67;1
103352;M. Schwäbe;GK;77;78;1
103358;F. Azeez;LMF;74;75;1
103363;A. Golambeckis;CB;60;61;1
103365;F. Marković;RWF;68;69;1
103371;S. Kuzmić;LB;67;68;1
103372;M. Henrique;CMF;73;74;1
103376;L. Gómez;AMF;62;63;1
103396;E. Martínez;CB;71;72;1
103442;R. Reitz;CMF;76;77;1
103449;J. Álvarez;CF;85;86;1
103455;Unai García;CB;66;67;1
103457;E. Tellechea;RWF;73;74;1
103465;N. Leyes;DMF;73;74;1
103473;Antoniu Roca;RWF;72;73;1
103488;D. Seimen;GK;71;72;1
103489;G. Zampano;RB;66;67;1
103492;B. Martella;LB;74;75;1
103502;K. Kosugi;LB;68;69;1
103560;K. Hein;GK;72;73;1
103569;A. Yasar;LB;57;58;1
103576;Ángel Ortiz;RB;69;70;1
103592;P. Konate;LB;68;69;1
103614;Pere Pons;DMF;70;71;1
103622;Jesús Valentín;CB;67;68;1
103633;E. Jelenič;LWF;67;68;1
103635;Fausto Tienza;CMF;72;73;1
103651;D. Terans;AMF;69;70;1
103662;I. Success;LWF;70;71;1
103677;John Kennedy;CF;73;74;1
103678;J. Sosa;CB;72;73;1
103680;L. Karl;AMF;76;77;1
103686;N. Barella;CMF;86;87;1
103692;F. Dickes;GK;56;57;1
103707;J. Pombo;CB;66;67;1
103711;Q. Lecoeuche;LB;58;59;1
103721;J. Šutalo;CB;75;76;1
103753;L. Lozano;RB;75;76;1
103825;G. Puerta;CMF;70;71;1
103845;A. Christensen;CB;78;79;1
103878;L. Gregory;CF;67;68;1
103893;M. Amondarain;CMF;72;73;1
103910;M. Bagayoko;RB;65;66;1
103943;S. Chernik;GK;71;72;1
103961;G. Díaz Rico;CB;61;62;1
103979;G. Acampora;CMF;68;69;1
103991;A. Agolli;LB;70;71;1
104002;I. Kaboré;RB;70;71;1
104100;F. Formiliano;CB;71;72;1
104124;W. Bou;CF;70;71;1
104151;Vitinho;RB;75;76;1
104158;D. Trajkovski;LB;66;67;1
104159;P. Stojanović;RB;70;71;1
104160;D. Giorico;CMF;67;68;1
104224;S. Sy;GK;69;70;1
104226;Bernardo Silva;AMF;83;84;1
104258;Y. Barbet;CB;70;71;1
104260;K. Peterson;LWF;71;72;1
104264;L. Di Lollo;CB;75;76;1
104265;E. Bonifacio;RB;69;70;1
104278;A. Bulatović;CMF;72;73;1
104287;T. Nkada;CF;69;70;1
104294;F. Rasmussen;CB;71;72;1
104310;Q. Cornette;CF;57;58;1
104313;K. Páez;AMF;73;74;1
104320;Paulinho;LB;68;69;1
104321;L. Vega;CB;68;69;1
104347;J. Thielmann;RWF;71;72;1
104349;V. Vada;CMF;76;77;1
104373;A. Pešić;CF;73;74;1
104389;Pedro Nuno;AMF;71;72;1
104394;P. Frankowski;RB;75;76;1
104407;Roger Hinojo;LB;67;68;1
104411;J. Ochieng;RWF;67;68;1
104413;A. Mumin;CB;76;77;1
104418;C. Lenglet;CB;76;77;1
104419;N. Ngoy;CB;76;77;1
104438;Bruno Gaspar;RB;75;76;1
104442;A. Bonnet;LMF;68;69;1
104451;T. Dallinga;CF;74;75;1
104466;Jesús Rodríguez;LWF;75;76;1
104476;Judivan;RWF;70;71;1
104486;C. Kipré;CB;73;74;1
104490;Hyoran;AMF;65;66;1
104493;Andreas Pereira;CMF;79;80;1
104496;Gonçalo Inácio;CB;80;81;1
104518;V. Dávila;AMF;66;67;1
104525;M. Insaurralde;CMF;67;68;1
104527;Gerson;CMF;79;80;1
104611;Wilson-Esbrand;LB;65;66;1
104612;D. Sánchez;CB;80;81;1
104644;G. Isaksen;RWF;75;76;1
104653;H. Boudaoui;CMF;74;75;1
104668;P. McNair;CB;71;72;1
104677;A. Rüdiger;CB;82;83;1
104693;G. Lloris;CB;73;74;1
104696;Viery;CB;69;70;1
104706;Pere Milla;LWF;74;75;1
104717;L. Hernández;LB;80;81;1
104720;Maitland-Niles;RB;76;77;1
104721;Brau;LB;66;67;1
104733;N. Alblas;GK;64;65;1
104735;S. Bergwijn;LWF;75;76;1
104745;S. Amrabat;DMF;78;79;1
104748;Aritz Elustondo;CB;73;74;1
104751;E. Boyomo;CB;78;79;1
104753;Pedro Monteiro;CB;65;66;1
104794;V. Gyökeres;CF;85;86;1
104803;T. Arslan;CMF;73;74;1
104804;A. Onana;GK;64;65;1
104808;S. Becker;LWF;73;74;1
104826;J. Graterol;GK;69;70;1
104854;E. Delprato;RB;74;75;1
104864;G. Martínez;AMF;72;73;1
104869;Ivo Rodrigues;LWF;71;72;1
104876;A. Oyongo;LB;70;71;1
104931;A. Behich;LB;66;67;1
104933;T. Antonis;CMF;62;63;1
105046;E. Sabo;CMF;71;72;1
105056;P. Mandalos;AMF;75;76;1
105062;G. Cimirot;DMF;73;74;1
105073;A. Lunin;GK;79;80;1
105076;K. Mączyński;CMF;56;57;1
105081;V. Janelt;DMF;77;78;1
105095;Robert;GK;64;65;1
105096;B. Mansilla;LWF;72;73;1
105106;J. Galván;CB;69;70;1
105119;E. Ham;CMF;65;66;1
105146;C. Espinoza;RWF;65;66;1
105162;A. Molinas;AMF;73;74;1
105174;Villahermosa;CMF;67;68;1
105175;A. Soñora;AMF;66;67;1
105189;N. Meriano;CB;69;70;1
105193;C. Elliot;RB;62;63;1
105202;L. Gamba;CF;66;67;1
105237;T. Setford;GK;60;61;1
105241;S. Rosales;LWF;72;73;1
105254;L. Østigård;CB;75;76;1
105257;M. Funk;GK;67;68;1
105259;N. Sánchez;AMF;73;74;1
105269;E. Amor;CB;67;68;1
105276;M. Romero;CF;73;74;1
105289;G. Vadalá;SS;70;71;1
105290;L. Ullrich;LB;71;72;1
105292;S. Steur;CMF;71;72;1
105312;G. Alanís;RMF;70;71;1
105324;L. Godoy;RB;72;73;1
105331;F. Altamirano;GK;68;69;1
105341;M. Weigandt;RB;69;70;1
105374;M. Núñez;CMF;72;73;1
105386;F. Ahumada;CF;64;65;1
105413;J. Vargas;LWF;72;73;1
105423;Paco Cortés;LWF;67;68;1
105515;G. Abán;CF;65;66;1
105526;J. Huentelaf;LWF;67;68;1
105530;K. Bos;LB;64;65;1
105564;R. Hack;LWF;76;77;1
105567;P. Čović;AMF;66;67;1
105633;C. Pavón;RWF;73;74;1
105693;M. Giordano;GK;69;70;1
105744;C. Bieler;CF;73;74;1
105808;A. Castro;CMF;72;73;1
106233;Jonathan Cafu;RWF;77;78;1
106339;L. Abram;CB;65;66;1
106340;M. De Ritis;LB;66;67;1
106344;C. González;CB;68;69;1
106398;Y. Osorio;CB;68;69;1
106403;L. Høgsberg;CB;73;74;1
106416;J. Justin;RB;75;76;1
106435;A. Browne;CMF;71;72;1
106442;M. Rots;LB;73;74;1
106447;M. Scannella;GK;58;59;1
106471;M. Damar;CMF;71;72;1
106476;M. Godo;LWF;75;76;1
106496;J. Zemura;LB;70;71;1
106511;C. Santos;CF;71;72;1
106513;E. Martínez;AMF;69;70;1
106520;Filipe Chaby;AMF;68;69;1
106541;J. Capixaba;LB;72;73;1
106548;Thalisson;CB;60;61;1
106570;Vincícius Lira;LB;62;63;1
106571;Matheus Pereira;CMF;70;71;1
106611;M. Hermes;LB;69;70;1
106615;Junior;LB;72;73;1
106617;Perdo Rocha;CF;73;74;1
106629;Alan Patrick;AMF;73;74;1
106638;M. Galdezani;CMF;71;72;1
106662;M. Perrotta;CB;65;66;1
106676;G. Lapadula;CF;69;70;1
106725;C. Arcus;RB;73;74;1
106739;D. Pejičić;AMF;61;62;1
106752;N. Sliti;LWF;73;74;1
106753;I. Traoré;CB;63;64;1
106769;D. Miličević;AMF;71;72;1
106775;M. Burda;CB;69;70;1
106778;V. Tsygankov;RWF;77;78;1
106785;A. Kravets;CF;56;57;1
106800;M. Dahoud;CMF;72;73;1
106868;M. Massop;CB;67;68;1
106888;Manolo Reina;GK;66;67;1
106912;David Fernández;CB;69;70;1
106929;P. Baya;LWF;65;66;1
106968;Lekue;RB;71;72;1
106976;G. Santamaría;CF;63;64;1
106981;Rafita;RB;67;68;1
107002;L. Barlocco;LB;62;63;1
107032;Carlos Martín;CF;69;70;1
107068;K. Ehizibue;RB;70;71;1
107070;E. Lenjani;LB;70;71;1
107086;M. Richter;AMF;76;77;1
107208;F. Novák;LB;68;69;1
107209;R. Berič;CF;76;77;1
107224;J. Greguš;CMF;73;74;1
107313;N. Irankunda;RWF;68;69;1
107318;Iván Sánchez;LMF;63;64;1
107334;A. També;RB;67;68;1
107348;Felipe Alfonso;RB;57;58;1
107354;Álex Alegría;CF;74;75;1
1073741840;Y. Fujigaya;GK;65;66;1
1073745215;Y. Igawa;CB;66;67;1
1073748261;T. Broich;CMF;68;69;1
1073748718;L. Burcu;LWF;71;72;1
1073754310;Tae-Hwi Kwak;CB;74;75;1
1073754405;D. Kamada;AMF;78;79;1
1073756859;K. Kano;AMF;63;64;1
1073756876;N. Aoyama;CB;72;73;1
1073756924;T. Umesaki;LMF;67;68;1
1073757138;Y. Kashiwagi;CMF;72;73;1
1073757333;K. Yonekura;RB;71;72;1
1073757853;T. Takagi;AMF;66;67;1
1073758008;M. Salem Ghazy;CB;64;65;1
1073758104;Zhang Sipeng;GK;60;61;1
1073758172;S. Doi;LMF;68;69;1
1073758196;K. Moriya;CMF;67;68;1
1073758276;H. Ide;RMF;66;67;1
1073758280;S. Arai;GK;63;64;1
1073758323;Y. Komai;RMF;68;69;1
1073758454;Y. Ito;RB;68;69;1
1073758504;H. Hyun-Seok;AMF;70;71;1
1073758614;Fabio Aguiar;CB;68;69;1
1073775864;N. al Shamrani;CF;68;69;1
1073777448;C. Matsima;CB;76;77;1
1073778137;Sun-Tae Kwoun;GK;71;72;1
1073778139;Ki-Hun Yeom;LMF;73;74;1
1073779409;Hwa-Yong Shin;GK;60;61;1
1073779424;Kwang-Hoon Shin;RB;68;69;1
1073780784;R. Hatate;CMF;73;74;1
1073780786;Dong-Ho Jeong;RB;66;67;1
1073780807;S. Yamamoto;LB;68;69;1
1073780820;Y. Takeoka;RB;68;69;1
1073781704;Fares Juma;CB;62;63;1
1073781711;Ahmed Khalil;CF;74;75;1
1073781715;Y. Sugawara;RB;74;75;1
1073782766;H. Mkoyan;CB;67;68;1
1073783130;T. Oar;LWF;73;74;1
1073784499;Paulinho;CMF;81;82;1
1073786182;S. Abdulameer;DMF;68;69;1
1073787310;K. Fujimoto;AMF;69;70;1
1073787714;H. Mahini;LB;68;69;1
1073798919;Salman al Faraj;CMF;72;73;1
1073798928;A. Haikal;RB;65;66;1
1073798933;H. Fardan;CMF;62;63;1
1073798934;A. Sanqour;RB;65;66;1
1073798937;O. Zoteev;LB;64;65;1
1073800247;J. Castrop;CMF;74;75;1
1073800271;Zhou Yun;RB;63;64;1
1073800279;Ji Xiang;LMF;64;65;1
1073800307;J. Mirabdullaev;CB;57;58;1
1073800389;J. Ito;RWF;75;76;1
1073800399;D. Hashioka;RB;69;70;1
1073800648;B. Henrichs;RB;77;78;1
1073800687;W. Bakhashwain;DMF;68;69;1
1073800703;Mahmood al Mas;GK;61;62;1
1073800710;Hamad al Hamad;RMF;66;67;1
1073800782;Oumar Barry;GK;63;64;1
1073800789;A. al Diri;AMF;60;61;1
1073800857;I. Mohammad;RWF;61;62;1
1073800930;Talal al Absi;CB;59;60;1
1073801725;Feng Xiaoting;CB;70;71;1
1073801727;Mosaab Mahmoud;RB;63;64;1
1073801756;In-Hwan Jung;CB;59;60;1
1073801796;Li Xuepeng;LB;68;69;1
1073801802;T. Bunmathan;LB;68;69;1
1073801803;M. Falcón;CB;67;68;1
1073801804;O. Abdulrahman;AMF;78;79;1
1073802226;Jiang Hao;GK;55;56;1
1073804962;Z. Uno;DMF;70;71;1
1073805122;Lima;AMF;71;72;1
1073805217;Yong-Rae Lee;DMF;67;68;1
1073805724;A. Afshin;CF;62;63;1
1073806600;Liao Lisheng;CMF;67;68;1
1073806676;Mohammed Jasser;GK;58;59;1
1073806679;A. al Karbi;CB;55;56;1
1073806731;M. al Burayk;RB;68;69;1
1073806737;Fahad Zahim;CB;52;53;1
1073806785;A. Mubarak;GK;56;57;1
1073806791;Saeed Ahmad;CF;54;55;1
1073806808;A. Rabia;CF;54;55;1
107383;Zé Marcos;CB;67;68;1
1073844525;Li Ang;CB;63;64;1
1073846757;T. Antonis;CMF;62;63;1
1073846810;P. Notechaiya;LB;62;63;1
1073846813;S. Yooyen;CMF;59;60;1
1073846814;M. Tossakrai;RWF;60;61;1
1073847663;S. Lustica;CMF;59;60;1
1073847666;J. North;CB;63;64;1
1073847667;D. Bowles;CB;63;64;1
1073847671;J. Hingert;RB;66;67;1
1073847674;D. Petratos;AMF;68;69;1
1073847679;L. de Vere;CB;60;61;1
1073847684;N. D'Agostino;CF;54;55;1
1073847764;V. Sheikhveisi;GK;59;60;1
1073847820;Seok-Hyun Lee;CMF;62;63;1
1073847825;Woo-Yeong Jeong;AMF;72;73;1
1073847889;M. al Fatil;CB;64;65;1
1073847901;Ahmad al Harbi;GK;57;58;1
1073847902;Amiri Kurdi;RB;68;69;1
1073847906;R. Baku;RB;78;79;1
1073847909;M. Jahfali;CB;69;70;1
1073847945;D. Khamdamov;LWF;55;56;1
1073847955;B. Yuldashov;CB;59;60;1
1073847961;M. Ikramov;GK;55;56;1
107385;D. Poloz;CF;74;75;1
1073850505;F. Namazov;CMF;53;54;1
1073853322;H. Haghverdi;CB;58;59;1
1073853324;V.mohammadzadeh;CB;59;60;1
1073853337;A. Khodadadi;CF;54;55;1
1073853341;H. Noda;CB;59;60;1
1073853405;Se-Jong Ju;CMF;69;70;1
1073853444;Shi Xiaodong;GK;57;58;1
1073853451;Yang Boyu;CB;59;60;1
1073853452;Zhang Wei;LB;62;63;1
1073853458;Zheng Zhiyun;CMF;52;53;1
1073853462;Li Haowen;CF;56;57;1
1073853480;R. Nartadjiev;GK;55;56;1
1073853485;V. Yunusov;CB;52;53;1
1073853486;S. Abdullaev;RMF;62;63;1
1073853558;V. Janjetovic;GK;66;67;1
1073853590;Hyung-Mo Yang;GK;60;61;1
1073853593;Won-Hee Cho;DMF;65;66;1
1073853595;K. Fitz-Jim;CMF;70;71;1
1073853970;A. Promrak;CB;60;61;1
1073857220;Y. Suzuki;SS;76;77;1
1073857221;R. Meshino;SS;62;63;1
1073857229;Ban-Suk Oh;CB;61;62;1
1073857231;Su-Beom Kim;RB;68;69;1
1073857234;K. Takai;CB;71;72;1
1073857235;Woon Chung;LB;64;65;1
1073857236;K. Mizuta;AMF;67;68;1
1073857237;Lee Jae-Sung;AMF;75;76;1
1073857247;S. Tanaka;DMF;68;69;1
1073857250;Hyeon-Ug Kim;AMF;58;59;1
1073857251;S. Nakamura;CF;66;67;1
1073857259;F. Ibrokhimov;CB;57;58;1
1073857269;K. Shiogai;CF;67;68;1
1073857275;S. Machino;CF;71;72;1
1073857281;Ji-Hun Lee;RB;65;66;1
1073857286;I. Kobilov;CB;57;58;1
1073857297;K. Furuhashi;CF;71;72;1
1073857333;Sandro Manoel;DMF;68;69;1
1073857339;C. Lukeba;CB;80;81;1
1073857340;P. Tietz;CF;74;75;1
1073857341;O. Kharbin;SS;72;73;1
1073857372;J. Hall;GK;55;56;1
1073857374;Isaías;DMF;69;70;1
1073857377;D. Mcgowan;CB;67;68;1
1073857379;B. Warland;CB;56;57;1
1073857425;Li Shenglong;CF;57;58;1
1073857433;A. al Ameri;GK;59;60;1
1073857445;Suhail Salem;CMF;60;61;1
1073857488;Bueno;CB;68;69;1
1073857489;K. Misao;CB;65;66;1
1073857518;P. Padungchok;GK;59;60;1
1073857519;T. Hayakawa;GK;68;69;1
1073857540;K. Ajer;CB;76;77;1
1073857564;B. Radosevic;GK;62;63;1
1073857566;H. Aghaei;CB;59;60;1
1073857571;A. Anad;CMF;59;60;1
1073857582;Yapp Hung Fai;GK;61;62;1
1073857585;Ho Kwok Chuen;GK;55;56;1
1073857586;Liang Yuhao;GK;55;56;1
107398;D. Rosheuvel;CMF;69;70;1
107402;A. Nusa;LWF;77;78;1
107410;Bruno Pacheco;LB;66;67;1
107439;P. Vite;CMF;74;75;1
107445;I. Novoseltsev;CB;67;68;1
107480;O. Dovin;GK;69;70;1
107534;F. Varela;LB;68;69;1
107581;S. Thomas;LWF;74;75;1
107587;W. Odobert;LWF;77;78;1
107589;M. Aberhoune;CB;66;67;1
107641;A. Marušić;RB;77;78;1
107645;Éderson;CMF;81;82;1
107686;F. Dimarco;LB;85;86;1
107691;H. Winks;DMF;70;71;1
107700;Aarón Ochoa;AMF;65;66;1
107704;Turrientes;CMF;75;76;1
107716;N. Pépé;RWF;80;81;1
107718;A. Priske;CF;70;71;1
107719;J. Van Hecke;CB;80;81;1
107722;D. Djené;CB;76;77;1
107768;T. Čvančara;CF;65;66;1
107773;D. Calabria;RB;55;56;1
107791;Borja Lasso;LWF;74;75;1
107796;R. Kluivert;CB;74;75;1
107829;Kolodziejczak;CB;68;69;1
107840;M. Bamba;CF;69;70;1
107856;A. Pieper;CB;75;76;1
107858;O. Raterink;RB;61;62;1
107878;K. Urbański;AMF;67;68;1
107880;M. Rodríguez;CMF;66;67;1
107889;F. Mendy;LB;79;80;1
107895;João Pedro;RB;67;68;1
107899;D. Downs;CF;69;70;1
107907;Castro-Montes;RB;73;74;1
107910;Víctor Chust;CB;73;74;1
107911;Javi Muñoz;CMF;73;74;1
107926;J. Hromada;CMF;67;68;1
107934;M. Rodák;GK;60;61;1
107940;C. Verdonk;LB;72;73;1
107961;Samuel Araújo;LB;66;67;1
107977;M. Niakhaté;CB;80;81;1
107978;H. Makalou;CMF;67;68;1
107985;M. Diakhaby;CB;75;76;1
108021;L. Brassier;CB;75;76;1
108051;Marcão;CB;72;73;1
108095;L. Miley;CMF;76;77;1
108110;V. Marchetti;CMF;69;70;1
108129;L. Torreira;DMF;59;60;1
108144;L. Montenegro;CMF;63;64;1
108152;Geovany Quenda;RWF;75;76;1
108163;J. Drommel;GK;67;68;1
108169;Felipe Jonatan;LB;65;66;1
108188;Pape Diop;CMF;71;72;1
108225;K. Tsimikas;LB;75;76;1
108226;Borja Mayoral;CF;75;76;1
108233;Diogo Jota;SS;60;61;1
108285;T. Baldanzi;AMF;74;75;1
108373;Jokin Ezkieta;GK;62;63;1
108380;Pedraza;LB;75;76;1
108396;J. Siebert;CB;69;70;1
108401;A. Douvikas;CF;77;78;1
108402;Zambo Anguissa;CMF;81;82;1
108427;Jacobo Ramón;CB;75;76;1
108457;Álex Sancris;RWF;72;73;1
108466;G. Honeyman;AMF;62;63;1
108479;Evandro;LB;65;66;1
108491;M. Orozco;DMF;63;64;1
108494;L. Amatucci;DMF;72;73;1
108516;Pablo Torre;AMF;74;75;1
108560;Matheusinho;AMF;69;70;1
108566;N. Lemaître;GK;69;70;1
108577;N. Ferreira;LWF;65;66;1
108592;J. Kramer;CB;55;56;1
108602;Peio Canales;AMF;72;73;1
108654;Zé Ivaldo;CB;67;68;1
108657;L. Martínez;CF;86;87;1
108658;P. Cuadra;CF;68;69;1
108692;R. Bensebaini;CB;78;79;1
108696;Nélson Semedo;RB;77;78;1
108697;Y. Medina;LB;69;70;1
108701;D. Ozoh;DMF;69;70;1
108705;N. Futkeu;CF;72;73;1
108706;Mama Baldé;CF;72;73;1
108709;K. Iheanacho;CF;58;59;1
108711;U. Agbo;DMF;70;71;1
108726;M. Pittón;CMF;72;73;1
108728;G. Díaz;LWF;69;70;1
108733;J. Benítez;LWF;66;67;1
108745;M. Estigarribia;CF;68;69;1
108758;J. Elías;CMF;70;71;1
108770;T. Fernández;LWF;73;74;1
108771;H. Tijanovich;LWF;67;68;1
108772;A. Barboza;CB;76;77;1
108775;A. Daghim;RWF;73;74;1
108790;Luis Henrique;CF;66;67;1
108798;Evandro;CF;70;71;1
108838;Breno;CB;71;72;1
108842;C. Akpom;CF;70;71;1
108867;M. Fernández;RB;69;70;1
108890;R. Lezcano;CMF;70;71;1
108907;K. Kerschbaumer;CMF;65;66;1
108911;N. de Pauw;RWF;72;73;1
108913;J. Kvída;CB;68;69;1
108915;J. Haugaard;GK;69;70;1
108928;J.clarke-Salter;CB;69;70;1
108934;D. Ballard;CB;77;78;1
108948;S. Gnabry;SS;82;83;1
108969;N. Mukiele;RB;80;81;1
108971;A. Boiro;LB;72;73;1
108974;J. Bègue;CF;65;66;1
108978;A. Maisonnial;GK;70;71;1
108984;C. Nkunku;CF;79;80;1
108985;O. Édouard;CF;77;78;1
108987;R. Diarra;CB;71;72;1
108991;K. Karetsas;AMF;75;76;1
108993;W. Kambwala;CB;71;72;1
108994;T. De Percin;GK;67;68;1
109019;J. Seys;LB;73;74;1
109024;Van Den Boomen;CMF;72;73;1
109029;B. Nieuwkoop;RB;72;73;1
109030;J. Schuurman;AMF;73;74;1
109038;N. Hasselbaink;RWF;68;69;1
109040;J. Miritello;CF;67;68;1
109047;J. Ryerson;RB;81;82;1
109060;Nuno Pinto;LB;71;72;1
109065;T. Skarke;CF;71;72;1
109071;Chirivella;CMF;54;55;1
109076;Joselu;CF;73;74;1
109079;R. Vargas;LWF;77;78;1
109081;Manu García;AMF;71;72;1
109084;Dela;CB;73;74;1
109094;B. Nsongo;CF;68;69;1
109106;M. Delgado;DMF;73;74;1
109115;Alberto Guitián;CB;65;66;1
109118;Sergi Guardiola;AMF;62;63;1
109122;Simon Gustafson;AMF;71;72;1
109123;V. Lindelöf;CB;76;77;1
109124;M. Akanji;CB;82;83;1
109126;N. Elvedi;CB;77;78;1
109147;J. Parraguez;CF;68;69;1
109161;W. Anton;CB;83;84;1
109169;K. Medel;DMF;62;63;1
109179;L. Da Cunha;CMF;77;78;1
109222;J. Ta Bi;RWF;68;69;1
109226;F. Centonze;RB;69;70;1
109238;A. Diouf;RMF;75;76;1
109243;D. Namaso;LWF;72;73;1
109253;P. Cutrone;CF;73;74;1
109258;G. Vezzosi;CB;58;59;1
109263;M. Zaccagni;LWF;81;82;1
109266;P. Lees-Melou;DMF;76;77;1
109304;Igor Rabello;CB;68;69;1
109310;D. Cvetinović;CB;68;69;1
109316;Washington S.;CMF;67;68;1
109322;Samuel Sáiz;SS;73;74;1
109323;Tiago Mesquita;RB;68;69;1
109324;N. Abraha;RB;58;59;1
109329;H. Maguire;CB;81;82;1
109334;Ruca;LB;67;68;1
109336;João Góis;RB;68;69;1
109338;Vasco Costa;SS;63;64;1
109345;Rúben Semedo;CB;75;76;1
109354;Chupe;CF;75;76;1
109359;L. Tchaouna;RWF;72;73;1
109360;P. Staikos;CMF;65;66;1
109386;Y.ait Bennasser;CMF;76;77;1
109389;Rodrigo Pinho;CF;68;69;1
109404;Gian Martins;CMF;68;69;1
109406;S. Evangelou;CB;65;66;1
109420;Alexsandro;CB;77;78;1
109439;L. Suhr;RMF;66;67;1
109455;Matheus Soares;GK;60;61;1
109461;Álex Valle;LB;74;75;1
109474;G. Mikautadze;CF;78;79;1
109496;P. Warczak;RB;62;63;1
109500;K. De Winter;CB;74;75;1
109503;G. Jean;CB;68;69;1
109527;T. Siwe;CB;65;66;1
109536;I. Gueye;CF;67;68;1
109543;M. Skóraś;LWF;70;71;1
109554;S. Pontisso;CMF;69;70;1
109563;L. Coulibaly;CMF;73;74;1
109567;J. van der Lely;RB;69;70;1
109571;R. Holding;CB;58;59;1
109573;R. Adam;RWF;61;62;1
109849;M. Olivera;LB;76;77;1
109884;H. Tyrer;GK;66;67;1
109907;G. Pezzella;LB;71;72;1
109909;C. Talbi;RWF;76;77;1
109934;Y. Lawson;LB;65;66;1
109946;Álex López;CF;68;69;1
109960;A. Moreno;DMF;77;78;1
109972;Jorge Miramón;CMF;67;68;1
109973;A. Szymanowski;LWF;78;79;1
109982;Patryck;LB;63;64;1
109987;Dealbert;CB;66;67;1
109988;Pablo Ramón;CB;68;69;1
109989;Á. Lemos;RB;65;66;1
109990;T. Gorupec;RB;66;67;1
109996;Beto;CF;76;77;1
109997;Mario Hermoso;CB;80;81;1
110013;Coronado;AMF;72;73;1
110051;Tinga;RB;68;69;1
110063;Thiago Santos;CB;67;68;1
110069;T. George;LWF;71;72;1
110074;M. Pennington;CB;73;74;1
110079;B. Chilwell;LB;76;77;1
110093;F. Costa;LMF;71;72;1
110130;A. Santamaría;CB;71;72;1
110161;J. Balza;CF;66;67;1
110223;M. Trauco;LB;70;71;1
110301;M. Mustacchio;RWF;66;67;1
110306;Kialonda Gaspar;CB;71;72;1
110313;M. Frediani;LWF;65;66;1
110326;R. Zelezny;GK;63;64;1
110331;F. Bandinelli;AMF;64;65;1
110346;Mikel Goti;AMF;68;69;1
110351;B. Verbruggen;GK;80;81;1
110378;Claudinho;RWF;68;69;1
110379;J. Molina;GK;57;58;1
110380;Toni Suárez;AMF;68;69;1
110420;M. Noble;LMF;73;74;1
110456;H. Ahanor;CB;73;74;1
110460;K. Amian;RB;70;71;1
110483;A. Ounas;AMF;56;57;1
110488;A. Medina;CMF;55;56;1
110491;G. Gudmundsson;LB;77;78;1
110500;Edenilson;CMF;71;72;1
110505;Jauregizar;CMF;78;79;1
110514;A. Jashari;DMF;75;76;1
110518;F. Guch;AMF;64;65;1
110541;M. Detourbet;LWF;72;73;1
110547;K. N'Doram;RMF;71;72;1
110558;João Lucas;RB;66;67;1
110567;T. Boulhendi;GK;63;64;1
110571;Gil Dias;RWF;76;77;1
110597;T. Chamorro;RB;62;63;1
110599;A. Lookman;LWF;82;83;1
110606;L. Olivera;LB;68;69;1
110608;J. Enciso;AMF;77;78;1
110633;Javi Galán;LB;76;77;1
110638;M. Rashford;LWF;81;82;1
110650;B. Djimsiti;CB;78;79;1
110652;A. Sadiku;CF;69;70;1
110657;Á. Nagy;DMF;74;75;1
110672;D. Antolić;CMF;73;74;1
110675;M. Rog;CMF;69;70;1
110687;J. Makengo;AMF;73;74;1
110690;Otávio;CB;72;73;1
110694;B. Nlaté;CB;64;65;1
110699;N. Gudelj;DMF;74;75;1
110704;A. Colazo;CF;63;64;1
110712;M. Talbi;CB;74;75;1
110724;André Luiz;CMF;73;74;1
11073;Y. Takahagi;AMF;53;54;1
110737;Izan Merino;CMF;69;70;1
110757;Nacho Pérez;RB;66;67;1
110769;Lucas Ahijado;RB;68;69;1
110772;Carreira;RB;75;76;1
110784;J. Koundé;RB;84;85;1
110801;G. Perrin;RWF;74;75;1
110807;L. Coyle;RB;69;70;1
110817;Jorge Salinas;LB;71;72;1
110819;K. Koné;CMF;80;81;1
110832;Z. Romero;CB;76;77;1
110838;A. Sørloth;CF;82;83;1
110848;M. Heitmann;CB;56;57;1
110849;D. Methalie;LB;74;75;1
110902;Dani Olmo;AMF;83;84;1
110905;T. Oermann;CB;71;72;1
110921;K. Stewart;DMF;54;55;1
110938;Salles Lamonge;AMF;60;61;1
110944;R. Towell;CMF;67;68;1
110947;E. Ferguson;CF;73;74;1
110959;N. Stark;CB;72;73;1
110965;R. Zalazar;CMF;79;80;1
110966;S. Bertoli;GK;71;72;1
110967;W. Mohya;AMF;70;71;1
110969;L. Geminiani;RB;73;74;1
110972;L. Márquez;LB;68;69;1
110974;E. Meza;RB;71;72;1
110987;J. Díaz Ayala;GK;68;69;1
110988;P. Magnín;CF;66;67;1
111011;Luisão;CB;63;64;1
111030;V. Koski;CB;67;68;1
111037;F. Mazurek;AMF;68;69;1
111038;F. Costas;GK;65;66;1
111041;S. Mele;GK;71;72;1
111066;A. Bareiro;CF;74;75;1
111067;G. Rojas;LB;76;77;1
111076;L. Brey;GK;69;70;1
111082;G. González;RB;71;72;1
111100;A. Messidoro;AMF;65;66;1
111116;R. Lewis;RB;76;77;1
111118;C. Washington;CF;69;70;1
111126;N. Pierini;RWF;70;71;1
111131;T. Lemperle;CF;76;77;1
111134;Francisco Ramos;CMF;72;73;1
111138;R. Freuler;CMF;81;82;1
111145;K. Erasmus;CF;69;70;1
111148;G. Astaldi;GK;55;56;1
111149;L. Davis;LB;74;75;1
111153;G. Guruceaga;GK;68;69;1
111157;T. Bobček;CF;69;70;1
111159;M. Weiß;GK;69;70;1
111169;R. Zentner;GK;76;77;1
111195;T. Gayret;CMF;66;67;1
111204;Gustavo Ermel;CF;65;66;1
111225;O. Niasse;CF;76;77;1
111240;D. Pejčinović;CF;74;75;1
111241;F. Redondo;CMF;66;67;1
111248;J. Gómez;RB;60;61;1
111259;N. Falasco;LB;66;67;1
111272;Rubén Sánchez;RB;70;71;1
111277;K. Davis;CF;75;76;1
111285;D. Batallini;RWF;68;69;1
111289;Adrián Liso;LWF;71;72;1
111295;F. Cambeses;GK;74;75;1
111321;B. Cascini;DMF;67;68;1
111322;Chuki;AMF;71;72;1
111330;W. Bøving;LWF;70;71;1
111388;Neris;CB;65;66;1
111407;Habraão;CB;65;66;1
111420;F. Troyansky;CF;68;69;1
111422;Raphael Veiga;AMF;75;76;1
111423;Dieguito;CMF;61;62;1
111453;L. Rodríguez;CF;71;72;1
111456;K. Mac Allister;RB;68;69;1
111479;J. Kamiński;LWF;76;77;1
111482;L. Costa;CB;75;76;1
111483;J. Vignolo;CF;65;66;1
111800;Rúben Dias;CB;86;87;1
111808;Dodô;RB;77;78;1
111819;R. Orihuela;CB;68;69;1
111835;Daniel Bragança;CMF;76;77;1
111839;Dani Raba;SS;73;74;1
111850;I. Balliu;RB;73;74;1
111864;E. Padella;CB;63;64;1
111874;I. Hien;CB;78;79;1
111888;Borja Domínguez;CMF;68;69;1
111901;O. Sorg;LB;57;58;1
111943;Á. Quintanilla;CB;65;66;1
111949;S. Beukema;CB;77;78;1
111951;A. Vergara;AMF;68;69;1
111956;I. Guerrico;LB;68;69;1
111968;I. Laquintana;RMF;69;70;1
111969;M. Ortega;RB;65;66;1
111970;F. Piña;RWF;68;69;1
111972;Y. Sepúlveda;CMF;60;61;1
111975;Tomás Araújo;CB;77;78;1
111995;M. Feil;RMF;64;65;1
111997;Renato Veiga;CB;77;78;1
112000;A. Freeman;RB;72;73;1
112015;Carlos Soler;CMF;78;79;1
112019;L. Minniti;RB;56;57;1
112026;L. Morales;CB;73;74;1
112034;Dany Mota;CF;73;74;1
112062;A. Golovin;AMF;77;78;1
112067;A. Afif;LWF;77;78;1
112069;K. Tierney;LB;76;77;1
112078;O. Karavaev;RMF;74;75;1
112079;V. Kovalenko;AMF;74;75;1
112084;Ç. Söyüncü;CB;74;75;1
112085;Y. Malli;AMF;78;79;1
112093;M. Pazdan;CB;59;60;1
112104;C. Pulisic;RWF;82;83;1
112156;S. Ingason;CB;74;75;1
112307;Y. Zouaoui;LB;69;70;1
112321;D. Goresh;GK;55;56;1
112387;Ramadan Sobhi;LMF;73;74;1
112409;M. Djetei;CB;69;70;1
112420;S. Siani;DMF;71;72;1
112433;J. Vestergaard;CB;62;63;1
112446;S. Iling-Junior;LWF;71;72;1
112457;T. Oude Kotte;CB;58;59;1
112458;Zubeldía;CB;76;77;1
112476;I. Saibari;AMF;82;83;1
112480;S. Rahimi;LWF;76;77;1
112481;L. Resida;RWF;65;66;1
112482;R. Seuntjens;CF;68;69;1
112484;V. van Crooij;LWF;68;69;1
112508;G. Doué;RB;77;78;1
112509;I. Diabaté;CF;71;72;1
112515;J. Panichelli;CF;78;79;1
112519;Alfonso Herrero;GK;74;75;1
112524;Fran Rodríguez;RB;64;65;1
112528;Aleix Febas;CMF;78;79;1
112531;G. Vinciati;CF;57;58;1
112538;Alberto Benito;RB;67;68;1
112544;M. Nagida;LB;69;70;1
112547;Ramón Folch;CMF;69;70;1
112568;A. Spörle;LB;70;71;1
112572;J. Hinshelwood;DMF;76;77;1
112598;Harwood-Bellis;CB;74;75;1
112646;C. Buonaiuto;RWF;65;66;1
112702;M. Šverko;CB;69;70;1
112721;Miguel Ángel;LWF;63;64;1
112733;Matheus Nunes;RB;82;83;1
112748;Y. Keitel;DMF;69;70;1
112819;M. Broholm;RWF;68;69;1
112854;David López;CB;69;70;1
112861;B. Thompson;CMF;64;65;1
112885;M. Ricci;CMF;68;69;1
112892;T. Hazard;AMF;74;75;1
112902;D. Ghilardi;CB;73;74;1
112906;Gerard Martín;CB;78;79;1
112923;Z. Morán;CMF;67;68;1
112940;Odriozola;RB;72;73;1
112973;C. Hourihane;CMF;74;75;1
112977;F. Sotoca;CF;73;74;1
112979;J. Gouweleeuw;CB;75;76;1
112986;Álex Lázaro;GK;57;58;1
113036;Ivo Chaves;RB;62;63;1
113039;B. Reynoso;AMF;73;74;1
113040;N. Bustos;CF;71;72;1
113043;Miguel Carvalho;AMF;59;60;1
113064;L. Strizzolo;CF;63;64;1
113079;R. Müller;RB;66;67;1
113082;J. Infante;LB;65;66;1
113087;Fábio China;LB;67;68;1
113092;M. Diop;GK;69;70;1
113122;E. Biumla;CB;69;70;1
113125;Bella-Kotchap;CB;71;72;1
113126;R. Armand;CF;66;67;1
113127;João Pedro;CF;82;83;1
113158;Icaro;CB;64;65;1
113160;Diogo Almeida;RB;58;59;1
113168;D. Coppola;CB;74;75;1
113195;F. Parisi;LB;74;75;1
113224;C. Uzun;AMF;77;78;1
113241;B. Mechele;CB;77;78;1
113269;B. Knežević;DMF;68;69;1
113271;N. Moro;DMF;74;75;1
113284;T. Kehrer;CB;77;78;1
113285;J. Geis;DMF;76;77;1
113286;M. Meyer;AMF;61;62;1
113288;H. Bonmann;GK;50;51;1
113294;Oso;LWF;72;73;1
113302;M. Ponsot;GK;61;62;1
113324;C. Jordan;CB;54;55;1
113329;D. Satpaev;CF;67;68;1
113332;Héctor;CMF;63;64;1
113334;C. Kabasele;CB;72;73;1
113335;I. Reyes;CB;74;75;1
113337;P. Carlgren;GK;70;71;1
113339;E. Mor;RWF;58;59;1
113354;J. Lefort;CB;75;76;1
113356;M. Lacroix;CB;81;82;1
113373;R. Fowler;CF;66;67;1
113379;Luiz Araújo;RWF;75;76;1
113380;S. Esquivel;DMF;65;66;1
113405;T. Arnold;RB;83;84;1
113413;J. Idzes;CB;74;75;1
113418;E. Matus;LB;68;69;1
113436;P. Hincapié;CB;83;84;1
113443;V. Rosier;RB;77;78;1
113444;Diogo Leite;CB;75;76;1
113455;Léo Coelho;CB;65;66;1
113478;Vitinho;AMF;65;66;1
113487;Bremer;CB;85;86;1
113490;Djhordney;CMF;61;62;1
113501;Y. Kechta;CMF;72;73;1
113506;A. Georgen;RB;70;71;1
113507;J. Ajayi;CF;55;56;1
113514;T. Tissoudali;LWF;68;69;1
113525;Éder Militão;CB;83;84;1
113551;J. Ordóñez;CB;75;76;1
113552;H. Armstrong;CMF;72;73;1
113556;N. Veratschnig;RB;68;69;1
113572;Iván Morante;CMF;67;68;1
113573;Matheus Cunha;CF;83;84;1
113577;Léo Príncipe;RB;69;70;1
113579;Léo Santos;CB;68;69;1
113591;J. Bostock;CMF;72;73;1
113604;Toni Martínez;CF;77;78;1
113628;R. Fernández C.;DMF;69;70;1
113634;I. Montenegro;CF;62;63;1
113654;I. Nestorovski;CF;75;76;1
113657;Sergi González;LB;62;63;1
113663;M. Elyounoussi;LMF;77;78;1
113664;A. la Mantia;CF;64;65;1
113671;M. Espinoza;LB;70;71;1
113704;R. Koch;CB;78;79;1
113710;J. Palacios;RMF;72;73;1
113728;Warleson;GK;69;70;1
113744;I. Pedrelli;RB;62;63;1
113748;De Arrascaeta;AMF;82;83;1
113749;Nathan Mendes;RB;65;66;1
113757;F. Nicastro;RWF;68;69;1
113760;Luis Milla;CMF;80;81;1
113788;Đ. Nikolić;GK;57;58;1
113794;F. Eguelfi;LB;62;63;1
113795;M. Vojvoda;RB;75;76;1
113819;I. Garguez;RB;67;68;1
113830;N. Gómez;CMF;61;62;1
113831;F. González M.;AMF;71;72;1
113845;Abner;CB;62;63;1
113854;N. Femia;CMF;64;65;1
113855;N. Briasco;LWF;68;69;1
113857;A. Manninger;GK;58;59;1
113859;Mezian Mesloub;CMF;56;57;1
113862;Y. Aradj;LB;59;60;1
113868;A. Wlk;CF;69;70;1
113872;R. Oudin;LWF;68;69;1
113883;M. Moreno;AMF;77;78;1
113889;I. Moriba;CMF;77;78;1
113891;P. Oppong;CB;71;72;1
113892;R. Zieler;GK;74;75;1
113896;De Frutos;RWF;80;81;1
113909;A. Caci;RB;76;77;1
113914;Jorge;GK;59;60;1
113917;Marcelinho;RB;68;69;1
113927;Carlos Blanco;CB;66;67;1
113935;João Amaral;SS;72;73;1
113938;W. Clar;LB;70;71;1
113956;Rafa Bauzà;CMF;67;68;1
113961;D. Kotarski;GK;74;75;1
113963;K. Koulierakis;CB;75;76;1
113973;S. Cena;CB;56;57;1
113975;T. Trybull;DMF;64;65;1
113982;C. Chukwuemeka;CMF;77;78;1
113989;C. Hughes;CB;73;74;1
113992;J. Pereyra;LB;61;62;1
114002;C. Garofalo;CB;57;58;1
114003;J. Doku;LWF;83;84;1
114006;F. Muslija;LWF;71;72;1
114009;D. Bronn;CB;67;68;1
114013;H. Mendyl;LB;57;58;1
114018;M. Olise;RWF;89;90;1
114044;D. Heintz;CB;71;72;1
114054;L. Shahar;RB;59;60;1
114056;T. Devernois;CMF;57;58;1
114061;B. Aguirre;RB;67;68;1
114064;H. Aouar;AMF;76;77;1
114070;Marc Aguado;DMF;73;74;1
114078;R. Sallai;AMF;69;70;1
114116;M. Araújo;RWF;69;70;1
114129;S. Omeonga;CMF;65;66;1
114141;A. Rosti;GK;58;59;1
114142;Mycael;GK;68;69;1
114158;T. Morton;DMF;78;79;1
114177;J. Matete;CMF;65;66;1
114178;Ibañez;CB;81;82;1
114182;O. McBurnie;CF;74;75;1
114193;E. Garnier;RWF;61;62;1
114194;Félix Correia;LWF;74;75;1
114196;M. Sarr;CB;77;78;1
114197;D. Spence;RB;79;80;1
114201;I. Sarr;RWF;80;81;1
114205;Lass Kourouma;CMF;64;65;1
114210;M. Fintić;CMF;58;59;1
114212;D. Yongwa;LB;70;71;1
114215;Georgemy;GK;63;64;1
114222;I. Monterisi;CB;69;70;1
114231;Renato Marin;GK;69;70;1
114239;Manu Morlanes;CMF;74;75;1
114252;A. Terzić;LB;67;68;1
114269;V. Drkušić;CB;70;71;1
114279;Pedro Díaz;CMF;74;75;1
114283;J. Odgaard;AMF;75;76;1
114294;Hugo Bueno;LB;74;75;1
114305;B. Tekpetey;RWF;65;66;1
114309;G. Čaušić;CMF;68;69;1
114311;N. Aséko;DMF;71;72;1
114313;Luiz Júnior;GK;77;78;1
114314;M. Pašalić;RWF;71;72;1
114325;I. Morales;CF;67;68;1
114331;L. Robertone;CMF;73;74;1
114335;B. Leyes;DMF;69;70;1
114341;M. Acapandié;RB;61;62;1
114353;I. Vázquez;CB;73;74;1
114356;V. Gómez;CB;75;76;1
114367;D. Martínez;CB;72;73;1
114376;Abel Bretones;LB;75;76;1
114379;A. Nordin;RWF;72;73;1
114380;S. Otoa;CB;67;68;1
114388;B. Hinchliffe;CF;55;56;1
114390;E. Ndicka;CB;82;83;1
114397;L. Kübler;RB;74;75;1
114401;E. Brignola;SS;58;59;1
114402;A. Adorante;CF;72;73;1
114407;E. Sarri;GK;55;56;1
114412;Álvaro Núñez;RB;75;76;1
114413;J. Pleguezuelo;CB;62;63;1
114417;E. Plicco;AMF;52;53;1
114422;Sergio Camello;CF;73;74;1
114433;F. Mura;RB;70;71;1
114438;Arnau Comas;CB;67;68;1
114440;Luiz Felipe;CB;74;75;1
114453;N. Valentini;CB;72;73;1
114457;D. Lukébakio;RWF;80;81;1
114461;A. Engels;CMF;73;74;1
114466;I. Fiolić;AMF;68;69;1
114484;J. Urbig;GK;78;79;1
114489;Álex Zalaya;CB;59;60;1
114491;Adrián Diéguez;CB;68;69;1
114509;A. Ahmedhodžić;CB;74;75;1
114525;N. Čelik;CB;70;71;1
114526;Claude-Maurice;AMF;76;77;1
114539;Markel Areitio;GK;58;59;1
114540;Breno Lopes;LWF;73;74;1
114556;G. Hamer;CMF;74;75;1
114560;Artur Jorge;CB;68;69;1
114569;R. Fofana;CF;72;73;1
114574;N. Hamalainen;LB;57;58;1
114576;B. Brobbey;CF;77;78;1
114581;Léo Jabá;RWF;67;68;1
114589;A. Touba;CB;71;72;1
114591;S. Cáseres;CMF;69;70;1
114596;M. Kolke;GK;66;67;1
114597;Mateo Joseph;CF;71;72;1
114611;Brian Fariñas;CMF;64;65;1
114612;Pablo Vázquez;CB;59;60;1
114618;F. Baschirotto;CB;74;75;1
114620;Pau Cubarsí;CB;85;86;1
114624;M. Kean;CF;81;82;1
114627;C. Stengs;RWF;75;76;1
114628;Calero;CB;74;75;1
114629;Y. Musuayi;CF;67;68;1
114636;Y. González;RWF;67;68;1
114637;M. Zaracho;AMF;71;72;1
114641;F. Ballo-Touré;LB;71;72;1
114645;A. Gray;RB;76;77;1
114654;A. Primasso;CB;63;64;1
114670;I. Ferrah;RWF;68;69;1
114671;D. Bîrligea;CF;71;72;1
114676;L. Leroux;AMF;70;71;1
114678;C. Eiting;DMF;68;69;1
114682;K. Arriaga;DMF;73;74;1
114694;S. Mfuni;CB;68;69;1
114696;R. F. Mussolini;RB;67;68;1
114712;D. Bradarić;LB;71;72;1
114714;S. Giménez;CF;78;79;1
114719;F. Medina;CB;78;79;1
114721;Robert Renan;CB;73;74;1
114725;W. Zaïre-Emery;CMF;82;83;1
114736;J. Fischer;GK;70;71;1
114738;C. Özkacar;CB;70;71;1
114762;Eric García;CB;84;85;1
114764;N. Pisilli;CMF;73;74;1
114770;Álvaro Molina;CB;67;68;1
114771;M. Can;CB;55;56;1
114776;Iván Márquez;CB;61;62;1
114778;C. Montes;CB;74;75;1
114785;Kauã Pascini;LB;60;61;1
114787;J. Giménez;CB;63;64;1
114794;Matheus França;SS;68;69;1
114796;L. Ferguson;CMF;76;77;1
114799;A. Sarr;CF;70;71;1
114821;Weverson;LB;67;68;1
114831;Kaiki;LB;74;75;1
114834;Quique Cebriá;GK;61;62;1
114835;D. Frattesi;CMF;79;80;1
114847;G. Orban;CF;73;74;1
114856;G. Konan;LB;72;73;1
114863;Adri Fuentes;CF;73;74;1
114866;H. N. Caviglia;DMF;74;75;1
114868;L. Delinois;CF;57;58;1
114871;M. Gutiérrez;LB;79;80;1
114872;T. Breithaupt;DMF;67;68;1
114881;J. Hofmann;AMF;75;76;1
114884;L. Lobato;LMF;67;68;1
114890;M. Lewis-Skelly;LB;77;78;1
114892;T. Buchanan;RWF;75;76;1
114900;D. Horgan;RMF;70;71;1
114901;Z. Athekame;RB;67;68;1
114910;Pau Torres;CB;80;81;1
114914;N. Mendy;CB;74;75;1
114921;F. Keidel;LB;67;68;1
114926;Reginaldo;CB;69;70;1
114946;S. Marcich;LB;73;74;1
114947;Dyogo Alves;GK;61;62;1
114950;C. Cresswell;CB;77;78;1
114964;J. Araujo;RB;73;74;1
114974;K. Potulski;CB;70;71;1
114978;S. Boey;RB;74;75;1
114980;D. Sommariva;GK;61;62;1
114983;J. Tobio Burgos;LWF;72;73;1
114986;H. Asmelash;RB;64;65;1
114990;L. Arce;RB;69;70;1
114998;F. Krüger;CF;63;64;1
115001;J. Gallardo;LB;75;76;1
115005;A. Sabiri;AMF;71;72;1
115011;Éric Curbelo;CB;58;59;1
115022;R. Gómez;RB;69;70;1
115031;J. Mejías;CB;65;66;1
115052;S. Savić;AMF;62;63;1
115055;M. Chávez;LB;71;72;1
115078;K. Dolly;LMF;73;74;1
115080;A. Youssif;CB;69;70;1
115103;D. Bartesaghi;LB;73;74;1
115107;D. Rotariu;RWF;69;70;1
115116;V. Guilherme;CB;65;66;1
115121;V. Méndez;CMF;73;74;1
115132;B. Gruda;AMF;76;77;1
115134;Thiago Pitarch;CMF;69;70;1
115135;M. Del Blanco;LB;73;74;1
115143;F. Román;LB;68;69;1
115149;Tiago Tomás;RWF;75;76;1
115150;Kayky Almeida;CB;64;65;1
115152;W. Faes;CB;73;74;1
115153;M. Beier;CF;80;81;1
115158;K. Nedeljković;RB;70;71;1
115160;L. Badé;CB;76;77;1
115163;O. Garrido;RB;62;63;1
115165;Y. Yarmolyuk;CMF;77;78;1
115167;A. Kotnik;AMF;67;68;1
115184;L. Balerdi;CB;78;79;1
115194;J. Arias;RWF;77;78;1
115223;F. Meiser;CB;59;60;1
115225;A. Kade;AMF;75;76;1
115231;J. Fleck;CMF;70;71;1
115232;J. Wright;CB;65;66;1
115234;A. Murphy;LB;64;65;1
115237;Fidalgo;CMF;76;77;1
115240;C. Mélières;RMF;60;61;1
115241;J. Perryman;GK;55;56;1
115242;J. Devenny;AMF;71;72;1
115250;M. Cabrera;GK;57;58;1
115261;P. Schuurs;CB;69;70;1
115263;B. Aaronson;AMF;75;76;1
115355;L. Klanac;GK;55;56;1
115356;Pedrinho;AMF;66;67;1
115358;Milosavljević;CB;71;72;1
115376;V. Acuña;CMF;61;62;1
115389;M. Palma;CB;66;67;1
115390;M. Moreno;CB;72;73;1
115394;J. Debayo;CB;59;60;1
115539;A. González;GK;59;60;1
115541;D. Sinaté;LB;56;57;1
115542;Hugo Sotelo;CMF;73;74;1
115553;D. Mcgowan;CB;67;68;1
115655;C. Kofane;CF;76;77;1
115778;W. Swedberg;LWF;75;76;1
115799;Eduardo Santos;CB;66;67;1
115833;L. Nyarko;GK;57;58;1
115835;M. Niflore;GK;68;69;1
115839;Jean Lucas;CMF;74;75;1
115842;Luciano Juba;LB;75;76;1
115846;J. Mosquera;RB;68;69;1
115868;R. Basque;AMF;63;64;1
115888;A. del Piero;SS;70;71;1
115904;J. Chavero;CF;55;56;1
115905;N. Deossa;CMF;74;75;1
115913;Asencio;CB;77;78;1
115919;Renato;RB;64;65;1
115920;A. Guedes;CF;67;68;1
115925;J. Casimir;RWF;70;71;1
115928;Pedro Sá;DMF;65;66;1
115929;B. Arthur;CB;60;61;1
115931;Mateusinho;RB;68;69;1
115934;R. Donovan;RWF;65;66;1
115936;L. Sylla;CB;69;70;1
115996;Dantas;CB;67;68;1
115999;L. Vargas;RB;70;71;1
116024;V. Grifo;LWF;78;79;1
116027;B. Mrozek;GK;70;71;1
116030;L. Rieß;GK;66;67;1
116031;S. Custers;GK;55;56;1
116045;U. Simbakoli;CF;65;66;1
116051;M. Baturina;AMF;78;79;1
116053;A. Tosin;CF;71;72;1
116056;R. Benzar;RB;71;72;1
116058;T. Hořava;CMF;68;69;1
116104;B. Kraev;AMF;62;63;1
116109;E. Touré;LWF;71;72;1
116139;S. Armstrong;CMF;72;73;1
116140;J. Olschowsky;GK;66;67;1
116142;E. Koffi;LB;64;65;1
116143;Nacho Vidal;RB;70;71;1
116179;Maílton;RB;68;69;1
116186;João Vitor;CMF;65;66;1
116191;Allex;AMF;62;63;1
116192;Lourenço;CMF;67;68;1
116254;S. Lobotka;DMF;82;83;1
116304;D. Zeefuik;RB;68;69;1
116315;M. Degenek;CB;67;68;1
116344;E. Grezda;RMF;65;66;1
116346;E. Mabouka;RB;70;71;1
116354;L. Schaub;AMF;72;73;1
116355;M. Gregoritsch;CF;75;76;1
116365;G. Dzhikiya;CB;77;78;1
116374;O. Shevchenko;GK;69;70;1
116388;T. Langerman;LB;67;68;1
116393;P. Tau;CF;65;66;1
116396;E. Bitshiabu;CB;74;75;1
116423;M. Godts;LWF;77;78;1
116438;R. Tucci;GK;57;58;1
116441;A. Luciatti;CB;65;66;1
116448;Breno Bidon;CMF;76;77;1
116452;Danilo Veiga;RB;68;69;1
116454;J. Ferretti;RB;65;66;1
116456;A. Rossi;GK;55;56;1
116457;Juanpe Pina;RB;63;64;1
116458;I. Pherai;AMF;68;69;1
116459;Gonzalo Poley;CMF;61;62;1
116463;J. Rosso;CB;65;66;1
116468;J. Mosqueira;DMF;66;67;1
116470;R. Revivo;LB;71;72;1
116483;J. Barceló;GK;60;61;1
116493;Zé Guilherme;LB;62;63;1
116502;J. Pignani;CB;65;66;1
116520;Álvaro Cortés;CB;60;61;1
116575;Marc Cucurella;LB;85;86;1
116588;G. Rodríguez;CF;67;68;1
116590;J. Ibáñez;AMF;62;63;1
116591;C. Aquino;AMF;73;74;1
116594;C. Loor;GK;60;61;1
116598;S. Prieto;LB;71;72;1
116607;D. Karim;AMF;70;71;1
116627;Wesley Soares;AMF;62;63;1
116636;N. Pintus;CB;57;58;1
116642;F. Kadıoğlu;LB;79;80;1
116643;M. Mittelstädt;LB;82;83;1
116645;D. Demme;DMF;76;77;1
116647;L. Klostermann;CB;74;75;1
116651;E. Baum;RB;70;71;1
116653;M. Müller;GK;72;73;1
116655;D. Upamecano;CB;86;87;1
116656;N. Zalewski;LMF;77;78;1
116660;Chatzigiovannis;RWF;62;63;1
116662;G. Angelopoulos;CMF;62;63;1
116677;T. Ollila;LB;67;68;1
116679;A. Vermeeren;CMF;76;77;1
116689;S. Esposito;SS;75;76;1
116690;Y. Zabiri;CF;65;66;1
116709;F. Garcés;CB;71;72;1
116710;H. Haraldsson;AMF;77;78;1
116939;Tarek Salman;CMF;59;60;1
116940;A. Abdulsalam;CMF;60;61;1
116941;Ángel Bastos;RB;65;66;1
116946;P. Mazzocchi;RB;70;71;1
116947;Y. Baraye;LWF;68;69;1
116950;E. Corvi;GK;68;69;1
116954;L. Saporetti;CB;59;60;1
116970;G. Di Lorenzo;RB;81;82;1
116977;B. Hollerbach;CF;74;75;1
117030;F. Callejo;RWF;70;71;1
117038;L. Colombo;CF;73;74;1
117040;S. Britschgi;RB;64;65;1
117054;Marco Esteban;CB;63;64;1
117073;Z. Vanheusden;CB;58;59;1
117074;M. Oyedele;DMF;70;71;1
117079;H. Hermann;GK;56;57;1
117086;Didi;RMF;65;66;1
117131;G. Calvani;CB;68;69;1
117229;I. Varone;CMF;64;65;1
117230;D. Vargas;LB;60;61;1
117231;A. Cichero;CF;55;56;1
117356;F. Schmahl;CMF;66;67;1
117357;M. Bülter;LWF;73;74;1
117358;T. De Smet;LB;70;71;1
117364;Peque;SS;73;74;1
117371;U. Mboula;CB;66;67;1
117373;M. Svilar;GK;84;85;1
117376;M. Rasmussen;RB;62;63;1
117378;A. Dønnum;RMF;75;76;1
117382;Matheus Felipe;CB;64;65;1
117385;M. Momčilović;LB;71;72;1
117389;L. Regiardo;CMF;67;68;1
117392;Rick Boldrin;CMF;73;74;1
117394;A. Jakoliš;RMF;68;69;1
117401;Sergi Cardona;LB;78;79;1
117402;I. Chaira;LWF;73;74;1
117403;F. Pacheco;RWF;65;66;1
117410;Y. Mvogo;GK;76;77;1
117414;J. Lecjaks;LB;68;69;1
117418;L. Obexer;LB;62;63;1
117423;M. Frydrych;RB;73;74;1
117426;Tchoca;CB;68;69;1
117432;V. Mareš;CB;62;63;1
117463;D. Hadžikadunić;CB;68;69;1
117464;D. Svensson;LB;78;79;1
117474;K. Lambropoulos;CB;68;69;1
117475;A. Wharton;DMF;81;82;1
117477;A. Aouchiche;AMF;71;72;1
117478;I. Tselios;AMF;57;58;1
117479;G. Giannoutsos;LB;53;54;1
117492;M. Domenech;CF;66;67;1
117495;S. Mouriño;RB;77;78;1
117501;C. Arango;CF;75;76;1
117505;C. Cuesta;CB;72;73;1
117506;L. Diarra;GK;63;64;1
117517;J. Barinaga;RB;70;71;1
117518;L. Advíncula;RB;73;74;1
117528;J. Grimaldo;RWF;70;71;1
117529;F. Uduokhai;CB;73;74;1
117530;W. Ditta;CB;75;76;1
117538;C. Ordóñez;CMF;69;70;1
117543;Guga;RB;66;67;1
117544;Tonton;CMF;59;60;1
117559;★d. Maradona;SS;66;67;1
117562;Javi Rodríguez;CB;75;76;1
117568;P. Wimmer;RWF;76;77;1
117574;M. Toni;CB;58;59;1
117575;Zanocelo;DMF;67;68;1
117582;V. Birmančević;LWF;75;76;1
117616;V. Torp;CMF;72;73;1
117621;A. Zakharyan;AMF;72;73;1
117628;M. Stoppa;CF;57;58;1
117641;F. Álvarez;CB;74;75;1
117644;J. Clauss;RB;76;77;1
117651;L. Hjelde;LB;66;67;1
117654;F. Godoy;LB;57;58;1
117662;A. Sherri;GK;65;66;1
117663;L. Lindsay;CB;63;64;1
117664;L. Jovanović;RWF;63;64;1
117668;Antonio Sánchez;CMF;69;70;1
117677;H. Koutoune;RB;60;61;1
117683;T. Bischof;CMF;78;79;1
117688;J. Córdoba;CF;76;77;1
117702;F. Conceição;RWF;79;80;1
117709;J. Bednarek;CB;69;70;1
117710;Á. Busso;GK;58;59;1
117711;R. Canosa;CB;62;63;1
117728;Vanderson;RB;76;77;1
117731;N. Angulo;LWF;72;73;1
117736;Lamine Yamal;RWF;89;90;1
117739;C. Evans;CF;68;69;1
117752;E. Mašović;CB;68;69;1
117754;J. Vanlerberghe;CB;68;69;1
117755;B. Mckay;LMF;71;72;1
117759;K. Steinmann;RB;62;63;1
117760;T. Gillier;GK;69;70;1
117763;M. Cancellieri;RWF;73;74;1
117766;K. Laimer;RB;84;85;1
117772;F. Otarola;GK;67;68;1
117774;A. Steimbach;RB;64;65;1
117779;P. Groß;CMF;78;79;1
117782;H. Hackney;DMF;76;77;1
117785;Brenno;GK;69;70;1
117796;A. Haidara;CMF;74;75;1
117815;L. Erlein;RB;64;65;1
117817;F. Sánchez;CB;65;66;1
117818;B. El Khannouss;AMF;77;78;1
117825;M. Philipp;SS;68;69;1
117830;O. Migunov;LB;67;68;1
117835;T. Weah;RB;77;78;1
117840;J. Chabot;CB;80;81;1
117842;B. Locko;LB;74;75;1
117845;Unai Hernández;CMF;64;65;1
117850;R. Carneiro;GK;59;60;1
117871;G. Prömel;CMF;76;77;1
117878;J. Cortazzo;CB;61;62;1
117879;Mateu Morey;RB;70;71;1
117880;C. Antwi-Adjei;LWF;68;69;1
117883;A. Obert;CB;74;75;1
117907;J. Hurtado;CF;67;68;1
117909;N. Haas;CMF;70;71;1
117910;Rulo Prieto;LB;61;62;1
117920;J. Cuenca;RB;57;58;1
117925;M. Cichella;DMF;67;68;1
117930;Aurélio Buta;RB;70;71;1
117931;Nuno Mendes;LB;88;89;1
117934;Cucho Hernández;CF;78;79;1
117947;L. Mezerette;GK;59;60;1
117977;M. Ruiz;RB;68;69;1
117980;Costinha;RB;74;75;1
117981;M. Khlan;LWF;70;71;1
117984;C. Ibáñez;LB;69;70;1
117993;N. Raskin;CMF;77;78;1
117995;Manu Fernández;CB;69;70;1
117999;D. O'Shea;CB;74;75;1
118005;D. Grimshaw;GK;61;62;1
118010;K. Scott;CMF;63;64;1
118011;Luis Henrique;RMF;76;77;1
118017;F. Gerezgiher;LWF;74;75;1
118026;M. Salas;CF;74;75;1
118036;P. Jaroszyński;LB;68;69;1
118041;N. Estevez;DMF;70;71;1
118044;S. Boselli;CB;73;74;1
118045;J. Aguilar;SS;67;68;1
118057;E. Alioski;RWF;71;72;1
118062;Gerenabarrena;CMF;69;70;1
118089;V. Gendrey;RB;73;74;1
118092;Álvaro Carreras;LB;80;81;1
118093;A. Longoni;GK;64;65;1
118098;R. Loaiza;DMF;68;69;1
118101;D. Limnios;LWF;68;69;1
118104;F. Ivanović;CF;74;75;1
118105;L. Querfeld;CB;76;77;1
118107;O. Çinar;RMF;71;72;1
118110;A. Gouiri;CF;79;80;1
118114;F. Manojlović;GK;55;56;1
118115;C. Tasoulis;LB;65;66;1
118125;L. Hasa;CMF;68;69;1
118127;A. Canelo;CF;66;67;1
118134;C. Golofca;RWF;68;69;1
118140;E. Abadia-Reda;LB;58;59;1
118144;T. Pachonik;RB;66;67;1
118148;Pacheco;CB;73;74;1
118149;L. Freitas;CB;65;66;1
118155;J. Arias;CF;65;66;1
118160;Dani Barcia;CB;70;71;1
118174;M. Rogers;AMF;83;84;1
118175;Nico Serrano;LWF;70;71;1
118176;E. Janža;LB;69;70;1
118178;K. Lewis-Potter;LMF;76;77;1
118179;Claudinho;LB;62;63;1
118181;Junior Messias;RWF;71;72;1
118182;C. Lenz;DMF;68;69;1
118191;Unai Núñez;CB;74;75;1
118193;O. Alderete;CB;80;81;1
118200;Diego Pampín;LB;68;69;1
118205;T. Livramento;RB;80;81;1
118206;M. Meulensteen;CMF;62;63;1
118207;Jorge Cestero;CMF;63;64;1
118219;M. Bellich;CB;56;57;1
118229;P. Hidi;DMF;66;67;1
118231;D. Puczka;LB;67;68;1
118257;L. Bittencourt;CMF;72;73;1
118260;M. Ouédraogo;LB;68;69;1
118261;L. Siviero;GK;55;56;1
118263;A. Markgraf;LB;62;63;1
118269;Maik;RB;65;66;1
118282;M. Ortiz;CB;68;69;1
118287;A. Schäfer;CMF;73;74;1
118303;J. Ramsey;CMF;77;78;1
118306;Carlos Macià;CMF;64;65;1
118312;Loren Morón;CF;68;69;1
118316;T. Koopmeiners;DMF;77;78;1
118319;Eyenga-Lokilo;SS;64;65;1
118322;L. Loor;LB;69;70;1
118327;I. Rodríguez;CMF;66;67;1
118334;L. Zogbé;RB;67;68;1
118340;David Raya;GK;87;88;1
118343;J. Russo;LB;61;62;1
118345;F. Torres;CB;67;68;1
118349;L. Ranieri;CB;74;75;1
118354;Iván Romero;CF;74;75;1
118355;E. Cömert;CB;72;73;1
118359;N. Noll;GK;68;69;1
118368;D. H. Fernandes;GK;78;79;1
118373;Fer López;AMF;73;74;1
118377;C. Vivas;CB;69;70;1
118384;W. Kannemann;CB;70;71;1
118397;B. Planić;CB;68;69;1
118403;A. Marcandalli;CB;71;72;1
118407;W. Pacho;CB;88;89;1
118415;F. Malagueño;RMF;65;66;1
118425;M. Tavernier;AMF;78;79;1
118427;Kochorashvili;CMF;73;74;1
118430;J. Gómez;CMF;68;69;1
118432;J. Repas;CMF;59;60;1
118438;R. Braschi;CF;55;56;1
118447;D. Vásquez;GK;71;72;1
118448;K. Cabrera;AMF;70;71;1
118450;C. Veloz;GK;64;65;1
118456;F. Quiroz;LB;66;67;1
118458;T. Chancalay;SS;68;69;1
118471;M. Wöber;CB;72;73;1
118473;Ygor Vinhas;GK;65;66;1
118474;L. Agüero;CF;65;66;1
118476;Marcos Leonardo;CF;77;78;1
118477;M. Ayhan;CB;68;69;1
118488;Jan Salas;CMF;61;62;1
118495;F. González;CB;61;62;1
118506;A. Gallo;LB;74;75;1
118508;M. Rakoczy;AMF;65;66;1
118509;R. Idrissi;LB;69;70;1
118517;J. Gyamerah;RB;68;69;1
118518;Izeta;CF;70;71;1
118526;A. Cochrane;LB;70;71;1
118531;J. Toljan;RB;73;74;1
118533;B. Cabrera;CB;64;65;1
118539;D. Drobnič;CB;57;58;1
118541;P. Diop;CMF;71;72;1
118542;L. Moro;CF;67;68;1
118543;J. Malatini;CB;68;69;1
118549;G. Trindade;LB;59;60;1
118550;Manuel Ángel;CMF;64;65;1
118551;Pol Lozano;CMF;74;75;1
118554;J. Gelhardt;CF;72;73;1
118555;Emersonn;CF;73;74;1
118569;Fabrício;GK;64;65;1
118571;Fran González;GK;64;65;1
118577;S. Rodríguez;CF;68;69;1
118581;R. Durosinmi;CF;74;75;1
118582;G. Chakvetadze;AMF;71;72;1
118584;N. Aguerd;CB;79;80;1
118585;T. Adoryán;RMF;66;67;1
118587;E. Báez;LB;71;72;1
118588;H. Ashby;RB;66;67;1
118593;J. Tah;CB;86;87;1
118594;F. Jeltsch;CB;74;75;1
118598;J. Dasilva;LB;72;73;1
118603;P. Kapp;CB;61;62;1
118616;Juan Cruz;LWF;69;70;1
118620;S. Kango;RB;65;66;1
118624;Prendes;CB;63;64;1
118638;J. Acevedo;LWF;64;65;1
118639;D. Romero;GK;67;68;1
118643;L. Balbo;LB;59;60;1
118646;R. Giampaoli;CB;67;68;1
118657;Diego Moreira;LMF;78;79;1
118663;R. Højlund;CF;77;78;1
118664;M. Wieffer;RB;78;79;1
118669;A. Simarra;CB;66;67;1
118677;Adrià Pedrosa;LB;73;74;1
118683;A. Franco;CMF;73;74;1
118686;M. Tel;LWF;77;78;1
118691;B. Mlačić;CB;64;65;1
118703;Kike Salas;CB;75;76;1
118704;M. Sørensen;LB;58;59;1
118714;R. Gurtner;GK;68;69;1
118727;J. Rouhi;LB;65;66;1
118730;N. Tagne;CB;57;58;1
118731;Mauro Júnior;AMF;68;69;1
118837;Renato Kayser;CF;69;70;1
118841;A. Cambiaso;LB;79;80;1
118932;J. Taylor;CMF;71;72;1
118934;Carlos Espí;CF;76;77;1
118942;L. Srdanovic;RB;64;65;1
118944;Vitor Reis;CB;75;76;1
118948;Lamine Fanne;CMF;66;67;1
118956;D. Kohr;CB;74;75;1
118957;T. Belmonte;DMF;70;71;1
118975;M. Feeney;CB;63;64;1
118984;Iago;LB;68;69;1
118986;N. Sangui;LB;72;73;1
119096;S. Canestrelli;CB;71;72;1
119099;W. Barlasina;GK;64;65;1
119100;Rômulo;CF;77;78;1
119111;R. Sagrado;RB;68;69;1
119117;F. Bacher;CB;71;72;1
119118;R. Vaz;CF;70;71;1
119124;J. Sanabria;CMF;73;74;1
119126;G. Mensah;LB;73;74;1
119131;Sergio Gómez;LB;77;78;1
119132;L. Bergsma;CB;68;69;1
119138;H. De La Fuente;RB;67;68;1
119143;J. Anthony;LWF;75;76;1
119145;L. Buchanan;LB;69;70;1
119146;E. Cañete;CMF;66;67;1
119152;A. Vossah;CMF;70;71;1
119774;C. McCowatt;LWF;68;69;1
119777;Jaime Seoane;CMF;65;66;1
119780;J. Marabel;CF;70;71;1
119783;M. McKenzie;CB;74;75;1
119800;B. Ocampo;LWF;69;70;1
119802;Julen Azkue;CMF;65;66;1
119803;M. Cho;RWF;73;74;1
119806;Puga;RB;70;71;1
119812;S. Quillahuamán;AMF;55;56;1
119813;L. Rodríguez;CMF;68;69;1
119820;Pau Navarro;CB;73;74;1
119821;A. Maksimović;AMF;70;71;1
119822;Igor Silva;RB;70;71;1
119825;Toño Calvo;CMF;62;63;1
119827;M. Villa;RB;67;68;1
119828;Pedro Porro;RB;82;83;1
119830;Igor Paixão;LWF;78;79;1
119832;T. Collyer;DMF;69;70;1
119846;D. Zeitler;LWF;67;68;1
119847;A. Edmundsson;CB;66;67;1
119849;L. Vušković;CB;80;81;1
119862;Fabrício Bruno;CB;77;78;1
119864;C. Pérez;CMF;68;69;1
119868;C. Akpa;CB;72;73;1
119876;Aimar Oroz;AMF;75;76;1
119886;F. Viñas;CF;74;75;1
119899;R. Matondo;CMF;73;74;1
120295;S. Hidalgo;CF;72;73;1
120296;Aderlan;RB;65;66;1
120298;David Jiménez;RB;62;63;1
120306;K. Haug;GK;70;71;1
120327;S. Montiel;RWF;74;75;1
120328;K. Scherpen;GK;75;76;1
120332;J. Savarino;AMF;75;76;1
120336;C. Ramírez;LB;71;72;1
120339;C. Ferreira;CB;71;72;1
120343;C. Domínguez;CB;72;73;1
120345;C. Varela;GK;68;69;1
120364;Yoel Lago;CB;70;71;1
120461;R. Kristensen;RB;78;79;1
120514;R. Skov;LMF;71;72;1
121206;J. Soñora;AMF;63;64;1
121210;Rodrigo Gomes;RWF;73;74;1
121215;D. Cáceres;LB;67;68;1
121216;G. Lodico;CMF;74;75;1
121221;V. Gebel;AMF;62;63;1
121223;J. Alcívar;DMF;69;70;1
121225;E. Diop;CMF;67;68;1
121226;L. Carrizo;CB;67;68;1
121227;D. Tchamba;CB;70;71;1
121230;M. Ljubičić;CF;68;69;1
121234;B. Yilmaz;CB;62;63;1
121239;Thierry Correia;RB;74;75;1
121241;Igor Carioca;RB;63;64;1
121255;F. Paradela;CMF;64;65;1
121316;Marco Moreno;CB;69;70;1
121317;V. Burgoa;AMF;63;64;1
121321;J. Bah;CB;72;73;1
121324;L. Fernández;AMF;77;78;1
121341;C. Favasuli;RB;68;69;1
121352;C. Almeida;LB;68;69;1
121363;M. González;CB;66;67;1
121364;D. Fernández;GK;59;60;1
121382;Ángel Pérez;RWF;71;72;1
121392;Ó. Hernández;RWF;67;68;1
121396;S. Quirós;CB;67;68;1
121960;A. Tóth;CMF;72;73;1
121961;S. Van Den Berg;CB;77;78;1
121962;J. Harrison;RMF;72;73;1
121966;C. Knasmüllner;AMF;70;71;1
121970;J. Huth;GK;68;69;1
121979;R. Bardghji;RWF;73;74;1
121988;L. Koumas;LWF;68;69;1
121991;I. Ivušić;GK;67;68;1
122001;I. Ganiou;CB;76;77;1
122005;N. Okafor;LWF;76;77;1
122013;F. Pruhs;GK;59;60;1
122015;L. O'Nien;CB;72;73;1
122264;A. Saelemaekers;RMF;79;80;1
122265;S. Bornauw;CB;74;75;1
122302;J. Zozaya;GK;63;64;1
122307;Á. Angulo;LB;71;72;1
122331;J. Manzaneda;LWF;68;69;1
122332;C. Carbajal;LB;61;62;1
122678;D. Sánchez;GK;73;74;1
122702;Á. Ampuero;LB;66;67;1
122715;C. Bobadilla;CMF;61;62;1
122728;N. Lang;LWF;78;79;1
122914;J. Zevallos;RB;64;65;1
123076;G. Flores;GK;62;63;1
123225;L. Chaverra;RB;70;71;1
123717;J. Rojas;RB;67;68;1
124278;C. González;GK;61;62;1
124858;E. Villalba;RB;59;60;1
15261;M. Morishige;CB;56;57;1
15312;T. Makino;CB;55;56;1
15433;M. Yoshida;CB;61;62;1
15794;K. Ogawa;CF;68;69;1
15814;Y. Nagatomo;LB;69;70;1
15893;H. Kiyotake;AMF;59;60;1
15965;R. Morioka;AMF;58;59;1
16245;R. Kruse;RWF;56;57;1
16303;Y. Kobayashi;AMF;55;56;1
16474;W. Endo;CB;54;55;1
1700;P. da Silva;CB;76;77;1
1738;J. Verón;CMF;54;55;1
2315;N. Burdisso;CB;58;59;1
2388;Gullit;AMF;73;74;1
2430;Zico;AMF;76;77;1
2453;D. Maradona;SS;82;83;1
262997;A. Morelos;CF;75;76;1
263001;J. Souttar;CB;73;74;1
263024;J. Villagra;CB;71;72;1
263027;G. Hirst;CF;71;72;1
263032;B. Arce;LMF;66;67;1
263063;S. Vegas;CB;71;72;1
263109;D. Asprilla;RWF;69;70;1
263134;Ulises Zabaleta;AMF;72;73;1
263150;R. Cordano;GK;65;66;1
263620;Loco;RWF;69;70;1
263702;C. Yirenkyi;CMF;72;73;1
263768;Malparitti I;CB;67;68;1
263898;Bielorruso;LMF;67;68;1
264101;D. Hyam;CB;70;71;1
264184;J. De Irastorza;LB;59;60;1
264478;Malparitti II;CB;67;68;1
265799;C. Noronha;RMF;71;72;1
2660;T. Simons;DMF;70;71;1
268469;D. Pereiro;AMF;71;72;1
268627;A. Bernhardsson;RWF;72;73;1
270033;S. Raybould;CF;74;75;1
270990;S. Moghanlou;CF;66;67;1
271296;A. Pelaez;AMF;73;74;1
271329;L. Dykes;CF;68;69;1
274818;Taeyang Yang;AMF;78;79;1
2753;C. Rodríguez;LB;56;57;1
278252;Kim Jin-Kyu;CMF;72;73;1
278328;I. Raed;CB;64;65;1
278690;Lee Tae-Seok;LB;68;69;1
278720;Paik Seung-Ho;CMF;71;72;1
292343;L. Savitsky;LB;76;77;1
292704;Y. Omar;GK;71;72;1
293007;J. Córdoba;CB;69;70;1
293013;O. Mosquera;GK;69;70;1
293015;J. Ramos;CB;66;67;1
294864;P. Henriques;CF;72;73;1
295185;M. Abu Hashish;LB;65;66;1
295342;I. Rayners;CF;69;70;1
295460;H. Pires;CB;68;69;1
295461;J. Bitencourt;CB;71;72;1
296195;S. Nasrullaev;LB;65;66;1
296619;S. McKenna;CB;74;75;1
297306;L. Gladstone;CF;74;75;1
297387;H. Siebra;AMF;74;75;1
297590;Y. Rodríguez;DMF;68;69;1
298368;H. Johansson;RMF;72;73;1
298700;L. Provod;AMF;78;79;1
298871;J. Kadijevic;GK;62;63;1
299134;T. Matuludi;RB;62;63;1
299149;Y. Fofana;GK;72;73;1
299246;H. Keats;CF;73;74;1
299355;D. Bayes;CMF;66;67;1
299581;M. Chytil;CF;73;74;1
299651;D. Romero;LB;67;68;1
299660;M. Ponte;RB;71;72;1
299694;A. Al-Oui;CB;59;60;1
299931;U. Eshmurodov;CB;65;66;1
299993;N. Milosic;RMF;78;79;1
300066;Thomas-Asante;CF;72;73;1
300139;R. Domingues;CB;70;71;1
300437;V. dos Santos;GK;65;66;1
30051;S. Rusculleda;LMF;68;69;1
300656;V. Dias;CB;73;74;1
300810;L. Almeida;CB;73;74;1
301090;M. da Gama;DMF;76;77;1
301177;Jo Hyeon-Woo;GK;73;74;1
301331;Hwang In-Beom;CMF;75;76;1
301332;Lee Dong-Gyeong;AMF;74;75;1
301412;S. Ziad;CMF;74;75;1
30149;A. Le Borgne;DMF;63;64;1
301521;Y. Bondarchuk;CMF;78;79;1
301538;S. Medeiros;LB;73;74;1
301848;S. Barbosa;LB;63;64;1
30189;V. Behrami;DMF;58;59;1
30196;S. Proto;GK;73;74;1
301970;A. Basil Fadhil;GK;65;66;1
30202;M. Umaña;CB;56;57;1
302031;J. Izzatullah;CF;74;75;1
302035;O. Shukurov;CMF;68;69;1
302153;N. Arbutina;LB;72;73;1
302220;G. Medeiros;RB;72;73;1
30235;G. Castro;CMF;66;67;1
302510;I. Farrington;LWF;68;69;1
302627;R. Lear;CB;74;75;1
302645;J. Leblanc;LWF;73;74;1
302773;T. Chorý;CF;74;75;1
302805;E. Cabezas;CF;80;81;1
303129;F. Loach;CF;76;77;1
303256;R. Zerrouki;CMF;72;73;1
303297;A. Manen;CB;79;80;1
303491;Tarek Alaa;RB;65;66;1
303753;A. Arous;CB;61;62;1
30429;Jádson;AMF;57;58;1
304401;N. Castells;CMF;71;72;1
30447;Y. Cabaye;CMF;62;63;1
304522;L. Mujcin;AMF;80;81;1
304567;O. Gilchrist;RMF;70;71;1
304788;E. Arca;CB;67;68;1
305210;Gijong Eom;CF;75;76;1
305223;J. Hadjam;LB;68;69;1
305532;A. Murillo;RB;74;75;1
305538;F. Escobar;CB;64;65;1
305542;É. Davis;LB;66;67;1
305544;A. Carrasquilla;CMF;73;74;1
30560;Ali al Habsi;GK;71;72;1
305733;M. Cherchesov;CB;73;74;1
305755;B. Zeneli;CMF;71;72;1
305824;H. Abdelmaguid;CB;68;69;1
306014;B. Prats;AMF;72;73;1
306119;A. Henriques;GK;71;72;1
306127;G. Cerveira;CB;71;72;1
306174;P. de Gomar;LWF;78;79;1
306508;S. Nawfal;RMF;64;65;1
307519;B. Old;LMF;67;68;1
307651;A. Neves;CF;72;73;1
307656;M. Corte Real;RWF;69;70;1
307793;S. Barrera;SS;69;70;1
307884;R. Rabia;CB;69;70;1
307949;H. Pahissa;CF;78;79;1
307951;A. Zunzunegui;CB;70;71;1
308028;S. Gomez;CMF;74;75;1
308056;R. Barlow;AMF;74;75;1
308071;O. Amis;CB;68;69;1
308083;R. Begovic;DMF;65;66;1
308107;A. Ayhuana;CMF;54;55;1
308108;D. Ataide;CB;78;79;1
308115;M. Saadoun;RB;61;62;1
308140;R. Serpa;RWF;74;75;1
308173;E. Álvarez;RB;63;64;1
308187;P. Camacho;CB;63;64;1
308195;E. Soliman;GK;67;68;1
308197;M. Hany;RB;70;71;1
308271;R. Bakor;CF;59;60;1
308295;A. Artunduaga;LB;62;63;1
308299;H. Bethancourt;CB;71;72;1
308314;Jair Cunha;CB;74;75;1
308321;E. Cerveira;LWF;68;69;1
308475;C. Mendonca;RB;66;67;1
308478;B. Lemos;DMF;74;75;1
308494;V. Lemos;AMF;74;75;1
308544;N. Cunha;LB;68;69;1
308610;Z. Belaïd;CB;65;66;1
308701;Z. Hensley;RWF;74;75;1
308712;T. Silvero;CB;69;70;1
308838;B. Emmett;AMF;74;75;1
309008;N. Strugar;LWF;78;79;1
309162;E. West;RWF;73;74;1
309189;Y. Valery;RB;70;71;1
309347;E. Severy;CMF;76;77;1
309462;B. Cavalcante;RB;73;74;1
309569;C. Falcinelli;RB;74;75;1
309808;V. Cerveira;CF;70;71;1
309846;T. Salazar;RB;73;74;1
309872;A. Tabares;LB;62;63;1
31019;Miguel Veloso;DMF;61;62;1
31325;W. Janssen;CB;75;76;1
315535;J. Gaulard;CB;65;66;1
315536;G. Kuiper;RB;70;71;1
315540;A. Frangolacci;LMF;73;74;1
315542;F. González;AMF;66;67;1
315543;J. Giraudeau;CF;70;71;1
315550;A. Perec;RMF;70;71;1
315553;C. Mawissa;CB;74;75;1
319184;Guangxi Xiong;RMF;66;67;1
319187;R. Sulaka;CB;61;62;1
319198;M. Doski;LB;68;69;1
319201;Y. Al-Arab;CB;74;75;1
319204;A. Al-Fakhouri;GK;64;65;1
319217;S. Abdul Baqi;CB;59;60;1
319225;R. Ishak;DMF;62;63;1
319238;Abu Al-Shamat;RB;70;71;1
319239;M. Al-Harbi;LB;67;68;1
319248;T. Jawdat;RB;65;66;1
319253;R. bin Fahmi;CMF;62;63;1
319254;G. Bulus;RB;65;66;1
319263;F. Ghedjemis;RWF;71;72;1
319320;J. Adams;AMF;68;69;1
319408;J. Chaumette;RB;70;71;1
319436;J. Ouanna;LWF;75;76;1
319474;D. Jurásek;LB;72;73;1
319575;B. Neves;LB;73;74;1
31979;D. Bent;CF;55;56;1
32021;E. Agbadou;CB;76;77;1
320784;T. Paravac;CB;76;77;1
320825;W. Singo;CB;77;78;1
320828;D. Tavora;AMF;67;68;1
320834;J. Malafaia;RB;75;76;1
320861;P. dos Santos;LWF;74;75;1
320874;Á. Rangel;CB;68;69;1
320955;J. Bos;LB;73;74;1
320968;A. Majrashi;RB;71;72;1
320983;J. Pintado;RB;71;72;1
320989;A. Piskulic;CB;72;73;1
321056;J. Thakri;CB;66;67;1
321180;A. Hatim;CMF;67;68;1
321181;H. Al-Haydos;AMF;69;70;1
321193;J. Urozov;CB;61;62;1
321262;H. Tambakti;CB;73;74;1
321670;N. Siqueira;CF;73;74;1
321854;C. Ayton;RWF;75;76;1
322021;A. Hejji;CMF;62;63;1
322028;I. Kerensky;RMF;78;79;1
322045;Laiyun Cui;CB;70;71;1
32205;D. Whitehead;CMF;69;70;1
322105;A. Dorronsoro;AMF;71;72;1
322116;Dingping Cui;LB;68;69;1
32212;D. Murphy;CF;72;73;1
322122;O. Jowell;LB;68;69;1
322124;M. Imad;AMF;78;79;1
322138;G. de Leymarie;CB;73;74;1
322139;J. Opoku;CB;71;72;1
322303;C. Barkero;CB;74;75;1
322812;S. Sow;CB;68;69;1
322933;D. Nogueira;LB;75;76;1
323104;M. Gómez;DMF;63;64;1
32312;R. Klavan;CB;60;61;1
323204;H. Andrade;CF;68;69;1
323558;Song Bum-Keun;GK;73;74;1
323636;V. Tellez;LWF;71;72;1
323669;T. Mokoena;CMF;71;72;1
323869;K. Mudau;RB;70;71;1
3239;Bebeto;SS;68;69;1
32491;S. Ireland;AMF;55;56;1
325169;J. Estrada;RB;68;69;1
325170;Grosso;LWF;92;93;1
325279;H. Kadesh;LB;70;71;1
325291;S. Al-Brake;LB;67;68;1
325300;A. Ulmasaliev;CB;63;64;1
32549;J. Insúa;GK;57;58;1
325560;S. Meneses;CB;71;72;1
32561;T. Noslin;RWF;73;74;1
325621;Zé Rafael;CMF;71;72;1
325643;S. Moura;CB;68;69;1
32585;Naldo;CB;61;62;1
32618;L. Schöne;CMF;63;64;1
32651;D. Biondini;CMF;55;56;1
327004;Edmílson Junior;LWF;73;74;1
327051;F. Al-Buraikan;CF;73;74;1
327079;Eom Ji-Sung;LWF;70;71;1
327090;Cho Wi-Je;CB;68;69;1
32806;D. Vaughan;DMF;69;70;1
32825;S. Brown;CMF;56;57;1
32919;Paulo Henrique;RB;73;74;1
33073;Zé Pedro;CB;72;73;1
33107;M. Bakker;LB;74;75;1
33146;D. Marcellis;CB;56;57;1
33205;Corona;CMF;68;69;1
33209;Mikel González;CB;73;74;1
33210;Agirretxe;CF;60;61;1
33218;Jesús Gámez;RB;57;58;1
33266;R. Araújo;CB;79;80;1
33317;Fábio Ferreira;CB;71;72;1
33320;S. Domínguez;CB;74;75;1
33491;G. Torres;CF;64;65;1
33610;D. Holla;CMF;69;70;1
33669;Jemmes;CB;72;73;1
33675;A. Mounier;LWF;73;74;1
33739;Rafinha;AMF;73;74;1
33759;E. Martins;SS;62;63;1
33808;F. Campbell;CF;53;54;1
33857;S. Floccari;CF;57;58;1
33895;R. Eremenko;AMF;78;79;1
33994;V. Anita;RB;56;57;1
34014;F. Bredlow;GK;70;71;1
34025;J. Maidana;CB;61;62;1
34098;L. Modrić;CMF;84;85;1
34108;A. Guardado;CMF;63;64;1
34464;O. Vizcarrondo;CB;59;60;1
34479;N. Laarej;CMF;59;60;1
34487;M. Pinto;GK;71;72;1
34493;M. Casierra;LB;73;74;1
34544;J. Morel;LB;56;57;1
34611;D. Payet;LWF;66;67;1
34672;S. Quinn;CMF;70;71;1
34698;Michel Bastos;LMF;56;57;1
34783;L. Biglia;DMF;65;66;1
34805;M. Valbuena;AMF;61;62;1
34813;M. Arnautović;CF;76;77;1
34825;Zé Castro;CB;71;72;1
34845;M. Coutadeur;CMF;70;71;1
34876;R. Vormer;CMF;75;76;1
34892;V. Birsa;AMF;62;63;1
34918;M. Izco;CMF;73;74;1
34939;Ruan Pablo;LWF;64;65;1
34974;A. Ogbonna;CB;62;63;1
34986;T. Nnadi;DMF;69;70;1
35033;G. Kamara;DMF;72;73;1
35104;De las Cuevas;RMF;70;71;1
35110;Nacho Monreal;LB;63;64;1
35120;Alfaro;RWF;68;69;1
35125;De la Bella;LB;73;74;1
35126;G. Herrera;CF;73;74;1
35138;F. Ugrinić;CMF;74;75;1
35207;David Luiz;CB;67;68;1
35216;N. Pareja;CB;62;63;1
35226;Rafa Obrador;LB;68;69;1
35232;V. Torosidis;RB;56;57;1
35326;A. Gerndt;CF;71;72;1
35434;H. Droguett;AMF;70;71;1
35435;L. Figueroa;RWF;68;69;1
35462;Y. Diomande;RWF;83;84;1
35499;C. Fuchs;LB;59;60;1
3581;G. Loovens;CB;69;70;1
35876;Azpilicueta;CB;76;77;1
35881;M. Pavone;CF;77;78;1
35882;M. Zárate;SS;60;61;1
3605;C. Bovo;CB;73;74;1
3613;E. Diouf;LB;77;78;1
36207;B. Dočkal;AMF;56;57;1
362334;X. Azevedo;RWF;76;77;1
363015;A. Gasquet;CMF;82;83;1
363282;P. Izzo;GK;71;72;1
363431;M. Abu Ghoush;LB;61;62;1
36361;P. Hetemaj;CMF;57;58;1
363688;E. Amaral;LMF;77;78;1
363721;A. Moura;RB;68;69;1
363726;J. Andrade;CF;65;66;1
363868;D. Aboim;AMF;70;71;1
363958;A. Ganiev;CMF;64;65;1
364199;F. Strauss Kahn;CB;76;77;1
36431;B. Kayal;CMF;73;74;1
364584;O. Truman;CF;78;79;1
364719;F. Lobato;GK;69;70;1
364777;L. Correia;RB;70;71;1
364826;J. Mion;LWF;78;79;1
364990;C. Partington;LB;74;75;1
36627;Y. Sommer;GK;85;86;1
36659;D. Nugent;CF;71;72;1
366621;S. Cabrera;LB;63;64;1
366623;J. Acosta;GK;59;60;1
366644;S. Aguiar;RB;76;77;1
366674;Marlon Freitas;DMF;78;79;1
367018;L. Boubryemm;CMF;69;70;1
367060;H. Mastouri;CF;67;68;1
367070;T. Hailwood;DMF;66;67;1
367080;S. Khalilzadeh;CB;69;70;1
367091;I. Ubay;LB;62;63;1
367094;M. Kab;RWF;62;63;1
367124;A. Ali;CF;72;73;1
367129;Oh Hyeon-Gyu;CF;72;73;1
367130;W. Dod;LB;62;63;1
367134;A. Berkley;RWF;60;61;1
367154;Y. Bárcenas;RWF;70;71;1
367172;S. Andrewes;GK;74;75;1
367206;J. Dujmovic;DMF;73;74;1
36723;P. Quiñónez;DMF;74;75;1
36727;F. Muslera;GK;76;77;1
36764;A. Kolarov;LB;62;63;1
36765;Bojan;SS;59;60;1
368031;Guangyou Peng;LWF;66;67;1
368202;B. Khoukhi;CB;70;71;1
368265;D. Khamdamov;RWF;68;69;1
368271;K. Alizhonov;RB;66;67;1
368378;C. Arrieta;RB;68;69;1
368379;L. Cepeda;LWF;70;71;1
36845;M. Morganella;RB;72;73;1
36867;Fábio Coentrão;LB;57;58;1
368708;L. Roldán;DMF;66;67;1
36875;Bueno;SS;56;57;1
368757;M. Hernández;CF;59;60;1
368759;F. Barreto;LB;72;73;1
368782;B. Tavora;CMF;71;72;1
3688;A. Domínguez;AMF;58;59;1
368913;B. Radisic;AMF;71;72;1
36896;C. Jerome;CF;72;73;1
3690;M. López;CF;57;58;1
36912;R. Bentancourt;CF;68;69;1
369292;R. Herbert;CB;75;76;1
369443;A. Sabri;CB;58;59;1
36945;Fagner;RB;71;72;1
369453;T. Bindon;CB;69;70;1
369529;S. Kolchanova;CF;74;75;1
36962;R. Koolwijk;CMF;73;74;1
369797;R. Ayed;CMF;62;63;1
36988;S. Bouhours;LB;68;69;1
369898;B. Asare;GK;74;75;1
36990;Y. Brahimi;LMF;65;66;1
36992;F. Lemoine;DMF;77;78;1
36996;A. Chedjou;CB;77;78;1
370016;A. Villareal;CF;57;58;1
37030;Arguibide;RB;62;63;1
370372;J. Mera;CB;64;65;1
370406;B. Peres;CB;72;73;1
370465;T. Meira;CMF;68;69;1
370623;B. Faria;LB;65;66;1
370654;T. Moura;CB;63;64;1
370724;R. Pedroza;CB;59;60;1
370855;G. Singer;DMF;70;71;1
370939;B. Chaves;CB;75;76;1
370966;A. Zárate;CMF;65;66;1
370970;N. Dias;RB;71;72;1
370982;A. Pessanha;CB;71;72;1
370989;R. Sanches;RB;68;69;1
3712;C. Tevez;CF;62;63;1
37140;M. Darmian;RB;77;78;1
37147;M. Sau;CF;57;58;1
37149;A. Desábato;GK;69;70;1
371518;C. Lindbergh;CMF;71;72;1
37155;H. Campagnaro;CB;58;59;1
371697;E. Corneau;CMF;70;71;1
371710;F. López;RB;62;63;1
372076;F. Andrade;AMF;76;77;1
37219;F. Đorđević;CF;76;77;1
372206;G. Cantizano;LWF;66;67;1
372209;M. Chaves;LB;64;65;1
372424;J. Herrera;CF;67;68;1
37253;S. Armenteros;CF;73;74;1
37260;Keiller;GK;64;65;1
37269;Antunes;LB;58;59;1
372703;V. Moniz;LB;66;67;1
37277;Unai Gómez;AMF;71;72;1
372787;M. Gois;AMF;67;68;1
372801;Q. Price;DMF;74;75;1
373057;D. Pedrozo;CB;62;63;1
37306;M. Balotelli;CF;65;66;1
37314;Vitor Gomes;CMF;72;73;1
373169;K. Vázquez;DMF;67;68;1
37330;L. Rossettini;CB;59;60;1
37338;L. Mchedlidze;CF;74;75;1
373446;L. Tavora;RB;67;68;1
373527;Felipe Longo;GK;63;64;1
37356;Guga;RB;72;73;1
37359;Kiko Olivas;CB;66;67;1
373617;H. Medeiros;AMF;71;72;1
373638;S. Ghoddos;AMF;67;68;1
37377;A. Catena;CB;76;77;1
373792;A. Fathy;CMF;66;67;1
373793;H. Al-Hussain;CB;57;58;1
37391;M. Araújo;CMF;66;67;1
373952;L. Alvares;RB;67;68;1
373953;C. Devlin;DMF;73;74;1
37405;M. Alexandre;RB;64;65;1
37414;S. Privat;CF;74;75;1
374209;Lucas Mendes;CB;67;68;1
37422;M. Pjanić;CMF;68;69;1
374266;M. Litolff;GK;55;56;1
374287;M. Lemmon;GK;55;56;1
37429;Van der Heijden;CB;58;59;1
374290;L. Bevan;CB;60;61;1
374302;A. Badawi;RB;61;62;1
374306;A. Jamous;CMF;64;65;1
374307;M. Al-Dawoud;CMF;63;64;1
374317;J. Rodríguez;LWF;71;72;1
374323;I. Wazir;GK;55;56;1
374354;L. Alain;GK;58;59;1
37437;A. García Basso;CB;72;73;1
374376;I. Hamidullah;GK;55;56;1
374408;W. Upson;GK;70;71;1
374427;D. Grocyn;LWF;71;72;1
374435;M. Langmann;CB;58;59;1
37445;E. Duplan;RWF;71;72;1
374452;P. Tillotson;AMF;74;75;1
374479;D. Luckassen;CB;69;70;1
37448;A. Büttner;LB;56;57;1
374482;M. Mohammadi;LB;70;71;1
374484;S. Hardani;RB;65;66;1
374485;A. Olwan;CF;69;70;1
374487;I. Jasem;GK;55;56;1
374548;R. Jeanson;CF;69;70;1
374575;A. Hadj Moussa;RWF;75;76;1
37496;P. Tachtsidis;DMF;68;69;1
37510;M. Zalazar;LMF;65;66;1
37512;G. Cabral;CB;60;61;1
37518;J. Hurtado;RB;71;72;1
375220;R. Bitencourt;CB;68;69;1
375628;L. Vasconcelos;AMF;63;64;1
375635;D. Livramento;CF;67;68;1
375732;Danilo;CMF;80;81;1
376017;L. Pascual;CMF;61;62;1
37602;A. Seyral;CB;63;64;1
376022;H. Albuquerque;RWF;69;70;1
376190;Y. Akgün;RWF;78;79;1
376222;A. Matlock;AMF;69;70;1
376345;A. Ralston;RB;69;70;1
376489;D. Herrera;CB;65;66;1
376598;Cuiabano;LB;74;75;1
376675;R. Moura;RB;67;68;1
376737;F. Noguera;RWF;54;55;1
376793;B. Sanches;GK;56;57;1
376893;R. Neves;AMF;67;68;1
37707;A. el Mohamady;RMF;74;75;1
377070;G. Bitencourt;CB;69;70;1
377251;I. Wyness;RWF;69;70;1
377269;H. Ancajima;RB;63;64;1
377285;M. Demiral;CB;78;79;1
377344;A. Bardakcı;CB;79;80;1
377442;O. Arca;DMF;65;66;1
377512;M. Torrez;CB;59;60;1
377513;D. Cataño;AMF;70;71;1
37817;S. Prödl;CB;59;60;1
378199;S. Gibbon;CMF;66;67;1
378200;Z. Enders;RB;71;72;1
378237;I. Gharbi;AMF;71;72;1
378254;R. Bonheur;CB;70;71;1
378264;Y. Titraoui;CMF;72;73;1
378268;R. Brazil;RB;65;66;1
378272;L. Dodd;GK;61;62;1
378293;E. Pessanha;LB;66;67;1
378295;R. Cunha;RB;65;66;1
378296;S. Rodríguez;CF;68;69;1
37830;I. Popov;AMF;73;74;1
378314;F. Salinas;RB;70;71;1
378318;G. Amaral;SS;64;65;1
378319;R. Alves;GK;61;62;1
378336;M. Pessanha;CMF;67;68;1
378416;J. Iskanderov;AMF;64;65;1
37842;M. Buzaglo;AMF;66;67;1
378474;R. Smither;CB;71;72;1
37849;Z. Tošić;RMF;61;62;1
378577;A. Verstovsky;GK;74;75;1
378753;J. Goios;DMF;67;68;1
37899;M. Martins;CF;57;58;1
379709;Y. Osorio;CB;69;70;1
379734;P. Beach;GK;70;71;1
379800;L. Ingolotti;GK;70;71;1
379824;S. Antunes;CF;68;69;1
379975;X. Manuel;AMF;64;65;1
380133;E. Moura;AMF;63;64;1
38054;S. Kjær;CB;62;63;1
38115;L. Acosta;AMF;69;70;1
38118;C. Álvarez;GK;72;73;1
38146;Canella;LB;69;70;1
38168;J. Sami;CB;66;67;1
38190;R. Boudebouz;AMF;61;62;1
38199;Emerson Royal;RB;74;75;1
38262;M. Suárez;SS;57;58;1
38264;L. Ciman;CB;59;60;1
38292;I. Andrada;RB;64;65;1
38293;Agenor;GK;65;66;1
38297;Willian;LWF;71;72;1
38338;D. Wass;AMF;61;62;1
38352;D. Welbeck;CF;79;80;1
38366;G. Bonaventura;CMF;65;66;1
38380;L. Vitale;LB;73;74;1
38448;L. Nestor;CB;63;64;1
38461;Fellipe Bastos;DMF;68;69;1
38463;Daniel Carriço;CB;59;60;1
38475;P. Sučić;CMF;77;78;1
38499;K. Strootman;CMF;68;69;1
38556;M.van der Werff;CB;71;72;1
38569;Víctor Sánchez;CMF;58;59;1
38590;Rafael;RB;61;62;1
38594;J. Wilshere;CMF;63;64;1
38743;Y. Valois;CF;62;63;1
38778;G. Marinelli;GK;67;68;1
38782;M. Stoch;LMF;58;59;1
38791;N. Baker;CB;74;75;1
38794;J. Bennett;LB;69;70;1
38800;L. Narsingh;RWF;60;61;1
38810;Lucas Ramon;RB;71;72;1
38858;S. El Shaarawy;LWF;77;78;1
3889;W. Ayoví;LB;73;74;1
38945;D. Ba;CF;60;61;1
39026;G. Sakai;RB;57;58;1
39178;D. Tabibou;CMF;68;69;1
39187;Ki Sung-Yeung;DMF;62;63;1
39215;Renato Augusto;CMF;65;66;1
39226;S. Corchia;RB;59;60;1
39262;N. Roux;CF;76;77;1
39270;J. Hato;LB;77;78;1
39276;A. el Kaoutari;CB;73;74;1
39293;D. Marcq;DMF;75;76;1
39377;D. Glushakov;CMF;78;79;1
39387;Marcelo;CB;76;77;1
39394;Edimar Fraga;LB;73;74;1
39414;G. Shchennikov;LB;74;75;1
39483;F. Caputo;CF;72;73;1
39505;Á. Bergantiños;DMF;73;74;1
39513;G. Arlauskis;GK;67;68;1
3952;P. Cannavaro;CB;58;59;1
39639;S. İnan;CMF;61;62;1
39710;E. Benítez;LWF;75;76;1
39720;N. Fedor;CF;54;55;1
39749;B. Sævarsson;RB;76;77;1
39795;J. Montero;LWF;76;77;1
40009;I. Obradović;LB;72;73;1
40048;K. Ağayev;GK;66;67;1
40134;S. Suso;CMF;65;66;1
40160;A. Isfan;CF;64;65;1
40197;C. Patiño;CMF;65;66;1
40204;D. Lazović;RMF;76;77;1
40211;F. Onyeka;CMF;74;75;1
40228;J. Obi;CMF;57;58;1
40281;M. Albrighton;LMF;59;60;1
40293;J. Colback;DMF;73;74;1
40315;R. Halhal;CB;63;64;1
40323;P. Aubameyang;CF;78;79;1
40340;L. Koscielny;CB;68;69;1
40358;G. Bellusci;CB;74;75;1
40371;H. Fredes;CMF;73;74;1
40403;Roderick;CB;73;74;1
40407;Maicon;CB;70;71;1
40411;Suso Santana;RWF;72;73;1
40418;S. Pesyakov;GK;68;69;1
40433;S. Tzimas;CF;72;73;1
40452;J. Stans;AMF;73;74;1
40460;Xavi Torres;DMF;53;54;1
40501;B. Sako;LWF;73;74;1
40513;O. Ogbemudia;CB;76;77;1
40523;F. Cacciatore;RB;75;76;1
40541;B. Nuytinck;CB;72;73;1
40555;D. Fox;CB;68;69;1
40568;Igor Vinícius;RB;69;70;1
40572;Tejera;CMF;68;69;1
40585;M. Okoye;GK;75;76;1
40602;Y. Khacheridi;CB;59;60;1
40604;R. Meggiorini;SS;75;76;1
40638;L. Marrone;DMF;55;56;1
40662;N. Colazo;LB;64;65;1
40666;Fontàs;CB;57;58;1
40683;M. Grüger;DMF;64;65;1
40702;M. Jacob;LB;63;64;1
40742;A. Dragović;CB;60;61;1
40838;Y. Rakitskiy;CB;61;62;1
40870;J. Toornstra;AMF;77;78;1
40875;S. De Vrij;CB;82;83;1
40882;L. Bacuna;RB;71;72;1
40919;R. Pereyra;AMF;62;63;1
40990;Anthony Lopes;GK;74;75;1
41000;R. Cabella;AMF;73;74;1
41004;F. Borini;LWF;58;59;1
41013;Pelayo;CB;63;64;1
41045;Y. Rak;CB;70;71;1
41047;J. Manzambi;AMF;79;80;1
41066;C. Immobile;CF;76;77;1
41078;Leandro Damião;CF;57;58;1
41079;Omar Ramos;LWF;73;74;1
41082;Koke;CMF;80;81;1
41106;B. Oviedo;LB;73;74;1
41152;I. Subiabre;CF;76;77;1
41153;S. Coates;CB;77;78;1
41160;F. Fernández;CB;61;62;1
41169;E. Aguilera;CB;69;70;1
41178;L. González;LWF;73;74;1
41235;G. Átila;GK;60;61;1
41236;N. Banegas;LB;68;69;1
41260;R. Ruidíaz;CF;72;73;1
41272;L. Rodríguez;LB;64;65;1
41273;L. Vangioni;LB;57;58;1
41276;J. Velázquez;LMF;65;66;1
41294;Ignácio;CB;71;72;1
41303;G. Tzavellas;CB;54;55;1
41425;E. Vargas;SS;72;73;1
41428;M. Díaz;DMF;67;68;1
41451;C. Aránguiz;CMF;74;75;1
41456;S. Toro;CB;70;71;1
41474;M. Rocha;CB;67;68;1
41479;F. Gutiérrez;CMF;57;58;1
41509;M. Caire;RB;74;75;1
41511;F. Sánchez;RB;73;74;1
41522;R. Ríos Novo;GK;62;63;1
41531;S. Silva;CF;56;57;1
41536;M. Bíttolo;LB;65;66;1
41538;E. Olivera;CB;70;71;1
41547;C. Quintana;CB;72;73;1
41594;M. dos Santos;CB;73;74;1
41637;M. Mohamed;CF;70;71;1
41674;Y. Mosquera;CB;72;73;1
41723;M. Calzada;DMF;73;74;1
41737;F. Colidio;CF;77;78;1
41829;R. Cardozo;AMF;70;71;1
41862;E. Schelotto;RB;55;56;1
41975;A. González;RB;69;70;1
41984;R. Otero;AMF;70;71;1
42025;R. Ovelar;CF;73;74;1
42030;Diego Caito;RB;66;67;1
42033;A. Carrillo;CMF;72;73;1
42046;K. Mokotjo;CMF;73;74;1
42048;J. Bakayoko;RWF;75;76;1
42093;M. Torrén;CB;67;68;1
42142;M. Riveros;DMF;73;74;1
42184;M. Caicedo;LMF;71;72;1
42290;G. Berardi;LB;71;72;1
42308;Jesús Vázquez;LB;70;71;1
42311;Aylon;CF;68;69;1
42316;A. Griezmann;SS;83;84;1
42337;J. Dompé;LMF;73;74;1
42348;Pizzi;CMF;64;65;1
42363;K. Zohorè;CF;69;70;1
42375;B. Martins Indi;CB;61;62;1
42376;M. Kieftenbeld;DMF;70;71;1
42378;D. Tadić;AMF;63;64;1
42409;R. Feltscher;RB;68;69;1
42416;Z. Labyad;AMF;73;74;1
42429;Juan Jesus;CB;74;75;1
42433;M. Bracamonte;RB;62;63;1
42440;J. Clasie;DMF;59;60;1
42453;L. Rodríguez;SS;74;75;1
42466;Mario Gaspar;RB;62;63;1
42480;Rubén Pérez;DMF;76;77;1
42502;M. Paulo;LB;63;64;1
42507;Álvaro Vázquez;CF;73;74;1
42535;Cédric;RB;68;69;1
42538;Rodrigo;CF;62;63;1
42540;N. Boilesen;LB;57;58;1
42551;M. Te Vrede;CF;54;55;1
42558;Pepê;CMF;66;67;1
42574;J. Abankwah;CB;68;69;1
42576;B. Écuélé Manga;CB;57;58;1
42582;Iker Losada;AMF;71;72;1
42586;Kevyson;LB;62;63;1
42605;S. Krivtsov;CB;71;72;1
42606;J. Stanišić;RB;79;80;1
42613;Ángel Recio;CB;64;65;1
42614;E. Gülüm;CB;71;72;1
42624;O. el Kaddouri;AMF;76;77;1
42630;A. Gómez;SS;66;67;1
42640;F. Zuculini;CMF;72;73;1
42641;P. Coutinho;AMF;74;75;1
42654;G. González;LWF;68;69;1
42657;S. Ferguson;LMF;53;54;1
42697;M. Lanzini;AMF;76;77;1
42817;F. Porath;RMF;68;69;1
42838;André;SS;56;57;1
42860;D. Ifrán;CF;70;71;1
42866;Muniesa;CB;58;59;1
42868;Bartra;CB;78;79;1
42869;Martín Montoya;RB;57;58;1
42872;Sergi Gómez;CB;73;74;1
42886;A. Acquah;CMF;74;75;1
42893;João Pedro;AMF;76;77;1
42894;G. Ramírez;AMF;59;60;1
42918;J. Forrest;RMF;57;58;1
42919;F. Santander;CF;74;75;1
42920;F. Sammaritano;LWF;74;75;1
42929;K. Wagner;LB;75;76;1
42935;L. Vallejo;CB;60;61;1
4294;F. Balmont;CMF;55;56;1
42940;G. Lesman;CF;67;68;1
42945;S. Romero;CF;73;74;1
42992;N. Vikonis;GK;70;71;1
42993;T. Charles;CB;69;70;1
43039;M. Schmelzer;LB;62;63;1
43042;A. Schürrle;LWF;65;66;1
43046;D. Siovas;CB;60;61;1
43047;Unai Vencedor;CMF;71;72;1
43054;C. Evans;CMF;53;54;1
43063;Son Heung-Min;LWF;83;84;1
43077;C. Tapé;LB;64;65;1
43079;F. Ghoulam;LB;63;64;1
43081;N. Isimat-Mirin;CB;59;60;1
43084;J. Guidetti;CF;59;60;1
43094;Álvaro Morata;CF;78;79;1
43104;Cejudo;RMF;72;73;1
43147;G. Töre;RWF;61;62;1
43157;Marcos Alonso;CB;78;79;1
43174;Rubén Rochina;AMF;73;74;1
43185;T. Bruns;AMF;73;74;1
43190;Maceió;RMF;62;63;1
43210;Juan Iglesias;RB;75;76;1
43254;J. Puncheon;CMF;58;59;1
43374;Y. Konoplyanka;LMF;61;62;1
43386;C. Lobatón;CMF;70;71;1
43398;Lucão;GK;66;67;1
43423;F. Klein;RB;57;58;1
43540;D. Vida;CB;59;60;1
43588;S. Chepchugov;GK;70;71;1
43589;V. Vasin;CB;73;74;1
43612;T. Ream;CB;71;72;1
43626;C. Gamboa;RB;58;59;1
43642;A. Ömür;AMF;67;68;1
43668;Ó. Romero;AMF;72;73;1
43683;M. Medel;CMF;71;72;1
43685;P. Jerez;LB;63;64;1
43687;Willian;CF;74;75;1
43740;D. Gissi;CB;70;71;1
4376;S. Pellissier;CF;75;76;1
43811;Bruno Santos;CF;70;71;1
43815;U. Ciccioli;RB;62;63;1
43875;J. Céspedes;LB;72;73;1
43897;M. Bolaños;AMF;76;77;1
43928;J. Charquero;CF;67;68;1
4395;Y. Rocchetti;LB;65;66;1
43977;Pará;RB;75;76;1
43988;Danielzinho;CMF;73;74;1
43993;S. Jaime;RWF;69;70;1
44001;F. Cordero;LB;70;71;1
44006;M. García;CMF;65;66;1
44011;C. Guerra;GK;67;68;1
44014;N. Castillo;CF;76;77;1
44042;A. Cohen;DMF;75;76;1
44105;Ismaily;LB;76;77;1
44154;Pedro Queirós;RB;69;70;1
44169;F. Chaïbi;AMF;75;76;1
44210;S. Ajayi;CB;69;70;1
44256;Bruno Gallo;CMF;70;71;1
44264;Zeca;CMF;73;74;1
44278;Pedro Raúl;CF;68;69;1
44282;J. Vossen;CF;75;76;1
44388;A. Limbombe;LWF;71;72;1
44401;M. Batshuayi;CF;73;74;1
44443;Luan Cândido;LB;68;69;1
44444;T. Abed;RMF;65;66;1
44456;R. Cáceres;CF;66;67;1
44493;Álex Martínez;LB;70;71;1
44499;R. Martin;CB;56;57;1
44529;A. Delort;CF;75;76;1
44545;Rodrigo Galo;RMF;73;74;1
44565;N. Taylor;LB;57;58;1
44636;L. Muriel;CF;74;75;1
44639;Íñigo López;CB;68;69;1
44684;R. Sawyers;AMF;70;71;1
44709;S. Berahino;CF;59;60;1
44720;J. Flanagan;RB;55;56;1
44721;J. Robinson;CB;69;70;1
44736;G. Gardner;CMF;70;71;1
44756;M. Gabbiadini;CF;65;66;1
44822;S. Kums;DMF;58;59;1
44824;D. Schmidt;RB;68;69;1
44838;H. Igamane;CF;75;76;1
44845;R. Fij;GK;67;68;1
44847;R. Martina;RB;73;74;1
44857;S. Arias;RB;72;73;1
44858;Hereda;RB;65;66;1
44898;Joãozinho;LB;68;69;1
44936;Ivo Pinto;RB;73;74;1
44950;Timor;CMF;75;76;1
44956;Rúben Ferreira;LB;70;71;1
45010;Salvador Agra;RWF;71;72;1
45016;M. Doughty;CMF;66;67;1
45025;Rubén García;RWF;76;77;1
45041;P. Terracciano;GK;75;76;1
45047;C. Labrin;CB;70;71;1
45057;G. Caprari;SS;75;76;1
45061;Danilo;CB;60;61;1
45069;L. Abecasis;RB;64;65;1
45076;K. Zouma;CB;63;64;1
45120;K. Lala;RB;74;75;1
45131;R. Van Den Berg;CB;70;71;1
45135;D. Gyabi;CMF;67;68;1
45148;V. Papadopoulos;CF;66;67;1
45164;P. M'Poku;LWF;73;74;1
45179;F. Fajr;AMF;76;77;1
45183;André Sousa;AMF;73;74;1
45188;N. Murru;LB;74;75;1
45190;M. Livaja;CF;74;75;1
45196;M. Bianchetti;CB;70;71;1
45203;M. Aguirregaray;RB;74;75;1
45244;A. Berardi;GK;63;64;1
45260;K. Conboy;LB;73;74;1
45261;J. Willems;LB;59;60;1
45288;F. González;CB;68;69;1
45289;Borja García;CB;64;65;1
45290;Íñigo Martínez;CB;82;83;1
45291;Diego Mariño;GK;70;71;1
45298;A. Masuero;CB;73;74;1
45299;M. de Sciglio;LB;59;60;1
45318;I. Diallo;RB;66;67;1
45342;I. Cissé;DMF;71;72;1
45351;Marçal;LB;69;70;1
45356;L. Paredes;DMF;80;81;1
45374;R. Lod;CMF;70;71;1
45392;Gustavo Marques;CB;70;71;1
45397;M. Ritzmaier;CMF;72;73;1
45403;M. Zeffane;RB;74;75;1
45409;M. Sampirisi;RB;68;69;1
45437;A. Gálvez;CB;58;59;1
45442;J. De Lange;GK;73;74;1
45463;K. Schade;LWF;78;79;1
45475;L. Slagveer;RWF;73;74;1
45500;D. Pelkas;AMF;71;72;1
45512;Negueba;RWF;69;70;1
45574;N. Aguirre;CMF;72;73;1
45580;C. Mosca;LMF;72;73;1
45590;F. Castillón;RWF;68;69;1
45591;W. Mikelbrencis;RB;68;69;1
45614;A. Chumacero;CMF;70;71;1
45649;J. Pineda;SS;69;70;1
45654;S. Silveira;RB;58;59;1
45665;G. Lorenzetti;AMF;72;73;1
45670;I. Lichnovsky;CB;72;73;1
45681;A. Bernal;RB;62;63;1
45756;G. Gómez;CB;80;81;1
45786;A. Figueroa;CB;72;73;1
45788;M. Araujo;CB;67;68;1
45807;G. Silva;LB;67;68;1
45815;B. Alemán;SS;77;78;1
45870;A. L. Kwarasey;GK;51;52;1
45912;S. Diallo;AMF;56;57;1
45945;İ. Gündoğan;CMF;67;68;1
45993;Marquinhos;CB;86;87;1
46002;T. Klose;CB;59;60;1
46012;Caio Paulista;LB;64;65;1
46023;Vitinho;LWF;71;72;1
46024;John Lennon;RB;70;71;1
46062;L. Jaquez;CB;71;72;1
46087;Fernandinho;LB;69;70;1
46093;Pierre;CMF;65;66;1
46152;Pablo;CB;75;76;1
46179;H. Kaldirim;LB;73;74;1
46184;P. Hansson;GK;71;72;1
46255;Gabriel G.;GK;66;67;1
46332;Renê;LB;73;74;1
46350;Marcos Vinícius;RB;65;66;1
46423;B. Humphreys;CB;73;74;1
46439;Fábio Espinho;AMF;69;70;1
46467;A. Peuget;DMF;70;71;1
46481;W. Khazri;LWF;62;63;1
46498;D. Sidibé;RB;74;75;1
46507;Lucas Oliveira;CB;66;67;1
46532;R. Lambert;CF;56;57;1
46544;A. Tonev;LWF;70;71;1
4655;B. Cesar;CB;59;60;1
46550;S. Tzedek;CB;69;70;1
46551;E. Tibi;CB;71;72;1
46557;A. Chipciu;RWF;74;75;1
46568;F. Erazo;CB;74;75;1
46575;R. Wallace;LWF;70;71;1
46593;G. Cameron;CB;60;61;1
46599;K. Fortounis;AMF;61;62;1
46603;M. Suttner;LB;57;58;1
46614;Lucas Silva;DMF;74;75;1
46635;G. Fernández;DMF;72;73;1
46643;J. Lukaku;LB;58;59;1
46647;T. Meunier;RB;77;78;1
46666;Iago Aspas;CF;80;81;1
46671;Álex López;CMF;72;73;1
46694;N. Stanciu;AMF;70;71;1
46702;J. Murphy;LWF;70;71;1
46724;G. Charbonnier;CF;73;74;1
46725;R. Grange;AMF;67;68;1
46751;André André;CMF;59;60;1
46755;R. Pepi;CF;75;76;1
46759;M. Nicolas;GK;78;79;1
46765;Perotti;CF;66;67;1
46774;Nuno Tavares;LB;75;76;1
46778;Paulinho;RB;72;73;1
46779;Álvaro Giménez;LWF;68;69;1
46780;Pablo Barrios;CMF;82;83;1
46819;Ricardo Pereira;RB;63;64;1
46830;F. Onyeka;AMF;69;70;1
46831;J. Torunarigha;CB;73;74;1
46835;Roberto Torres;AMF;73;74;1
46843;R. Neustädter;CB;56;57;1
46845;D. Malone;RB;69;70;1
46852;S. Denswil;CB;74;75;1
46855;D. Doekhi;CB;78;79;1
46856;L. Assignon;RB;74;75;1
46862;R. Schmid;AMF;77;78;1
46863;F. Müller;GK;72;73;1
46866;M. De Roon;DMF;79;80;1
46873;U. Saqid;CF;75;76;1
46879;M. Depay;CF;80;81;1
46894;Jefté;LB;68;69;1
4690;B. Pedretti;DMF;55;56;1
46941;R. Haps;LB;68;69;1
46951;C. Summerville;LWF;77;78;1
46968;J. Butterfield;CMF;69;70;1
46978;R. Hernandes;CMF;65;66;1
46987;Y. Benzia;CF;74;75;1
47012;K. Coronel;RB;62;63;1
47018;G. Mccleary;RWF;73;74;1
47029;Hélder Lopes;LB;73;74;1
47054;D. Houhoumis;LB;63;64;1
47055;C. Donis;CMF;66;67;1
47058;B. Verboom;RB;69;70;1
47063;T. Letschert;CB;56;57;1
47115;João Mário;RB;75;76;1
47148;R. Mundle;LWF;71;72;1
47150;J. Malanga;AMF;64;65;1
47152;S. Baidoo;CB;77;78;1
47158;G. Antwi;RB;64;65;1
47161;L. Raeder;GK;66;67;1
47176;A. Stoian;LWF;74;75;1
47178;L. Capezzi;CMF;67;68;1
47183;Alberto Reina;CMF;72;73;1
47184;Marc Casadó;DMF;77;78;1
47194;M. Caqueret;CMF;77;78;1
47222;C. Baumgartner;AMF;81;82;1
47241;Ximo Navarro;RB;71;72;1
47252;C. Lykogiannis;LB;72;73;1
47261;Óliver Torres;AMF;61;62;1
47269;N. Ferraresi;CB;71;72;1
47279;M. Benassi;CMF;78;79;1
47285;L. Orford;CMF;63;64;1
47286;J. Pickdord;GK;84;85;1
47315;Lucas Lima;LB;78;79;1
47332;Lucas Farias;RB;64;65;1
47355;J. Diehl;LWF;65;66;1
47368;M. Nasti;CF;66;67;1
47374;P. Zieliński;CMF;81;82;1
47378;P. van Ooijen;CMF;68;69;1
47382;S. Marino;CF;66;67;1
47392;K. Abdallah;RB;68;69;1
47396;M. Brozović;DMF;79;80;1
47398;K. Asllani;DMF;73;74;1
47404;V. Rodríguez;AMF;73;74;1
47405;Jonny;RB;75;76;1
47419;M. Colin;RB;68;69;1
47425;S. Yago;RB;74;75;1
47430;C. Jean;RWF;73;74;1
47431;E. Dier;CB;76;77;1
47437;P. Ciss;CMF;76;77;1
47464;C. Ndaba;LB;65;66;1
47471;Vinícius F.;LB;68;69;1
47522;A. Laporte;CB;83;84;1
47529;B. Samba;GK;80;81;1
47548;C. Zesiger;CB;73;74;1
47551;O. Hiljemark;CMF;76;77;1
47553;L. Krajnc;CB;69;70;1
47569;I. Doukouré;CB;76;77;1
47625;A. Silva;RB;76;77;1
47640;A. Trusty;CB;73;74;1
47655;F. Calvo;CB;67;68;1
47689;R. Mason;CMF;55;56;1
4769;Luisão;CB;62;63;1
47698;A. Halilović;AMF;58;59;1
47702;A. Najar;RB;73;74;1
47712;T. Rogić;AMF;55;56;1
47757;M. Dávila;LMF;71;72;1
47758;F. Manríquez;CMF;71;72;1
47761;L. Cano;LB;60;61;1
47765;D. Stalmach;DMF;65;66;1
47787;João Cancelo;RB;82;83;1
47810;L. Öztunali;RWF;66;67;1
47815;P. Lugüercio;RWF;71;72;1
47831;F. Evangelista;LB;74;75;1
47845;E. Isnaldo;LWF;72;73;1
47870;Leo Melo;SS;67;68;1
47872;Carvalheira;DMF;67;68;1
47925;N. Maturana;AMF;68;69;1
47928;F. Krovinović;DMF;70;71;1
47943;Aisar;RB;68;69;1
48003;B. Bröger;AMF;63;64;1
48142;F. Pereyra;CB;70;71;1
4872;R. Huth;CB;60;61;1
4884;J. Bogle;RB;75;76;1
4898;David Navarro;CB;68;69;1
4928;A. Rosina;SS;71;72;1
4929;A. Gilardino;CF;57;58;1
4953;A. Hutton;RB;55;56;1
51509;N. Rushdi;RB;67;68;1
51513;Q. Casanova;CB;71;72;1
51519;F. Luce;CMF;73;74;1
51522;C. Dorador;GK;55;56;1
52317;J. Crooks;GK;55;56;1
52332;J. Brewer;RMF;71;72;1
52892;W. Leahy;RB;73;74;1
52895;N. Boon;DMF;71;72;1
52900;P. Smither;GK;56;57;1
52901;S. Hynde;CB;67;68;1
52903;F. Oakley;RB;70;71;1
52910;Q. Lefanu;RB;73;74;1
52918;G. Rumbelow;CF;72;73;1
52922;D. Milburn;RB;70;71;1
52929;N. Waliullah;GK;55;56;1
52930;S. Jafar;CB;70;71;1
52931;G. Abdul Latif;CB;72;73;1
52932;M. Nasir;RMF;72;73;1
52938;F. Ruhi;RMF;73;74;1
52940;V. Cemal;GK;55;56;1
52943;J. Gadiel;LB;71;72;1
52944;N. Sanaullah;DMF;73;74;1
52951;A. Nicoll;CB;71;72;1
52955;D. Mcdean;CMF;73;74;1
52960;A. Wickett;GK;56;57;1
52963;P. Jevons;RB;67;68;1
52971;D. Earhart;CB;71;72;1
52975;M. Serwotka;CMF;73;74;1
52980;P. Schlesinger;GK;56;57;1
52983;F. Southgate;RB;67;68;1
52990;Mouzaran;CB;58;59;1
52991;Ghalatan;CB;57;58;1
52999;Rawfji;CF;61;62;1
53009;Ubingi;LB;64;65;1
53015;Kinphuseang;CF;55;56;1
53016;Bazyrden;GK;52;53;1
53020;Quan Loo Hoa;CF;64;65;1
53384;B. Gutiérrez;RB;60;61;1
53385;L. Gautier;LB;59;60;1
53387;D. Caicedo;RWF;70;71;1
53453;D. Rivera;CB;67;68;1
53474;J. Guerrero;RB;68;69;1
53477;J. Mena;LB;59;60;1
53591;L. González;RMF;69;70;1
53780;J. Pierson;GK;61;62;1
53784;M. Spinesi;LB;73;74;1
53792;L. Castro;CF;71;72;1
53795;D. Macaulay;DMF;55;56;1
53801;P. Pentz;GK;71;72;1
53895;L. Mafouta;CF;70;71;1
53897;M. Rossignol;CMF;63;64;1
53898;A. Turtiainen;LB;70;71;1
53900;V. Uzunov;RMF;67;68;1
53902;V. Ivanova;CMF;67;68;1
53907;H. Deniz;GK;58;59;1
53917;H. Mladenov;CF;77;78;1
54060;A. Babic;RMF;71;72;1
54078;G. Horton;CF;65;66;1
5408;G. Clichy;LB;60;61;1
54104;M. Hansson;CB;66;67;1
54105;Y. Chernykh;RB;69;70;1
54109;S. Bykovsky;RMF;69;70;1
54160;J. Guivin;CMF;66;67;1
54165;O. Gill;GK;71;72;1
54166;C. Haydar;CB;67;68;1
5417;L. Acosta;AMF;76;77;1
54245;P. Guiagon;AMF;73;74;1
54250;E. Weindler;DMF;77;78;1
54251;S. Bouabré;AMF;65;66;1
54257;D. Undav;CF;84;85;1
54258;Y. Tsvetanov;CB;65;66;1
54259;W. Younoussa;CMF;65;66;1
54261;S. Aabye;LB;68;69;1
54337;L. Maronnier;RB;65;66;1
5434;G. Whelan;DMF;57;58;1
54340;Y. Titi;RB;68;69;1
54341;A. Ouzenadji;LB;62;63;1
54342;I. Boura;LB;70;71;1
54345;H. Konaté;GK;68;69;1
54346;A. Thomsen;CF;67;68;1
54350;M. Diop;CMF;69;70;1
54360;J. Rodríguez;CF;75;76;1
54362;T. Espinosa;LB;67;68;1
54363;F. Álvez;CB;61;62;1
54369;E. von Bose;CF;70;71;1
54371;G. Smither;GK;56;57;1
54378;S. Langås;CB;70;71;1
54383;J. Escobar;DMF;67;68;1
54385;A. Bravo;CB;62;63;1
54397;R. Schunke;CB;69;70;1
5440;M. Borriello;CF;59;60;1
54400;M. Fernández;RB;68;69;1
54416;Omar Mascarell;DMF;74;75;1
54417;I. Schmitz;GK;55;56;1
54423;J. Hauge;LMF;75;76;1
54424;T. Aasgaard;AMF;70;71;1
54429;J. Patiño;LB;64;65;1
54436;E. Tavares;LMF;71;72;1
54440;S. Al-Nasser;LB;63;64;1
54442;W. Lugo;AMF;66;67;1
54446;M. Navarro;LB;69;70;1
54447;Y. Belammari;LB;72;73;1
54660;O. Mujcin;CB;71;72;1
54672;L. Peel;GK;48;49;1
54673;Y. Zézé;GK;57;58;1
54674;S. Haqawi;CF;54;55;1
54680;Y. Quiñónez;LWF;66;67;1
54682;A. Mbodji;CF;57;58;1
54694;I. Mohamed;CB;61;62;1
54695;F. Miguel;LB;68;69;1
54699;R. Chaves;RMF;65;66;1
54700;C. Puerta;AMF;73;74;1
54705;E. Hatfout;GK;62;63;1
54708;T. Eyoum;CB;67;68;1
54709;H. Voyer;CB;67;68;1
54714;L. Buadés;RB;70;71;1
54715;R. Bamba;RB;65;66;1
54717;A. Lauray;DMF;66;67;1
54719;A. Bourabaa;CMF;65;66;1
54720;E. Quarshie;CMF;67;68;1
54723;K. Alajbegović;LWF;70;71;1
54724;I. Šunjić;DMF;67;68;1
54728;N. Goehr;GK;56;57;1
54730;A. Dallape;CB;62;63;1
54732;Allan;DMF;71;72;1
54736;J. Mott;AMF;73;74;1
54739;G. Maddock;GK;56;57;1
54762;H. Neville;GK;55;56;1
54769;Q. Mcguigan;DMF;72;73;1
54773;L. Horton;CF;68;69;1
54774;P. Cabral;GK;55;56;1
54781;A. Mcclair;LMF;71;72;1
54785;L. Goodall;GK;56;57;1
54788;P. Fakhoury;RB;69;70;1
54790;A. Salah-Eddine;LB;74;75;1
54795;Z. El Ouahdi;RB;77;78;1
54817;M. Durmus;AMF;55;56;1
54818;A. Kordic;LWF;60;61;1
54820;I. Alba;RB;67;68;1
54825;B. Duarte;RB;59;60;1
54828;A. Terrazas;AMF;66;67;1
54831;J. Kimble;GK;51;52;1
54837;M. Alonso;LMF;65;66;1
54838;E. Monteiro;CF;62;63;1
54840;B. Castro;RWF;66;67;1
54848;B. Tamayo;CB;65;66;1
54851;L. Soza;RB;63;64;1
54855;D. Escobar;RB;65;66;1
54858;C. Cuevas;LMF;70;71;1
54859;F. Zampedri;CF;75;76;1
54882;E. Shockley;DMF;71;72;1
54887;M. Donald;GK;56;57;1
54888;S. Pettinger;CB;67;68;1
54890;A. Tempah;RB;70;71;1
54893;R. Emery;RMF;72;73;1
54897;Qiping Zhao;RB;73;74;1
5490;A. Gamberini;CB;59;60;1
54909;Kaixiang Jia;RB;70;71;1
54918;Wongyu Seong;CB;71;72;1
54922;Jinmo Mun;CMF;73;74;1
54927;Taedong Jeom;GK;56;57;1
54930;Jaemi Su;RB;68;69;1
54932;Cheolsun Gong;LMF;72;73;1
54936;Sangtaek Heung;GK;55;56;1
54938;Donghun Gae;CB;69;70;1
54939;Nogeuk Jeong;RB;68;69;1
54946;Wonho Ban;CF;67;68;1
54949;Yeongmin Gu;LB;69;70;1
54952;Hyeonyun Yeo;RMF;69;70;1
54957;M. Farjeon;CB;70;71;1
54959;G. Dowdeswell;RB;68;69;1
54960;M. Downer;LMF;71;72;1
54963;A. Acheson;RMF;72;73;1
54967;E. Macdowel;GK;57;58;1
54973;K. Twining;LWF;71;72;1
54977;C. Thirlwell;CB;70;71;1
54978;A. Bryce;CB;72;73;1
54979;R. Keynes;RMF;72;73;1
54987;G. Willoughby;GK;55;56;1
54990;U. Laycock;LB;71;72;1
54991;O. Linton;DMF;73;74;1
54993;T. Hayes;RMF;73;74;1
54997;J. Ekram;CB;72;73;1
54999;H. Fahd;RB;73;74;1
55008;J. Barkatullah;CB;70;71;1
55009;W. al Muqsit;RB;69;70;1
55010;M. Zafar;LB;72;73;1
55016;S. Bakor;GK;55;56;1
55018;H. Barkat Ali;CB;69;70;1
55029;J. Nasser;RB;69;70;1
5503;S. García;SS;60;61;1
55032;T. Ghanem;AMF;73;74;1
55036;A. Wajdi;GK;55;56;1
55038;A. Al-Amri;CB;72;73;1
55039;A. Fariq;RB;70;71;1
55040;J. Abdel;RB;72;73;1
55041;F. Zayd;DMF;77;78;1
55044;R. Andrade;CMF;72;73;1
55045;A. Al-Hassan;DMF;65;66;1
55048;J. Naguib;CB;68;69;1
55050;N. Hadi;RB;68;69;1
55057;S. al Aziz;CB;71;72;1
55060;M. Talib;RB;73;74;1
55072;J. Zakariya;RMF;69;70;1
55078;T. Yasin;CB;71;72;1
55088;J. Abdul Zahir;CB;68;69;1
55090;J. Baghel;LB;69;70;1
55107;T. Cudworth;GK;55;56;1
55110;M. Dorigo;RB;73;74;1
55111;S. Cahill;CMF;72;73;1
55128;B. Castrillón;LWF;69;70;1
55144;B. Mcdowell;LMF;71;72;1
55147;A. Walpole;CF;69;70;1
55152;T. Mogi;GK;55;56;1
55153;T. Oiwa;CB;70;71;1
55158;A. Enomoto;RB;68;69;1
55159;H. Nimura;LMF;71;72;1
55160;H. Yanagi;RMF;72;73;1
55163;Y. Takamatsu;GK;55;56;1
55169;K. Gojo;LWF;71;72;1
55245;F. Erikson;CB;62;63;1
55256;D. Mayor;GK;54;55;1
55271;A. Hervey;CF;65;66;1
55273;E. Gois;CB;62;63;1
55284;K. Oreja;GK;54;55;1
55299;G. Corte Real;CF;65;66;1
55305;Nouhei;CB;58;59;1
55306;Djaumorac;CB;57;58;1
55314;Bixelkoven;CF;61;62;1
55324;Filtaozinho;LB;64;65;1
55330;Ezumarera;CF;55;56;1
55331;Rundqvarom;GK;52;53;1
55335;Wroughllen;CF;64;65;1
55337;Bezquerangua;CB;58;59;1
55338;Wartelcao;CB;57;58;1
55346;Jarquemillo;CF;61;62;1
55356;Tarjedia;LB;64;65;1
55362;Zovagarate;CF;55;56;1
55363;Arrezquejo;GK;52;53;1
55367;Zatornilla;CF;64;65;1
5538;J. Pinola;CB;58;59;1
55401;M. Cicek;CB;71;72;1
55403;P. Lucienbonnet;RB;77;78;1
55407;H. van Vliet;AMF;73;74;1
55412;D. Montenegro;RB;57;58;1
55414;E. Hitzfeld;CB;65;66;1
55415;M. Amo;RB;71;72;1
55418;U. Bayram;RMF;70;71;1
55419;P. Carpintero;RMF;71;72;1
55431;A. Lear;AMF;73;74;1
55432;J. Meza;LWF;67;68;1
55434;J. Glenn;GK;55;56;1
55441;D. García;LMF;72;73;1
55445;K. Deech;CF;73;74;1
55522;M. Torres;CF;65;66;1
55524;L. Vidal;RB;72;73;1
55535;G. Maureira;GK;65;66;1
55537;F. Borrell;LB;73;74;1
55541;S. Mustafá;GK;63;64;1
55645;L. Barrera;CMF;63;64;1
55648;A. Olmeda;LB;71;72;1
55650;S. Morales;CMF;57;58;1
55665;C. Vasco;CF;73;74;1
55698;B. de Quintana;LB;73;74;1
55708;M. Puerta;RB;67;68;1
55713;C. Salgado;CB;56;57;1
55722;J. Mosquera;LB;62;63;1
55724;A. Gutiérrez;RB;68;69;1
55726;B. Lima;AMF;73;74;1
55730;A. Quintana;GK;71;72;1
55733;C. Henao;CB;68;69;1
55735;L. Flores;DMF;68;69;1
55740;E. Wiemberg;LB;65;66;1
55745;Dedé;CB;71;72;1
55752;Gabo Moreti;AMF;77;78;1
55753;Ricky Flores;CF;70;71;1
55754;Lorenzo Guevara;CF;76;77;1
55759;E. Vaca;LB;63;64;1
55764;Arturo Garrido;SS;70;71;1
55766;Felipe Aragón;CF;72;73;1
55767;T. Correa;RB;71;72;1
55779;M. Estrada;CF;68;69;1
55786;A. Alvarado;LWF;67;68;1
55793;A. Castelo;CF;71;72;1
55810;M. Pernía;LB;68;69;1
55821;H. Sanches;CB;68;69;1
55823;G. Domingues;LB;71;72;1
55833;F. Mesías;GK;57;58;1
55835;J. Cornejo;LB;69;70;1
55844;L. Marquinez;GK;66;67;1
55845;S. García;CB;68;69;1
55849;C. Riquelme;LB;63;64;1
55850;V. Aguiar;RB;73;74;1
55853;S. Mendes;RWF;71;72;1
55857;W. Tesillo;CB;73;74;1
55860;P. Lavandeira;CMF;66;67;1
55861;Á. Correa;RMF;72;73;1
55863;M. Fernández;RWF;63;64;1
55867;C. Ebere;CF;68;69;1
55898;O. Lazaro;LB;69;70;1
55899;A. Balzola;RB;72;73;1
55904;A. Vellisca;CF;70;71;1
55907;S. Valencia;LB;69;70;1
55911;D. Quintero;SS;70;71;1
55946;M. Caicedo;CB;62;63;1
55949;Y. Candelo;RB;70;71;1
55950;M. Castillo;LMF;65;66;1
55952;E. Peralta;SS;62;63;1
55953;C. Barrios;RWF;71;72;1
55954;L. Ramos;CF;69;70;1
55963;F. Gulli;AMF;66;67;1
55967;A. Mosquera;CB;68;69;1
55968;M. Gomes;DMF;62;63;1
55970;M. Rea;CB;68;69;1
55978;D. Ordóñez;CB;55;56;1
55981;C. Zavala;RWF;70;71;1
55985;N. Giraldo;LB;66;67;1
55986;G. Nápoli;CMF;71;72;1
55991;Y. Perlaza;RB;62;63;1
56029;Léo Pereira;CB;79;80;1
5603;D. Gastaldello;CB;59;60;1
56031;K. Pérez;RWF;68;69;1
56034;A. Salazar;LB;65;66;1
56036;S. Martín;RB;60;61;1
56043;J. Zapata;CMF;69;70;1
56045;C. Izquierdoz;CB;73;74;1
56046;A. Araque;GK;65;66;1
56050;M. Rabuñal;DMF;70;71;1
56054;S. Lomónaco;CF;65;66;1
56057;A. Eizaguirre;CB;70;71;1
56065;D. Díaz;CMF;63;64;1
56094;D. Malatz;GK;55;56;1
56096;K. de Blas;CB;67;68;1
56097;V. Fascendini;CB;66;67;1
56098;S. Mudarra;LMF;70;71;1
56105;L. Garzón;GK;64;65;1
56106;G. Campina;GK;56;57;1
56108;J. Calleja;CB;71;72;1
56120;N. Fernández;RB;64;65;1
56131;T. Martínez;AMF;66;67;1
56133;A. Díaz;LB;64;65;1
56149;M. Al-Yami;GK;60;61;1
56150;D. Tonetto;CMF;66;67;1
56153;L. Di Placido;RB;70;71;1
56157;T. Ostchega;LB;67;68;1
56160;J. Loaenzo;RB;69;70;1
56167;N. Sibisi;CB;68;69;1
56172;A. Barrionuevo;CB;67;68;1
56183;N. Fagioli;CMF;75;76;1
56218;C. Encinas;LB;71;72;1
56219;J. Meléndez;RWF;56;57;1
56233;J. Morientes;LMF;70;71;1
56235;H. Rodallega;CF;73;74;1
56239;M. Vargas;GK;66;67;1
56241;A. Calderón;GK;61;62;1
56243;P. Reyna;LB;65;66;1
56252;C. Inga;LB;68;69;1
56255;J. Colmán;LMF;65;66;1
56263;L. Monzón;CB;66;67;1
56290;S. Baghel;CB;62;63;1
56301;T. Ellison;GK;54;55;1
56316;Z. Styne;CF;65;66;1
57049;Ali Adnan;LB;71;72;1
57094;Noé Carrillo;CMF;62;63;1
57132;Z. Bergdich;LWF;68;69;1
57156;L. Cardozo;CB;57;58;1
57191;M. Jones;GK;68;69;1
57206;M. Sourzac;GK;59;60;1
57207;L. Kurzawa;LB;63;64;1
57217;Verdés;CB;68;69;1
57222;Xumetra;LWF;68;69;1
57224;C. Paz;CB;65;66;1
57243;André Claro;LWF;72;73;1
57249;S. Ebonog;CMF;70;71;1
57254;A. Trebel;CMF;76;77;1
57264;B. Sankoh;RB;70;71;1
57267;R. Alioui;CF;69;70;1
57269;Aitor;LMF;71;72;1
57275;W. Droste;RB;73;74;1
57280;Khellven;RB;71;72;1
57292;L. Mpasi;GK;72;73;1
57312;A. Baba;LB;74;75;1
57316;A. Aleksandrov;CB;64;65;1
57330;R. Jiménez;CF;77;78;1
57331;M. Grüll;LWF;72;73;1
57335;Y. Guzmán;AMF;70;71;1
57353;Carvajal;RB;83;84;1
57410;P. Albornoz;GK;58;59;1
57423;Adryan;AMF;71;72;1
57431;William Matheus;LB;73;74;1
57452;A. Mies;GK;57;58;1
57455;M. Bormann;CB;73;74;1
57456;J. Bacchus;RB;70;71;1
57464;K. Richartz;GK;52;53;1
57473;Jeremy;RWF;65;66;1
57474;J. Porozo;CB;72;73;1
57629;K. Coxon;RB;69;70;1
57633;K. Ouattara;LB;71;72;1
57642;M. Greenwood;RWF;82;83;1
57645;Y. Rivas;RWF;62;63;1
57646;M. Salisu;CB;75;76;1
57653;M. Villarroel;CMF;65;66;1
57659;J. Carragher;GK;56;57;1
57662;U. Kapp;RB;73;74;1
57671;N. Hooke;GK;54;55;1
57675;E. Garfield;LB;70;71;1
57732;C. Lucumí;CF;64;65;1
57736;Y. Suárez;LB;70;71;1
57741;A. Estupiñán;CF;69;70;1
57746;P. Ortiz;CB;62;63;1
57748;K. Balanta;CB;70;71;1
57750;F. Balogun;CF;79;80;1
57898;T. Palacios;AMF;75;76;1
57901;E. Tortolero;LWF;67;68;1
57905;K. Aktürkoğlu;LWF;78;79;1
57914;J. Vélez;AMF;68;69;1
57921;M. Quintana;RB;70;71;1
57928;A. Uranga;CB;68;69;1
57929;L. Fioravanti;DMF;64;65;1
57930;E. Larrosa;CF;67;68;1
57933;G. Ascoato;AMF;73;74;1
57940;J. Morel;DMF;69;70;1
57943;W. Viera;CMF;65;66;1
57946;E. Stroud;LWF;73;74;1
57951;L. Vásquez;GK;65;66;1
57952;G. Nilsson;CF;72;73;1
57954;A. Fariña;AMF;64;65;1
57965;K. Tapies;RB;73;74;1
57969;D. Rubio;AMF;73;74;1
57970;Z. Savall;CF;73;74;1
57971;J. de Paula;AMF;82;83;1
57972;J. Lafuente;CF;72;73;1
57976;J. Fogues;CB;66;67;1
57977;N. Durán;GK;57;58;1
57978;K. Jorge;CF;76;77;1
57992;I. Ramírez;CF;67;68;1
57994;R. Tato;RMF;73;74;1
57999;L. Sandoval;CF;69;70;1
58015;N. Sajid;DMF;73;74;1
58017;G. Melino;AMF;77;78;1
58036;G. Andion;RB;72;73;1
58039;K. Owlett;DMF;73;74;1
58040;A. Soutollo;RMF;72;73;1
58052;G. Bardsley;RMF;69;70;1
58054;X. de Sarasate;CF;67;68;1
58060;J. Millán;CB;72;73;1
58067;A. Darisi;LWF;56;57;1
58068;C. de Elhuyar;CF;73;74;1
58074;A. Obradors;LB;73;74;1
58075;M. Pereyra;AMF;68;69;1
58079;L. Villalba;RWF;70;71;1
58086;S. Eizaguirre;LB;70;71;1
58089;J. Tortolero;RMF;69;70;1
58090;C. Gabilondo;AMF;71;72;1
58091;R. Fernández;LB;67;68;1
58094;J. López;GK;56;57;1
58095;J. Noguerol;RB;68;69;1
58096;C. López;LB;57;58;1
58106;Y. Del Valle;AMF;57;58;1
58109;E. Ashour;CMF;74;75;1
58117;L. Červ;CMF;73;74;1
58119;V. Anaya;CB;69;70;1
58127;N. Freire;CB;67;68;1
58131;M. Suárez;CB;64;65;1
58138;D. Arbos;RMF;71;72;1
58139;F. Vicioso;AMF;73;74;1
58143;C. Inao Oulaï;CMF;71;72;1
58147;E. Martínez;DMF;72;73;1
58151;M. Sor;AMF;70;71;1
58156;E. Godoy;CMF;56;57;1
58157;R. Saravia;DMF;67;68;1
58164;D. Vergara;LWF;71;72;1
58167;J. Angulo;CB;68;69;1
58170;H. Dari;RB;71;72;1
58172;Kauã Prates;LB;66;67;1
58178;Y. Cumaná;LMF;64;65;1
58181;P. Garrido;GK;60;61;1
58182;J. Adrover;CB;71;72;1
58190;P. Llull;AMF;73;74;1
58209;T. Rodríguez;LB;66;67;1
58211;N. Herrera;CB;70;71;1
58215;Á. Marchese;LB;61;62;1
58217;I. Gariglio;CB;64;65;1
58219;L. Paz;RB;62;63;1
58224;J. Zapata;SS;70;71;1
58227;J. Méndez;CB;70;71;1
58229;Y. Hurtado;RB;69;70;1
58233;C. Oreja;LB;70;71;1
58251;A. Chalá;LB;65;66;1
58261;J. Velásquez;CF;65;66;1
58267;A. Cazals;RB;70;71;1
58273;P. Rodríguez;LWF;69;70;1
58283;R. Luna;LB;73;74;1
58293;R. Rodrigues;AMF;65;66;1
58305;J. Candia;CF;68;69;1
58314;H. Sochůrek;CMF;62;63;1
58318;H. Cota;LB;71;72;1
58328;T. Munne;RB;72;73;1
58330;H. Martínez;CMF;65;66;1
58333;M. Müldür;RB;73;74;1
58353;C. Yucra;CMF;55;56;1
58358;G. Henley;CF;73;74;1
58359;D. Douděra;RMF;72;73;1
58361;E. Gularte;CB;70;71;1
58363;A. Cruz;LMF;68;69;1
58399;E. Sánchez;CMF;65;66;1
58401;J. Herrera;CMF;64;65;1
58408;M. Di Benedetto;CB;69;70;1
58414;R. Vargas;SS;66;67;1
58415;V. Balcazar;LMF;69;70;1
58501;T. Sainsbury;CB;56;57;1
58597;M. Żyro;RWF;68;69;1
58616;Ş. Özbayrakli;RB;77;78;1
58640;E. Zukanović;CB;58;59;1
58648;K. Kusk;RMF;73;74;1
58684;Guilherme Costa;AMF;67;68;1
58690;Nino Paraíba;RB;75;76;1
58691;Gabriel P.;CB;76;77;1
58712;Egídio;LB;73;74;1
58720;C. Kelleher;GK;79;80;1
58744;Pedrão;CB;73;74;1
58759;Gabi;CF;75;76;1
58813;César;CB;68;69;1
58830;M. Solomon;LWF;75;76;1
58834;Rafa Marín;CB;75;76;1
58839;J. Giménez;CB;81;82;1
58840;Morales;CF;72;73;1
58843;Alberto Moreno;LB;74;75;1
58845;S. Mitrović;CB;72;73;1
58847;Gustavo Martins;CB;70;71;1
59142;P. Soteriou;CF;73;74;1
59178;L. Cabrera;DMF;63;64;1
59188;W. Alarcón;CMF;67;68;1
59233;J. Meli;LB;66;67;1
59249;M. García;LMF;66;67;1
59251;J. Fuentes;CMF;71;72;1
59292;J. Muñoz;LWF;68;69;1
59298;J. Cisternas;CMF;66;67;1
59355;A. Contreras;CB;71;72;1
59393;J. Pérez;AMF;66;67;1
59407;Ó. Opazo;RB;65;66;1
59419;G. Guiffrey;CB;66;67;1
59421;S. González;AMF;68;69;1
59435;J. Ortiz;LB;71;72;1
59454;Rafael;GK;74;75;1
59465;F. Ceccherini;CB;70;71;1
59470;S. Salviato;RB;66;67;1
59474;Dudu;RB;67;68;1
59480;K. Laribi;CMF;69;70;1
59501;I. Hajrović;RMF;74;75;1
59547;P. Højbjerg;DMF;79;80;1
59548;K. Ayhan;CB;72;73;1
59603;K. Ebecilio;CMF;72;73;1
59616;A. Noppert;GK;62;63;1
59632;A. Trajkovski;LWF;71;72;1
59639;F. Gounongbe;CF;68;69;1
59709;K. Linetty;CMF;58;59;1
59717;Ł. Teodorczyk;CF;78;79;1
59734;D. Einbinder;CMF;65;66;1
59755;Í. Jóhannesson;CMF;73;74;1
59757;S. Sazonov;CB;72;73;1
59758;J. Mason;CF;68;69;1
59771;J. Ralls;CMF;67;68;1
59779;S. Soumano;CF;71;72;1
59782;N. Seiwald;DMF;80;81;1
59783;Mario Martín;DMF;73;74;1
59786;K. McAteer;RMF;70;71;1
59793;T. Fletcher;CMF;64;65;1
59800;Y. Niang;RWF;61;62;1
59806;C. Mbemba;CB;74;75;1
59816;D. Diamantakos;CF;71;72;1
59832;J. Delaplace;CMF;74;75;1
59834;S. Falette;CB;75;76;1
59835;R. Guerreiro;LB;78;79;1
59838;N. Fekir;SS;65;66;1
59839;M. Tamari;RWF;76;77;1
59841;K. Imeri;LMF;68;69;1
59887;A. Emaná;AMF;54;55;1
59918;A. Eshchenko;RB;75;76;1
59927;F. Caicedo;CF;67;68;1
59933;M. Moroziuk;RB;76;77;1
59944;L. Traoré;CF;57;58;1
59949;C. Zambrano;CB;71;72;1
59965;O. Norwood;CMF;55;56;1
59966;A. Abqar;CB;73;74;1
59973;J. Durmaz;LMF;76;77;1
59985;M. Gavranović;CF;72;73;1
59991;M. Eikrem;CMF;71;72;1
59994;F. Pogba;CB;73;74;1
60000;D. Laxalt;LB;70;71;1
60020;J. Sacks;RB;62;63;1
60035;F. Fattori;DMF;76;77;1
60036;A. Sant'Anna;RB;70;71;1
60039;G. Reyna;AMF;72;73;1
60057;J. Schunke;CB;74;75;1
60061;J. Silva;LB;73;74;1
60070;L. Diarte;LB;67;68;1
60096;G. Benavídez;RB;72;73;1
60098;S. Martínez;CB;67;68;1
60112;A. El Ouazzani;CF;71;72;1
60127;J. Garro;CF;73;74;1
60132;F. Angileri;LB;71;72;1
60134;F. Zuqui;CMF;70;71;1
60170;G. Verón;RWF;72;73;1
60172;E. Ellacopulos;LMF;68;69;1
60175;Gabreil Brazão;GK;75;76;1
60198;G. Herrera;GK;75;76;1
60199;F. Álvarez;LB;65;66;1
60200;N. Ferreyra;CB;61;62;1
60204;S. Solari;RWF;72;73;1
60213;M. Duarte;AMF;64;65;1
60236;Gabriel Grando;GK;67;68;1
60241;R. De Paul;CMF;82;83;1
60243;J. Gómez;RB;58;59;1
60247;M. Pinto;LB;71;72;1
60249;J. Valdez;CMF;73;74;1
60254;N. Pasquini;LB;67;68;1
60263;E. Álvarez;CB;73;74;1
60265;A. Solari;RMF;67;68;1
60266;Benassi;GK;58;59;1
60267;N. Pantaleone;LB;68;69;1
60292;F. Oreja;RB;73;74;1
60308;M. Meza;RMF;72;73;1
60312;F. Pereyra;SS;73;74;1
60321;Sánchez Sotelo;CF;73;74;1
60323;N. Champagne;GK;72;73;1
60337;L. Gil;CMF;72;73;1
60345;C. Mafla;LB;70;71;1
60365;R. Delgado;LB;69;70;1
60373;M. Coronel;CF;72;73;1
60375;D. Fernández;CF;55;56;1
60382;O. Ben Harush;LB;71;72;1
60385;A. Pantić;CB;72;73;1
60424;J. Mojica;LB;75;76;1
60433;T. Vincensini;GK;61;62;1
60462;B. Reynolds;RB;73;74;1
60465;D. Baselli;CMF;77;78;1
60468;T. Suslov;AMF;71;72;1
60476;K. Adorján;AMF;65;66;1
60486;J. Brenet;RB;60;61;1
60489;J. Haberer;CMF;72;73;1
60503;M. Fornasier;CB;68;69;1
60505;J. Rodríguez;RB;71;72;1
60512;Bruno Fernandes;AMF;88;89;1
60521;J. Ibe;RWF;57;58;1
60526;N. Mohr;LMF;60;61;1
60529;Sergi Darder;CMF;77;78;1
60537;L. Sinisterra;LWF;72;73;1
60548;J. Amavi;LB;56;57;1
60551;J. Murillo;CB;62;63;1
60580;C. Rodríguez;RB;68;69;1
60581;E. Beltrán;RB;64;65;1
60587;O. Giménez;AMF;62;63;1
60592;R. Paunero;LB;60;61;1
60622;M. Braithwaite;CF;74;75;1
60633;A. Sández;LB;72;73;1
60646;C. Brackelmann;CB;70;71;1
60650;F. Perruzzi;CMF;64;65;1
60663;J. Palomino;CB;71;72;1
60665;R. Giles;LB;71;72;1
60683;M. Tissera;CF;68;69;1
60687;R. Battaglia;DMF;73;74;1
60696;A. Rodríguez;LB;70;71;1
60703;G. Piovi;LB;74;75;1
60704;E. Copetti;CF;71;72;1
60706;Lucas Arcanjo;GK;74;75;1
60715;F. Dutari;CB;65;66;1
60732;I. Balliu;RB;73;74;1
60735;Rafael Martins;CF;71;72;1
60736;Miguel Lázaro;GK;61;62;1
60739;Pedro Tiba;CMF;71;72;1
60753;Abner Vinícius;LB;75;76;1
60765;D. Morales;AMF;73;74;1
60817;D. Valdés;AMF;74;75;1
60841;I. Bel Hassani;AMF;71;72;1
60847;J. Seri;CMF;68;69;1
60856;M. Koné;CB;65;66;1
60873;Sadick;CB;74;75;1
60881;I. Cossier;CB;65;66;1
60902;T. Pellenard;LB;67;68;1
60924;R. Thomas;CMF;65;66;1
60930;A. Avlonitis;CB;72;73;1
60959;D. Da Costa;CB;74;75;1
60980;Dani Calvo;CB;71;72;1
60991;Rafael Amorim;CB;69;70;1
61000;Á. Arce;CF;75;76;1
61004;S. Gianini;CB;58;59;1
61007;C. Salom;CF;71;72;1
61011;F. Valdéz;LWF;55;56;1
61031;M. Fernández;CF;77;78;1
61034;M. Ducksch;CF;73;74;1
61039;M. Pérez Acuña;RB;68;69;1
61051;J. Gadou;CB;67;68;1
61056;Diego Llorente;CB;78;79;1
61057;José Rodríguez;CMF;73;74;1
61058;Gayá;LB;76;77;1
61088;G. Guerrieri;GK;62;63;1
61098;L. Di Placido;RB;74;75;1
61117;F. Escobar;LB;68;69;1
61118;F. Fydriszewski;CF;72;73;1
61126;G. Campi;CB;65;66;1
61137;S. Rincón;CF;71;72;1
61143;Matías Nahuel;LMF;69;70;1
61145;Aarón Escandell;GK;77;78;1
61150;A. Kawaya;LWF;65;66;1
61171;J. Quiñones;CF;80;81;1
61175;T. Ince;RWF;58;59;1
61183;N. Bentaleb;DMF;76;77;1
61211;Nathan;LWF;57;58;1
61228;A. Cossío;LB;70;71;1
61230;F. Mastantuono;RWF;76;77;1
61401;G. Gambetta;CB;71;72;1
61406;Batista Meier;LWF;69;70;1
61426;Nico Paz;AMF;83;84;1
61459;D. Bocanegra;CB;70;71;1
61492;S. Mendoza;LWF;72;73;1
61577;C. Cáceda;GK;70;71;1
61582;I. Bulos;CF;66;67;1
61619;G. Cortez;AMF;71;72;1
61622;Julio Angulo;RWF;73;74;1
61629;A. Mina;CB;57;58;1
61637;J. Murillo;LWF;70;71;1
61673;P. Lasogga;CF;57;58;1
61682;E. Durm;RB;59;60;1
61720;M. Pašalić;CMF;78;79;1
61723;F. Bagnack;CB;62;63;1
61726;N. Karelis;CF;74;75;1
6249;G. Samaras;CF;52;53;1
63044;L. Mathis;DMF;71;72;1
63069;D. Maietta;CB;74;75;1
63088;L. Philipp;GK;67;68;1
63096;T. Giresse;LWF;71;72;1
63106;S. Angori;LMF;70;71;1
63144;Paulinho;SS;73;74;1
63152;S. Studer;CB;73;74;1
63187;F. Piotti;GK;57;58;1
63191;Aaron Níguez;LWF;73;74;1
63193;Fran Mérida;CMF;70;71;1
63218;João Cruz;CMF;66;67;1
63237;S. Nijland;CF;70;71;1
63242;B. Sarmiento;LWF;73;74;1
63266;N. Dirar;RMF;74;75;1
63293;Ferran Jutglà;RWF;74;75;1
63313;Van der Linden;CB;70;71;1
63314;I. Pillud;RB;67;68;1
63321;F. Dionisi;CF;73;74;1
63326;Dani Pacheco;LWF;72;73;1
63334;A. Jung;CB;69;70;1
63344;S. Núñez;CB;74;75;1
63351;F. Meneses;RMF;69;70;1
63370;Hugo Rincón;RB;74;75;1
63372;Victor Luís;LB;65;66;1
63382;G. Bernardeau;AMF;66;67;1
63384;S. Laner;CMF;65;66;1
63386;G. Calò;DMF;72;73;1
63396;T. Payne;RB;62;63;1
63399;David López;CB;73;74;1
63411;D. Conca;AMF;61;62;1
63414;G. Kobel;GK;86;87;1
63426;D. Pintér;LWF;58;59;1
63427;T. Ben Chaim;LWF;69;70;1
63430;F. Rodríguez;CB;73;74;1
63451;M. Pigliacelli;GK;65;66;1
63467;P. Dummett;LB;55;56;1
63475;D. Barbosa;LB;65;66;1
63495;Otávio;CMF;80;81;1
63499;Jomar;CB;68;69;1
63500;R. Calafiori;LB;81;82;1
63505;J. Ricardo;GK;73;74;1
63509;Talisca;AMF;62;63;1
63530;S. Saja;GK;68;69;1
63533;K. Stöger;AMF;73;74;1
63543;G. Aldegani;GK;61;62;1
63546;D. Hancko;CB;82;83;1
63585;A. Leguizamón;CB;67;68;1
63593;M. Eramo;CMF;65;66;1
63624;Konstantelias;AMF;78;79;1
63625;N. Barazite;AMF;73;74;1
63627;Q. Timber;CMF;78;79;1
63637;N. Canales;CF;68;69;1
63641;T. Kupisz;RWF;69;70;1
63646;Diogo Viana;RWF;71;72;1
63649;E. Dinkçi;RWF;72;73;1
63662;M. Carrasco;LWF;73;74;1
63667;C. Biraghi;LB;74;75;1
63684;A. Turan;LB;69;70;1
63695;K. Ramirez;LWF;64;65;1
63696;Rúben Vezo;CB;72;73;1
63702;Gilberto;RB;71;72;1
63706;Daniel Bessa;CMF;75;76;1
63734;C. Molinaro;LB;75;76;1
63763;S. Bender;CB;61;62;1
63807;S. García;CF;73;74;1
63837;A. Guerra;AMF;70;71;1
64750;A. Mooy;CMF;61;62;1
6480;A. Baroja;GK;71;72;1
65065;Matheus Donelli;GK;66;67;1
65079;A. Zoukrou;LB;57;58;1
65142;D. González;LWF;70;71;1
65265;P. Sander;DMF;74;75;1
65281;B. Sánchez;AMF;67;68;1
65283;M. Olivera;LB;69;70;1
65320;A. Figuera;DMF;68;69;1
6633;R. Palladino;LWF;57;58;1
6693;G. Pandev;SS;57;58;1
6976;R. Gíslason;RMF;69;70;1
7030;M. Silvestre;CB;76;77;1
7045;C. Mouzakitis;CMF;72;73;1
7199;G. O'Neil;CMF;69;70;1
7303;Gabi;CMF;65;66;1
7357;Rafa;CB;68;69;1
7434;Cani;AMF;70;71;1
7435;L. Ponzio;DMF;62;63;1
7484;Ramis;CB;75;76;1
7507;Juanfran;RB;64;65;1
7750;F. Signorino;LB;73;74;1
7817;J. Mathieu;CB;61;62;1
7823;André Silva;CF;71;72;1
7857;P. Pagis;LWF;75;76;1
7873;Y. Fofana;DMF;79;80;1
7877;N.maurice-Belay;LWF;73;74;1
8070;M. el Hamdaoui;CF;56;57;1
8310;Javi Fuego;DMF;58;59;1
8374;I. Uche;CF;54;55;1
8377;Manu del Moral;LWF;53;54;1
8572;S. Roudet;AMF;71;72;1
8671;I. Bouneb;AMF;63;64;1
8770;Pedro Cobra;GK;60;61;1
8846;E. Simms;CF;70;71;1
9039;S. Andersen;GK;67;68;1
9041;J. Herrando;CB;73;74;1
9047;Rodrigo Defendi;CB;67;68;1
9087;X. Schlager;CMF;77;78;1
9152;G. Fernández;AMF;73;74;1
9185;M. Sow;CF;77;78;1
9214;Pedro López;RB;70;71;1
9284;M. Zambelli;RB;70;71;1
9332;W. Rivera;CF;58;59;1
9376;Arbeloa;RB;55;56;1
9379;L. Chevalier;GK;79;80;1
9416;H. Leite;GK;71;72;1
9564;D. Barreto;GK;72;73;1
9602;J. Djourou;CB;59;60;1
100013;C. Protesoni;DMF;74;73;-1
100022;N. Lella;CMF;67;66;-1
100043;R. Borzone;GK;65;64;-1
100080;H. Abaida;RWF;64;63;-1
100096;E. Suagher;CB;72;71;-1
100120;Romarinho;RMF;67;66;-1
100126;J. Ceka;RWF;78;77;-1
100132;M. Dituro;GK;77;76;-1
100142;M. Pimpong;CF;65;64;-1
100171;A. Masi;CB;64;63;-1
100183;Sandaza;CF;71;70;-1
100184;Molinero;RB;73;72;-1
100187;E. İsrafilov;CMF;68;67;-1
100190;Alexsander;DMF;72;71;-1
100206;José Carrillo;CF;68;67;-1
100234;C. Ankergren;GK;66;65;-1
100254;Bruno Saltor;RB;73;72;-1
100265;Gabriel Mec;AMF;65;64;-1
100285;D. Boloca;DMF;73;72;-1
100300;F. Concas;RMF;68;67;-1
100303;Y. Ramadani;DMF;71;70;-1
100350;Dani García;CMF;78;77;-1
100363;Carpio;RB;71;70;-1
100389;Eloi Amagat;AMF;71;70;-1
100400;T. Mings;CB;78;77;-1
100403;P. Reulet;GK;71;70;-1
100419;A. Gerbo;CMF;62;61;-1
100421;Oriol Rey;DMF;74;73;-1
100424;Y. Cisotti;LWF;64;63;-1
100456;P. Valdivia;CMF;70;69;-1
100463;João Silva;CF;68;67;-1
100471;W. Jidayi;CB;68;67;-1
100472;L. Pérez;CF;68;67;-1
100479;M. Đurić;CF;71;70;-1
100484;P. Golubović;RB;65;64;-1
100487;F. Lazzari;LWF;61;60;-1
100499;Y. Touzghar;CF;70;69;-1
100506;A. Fulignati;GK;73;72;-1
100509;Aljaž Struna;RB;71;70;-1
100514;Carlos Akapo;RB;67;66;-1
100516;T. Borbas;CF;71;70;-1
100549;Álex Barrera;AMF;69;68;-1
1006;O. Kahn;GK;79;78;-1
100604;G. Gaetano;DMF;75;74;-1
100611;Dinis Rodrigues;CF;59;58;-1
100614;R. Schiavi;CB;70;69;-1
100620;M. Politano;RWF;81;80;-1
100629;N. Vasilj;GK;79;78;-1
100664;Jesús Olmo;CB;67;66;-1
100668;Vicente Gómez;DMF;78;77;-1
100674;K. Djellabi;LB;68;67;-1
100681;N. Saliba;CMF;72;71;-1
100686;J. Babin;CB;74;73;-1
100691;Chema;CB;71;70;-1
100697;N. Gavory;LMF;61;60;-1
100698;T. Monconduit;CMF;61;60;-1
100703;S. Sawadogo;RWF;64;63;-1
100709;G. Defrel;CF;60;59;-1
100735;Moncayola;CMF;78;77;-1
100756;S. Pasa;CB;62;61;-1
100760;R. Fournier;CB;71;70;-1
100773;T. Boss;GK;65;64;-1
100775;A. Garita;CF;65;64;-1
100777;J. Bachmann;CMF;67;66;-1
100791;Javi Moyano;RB;74;73;-1
100792;Raúl Cámara;RB;72;71;-1
100800;Carlos Ruiz;CB;70;69;-1
100806;Iker Benito;RMF;72;71;-1
100808;Juanjo Expósito;CF;66;65;-1
100809;Ayoze;CF;81;80;-1
100810;L. Négo;RB;72;71;-1
100811;M. Jeannin;GK;66;65;-1
100822;P. Capelle;CMF;69;68;-1
100833;J. Nkololo;AMF;71;70;-1
100873;Estanis Pedrola;LWF;71;70;-1
100891;B.m.de Monaghan;RB;67;66;-1
100904;S. Boufal;LWF;75;74;-1
100922;Samuel Lino;LWF;79;78;-1
100930;A. Gómez;LWF;75;74;-1
100948;J. Gastien;CMF;70;69;-1
100955;C. Uche;CF;76;75;-1
100958;S. Koumbassa;CB;71;70;-1
100960;K. Azamoum;DMF;70;69;-1
100964;J. Cabot;RWF;76;75;-1
100969;M. Duhamel;CF;72;71;-1
100971;I. Pandur;GK;73;72;-1
100995;A. Armstrong;CF;70;69;-1
100999;Fran Vélez;CB;70;69;-1
101011;K. Mbabu;RB;72;71;-1
101015;Jordi Masip;GK;63;62;-1
101016;Ortolá;GK;59;58;-1
101028;A. Robertson;LB;81;80;-1
101037;C. David;AMF;64;63;-1
101047;D. James;RWF;76;75;-1
101071;Munir;CF;61;60;-1
101076;E. Martínez;GK;86;85;-1
101094;T. Çamdal;LB;67;66;-1
101110;A. Irving;CMF;73;72;-1
101111;M. Lowe;LB;67;66;-1
101114;D. Phillips;GK;67;66;-1
101118;Pedro Henrique;CB;71;70;-1
101120;Malcom;RWF;83;82;-1
101131;Guarrotxena;LWF;68;67;-1
101134;Hudson;DMF;74;73;-1
101192;M. Antonio;RWF;62;61;-1
101196;P. Olkowski;RB;69;68;-1
101205;J. Carrasso;GK;70;69;-1
101208;T. Didillon;GK;75;74;-1
101228;M. Doucouré;CB;62;61;-1
101229;M. N'Doye;DMF;66;65;-1
101231;D. Sakho;CF;60;59;-1
101234;M. Cornet;LWF;74;73;-1
101265;D. Randolph;GK;65;64;-1
101292;Y. Lienard;GK;66;65;-1
101306;R. Glatzel;CF;73;72;-1
101316;Morato;CB;76;75;-1
101321;C. Wilkinson;CF;65;64;-1
101342;C. Doucouré;DMF;77;76;-1
101356;D. Ings;CF;60;59;-1
101361;S. Arfield;LMF;76;75;-1
101398;J. Quiñónez;DMF;69;68;-1
101413;J. Kean;GK;63;62;-1
101422;Labeau Lascary;CF;74;73;-1
101448;G. Méndez;AMF;70;69;-1
101450;A. Martínez;DMF;67;66;-1
101490;A. Briançon;CB;70;69;-1
101493;A. Buksa;CF;72;71;-1
101499;K. Arroyo;RWF;74;73;-1
101523;J. Kankava;DMF;75;74;-1
101587;T. Lees;CB;76;75;-1
101644;H. Dalsgaard;RB;73;72;-1
101650;R. Thelander;CB;73;72;-1
101669;T. Craig;LB;67;66;-1
101685;André Simões;CMF;74;73;-1
101708;Fabiano;RB;70;69;-1
101736;S. Cook;CB;78;77;-1
101737;Jeffry Fortes;DMF;75;74;-1
101743;Alex Muralha;GK;68;67;-1
101752;J. Douglas;CMF;66;65;-1
101764;G. Saville;CMF;68;67;-1
101803;S. Wuytens;CMF;77;76;-1
101812;G. Vailati;GK;66;65;-1
101824;C. Barletta;RMF;71;70;-1
101827;C. de Reuver;CF;62;61;-1
101834;Tomás;GK;68;67;-1
101842;S. Slavchev;DMF;68;67;-1
101845;F. Helander;CB;73;72;-1
101849;Mohamed Elneny;DMF;62;61;-1
101850;M. Pitaluga;GK;62;61;-1
101872;E. Forsberg;LWF;66;65;-1
101890;A. Conti;RB;62;61;-1
101898;F. Mazzeo;SS;68;67;-1
101916;G. Fabiano;RWF;64;63;-1
101930;G. Statella;RMF;64;63;-1
101952;G. Luján;CB;69;68;-1
101953;J. Figal;CB;73;72;-1
101958;M. Ugarte;DMF;78;77;-1
101964;Orfila;CB;68;67;-1
101967;Arnau Ortiz;LWF;70;69;-1
101983;J. Blaswich;GK;75;74;-1
101989;J. Omlin;GK;74;73;-1
101999;David Concha;RWF;73;72;-1
102008;P. Gibaud;LB;64;63;-1
102021;J. Díaz;RWF;66;65;-1
102022;G. Vega;CMF;66;65;-1
102036;Raykkonen;CF;63;62;-1
102042;F. Frías;AMF;68;67;-1
102065;M. Collocolo;CMF;72;71;-1
102069;Lourenço;CMF;70;69;-1
102105;A. Abrashi;DMF;77;76;-1
102109;M. Dabbur;CF;75;74;-1
102121;Antoñito;RB;68;67;-1
102122;C. Rivieyran;RB;67;66;-1
102127;M. Larbi;AMF;74;73;-1
102128;F. Fabre;CMF;54;53;-1
102131;L. Poggi;DMF;70;69;-1
102143;F. Pinteaux;LB;64;63;-1
102211;J. Adéoti;CB;76;75;-1
102212;G. Kyeremeh;RMF;69;68;-1
102214;M. Moerstedt;CF;70;69;-1
102231;F. Daffonchio;GK;63;62;-1
102234;A. Zárate;RB;65;64;-1
102239;D. Guagua;AMF;64;63;-1
102244;P. Henrique;RMF;70;69;-1
102286;Mika;GK;72;71;-1
102329;B. Márquez;CF;60;59;-1
102337;Carraça;CMF;68;67;-1
102369;S. Moreo;CF;73;72;-1
102388;D. Datro Fofana;CF;73;72;-1
102389;Tiago Volpi;GK;72;71;-1
102392;L. Butelle;GK;65;64;-1
102403;Vinicinho;LWF;66;65;-1
102426;N. Albarracín;AMF;60;59;-1
102460;F. Rodríguez;LWF;70;69;-1
102487;Y. Cardinale;GK;68;67;-1
102510;M. Ba;GK;64;63;-1
102518;M. Dietz;DMF;68;67;-1
102520;A. Ajdarević;CMF;75;74;-1
102541;J. Santander;LB;65;64;-1
102564;V. Fedorchuk;CMF;71;70;-1
102567;G. Mera;CB;70;69;-1
102602;David Forniés;LB;65;64;-1
102623;Samu Castillejo;RWF;63;62;-1
102626;I. Chochev;CMF;73;72;-1
102629;U. Raghouber;DMF;72;71;-1
102659;João Virgínia;GK;73;72;-1
102691;M. Milec;RB;67;66;-1
102692;C. Wilson;CF;77;76;-1
102694;J. Ajala;CF;61;60;-1
102705;Renan Paulino;DMF;67;66;-1
102774;S. Klaiber;RB;73;72;-1
102780;S. Rode;DMF;61;60;-1
102787;R. Dekker;DMF;65;64;-1
102796;F. Grillitsch;DMF;77;76;-1
102895;S. Rochet;GK;73;72;-1
102913;W. Dammers;CB;64;63;-1
102927;A. Auassar;CMF;59;58;-1
102966;M. Orihuela;LB;69;68;-1
102967;A. Farías;DMF;73;72;-1
102977;I. Geraldino;CF;60;59;-1
102985;Juan Muñoz;CF;67;66;-1
103003;D. Huijsen;CB;82;81;-1
103012;L. Taurino;SS;64;63;-1
103047;M. Bettinelli;GK;70;69;-1
103051;G. de Feo;LWF;66;65;-1
103064;D. Soylu;AMF;59;58;-1
103068;A. Papazoglou;CF;71;70;-1
103076;P. Bochniewicz;CB;70;69;-1
103089;E. Hyndman;CMF;65;64;-1
103103;A. Tshibola;CMF;69;68;-1
103113;M. Turner;GK;75;74;-1
103120;I. Provedel;GK;84;83;-1
103130;S. Hraiech;AMF;63;62;-1
103134;M. Macey;GK;59;58;-1
103140;B. Castro;GK;72;71;-1
103151;Luís Ribeiro;GK;64;63;-1
103153;R. Gauld;AMF;71;70;-1
103181;L. Rafaelli;LWF;62;61;-1
103182;Robert Santos;AMF;66;65;-1
103231;T. Mauricio;SS;65;64;-1
103235;J. Li;RB;61;60;-1
103271;E. Faty;CF;62;61;-1
103272;A. Hložek;CF;77;76;-1
103279;B. Bialkowski;GK;74;73;-1
103280;Iago Santos;CB;63;62;-1
103290;Hugo Seco;RWF;68;67;-1
103342;Guedes;CF;74;73;-1
103398;A. el Ghazi;RWF;62;61;-1
103403;P. De Paula;DMF;71;70;-1
103411;M. Caldara;CB;63;62;-1
103434;N. Capaldo;CB;76;75;-1
103440;L. Passerini;CF;75;74;-1
103458;M. Kaba;CMF;70;69;-1
103460;Higor Meritão;DMF;67;66;-1
103478;Adán;CMF;63;62;-1
103487;Luismi Sánchez;DMF;70;69;-1
103500;Joaquín;RWF;72;71;-1
103503;E. Ramos;CF;65;64;-1
103505;A. Garnacho;LWF;78;77;-1
103506;M. Linnes;LB;74;73;-1
103512;S. Botman;CB;82;81;-1
103523;B. Cmiljanić;CF;64;63;-1
103525;T. Sultani;GK;65;64;-1
103528;W. Huizing;RB;64;63;-1
103558;S. Bajcetic;DMF;73;72;-1
103566;Rui Correia;CB;68;67;-1
103586;J. Devecchi;GK;71;70;-1
103590;C. Mcgrandles;CMF;64;63;-1
103621;Iturbe;GK;67;66;-1
103643;V. Gandín;CF;59;58;-1
103656;Joan Jordán;CMF;75;74;-1
103657;Barrenetxea;LWF;80;79;-1
103658;Pedro Morisco;GK;74;73;-1
103667;T. Pérez;DMF;66;65;-1
103683;T. Vermot;GK;61;60;-1
103694;K. Martins;RWF;63;62;-1
103783;R. Massimo;RWF;67;66;-1
103797;A. Güler;AMF;84;83;-1
103815;D. Brašanac;CMF;74;73;-1
103821;J. Furch;CF;71;70;-1
103831;M. Fox;LB;68;67;-1
103871;B. Webster;CB;70;69;-1
103890;M. Aleksandrov;LMF;71;70;-1
103894;J. Fulton;CMF;61;60;-1
103949;F. Niţă;GK;73;72;-1
103966;J. Carrascal;AMF;78;77;-1
103982;Hugo Moura;DMF;70;69;-1
104011;M. Crooks;CMF;72;71;-1
104044;F. Stanković;GK;75;74;-1
104105;Sergio Rico;GK;71;70;-1
104111;G. Cotugno;RB;62;61;-1
104135;S. Alvero;DMF;69;68;-1
104137;Gabriel;CB;65;64;-1
104142;Paraiba;RWF;70;69;-1
104173;M. Frey;CF;73;72;-1
104197;R. Kouda;CMF;66;65;-1
104225;A. Touré;RB;60;59;-1
104255;B. Abdoulaye;CB;64;63;-1
104282;O. Mfulu;DMF;65;64;-1
104284;Carlinhos;CF;65;64;-1
104291;N. Weiper;CF;71;70;-1
104311;S. Mounié;CF;71;70;-1
104323;E. Agüero;CMF;68;67;-1
104336;F. Cardoso;AMF;63;62;-1
104351;E. Debordeaux;CMF;59;58;-1
104365;A. Cinelli;CMF;68;67;-1
104388;A. Touré;DMF;76;75;-1
104417;Kike Barja;RWF;74;73;-1
104440;F. Martínez;RMF;64;63;-1
104471;B. Osayi-Samuel;RB;73;72;-1
104485;A. Meret;GK;82;81;-1
104491;M. Pugliesi;GK;61;60;-1
104501;Rodrigo;DMF;71;70;-1
104502;Hernani;CMF;70;69;-1
104521;R. González;RWF;59;58;-1
104541;R. Borré;CF;75;74;-1
104548;De Los Santos;CB;70;69;-1
104633;T. Rios;LWF;64;63;-1
104661;K. Barría;CF;65;64;-1
104673;M. Fares;LWF;68;67;-1
104674;José Ángel Pozo;CF;69;68;-1
104675;D. Verde;RWF;75;74;-1
104679;Álvaro Medrán;CMF;74;73;-1
104680;D. Solanke;CF;80;79;-1
104685;G. Puşcaş;CF;70;69;-1
104707;M. Pogba;CF;72;71;-1
104722;R. Loftus-Cheek;CMF;80;79;-1
104724;A. Zossou;LWF;64;63;-1
104726;K. Dowell;AMF;70;69;-1
104737;E. Elia;LWF;80;79;-1
104741;A. Blin;DMF;59;58;-1
104746;T. Mmadi;LWF;65;64;-1
104754;J. Kayembe;LWF;75;74;-1
104784;A. Scholz;CB;73;72;-1
104825;I. Pomazun;GK;71;70;-1
104827;A. Evseev;CMF;63;62;-1
104834;M. Backhaus;GK;78;77;-1
104835;D. Volaš;CF;71;70;-1
104837;I. Alastra;RWF;58;57;-1
104847;S. Becerra;CMF;62;61;-1
104853;Z. Luvumbo;RWF;68;67;-1
104870;J. Markelo;RWF;67;66;-1
104900;D. Keet;GK;66;65;-1
104901;Y. Eduardo;CF;68;67;-1
104906;T. Hlatshwayo;CB;72;71;-1
104909;T. Mabokgwane;GK;67;66;-1
104917;M. Yacoubi;CB;65;64;-1
104960;D. Wynne;LB;60;59;-1
104961;T. Boyd;RWF;63;62;-1
105029;Roberto Firmino;CF;67;66;-1
105037;P. Flo;LB;68;67;-1
105047;A. Nemec;CF;76;75;-1
105049;M. Kozáčik;GK;64;63;-1
105051;K. Wimmer;CB;62;61;-1
105083;S. Rudy;DMF;63;62;-1
105087;T. Cardona;CB;74;73;-1
105090;F. Melivillo;SS;72;71;-1
105094;W. Camacho;LMF;75;74;-1
105121;E. Remedi;DMF;71;70;-1
105126;Y. Garnier;RMF;70;69;-1
105130;M. Galarza;CMF;70;69;-1
105136;F. Vismara;DMF;75;74;-1
105140;P. Toranzo;AMF;73;72;-1
105142;P. Bruna;DMF;70;69;-1
105148;F. Mancinelli;CB;75;74;-1
105152;F. Mattia;CB;73;72;-1
105155;R. Vera;CB;71;70;-1
105169;L. Salas;CMF;69;68;-1
105179;A. Arregui;DMF;70;69;-1
105197;M. Fantín;AMF;69;68;-1
105229;D. Lemos;CMF;72;71;-1
105233;C. Cabellos;CMF;67;66;-1
105255;W. Burger;DMF;79;78;-1
105274;R. Márquez;LWF;62;61;-1
105278;S. Longo;DMF;72;71;-1
105297;R. Bentancur;DMF;80;79;-1
105304;A. Rossi;GK;79;78;-1
105319;J. Silva;CMF;62;61;-1
105321;Á. Barreal;LWF;74;73;-1
105339;L. Pocrnjic;GK;77;76;-1
105340;I. Silva;CMF;67;66;-1
105342;J. Torres;AMF;62;61;-1
105347;H. da Campo;RMF;72;71;-1
105360;B. Armoa;RMF;68;67;-1
105361;Kauê;GK;66;65;-1
105382;G. Ciocci;GK;60;59;-1
105387;T. Fernández;CB;62;61;-1
105414;R. Rangel;GK;77;76;-1
105446;S. Zúñiga;CMF;64;63;-1
105454;B. Aguilar;CB;63;62;-1
105457;João Félix;SS;84;83;-1
105464;K. Mellado;CF;60;59;-1
105482;J. Nsumoh;LWF;63;62;-1
105511;C. Ross;LB;68;67;-1
105528;M. Aguirre;RWF;61;60;-1
105550;Fran Pérez;RWF;75;74;-1
106236;M. Monsalve;AMF;69;68;-1
106366;G. Porras;DMF;63;62;-1
106367;J. Contreras;GK;74;73;-1
106414;A. Cairns;GK;63;62;-1
106421;M. Pack;CMF;71;70;-1
106423;S. Byram;RB;72;71;-1
106441;J. Welsh;CMF;65;64;-1
106443;J. Hugill;CF;72;71;-1
106444;S. Callamand;GK;63;62;-1
106458;F. Perradin;CB;62;61;-1
106492;T. Gamiette;DMF;66;65;-1
106538;Pica;CB;68;67;-1
106593;D. Alli;AMF;67;66;-1
106618;Bento;GK;81;80;-1
106628;Andrei Girotto;CMF;73;72;-1
106671;G. Mancini;CB;85;84;-1
106677;S. Turati;GK;75;74;-1
106724;P. Bernardoni;GK;75;74;-1
106742;J. Ielsch;LB;62;61;-1
106744;F. Beziouen;LMF;65;64;-1
106749;M. Al-Musrati;DMF;77;76;-1
106754;M. Sels;GK;82;81;-1
106777;Mykhaylichenko;CMF;62;61;-1
106787;D. Caligiuri;RMF;62;61;-1
106822;G. Pacheco;CB;62;61;-1
106825;D. Elfadli;CB;73;72;-1
106832;C. Jaime;LWF;69;68;-1
106833;J. Fernández;RWF;69;68;-1
106838;J. Meneses;LMF;68;67;-1
106843;J. Bryan;LB;73;72;-1
106863;H. Elliot;AMF;78;77;-1
106889;Alberto Varó;GK;63;62;-1
106893;P. Marí;CB;68;67;-1
106900;J. Milošević;CF;71;70;-1
106901;F. Miño;CB;64;63;-1
106902;Xavi Molina;DMF;68;67;-1
106917;A. Rodríguez;GK;69;68;-1
106922;C. Rivera;DMF;68;67;-1
106925;M. Palavecino;CMF;61;60;-1
106956;Álex Remiro;GK;82;81;-1
106960;Urtzi Iriondo;LB;70;69;-1
106975;Sancet;AMF;83;82;-1
106987;Iñigo Vicente;LWF;78;77;-1
107019;M. Cortesi;CF;64;63;-1
107021;S. Ganz;CF;71;70;-1
107031;Fabinho;DMF;67;66;-1
107073;B. Kukeli;DMF;72;71;-1
107075;O. Roshi;RWF;72;71;-1
107077;H. Halldórsson;GK;64;63;-1
107079;Ö. Kristinsson;GK;77;76;-1
107080;I. Jónsson;GK;75;74;-1
107081;J. Böðvarsson;CF;71;70;-1
107083;V. Kjartansson;CF;71;70;-1
107101;L. Barrios;CF;75;74;-1
107142;M. Dúbravka;GK;78;77;-1
107147;N. Omladič;CMF;62;61;-1
107203;J. Sánchez;AMF;71;70;-1
107219;S. Marinovic;GK;63;62;-1
107231;D. Guzmán;DMF;71;70;-1
107255;Vitor Hugo;CB;73;72;-1
107256;G. Martinelli;LWF;81;80;-1
107260;C. Kouakou;CF;71;70;-1
107265;Ali Gabr;CB;71;70;-1
107288;F. Ulvestad;CMF;70;69;-1
107338;R. Zobnin;LMF;75;74;-1
107350;T. Doyle;LB;61;60;-1
1073741854;M. Ogasawara;CMF;73;72;-1
1073745099;Y. Konno;DMF;73;72;-1
1073746625;Zheng Zhi;DMF;68;67;-1
1073752847;T. Lee;SS;71;70;-1
1073752883;D. Niwa;CB;71;70;-1
1073754285;Jae-Sung Kim;CMF;70;69;-1
1073754288;Yong-Hyung Cho;CB;63;62;-1
1073756827;S. Koroki;CF;72;71;-1
1073756853;T. Morimoto;CF;68;67;-1
1073756899;A. Ienaga;SS;70;69;-1
1073757136;T. Makino;CB;74;73;-1
1073757359;M. Kanazaki;CF;73;72;-1
1073757708;M. Fitzgerald;CB;70;69;-1
1073757878;Hwang Hee-Chan;CF;74;73;-1
1073757900;T. Ugajin;LMF;69;68;-1
1073757966;G. Haddadifar;CMF;65;64;-1
1073758030;Hyung-Il Kim;CMF;64;63;-1
1073758171;T. Umebachi;CMF;69;68;-1
1073758298;W. Endo;DMF;79;78;-1
1073758449;S. Yajima;AMF;69;68;-1
1073758539;T. Kanamori;CF;68;67;-1
1073772383;I. Nesterov;GK;71;70;-1
1073773310;Xisco;CF;73;72;-1
1073775381;Gao Lin;CF;75;74;-1
1073775648;Abdulla Mousa;LB;60;59;-1
1073775977;F. al Shammari;GK;58;57;-1
1073776243;Eisa Ahmed;CB;61;60;-1
1073776608;Clayton Sampaio;CB;66;65;-1
1073778741;Dimas;CMF;65;64;-1
1073779256;B. Dzsudzsák;LWF;79;78;-1
1073779638;T. Dangda;CF;72;71;-1
1073779683;Z. Ljubijankic;CF;71;70;-1
1073779703;Neto Moura;DMF;73;72;-1
1073780853;S. Otsuka;CF;70;69;-1
1073782668;I. Fetfatzidis;RWF;77;76;-1
1073785647;N. Martínez;AMF;73;72;-1
1073786399;J. Bengtson;CF;63;62;-1
1073787932;Dawoud Sulaiman;GK;61;60;-1
1073787987;Léo Silva;CMF;75;74;-1
1073789145;Elsinho;RB;69;68;-1
1073798914;M. al Harbi;LB;67;66;-1
1073798931;A. Mabkhout;CF;76;75;-1
1073798935;Majed Hassan;DMF;66;65;-1
1073798938;S. Gadoev;LMF;60;59;-1
1073800269;Wu Xi;CMF;71;70;-1
1073800276;Ge Wei;CF;59;58;-1
1073800280;Yang Xiaotian;RB;61;60;-1
1073800296;J. Ibrokhimov;CMF;62;61;-1
1073800370;Chan-Ho Cho;RWF;65;64;-1
1073800371;Won-Il Kim;CB;67;66;-1
1073800692;Aqeel al Sahbi;RB;68;67;-1
1073800706;Mohammed Salem;RB;64;63;-1
1073800708;Ali al Zubaidi;RB;67;66;-1
1073800714;A. al Mubarak;LWF;64;63;-1
1073800716;Ali al Zaqan;RWF;69;68;-1
1073800736;Y. al Shahrani;LB;75;74;-1
1073800741;S. Khalfan;CB;60;59;-1
1073800744;M. Barghash;RB;65;64;-1
1073800776;A. Salem;LMF;62;61;-1
1073800777;Daniel Gouma;CMF;62;61;-1
1073800779;A. al Aaeldin;LWF;63;62;-1
1073800781;Nathan Otávio;CB;67;66;-1
1073800811;Sayyaf al Bishi;CB;66;65;-1
1073800817;Saeed al Dosari;RMF;70;69;-1
1073800855;A. Lecomte;GK;70;69;-1
1073801800;Khalid Muftah;LB;64;63;-1
1073802758;M. al Saiari;CF;57;56;-1
1073803084;Caio;LMF;75;74;-1
1073803119;M. Nichols;AMF;69;68;-1
1073803237;Jong-Woo Park;DMF;70;69;-1
1073803523;A. Beiranvand;GK;71;70;-1
1073805027;T. al Qahtani;RB;60;59;-1
1073805031;Kyu-Ro Lee;RB;67;66;-1
1073805269;Ricardo Goulart;AMF;81;80;-1
1073805359;A. al Dawsari;RB;59;58;-1
1073805395;Yo-Han Ko;RMF;70;69;-1
1073805396;Dae-Sung Ha;CMF;69;68;-1
1073805404;Salem Abdulla;LMF;71;70;-1
1073805699;Zhang Wenzhao;LMF;62;61;-1
1073805712;Wei Xiangxin;CF;61;60;-1
1073805720;Zheng Long;LMF;70;69;-1
1073806561;J. Makarounas;SS;57;56;-1
1073806575;B. Santalab;LWF;69;68;-1
1073806599;Fang Jingqi;GK;57;56;-1
1073806637;S. Rafiei;SS;66;65;-1
1073806662;Y. Karimi;LMF;63;62;-1
1073806708;Nasser Saleh;CF;58;57;-1
1073806720;Nouh al Mousa;DMF;56;55;-1
1073806730;Abdullah Ateef;DMF;67;66;-1
1073806746;A. al Barakah;DMF;64;63;-1
1073806753;Sang-Min Sim;LB;62;61;-1
1073806777;Yong-Jin Kim;CF;60;59;-1
1073806786;Salmin Khamis;RB;61;60;-1
1073806796;Waleed Hussain;CB;59;58;-1
1073806799;S. Jassim;CF;61;60;-1
1073806823;S. Azimov;CMF;58;57;-1
1073844524;Cai Huikang;DMF;72;71;-1
1073846761;V. Amiri;CF;71;70;-1
1073846762;R. Rezaeian;RMF;70;69;-1
1073847677;B. Borrello;RWF;69;68;-1
1073847690;K. Baccus;CMF;62;61;-1
1073847691;L. Youlley;CMF;62;61;-1
1073847748;M. Mosalman;CMF;62;61;-1
1073847763;A. Ghorbani;CF;60;59;-1
1073847802;Y. Ideguchi;CMF;70;69;-1
1073847810;R. Sato;LWF;72;71;-1
1073847826;Han-Been Yang;GK;61;60;-1
1073847864;Santos;AMF;72;71;-1
1073847866;Cha-Won Ko;SS;70;69;-1
1073847867;Chico Kim;AMF;68;67;-1
1073847868;Hyun-Soo Jang;LMF;68;67;-1
1073847887;Khalid Radwan;CB;60;59;-1
1073847905;A. Sieb;CF;72;71;-1
1073847912;Mousa al Shamri;CF;66;65;-1
1073847937;R. Y. Mohamad;CMF;61;60;-1
1073847949;O. Shukurov;CMF;58;57;-1
1073847953;A. Komilov;LB;61;60;-1
1073847957;S. Mirzayev;CMF;58;57;-1
1073847968;I. Alibaev;DMF;57;56;-1
1073848926;T. Elrich;RB;70;69;-1
1073849133;S. Muwashar;LWF;73;72;-1
1073849200;Rabih Ataya;CMF;62;61;-1
1073849219;S. Nurmatov;CF;65;64;-1
1073849283;A. Alfarsi;CB;59;58;-1
1073849385;Robson;CB;61;60;-1
1073849408;A. Abdulrahman;CF;60;59;-1
1073849668;Wang Shangyuan;CMF;70;69;-1
1073849819;A. al Amar;LB;66;65;-1
1073850054;Ahmad Mousa;CMF;57;56;-1
1073850110;E. Ismoilov;CMF;58;57;-1
1073850309;T. Tanaka;AMF;64;63;-1
1073850312;H. Fukushima;GK;64;63;-1
1073850375;Ali Eid;CF;60;59;-1
1073852907;R. Ito;CMF;59;58;-1
1073853321;M. Ghanbari;LB;61;60;-1
1073853328;M.derakhshanfar;RMF;57;56;-1
1073853329;M. Mehdipour;CMF;62;61;-1
1073853331;R. Shekari;AMF;58;57;-1
1073853332;M. Reza Abbasi;AMF;57;56;-1
1073853333;D. Esmaeilifar;RMF;60;59;-1
1073853339;K. Rezaei;CF;70;69;-1
1073853340;M. Tabrizi;RWF;62;61;-1
1073853342;H. Goya;CF;64;63;-1
1073853344;Gu Chao;GK;62;61;-1
1073853347;Cao Wen;CMF;55;54;-1
1073853352;Yang Jiawei;RWF;59;58;-1
1073853353;Zhang Xinlin;LMF;56;55;-1
1073853402;Hyun Yoo;GK;67;66;-1
1073853410;Min-Hyuk Lim;CMF;58;57;-1
1073853441;A. al Meghessib;CF;59;58;-1
1073853447;He Guan;RB;65;64;-1
1073853454;Lu Wenjun;LWF;66;65;-1
1073853457;Zhang Yi;CMF;65;64;-1
1073853465;D. Axmadaliev;RB;60;59;-1
1073853466;S. Kodirkulov;CMF;58;57;-1
1073853521;J. Katebian;CF;58;57;-1
1073853537;A. al Sharid;CMF;62;61;-1
1073853538;Aílton;CF;74;73;-1
1073853598;Seung-Beom Ko;CMF;62;61;-1
1073853966;M. al Akbari;CF;59;58;-1
1073857219;K. Nagasawa;CMF;64;63;-1
1073857238;Chang-Min Lee;CMF;66;65;-1
1073857239;Soon-Hyung Kwon;DMF;68;67;-1
1073857242;Jin-Po Park;RB;69;68;-1
1073857244;Chang-Geun Lee;GK;58;57;-1
1073857260;G. Krizo;CF;61;60;-1
1073857277;So-Huk Jo;GK;59;58;-1
1073857280;Min-hyeok Yang;RWF;70;69;-1
1073857284;R. Windbichler;CB;68;67;-1
1073857290;N. Kamolov;RWF;61;60;-1
1073857292;D. Khamraev;GK;61;60;-1
1073857293;J. Esonkulov;CF;59;58;-1
1073857301;M. al Olayan;RMF;64;63;-1
1073857307;I. al Talhi;RMF;62;61;-1
1073857308;R. Machado;CB;70;69;-1
1073857309;Abdullah Kano;CB;60;59;-1
1073857310;Ahmad Zain;LMF;61;60;-1
1073857311;A. Alsaman;CMF;62;61;-1
1073857320;Ali al Mazyadi;GK;65;64;-1
1073857321;A. al Bilady;CF;59;58;-1
1073857322;H. al Nakhli;CMF;64;63;-1
1073857323;Habib Alwotayan;GK;59;58;-1
1073857325;Majed Hazazi;RB;60;59;-1
1073857327;R. Sharahili;DMF;64;63;-1
1073857328;Abdullah Dawshi;RMF;61;60;-1
1073857329;Hamad al Juhaim;CF;64;63;-1
1073857332;M. al Saeed;DMF;64;63;-1
1073857375;S. Cirio;LWF;65;64;-1
1073857381;D. Margush;GK;57;56;-1
1073857384;R. Kitto;RMF;59;58;-1
1073857387;J. O'Doherty;RMF;59;58;-1
1073857390;J. Mori;CMF;57;56;-1
1073857391;R. Yates;CMF;76;75;-1
1073857397;Konstandopoulos;CMF;58;57;-1
1073857402;C. Crestani;CMF;59;58;-1
1073857408;J. Melling;DMF;63;62;-1
1073857409;L. Scott;CF;60;59;-1
1073857410;K. Baccus;DMF;62;61;-1
1073857411;N. Suman;GK;58;57;-1
1073857412;A. Majok;CF;60;59;-1
1073857413;R. Griffiths;CF;60;59;-1
1073857414;S. Zinni;LWF;60;59;-1
1073857424;Zhang Huachen;DMF;60;59;-1
1073857426;Jiang Zilei;CMF;58;57;-1
1073857427;Lei Wenjie;CMF;57;56;-1
1073857428;Gao Haisheng;DMF;59;58;-1
1073857429;Gao Tianyi;CMF;61;60;-1
1073857432;Teng Shuai;CF;59;58;-1
1073857437;Zayed al Ameri;CF;61;60;-1
1073857442;Adel al Hammadi;LB;61;60;-1
1073857443;Faisal Yousuf;CF;59;58;-1
1073857449;M. al Harasi;CMF;59;58;-1
1073857454;Khalil Ibrahim;RMF;64;63;-1
1073857459;S. al Ghafri;DMF;63;62;-1
1073857460;Chang-Woo Rim;RB;61;60;-1
1073857463;T. al Khaddeim;LMF;64;63;-1
1073857467;Mohamed Alzaabi;CMF;59;58;-1
1073857484;T. Hasegawa;AMF;65;64;-1
1073857485;K. Chinen;CF;60;59;-1
1073857491;H. Abe;SS;60;59;-1
1073857492;M. Karimi;LMF;69;68;-1
1073857493;B. Barzay;CF;60;59;-1
1073857494;F. Esmaeili;AMF;68;67;-1
1073857496;J. Ansari;SS;60;59;-1
1073857501;M. Hosseini;CB;66;65;-1
1073857503;M. Yazdani;RMF;61;60;-1
1073857507;Y. Feyzi;CF;59;58;-1
1073857511;Cleiton Silva;LWF;60;59;-1
1073857514;S. Panthong;AMF;58;57;-1
1073857515;S. Thinjom;CMF;61;60;-1
1073857516;W.chaikulthewin;LMF;61;60;-1
1073857520;R. Nawanno;CMF;62;61;-1
1073857522;P. Srichai;CF;60;59;-1
1073857527;F. Janfaza;CF;60;59;-1
1073857533;A. Kaabi;LB;60;59;-1
1073857536;M. Zobeidi;RMF;61;60;-1
1073857537;M. Ghanbari;RMF;61;60;-1
1073857538;H. Bahrami;CMF;62;61;-1
1073857541;M. Momeni;RWF;60;59;-1
1073857542;S. Bahrani;AMF;62;61;-1
1073857543;M. Sharifi;AMF;58;57;-1
1073857544;M. Mahi;DMF;64;63;-1
1073857545;F. Jafari;RB;61;60;-1
1073857546;V. Namdari;SS;59;58;-1
1073857552;Y. Ayman Hafez;CMF;57;56;-1
1073857555;S. Hassan Issa;CF;58;57;-1
1073857556;N. al Yazidi;CMF;58;57;-1
1073857557;Noor Rahman;CF;58;57;-1
1073857558;O. Polyansky;CB;58;57;-1
1073857559;M. Ansari;CB;68;67;-1
1073857562;E. Alvanzadeh;LWF;61;60;-1
1073857563;A. Valverde;CMF;65;64;-1
1073857565;H. Taherkhani;SS;60;59;-1
1073857568;Karmollachaab;CF;60;59;-1
1073857570;Saoud Farhan;RWF;60;59;-1
1073857573;I. Abdelhalim;CMF;60;59;-1
1073857575;A. al Harazi;RMF;64;63;-1
1073857576;Diego Eli;CMF;62;61;-1
1073857578;Giovane;CF;60;59;-1
1073857580;Cheng Siu Wai;CF;60;59;-1
1073857583;Roberto;DMF;68;67;-1
1073857584;Michel Lugo;SS;60;59;-1
1073857587;Tsang Kam To;CB;60;59;-1
1073857588;Ju Yingzhi;AMF;62;61;-1
1073857589;Hong Lim Lee;LMF;61;60;-1
1073857590;Xu Deshuai;CMF;62;61;-1
1073857592;Cheng King Ho;RB;60;59;-1
1073857593;Bai He;DMF;70;69;-1
1073857594;J. Mitchell;CB;60;59;-1
1073857595;M. Šarić;LMF;61;60;-1
1073857596;Leung Chun Pong;DMF;64;63;-1
1073857598;Jaimes Mckee;CF;61;60;-1
1073857599;Manuel Bleda;CF;60;59;-1
1073857600;Wong Tsz Ho;LMF;61;60;-1
107391;Omar Perdomo;RWF;69;68;-1
107424;Gonçalo Silva;CB;71;70;-1
107429;G. Gianniotas;RWF;72;71;-1
107450;B. Barragán;GK;48;47;-1
107451;Lucas Torró;DMF;77;76;-1
107472;A. Koryan;RWF;62;61;-1
107474;D. Yaschuk;CMF;62;61;-1
107512;Santi Luque;CMF;64;63;-1
107535;M. Mitrović;CB;75;74;-1
107559;E. Giaccone;DMF;61;60;-1
107603;Jean Patrick;DMF;70;69;-1
107646;J. Boga;LWF;79;78;-1
107681;Albian Ajeti;CF;69;68;-1
107688;Q. Laçi;CMF;62;61;-1
107698;S. Spierings;CMF;65;64;-1
107713;E. Skhiri;DMF;77;76;-1
107717;Daniel Podence;RWF;73;72;-1
107729;N. Sambo;GK;57;56;-1
107744;Bassem Morsi;CF;72;71;-1
107769;A. Fulgini;DMF;68;67;-1
107782;Roger;LWF;60;59;-1
107784;M. Moreno;LWF;70;69;-1
107790;Y. Oliva;CF;60;59;-1
107798;K. Achahbar;CF;60;59;-1
107813;T. Valls;LB;61;60;-1
107825;V. Boniface;CF;77;76;-1
107830;P. Bijen;CB;65;64;-1
107862;Miguel Cardoso;RWF;69;68;-1
107901;David Soria;GK;81;80;-1
107916;A. Romano;CMF;61;60;-1
107929;E. Banzuzi;CMF;74;73;-1
107937;Silas;RWF;74;73;-1
107941;D. Van De Beek;CMF;75;74;-1
107951;G. Panico;CF;68;67;-1
107969;D. N'Di;AMF;69;68;-1
107980;A. Touré;DMF;69;68;-1
107982;I. Pérez;CB;63;62;-1
108040;F. Moufi;CB;66;65;-1
108042;Rodrigues;CB;69;68;-1
108147;D. Mordini;LB;61;60;-1
108165;D. Barrera;RMF;63;62;-1
108186;Eduardo Melo;CF;63;62;-1
108200;Gabriel Jesus;CF;80;79;-1
108206;G. Castrovilli;AMF;65;64;-1
108215;S. Adingra;RMF;77;76;-1
108239;Fabián Ruiz;CMF;87;86;-1
108240;G. Ricci;CB;59;58;-1
108245;André Horta;CMF;73;72;-1
108277;Sergio Gil;CMF;63;62;-1
108279;G. Donnarumma;GK;90;89;-1
108287;G. Smith;CMF;65;64;-1
108308;S. Brotherton;CB;57;56;-1
108362;R. Amaral;CF;60;59;-1
108397;M. Gray;CF;61;60;-1
108420;M. Milinković;SS;65;64;-1
108430;O. Forson;RWF;66;65;-1
108432;M. Cassierra;CF;76;75;-1
108444;Matheus Ribeiro;CB;62;61;-1
108474;Ó. Zambrano;DMF;71;70;-1
108475;Kaio Fernando;CB;74;73;-1
108523;L. Agoumé;DMF;77;76;-1
108563;Jorge Ortiz;RMF;65;64;-1
108582;Adri;CB;66;65;-1
108589;A. la Gumina;CF;65;64;-1
108591;M. Portillo;CMF;69;68;-1
108637;N. Acevedo;DMF;73;72;-1
108661;J. Vitale;DMF;71;70;-1
108663;T. Perugini;CF;61;60;-1
108689;W. Mike;LWF;62;61;-1
108693;B. Saka;RWF;88;87;-1
108695;Amad;RWF;80;79;-1
108719;M. Petrasso;RWF;65;64;-1
108730;A. Peralta;CMF;73;72;-1
108739;A. Camargo;DMF;72;71;-1
108746;M. Vargas;AMF;72;71;-1
108760;D. Rodríguez;AMF;69;68;-1
108765;L. Meuli;GK;64;63;-1
108767;R. Rodríguez;LWF;69;68;-1
108782;L. Rodríguez;AMF;75;74;-1
108807;Júnior Moraes;CF;73;72;-1
108817;Patrick;DMF;62;61;-1
108863;Charles;CF;75;74;-1
108866;L. García;CB;67;66;-1
108878;Evanilson;CF;80;79;-1
108880;D. Pizarro;CF;65;64;-1
108881;G. Suazo;LB;75;74;-1
108883;A. Aravena;LMF;71;70;-1
108889;L. Sánchez;RB;65;64;-1
108910;J. Caenepeel;RWF;67;66;-1
108917;P. Remmert;CF;61;60;-1
108926;S. Goss;CMF;62;61;-1
108927;O. Aina;RB;80;79;-1
108938;M. Cranie;CB;67;66;-1
108945;M. Cox;GK;67;66;-1
108966;J. Onana;CMF;72;71;-1
108983;Nathan Fogaça;CF;70;69;-1
108986;T. Taufflieb;RWF;70;69;-1
109009;A. Younes;LWF;63;62;-1
109010;K. Trapp;GK;79;78;-1
109055;David Braga;DMF;64;63;-1
109056;Paulo Monteiro;CB;68;67;-1
109058;Nuno Santos;LWF;73;72;-1
109078;J. Carlos Lazo;RWF;72;71;-1
109086;K. Sezonienko;LWF;67;66;-1
109092;Pau Torres;GK;64;63;-1
109108;Nico Hidalgo;RWF;65;64;-1
109121;Rubén Alcaraz;CMF;65;64;-1
109135;A. Pelagotti;GK;65;64;-1
109143;S. Zaracho;CB;69;68;-1
109144;B. Radunovic;GK;70;69;-1
109158;M. Fedele;CMF;68;67;-1
109162;A. González;CF;62;61;-1
109163;M. Zinga;GK;67;66;-1
109180;Matheus Cassini;SS;68;67;-1
109182;E. Poku;LWF;77;76;-1
109228;F. Tempone;CF;62;61;-1
109240;O. Werner;GK;66;65;-1
109245;M. Maouche;DMF;62;61;-1
109251;Pepín;DMF;66;65;-1
109265;C. Jullien;CB;78;77;-1
109312;Marco Baixinho;CB;73;72;-1
109327;C. Brady;GK;70;69;-1
109332;Nenê Bonilha;CMF;65;64;-1
109344;M. Havekotte;GK;62;61;-1
109352;Amilton;RWF;69;68;-1
109356;Miguel Vieira;CB;61;60;-1
109365;A. Azbague;LWF;59;58;-1
109392;J. Lumley;GK;58;57;-1
109402;L. Blas;RMF;77;76;-1
109412;A. García;CMF;69;68;-1
109415;N. Cisneros;CMF;62;61;-1
109421;João Jaquité;DMF;64;63;-1
109422;Hamdou Elhouni;RWF;61;60;-1
109424;D. Cabezas;GK;69;68;-1
109425;J. Herrera;RWF;69;68;-1
109440;P. Bartolomei;CMF;64;63;-1
109441;S. Calvano;CMF;61;60;-1
109448;S. di Carmine;CF;73;72;-1
109457;L. Vignali;CMF;64;63;-1
109460;R. Melgrati;GK;62;61;-1
109462;L. Lezzerini;GK;70;69;-1
109523;T. Scheller;CB;72;71;-1
109540;João Palhinha;DMF;83;82;-1
109542;A. Kalulu;CF;71;70;-1
109545;G. Jobava;RWF;59;58;-1
109548;M. François;CMF;62;61;-1
109550;A. Mcdonnell;CMF;65;64;-1
109555;Otávio;CB;64;63;-1
109556;J. Ahoka;DMF;62;61;-1
109559;A. da Cruz;LWF;63;62;-1
109562;R. Combe;CF;60;59;-1
109568;Walace;DMF;70;69;-1
109569;Jacobo Ortega;CF;63;62;-1
109588;B. Enobakhare;CF;66;65;-1
109629;M. Uribe;DMF;75;74;-1
109709;João Neto;CMF;61;60;-1
109858;N. Loyola;LB;73;72;-1
109887;R. Piris;CMF;68;67;-1
109908;G. Karanović;CF;72;71;-1
109913;V. Silvestro;CMF;65;64;-1
109914;Ryan;DMF;67;66;-1
109919;D. Poha;CMF;73;72;-1
109943;S. Sensi;DMF;76;75;-1
109947;J. Lerma;DMF;77;76;-1
109955;Iñigo Córdoba;LWF;68;67;-1
109966;Antonio Puertas;SS;61;60;-1
109975;F. Guerrero;RWF;67;66;-1
109976;Adrián Gómez;CB;66;65;-1
109985;Litri;LB;73;72;-1
110001;Y. Konoplya;RB;74;73;-1
110092;C. Ronan;CMF;62;61;-1
110106;E. Hansson;AMF;57;56;-1
110108;M. Stryjek;GK;58;57;-1
110154;Felipinho;CMF;67;66;-1
110268;O. Oularé;CF;69;68;-1
110278;Clayson;LWF;72;71;-1
110291;A. Diomande;CF;60;59;-1
110293;R. Woods;DMF;73;72;-1
110303;A. Budimir;CF;83;82;-1
110312;N. Palavecino;AMF;63;62;-1
110335;K. Boudache;RWF;72;71;-1
11034;Éder;CB;67;66;-1
110369;E. Blanco;CMF;62;61;-1
110370;A. Rodríguez;CF;60;59;-1
110376;A. Olliero;GK;72;71;-1
110402;A. Vallejos;CF;62;61;-1
110406;J. Leko;RWF;67;66;-1
110415;E. Rolón;DMF;69;68;-1
110431;R. Yaremchuk;CF;76;75;-1
110440;Hugo Eyre;GK;63;62;-1
110461;M. Cafaro;RWF;72;71;-1
110467;M. Compagnon;RWF;67;66;-1
110499;Della Giovanna;LB;71;70;-1
110507;M. el Hilali;CMF;61;60;-1
110523;P. Mboup;LWF;71;70;-1
110549;M. Brescianini;CMF;73;72;-1
110573;J. Laurent;CMF;73;72;-1
110576;K. Serna;RWF;73;72;-1
110577;O. Idrissi;RWF;73;72;-1
110582;D. Glaby;CMF;69;68;-1
110587;F. Serra;CF;60;59;-1
110604;J. Agyekum;CB;61;60;-1
110612;L. Sauer;LWF;74;73;-1
110614;T. Pochettino;AMF;71;70;-1
110627;Fintelman;GK;60;59;-1
110631;J. Didiba;CMF;62;61;-1
110645;I. Diop;CB;76;75;-1
110669;F. Benković;CB;73;72;-1
110679;T. Adarabioyo;CB;78;77;-1
110689;Gourna-Douath;DMF;71;70;-1
110691;M. Luković;CF;62;61;-1
110709;V. Valdepeñas;CB;67;66;-1
110713;Hugo Souza;GK;80;79;-1
110715;M. Gutiérrez;RWF;69;68;-1
110718;K. Mbappé;CF;92;91;-1
110725;Javi Guerra;CMF;78;77;-1
110728;A. De La Cuesta;DMF;65;64;-1
110729;M. Artuira;CF;66;65;-1
110731;Cristian Galas;CB;63;62;-1
110738;Curro Sánchez;RWF;70;69;-1
110752;S. Thomas;AMF;65;64;-1
110756;J. Fernández;CMF;59;58;-1
110777;A. Przyborek;AMF;67;66;-1
110786;M. Louër;RB;68;67;-1
110804;Q. Boisgard;AMF;64;63;-1
110809;M. van Bergen;RWF;59;58;-1
110825;X. Emmers;CMF;60;59;-1
110866;Richarlison;CF;79;78;-1
110867;F. Silva;AMF;74;73;-1
110892;G. Maroni;AMF;70;69;-1
110897;Moisés;LB;70;69;-1
110898;B. Sigurðarson;CF;72;71;-1
110900;A. Gojak;AMF;70;69;-1
110901;E. Çekiçi;LWF;64;63;-1
110941;P. Otele;LWF;74;73;-1
110946;M. Al-Nemer;CF;61;60;-1
110949;H. Lópes;CB;65;64;-1
110951;F. Watson;AMF;71;70;-1
110955;G. Aburjania;CMF;70;69;-1
110956;O. Kragl;LMF;69;68;-1
110977;L. Comas;SS;70;69;-1
110980;M. Guzmán;CMF;70;69;-1
110989;B. Bianchi;CB;75;74;-1
110991;N. Romat;RB;75;74;-1
110994;F. Grahl;CMF;70;69;-1
110998;G. Velázquez;CB;74;73;-1
111000;Wesley;LWF;70;69;-1
111007;M. Lugo;LMF;65;64;-1
111021;C. Huerta;LWF;74;73;-1
111035;K. Rodríguez;CF;72;71;-1
111042;D. Kownacki;CF;71;70;-1
111050;I. Chaïbi;CF;71;70;-1
111068;L. Montoya;LB;71;70;-1
111070;R. Tapia;CB;73;72;-1
111072;N. Reniero;CF;69;68;-1
111074;S. Ascacibar;DMF;78;77;-1
111080;T. Badaloni;CF;71;70;-1
111112;E. Da Silva;RWF;62;61;-1
111127;Vitão;CB;61;60;-1
111129;J. Hoogma;CB;65;64;-1
111143;C. Tirard;LWF;72;71;-1
111166;Rodrigo Alves;RB;71;70;-1
111167;Maurício;CB;74;73;-1
111170;Gleison;RWF;68;67;-1
111172;O. Vlachodimos;GK;80;79;-1
111175;J. Nuredini;CF;61;60;-1
111178;A. Özbiliz;RWF;71;70;-1
111188;Everton Luiz;DMF;68;67;-1
111206;F. Quintana;CF;73;72;-1
111219;C. Valenzuela;CF;66;65;-1
111220;F. Belluschi;CMF;80;79;-1
111222;C. Acevedo;GK;74;73;-1
111226;S. Taşçi;CB;76;75;-1
111243;J. Cavallaro;LMF;68;67;-1
111246;N. Korzun;DMF;71;70;-1
111250;Ythallo;CB;62;61;-1
111270;M. Synoś;CB;64;63;-1
111280;C. Romero;CB;84;83;-1
111283;F. Durán;SS;64;63;-1
111286;R. López;CF;69;68;-1
111288;F. Barboza;AMF;70;69;-1
111293;F. Banega;CMF;71;70;-1
111309;I. Chicco;GK;70;69;-1
111320;D. Sappa;GK;63;62;-1
111324;T. Molina;CF;73;72;-1
111328;B. Aguirre;LWF;73;72;-1
111333;E. Motta;GK;70;69;-1
111354;M. Pereira Lage;AMF;60;59;-1
111419;G. Hernández;CB;75;74;-1
111430;V. Jovanović;CB;71;70;-1
111431;E. Chernov;CMF;62;61;-1
111438;Hyan;CMF;63;62;-1
111441;T. Kok;CMF;70;69;-1
111451;Joel Castro;GK;71;70;-1
111491;M. di Paola;CMF;60;59;-1
111813;K. Szcześniak;CB;70;69;-1
111814;A. Rouault;CB;77;76;-1
111824;I. Obukhov;GK;66;65;-1
111836;Mario González;LWF;62;61;-1
111842;T. Loska;GK;63;62;-1
111853;L. Mora;CMF;73;72;-1
111857;G. Zigoni;CF;72;71;-1
111911;J. Letáček;GK;70;69;-1
111912;A. Muñoz;AMF;62;61;-1
111935;M. Zubimendi;DMF;85;84;-1
111962;G. Florentín;AMF;68;67;-1
111974;S. Walukiewicz;RB;75;74;-1
111979;N. Fernandes;RWF;67;66;-1
111980;R. Ketting;CB;62;61;-1
111981;R.van Drongelen;CB;67;66;-1
112003;J. Burrai;GK;70;69;-1
112005;Florentino;DMF;78;77;-1
112014;J. Corvalán;CF;59;58;-1
112022;A. Ndiaye;CF;58;57;-1
112029;Martim Neto;CMF;73;72;-1
112061;N. Maksimović;CMF;69;68;-1
112072;F. Tănase;LWF;72;71;-1
112083;A. Çalik;CB;77;76;-1
112095;M. Samardžić;CB;73;72;-1
112157;A. Traustason;LWF;77;76;-1
112229;N. Mukau;DMF;74;73;-1
112247;J. el Yamiq;CB;61;60;-1
112366;S. N'Guessan;CMF;73;72;-1
112377;A. Schöpf;CMF;69;68;-1
112391;V. Bozhikov;LB;60;59;-1
112393;A. Nedyalkov;LB;62;61;-1
112395;S. Delev;LWF;68;67;-1
112435;A. Miranda;RB;73;72;-1
112443;M. Vrančić;CMF;76;75;-1
112465;D. van Crooij;GK;61;60;-1
112469;Maurício Garcez;LWF;67;66;-1
112470;R. Schallenberg;DMF;72;71;-1
112505;C. Ferreira;AMF;68;67;-1
112512;J. Grimm;DMF;69;68;-1
112533;Álvaro Jiménez;RWF;63;62;-1
112539;G. Abregú;DMF;66;65;-1
112548;V. Rojas;GK;61;60;-1
112567;N. Benegas;CF;65;64;-1
112574;B. Johnson;RWF;79;78;-1
112580;J. Robinson;LWF;66;65;-1
112581;S. Parlati;CMF;62;61;-1
112589;Aitor Mañas;CF;65;64;-1
112591;A. Picchi;CMF;62;61;-1
112603;T. Elšnik;CMF;62;61;-1
112604;Valera;LWF;77;76;-1
112605;G. Gaitán;DMF;68;67;-1
112606;A. Maldonado;CB;73;72;-1
112607;N. Leguizamón;CF;71;70;-1
112667;J. Abrigo;CF;63;62;-1
112671;R. Tarifeño;CF;61;60;-1
112680;Álex Albistegui;CMF;65;64;-1
112703;M. Proietti;DMF;63;62;-1
112728;W. Oliveira;DMF;68;67;-1
112731;Ivo Nicolau;CB;67;66;-1
112736;João Costa;RWF;72;71;-1
112738;Bruno Leonardo;CB;69;68;-1
112739;Giovanny;LMF;66;65;-1
112745;Renan Peixoto;CF;67;66;-1
112778;S. Iocolano;LWF;68;67;-1
112801;M. Shved;RWF;65;64;-1
112840;A. el Hriti;LWF;62;61;-1
112842;Y. M'Changama;CMF;58;57;-1
112843;J. Mendy;LB;61;60;-1
112862;K. Twardek;LMF;60;59;-1
112863;M. Bleve;GK;70;69;-1
112896;M. Viti;CB;65;64;-1
112928;L. Cabrera;CF;64;63;-1
112931;R. Dickie;CB;64;63;-1
112943;A. Azócar;CF;70;69;-1
112947;S. Darby;RB;69;68;-1
112980;B. Diatta;AMF;61;60;-1
112991;E. Viveros;LMF;69;68;-1
113004;Sergio Martínez;CMF;65;64;-1
113006;Dani Requena;CMF;71;70;-1
113034;A. Araujo;LWF;59;58;-1
113038;T. Pozzo;RMF;68;67;-1
113041;V. Ramis;CF;66;65;-1
113065;F. Tomori;CB;81;80;-1
113067;L. Müller;LB;68;67;-1
113085;M. Hauptmeijer;GK;57;56;-1
113167;M. De Cuyper;LB;79;78;-1
113216;Paco Esteban;CF;62;61;-1
113222;A. Beck;RB;73;72;-1
113247;Tetê;RWF;75;74;-1
113248;J. Izquierdo;LWF;79;78;-1
113252;Saulo;GK;67;66;-1
113261;J. Duranville;LWF;73;72;-1
113317;N. Herranz;CB;66;65;-1
113326;A. Cardozo;DMF;73;72;-1
113344;F. Agazzi;GK;67;66;-1
113346;C. Vilches;CMF;59;58;-1
113350;R. Adiceam;GK;60;59;-1
113352;M. Babi;CF;67;66;-1
113355;E. Bourgaud;RMF;60;59;-1
113359;L. Heloise;CMF;61;60;-1
113368;K. Riedle;CF;68;67;-1
113417;M. Parra;CB;70;69;-1
113419;G. Rojas;CF;64;63;-1
113426;A. Yiadom;RB;74;73;-1
113429;C. Trejos;GK;59;58;-1
113432;S. Perez;GK;60;59;-1
113441;E. Mendy;GK;82;81;-1
113446;John Victor;GK;77;76;-1
113500;J. Menéndez;LMF;69;68;-1
113502;Y. Wissa;CF;82;81;-1
113510;L. Solís;RMF;66;65;-1
113532;Shaylon;AMF;72;71;-1
113568;C. Bernardi;RMF;72;71;-1
113569;J. Coleman;GK;59;58;-1
113574;D. Bentley;GK;71;70;-1
113597;F. Andrijašević;CMF;73;72;-1
113600;S. Chéré;CMF;64;63;-1
113601;Q. Martin;RB;62;61;-1
113608;Nico Williams;LWF;85;84;-1
113623;L. Quezada;LB;63;62;-1
113626;Carlos Augusto;LB;81;80;-1
113632;Son;AMF;62;61;-1
113633;F. Oviedo;CF;64;63;-1
113656;N. Lomb;GK;67;66;-1
113665;T. Alarcón;DMF;72;71;-1
113703;W.van der Steen;GK;63;62;-1
113707;K. Dolberg;CF;63;62;-1
113708;T. David;RB;61;60;-1
113711;J. Schouten;CF;59;58;-1
113712;J. Helmer;AMF;62;61;-1
113714;Zé Roberto;CF;67;66;-1
113736;G. Armeno;LB;65;64;-1
113750;I. Ocampo;CMF;60;59;-1
113758;G. Mastinu;RWF;66;65;-1
113782;D. Bakola;CMF;67;66;-1
113790;D. Kutesa;LMF;66;65;-1
113806;L. Braga;RMF;67;66;-1
113810;Ítalo Vargas;LWF;67;66;-1
113811;Joel;RB;68;67;-1
113840;I. Gómez;DMF;71;70;-1
113861;S. Lontani;CF;62;61;-1
113887;L. Reis;CMF;71;70;-1
113903;J. Bengui;GK;62;61;-1
113907;J. Bellegarde;CMF;75;74;-1
113910;Y. Silva;DMF;60;59;-1
113911;F. Valverde;CMF;88;87;-1
113923;A. Calcan;AMF;64;63;-1
113926;L. Loria;GK;64;63;-1
113928;L. Coccolo;LB;63;62;-1
113933;Moisés;LWF;73;72;-1
113950;Jean Cleber;DMF;67;66;-1
113967;D. Jensen;GK;74;73;-1
113979;C. Kouamè;CF;70;69;-1
113980;P. Anton;CMF;69;68;-1
113981;Maroan;CF;72;71;-1
114020;A. Edun;LB;62;61;-1
114030;Hildeberto P.;RB;69;68;-1
114040;J. Andrada;CMF;67;66;-1
114043;Marcelo Paulino;GK;65;64;-1
114055;M. Kaba;DMF;63;62;-1
114063;C. Elder;LB;64;63;-1
114068;C. Walton;GK;74;73;-1
114071;B. Munongo;CMF;63;62;-1
114076;Y. Arismendi;LMF;66;65;-1
114077;W. Núñez;LWF;65;64;-1
114083;D. Koks;CMF;59;58;-1
114084;L. Skjellerup;CF;66;65;-1
114086;Carlos Miguel;GK;78;77;-1
114092;A. Hausch;LWF;65;64;-1
114101;Young;GK;63;62;-1
114102;J. Bekkema;GK;64;63;-1
114108;H. van Schaik;CB;61;60;-1
114120;B. Cuello;RMF;66;65;-1
114135;S. López García;RB;71;70;-1
114152;W. Bracamonte;LWF;60;59;-1
114153;N. Labrović;GK;73;72;-1
114180;I. Touré;CB;71;70;-1
114181;A. Tape;CB;68;67;-1
114185;G. Olley;RMF;56;55;-1
114188;J. Belocian;CB;72;71;-1
114191;A. Harit;LWF;75;74;-1
114199;G. Hein;RWF;77;76;-1
114200;F. Pellistri;RWF;74;73;-1
114213;C. Johnson;CB;61;60;-1
114214;A. Nunziante;GK;57;56;-1
114218;L. Sequeira;AMF;67;66;-1
114219;S. López;LWF;69;68;-1
114226;Marc Roca;DMF;79;78;-1
114248;C. Setola;LB;65;64;-1
114251;Pablo García;RWF;71;70;-1
114257;E. Taborda;LWF;63;62;-1
114273;Bruninho;LWF;64;63;-1
114287;J. Bisiwu;LWF;68;67;-1
114290;Bastos;CB;73;72;-1
114293;D. Borrero;LWF;69;68;-1
114295;Antonio Vera;RMF;60;59;-1
114297;Santi Comesaña;CMF;80;79;-1
114307;A. Vogliacco;CB;71;70;-1
114319;Alberto Zapater;DMF;71;70;-1
114321;Melli;CB;65;64;-1
114328;JV Fonseca;RB;62;61;-1
114334;E. Purita;RMF;61;60;-1
114345;F. Vera;DMF;75;74;-1
114364;B. Rollheiser;RWF;74;73;-1
114371;G. Villar;GK;71;70;-1
114372;G. Cano;CF;71;70;-1
114381;J. Foyth;CB;80;79;-1
114386;M. Pellegrino;CF;72;71;-1
114389;O. Kellyman;AMF;66;65;-1
114395;A. Bermont;LWF;69;68;-1
114396;S. Diop;LWF;77;76;-1
114398;E. Fernandes;AMF;72;71;-1
114403;Iván Villar;GK;73;72;-1
114405;Z. Yohanna;RWF;68;67;-1
114409;N. Schmidt;CMF;72;71;-1
114415;M. Brahami;CF;61;60;-1
114419;Bryan Zaragoza;LWF;78;77;-1
114421;Dani Ojeda;CF;65;64;-1
114426;D. Ljubičić;DMF;74;73;-1
114430;I. Akhomach;RWF;76;75;-1
114431;Ó. Cortés;LWF;70;69;-1
114432;S. Elia;RMF;73;72;-1
114437;O. Atzili;RWF;67;66;-1
114459;O. Harfield;LB;65;64;-1
114471;F. Medina;RWF;64;63;-1
114472;T. Cervera;CF;67;66;-1
114475;H. Jouini;CF;67;66;-1
114477;Navas;RB;62;61;-1
114478;J. Sforza;DMF;71;70;-1
114487;Dani Lasure;LB;61;60;-1
114490;F. Akammadu;LWF;64;63;-1
114494;Y. Marillat;GK;61;60;-1
114502;Ismael;DMF;66;65;-1
114503;Igor Jesus;CF;78;77;-1
114505;C. Paul;CMF;61;60;-1
114522;T. Galdames;CB;64;63;-1
114530;A. Dzabana;CF;62;61;-1
114537;J. Gho;RMF;69;68;-1
114547;P. Armenakas;RWF;61;60;-1
114552;K. Kuchaev;AMF;57;56;-1
114561;V. Hladký;GK;69;68;-1
114562;Japa;CMF;65;64;-1
114566;Brahim;RWF;82;81;-1
114568;J. Dasilva;CMF;72;71;-1
114577;J. Mateta;CF;82;81;-1
114610;D. Vuelto;CF;61;60;-1
114613;L. Rogerson;RWF;63;62;-1
114623;K. Müller;CB;61;60;-1
114634;D. Tarzia;LWF;67;66;-1
114638;M. Guendouzi;CMF;74;73;-1
114640;D. Doué;RWF;87;86;-1
114655;U. Happonen;GK;61;60;-1
114657;Luis Muñoz;CB;61;60;-1
114669;C. Gonçalves;DMF;71;70;-1
114708;D. Coulibaly;CMF;62;61;-1
114709;W. Mazzantti;RWF;70;69;-1
114713;T. Kummer;CB;65;64;-1
114715;G. Benedetti;LB;75;74;-1
114718;P. Argney;GK;64;63;-1
114730;M. Mónaco;RMF;63;62;-1
114737;J. Sims;RWF;67;66;-1
114739;F. Monilla;CB;62;61;-1
114740;M. Reyes;RWF;64;63;-1
114753;F. Melegoni;DMF;68;67;-1
114766;F. Kalinger;LWF;62;61;-1
114792;F. Torres;RWF;67;66;-1
114798;B. Mayo;GK;55;54;-1
114803;Yago Noal;AMF;61;60;-1
114808;P. Foden;AMF;85;84;-1
114852;L. Otávio;DMF;65;64;-1
114876;A. Wan-Bissaka;RB;79;78;-1
114877;L. Michal;LWF;67;66;-1
114879;Pablo Marín;AMF;74;73;-1
114883;J. Musiala;AMF;88;87;-1
114891;C. Palmer;AMF;86;85;-1
114894;H. Cuenca;RWF;63;62;-1
114896;P. Masini;CMF;69;68;-1
114897;J. Altamirano;AMF;73;72;-1
114898;I. Aaneba;CB;61;60;-1
114911;T. Chirewa;AMF;65;64;-1
114913;P. Pellegri;CF;69;68;-1
114924;Q. Hartman;LB;76;75;-1
114930;A. Osambela;CMF;67;66;-1
114933;P. Sarr;CMF;80;79;-1
114941;B. Passi;CB;63;62;-1
114945;J. Cejas;AMF;61;60;-1
114949;K. Perntreou;GK;59;58;-1
114952;V. Pollet;AMF;61;60;-1
114958;N. Cavuoti;AMF;65;64;-1
114960;Álex Primo;GK;61;60;-1
114961;W. Ndidi;DMF;62;61;-1
114968;K. Bare;AMF;62;61;-1
114971;M. Harris;RWF;61;60;-1
114975;I. Konaté;CB;85;84;-1
114976;S. Fofana;DMF;66;65;-1
114984;B. Brereton;LMF;75;74;-1
114987;Raí Nascimento;SS;64;63;-1
114993;Raul Prata;RB;73;72;-1
114995;F. Maracchi;CMF;63;62;-1
115009;G. Middleton;LWF;60;59;-1
115026;L. Lucciarini;AMF;60;59;-1
115029;J. Ter Horst;CB;69;68;-1
115036;K. Mcallister;RWF;61;60;-1
115038;F. Rossi;GK;63;62;-1
115039;Marcio;CB;73;72;-1
115049;Frazan;CB;68;67;-1
115053;S. Raykov;LWF;65;64;-1
115062;E. Owusu;DMF;74;73;-1
115065;S. Salle;RMF;66;65;-1
115072;Carlos Garrido;CB;61;60;-1
115077;L. Pokorný;CB;71;70;-1
115088;T. Cuello;RMF;60;59;-1
115089;J. Romero;CF;64;63;-1
115090;J. Orgaz;CMF;62;61;-1
115093;A. Abedzadeh;GK;63;62;-1
115094;M. Traoré;DMF;61;60;-1
115099;M. Remacle;DMF;63;62;-1
115105;İ. Vural;CMF;64;63;-1
115119;T. Segovia;CMF;72;71;-1
115120;N. Córdoba;CB;62;61;-1
115122;V. Carboni;AMF;72;71;-1
115136;T. Martinelli;GK;72;71;-1
115147;L. Šimić;CB;64;63;-1
115154;D. Beaulieu;AMF;62;61;-1
115159;V. Balieiro;DMF;65;64;-1
115161;Diego López;RWF;78;77;-1
115173;Wellington C.;CF;61;60;-1
115192;M. Verreth;RWF;63;62;-1
115229;E. Martel;DMF;77;76;-1
115256;A. Coppola;CB;62;61;-1
115264;Lluc Castell;LWF;63;62;-1
115283;J. Bonilla;CMF;62;61;-1
115284;B. Barcia;RWF;70;69;-1
115285;I. Saavedra;DMF;71;70;-1
115287;J. Ananias;CB;64;63;-1
115290;G. Borrelli;CF;70;69;-1
115303;D. Gurri;LMF;63;62;-1
115330;M. Brondo;CF;65;64;-1
115362;P. Ruíz;LMF;61;60;-1
115375;T. Guidara;RB;70;69;-1
115378;E. Roggio;CF;63;62;-1
115379;F. Redondo;DMF;71;70;-1
115385;F. Buonanotte;AMF;75;74;-1
115386;R. Schlegel;CB;61;60;-1
115526;D. Latorre;CF;59;58;-1
115527;Yan;CMF;61;60;-1
115532;T. González;RWF;66;65;-1
115535;N. Domínguez;CMF;79;78;-1
115543;B. Barticciotto;LWF;70;69;-1
115547;A. Tello;DMF;65;64;-1
115647;S. Ben Amar;CF;59;58;-1
115650;M. Tissera;CF;59;58;-1
115652;C. Roberts;RB;75;74;-1
115653;Guridi;CMF;74;73;-1
115779;M. Maydana;LB;68;67;-1
115789;P. Maronilli;CB;59;58;-1
115831;S. Sagnan;CB;67;66;-1
115836;M. Djouaher;CMF;62;61;-1
115837;K. Chergui;AMF;62;61;-1
115838;A. Lebrun;RWF;60;59;-1
115840;S. Khadda;CMF;62;61;-1
115845;M. Merghem;LMF;61;60;-1
115871;M. Guezoui;CF;63;62;-1
115893;N. Dickel;CF;60;59;-1
115894;U. Bolt;LWF;59;58;-1
115900;M. Reyes;CF;60;59;-1
115901;M. Abaldo;RWF;73;72;-1
115909;M. García;RWF;70;69;-1
115926;Leozinho;RWF;72;71;-1
115938;Luís Mata;LB;66;65;-1
115956;K. Nwakali;AMF;62;61;-1
115989;Davi Gomes;LWF;63;62;-1
115991;N. Mickelson;LB;67;66;-1
115993;D. Leonard;CB;64;63;-1
115994;C. Dessers;CF;71;70;-1
116000;R. Sprangers;LWF;60;59;-1
116001;T. Marijnissen;AMF;62;61;-1
116025;T. Receveur;DMF;64;63;-1
116032;S. Brinkman;CMF;62;61;-1
116033;J. Dzurlic;AMF;64;63;-1
116035;J. Rijkers;LWF;60;59;-1
116037;C. Gomis;CF;66;65;-1
116039;L. Mulazzi;CB;61;60;-1
116048;A. Zanini;CB;62;61;-1
116054;F. Sacko;RB;65;64;-1
116060;A. Barák;AMF;73;72;-1
116061;M. Krmenčík;CF;72;71;-1
116090;A. Bouhaddouz;CF;60;59;-1
116091;A. Atouchi;CB;64;63;-1
116092;K. Colvey;LB;61;60;-1
116102;G. Kostadinov;CMF;62;61;-1
116133;J. Kouffaty;SS;73;72;-1
116145;G. Infantino;AMF;66;65;-1
116146;M. Pinto;LWF;70;69;-1
116183;Rodrigo Ribeiro;CF;70;69;-1
116205;C. Lippmann;RMF;66;65;-1
116206;A. Abdullahi;RWF;61;60;-1
116208;J. Recalde;AMF;67;66;-1
116211;Douglas Luiz;CMF;79;78;-1
116229;O. Yokuşlu;CMF;75;74;-1
116230;C. Ünder;LWF;76;75;-1
116236;A. Androutsos;CMF;65;64;-1
116252;M. Bero;RMF;71;70;-1
116253;J. Holúbek;LMF;71;70;-1
116276;Amr Warda;LWF;75;74;-1
116283;O. Kayode;CF;73;72;-1
116296;C. Paterson;RB;71;70;-1
116298;F. Pimienta;RWF;61;60;-1
116305;E. Nuamah;RWF;75;74;-1
116349;Ngadeu-Ngadjui;CB;75;74;-1
116389;R. Mphahlele;CB;66;65;-1
116392;A. Paulsen;GK;69;68;-1
116407;Felipe;CF;66;65;-1
116410;Marcinho;RWF;69;68;-1
116419;R. Belahyane;DMF;68;67;-1
116422;R. Braschi;CF;61;60;-1
116427;E. Helland;CB;69;68;-1
116428;M. Meïté;CF;73;72;-1
116443;G. Martino;CMF;61;60;-1
116445;R. Galli;GK;64;63;-1
116449;I. Bravo;CF;63;62;-1
116464;J. Ciarrocchi;CF;60;59;-1
116467;M. García;DMF;70;69;-1
116471;Brais Méndez;CMF;79;78;-1
116479;V. Fabris;CMF;62;61;-1
116480;L. Tortori;SS;61;60;-1
116481;P. Pellicanò;LB;61;60;-1
116486;H. Lærke;RWF;63;62;-1
116494;A. Faciano;AMF;60;59;-1
116496;M. Morello;DMF;65;64;-1
116498;S. Dulic;CB;67;66;-1
116499;Chiqueti;AMF;62;61;-1
116503;J. Iurino;CB;61;60;-1
116523;Sergio Molina;CMF;58;57;-1
116539;G. Machín;CMF;69;68;-1
116540;Erick Belé;AMF;63;62;-1
116567;Xemi;CMF;64;63;-1
116572;J. Guillemenot;CF;60;59;-1
116574;Jordi Mboula;RWF;70;69;-1
116577;Abel Ruiz;CF;73;72;-1
116586;M. Mellado;DMF;64;63;-1
116593;P. Fernández;GK;65;64;-1
116602;J. López;DMF;71;70;-1
116611;J. Urzúa;CMF;59;58;-1
116614;M. Kravchenko;RMF;59;58;-1
116630;A. Ladstatter;RWF;65;64;-1
116639;S. Polat;RB;61;60;-1
116640;S. Karakoç;AMF;59;58;-1
116644;F. Coltorti;GK;73;72;-1
116646;R. Khedira;DMF;77;76;-1
116649;W. Orbán;CB;84;83;-1
116652;T. Werner;CF;66;65;-1
116657;J. Strauss;DMF;62;61;-1
116658;F. P. Martinez;CF;66;65;-1
116663;S. Pispas;CF;60;59;-1
116665;G. Güney;CMF;62;61;-1
116673;A. Boriachuk;CF;59;58;-1
116676;V. Vanat;CF;78;77;-1
116682;I. Leontyev;CMF;62;61;-1
116684;K. Savichev;RWF;60;59;-1
116693;J. Hjertø-Dahl;CMF;69;68;-1
116702;D. Schmid;AMF;61;60;-1
116723;E. Bearzotti;RWF;63;62;-1
116725;A. Polidori;CF;60;59;-1
116741;Sivera;GK;78;77;-1
116749;G. Guliashvili;LWF;70;69;-1
116909;M. Kanoute;LWF;65;64;-1
116912;Reinier;AMF;70;69;-1
116938;Rubén Gómez;GK;64;63;-1
116945;Í. Sainz-Maza;CMF;68;67;-1
116948;F. Corapi;CMF;60;59;-1
116952;R. Arboleda;CB;73;72;-1
116996;A. Fiordilino;DMF;64;63;-1
117047;Vinícius Júnior;LWF;90;89;-1
117050;F. Pardo;CB;73;72;-1
117053;S. Festa;GK;59;58;-1
117072;A. Kamara;RWF;69;68;-1
117087;Pedro Neto;RWF;82;81;-1
117289;Tete Morente;LWF;72;71;-1
117359;L. Verstraete;CMF;62;61;-1
117361;D. Bjedov;CF;65;64;-1
117363;M. Munetsi;CMF;77;76;-1
117380;J. Tincrès;CF;65;64;-1
117383;V. Mihalcea;AMF;61;60;-1
117384;A. Furlanetto;GK;62;61;-1
117388;A. Tudorie;CF;65;64;-1
117393;William;LWF;74;73;-1
117397;H. Gnohéré;CF;68;67;-1
117399;B. Şimşek;LWF;60;59;-1
117400;R. Solís;GK;67;66;-1
117417;G. Wüthrich;CB;70;69;-1
117427;J. Ščuk;DMF;68;67;-1
117430;P. Kovář;GK;67;66;-1
117431;M. Otáhal;GK;66;65;-1
117462;F. Carvalho;CB;68;67;-1
117465;Matheus Barrozo;CF;67;66;-1
117482;I. Mystakidis;RWF;70;69;-1
117488;A. Prijović;CF;75;74;-1
117493;F. Banguero;LB;68;67;-1
117494;J. Palacios;RB;71;70;-1
117497;H. Traorè;LWF;76;75;-1
117512;J. Mosquera;LMF;61;60;-1
117515;J. Ramírez;AMF;62;61;-1
117521;C. Ndour;CMF;73;72;-1
117524;K. Kelsy;CF;69;68;-1
117525;F. Duclós;CB;62;61;-1
117531;Á. Valera;CF;73;72;-1
117534;F. Allain;RB;62;61;-1
117535;J. Marina;RMF;61;60;-1
117545;T. Cuello;LWF;75;74;-1
117548;S. Mbangula;LWF;75;74;-1
117552;Asier Hierro;CF;61;60;-1
117554;Filipe Renan;AMF;62;61;-1
117563;A. Gomes;AMF;76;75;-1
117579;A. Farías;DMF;64;63;-1
117588;André Henrique;CF;65;64;-1
117627;S. Doucouré;CB;65;64;-1
117629;T. Efouba;RB;62;61;-1
117640;U. Bozok;CF;63;62;-1
117646;O. Wójcik;CB;70;69;-1
117647;C. Rotondi;CF;59;58;-1
117648;M. Diambou;DMF;66;65;-1
117655;J. Cummings;CF;67;66;-1
117658;P. Barremaecker;RB;70;69;-1
117660;J. Anziani;CMF;58;57;-1
117670;Á. Rodríguez;CF;76;75;-1
117673;M. D'Arpino;CMF;64;63;-1
117678;Kaique Kenji;LWF;64;63;-1
117682;P. Zabi;CMF;72;71;-1
117689;J. Campaz;LWF;76;75;-1
117693;A. Pussetto;SS;61;60;-1
117698;L. Lerager;CMF;75;74;-1
117699;M. Trésor;AMF;73;72;-1
117701;N. Thomas;LMF;66;65;-1
117703;M. Hermansen;GK;75;74;-1
117708;E. Pinnock;CB;76;75;-1
117723;J. Kalumba;RWF;66;65;-1
117727;E. Mbemba;LB;66;65;-1
117749;C. Hall;CF;60;59;-1
117757;J. Allende;CMF;60;59;-1
117758;K. Ortiz;CMF;72;71;-1
117764;S. Mallan;CMF;62;61;-1
117769;Álex Domínguez;GK;67;66;-1
117775;J. Flores;CF;62;61;-1
117780;Y. Lachhab;CMF;67;66;-1
117786;Robinho Júnior;RWF;66;65;-1
117788;I. Koné;CMF;76;75;-1
117794;D. Giménez;DMF;62;61;-1
117799;Pedro Henrique;CF;71;70;-1
117802;D. Bobadilla;CMF;73;72;-1
117807;M. Bürki;CB;66;65;-1
117813;Y. Asprilla;RWF;75;74;-1
117816;Paolo Fernandes;AMF;68;67;-1
117819;J. Monga;LWF;65;64;-1
117833;D. Terentjev;RB;70;69;-1
117834;D. Kuzyaev;DMF;74;73;-1
117838;P. Vagic;LMF;61;60;-1
117855;E. Başsan;AMF;70;69;-1
117857;Sergi Puig;GK;64;63;-1
117862;Rafinha;AMF;62;61;-1
117866;H. Moldovan;GK;71;70;-1
117870;A. Tartaglia;CB;61;60;-1
117873;J. Cajuste;DMF;74;73;-1
117876;G. Giakoumakis;CF;68;67;-1
117877;L. Ali;SS;68;67;-1
117888;P. Eler;CF;60;59;-1
117902;S. Nimely;CF;65;64;-1
117905;Z. Bakaev;RWF;66;65;-1
117921;Zé Pedro;LWF;61;60;-1
117935;Holmes Júnior;CB;62;61;-1
117943;K. Shcherbakov;RB;61;60;-1
117956;M. Visaguirre;LB;68;67;-1
117971;P. Szecui;CMF;62;61;-1
117986;G. Estigarribia;SS;60;59;-1
117994;Manu Hernando;CB;70;69;-1
117998;M. Melbourne;LB;62;61;-1
118009;K. Retamar;RWF;69;68;-1
118012;Jefferson;DMF;65;64;-1
118013;Foguinho;DMF;65;64;-1
118018;M. Saavedra;SS;60;59;-1
118020;J. Jugas;CB;70;69;-1
118021;T. Soucek;DMF;77;76;-1
118032;F. Lo Celso;AMF;64;63;-1
118039;D. Ladan;CF;64;63;-1
118040;K. O'Connor;LB;64;63;-1
118050;S. Väisänen;CB;68;67;-1
118051;G. Freitas;DMF;71;70;-1
118053;Figueiredo;CMF;62;61;-1
118054;B. Madjo;CF;66;65;-1
118055;Bruno Silva;LB;61;60;-1
118058;K. Ramé;CMF;66;65;-1
118061;Diogo Gonçalves;LWF;70;69;-1
118090;D. Díaz;RB;61;60;-1
118095;A. Quirós;CB;74;73;-1
118118;Özer Özdemir;RB;62;61;-1
118119;Bruno Jordão;CMF;62;61;-1
118121;Puigmal;RWF;71;70;-1
118129;L. Coulibaly;RMF;69;68;-1
118135;A. Vranckx;CMF;73;72;-1
118142;L. Giaccone;RWF;72;71;-1
118143;D. Castillo;CMF;70;69;-1
118156;M. Cavallotti;GK;67;66;-1
118157;M. Merentiel;CF;64;63;-1
118166;K. Mets;CB;69;68;-1
118171;S. Tonali;DMF;86;85;-1
118172;G. Poncet;CF;61;60;-1
118177;B. Williams;LB;61;60;-1
118189;E. Rodríguez;DMF;63;62;-1
118197;M. Langer;GK;73;72;-1
118198;M. Alluci;CMF;58;57;-1
118214;I. Vukotić;DMF;65;64;-1
118221;D. Ndoye;RWF;78;77;-1
118224;M. Franke;CB;72;71;-1
118234;Pedro Silva;GK;67;66;-1
118241;S. Sessegnon;RB;62;61;-1
118242;M. O'Riley;CMF;61;60;-1
118244;D. Nedelcu;DMF;75;74;-1
118246;I. Meslier;GK;72;71;-1
118247;T. Fernández;CB;61;60;-1
118249;M. Acosta;CF;63;62;-1
118252;C. Coxe;RB;61;60;-1
118253;Zito Luvumbo;RWF;72;71;-1
118258;Z. Gozo;RWF;72;71;-1
118262;O. Marmoush;CF;83;82;-1
118268;T. van de Looi;CMF;65;64;-1
118270;L. Kal;DMF;68;67;-1
118274;T. Reijnders;CMF;85;84;-1
118280;T. Frost;RMF;60;59;-1
118284;A. Sánchez;DMF;73;72;-1
118290;E. Etringer;GK;61;60;-1
118293;Arthur Gabriel;LB;65;64;-1
118298;Emmanouilidis;RWF;61;60;-1
118299;V. Theocharis;DMF;65;64;-1
118300;M. Fernández;DMF;70;69;-1
118307;O. Güçtekin;DMF;61;60;-1
118308;U. Radaković;CB;67;66;-1
118314;C. Toure;LWF;67;66;-1
118315;V.d. Meulenhof;GK;61;60;-1
118317;K. Belazzoug;GK;59;58;-1
118324;L. Engelns;DMF;66;65;-1
118335;R. Gravenberch;DMF;86;85;-1
118336;F. Cabral;CF;65;64;-1
118341;F. Palma;CMF;62;61;-1
118344;M. Villasanti;DMF;73;72;-1
118357;E. Iannoni;CMF;68;67;-1
118362;Gb;CF;63;62;-1
118363;A. Piedrahita;LMF;69;68;-1
118365;L. Heredia;CF;71;70;-1
118370;T. Gigena;CF;58;57;-1
118382;M. Varešanović;CMF;64;63;-1
118385;A. Sosa;LMF;69;68;-1
118386;A. Millgramm;LWF;63;62;-1
118387;Maga;RB;66;65;-1
118389;S. Haksabanovic;LMF;65;64;-1
118393;F. Terracciano;CB;72;71;-1
118405;N. Demartini;CB;69;68;-1
118411;J. Molumby;CMF;62;61;-1
118420;L. Berardi;LMF;61;60;-1
118421;M. Godoy;LMF;68;67;-1
118424;Rogério;LB;67;66;-1
118428;Dro Fernández;AMF;74;73;-1
118434;M. Felici;LWF;73;72;-1
118435;F. Malbašić;RWF;65;64;-1
118440;M. Díaz;GK;65;64;-1
118449;T. Durso;GK;65;64;-1
118451;M. Melluso;LB;71;70;-1
118453;N. Dibble;SS;67;66;-1
118457;B. Galván;CMF;69;68;-1
118475;P. Díaz;GK;70;69;-1
118478;J. Hernández;RMF;69;68;-1
118479;C. Nascimento;LB;63;62;-1
118482;M. Brizuela;CB;71;70;-1
118484;P. Giannotti;CMF;62;61;-1
118490;J. Knight;CB;62;61;-1
118496;L. Lochoshvili;CB;72;71;-1
118501;L. Ríos;DMF;68;67;-1
118505;M. Tagliamonte;GK;68;67;-1
118515;B. Waine;CF;63;62;-1
118527;K. Havertz;CF;82;81;-1
118530;R. Palermo;CF;64;63;-1
118536;M. Bentoumi;AMF;62;61;-1
118544;T. Schnitzer;DMF;59;58;-1
118548;Omar Fayed;CB;66;65;-1
118557;M. Aramburu;CF;67;66;-1
118558;S. Rosané;DMF;69;68;-1
118561;T. Delaine;LB;66;65;-1
118562;A. Gory;LMF;71;70;-1
118566;A. Camara;DMF;74;73;-1
118570;A. Francis;CMF;70;69;-1
118578;Índio;AMF;59;58;-1
118580;L. Lescano;CF;63;62;-1
118597;F. Moyano;DMF;68;67;-1
118602;L. Martínez D.;CF;68;67;-1
118604;M. Ristl;DMF;64;63;-1
118612;L. Höler;CF;73;72;-1
118614;D. Vavro;CB;69;68;-1
118615;L. Lumeka;LMF;63;62;-1
118619;Ryan Francisco;CF;64;63;-1
118628;S. Andino;LMF;74;73;-1
118630;S. Cerbone;LWF;61;60;-1
118634;Allanzinho;LWF;66;65;-1
118642;David Toro;CF;61;60;-1
118645;M. Vera;CMF;69;68;-1
118650;N. Elphege;CF;66;65;-1
118656;L. Bailey;RWF;78;77;-1
118661;E. Cabrera;AMF;69;68;-1
118662;Caio Roque;LB;65;64;-1
118682;R. White;RMF;59;58;-1
118689;M. Vrousai;AMF;62;61;-1
118692;G. Ireba;CF;61;60;-1
118696;V. Dragomir;AMF;63;62;-1
118702;L. Morales;GK;69;68;-1
118705;S. Moore;RB;68;67;-1
118710;A. Delgado;CF;61;60;-1
118713;E. Galego;CF;65;64;-1
118717;Erick;RWF;74;73;-1
118718;★d. Beckham;RMF;76;75;-1
118719;D. Fernández;CB;73;72;-1
118722;W. Riascos;LMF;63;62;-1
118723;C. Ejuke;LWF;77;76;-1
118734;Ângelo;RWF;77;76;-1
118735;P. Penev;GK;57;56;-1
118826;J. Correa;DMF;64;63;-1
118836;A. Riep;RMF;60;59;-1
118838;C. Saldaña;LB;61;60;-1
118842;S. Pinas;LB;61;60;-1
118928;K. Barcella;CF;59;58;-1
118930;G. De Marzi;GK;59;58;-1
118937;E. Pacionel;AMF;58;57;-1
118940;F. Nmecha;CMF;86;85;-1
118945;F. Nicola;LMF;69;68;-1
118949;C. Olivera;RWF;73;72;-1
118955;A. Bamba;DMF;73;72;-1
118959;J. Portillo;CB;62;61;-1
118961;D. Peixoto;DMF;65;64;-1
118962;B. Kaltefleiter;DMF;60;59;-1
118968;Hugo Duro;CF;78;77;-1
118969;O. Sahraoui;LWF;76;75;-1
118973;Bambo Diaby;CB;68;67;-1
118974;F. Cabanillas;AMF;58;57;-1
118983;B. Martínez;LMF;68;67;-1
118989;R. Ibarra;CB;67;66;-1
119088;T. Aranda;AMF;73;72;-1
119097;A. Obando;CF;68;67;-1
119106;A. Hainaut;RB;72;71;-1
119107;O. Gandelman;AMF;72;71;-1
119114;A. Sarco;CF;65;64;-1
119120;D. Bogdanov;CF;59;58;-1
119121;B. Tison;CMF;62;61;-1
119134;Gui Negão;CF;69;68;-1
119135;Luis Rioja;RWF;78;77;-1
119136;N. Rusyn;CF;64;63;-1
119147;R. Romo;GK;73;72;-1
119150;Chumi Brandariz;CB;62;61;-1
119153;Rafael Leão;LWF;85;84;-1
119440;S. Campo;AMF;68;67;-1
119778;C. Gamarra;CB;66;65;-1
119798;A. Gómez;RB;68;67;-1
119805;José Alonso;LWF;65;64;-1
119809;F. Alfonso;RWF;68;67;-1
119815;L. Cabral;AMF;70;69;-1
119823;R. Hernández;RWF;59;58;-1
119829;K. Baeza;CF;59;58;-1
119860;L. Bursich;GK;62;61;-1
119866;Cauan Barros;DMF;72;71;-1
119875;A. Harroui;CMF;72;71;-1
119877;D. St. Clair;GK;74;73;-1
119878;Y. Adli;DMF;77;76;-1
119889;N. Mazraoui;RB;81;80;-1
119891;Óscar Lozano;RWF;65;64;-1
120082;Marcos Antônio;CMF;77;76;-1
120303;M. Barrow;CF;62;61;-1
120312;R. Spano;CF;62;61;-1
120314;M. Cuitiño;CF;61;60;-1
120355;T. Chalobah;CB;81;80;-1
120362;L. Moult;CF;61;60;-1
120363;S. Meza;GK;72;71;-1
120369;S. Dalmasso;AMF;61;60;-1
120376;Josan;RWF;73;72;-1
120377;S. Abdul Samed;DMF;73;72;-1
120383;M. Pieringer;CF;73;72;-1
120385;O. Gamble;RB;61;60;-1
120386;P. Plambeck;RMF;58;57;-1
120852;F. Bachirou;DMF;69;68;-1
121193;J. Balkovec;LB;66;65;-1
121219;Samuel Arbelo;CMF;63;62;-1
121236;Iván Martos;LB;64;63;-1
121242;Q. Constanciel;CB;59;58;-1
121243;S. Zukić;CF;63;62;-1
121254;L. Lavagnino;GK;65;64;-1
121285;Andrés Martín;RWF;78;77;-1
121300;M. González;DMF;66;65;-1
121311;A. Almendra;CMF;74;73;-1
121325;H. Petryk;RB;68;67;-1
121335;S. Seddon;LB;61;60;-1
121336;C. Lakin;LMF;62;61;-1
121338;F. Pereyra;CB;68;67;-1
121340;C. Cándido;LB;73;72;-1
121355;F. Marchetti;DMF;65;64;-1
121358;G. Verón;CF;70;69;-1
121368;I. Bolaño;RWF;68;67;-1
121372;D. Chambost;CMF;62;61;-1
121377;R. Caumet;DMF;65;64;-1
121379;A. Antilef;AMF;66;65;-1
121380;A. Coman;SS;63;62;-1
121385;M. Hoedemakers;CMF;64;63;-1
121388;J. Beadle;GK;71;70;-1
121393;D. Srbeny;CF;63;62;-1
121399;A. Andrada;CB;62;61;-1
121400;L. Ruiz;CF;62;61;-1
121952;M. Ibacache;LB;62;61;-1
121954;D. Popov;CB;64;63;-1
121958;J. Rowe;LWF;77;76;-1
121967;A. Díaz;LWF;61;60;-1
121968;D. Valencia;CF;68;67;-1
121973;M. Zemzemi;RMF;62;61;-1
121987;C. Ogbene;LMF;63;62;-1
121992;M. Diaby;RWF;83;82;-1
121994;E. Matazo;CMF;71;70;-1
122000;J. Solis;CMF;72;71;-1
122002;Joelinton;CMF;81;80;-1
122007;A. Martínez;CB;68;67;-1
122008;Camilo;DMF;67;66;-1
122010;B. Durdov;RWF;65;64;-1
122012;C. Gakpo;LWF;83;82;-1
122014;Zheng Jie;CMF;62;61;-1
122016;L. Sasha;DMF;70;69;-1
122020;M. Succar;CF;65;64;-1
122037;D. Otoya;CF;64;63;-1
122281;L. Marchi;LB;66;65;-1
122288;J. Paredes;CF;65;64;-1
122310;L. Peña;RMF;68;67;-1
122313;J. García;CB;59;58;-1
122321;C. Algarañaz;CF;67;66;-1
122729;M. Zelaya;CB;63;62;-1
122732;A. Granko;RWF;61;60;-1
122733;J. Vertrouwd;CB;69;68;-1
122897;C. Fara;CB;72;71;-1
122932;L. Romero;DMF;68;67;-1
122933;S. Mendoza;CMF;57;56;-1
122934;M. Chaparro;LWF;63;62;-1
123067;P. Cari;CMF;64;63;-1
123075;C. Paredes;CMF;68;67;-1
123232;L. Herrera;LMF;69;68;-1
123722;M. Alvarado;RWF;65;64;-1
124233;K. Rodríguez;RB;65;64;-1
124248;Choi Gu-rum;CB;66;65;-1
124249;M. Borgogno;GK;74;73;-1
124285;A. Custodio;CB;64;63;-1
124287;G. Barbosa;CF;65;64;-1
124295;M. Mundaca;LWF;66;65;-1
124850;M. Mallahi;RWF;66;65;-1
1255;Dejan Stanković;CMF;68;67;-1
1290;B. Lobonţ;GK;62;61;-1
15408;S. Doumbia;CF;61;60;-1
15430;Márcio Araújo;DMF;74;73;-1
15808;H. Sakai;RB;61;60;-1
16346;K. Mitoma;LWF;82;81;-1
16728;T. Asano;RWF;75;74;-1
1675;I. Zamorano;CF;69;68;-1
16812;K. Nakamura;GK;59;58;-1
1737;J. Zanetti;RB;73;72;-1
1951;S. Given;GK;62;61;-1
2429;Sócrates;AMF;75;74;-1
2489;E. Kawashima;GK;63;62;-1
2616;I. Pelizzoli;GK;67;66;-1
263072;Fernando;AMF;64;63;-1
263172;D. Méndez;GK;64;63;-1
263509;Lautaro;CB;68;67;-1
263774;Armando;DMF;61;60;-1
264036;J. Díaz;LB;69;68;-1
264272;Matías;DMF;62;61;-1
264275;D. Gutiérrez;CB;67;66;-1
264470;Ratón;CMF;64;63;-1
264488;Ramiro;GK;66;65;-1
266945;Guixiang Xu;DMF;68;67;-1
267144;A. Boakye;RWF;72;71;-1
267874;F. Hyatt;CMF;77;76;-1
267991;A. Sanches;DMF;79;78;-1
269062;A. Barreto;CF;73;72;-1
269212;I. Goios;GK;71;70;-1
269276;V. Denham;LWF;70;69;-1
270987;R. Heine;RWF;73;72;-1
272448;Ruowei Gu;GK;68;67;-1
292521;L. Piñero;LWF;66;65;-1
292559;K. Merida;LMF;59;58;-1
292691;B. Karimov;RB;65;64;-1
292701;I. Sergeev;CF;69;68;-1
292769;J. Shams Aldin;CF;59;58;-1
293360;S. Mandash;RWF;71;70;-1
293650;O. Asher;CMF;59;58;-1
294521;H. Beddington;CF;71;70;-1
294622;M. Mastil;GK;65;64;-1
295642;J. Lázaro;RMF;72;71;-1
295701;Dongjian Mo;CF;75;74;-1
296246;L. Horníček;GK;78;77;-1
296252;Ibrahim Adel;LWF;71;70;-1
296339;D. Eiri;CB;64;63;-1
296782;F. Venison;CB;71;70;-1
298445;T. Levey;LWF;67;66;-1
298453;Ramon;CMF;69;68;-1
298458;Lee Gi-Hyuk;CMF;71;70;-1
298903;M. Ghayedi;LWF;72;71;-1
299196;B. Suton;DMF;82;81;-1
299435;S. Radosevic;GK;80;79;-1
299562;B. Méndez;LWF;57;56;-1
299576;L. Eklund;LWF;79;78;-1
299893;R. Alvina;GK;68;67;-1
299930;A. Mozgovoy;CMF;63;62;-1
299958;L. Boyett;CF;72;71;-1
300053;F. Sara;LB;73;72;-1
300062;Y. Sithole;CMF;69;68;-1
300065;B. Nygren;RWF;75;74;-1
300497;P. Bethancourt;GK;77;76;-1
300560;G. Carbonell;AMF;75;74;-1
300855;F. Mcardle;LB;74;73;-1
300882;A. Blain;RB;76;75;-1
301017;R. Deacon;CMF;75;74;-1
30117;M. Capasso;CB;73;72;-1
30122;F. Gago;DMF;62;61;-1
301445;E. Makgopa;CF;69;68;-1
301818;G. Hillton;GK;77;76;-1
301979;B. Izzat;CB;60;59;-1
30210;Y. Touré;CMF;69;68;-1
302384;S. Djurovic;DMF;85;84;-1
302702;A. Jarque;LMF;70;69;-1
30323;K. Gameiro;CF;66;65;-1
303324;P. del Sol;GK;77;76;-1
303352;F. Díaz;CB;63;62;-1
303379;T. Aguiar;DMF;70;69;-1
30346;E. Hallfreðsson;CMF;58;57;-1
30367;P. Diongu;DMF;66;65;-1
303809;C. Samudio;GK;64;63;-1
30385;Danilo;AMF;74;73;-1
304418;Marcelo Lomba;GK;71;70;-1
304982;F. Esteves;SS;73;72;-1
304983;R. Barreto;AMF;71;70;-1
305075;H. Bywater;LWF;79;78;-1
305207;Seol Young-Woo;RB;74;73;-1
305641;N. Al-Rashdan;DMF;70;69;-1
305896;A. Lobo;DMF;73;72;-1
305909;J. Pérez;AMF;69;68;-1
306041;R. Lima;CMF;69;68;-1
306101;E. Narros;SS;74;73;-1
306103;B. Soldevilla;RB;75;74;-1
306812;Iltae Sagong;CF;67;66;-1
306920;V. Krznar;CB;79;78;-1
307652;A. Pires;DMF;68;67;-1
307686;W. Aguerre;GK;73;72;-1
307719;G. Vallecilla;CB;70;69;-1
307771;S. Nunes;RB;73;72;-1
307772;R. Lutiger;CB;70;69;-1
307787;X. Pessanha;CB;70;69;-1
308033;A. Suhail;RB;74;73;-1
308058;Y. Gericault;GK;65;64;-1
308100;T. Olase;CMF;59;58;-1
308134;Cheongil Wi;CB;64;63;-1
308170;A. Meira;SS;73;72;-1
308171;D. Moura;DMF;73;72;-1
308198;C. Bonsu Baah;RWF;74;73;-1
308283;S. Rafiq;CF;59;58;-1
308293;M. Arfsten;LMF;73;72;-1
308460;E. Aguiar;GK;71;70;-1
308506;D. Ruiz;LWF;73;72;-1
308512;J. Amaral;GK;80;79;-1
308516;J. Italiano;RMF;67;66;-1
308557;E. Goios;LWF;72;71;-1
308698;M. Leslie;CB;80;79;-1
308700;G. Upshaw;DMF;76;75;-1
308727;H. de Pedro;CF;73;72;-1
308757;C. Azevedo;CB;64;63;-1
308866;J. Steurer;CF;73;72;-1
309136;A. Slimane;CMF;70;69;-1
309492;J. Arias;CB;72;71;-1
309545;A. Eca;AMF;74;73;-1
31048;D. Dessena;CMF;58;57;-1
31052;Fernandinho;DMF;65;64;-1
31169;M. Rosenberg;CF;57;56;-1
31221;A. Valencia;RB;66;65;-1
31483;R. Vlaar;CB;61;60;-1
31486;Xisco;CF;73;72;-1
315534;B. le Bihan;CB;68;67;-1
315538;N. Ara;DMF;71;70;-1
315539;J. Romaña;DMF;71;70;-1
319185;A. Yousefi;RB;67;66;-1
319192;Z. Ismail;CMF;65;64;-1
319211;M. Izzat;SS;62;61;-1
319220;J. Gamil;LWF;61;60;-1
319223;Yeongpil Gam;AMF;59;58;-1
319227;M. Asghar;RMF;60;59;-1
319251;N. Tayeb;CF;76;75;-1
319302;R. Elloumi;CF;59;58;-1
319466;C. Leigh;CMF;69;68;-1
319470;A. Holbein;GK;62;61;-1
319472;E. Adusei;RB;70;69;-1
319562;D. Faria;CB;73;72;-1
319582;S. Lemos;CF;73;72;-1
319594;F. Almeida;LWF;74;73;-1
32028;M. Chrétien;CB;71;70;-1
32038;J. Brison;LB;71;70;-1
32046;A. Raggi;CB;60;59;-1
32047;D. Moro;CMF;69;68;-1
320589;Rongpu Luo;CMF;71;70;-1
320823;R. Azevedo;DMF;73;72;-1
320902;J. Castelo;CB;68;67;-1
320906;I. Pessanha;RWF;73;72;-1
321124;F. Naji;DMF;58;57;-1
321177;T. Mohd Jamshid;CF;59;58;-1
321185;K. Boudiaf;DMF;72;71;-1
321192;O. Hamrobekov;DMF;68;67;-1
32192;A. Mantovani;CB;69;68;-1
321999;A. Al-Kassar;GK;64;63;-1
322048;M. Barsham;GK;70;69;-1
322075;W. Jawdat;LB;62;61;-1
322078;A. Razzaghinia;CMF;66;65;-1
322086;R. Hoddinott;LB;70;69;-1
322127;J. Hassan;GK;69;68;-1
322193;Q. Pujol;RMF;70;69;-1
32234;M. Noble;CMF;61;60;-1
322767;J. Lavant;LB;72;71;-1
322925;R. Almada;CMF;71;70;-1
323105;J. Quintero;RB;70;69;-1
32313;M. Dembélé;CMF;68;67;-1
323604;L. Balada;CF;73;72;-1
323762;H. Gravina;DMF;73;72;-1
323819;M. Bessonova;DMF;76;75;-1
323835;M. Torre;GK;61;60;-1
32436;L. López;CF;61;60;-1
32457;Daniel Güiza;CF;66;65;-1
32475;E. Batalla;RMF;70;69;-1
32485;T. Krul;GK;66;65;-1
32493;E. Lavezzi;LWF;63;62;-1
32500;W. Brama;DMF;58;57;-1
325171;Coreano;RMF;67;66;-1
32532;M. Martin;LB;64;63;-1
325544;N. Guerra;CF;68;67;-1
325552;M. Castro;RMF;72;71;-1
32568;A. Galeano;RWF;70;69;-1
325730;S. Mallo;SS;73;72;-1
32589;P. Zabaleta;RB;61;60;-1
326023;A. Faria;CF;73;72;-1
326042;C. Barreto;DMF;75;74;-1
32628;F. Croci;LWF;61;60;-1
32653;L. Rigoni;CMF;77;76;-1
32657;J. Gutiérrez;LMF;59;58;-1
32668;R. Elliot;GK;76;75;-1
3275;Y. Konno;DMF;56;55;-1
32780;G. Arias;GK;74;73;-1
32795;C. Riveros;DMF;73;72;-1
3305;M. Hasebe;DMF;65;64;-1
33134;L. Giorgi;CMF;70;69;-1
33150;R. van Eijden;CB;73;72;-1
33185;M. Neuer;GK;82;81;-1
33230;F. Amorebieta;CB;71;70;-1
33292;L. Agouazi;DMF;67;66;-1
33477;J. Arce;RWF;73;72;-1
33700;T. Walcott;RWF;66;65;-1
33701;C. Vela;RWF;66;65;-1
33745;Jonas;SS;68;67;-1
33784;Soldado;CF;62;61;-1
33799;M. Hamšík;CMF;70;69;-1
33802;E. Viviano;GK;70;69;-1
33813;M. Erdinç;CF;61;60;-1
33814;D. Tošić;CB;75;74;-1
33817;Hudson;DMF;64;63;-1
33915;J. Gittens;LWF;78;77;-1
33916;L. Cattermole;DMF;58;57;-1
33940;R. Civelli;CB;76;75;-1
33962;A. Hutchinson;DMF;62;61;-1
33986;D. Astori;CB;64;63;-1
34002;Kiko Casilla;GK;70;69;-1
34005;Álvaro Negredo;CF;61;60;-1
34007;Borja Valero;CMF;65;64;-1
34112;N. Rutjes;DMF;65;64;-1
34128;J. Hyka;AMF;72;71;-1
34475;D. Godín;CB;71;70;-1
34484;Iker Muñoz;DMF;74;73;-1
34488;M. Zenteno;CB;71;70;-1
34491;L. Bega;DMF;66;65;-1
34503;D. Ducourtioux;DMF;73;72;-1
34606;P. Baysse;CB;62;61;-1
34638;Á. Montero;GK;77;76;-1
34641;A. Young;LMF;60;59;-1
34682;Paco Montañés;LWF;69;68;-1
34827;J. Hart;GK;70;69;-1
34843;C. Louvion;CB;65;64;-1
34849;R. Danzé;RB;76;75;-1
34869;Yannick Djaló;SS;70;69;-1
34878;J. Lens;LWF;63;62;-1
34929;D. D'Ambrosio;RB;62;61;-1
34982;C. Marchisio;CMF;70;69;-1
35019;L. Rémy;CF;62;61;-1
35034;C. Chantôme;DMF;57;56;-1
35060;P. van Moorsel;AMF;67;66;-1
35086;E. Pieters;LB;58;57;-1
35123;F. Fazio;CB;66;65;-1
35173;A. Carroll;CF;62;61;-1
35189;A. Taarabt;AMF;74;73;-1
35289;M. Janko;CF;60;59;-1
35324;Kauan Faria;CB;61;60;-1
35344;M. Mariga;DMF;70;69;-1
35394;J. Johansson;CMF;74;73;-1
35476;Z. Kuzmanović;CMF;57;56;-1
35477;E. Cavani;CF;72;71;-1
35492;S. Moore;GK;66;65;-1
35495;G. İnler;CMF;60;59;-1
35548;Ş. Radu;LB;61;60;-1
35873;A. Hayashi;GK;61;60;-1
3596;A. Palombo;DMF;56;55;-1
36017;A. Schembri;CF;68;67;-1
3606;S. Pepe;RWF;57;56;-1
36156;Daniel Fuzato;GK;67;66;-1
36286;G. van der Wiel;RB;62;61;-1
36288;G. Wijnaldum;CMF;65;64;-1
363062;J. Tessiers;CMF;76;75;-1
363225;D. Bitencourt;CMF;77;76;-1
363314;A. Sher;CMF;68;67;-1
363318;M. Farji;LWF;68;67;-1
363427;I. Saadeh;DMF;68;67;-1
36358;Sokratis P.;CB;67;66;-1
363615;C. Gonzáles;AMF;67;66;-1
363710;H. Meneses;DMF;70;69;-1
363870;J. Viacava;CB;72;71;-1
364216;R. Chikhaoui;CB;62;61;-1
36434;L. Refaelov;RWF;75;74;-1
364844;Bitian Shao;DMF;72;71;-1
365408;H. Almada;CF;64;63;-1
365497;J. Sánchez;CB;63;62;-1
36556;J. Hernández;CF;63;62;-1
366081;R. Akrapovic;GK;76;75;-1
366093;B. Todd;GK;73;72;-1
366632;S. Manuel;DMF;67;66;-1
366645;M. Ataide;DMF;71;70;-1
36684;L. Sirch;CB;73;72;-1
366899;Okon-Engstler;DMF;66;65;-1
36703;D. Ospina;GK;76;75;-1
367036;O. Rivier;DMF;72;71;-1
367059;M. Neffati;RB;65;64;-1
367072;C. Barber;CF;66;65;-1
367096;J. Habib;DMF;59;58;-1
367097;M. Hakam;CMF;59;58;-1
367098;G. Talal;AMF;60;59;-1
367112;Yeongha Maeng;LB;62;61;-1
367115;Hakryeol Yeop;GK;62;61;-1
367131;L. Clare;LMF;62;61;-1
36714;A. Vidal;CMF;76;75;-1
367149;O. Gemmill;CF;68;67;-1
367153;C. Harvey;DMF;67;66;-1
367197;K. Lourie;DMF;74;73;-1
367198;C. Alcott;DMF;71;70;-1
367218;B. Soric;GK;71;70;-1
36768;F. Forster;GK;72;71;-1
36769;M. Hummels;CB;71;70;-1
36774;Fernando;DMF;60;59;-1
36788;Adrien Silva;CMF;64;63;-1
36797;K. Mitroglou;CF;64;63;-1
368094;M. Ghorbani;DMF;69;68;-1
3681;E. Cambiasso;DMF;59;58;-1
36814;G. Schildenfeld;CB;72;71;-1
368148;Park Jin-Seob;DMF;75;74;-1
368212;N. Pijnaker;CB;68;67;-1
368246;A. Gresham;CMF;62;61;-1
368269;O. Urunov;LWF;67;66;-1
368279;A. Amanov;CF;61;60;-1
3684;J. Gandolfi;CB;73;72;-1
36844;E. Derdiyok;CF;60;59;-1
36848;V. Stocker;AMF;60;59;-1
36857;O. Karnezis;GK;68;67;-1
36865;G. Bergessio;CF;72;71;-1
368704;Lucca;CF;64;63;-1
368723;V. Pessanha;DMF;70;69;-1
368772;R. Mascarenhas;CMF;73;72;-1
368774;N. Soria;CF;65;64;-1
36880;Isma López;LB;74;73;-1
36895;B. Sharp;CF;70;69;-1
369245;E. Rogel;CF;75;74;-1
369312;A. Lombardero;AMF;66;65;-1
369333;F. Gómez;GK;53;52;-1
369359;S. Nurullah;CMF;62;61;-1
36938;D. Gorter;LB;70;69;-1
369400;S. Pereiro;AMF;67;66;-1
36941;E. Mulder;GK;63;62;-1
369425;F. Pessanha;GK;69;68;-1
36943;Cássio;GK;76;75;-1
369477;S. Morton;CB;59;58;-1
369482;G. Illarionov;LMF;75;74;-1
36949;S. Romero;GK;73;72;-1
369520;H. Suhail;CMF;62;61;-1
369550;F. Chaouat;CF;65;64;-1
369552;B. Rovira;DMF;72;71;-1
369567;D. Warren;CMF;59;58;-1
369613;T. Gabin;SS;78;77;-1
36967;N. Amrabat;LWF;63;62;-1
369670;J. Pereira;CMF;69;68;-1
37000;A. Rami;CB;63;62;-1
37005;L. Gueye;RWF;65;64;-1
370144;Z. Amdouni;CF;75;74;-1
370152;J. Pires;GK;62;61;-1
37026;S. Mandanda;GK;70;69;-1
37039;C. Sánchez;DMF;61;60;-1
370616;A. Mabil;LWF;69;68;-1
37070;A. Weber;CB;75;74;-1
370752;R. Arca;CF;63;62;-1
370836;A. Abada;CB;69;68;-1
370960;D. Teixeira;DMF;72;71;-1
370969;F. Guerra;CB;65;64;-1
37106;Á. Di María;RWF;83;82;-1
371283;Jeffinho;LMF;70;69;-1
37132;E. Cascione;CMF;70;69;-1
371324;D. Abreu;SS;68;67;-1
37158;M. Volta;CB;73;72;-1
37198;G. Pegolo;GK;73;72;-1
37201;D. Rose;LB;64;63;-1
372419;N. Andrade;DMF;64;63;-1
372422;F. Goios;LWF;72;71;-1
372539;R. Gois;CF;62;61;-1
372710;J. Rossel;AMF;65;64;-1
372829;A. Lehn;LB;67;66;-1
37291;A. Begović;GK;68;67;-1
37294;J. Tomkins;CB;78;77;-1
372946;G. Tavora;RMF;72;71;-1
373055;İ. Kahveci;RWF;75;74;-1
37327;L. Antonelli;LB;61;60;-1
373324;D. Moreno;DMF;69;68;-1
373461;H. Nogueira;CF;64;63;-1
373605;H. Mascarenhas;CMF;68;67;-1
37388;Sergio Asenjo;GK;72;71;-1
374248;M. Ateya;DMF;75;74;-1
374249;T. Ali;RWF;70;69;-1
374269;G. Delevigne;CB;60;59;-1
374293;H. Webster;DMF;64;63;-1
37430;S. de Jong;AMF;60;59;-1
374305;N. Bani Attiah;GK;61;60;-1
374308;H. Abu Dahab;CB;65;64;-1
374330;B. Nasri;CMF;59;58;-1
374331;N. Badru;CMF;62;61;-1
374334;V. Bari;CF;60;59;-1
374344;Gyeol Hyeong;CMF;62;61;-1
374349;Myeonghwan Gwak;CF;60;59;-1
374362;F. Mouglalis;CMF;72;71;-1
374378;A. Jameel;LB;60;59;-1
37438;M. Vejinovic;CMF;58;57;-1
374432;M. Deffes;RB;61;60;-1
374454;M. Brancafolto;LB;60;59;-1
374457;J. Blahnik;CF;60;59;-1
37446;Claudemir;CMF;72;71;-1
374471;H. Casken;LB;70;69;-1
374491;K. Jalal Ad Din;LMF;61;60;-1
374492;O. Redouane;CF;60;59;-1
374542;D. Evrard;GK;72;71;-1
374587;A. Likar;CMF;76;75;-1
37477;S. Naismith;SS;59;58;-1
37499;H. Balta;CB;60;59;-1
37505;N. Gaitán;AMF;71;70;-1
37506;J. García;GK;69;68;-1
37526;P. Ninkov;RB;71;70;-1
37531;G. Denis;CF;58;57;-1
37534;N. Asare;CB;75;74;-1
375456;C. Valente;GK;74;73;-1
375486;B. Correia;DMF;71;70;-1
375663;E. Alvares;CB;62;61;-1
375669;G. Vasconcelos;CB;71;70;-1
375676;L. Valente;AMF;66;65;-1
375729;H. Abdulkareem;CMF;62;61;-1
375758;B. Nogueira;CB;63;62;-1
376316;V. Esteves;AMF;64;63;-1
376325;B. Laffite;LWF;67;66;-1
376886;I. Almada;CF;62;61;-1
376974;B. Medeiros;CF;64;63;-1
377137;D. Lima;RB;73;72;-1
377146;M. Palacios;CB;63;62;-1
377152;M. Aucca;CMF;65;64;-1
377158;P. Chaves;SS;66;65;-1
377183;N. Esteves;CB;73;72;-1
377193;B. Lobato;CB;68;67;-1
377202;Á. Stringa;RWF;64;63;-1
377227;M. Bajamich;CF;68;67;-1
377324;G. Eca;SS;61;60;-1
377335;Kareem Tunde;RWF;69;68;-1
377440;M. Hoyos;CF;68;67;-1
377441;S. Goios;AMF;65;64;-1
377446;P. Cavalcante;CF;63;62;-1
377927;V. Nunes;RB;65;64;-1
37818;M. Harnik;CF;61;60;-1
378211;A. Kadri;RB;61;60;-1
378214;Y. Kazem;RB;64;63;-1
378223;B. Yusuf;CB;63;62;-1
378225;A. Ramiz;CB;65;64;-1
378226;H. Kadri;CB;63;62;-1
378228;R. Dirgham;CF;64;63;-1
378265;Y. Naguib;RB;61;60;-1
378269;E. Fuest;CMF;64;63;-1
37827;A. Witsel;DMF;77;76;-1
378273;L. West;RB;65;64;-1
378274;K. Miles;CB;62;61;-1
378294;L. Sosa;RWF;69;68;-1
378298;J. Tavora;CMF;63;62;-1
378300;R. dos Santos;AMF;67;66;-1
378304;R. Castelo;CB;65;64;-1
378305;C. da Gama;RWF;64;63;-1
378337;S. Palacios;CB;64;63;-1
378340;Ó. Hernández;DMF;68;67;-1
378366;A. Quintero;RWF;68;67;-1
378368;I. Diaz;LWF;74;73;-1
378402;S. Zubac;GK;72;71;-1
378415;L. Eddowes;CF;61;60;-1
378424;H. Boulding;LB;73;72;-1
378432;M. Younus;CB;66;65;-1
378438;Cheonman Byeon;CF;64;63;-1
378452;U. Roger;CB;65;64;-1
378454;A. Garaude;CF;66;65;-1
378457;L. Hurtis;CB;63;62;-1
378473;E. Magness;LB;71;70;-1
37850;T. Hubočan;CB;77;76;-1
378503;M. Zivkovic;GK;66;65;-1
378505;K. Vukic;AMF;75;74;-1
378506;W. Turgenev;GK;77;76;-1
378512;Hugyun bin;CMF;62;61;-1
378513;Hongdae Nu;CMF;62;61;-1
378515;Sungeun Won;CMF;60;59;-1
378516;Jinho Ok;CF;62;61;-1
378578;Jongcheol Gwon;CB;61;60;-1
378761;E. Neira;CB;68;67;-1
378766;E. Siqueira;CMF;70;69;-1
37879;V. Cáceres;DMF;76;75;-1
37918;S. Michel;RWF;68;67;-1
379683;O. Esteves;AMF;70;69;-1
379733;L. Di Yorio;CF;73;72;-1
379816;J. Yangali;CMF;65;64;-1
380132;Í. Ávila;CF;69;68;-1
38032;L. Immers;AMF;71;70;-1
38051;S. Jovetić;CF;64;63;-1
38066;S. Bentivoglio;CMF;72;71;-1
38068;R. Colombo;GK;65;64;-1
38073;G. Munari;CMF;71;70;-1
38082;A. Ramsey;CMF;67;66;-1
38089;G. Myhill;GK;74;73;-1
38120;José Callejón;RWF;70;69;-1
38181;N. N'Koulou;CB;63;62;-1
38184;G. Hoarau;CF;77;76;-1
38211;S. Feghouli;RWF;62;61;-1
38308;J. Ortiz;CMF;75;74;-1
38353;Diego Cavalieri;GK;65;64;-1
38362;L. Cooper;CB;71;70;-1
38374;T. Rodríguez;RWF;62;61;-1
38416;D. Escudero;AMF;75;74;-1
38422;Anthoni;GK;71;70;-1
38439;I. Perišić;LMF;82;81;-1
38456;R. Ruiter;GK;73;72;-1
38470;Juan Cala;CB;72;71;-1
38473;Luismi Cruz;RWF;75;74;-1
38482;S. Morero;CB;64;63;-1
38491;L. de Jong;CF;63;62;-1
38511;A. Lamas;CB;69;68;-1
38534;F. Miguel;GK;70;69;-1
38536;D. Meyler;CMF;73;72;-1
38539;K. Quetant;CF;69;68;-1
38563;M. Carcela;RWF;64;63;-1
38640;J. González;GK;66;65;-1
38650;Iturraspe;DMF;60;59;-1
38667;Laure;RB;75;74;-1
3876;J. Villar;GK;76;75;-1
38765;M. Lustig;RB;59;58;-1
38780;R. Allsop;GK;69;68;-1
38784;P. Gulácsi;GK;83;82;-1
38806;A. Djoum;LMF;72;71;-1
38809;Dídac Vilá;LB;73;72;-1
38815;Oier;CMF;71;70;-1
38890;M. Davies;CMF;72;71;-1
38925;Sandro;DMF;57;56;-1
38938;B. Amos;GK;63;62;-1
38956;G. Haraguchi;LWF;60;59;-1
39164;L. Filip;CMF;64;63;-1
39194;K. Westwood;GK;65;64;-1
39195;Eduardo;GK;64;63;-1
39230;R. Krhin;DMF;58;57;-1
39239;S. Jaurena;CMF;65;64;-1
39240;K. Henry;DMF;72;71;-1
39245;S. Vokes;CF;59;58;-1
39259;J. Rodríguez;LWF;62;61;-1
39271;G. Jourdren;GK;74;73;-1
39298;J. Ramaré;DMF;68;67;-1
39324;J. Kucka;CMF;63;62;-1
39325;W. Bony;CF;62;61;-1
39332;S. Malezas;CB;71;70;-1
39473;A. Mehmedi;LWF;62;61;-1
39491;E. Luna;CB;74;73;-1
39509;M. Mout;CMF;59;58;-1
39550;A. Kokorin;CF;60;59;-1
39674;C. Pantilimon;GK;65;64;-1
39699;G. Medel;CB;72;71;-1
39755;A. Williams;CB;65;64;-1
39765;M. Wölfli;GK;70;69;-1
39786;C. Lampe;GK;72;71;-1
39796;J. Rojas;SS;75;74;-1
39801;Y. Herrera;CMF;79;78;-1
39913;T. Sanusi;LWF;62;61;-1
40002;R. Lewandowski;CF;85;84;-1
4006;S. Taylor;GK;68;67;-1
4012;P. Crouch;CF;59;58;-1
40150;T. Delaney;CMF;64;63;-1
4016;J. Plašil;CMF;60;59;-1
4019;C. Carrasso;GK;66;65;-1
40202;D. Lekić;CF;69;68;-1
40220;J. Pastore;AMF;67;66;-1
40230;Nenê;CF;71;70;-1
40237;Rafa Rodríguez;AMF;69;68;-1
40240;N. Matić;DMF;78;77;-1
40248;M. Parolo;CMF;66;65;-1
40257;C. Smalling;CB;66;65;-1
40260;F. Coquelin;DMF;73;72;-1
40273;H. Nordtveit;DMF;60;59;-1
40280;E. Lichaj;RB;71;70;-1
40284;V. Weiss;LWF;62;61;-1
40295;J. Henderson;CMF;79;78;-1
40302;S. Dann;CB;62;61;-1
40328;P. Lasne;RWF;60;59;-1
40335;Renzo;CB;63;62;-1
40341;M. Barthelmé;LMF;72;71;-1
40354;Dentinho;SS;71;70;-1
40364;P. Kieszek;GK;72;71;-1
40375;Mario;GK;70;69;-1
40390;D. Pröpper;CMF;64;63;-1
40422;X. Shaqiri;RMF;65;64;-1
40456;A. Herrera;CMF;77;76;-1
40495;T. Bjarnason;LMF;77;76;-1
40559;K. Naughton;RB;76;75;-1
40569;J. Mccarthy;CMF;62;61;-1
40571;De Gea;GK;84;83;-1
40584;L. Boussaha;CF;70;69;-1
40634;Víctor Ruíz;CB;63;62;-1
40640;De Marcos;RB;63;62;-1
40646;K. Lamprou;GK;62;61;-1
40661;L. Pratto;CF;72;71;-1
40665;J. dos Santos;RMF;64;63;-1
40669;Adán;GK;69;68;-1
40677;A. Grassi;DMF;70;69;-1
40688;C. Araujo;RB;70;69;-1
40699;A. Surman;CMF;61;60;-1
40727;M. Jedinak;DMF;58;57;-1
40749;T. Gutiérrez;SS;70;69;-1
40776;S. Smeltz;CF;65;64;-1
40779;G. Moss;GK;64;63;-1
40850;Douglas Costa;LWF;70;69;-1
40898;Van der Maarel;RB;72;71;-1
40968;E. Rodríguez;CB;71;70;-1
40989;S. Aurier;RB;63;62;-1
41028;M. Hoffmeier;CB;68;67;-1
41034;M. Henriksen;CMF;62;61;-1
41063;H. Seferović;CF;59;58;-1
41083;E. Salvio;RMF;75;74;-1
41087;Tomás Pina;CMF;76;75;-1
41088;A. Gantenbein;RB;68;67;-1
41119;K. Walker;RB;77;76;-1
41126;Thiago A.;CMF;72;71;-1
41131;E.agyemang-Badu;CMF;58;57;-1
41144;J. Merlo;LWF;65;64;-1
41146;A. Schjelderup;LWF;78;77;-1
41158;S. Luján;RMF;63;62;-1
41166;G. Ré;CB;70;69;-1
41167;R. Braña;CMF;72;71;-1
41170;M. Núñez;AMF;75;74;-1
41173;R. Iberbia;LB;72;71;-1
41204;Rafael;GK;76;75;-1
41231;Jean;RB;60;59;-1
41419;M. Rodríguez;RB;74;73;-1
41444;M. Rodríguez;CF;67;66;-1
41517;L. Mugni;AMF;73;72;-1
41521;F. Cubero;RB;75;74;-1
41532;I. Bella;LMF;74;73;-1
41533;Jean Carlos;AMF;70;69;-1
41535;A. Cabral;CMF;74;73;-1
41548;J. Espínola;GK;71;70;-1
41558;G. Pizarro;CMF;62;61;-1
41582;W. Erviti;CMF;80;79;-1
41589;F. Ferreyra;CF;77;76;-1
41596;N. Tagliafico;LB;80;79;-1
41605;B. Höwedes;CB;66;65;-1
41640;C. Bacca;CF;73;72;-1
41662;L. Ruiz;SS;74;73;-1
41757;J. Cazulo;SS;73;72;-1
41780;R. Eguino;CB;65;64;-1
41869;A. Baptiste;CB;73;72;-1
4188;M. Schwartz;AMF;61;60;-1
41897;M. Autret;LWF;71;70;-1
42067;V. Şen;LWF;61;60;-1
4208;Fernando Torres;CF;65;64;-1
42117;U. Delgado;CF;64;63;-1
42123;V. Ayala;RMF;74;73;-1
42131;A. Núñez;SS;75;74;-1
42181;F. Gaibor;CMF;72;71;-1
42200;J. Paredes;RB;73;72;-1
42206;F. Niell;CF;73;72;-1
42245;E.choupo-Moting;LWF;63;62;-1
42246;V. Aboubakar;CF;63;62;-1
42291;D. Silva;CB;65;64;-1
42296;W. Ben Yedder;CF;63;62;-1
42306;T. Heurtaux;CB;73;72;-1
42343;Souza;DMF;76;75;-1
42352;P. Jones;CB;64;63;-1
42432;Ibai Gómez;LWF;61;60;-1
42446;P. Kadeřábek;RB;61;60;-1
42452;G. Mercado;CB;71;70;-1
42457;J. Livermore;DMF;59;58;-1
42479;Joel Robles;GK;78;77;-1
42481;Mantilla;RB;72;71;-1
42484;Borja Bastón;CF;75;74;-1
42525;T.van de Pavert;CB;74;73;-1
42539;M. Bizot;GK;78;77;-1
42547;A. Messaoud;AMF;71;70;-1
42550;K. Sigþórsson;CF;61;60;-1
42552;N. Chadli;LWF;61;60;-1
42556;Isco;AMF;84;83;-1
42587;D. Appiah;RB;75;74;-1
42592;M. Koval;GK;71;70;-1
42601;E. İşcan;GK;63;62;-1
42602;T. Stepanenko;DMF;64;63;-1
42621;M. D'Alessandro;RWF;78;77;-1
42627;L. Scaglia;RMF;68;67;-1
42647;K. Glik;CB;67;66;-1
42653;J. Holebas;LB;61;60;-1
42656;J. Perch;RB;71;70;-1
42659;J. Shelvey;CMF;61;60;-1
42660;P. van Aanholt;LB;62;61;-1
42666;J. Mcarthur;CMF;62;61;-1
42675;Paulinho;CMF;69;68;-1
42688;N. Blandi;CF;66;65;-1
42699;M. Ortega;GK;67;66;-1
42805;N. Mendy;DMF;72;71;-1
42821;B. Lecomte;GK;74;73;-1
42822;R. Mulumba;CMF;71;70;-1
42839;Everson;GK;79;78;-1
42846;N. Leali;GK;75;74;-1
42859;A. Bertolacci;CMF;60;59;-1
42867;B. Ede;CB;67;66;-1
42871;Oriol Romeu;DMF;60;59;-1
42888;J. Iličić;AMF;63;62;-1
42917;D. Burn;CB;80;79;-1
42944;C. Auzqui;RMF;70;69;-1
42951;L. Desábato;DMF;72;71;-1
43001;M. Campaña;GK;73;72;-1
43016;G. Angella;CB;75;74;-1
43040;M. Götze;AMF;78;77;-1
43080;I. Saadi;CF;72;71;-1
43107;S. Wieser;DMF;67;66;-1
43129;D. Pavelka;CMF;72;71;-1
43133;Luiz Gustavo;DMF;73;72;-1
43135;M. Kovačić;CMF;82;81;-1
43148;A. Lindegaard;GK;60;59;-1
43156;A. Shaw;CMF;61;60;-1
43183;E. Reijnen;CB;73;72;-1
43206;J. Kurtič;AMF;61;60;-1
43211;M. Dmitrović;GK;80;79;-1
43230;E. Giménez;DMF;65;64;-1
43256;Zé Welison;DMF;69;68;-1
43257;A. Milosevic;CB;71;70;-1
43262;Pablo Sarabia;RMF;65;64;-1
43265;E. Kaçe;DMF;75;74;-1
43277;S. Lulić;LMF;65;64;-1
43288;S. Savić;CB;66;65;-1
43296;A. King;CMF;57;56;-1
43450;N. Jørgensen;CF;62;61;-1
43590;K. Nababkin;RB;74;73;-1
43636;M. Bogado;CMF;74;73;-1
43638;Álex Baena;LWF;84;83;-1
43645;M. Laba;DMF;73;72;-1
43666;D. Ortiz;CB;73;72;-1
43669;J. Rojas;RMF;71;70;-1
43731;W. Ángel;CB;67;66;-1
43743;R. Mandengue;LWF;63;62;-1
43752;Richard;DMF;66;65;-1
43757;D. Villar;RMF;70;69;-1
43759;Gustavo Silva;RWF;70;69;-1
43771;L. Ceballos;RB;72;71;-1
43773;S. Moyano;GK;68;67;-1
43780;Vilson;CB;71;70;-1
43784;M. Fernandes;RB;64;63;-1
43896;N. Cláa;GK;60;59;-1
43956;A. González;RB;71;70;-1
43959;M. Corujo;RB;75;74;-1
43999;B. Leal;CMF;73;72;-1
44030;C. Cueva;LWF;62;61;-1
44040;A. Harush;GK;71;70;-1
44048;C. Tătăruşanu;GK;69;68;-1
44063;Éder;CF;59;58;-1
4408;G. Pinzi;CMF;57;56;-1
44111;João Aurélio;RB;70;69;-1
4412;Felipe;CB;78;77;-1
44151;António Filipe;GK;68;67;-1
44157;Caetano;RWF;68;67;-1
44193;J. Marcelo;CF;65;64;-1
44241;Roni;DMF;66;65;-1
44379;K. De Bruyne;AMF;86;85;-1
44383;T. Courtois;GK;91;90;-1
44409;M. Basha;DMF;71;70;-1
44417;Jorge Molina;CF;72;71;-1
44440;K. Jakić;DMF;76;75;-1
44441;C. Cambon;CB;71;70;-1
44455;B. Corgnet;AMF;75;74;-1
44516;É. Ricardo;DMF;68;67;-1
44556;F. Toloza;CF;65;64;-1
44601;M. Niang;LWF;62;61;-1
44612;Ö. Toprak;CB;64;63;-1
44614;J. Sills;DMF;70;69;-1
44616;Willian Magrão;DMF;69;68;-1
44619;Rodrigo Moledo;CB;66;65;-1
44620;Felipe Anderson;LWF;75;74;-1
44661;R. Rodelin;CF;60;59;-1
44664;V. Pajot;DMF;76;75;-1
44708;M. Kerkez;LB;82;81;-1
44724;I. Rabiu;AMF;75;74;-1
44780;V. Klonaridis;SS;74;73;-1
44797;J. Florentín;CMF;75;74;-1
44802;Léo Jardim;GK;77;76;-1
44835;D. Koppers;LB;71;70;-1
44851;André Almeida;RB;62;61;-1
44855;C. Atsu;RMF;59;58;-1
44859;Abraham;LB;68;67;-1
44863;L. Cadamuro;CB;73;72;-1
44868;P. van Anholt;RB;75;74;-1
44907;Ricardo Dias;DMF;72;71;-1
44910;A. Sbaï;LWF;74;73;-1
44924;Mauro;DMF;74;73;-1
4494;Tiago;CMF;63;62;-1
44975;Diogo Figueiras;RB;73;72;-1
450;Emerson Sheik;CF;74;73;-1
45001;Rafael Lopes;CF;69;68;-1
45011;Michu;SS;73;72;-1
45023;P. Pogba;CMF;78;77;-1
45032;G. Maniatis;DMF;56;55;-1
45036;Y. Toutouh;SS;76;75;-1
45065;J. Brabec;CB;72;71;-1
45070;S. G. Otero;DMF;69;68;-1
45095;M. Lacava;RMF;68;67;-1
45106;M. Gorgelin;GK;71;70;-1
45126;A.o.chamberlain;RMF;68;67;-1
45130;D. McNeil;LWF;77;76;-1
45134;B. Davies;CB;75;74;-1
45144;B. Leno;GK;80;79;-1
45146;S. Kitsiou;RMF;70;69;-1
45151;D. Button;GK;63;62;-1
45156;B. Espinosa;CB;76;75;-1
4522;C. Ronaldo;CF;85;84;-1
45220;R. Ferreira;GK;67;66;-1
45225;Jander;LB;71;70;-1
45238;H. Ekdal;CB;72;71;-1
45253;J. Hušbauer;AMF;75;74;-1
45255;L. Ocampos;LWF;61;60;-1
45257;D. Texeira;CF;72;71;-1
45267;Suso;RWF;66;65;-1
45269;A. Wisdom;RB;73;72;-1
45300;M. Valoti;CMF;70;69;-1
45304;H. Bienvenu;CF;66;65;-1
45307;S. Kapino;GK;63;62;-1
45350;Moreno;CB;68;67;-1
45352;Ricardo;CB;73;72;-1
45383;T. Vaclík;GK;65;64;-1
45398;M.van der Hoorn;CB;75;74;-1
45402;D. Bakwa;RWF;77;76;-1
4541;O. Deschacht;CB;73;72;-1
45417;E. Molina;AMF;73;72;-1
45432;E. Ersu;GK;62;61;-1
45436;Álex Menéndez;LB;72;71;-1
45438;Wallace Davi;DMF;63;62;-1
45439;A. Ličina;RWF;65;64;-1
45457;Gustavo Nunes;LWF;68;67;-1
45508;Elton;DMF;68;67;-1
45519;Thomas;SS;70;69;-1
45539;A. del Valle;SS;74;73;-1
45573;F. Neuhaus;CMF;74;73;-1
45579;H. Nervo;CB;73;72;-1
45582;L. López;CB;74;73;-1
45619;R. Ramallo;CF;66;65;-1
45627;Bruno;RB;73;72;-1
45633;Alex Santana;CMF;69;68;-1
45637;Fernando Prass;GK;67;66;-1
45641;Allan;DMF;73;72;-1
45642;Rômulo;CMF;75;74;-1
45643;Douglas;CB;70;69;-1
4565;V. Demirel;GK;64;63;-1
45653;J. Ampuero;CB;73;72;-1
45656;R. Ureña;DMF;69;68;-1
45660;L. Barraza;GK;65;64;-1
45661;G. Obredor;RMF;66;65;-1
45677;S. Medina;RB;76;75;-1
45758;M. Pellegrino;CB;73;72;-1
45772;A. Contrera;RMF;72;71;-1
45805;D. Rolán;CF;62;61;-1
45809;D. Rodríguez;DMF;69;68;-1
45812;M. Risso;CB;70;69;-1
45823;M. Vecino;CMF;77;76;-1
45824;Rafael García;DMF;70;69;-1
45831;R. Castillo;CF;74;73;-1
45880;Cristian Tello;RWF;63;62;-1
45946;J. Draxler;LWF;67;66;-1
45958;Leo;GK;69;68;-1
45962;Willian José;CF;76;75;-1
46021;Gabriel;DMF;73;72;-1
46027;Pierre;DMF;73;72;-1
4616;R. Rotan;CMF;59;58;-1
46208;Mandaca;CMF;72;71;-1
46225;C. Metcalfe;CMF;70;69;-1
46227;D. Zanon;RB;64;63;-1
46322;Milton Júnior;DMF;67;66;-1
46327;Fernando;CF;70;69;-1
46358;Cleber Reis;CB;71;70;-1
46373;Éverton Ribeiro;AMF;74;73;-1
46419;Gonçalo;DMF;65;64;-1
46421;Vagner;GK;72;71;-1
46457;Wagner;LWF;68;67;-1
46464;R. Amalfitano;RWF;72;71;-1
46479;Y. Cahuzac;DMF;57;56;-1
46480;G. Cioni;RB;74;73;-1
46486;G. Angoula;RB;73;72;-1
46536;J. Ward-Prowse;CMF;75;74;-1
46552;N. Bitton;DMF;70;69;-1
46554;V. Chiricheş;CB;62;61;-1
46556;M. Pintilii;DMF;76;75;-1
46583;A. Lozano;CF;73;72;-1
46648;R. Fährmann;GK;72;71;-1
46649;Sergio Escudero;LB;64;63;-1
46708;S. Hutchinson;CB;70;69;-1
46720;J. Mangondo;CF;61;60;-1
46764;Marco Matias;RWF;74;73;-1
46816;Miguelito;AMF;70;69;-1
46829;M. Río;DMF;73;72;-1
46834;Deulofeu;LWF;64;63;-1
46844;O. Şahan;LMF;60;59;-1
46850;J. Veltman;RB;78;77;-1
46880;J. Locadia;CF;62;61;-1
46896;N. Kristof;GK;73;72;-1
46918;G. Verón;RMF;68;67;-1
46950;N. Ahamada;CMF;71;70;-1
46979;B. Verstraete;CMF;65;64;-1
47011;A. Florenzi;RB;65;64;-1
47049;R. Ghezzal;RWF;73;72;-1
47051;A. Rabiot;CMF;86;85;-1
47114;A. Murić;GK;75;74;-1
47131;Andrés Martín;RWF;71;70;-1
47136;L. Castro;AMF;71;70;-1
47151;D. Douline;DMF;73;72;-1
47162;S. Kolašinac;CB;79;78;-1
47207;Álex Padilla;GK;70;69;-1
47215;Rui Silva;GK;82;81;-1
47220;Koka;CF;73;72;-1
47237;P. Gazzaniga;GK;78;77;-1
47242;Kepa;GK;79;78;-1
47244;Rafinha;CMF;64;63;-1
47275;S. Diaoune;LWF;68;67;-1
47287;H. Kane;CF;91;90;-1
47294;G. Koutroumbis;CB;70;69;-1
47302;Jesús Fernández;GK;64;63;-1
47306;A. Finnbogason;CF;62;61;-1
47334;A. Ouattara;RB;74;73;-1
47347;R. Benítez;AMF;69;68;-1
47406;Joan García;GK;87;86;-1
47409;Lordkipanidze;CMF;59;58;-1
47417;J. Irvine;CMF;75;74;-1
47426;N. Mbamba;CMF;68;67;-1
47429;N. Maupay;CF;75;74;-1
47433;A. Gomes;CMF;76;75;-1
47434;Diogo Costa;GK;85;84;-1
4747;L. González;CMF;58;57;-1
47533;A. Doucouré;CMF;60;59;-1
47543;Bruma;LWF;63;62;-1
47557;H. Galíndez;GK;75;74;-1
47565;Pablo Maia;DMF;73;72;-1
47568;Paulinho Paula;CMF;71;70;-1
47583;L. Janson;LWF;68;67;-1
47586;J. Torres;CF;72;71;-1
47589;É. Godoy;CB;72;71;-1
47639;J. Sinclair;CF;65;64;-1
47644;B. Cabrera;RMF;64;63;-1
47659;Dudu;DMF;66;65;-1
47669;Julián;GK;70;69;-1
47671;B. Bustos;GK;68;67;-1
47678;S. van Beek;CB;73;72;-1
47697;Z. Pamić;CMF;63;62;-1
47711;A. Martial;LWF;65;64;-1
47714;H. Akpan;CMF;66;65;-1
47745;B. Oviedo;CB;64;63;-1
47786;M. Lemina;CMF;64;63;-1
47788;D. Origi;CF;61;60;-1
47822;F. Freire;CMF;73;72;-1
47825;L. Romero;DMF;76;75;-1
47828;J. Imbert;CF;71;70;-1
47833;D. Aquino;LWF;70;69;-1
47834;M. Casco;LB;74;73;-1
47856;D. Riascos;CF;73;72;-1
47932;S. Velázquez;RMF;69;68;-1
47934;M. Miranda;AMF;66;65;-1
47938;M. Aceval;CB;72;71;-1
47940;C. Andrés Muñoz;CB;67;66;-1
47947;G. Sandoval;DMF;70;69;-1
47965;P. Franco;CB;74;73;-1
48069;S. Tessadri;DMF;61;60;-1
48122;N. Ayr;CB;70;69;-1
48134;P. Aquino;DMF;71;70;-1
4993;C. Baird;RB;76;75;-1
5009;A. Yahia;CB;76;75;-1
51512;P. Cocker;CB;70;69;-1
51516;J. Routledge;DMF;72;71;-1
51520;C. Hanbury;SS;75;74;-1
52323;F. Dandeniya;CMF;71;70;-1
52327;H. Colman;SS;71;70;-1
52328;A. Wheatcroft;GK;55;54;-1
52331;B. Mccabe;CMF;75;74;-1
52894;M. Edgecumbe;DMF;71;70;-1
52896;C. Hughes;SS;73;72;-1
52904;C. Bayes;DMF;73;72;-1
52908;U. Janes;CF;68;67;-1
52915;P. Rendle;DMF;75;74;-1
52927;R. Bloom;CF;68;67;-1
52928;P. Firobisher;CF;68;67;-1
52936;S. Nasir;AMF;75;74;-1
52939;T. Zane;CF;70;69;-1
52947;M. Abdul Hafiz;CF;73;72;-1
52948;B. Anis;CF;72;71;-1
52950;M. Valentine;CB;70;69;-1
52954;J. Nottingham;DMF;72;71;-1
52956;C. Tait;SS;75;74;-1
52970;A. Warhurst;CB;70;69;-1
52974;G. Parlour;DMF;72;71;-1
52987;E. Otoole;CF;69;68;-1
52989;Sahalimou;GK;57;56;-1
52994;Bilshahtal;DMF;65;64;-1
52995;Nahbangtung;AMF;65;64;-1
52996;Khbadaq;AMF;68;67;-1
53000;Jiunaybek;GK;55;54;-1
53001;Benagal;CB;60;59;-1
53013;Dorqiyar;CMF;60;59;-1
53781;Z. Cessna;CB;70;69;-1
53785;G. Ball;DMF;70;69;-1
53789;G. Yordanov;CF;70;69;-1
53794;V. Sims;DMF;57;56;-1
53797;I. Sedykh;AMF;72;71;-1
53899;B. Semichastny;DMF;70;69;-1
53904;B. Soares;CF;67;66;-1
53909;O. Yatsishin;RB;61;60;-1
53912;W. Harhouz;CF;66;65;-1
5404;D. Fletcher;CMF;59;58;-1
54058;B. Milinovic;CB;74;73;-1
54059;E. Lemos;RB;70;69;-1
54065;G. Ibbetson;CF;73;72;-1
54067;D. Pereira;CF;61;60;-1
54069;E. Sanger;CB;67;66;-1
54071;O. Djordjevic;CMF;71;70;-1
54072;E. Merrien;CMF;70;69;-1
54107;A. Timakova;DMF;74;73;-1
54110;F. Kalyvod;AMF;69;68;-1
54111;A. Mckeown;CF;70;69;-1
54112;F. Cunha;CF;67;66;-1
54120;J. Lukić;CF;71;70;-1
54122;K. Caballero;AMF;61;60;-1
54124;I. Bašić;CMF;68;67;-1
54152;B. Ayrault;LB;73;72;-1
54162;A. Quiróz;CMF;67;66;-1
54164;H. Arundel;DMF;70;69;-1
54167;Y. Cuevas;CF;63;62;-1
54168;L. Couture;CMF;62;61;-1
54253;N. Farkas;AMF;72;71;-1
54254;H. Burnham;AMF;74;73;-1
54262;S. Ziani;DMF;60;59;-1
54264;R. Oswald;AMF;73;72;-1
54338;R. Murcy;DMF;59;58;-1
54339;A. Phliponeau;DMF;65;64;-1
54343;T. Akpakoun;CB;61;60;-1
54344;P. Gozzi;CB;66;65;-1
54351;G. Celis;DMF;70;69;-1
54357;J. Carvajal;CF;61;60;-1
54358;M. Kostal;AMF;70;69;-1
54365;P. Núñez;CF;63;62;-1
54366;T. Correa;CF;67;66;-1
54372;T. von Dohnanyi;CB;68;67;-1
54373;J. Somers;CB;62;61;-1
54375;E. Robertson;RB;68;67;-1
54380;M. Keller;GK;73;72;-1
54382;L. Jeffrey;CF;65;64;-1
54384;R. Briones;CMF;68;67;-1
54386;E. Ruiz;LB;61;60;-1
54387;Y. Garcés;CF;63;62;-1
54388;P. Mercado;CMF;75;74;-1
54390;B. García;AMF;65;64;-1
54391;A. Rodríguez;LMF;70;69;-1
54394;M. Cáceres;CMF;66;65;-1
54395;D. Novoa;GK;69;68;-1
54398;G. Reyna;RWF;65;64;-1
54399;J. Cazares;AMF;66;65;-1
54401;E. Pata;RWF;68;67;-1
54403;J. Lerma;AMF;67;66;-1
54407;S. Werries;CB;66;65;-1
54408;L. Nequecaur;CF;66;65;-1
54414;A. Manzur;CMF;73;72;-1
54418;H. Kalkavan;GK;57;56;-1
54426;F. Tombesi;CMF;70;69;-1
54428;Riquelme F.;AMF;63;62;-1
54432;A. Just;CB;70;69;-1
54439;S. Zeballos;LWF;66;65;-1
54441;A. Silva;CMF;70;69;-1
54448;J. Herrera;RWF;67;66;-1
5451;D. Marney;CMF;72;71;-1
54661;T. Garland;CB;64;63;-1
54663;A. Oshadogan;RB;67;66;-1
54667;M. Frankel;CMF;69;68;-1
54668;M. Graneros;SS;67;66;-1
54669;Á. Almada;AMF;65;64;-1
54676;K. Silva;CB;71;70;-1
54681;T. Lauro;DMF;63;62;-1
54684;I. Traoré;CF;60;59;-1
54685;M. Arca;RMF;69;68;-1
54688;P. Fall;CF;69;68;-1
54689;É. Soumah-Abbad;LWF;60;59;-1
54701;Estêvão;RMF;80;79;-1
54702;A. Sampaio;RWF;60;59;-1
54703;M. Ifnaoui;RWF;72;71;-1
54704;M. Badr Aldin;CF;59;58;-1
54718;M. Robin;CMF;67;66;-1
54721;A. Malić;CB;66;65;-1
54722;M. Zlomislić;GK;69;68;-1
54725;B. Tahirović;DMF;67;66;-1
54731;I. Reinagle;CB;63;62;-1
54737;H. Kinsella;CF;66;65;-1
54742;D. Zanielli;CB;68;67;-1
54749;A. Gigović;CMF;72;71;-1
54752;K. Carteret;CB;66;65;-1
54763;B. Nardiello;GK;57;56;-1
54764;I. Alcuin;CB;71;70;-1
54767;C. Posford;RB;70;69;-1
54770;G. Erod;CMF;61;60;-1
54772;D. Newey;CF;68;67;-1
54776;B. Everett;CB;75;74;-1
54777;J. Cudworth;CB;70;69;-1
54784;B. Nordley;CF;72;71;-1
54791;S. Posch;CB;78;77;-1
54793;A. Tagnaouti;GK;71;70;-1
54801;M. Stimac;CMF;65;64;-1
54804;G. Valera;RMF;73;72;-1
54805;G. Ibanez;LWF;73;72;-1
54806;U. Yaman;LWF;72;71;-1
54811;R. Tapies;RB;70;69;-1
54814;De Los Santos;LWF;69;68;-1
54816;B. Rodríguez;AMF;61;60;-1
54822;E. Tamiche;LB;61;60;-1
54823;B. Sávio;AMF;71;70;-1
54824;D. Retamal;CB;64;63;-1
54826;E. Mosquera;LWF;68;67;-1
54829;Y. Del Valle;LWF;69;68;-1
54834;L. Yanarico;CB;61;60;-1
54835;A. Bahachille;CMF;66;65;-1
54836;J. Hurtado;CF;62;61;-1
54847;J. Aranzubia;DMF;72;71;-1
54854;N. Eliseche;DMF;61;60;-1
54861;C. Valencia;CB;61;60;-1
54876;A. Al-Hamdan;CF;67;66;-1
54881;A. Mew;DMF;71;70;-1
54891;R. Mullin;DMF;73;72;-1
54892;D. Wishart;CMF;71;70;-1
54895;H. Gordon;CF;68;67;-1
54898;Fuli Chen;CB;68;67;-1
54902;Gaoli Jiang;DMF;75;74;-1
54914;Yuwei Liang;CF;68;67;-1
54915;Rongxuan Ye;CF;68;67;-1
54917;Sunbok In;CB;70;69;-1
54921;Yeongyeon Gong;DMF;72;71;-1
54923;Bohyeon Seol;SS;75;74;-1
54937;Jaejin Yeom;CB;70;69;-1
54948;Sechang An;CB;65;64;-1
54951;Jaegu Bae;DMF;72;71;-1
54954;Daehyeong Jang;SS;73;72;-1
54962;D. Hill;CMF;75;74;-1
54965;D. Embury;SS;72;71;-1
54970;Z. Oleary;DMF;69;68;-1
54972;E. Carleton;AMF;73;72;-1
54975;E. Letwin;CF;69;68;-1
54986;J. Turvey;CF;70;69;-1
54994;N. Allingham;CF;73;72;-1
54995;C. Hunnam;CF;72;71;-1
55001;T. Said;DMF;75;74;-1
55011;M. Rabih;CMF;75;74;-1
55015;H. Fawaz;CF;70;69;-1
55022;M. Fazli;AMF;74;73;-1
55031;M. Butrus;CMF;73;72;-1
55034;Y. Fihr;CF;69;68;-1
55035;I. Shukri;CF;66;65;-1
55043;N. Boushal;RB;72;71;-1
55046;S. Al-Najei;AMF;62;61;-1
55054;O. Fahmi;SS;75;74;-1
55065;J. Kamil;SS;71;70;-1
55066;M. Nasir Aldin;CF;69;68;-1
55070;T. Azmi;DMF;72;71;-1
5508;F. Agliardi;GK;71;70;-1
55080;N. Atif;RB;72;71;-1
55094;H. Ibro;RWF;68;67;-1
55095;M. al Aziz;CF;66;65;-1
55098;J. Prim;CB;70;69;-1
55100;A. Brazil;LB;75;74;-1
55101;A. Mcfall;CB;68;67;-1
55102;T. Irons;DMF;75;74;-1
55105;R. Coe;CF;70;69;-1
55106;O. Albarn;CF;70;69;-1
55113;E. Lovelace;SS;71;70;-1
55114;M. Heston;CF;69;68;-1
55115;F. Mackay;CF;67;66;-1
55118;G. Paiva;CF;71;70;-1
55129;D. Moreno;DMF;72;71;-1
55146;H. Sireling;CF;66;65;-1
55157;H. Yoshikawa;CMF;75;74;-1
55161;S. Mukaiyama;SS;71;70;-1
55165;S. Ueki;DMF;69;68;-1
55168;K. Sawaguchi;AMF;73;72;-1
55170;R. Matsuura;CF;70;69;-1
55171;K. Haraguchi;CF;69;68;-1
55234;J. Hirasawa;CMF;70;69;-1
55244;O. Melikov;GK;67;66;-1
55255;K. Geisler;GK;60;59;-1
55260;F. Soric;LB;61;60;-1
55262;L. Vrany;CMF;70;69;-1
55263;M. Pallister;RWF;64;63;-1
55264;E. Castledine;AMF;73;72;-1
55268;A. Redmond;AMF;67;66;-1
55270;R. Jarvis;CF;65;64;-1
55272;V. Olazabal;GK;67;66;-1
55283;A. Clave;GK;60;59;-1
55288;O. Bitencourt;LB;61;60;-1
55290;A. Roca;CMF;70;69;-1
55291;B. de Pablo;RWF;64;63;-1
55292;J. Maestro;AMF;73;72;-1
55296;B. Lopes;AMF;67;66;-1
55298;H. Matutes;CF;65;64;-1
55304;Augustin;GK;57;56;-1
55309;Kurzenach;DMF;65;64;-1
55310;Siegenkude;AMF;65;64;-1
55311;Niellendner;AMF;68;67;-1
55315;Nomatokhalis;GK;55;54;-1
55316;Fighejlani;CB;60;59;-1
55328;Loderajvic;CMF;60;59;-1
55336;Arzacarro;GK;57;56;-1
55341;Ecarmilla;DMF;65;64;-1
55342;Fridoz;AMF;65;64;-1
55343;Gallarjo;AMF;68;67;-1
55347;Larraneya;GK;55;54;-1
55348;Moztoran;CB;60;59;-1
55360;Rabmodora;CMF;60;59;-1
5537;A. Barzagli;CB;70;69;-1
55404;R. Schinner;LB;72;71;-1
55411;T. Viera;CB;65;64;-1
55424;E. Vachon;CB;72;71;-1
55425;K. Speed;CB;75;74;-1
55428;S. Upshaw;DMF;75;74;-1
55436;E. Maignan;CB;69;68;-1
55438;E. Ruthenfranz;RB;75;74;-1
55442;A. Mcnish;AMF;75;74;-1
55521;Y. Chará;RMF;72;71;-1
55523;A. Cabellos;LB;61;60;-1
55531;J. Guzmán;CMF;62;61;-1
55542;M. Gómez;AMF;61;60;-1
55646;P. Durán;RWF;63;62;-1
55647;L. Cazals;CMF;73;72;-1
55651;R. Sailor;CB;67;66;-1
55655;H. Martínez;DMF;72;71;-1
55663;I. Ansola;SS;74;73;-1
55664;A. Al-Jaber;CMF;64;63;-1
55694;Á. De La Cruz;GK;62;61;-1
55697;J. Mina;LB;69;68;-1
55701;A. Engonga;CMF;80;79;-1
55707;R. Balbuena;CB;71;70;-1
55717;D. Encinas;CB;70;69;-1
55718;N. Benegas;CF;68;67;-1
55719;C. Gómez;RB;62;61;-1
55721;L. Aponte;CB;69;68;-1
55725;L. Castelo;CMF;74;73;-1
55727;F. Castañeda;AMF;69;68;-1
55732;C. Romaña;CB;66;65;-1
55734;J. Braga;DMF;70;69;-1
55737;F. Sambueza;RMF;73;72;-1
55738;D. Chávez;CMF;69;68;-1
55743;J. Vásquez;RMF;70;69;-1
55749;Adrián Roca;DMF;69;68;-1
55751;Martín Mejía;AMF;73;72;-1
55757;Manuel Gauna;CB;69;68;-1
5576;H. Yebda;CMF;57;56;-1
55761;Mariano Galo;CMF;69;68;-1
55772;Y. Erique;LB;64;63;-1
55776;L. Alzugaray;RWF;69;68;-1
55777;L. Riveros;CF;66;65;-1
55780;G. Valle;GK;74;73;-1
55785;S. Alkiza;DMF;70;69;-1
55787;M. Díaz;LWF;64;63;-1
55792;L. Quiñónez;LB;73;72;-1
55796;P. Teixeira;CB;68;67;-1
55798;C. Ramos;DMF;66;65;-1
55804;R. Hernández;LWF;66;65;-1
55808;D. Osio;CB;67;66;-1
55809;M. Guaramato;RB;68;67;-1
55816;N. Villarreal;CF;70;69;-1
55817;M. Ruiz;RMF;64;63;-1
55820;I. Serpa;RB;73;72;-1
55824;E. Rodríguez;GK;61;60;-1
55827;C. Almada;SS;70;69;-1
55830;S. Silva;CMF;68;67;-1
55837;M. Lugo;CMF;69;68;-1
5584;N. Mäenpää;GK;69;68;-1
55842;P. Marques;DMF;70;69;-1
55846;J. Arias;CB;69;68;-1
55848;J. Rivas;CMF;71;70;-1
55858;S. Muhlethaler;RMF;64;63;-1
55862;M. Sosa;RWF;69;68;-1
55864;F. Catarozzi;CMF;66;65;-1
55865;J. Córdoba;RWF;71;70;-1
55897;J. Angulo;RWF;66;65;-1
55900;F. Ibarra;DMF;76;75;-1
55905;F. Zenobio;GK;71;70;-1
55908;Cleiton;CB;64;63;-1
55910;M. Martínez;DMF;73;72;-1
55912;R. Jurado;DMF;70;69;-1
55917;F. Indurain;RMF;69;68;-1
55918;E. Zubizarreta;SS;72;71;-1
55947;K. González;CMF;62;61;-1
55951;L. Paz;DMF;67;66;-1
55956;E. Villanueva;GK;62;61;-1
55969;S. Lentinelly;GK;71;70;-1
55972;F. Perdomo;RB;67;66;-1
55973;N. Arévalo;DMF;69;68;-1
55975;E. Forclaz;RMF;65;64;-1
55988;M. Ríos;DMF;59;58;-1
56020;İ. Yüksek;DMF;78;77;-1
56021;G. Aido;CB;69;68;-1
56024;H. Loboa;DMF;68;67;-1
56048;L. Acevedo;CB;68;67;-1
56049;J. Requena;DMF;68;67;-1
56051;C. Calzadilla;CMF;67;66;-1
56052;J. Ortíz;RMF;67;66;-1
56055;J. Martínez;GK;68;67;-1
56056;D. Enríquez;GK;71;70;-1
56058;D. Saggiomo;AMF;67;66;-1
56062;A. Oroz;RMF;67;66;-1
56066;J. Castillo;RMF;65;64;-1
56067;D. Soto;CMF;67;66;-1
56103;O. Jemaz;SS;72;71;-1
56115;T. Morata;SS;73;72;-1
56124;S. Dahal;RWF;63;62;-1
56128;T. Barreto;CF;72;71;-1
56137;J. Uzeda;LWF;64;63;-1
56142;J. Godoy;CF;68;67;-1
56144;T. Holeš;CB;77;76;-1
56147;J. Campano;CB;70;69;-1
56148;N. Sansotre;RB;66;65;-1
56161;A. Al-Anazi;LWF;59;58;-1
56163;M. Reali;RWF;71;70;-1
56179;G. Fons;CF;70;69;-1
56184;F. Gatti;CB;80;79;-1
56185;P. Bonilla;RB;66;65;-1
56186;E. Ardavin;DMF;72;71;-1
56191;N. Al-Habashi;LWF;63;62;-1
56215;O. Fernández;LMF;73;72;-1
56222;R. Lastra;SS;72;71;-1
56223;G. Bauza;CF;73;72;-1
56224;P. Amador;CF;70;69;-1
56225;A. Mosquera;GK;73;72;-1
56228;E. Capdevila;CB;68;67;-1
56230;J. Obrian;RWF;68;67;-1
56234;Y. Velásquez;DMF;69;68;-1
56236;L. Segovia;CB;71;70;-1
56242;R. Guzmán;CB;63;62;-1
56246;J. Murrugarra;DMF;66;65;-1
56257;R. Arace;RWF;65;64;-1
56258;F. Barone;CF;65;64;-1
56259;L. Pedrel;SS;73;72;-1
56260;T. Caballero;CF;65;64;-1
56262;E. Romana;CB;67;66;-1
5627;N. de Jong;DMF;60;59;-1
56289;H. Salzedo;GK;67;66;-1
56300;G. Sattar;GK;60;59;-1
56302;A. Guillermo;CMF;58;57;-1
56305;K. Denham;LB;61;60;-1
56308;D. Winslet;RWF;64;63;-1
56309;Duhui Cha;AMF;73;72;-1
56313;L. Dod;AMF;67;66;-1
56315;E. Maunder;CF;65;64;-1
57011;J. Joronen;GK;65;64;-1
57021;S. Yeini;DMF;71;70;-1
57031;R. Mak;LWF;61;60;-1
57032;M. Ďuriš;CF;59;58;-1
57117;E. Belkalem;CB;73;72;-1
57119;I. Slimani;CF;64;63;-1
57128;S. Dié;DMF;58;57;-1
57133;Y. Bounou;GK;83;82;-1
57150;Mahlangu;CMF;74;73;-1
57183;Filipe Mendes;GK;68;67;-1
57197;F. Ferreira;CMF;69;68;-1
57199;Filipe Ferreira;LB;70;69;-1
57203;Tiago Caeiro;CF;67;66;-1
57205;V. Germain;CF;64;63;-1
57209;E. Salli;RWF;72;71;-1
57213;Y. Carrasco;LWF;69;68;-1
57214;M. Caillard;GK;68;67;-1
57226;Jofre;RWF;74;73;-1
57240;I. Mandiang;DMF;71;70;-1
57252;P. Djilobodji;CB;60;59;-1
57257;N. Obougou;CF;63;62;-1
57263;D. Lévêque;LB;74;73;-1
57268;C. Charrier;AMF;70;69;-1
57274;E. Bakker;CMF;72;71;-1
57287;O. Shatov;LWF;63;62;-1
57311;A. Durante;CB;61;60;-1
57314;E. Gyimah;CB;68;67;-1
57332;W. Geubbels;CF;73;72;-1
57347;J. Perbet;CF;71;70;-1
57348;Jaume Costa;LB;63;62;-1
57349;Gerard Moreno;CF;82;81;-1
57352;Trigueros;CMF;65;64;-1
57388;F. Dauda;GK;62;61;-1
57402;Vieirinha;RMF;63;62;-1
57413;O. Scarles;LB;72;71;-1
57415;S. Diawara;CB;70;69;-1
57453;D. Melcher;CB;71;70;-1
57457;H. Simonenko;DMF;69;68;-1
57458;W. Carol;AMF;75;74;-1
57460;K. Thirlwell;AMF;78;77;-1
57462;C. Beaven;CF;73;72;-1
57467;G. Kospoth;DMF;72;71;-1
57468;M. Teixeira;CMF;79;78;-1
57617;I. Litolff;DMF;72;71;-1
57621;R. Al-Dossary;GK;53;52;-1
57627;R. Browne;CB;67;66;-1
57628;A. Franklin;RB;71;70;-1
57631;R. Dumbreck;DMF;70;69;-1
57640;C. Page;CMF;65;64;-1
57644;K. Lukoszek;LMF;66;65;-1
57647;A. Rambal;CB;68;67;-1
57648;O. Valenzuela;DMF;68;67;-1
57649;G. Peredo;RMF;68;67;-1
57650;M. Sulbarán;RWF;64;63;-1
57654;H. Cuéllar;DMF;68;67;-1
57656;E. Morales;CB;64;63;-1
57658;F. Cáceres;CMF;65;64;-1
57661;W. Button;CB;71;70;-1
57664;E. Guppy;CMF;73;72;-1
57669;L. Reuther;CF;72;71;-1
57672;M. Hoddinott;CB;69;68;-1
57679;S. Kalajdžić;CF;74;73;-1
5770;V. Kompany;CB;69;68;-1
57730;D. Traoré;CMF;60;59;-1
57733;L. Palacios;RWF;69;68;-1
57735;P. Ortiz;CB;68;67;-1
57737;A. Gómez;CB;61;60;-1
57739;A. Vásquez;CF;67;66;-1
57743;F. Bais;LB;64;63;-1
57749;E. Mbappé;RWF;75;74;-1
57892;K. Caicedo;CF;62;61;-1
57899;G. Solabarrieta;AMF;71;70;-1
57902;R. Gómez;CB;69;68;-1
57903;N. Castelo;GK;55;54;-1
57909;Á. Martínez;GK;67;66;-1
57912;Taoye Zhong;SS;70;69;-1
57913;M. Mamani;RWF;63;62;-1
57917;A. Serna;CMF;69;68;-1
57922;J. Montaño;LWF;66;65;-1
57931;J. Ríos;DMF;71;70;-1
57934;P. Saludes;SS;72;71;-1
57936;T. Miramontes;SS;73;72;-1
57942;J. Helguera;DMF;70;69;-1
57945;B. Bosch;RMF;64;63;-1
57948;L. Quintana;CB;69;68;-1
57956;P. Vera;SS;66;65;-1
57958;P. de Luna;CF;70;69;-1
57959;S. Araujo;CF;69;68;-1
57967;E. de Quintana;DMF;70;69;-1
57968;G. Ocio;DMF;70;69;-1
57984;T. Armandoz;CF;72;71;-1
57986;D. Rodriguez;LB;62;61;-1
57987;M. Miljevic;AMF;72;71;-1
57988;A. Parra;CF;70;69;-1
57996;E. Valencia;LWF;68;67;-1
57997;G. Chiaverano;LMF;61;60;-1
57998;D. Marin;CB;68;67;-1
58002;L. Sevilla;DMF;73;72;-1
58003;E. Batino;DMF;68;67;-1
58011;D. Zapatero;CB;74;73;-1
58012;K. Benjamin;CB;72;71;-1
58014;J. Moncada;LB;73;72;-1
58018;R. de la Pena;AMF;74;73;-1
58022;G. Tielve;GK;56;55;-1
58028;F. Mantilla;CMF;70;69;-1
58030;R. Cornago;SS;75;74;-1
58031;N. Zarandona;SS;74;73;-1
58034;M. Baraona;CB;71;70;-1
58038;G. Miramontes;DMF;72;71;-1
58042;D. Torroba;SS;74;73;-1
58045;F. Saforcada;GK;55;54;-1
58046;C. Rodríguez;RB;66;65;-1
58051;O. Amador;CMF;75;74;-1
58055;L. Almodovar;CF;72;71;-1
58061;G. Varela;RB;77;76;-1
58076;N. López;SS;75;74;-1
58077;A. Bartual;CMF;80;79;-1
58078;B. Arady;LWF;64;63;-1
58083;H. Galdeano;CB;67;66;-1
58093;S. Flores;CB;66;65;-1
58097;J. Llorente;DMF;71;70;-1
58100;H. Butrón;CB;58;57;-1
58103;R. Oreja;CF;70;69;-1
58112;Mostafa Ziko;LWF;76;75;-1
58113;T. Palau;AMF;75;74;-1
58114;G. Aboim;AMF;80;79;-1
58118;K. Flórez;RWF;68;67;-1
58121;A. Forneris;DMF;65;64;-1
58126;Nabil Dunga;DMF;70;69;-1
58133;D. Chaparro;CB;70;69;-1
58136;M. Paniagua;LMF;64;63;-1
58140;J. de Pablo;SS;73;72;-1
58144;I. Maranon;CB;70;69;-1
58153;E. Suela;CF;71;70;-1
58159;F. Bregante;LB;61;60;-1
58165;M. Fonseca;CF;65;64;-1
58166;A. Reyes;CB;65;64;-1
58173;M. Agámez;DMF;61;60;-1
58174;S. Segovia;AMF;61;60;-1
58176;L. Domeq;SS;72;71;-1
58185;I. Camus;CB;71;70;-1
58186;J. Myers;DMF;70;69;-1
58188;T. Saforcada;RB;70;69;-1
58192;J. Angulo;CF;63;62;-1
58196;F. Alesanco;CMF;73;72;-1
58197;E. Odede;LWF;62;61;-1
58207;E. Freita;CB;65;64;-1
58212;L. Hernández;LB;69;68;-1
58216;Y. Mamani;CMF;56;55;-1
58222;B. Salinardi;CF;62;61;-1
58230;K. Pinargote;GK;61;60;-1
58235;Leonai;DMF;68;67;-1
58236;G. Cortez;AMF;71;70;-1
58238;A. Lambea;AMF;70;69;-1
58239;C. Solano;LMF;67;66;-1
58241;B. Carabalí;RB;71;70;-1
58254;G. Olveira;GK;75;74;-1
58256;J. Barreto;CB;70;69;-1
58266;C. Olmedo;RB;68;67;-1
58270;E. López;LWF;67;66;-1
58271;J. Dominguez;CMF;69;68;-1
58280;H. Castillo;GK;71;70;-1
58284;L. Zabala;CB;64;63;-1
58288;B. de Escobedo;SS;75;74;-1
58295;J. Rengifo;AMF;72;71;-1
58296;J. Errando;DMF;72;71;-1
58297;J. Carpintero;CMF;73;72;-1
58299;K. Belaustegui;SS;75;74;-1
58302;F. Petroli;GK;74;73;-1
58312;D. Zalazar;RMF;69;68;-1
58313;Š. Chaloupek;CB;75;74;-1
58317;A. Cantero;LWF;69;68;-1
58319;R. Herrera;DMF;68;67;-1
58320;B. Reyna;LWF;69;68;-1
58323;B. Sepúlveda;CF;69;68;-1
58324;D. Tena;CF;68;67;-1
58332;J. Regueiro;SS;72;71;-1
58334;I. Franco;RWF;69;68;-1
58335;G. Aguilar;CF;66;65;-1
58337;T. Muro;AMF;63;62;-1
58343;H. Caballero;DMF;68;67;-1
58345;C. Sosa;AMF;71;70;-1
58346;R. Villalba;RWF;64;63;-1
58348;S. Gassama;CF;65;64;-1
58354;D. Mercado;CMF;59;58;-1
58356;J. Flores;LB;66;65;-1
58364;W. Saucedo;RB;66;65;-1
58398;S. Villarroel;CB;57;56;-1
58400;J. Saborido;RB;71;70;-1
58403;J. Montenegro;RMF;66;65;-1
58405;A. Ávalos;LMF;61;60;-1
58406;M. De Lima;CF;64;63;-1
58409;G. Mendoza;LB;63;62;-1
58410;R. Barbosa;CB;65;64;-1
58413;B. Schamine;CMF;62;61;-1
58417;I. Ojea;AMF;73;72;-1
58418;A. Dekker;SS;73;72;-1
5847;Renato;DMF;79;78;-1
5850;M. González;CB;74;73;-1
58503;M. Ryan;GK;80;79;-1
58608;S. Pinto;CF;72;71;-1
58634;S. Ilsanker;DMF;59;58;-1
58666;Santos;GK;75;74;-1
58672;M. Guilherme;LWF;73;72;-1
58674;Riquelme F.;LWF;65;64;-1
58747;Thiago Mendes;DMF;75;74;-1
58778;Fernandão;CF;76;75;-1
58786;Samir;CB;79;78;-1
58812;Daniel;GK;66;65;-1
58829;Aleix Vidal;RB;62;61;-1
58836;Fuentes;LB;66;65;-1
58842;D. Greif;GK;82;81;-1
58852;J. Carvallo;GK;72;71;-1
59159;J. Williams;LMF;73;72;-1
59160;J. Rhodes;CF;75;74;-1
59163;F. Hurtado;GK;61;60;-1
59164;J. Elizondo;CF;68;67;-1
59197;B. Reyes;AMF;64;63;-1
59200;O. Bosso;RB;68;67;-1
59238;E. Farías;DMF;67;66;-1
59239;P. Ferreira;DMF;63;62;-1
59252;P. Jerez;RB;65;64;-1
59260;J. Dominguez;LB;73;72;-1
59266;I. Caroca;DMF;66;65;-1
59269;E. Pavez;DMF;68;67;-1
59293;M. Ceratto;RWF;73;72;-1
59315;M. Riquero;DMF;71;70;-1
59329;B. Sagredo;AMF;74;73;-1
59332;E. Burdín;CB;65;64;-1
59336;C. Roldán;RMF;76;75;-1
59342;B. San Juan;CB;70;69;-1
59354;R. Riquelme;CB;70;69;-1
59356;P. Díaz;CB;75;74;-1
59392;A. Parra;CB;71;70;-1
59399;Nonato;CMF;73;72;-1
59406;M. Donoso;CF;67;66;-1
59408;R. Saldías;SS;68;67;-1
59412;K. Valenzuela;RMF;68;67;-1
59418;T. Asta-Buruaga;CB;69;68;-1
59432;F. Lazcano;LB;68;67;-1
59445;R. Echeverria;DMF;75;74;-1
59449;A. Ramos;CF;71;70;-1
59450;C. Sepúlveda;DMF;69;68;-1
59453;Nícolas;GK;68;67;-1
59458;Jorginho;DMF;83;82;-1
59472;A. Vacca;CMF;68;67;-1
59482;D. Luppi;LWF;70;69;-1
59484;L. Pavoletti;CF;68;67;-1
59485;M. Salvi;GK;67;66;-1
59486;F. Schär;CB;82;81;-1
59496;M. Lang;RB;77;76;-1
59507;Edu Ribeiro;CB;68;67;-1
59509;Vitolo;RWF;68;67;-1
59546;L. Hrádecký;GK;80;79;-1
59550;P. Hofmann;CF;70;69;-1
59564;Muriqui;LWF;75;74;-1
59578;D. Bakker;CMF;71;70;-1
59604;M. Kinzig;GK;60;59;-1
59611;J. Sleegers;LWF;73;72;-1
59613;L. Woudenberg;LB;72;71;-1
59686;T. Tzimopoulos;CB;68;67;-1
59687;D. Kolovetsios;CB;69;68;-1
59695;H. Harisis;CMF;65;64;-1
59739;O. Altman;SS;74;73;-1
59746;B. Turner;CB;71;70;-1
59749;Y. Bolasie;CF;70;69;-1
59759;N. Höfler;DMF;72;71;-1
59770;F. Kiss;DMF;72;71;-1
59797;J. Murphy;RWF;80;79;-1
59802;L. Dendoncker;DMF;73;72;-1
59842;M. Sanson;CMF;76;75;-1
59846;G. Puel;RB;65;64;-1
59897;M. Mcgovern;GK;64;63;-1
59922;D. Furman;CMF;68;67;-1
59959;J. King;SS;63;62;-1
59960;M. Diouf;RMF;63;62;-1
59963;Mateus Carvalho;DMF;66;65;-1
59992;A. Søderlund;CF;60;59;-1
60016;F. Fontanini;CB;66;65;-1
60018;G. Sara;GK;63;62;-1
60029;A. Werner;GK;70;69;-1
60033;L. Albertengo;CF;75;74;-1
60049;R. Lenis;RMF;70;69;-1
60059;G. Rulli;GK;81;80;-1
60071;C. Fiermarin;GK;73;72;-1
60109;W. Benítez;GK;79;78;-1
60126;S. Olivarez;CB;74;73;-1
60128;E. Insúa;LB;73;72;-1
60143;L. Alario;CF;70;69;-1
60149;C. Meli;CMF;75;74;-1
60158;N. Bertochi;DMF;75;74;-1
60174;J. Arzura;DMF;74;73;-1
60181;L. Aveldaño;CB;72;71;-1
60184;E. Ojeda;DMF;69;68;-1
60186;C. Rigamonti;GK;70;69;-1
60191;G. Farré;CMF;75;74;-1
60195;T. Figueroa;CF;70;69;-1
60196;Álvarez Suárez;AMF;72;71;-1
60197;Diego Esser;GK;61;60;-1
60231;F. Chiarodia;CB;71;70;-1
60240;R. Centurión;RWF;61;60;-1
60242;D. Barrea;LMF;69;68;-1
60251;Max;AMF;65;64;-1
60260;F. Andrada;CF;69;68;-1
60262;M. Kranevitter;DMF;70;69;-1
60288;F. Monetti;GK;76;75;-1
60316;J. Mendoza;LMF;71;70;-1
60320;I. Furios;CB;70;69;-1
60327;J. Blanco;DMF;74;73;-1
60331;F. Girotti;CF;71;70;-1
60348;N. Bareiro;SS;72;71;-1
60360;C. Ledesma;GK;76;75;-1
60372;W. Montoya;CMF;70;69;-1
60376;H. Berrios;RMF;59;58;-1
60379;Marcos Tébar;DMF;68;67;-1
60380;L. Goretzka;CMF;82;81;-1
60391;Rafa Silva;LWF;63;62;-1
60431;R. Drâguşin;CB;75;74;-1
60458;A. Palavecino;RWF;68;67;-1
60472;K. Abdallah;RWF;67;66;-1
60494;A. Petagna;CF;70;69;-1
60498;L. Petković;GK;58;57;-1
60502;Ł. Skorupski;GK;79;78;-1
60509;I. Bubnjić;CB;68;67;-1
60519;S. Tangvik;GK;72;71;-1
60534;A. Januzaj;RWF;74;73;-1
60557;Santi Mina;LWF;60;59;-1
60560;S. Scuffet;GK;72;71;-1
60563;K. Baldé;LWF;72;71;-1
60564;I. Smolnikov;RB;62;61;-1
60572;S. Silva;CB;70;69;-1
60596;P. Vegetti;CF;74;73;-1
60600;S. Dominguez;DMF;70;69;-1
60623;S. Ciss;LB;72;71;-1
60627;William C.;DMF;64;63;-1
60677;L. Acosta;GK;71;70;-1
60680;A. Martín Arias;GK;72;71;-1
60682;J. Carranza;GK;71;70;-1
60698;E. Más;LB;61;60;-1
60699;F. Quignón;DMF;72;71;-1
60701;F. Cardozo;LB;66;65;-1
60709;José Sá;GK;76;75;-1
60710;Rui Modesto;RMF;62;61;-1
60711;M. Bolados;RWF;66;65;-1
60733;Diego Galo;CB;70;69;-1
60751;Dankler;CB;68;67;-1
60795;Pedro;AMF;70;69;-1
60798;S. Nwankwo;CF;69;68;-1
60815;I. Poblete;LWF;67;66;-1
60820;N. Tauer;DMF;67;66;-1
60839;S. Marzo;RB;72;71;-1
60857;R. Hranáč;CB;77;76;-1
60858;R. Pucino;RB;71;70;-1
60868;Alex;LWF;73;72;-1
60878;S. Dimitrievski;GK;78;77;-1
60879;Adri Embarba;RWF;72;71;-1
60890;F. Manzano;DMF;70;69;-1
60892;Arthur Cabral;CF;75;74;-1
60903;S. D'Almeida;DMF;71;70;-1
60906;C. Tolisso;CMF;83;82;-1
60908;G. N'Koudou;LWF;78;77;-1
60909;G. Kvilitaia;CF;71;70;-1
60914;J. Riedewald;CB;60;59;-1
60922;B. Traoré;RWF;75;74;-1
60928;J. Brandt;AMF;83;82;-1
6093;R. Haemhouts;AMF;71;70;-1
60956;Baralhas;DMF;72;71;-1
60965;Rodriguinho;LWF;65;64;-1
60977;J. Meza;AMF;68;67;-1
60984;J. Soto;RB;70;69;-1
60989;Lobato;LWF;66;65;-1
60998;B. Cremaschi;CMF;69;68;-1
61012;G. Maripán;CB;76;75;-1
61022;M. Blázquez;CB;63;62;-1
61043;S. Benrahma;RWF;71;70;-1
61050;Adama Traoré;RWF;76;75;-1
61053;Larrubia;RWF;76;75;-1
61091;S. Deli;CB;74;73;-1
6111;A. Koné;CF;58;57;-1
61116;E. Unsain;GK;76;75;-1
61141;N. Saint-Ruf;CB;69;68;-1
61148;Antonio Cotán;CMF;74;73;-1
61149;C. Fernández;CF;72;71;-1
61174;R. Mathias;CF;69;68;-1
61192;Y. Duk;CF;62;61;-1
61209;Thiago;GK;66;65;-1
61232;C. Grados;GK;66;65;-1
61251;J. Clarke;LWF;76;75;-1
61397;Patric;CB;75;74;-1
61468;Y. Mina;CB;77;76;-1
61479;D. Godoy;LMF;71;70;-1
61489;Á. Preciado;RB;75;74;-1
6150;D. Boer;GK;72;71;-1
61618;J. Orejuela;DMF;73;72;-1
61650;T. Peralta;RWF;64;63;-1
61688;K. Waston;CB;76;75;-1
61693;D. Yedlin;RB;76;75;-1
61710;J. Schlupp;LB;61;60;-1
61711;D. Accam;LWF;74;73;-1
61725;R. Mahrez;RWF;85;84;-1
62004;M. Barrow;RMF;73;72;-1
62012;Carlos Castro;CF;73;72;-1
63142;Fernandinho;LWF;67;66;-1
63166;Javi Flaño;RB;68;67;-1
63175;J. Barroso;CB;78;77;-1
63185;M. Delgado;AMF;74;73;-1
63213;J. San Román;RB;75;74;-1
63226;J. Novillo;CB;69;68;-1
63228;L. Genest;AMF;62;61;-1
63232;M. Hansen;GK;76;75;-1
63241;J. Mutch;CMF;71;70;-1
63275;E. Giménez;RMF;71;70;-1
63305;M. Keita;DMF;76;75;-1
63308;N. Štulić;CF;71;70;-1
63323;M. Coronel;CB;72;71;-1
63332;J. Bruma;CB;63;62;-1
6334;D. Benaglio;GK;66;65;-1
63347;M. Rojas;AMF;72;71;-1
63350;L. Giménez;CF;69;68;-1
63371;Aitor Fernández;GK;78;77;-1
63437;T. Jodłowiec;DMF;76;75;-1
63441;G. Troianiello;RWF;69;68;-1
63443;N. Kebano;LMF;75;74;-1
63447;A. Martínez;CF;78;77;-1
63459;A. Donnarumma;CF;71;70;-1
63470;N. Mancilla;CB;68;67;-1
63481;L. Deaux;DMF;77;76;-1
63488;M. Paulissen;AMF;69;68;-1
63489;Q. Promes;RWF;66;65;-1
63520;B. Cristante;DMF;82;81;-1
63532;Cristian Muñoz;GK;72;71;-1
63586;A. Escobar;SS;73;72;-1
63592;Sidnei;CB;63;62;-1
63594;T. Doumbia;CMF;73;72;-1
63602;L. Zima;GK;70;69;-1
63605;C. Nørgaard;DMF;80;79;-1
63606;O. Bouy;CMF;72;71;-1
63608;A. Tozzo;GK;61;60;-1
63626;Carlos Clerc;LB;73;72;-1
63640;S. Hutchinson;DMF;76;75;-1
63660;O. Gaona Lugo;CF;71;70;-1
63677;A. Harris;GK;60;59;-1
63679;Y. Gordillo;DMF;67;66;-1
63686;S. Sturaro;CMF;60;59;-1
63697;Geuvânio;RWF;75;74;-1
63718;Ivan Marcano;CB;63;62;-1
63730;Diego;AMF;64;63;-1
63764;Gonçalo Brandão;CB;72;71;-1
63898;Jucilei;DMF;58;57;-1
63905;M. Birighitti;GK;59;58;-1
64729;A. Traoré;LB;75;74;-1
64730;N. Ansell;CB;69;68;-1
65044;G. Viscarra;GK;73;72;-1
6526;L. Podolski;AMF;72;71;-1
65264;F. Avenatti;CF;68;67;-1
6566;I. Abate;RB;61;60;-1
6653;R. Montolivo;DMF;61;60;-1
6664;S. Lucchini;CB;71;70;-1
6864;Ahmed Fathy;CMF;72;71;-1
7056;J. Mascherano;CB;66;65;-1
7068;Artur Moraes;GK;59;58;-1
7474;Nenê;AMF;72;71;-1
7511;L. Messi;RWF;90;89;-1
7681;T. Maoulida;CF;57;56;-1
7704;Y. Hadji;CF;73;72;-1
7781;Y. Pelé;GK;79;78;-1
7812;J. Toulalan;DMF;64;63;-1
7880;M. Debuchy;RB;60;59;-1
7959;Fàbregas;CMF;70;69;-1
7973;J.antonio Reyes;RWF;61;60;-1
8059;Andrea Orlandi;RMF;71;70;-1
811;G. Barry;DMF;60;59;-1
817;M. Owen;CF;68;67;-1
824;S. Mcmanaman;LMF;68;67;-1
8408;A. Mcgeady;RWF;60;59;-1
8662;B. Costil;GK;69;68;-1
8701;L. Perrin;CB;64;63;-1
8760;W. Routledge;LWF;75;74;-1
8771;M. Storari;GK;63;62;-1
8823;P. Guerrero;CF;73;72;-1
8920;Momo;LWF;76;75;-1
8921;Rubén Castro;CF;63;62;-1
8959;D. Padelli;GK;66;65;-1
8984;A. Gyan;CF;61;60;-1
9042;K. Schmeichel;GK;73;72;-1
9121;A. Rogel;CB;69;68;-1
9155;Casto;GK;72;71;-1
9167;R. Pasveer;GK;73;72;-1
9211;J. Piroe;CF;75;74;-1
9238;M. Ramírez;CMF;62;61;-1
9291;J. Valdés;CMF;75;74;-1
9308;Diego López;GK;71;70;-1
9312;David Fuster;AMF;70;69;-1
9347;C. Adam;CMF;60;59;-1
9375;Santi Cazorla;CMF;76;75;-1
9378;Javi García;DMF;62;61;-1
9405;A. Diaby;CMF;58;57;-1
9418;Y. Gourcuff;AMF;62;61;-1
9567;C. Bravo;GK;69;68;-1
9571;A. Rodríguez;CB;74;73;-1
9584;M. Felgueiras;GK;70;69;-1
962;Toldo;GK;74;73;-1
990;P. Nedvěd;LMF;73;72;-1
100000;Mikel Saizar;GK;66;66;0
100012;Juan Carlos;GK;70;70;0
100014;T. Marras;RWF;65;65;0
100015;Luso;DMF;69;69;0
100020;Rafa Gálvez;CMF;63;63;0
100027;Renê;GK;67;67;0
100040;Servando S.;CB;65;65;0
100051;Raúl García;LB;75;75;0
100053;Unai Medina;RB;69;69;0
100057;Einar Galilea;CB;69;69;0
100064;Guzmán;RWF;68;68;0
100065;A. Lescano;AMF;77;77;0
100066;Viguera;CF;70;70;0
100072;A. Rebbach;LWF;73;73;0
100085;José Juan;GK;67;67;0
100088;Carlos Pita;CMF;66;66;0
100094;L. del Prete;RB;70;70;0
100095;Vitinha;CF;75;75;0
100099;E. Lamanna;GK;75;75;0
100103;A. Brignoli;GK;69;69;0
100105;E. Guarna;GK;66;66;0
100108;L. Crisetig;DMF;76;76;0
100117;F. Bernardeschi;RWF;75;75;0
100121;Víctor Díaz;RB;75;75;0
100123;Matia Barzić;CB;68;68;0
100129;Álex Pérez;CB;72;72;0
100133;Ø. Nyland;GK;74;74;0
100134;S. Moyano;RB;66;66;0
100147;R. de Laet;RB;72;72;0
100150;M. James;CMF;73;73;0
100151;E. Mason-Clark;LWF;75;75;0
100158;A. Knockaert;RMF;60;60;0
100159;J. Vardy;CF;75;75;0
100163;A. Sala;GK;63;63;0
100166;A. Garofalo;LB;65;65;0
100168;G. Kvernadze;LWF;69;69;0
100172;B. Meccariello;CB;66;66;0
100177;N. Belloni;RMF;64;64;0
100181;W. Kania;GK;60;60;0
100185;M. Carnesecchi;GK;86;86;0
100188;Saúl Berjón;LMF;72;72;0
100192;L. Rizzo;CMF;73;73;0
100195;F. Signori;CMF;68;68;0
100196;Kike García;CF;75;75;0
100202;F. Stanco;CF;66;66;0
100203;Dorca;CMF;71;71;0
100205;Fernando M.;GK;65;65;0
100207;Xabi Irureta;GK;70;70;0
100224;Yuri Berchiche;LB;79;79;0
100229;F. Ceravolo;CF;74;74;0
100230;C. Falletti;AMF;67;67;0
100231;G. Litteri;CF;68;68;0
100235;T. Kuszczak;GK;72;72;0
100241;F. de Col;RB;68;68;0
100244;M. Troest;CB;72;72;0
100246;L. Dunk;CB;77;77;0
100259;G. Piccinini;CMF;68;68;0
100260;G. Comi;CF;68;68;0
100261;S. March;RMF;74;74;0
100262;I. Tapia;CMF;70;70;0
100264;A. Piccolo;RWF;69;69;0
100269;E. Torres;CF;69;69;0
100270;K. Lualua;LWF;71;71;0
100272;Janderson;CB;62;62;0
100274;S. Pecorini;RB;67;67;0
100275;J. Lucco;AMF;62;62;0
100277;D. Gasparetto;CB;68;68;0
100281;Mamardashvili;GK;83;83;0
100283;L. Marianucci;CB;68;68;0
100286;S. Colombi;GK;71;71;0
100290;F. Poli;CB;71;71;0
100291;E. Raggio;CB;68;68;0
100292;K. Long;CB;65;65;0
100294;E. Legati;CB;62;62;0
100307;Alberto Escassi;CMF;68;68;0
100329;D. Sciaudone;CMF;69;69;0
100334;A. Richardson;CMF;71;71;0
100337;A. di Gaudio;LWF;73;73;0
100338;A. Iacobucci;GK;69;69;0
100347;Jon Errasti;DMF;72;72;0
100353;A. Stanković;DMF;76;76;0
100354;S. Ristovski;RB;70;70;0
100356;G. Figliomeni;CB;65;65;0
100367;M. Gaffoor;CB;67;67;0
100369;J. Dubasin;RWF;74;74;0
100371;Isaac;GK;67;67;0
100374;Iván López;RB;69;69;0
100383;N. El Aynaoui;CMF;77;77;0
100388;F. Migliore;LB;69;69;0
100393;Gabriel Pires;DMF;71;71;0
100395;D. Gerken;GK;68;68;0
100401;A. Berretta;CMF;59;59;0
100402;C. Skuse;CMF;72;72;0
100404;De Fougerolles;CB;66;66;0
100413;M. Giménez;CF;70;70;0
100420;M. Marin;DMF;68;68;0
100425;J. Vandeputte;CMF;72;72;0
100429;A. Izzo;CB;79;79;0
100432;R. Menezes;CB;68;68;0
100438;F. Angiulli;LMF;66;66;0
100439;M. Arini;CMF;68;68;0
100440;A. D'Angelo;CMF;71;71;0
100455;L. Castaldo;CF;70;70;0
100460;A. Guðmundsson;SS;77;77;0
100462;Gabriel Taliari;CF;72;72;0
100465;F. Delli Carri;CB;61;61;0
100467;M. Busellato;CMF;67;67;0
100473;L. Montipò;GK;76;76;0
100485;P. Faragò;CMF;68;68;0
100493;J. Manconi;RWF;65;65;0
100495;Hércules;CMF;74;74;0
100497;W. Cyprien;CMF;62;62;0
100504;L. Netz;LB;73;73;0
100508;A. Lazaar;LMF;72;72;0
100510;Héctor Bellerín;RB;76;76;0
100512;J. Álvarez;AMF;70;70;0
100528;D. Evtimov;GK;62;62;0
100534;I. Hayden;DMF;72;72;0
100535;D. Iliev;GK;63;63;0
100537;M. Rosenfelder;CB;73;73;0
100544;Mandi;DMF;69;69;0
100545;Carlos Carmona;RWF;75;75;0
100552;Guerrero;CF;74;74;0
100556;Nauzet Pérez;GK;67;67;0
100564;R. Ely;CB;67;67;0
100570;R. Fiamozzi;RB;67;67;0
100586;D. Sotelo;CMF;62;62;0
100590;D. Williams;DMF;74;74;0
100591;Carlos Vicente;RMF;77;77;0
100606;I. Sulemana;DMF;73;73;0
100613;A. Rossi;LB;69;69;0
100617;F. di Francesco;RWF;74;74;0
100630;L. Spinazzola;LB;80;80;0
100640;D. Garufo;RB;60;60;0
100650;L. Nizzetto;CMF;66;66;0
100651;A. Iunco;RWF;66;66;0
100658;J. Vallejos;RB;60;60;0
100660;F. Renzetti;LB;69;69;0
100669;David García;CB;75;75;0
100676;Alysson;RWF;70;70;0
100682;M. Abdelmonem;CB;72;72;0
100706;D. Szoboszlai;AMF;86;86;0
100716;Nauzet Alemán;RMF;72;72;0
100720;André Almeida;AMF;74;74;0
100721;M. Chrisantus;CF;67;67;0
100725;Javi Lara;LMF;68;68;0
100732;Hernán;CMF;74;74;0
100733;Deivid;CB;69;69;0
100734;Máyor;CF;67;67;0
100741;Dani Castellano;LB;59;59;0
100749;T. Nocchi;GK;64;64;0
100753;A. Almici;RB;67;67;0
100759;M. Cuisance;CMF;72;72;0
100764;Souza;LB;70;70;0
100772;H. Sakhi;AMF;65;65;0
100774;N. Chamed;RWF;64;64;0
100780;B. Chardonnet;CB;76;76;0
100782;M. Pérez;DMF;64;64;0
100789;Bruno González;CB;73;73;0
100790;Alberto Jiménez;CB;69;69;0
100816;E. Imorou;LB;72;72;0
100819;J. Salze;CB;64;64;0
100825;B. Diakité;CB;79;79;0
100832;R. Dugimont;RWF;66;66;0
100856;Buba Sangaré;RB;69;69;0
100860;A. Balijon;GK;64;64;0
100869;F. Chafik;RB;73;73;0
100871;N. Keïta;CMF;66;66;0
100876;F. Boulaya;AMF;67;67;0
100886;B. Lasme;CF;67;67;0
100887;R. Ndiaye;CMF;74;74;0
100888;P. Sy;GK;68;68;0
100894;A. Letellier;GK;74;74;0
100898;L. Openda;CF;80;80;0
100900;V. Manceau;RB;75;75;0
100901;B. Brahimi;RWF;72;72;0
100905;M. Ben Othman;AMF;67;67;0
100910;R. Khadra;LWF;71;71;0
100912;F. Picault;LWF;71;71;0
100925;B. Leroy;GK;67;67;0
100935;B. Santamaria;DMF;75;75;0
100937;Ketkeophomphone;RWF;74;74;0
100940;S. Khaoui;AMF;61;61;0
100943;W. Rémy;CB;73;73;0
100946;J. Marié;DMF;70;70;0
100951;R.philippoteaux;LMF;72;72;0
100961;M. Barreto;AMF;67;67;0
100962;Y. Court;LWF;72;72;0
100966;G. Gimbert;CF;69;69;0
100970;N. Djiga;CB;70;70;0
100974;Q. Bernard;LB;68;68;0
100977;S. Tigges;CF;68;68;0
100981;J. Roye;AMF;69;69;0
100988;A. Smithies;GK;71;71;0
100989;P. Roberts;RWF;72;72;0
100991;J. Dahlin;GK;66;66;0
100993;B. Ogbus;CB;72;72;0
100994;Hugo González;RWF;68;68;0
101003;P. Erevbenagie;RWF;58;58;0
101018;Y. Minteh;RWF;80;80;0
101027;W. Hughes;CMF;77;77;0
101030;C. Bryson;CMF;72;72;0
101039;M. Ubani;RB;61;61;0
101040;M. Holgersson;CB;66;66;0
101045;T. Deeney;CF;59;59;0
101053;T. Hoban;CB;70;70;0
101061;T. Berti;AMF;69;69;0
101065;Denis Suárez;AMF;74;74;0
101066;Javier Espinosa;AMF;69;69;0
101069;M. Kjærgaard;CMF;73;73;0
101074;L. Grant;GK;63;63;0
101075;J. Bijol;CB;77;77;0
101080;E. Huws;DMF;70;70;0
101086;T. Carson;GK;70;70;0
101087;C. Mclaughlin;RB;71;71;0
101099;S. Barker;CB;69;69;0
101101;P. Coutts;CMF;68;68;0
101102;J. Hendrick;CMF;58;58;0
101106;K. Freeman;RB;67;67;0
101108;Nicolas;LB;66;66;0
101109;A. Legzdins;GK;65;65;0
101113;P. Bamford;CF;70;70;0
101115;J. Grealish;LWF;82;82;0
101116;Guilherme Arana;LB;75;75;0
101117;W. Kamanzi;RB;72;72;0
101123;Alain Oyarzun;LWF;66;66;0
101125;D. Watmore;RWF;59;59;0
101127;B. Hamer;GK;67;67;0
101129;Bustinza;RB;74;74;0
101143;D. Dervite;CB;67;67;0
101148;M. Peart-Harris;RMF;68;68;0
101165;W. Mesloub;CMF;75;75;0
101178;R. Wiggins;LB;63;63;0
101186;P. Parzyszek;CF;70;70;0
101188;G. Abrego;CMF;72;72;0
101203;N. Pelaitay;DMF;64;64;0
101210;G. Milán;CB;74;74;0
101211;O. Solet;CB;78;78;0
101216;M. Schubert;GK;65;65;0
101217;I. Jourdren;GK;62;62;0
101221;H. Hateboer;RB;74;74;0
101223;B. Sarr;RB;68;68;0
101238;R. Cagnon;GK;62;62;0
101244;Óscar Whalley;GK;64;64;0
101246;A. Hountondji;CF;71;71;0
101251;J. Lolley;RWF;67;67;0
101252;N. Wells;CF;72;72;0
101274;F. Sakar;LWF;58;58;0
101288;I. Maatsen;LB;79;79;0
101295;D. Gray;LWF;72;72;0
101296;R. Tarnutzer;CMF;60;60;0
101301;L. Trossard;LWF;83;83;0
101308;M. Beevers;CB;70;70;0
101309;L. Miller;CMF;70;70;0
101312;M. Mills;CB;71;71;0
101313;T. Smith;RB;73;73;0
101315;J. Lynch;CB;73;73;0
101338;C. Kporha;RB;62;62;0
101352;R. Wallace;RMF;72;72;0
101354;S. Malone;LB;71;71;0
101355;T. Heaton;GK;67;67;0
101359;A. Barnes;CF;70;70;0
101391;P. Drewes;GK;71;71;0
101397;C. Taylor;LMF;67;67;0
101399;F. Sartori;CF;71;71;0
101406;J. Barbieri;CF;65;65;0
101416;M. Ligoule;DMF;66;66;0
101417;L. Díaz;RWF;65;65;0
101420;Q. Westberg;GK;62;62;0
101431;J. Hergault;RB;67;67;0
101440;I. Ech-Chergui;AMF;64;64;0
101444;K. Boutaïb;CF;72;72;0
101447;G. Belaud;RB;67;67;0
101455;Otávio;DMF;69;69;0
101472;K. Thorstvedt;CMF;76;76;0
101485;M. Aleksic;CMF;61;61;0
101487;M. Mimoun;AMF;70;70;0
101488;A. Robic;RWF;66;66;0
101494;P. Bouby;DMF;66;66;0
101498;B. Poulain;CB;70;70;0
101502;R. Ripart;CF;69;69;0
101504;K. Danso;CB;79;79;0
101505;R. Nouri;RWF;66;66;0
101507;M. Michel;GK;75;75;0
101519;K. Árnason;CB;78;78;0
101531;E. Shakhov;AMF;74;74;0
101534;T. Barkhuizen;CF;63;63;0
101569;Mateus Xavier;LWF;60;60;0
101574;João Paulo;GK;72;72;0
101580;Serginho;LWF;68;68;0
101586;S. Byram;RB;74;74;0
101593;L. Murphy;CMF;68;68;0
101600;L. Bergvall;CMF;78;78;0
101617;Álex Moreno;LB;76;76;0
101620;L. Evans;CMF;67;67;0
101638;G. Friend;LB;73;73;0
101648;N. Thomsen;LMF;73;73;0
101649;G. Leadbitter;CMF;70;70;0
101659;L. Spalvis;CF;69;69;0
101664;I. Ndiaye;RWF;82;82;0
101667;L. Lescano;LB;63;63;0
101687;L. Rodríguez;DMF;61;61;0
101689;Léo Andrade;CB;66;66;0
101725;R. Gosens;LB;78;78;0
101739;H. Dean;CB;72;72;0
101748;Raúl Silva;CB;78;78;0
101753;C. Donaldson;CF;70;70;0
101755;N. Füllkrug;CF;76;76;0
101758;P. Gladon;CF;70;70;0
101761;J. Gvardiol;CB;85;85;0
101762;G. Augusto;AMF;69;69;0
101763;J. Bonham;GK;64;64;0
101777;H. Arter;CMF;76;76;0
101781;J. Tarkowski;CB;80;80;0
101785;Latibeaudiere;CB;71;71;0
101795;S. Lynen;DMF;77;77;0
101798;Schlotterbeck;CB;75;75;0
101813;N. Aliji;LB;71;71;0
101815;B. de Jong;GK;65;65;0
101821;E. Brito;LB;66;66;0
101844;V. Gragnic;AMF;69;69;0
101846;P. Jansson;CB;76;76;0
101848;D. Callà;RMF;70;70;0
101863;M. Espinoza P.;CF;59;59;0
101867;E. Johansson;CB;77;77;0
101870;R. Olsen;GK;76;76;0
101874;I. Schor;RMF;70;70;0
101879;A. Chávez;CF;68;68;0
101884;G. Scognamiglio;CB;69;69;0
101899;I. Abraham;LB;69;69;0
101904;E. Choutesiotis;GK;66;66;0
101909;L. Sadílek;AMF;72;72;0
101911;Paulo Bernardo;AMF;71;71;0
101918;P. Iemmello;CF;74;74;0
101926;B. Franjić;CB;69;69;0
101928;M. Scavone;AMF;67;67;0
101939;Juanpe;CB;70;70;0
101946;D. Rodríguez;GK;73;73;0
101955;F. Pizzini;RMF;70;70;0
101957;L. Miranda;AMF;73;73;0
101971;M. Zappino;GK;67;67;0
101976;M. De Luca;CF;69;69;0
101977;R. Crivello;LB;68;68;0
101985;D. Rodríguez;CMF;73;73;0
101991;L. Paganini;RWF;70;70;0
101996;Andrés Castrín;CB;73;73;0
102005;Dorronsoro;GK;65;65;0
102020;Samu;RMF;66;66;0
102030;E. Mathoho;CB;72;72;0
102044;J. Mendes;CF;64;64;0
102045;Y. Abdelhamid;CB;70;70;0
102049;B. Martin;CB;68;68;0
102050;F. L'Hostis;GK;64;64;0
102051;F. Noguera;CB;68;68;0
102052;O. Rivero;CF;68;68;0
102055;E. Camavinga;CMF;81;81;0
102058;A. Barrios;RB;67;67;0
102071;Queco Piña;GK;65;65;0
102072;S. Ben Youssef;CB;75;75;0
102074;A. Diatta;CMF;62;62;0
102081;Nano;LB;72;72;0
102097;Guruzeta;CF;78;78;0
102116;Alberto;DMF;74;74;0
102123;G. Abuashvili;LWF;67;67;0
102124;R. Filippi;CB;70;70;0
102130;R. Boujedra;AMF;64;64;0
102132;P. Martinez;LB;70;70;0
102139;Caio Alexandre;DMF;74;74;0
102141;I. Chebake;RB;66;66;0
102142;M. le Marchand;CB;77;77;0
102149;M. Ramírez;GK;70;70;0
102151;M. Peinipil;RB;68;68;0
102207;S. Bywater;GK;62;62;0
102225;N. Acevedo;CMF;75;75;0
102229;J. Báez;CB;72;72;0
102232;L. Villalba;CB;72;72;0
102259;F. Losas;GK;64;64;0
102285;A. Mendy;CF;70;70;0
102293;A. Figueiredo;LB;69;69;0
102299;M. Pérez Curci;CMF;67;67;0
102300;N. Zortea;RB;73;73;0
102301;A. Camigliano;CB;65;65;0
102307;F. Rosso;CB;68;68;0
102311;A. Caracciolo;CB;71;71;0
102312;Ahmed Benali;AMF;76;76;0
102319;Mancha;LB;60;60;0
102327;Fabinho;RWF;66;66;0
102360;Jacy;CB;73;73;0
102383;L. Ugochukwu;DMF;76;76;0
102384;N. Mensah;CMF;59;59;0
102385;T. Gabellini;CF;57;57;0
102387;M. Nakamba;DMF;75;75;0
102397;C. Mosquera;CB;78;78;0
102399;Y. Rivière;CF;66;66;0
102400;J. Randazzo;CB;64;64;0
102416;Gumbau;CMF;72;72;0
102418;Puado;LWF;77;77;0
102428;J. Pauli;CB;79;79;0
102437;L. Arrhov;AMF;65;65;0
102438;Carlos Abad;GK;63;63;0
102467;E. Legros;CB;59;59;0
102470;Casado;LB;67;67;0
102475;M. Samatta;CF;71;71;0
102481;S. Gigot;CB;76;76;0
102483;T. Savanier;AMF;74;74;0
102486;S. Kingsley;LB;68;68;0
102492;N. Hult;LB;74;74;0
102511;A. Correia;LB;69;69;0
102517;Brandon;CF;65;65;0
102522;Y. Engelhardt;DMF;74;74;0
102527;Zé Manuel;LWF;69;69;0
102534;Nélson Monte;CB;62;62;0
102535;Silvério;CB;60;60;0
102542;C. Bravo;LB;67;67;0
102563;Léo Matos;RB;74;74;0
102566;C. Tosun;CF;77;77;0
102569;F. Ortellado;CB;64;64;0
102578;S. Benedetti;CB;70;70;0
102597;S. Aresti;GK;65;65;0
102604;M. Barbieri;CF;70;70;0
102610;D. Martínez;RB;68;68;0
102617;M. Rolón;LWF;66;66;0
102624;López Garai;CMF;64;64;0
102631;M. Asenjo;CF;67;67;0
102639;P. Frattali;GK;69;69;0
102647;D. Agazzi;CMF;66;66;0
102657;I. Donkor;CB;67;67;0
102672;R. García;CB;67;67;0
102676;D. González;LMF;71;71;0
102695;K. Toko Ekambi;LWF;76;76;0
102719;P. Schick;CF;83;83;0
102724;D. Depetris;CF;69;69;0
102729;A. Tinnerholm;RB;68;68;0
102730;I. Thelin;CF;73;73;0
102736;M. Bălaşa;CB;70;70;0
102737;M. Somma;CB;67;67;0
102738;L. Mazzitelli;CMF;72;72;0
102742;Borja Iglesias;CF;80;80;0
102761;A. Bayındır;GK;75;75;0
102762;L. Martinelli;CB;62;62;0
102775;M. Pucciarelli;SS;60;60;0
102776;I. Shekiladze;CF;66;66;0
102781;L. Steele;GK;71;71;0
102792;F. Ciampichetti;CF;68;68;0
102795;G. Klusener;CF;71;71;0
102805;L. Samardžić;AMF;78;78;0
102824;Lucas Crispim;LWF;67;67;0
102826;S. Emmanuello;CMF;64;64;0
102828;T. Kleindienst;CF;80;80;0
102829;L. Escalante;CMF;62;62;0
102839;B. Aloé;CB;63;63;0
102848;A. Signorini;CB;63;63;0
102855;O. Marciano;GK;63;63;0
102864;L. Mancuso;SS;56;56;0
102879;D. Petković;GK;65;65;0
102884;J. Cabrera;RWF;70;70;0
102891;G. Scalvini;CB;79;79;0
102892;T.wellenreuther;GK;68;68;0
102893;M. Tankovic;LWF;70;70;0
102894;D. Avdijaj;SS;70;70;0
102907;S. Padt;GK;75;75;0
102910;S.van de Streek;AMF;72;72;0
102912;R. Karsdorp;RB;60;60;0
102915;R. Tapia;DMF;76;76;0
102916;B. Ould-Chikh;RWF;70;70;0
102943;M. Mancienne;CB;71;71;0
102945;G. Burgstaller;CF;61;61;0
102953;S. Gleeson;CMF;70;70;0
102956;F. Gruber;CB;70;70;0
102971;C. Chimino;RB;74;74;0
102975;A. Masina;CB;66;66;0
102988;A. Schenetti;CMF;66;66;0
102991;A. Kalimuendo;CF;78;78;0
102999;Carlos López;GK;62;62;0
103010;A. Palumbo;CMF;61;61;0
103017;N. Fazzi;CMF;66;66;0
103026;A. Sabbione;CB;68;68;0
103031;P. Vismara;GK;60;60;0
103035;Bruno Varela;GK;74;74;0
103036;L. Benito;LB;72;72;0
103038;A. Cubas;DMF;74;74;0
103043;G. Rutter;CF;77;77;0
103046;B. Afobe;CF;58;58;0
103048;L. Verna;CMF;68;68;0
103062;Lucas Pires;LB;74;74;0
103066;Danilo Barbosa;DMF;69;69;0
103084;L. Christensen;CMF;69;69;0
103088;G. Williams;LMF;66;66;0
103107;N. Laméndola;LMF;68;68;0
103116;J. Wildsmith;GK;66;66;0
103121;E. Roco;CB;77;77;0
103126;V. Parigini;RWF;68;68;0
103147;L. Souchaud;GK;57;57;0
103154;L. Curda;RMF;72;72;0
103155;Iuri Medeiros;RWF;74;74;0
103160;G. Gaudino;CMF;72;72;0
103166;T. Adams;DMF;79;79;0
103169;Marwan Mohsen;CF;71;71;0
103176;G. Santilli;GK;67;67;0
103191;K. Kotsaris;GK;63;63;0
103215;A. Cordaz;GK;71;71;0
103219;H. Kamara;LB;72;72;0
103222;Ander Bardaji;GK;67;67;0
103224;Morcillo;CMF;63;63;0
103236;Borja García;AMF;72;72;0
103257;H. Bolin;LWF;72;72;0
103258;Jorge Sáenz;CB;70;70;0
103269;A. Esiti;DMF;68;68;0
103276;M. Wolf;RB;73;73;0
103286;M. Cardillo;CMF;66;66;0
103291;A. Danjuma;LWF;75;75;0
103294;Renato Marques;CF;64;64;0
103295;A. Dossena;CB;73;73;0
103300;P. Gollini;GK;74;74;0
103303;A. Ioniţă;CMF;73;73;0
103310;L. Cabrera;CB;76;76;0
103312;N. Fernández;CMF;71;71;0
103317;M. Acuña;LB;78;78;0
103320;J. Rodríguez;CB;73;73;0
103324;H. Behrens;LB;73;73;0
103339;Lucas Ronier;RWF;72;72;0
103356;T. Chandler;RB;63;63;0
103360;T. Doyle;CMF;72;72;0
103362;G. Hall;CB;72;72;0
103366;A. Omobamidele;CB;73;73;0
103393;M. Cissé;CMF;64;64;0
103401;P. Nardi;GK;69;69;0
103402;J. Mceachran;AMF;70;70;0
103404;M. Ødegaard;AMF;86;86;0
103408;Lucas Vázquez;RB;74;74;0
103419;J. Nardoni;CMF;74;74;0
103420;Marco Asensio;AMF;68;68;0
103437;A. Cissè;AMF;66;66;0
103441;J. Aguirre;LMF;69;69;0
103446;E. Bohinen;DMF;70;70;0
103451;A. Bentivegna;RWF;67;67;0
103456;L. Venuti;RB;69;69;0
103469;N. Stefanelli;AMF;68;68;0
103470;Rubén Sobrino;CF;69;69;0
103476;Robert Ibáñez;RWF;69;69;0
103477;G. Fabbian;AMF;73;73;0
103480;N. Fortini;LB;67;67;0
103491;G. Ferrari;CB;75;75;0
103498;M. Estève;CB;76;76;0
103509;R. Gilmartin;GK;58;58;0
103511;T. Lawrence;LWF;73;73;0
103513;L. Delap;CF;77;77;0
103514;M. Keane;CB;76;76;0
103519;K. Diks;CB;77;77;0
103529;J. Voest;LB;65;65;0
103531;S. Larsson;LWF;61;61;0
103535;Van Amersfoort;AMF;72;72;0
103541;J. Schmied;CB;72;72;0
103549;D. Kinsombi;CMF;65;65;0
103551;J. Andersen;CB;79;79;0
103555;V. Sierro;CMF;73;73;0
103567;S. Findlay;CB;60;60;0
103572;Rafael Defendi;GK;69;69;0
103581;Jesús Vallejo;CB;61;61;0
103582;L. Boyé;CF;77;77;0
103588;Rodrigo Nestor;CMF;72;72;0
103598;F. Grillo;CB;68;68;0
103601;Y. Asad;AMF;69;69;0
103604;Y. Öztekin;RMF;76;76;0
103609;L. Avdullahu;DMF;79;79;0
103611;Kenan;CF;70;70;0
103612;Berenguer;LWF;79;79;0
103613;Mikel Merino;CMF;83;83;0
103616;Sebas Coris;LMF;64;64;0
103619;Alemão;CF;74;74;0
103625;L. Banda;LWF;70;70;0
103631;Rafael Luís;DMF;69;69;0
103640;W. Bondo;CMF;70;70;0
103661;Ivi López;CF;74;74;0
103663;J. James;CMF;73;73;0
103687;E. Lysionok;GK;56;56;0
103690;Raúl Guti;AMF;56;56;0
103693;J. Lindstrøm;AMF;73;73;0
103700;P. Šulc;AMF;79;79;0
103701;S. Magassa;DMF;73;73;0
103703;A. Preciado;LMF;69;69;0
103717;D. Prieto;GK;62;62;0
103781;G. Costa;RMF;67;67;0
103791;Arghus;CB;70;70;0
103794;B. Cáceres;CMF;69;69;0
103806;N. Petrović;LB;66;66;0
103816;A. Colpani;AMF;76;76;0
103819;A. Živković;RWF;77;77;0
103820;S. Lukić;CMF;78;78;0
103851;S. Ichazo;GK;70;70;0
103857;F. Torgnascioli;GK;62;62;0
103879;G. González;CB;60;60;0
103886;Olasagasti;CMF;74;74;0
103888;S. Mcqueen;LB;69;69;0
103892;R. Bezjak;CF;70;70;0
103900;R. Tesche;CMF;69;69;0
103906;V. de Lucia;GK;63;63;0
103919;E. Ponce;CF;72;72;0
103925;Marcelinho;AMF;70;70;0
103951;S. Baldock;CF;71;71;0
103954;B. Silva;GK;60;60;0
103957;O. Henríquez;CB;74;74;0
103968;E. Gliozzi;CF;66;66;0
103970;F. Bonazzoli;CF;72;72;0
104008;R. Lavia;DMF;78;78;0
104020;T. Hume;RB;78;78;0
104021;A. Toşca;CB;73;73;0
104023;B. San Emeterio;RB;64;64;0
104024;I. Latovlevici;LB;72;72;0
104054;Raúl De Tomás;CF;72;72;0
104058;M. Crowe;GK;62;62;0
104061;K. Saverio;LMF;66;66;0
104067;H. Hernández;CF;70;70;0
104075;J. Flores;LB;66;66;0
104092;C. Odenthal;CB;70;70;0
104093;H. Belkebla;CMF;75;75;0
104095;F. Pacheco;GK;78;78;0
104097;L. Valzania;CMF;66;66;0
104101;S. Gümüş;RWF;74;74;0
104102;L. Bogarde;DMF;74;74;0
104103;F. Ricca;CB;70;70;0
104114;K. Bowie;CF;67;67;0
104116;C. Mayada;RMF;74;74;0
104122;A. Balboa;CF;68;68;0
104161;A. Carboni;CB;71;71;0
104162;C. Keita;LB;69;69;0
104170;M. Črnic;LMF;64;64;0
104185;L. Cook;CMF;78;78;0
104186;M. Pingot;CB;64;64;0
104201;Evertton Araújo;DMF;73;73;0
104241;A. Peñaranda;LWF;68;68;0
104259;M. Rohr;CB;71;71;0
104271;T. Tessmann;DMF;75;75;0
104273;I. Ganago;CF;71;71;0
104277;V. Rongier;CMF;80;80;0
104283;J. Prior;GK;67;67;0
104286;L. Boggio;CMF;73;73;0
104293;F. Anselmo;CF;63;63;0
104295;J. Bamba;RWF;72;72;0
104297;R. Ramírez;GK;69;69;0
104306;J. Rodon;CB;77;77;0
104314;L. Suárez;RMF;72;72;0
104319;D. Blanco;RMF;71;71;0
104325;N. Paz;CB;68;68;0
104332;S. Izaguirre;CB;68;68;0
104334;L. Suárez;CB;69;69;0
104337;J. Gomez;CB;79;79;0
104350;Y. Musavu-King;CB;70;70;0
104355;D. Venturi;RMF;66;66;0
104356;M. González;CMF;71;71;0
104374;Eduardo;AMF;69;69;0
104377;S. Chérif;CF;72;72;0
104382;M. Diaw;GK;72;72;0
104383;G. Kyei;CF;71;71;0
104390;S. Fofana;LB;67;67;0
104391;R. Aguilar;RB;77;77;0
104406;G. Berthier;RMF;66;66;0
104415;David García;CB;72;72;0
104423;A. Busin;RWF;57;57;0
104426;S. Kilic;CMF;60;60;0
104431;D. Fernandes;GK;68;68;0
104436;E. Elezaj;GK;56;56;0
104437;E. Jelert;RB;72;72;0
104443;M. Curado;CB;70;70;0
104444;Y. Gómez;CB;73;73;0
104454;F. Mattiello;RMF;71;71;0
104458;Geijo;CF;68;68;0
104461;S. D'Elia;LB;69;69;0
104462;L. Sy;RB;73;73;0
104470;T. Cillard;CB;63;63;0
104484;Gaspar Panadero;LWF;60;60;0
104497;Adrián Marín;LB;74;74;0
104498;Bruno Paulista;DMF;69;69;0
104519;J. Martínez;CMF;70;70;0
104530;Matheus Reis;LB;71;71;0
104540;F. Fabra;LB;71;71;0
104547;J. Quintero;CB;69;69;0
104594;N. Nández;CMF;76;76;0
104624;F. Caicedo;CB;58;58;0
104629;E. Burgos;CB;68;68;0
104635;B. Kuščević;CB;72;72;0
104636;Alisson Santos;LWF;74;74;0
104640;G. Tapia;RWF;72;72;0
104647;E. Bailly;CB;73;73;0
104649;A. Calabresi;CB;68;68;0
104650;Aranu Tenas;GK;75;75;0
104660;Jonathan Jesus;CB;73;73;0
104665;G. Andonian;CB;67;67;0
104666;I. Jansson;LWF;71;71;0
104667;Ale Gomes;CB;65;65;0
104670;L. Albarracín;RWF;58;58;0
104672;N. Guzmán;RWF;66;66;0
104678;J. Augustin;CF;59;59;0
104681;F. García;CB;64;64;0
104683;R. Burke;CB;67;67;0
104689;Sergio Aguza;CMF;66;66;0
104692;N. Vujadinović;CB;63;63;0
104697;F. Romagna;CB;70;70;0
104699;J. Jankto;CMF;59;59;0
104710;Dani Ceballos;CMF;80;80;0
104711;K. Nuhu;CB;71;71;0
104718;J. Hesketh;AMF;66;66;0
104719;S. Luperto;CB;75;75;0
104727;B. Gannon-Doak;RWF;71;71;0
104728;O. Stange;CF;66;66;0
104731;T. King;GK;64;64;0
104734;K. Coulibaly;CB;72;72;0
104739;S. Tibbling;CMF;74;74;0
104740;D. Ramírez;CF;66;66;0
104742;J. Ikaunieks;AMF;67;67;0
104747;António Xavier;LWF;70;70;0
104750;M. Jajalo;DMF;74;74;0
104755;Thallyson;LB;68;68;0
104805;N. Olij;GK;70;70;0
104811;G. Bijl;RB;62;62;0
104844;S. Janko;RB;64;64;0
104848;T. Zimmerschied;LWF;71;71;0
104855;A. Vita;RWF;68;68;0
104856;Rubén Duarte;LB;74;74;0
104858;João Paulo;CB;66;66;0
104860;Fábio Cardoso;CB;73;73;0
104863;Sergio Marcos;CMF;66;66;0
104865;J. Quansah;CB;77;77;0
104871;D. Ndong;CMF;75;75;0
104874;A. Diallo;AMF;62;62;0
1048763;;CF;87;87;0
104880;O. Nkambadio;GK;74;74;0
104893;Abdoulay Diaby;CF;70;70;0
104899;R. Ache;CF;76;76;0
104930;R. Belghali;RB;70;70;0
104998;J. Venegas;RMF;70;70;0
105005;C. Archer;CF;71;71;0
105014;S. Popov;RB;69;69;0
105020;Á. Lang;CB;70;70;0
105032;H. Riojas;CB;66;66;0
105048;J. Novota;GK;70;70;0
105055;G. Enache;RMF;71;71;0
105058;L. Vibe;CF;73;73;0
105061;J. Pavlenka;GK;75;75;0
105067;V. Babacan;GK;65;65;0
105072;P. Budkivskyi;CF;72;72;0
105079;I. Vargić;GK;72;72;0
105080;L. Kalinić;GK;77;77;0
105082;M. Ellertsson;CMF;71;71;0
105084;J. Hector;LB;64;64;0
105088;T. Silva;LB;65;65;0
105089;Chimy Ávila;RWF;72;72;0
105091;G. di Renzo;RWF;73;73;0
105092;M. González;CF;61;61;0
105093;R. Morínigo;GK;69;69;0
105098;A. Batalla;GK;79;79;0
105109;M. Rivero;AMF;72;72;0
105117;J. Laso;CB;71;71;0
105120;I. Arboleda;GK;69;69;0
105124;J. Schuster;CB;67;67;0
105129;C. Guanca;SS;70;70;0
105131;B. Romero;CF;73;73;0
105137;L. Villarruel;DMF;74;74;0
105138;Kaku;AMF;79;79;0
105145;L. Campana;CF;70;70;0
105149;L. Ardente;GK;72;72;0
105150;L. Corti;GK;64;64;0
105151;M. Leitsch;CB;71;71;0
105153;D. Franco;CB;66;66;0
105161;Adson;RWF;69;69;0
105163;L. Martínez;SS;69;69;0
105171;F. Crivelli;GK;69;69;0
105172;R. Macagno;GK;69;69;0
105177;G. Bojanich;CB;66;66;0
105180;F. Brandán;AMF;64;64;0
105183;I. Leguizamón;RWF;71;71;0
105188;G. Flores;CF;61;61;0
105192;E. Brítez;CB;68;68;0
105194;M. Martínez;DMF;74;74;0
105195;J. Rivas;AMF;70;70;0
105201;M. Antoni;CB;68;68;0
105203;F. Soldano;CF;76;76;0
105209;N. Dematei;LB;69;69;0
105220;L. Díaz;CF;74;74;0
105223;F. Lanzillota;GK;70;70;0
105236;L. Caballero;CB;66;66;0
105243;L. Chávez;GK;67;67;0
105261;M. Fornari;RWF;70;70;0
105270;N. Tripichio;DMF;73;73;0
105271;Natã;CB;64;64;0
105272;G. Ferreyra;CMF;71;71;0
105284;J. Lavega;LWF;67;67;0
105288;J. Komar;CB;72;72;0
105296;E. Bonacorso;RB;71;71;0
105298;F. Cristaldo;AMF;76;76;0
105303;I. Bonadío;LB;67;67;0
105307;D. Barbona;AMF;71;71;0
105310;S. Giordana;CF;71;71;0
105313;F. Londoño;CF;68;68;0
105320;G. Del Prete;CF;69;69;0
105322;E. Ramírez;CF;67;67;0
105326;J. Amoroso;CMF;66;66;0
105329;E. Cecchini;DMF;68;68;0
105352;F. Álvarez;AMF;66;66;0
105358;J. Juranović;RB;73;73;0
105359;M. Barrios;CMF;68;68;0
105364;B. Ampuero;CB;73;73;0
105369;H. Valencia;CMF;56;56;0
105372;M. Herrera;GK;65;65;0
105373;F. Carboni;LB;63;63;0
105375;M. Escudero;CB;72;72;0
105376;A. Marquez;DMF;71;71;0
105379;V. Depietri;SS;68;68;0
105383;L. Ramazani;LWF;76;76;0
105388;R. Ahumada;CB;63;63;0
105389;T. Fernández;RMF;67;67;0
105390;C. González;CF;69;69;0
105391;B. Gerez;CF;58;58;0
105409;G. Enrique;RB;69;69;0
105411;G. Soto;RB;67;67;0
105416;A. Díaz;CMF;64;64;0
105456;A. Moreno;RB;62;62;0
105469;E. Fernández;CMF;86;86;0
105471;E. López;RB;67;67;0
105480;R. Martínez;DMF;64;64;0
105505;O. Salinas;AMF;63;63;0
105510;F. Cornejo;CB;69;69;0
105514;N. Higueras;CB;69;69;0
105518;P. Benítez;GK;60;60;0
105520;C. Tarragona;CF;73;73;0
105525;F. Scarpeccio;CF;57;57;0
105527;D. Churín;CF;72;72;0
105539;Y. Leiva;CMF;69;69;0
105543;B. Taiva;CF;65;65;0
105562;L. Silva;DMF;70;70;0
105563;B. Carvallo;AMF;67;67;0
105569;C. Pontoni;LMF;68;68;0
105570;J. Bizama;CB;67;67;0
105576;B. Torrealba;RB;69;69;0
105583;T. Nasif;CF;69;69;0
105584;F. Hormazabal;RB;71;71;0
105604;E. Garré;LB;67;67;0
105614;B. Schmidt;CF;62;62;0
105686;Á. Gonzalez;RMF;71;71;0
105748;N. Watson;DMF;67;67;0
105978;D. Maeda;LWF;78;78;0
106224;F. Martelli;CB;64;64;0
106238;Julimar;LWF;70;70;0
106280;Keno;LWF;69;69;0
106308;A. Briseño;CB;64;64;0
106337;J. Randall;LWF;67;67;0
106338;J. Ballón;DMF;73;73;0
106349;P. Lima;CB;59;59;0
106410;A. Iwobi;LWF;80;80;0
106411;F. Fielding;GK;68;68;0
106413;L. Ayling;RB;75;75;0
106415;A. Flint;CB;73;73;0
106420;J. Diaz;CB;74;74;0
106422;L. Freeman;AMF;68;68;0
106425;S. Johnstone;GK;76;76;0
106428;T. Clarke;CB;75;75;0
106429;B. Davies;LB;64;64;0
106430;P. Huntington;CB;65;65;0
106433;Yago Santiago;LWF;70;70;0
106436;J. Brownhill;CMF;65;65;0
106448;M. Alphonse;RB;65;65;0
106452;A. Faivre;CB;63;63;0
106457;F. Ogier;CB;64;64;0
106463;G. Daffara;GK;67;67;0
106478;A. Bouchard;GK;59;59;0
106480;V. de Marconnay;GK;64;64;0
106487;J. Sánchez;RB;71;71;0
106488;John Donald;CB;69;69;0
106489;H. Lybohy;CB;66;66;0
106503;A. Bai Kamara;CB;60;60;0
106508;P. Joosten;LWF;70;70;0
106531;Cláudio Ramos;GK;70;70;0
106536;Deyvison;LB;67;67;0
106539;Edu Machado;RB;67;67;0
106540;Fabio Pacheco;DMF;67;67;0
106580;Jorge;LB;61;61;0
106586;Marc Vidal;GK;64;64;0
106589;L. Hodson;RB;71;71;0
106604;Carlos Vinícius;CF;80;80;0
106609;Bruno Henrique;CF;78;78;0
106635;Bernardo;LB;75;75;0
106644;D. Bergamelli;CB;65;65;0
106645;Z. Suzuki;GK;76;76;0
106652;Nicolás Schiavi;AMF;61;61;0
106653;J. Piotrowski;CMF;72;72;0
106678;L. Stassin;CF;74;74;0
106683;A. Tuia;CB;67;67;0
106732;I. Maza;AMF;80;80;0
106735;M. Modolo;CB;62;62;0
106738;Cauly;AMF;72;72;0
106748;F. Makhedjouf;CMF;69;69;0
106760;Renato Neto;DMF;77;77;0
106762;K. Saief;LMF;74;74;0
106765;B. Dejaegere;AMF;73;73;0
106771;Nogueira;CB;69;69;0
106779;T. Helgason;CMF;68;68;0
106780;O. Husyev;LWF;72;72;0
106782;V. Buyalskyy;CMF;75;75;0
106793;Felipe Lopes;CB;69;69;0
106815;F. De Paul;GK;73;73;0
106821;V. Morales;CB;61;61;0
106824;L. Esteves;LB;71;71;0
106834;F. Paredes;CB;67;67;0
106842;A. Al-Dakhil;CB;71;71;0
106850;D. Werker;CB;64;64;0
106853;H. Faik;CMF;72;72;0
106857;T. van Hyfte;CMF;73;73;0
106869;R. Pröpper;CB;71;71;0
106885;J. Gómez Mattar;CMF;66;66;0
106890;Mossa;LB;71;71;0
106894;Eric Puerto;GK;59;59;0
106895;I. Danfa;CF;61;61;0
106897;Ferrán Giner;LWF;65;65;0
106920;D. Johannesson;RB;67;67;0
106924;S. Eriksson;GK;69;69;0
106930;Murillo;CB;72;72;0
106957;Unai Simón;GK;85;85;0
106958;Yeray;CB;80;80;0
106965;Óscar Gil;CB;67;67;0
106977;Villalibre;CF;74;74;0
106980;Chema Andrés;DMF;74;74;0
106982;S. Korac;CB;67;67;0
106985;E. Bardeli;CMF;73;73;0
106994;Tyronne;AMF;69;69;0
107008;Fellipe Jack;CB;66;66;0
107024;Arana;CF;70;70;0
107027;Ó. López;CMF;60;60;0
107045;Everton;RB;65;65;0
107072;M. Mavraj;CB;75;75;0
107076;Alban Hoxha;GK;70;70;0
107082;Ó. Skúlason;DMF;70;70;0
107084;A. Skúlason;LB;77;77;0
107085;J. St. Juste;CB;75;75;0
107106;S. Peszko;LWF;72;72;0
107137;E. Hovland;CB;69;69;0
107143;M. Leovac;LB;74;74;0
107193;Jaílson;GK;76;76;0
107264;Saad Samir;CB;70;70;0
107271;Tiquinho Soares;CF;70;70;0
107281;E. Rexhbeçaj;CMF;73;73;0
107284;A. Chahechouhe;LWF;76;76;0
107287;D. Henry;CB;70;70;0
107297;O. Haddadi;LB;68;68;0
107317;Wallace;CB;64;64;0
107324;L. Macleod;LMF;68;68;0
107325;M. Bakakis;RB;70;70;0
107345;Hélder Costa;RWF;75;75;0
107347;G. Paciência;CF;69;69;0
107373;Thiago Santana;SS;67;67;0
1073741862;H. Sogahata;GK;69;69;0
1073741896;Y. Abe;DMF;71;71;0
1073743656;Königsdörffer;CF;71;71;0
1073745125;T. Hirakawa;RB;67;67;0
1073745168;T. Enomoto;GK;69;69;0
1073745173;D. Nasu;CB;67;67;0
1073746322;R. Carvalho;CB;77;77;0
1073747129;K. Nakamura;AMF;75;75;0
1073747327;S. García;SS;78;78;0
1073747571;L. Sanmartean;CMF;74;74;0
1073747704;B. Holman;AMF;72;72;0
1073749894;M. el Hamdaoui;CF;73;73;0
1073750808;A. Gyan;CF;78;78;0
1073752393;Yang Hao;CMF;58;58;0
1073752409;Huang Bowen;CMF;74;74;0
1073754203;Chu-Young Park;CF;70;70;0
1073754487;Sung-Ryong Jung;GK;73;73;0
1073756862;Hulk;CF;75;75;0
1073756921;S. Nishikawa;GK;72;72;0
1073757007;J. Fujimoto;AMF;67;67;0
1073757098;D. Nishi;RB;70;70;0
1073757276;S. Nagasawa;CF;69;69;0
1073757345;Y. Endo;AMF;69;69;0
1073757351;S. Kurata;LMF;72;72;0
1073757621;Y. Tasaka;RB;69;69;0
1073757690;S. Kawamata;GK;69;69;0
1073757816;E. Salinas;GK;63;63;0
1073757843;J. Kusukami;AMF;67;67;0
1073757995;Ali Khaseif;GK;65;65;0
1073757997;K. al Senaani;GK;60;60;0
1073757998;S. al Menhali;AMF;57;57;0
1073758003;Mohamed Fawzi;RB;64;64;0
1073758043;Jae-Seok Oh;CB;67;67;0
1073758129;M. Zukhurov;GK;59;59;0
1073758167;Y. Muto;SS;72;72;0
1073758169;G. Shoji;CB;72;72;0
1073758183;Han-Jin Kwon;CB;61;61;0
1073758188;R. Oshima;CMF;72;72;0
1073758193;R. Suzuki;GK;65;65;0
1073758224;Jung-Ya Kim;CB;67;67;0
1073758225;H. Fujiharu;LB;71;71;0
1073758248;T. Nara;CB;66;66;0
1073758300;R. Nagaki;CMF;73;73;0
1073758337;T. Couto;GK;67;67;0
1073758338;T. Kubo;RWF;80;80;0
1073758407;H. Abe;AMF;69;69;0
1073758410;K. Tajiri;GK;66;66;0
1073758496;N. Iwadate;GK;68;68;0
1073758647;N. Ueda;CB;71;71;0
1073758681;W. Popp;GK;63;63;0
1073758694;S. Nakahara;RMF;67;67;0
1073772292;Ismaeil Matar;CF;64;64;0
1073772380;T. Kapadze;CMF;66;66;0
1073772624;Ng Wai Chiu;CMF;60;60;0
1073772783;J. al Hussain;AMF;70;70;0
1073772988;T. al Jassam;AMF;74;74;0
1073773340;Saud Abdullah;GK;51;51;0
1073773661;Y. al Mosailem;GK;73;73;0
1073773723;Zeng Cheng;GK;69;69;0
1073775403;Majed Naser;GK;68;68;0
1073775645;Musallem Fayez;CB;65;65;0
1073775646;Fawzi Fayez;RB;65;65;0
1073775865;Ibrahim Diaky;AMF;68;68;0
1073775875;O. Ahmedov;DMF;76;76;0
1073777451;Qasem Burhan;GK;62;62;0
1073778000;M. al Marshadi;CB;63;63;0
1073778583;S. J. Hosseini;CB;70;70;0
1073779374;Sebastián Soria;CF;64;64;0
1073780297;Chico Flores;CB;75;75;0
1073780599;T. Kristensen;CMF;71;71;0
1073780788;S. Ando;GK;65;65;0
1073780789;K. Noborizato;LB;69;69;0
1073780823;A. Nakamura;LMF;67;67;0
1073780847;M. Higashiguchi;GK;71;71;0
1073781010;Chang-Soo Kim;RB;70;70;0
1073781594;K. Heydari;RB;62;62;0
1073781646;Rong Hao;LB;66;66;0
1073781705;Walid Abbas;CB;66;66;0
1073781862;D. Damjanovic;CF;76;76;0
1073781899;Ramires;CMF;80;80;0
1073782200;M. Arana;LMF;68;68;0
1073782323;Tae-Hee Nam;AMF;72;72;0
1073782615;K.thamsatchanan;GK;69;69;0
1073782629;Zhang Linpeng;RB;74;74;0
1073782749;Alex Teixeira;AMF;82;82;0
1073782848;O. Barba;CB;71;71;0
1073783056;Oscar;AMF;74;74;0
1073783713;Y. El-Arabi;CF;72;72;0
1073784168;Ukra;RWF;74;74;0
1073784855;M. Mckay;CMF;70;70;0
1073786071;Marcelo Toscano;CF;75;75;0
1073786098;João Guilherme;CB;70;70;0
1073786157;M. Shafy;LB;72;72;0
1073786213;A. Nong;CF;67;67;0
1073786441;Leandro;RMF;71;71;0
1073787170;A. al Hafith;CB;69;69;0
1073787750;Y. Msakni;LWF;70;70;0
1073787794;Ademilson;SS;71;71;0
1073787834;Elkeson;CF;79;79;0
1073787895;S. Al-Dawsari;LWF;80;80;0
1073788197;Éverton Ribeiro;AMF;79;79;0
1073788210;Rafael Silva;CF;69;69;0
1073788226;Rhayner;RMF;69;69;0
1073788255;Bruno Guimarães;CMF;86;86;0
1073789127;Kader;RMF;70;70;0
1073789829;G. Viera;CB;65;65;0
1073798865;O. Ebrahimi;DMF;74;74;0
1073798894;Ali Hamam;RB;61;61;0
1073798923;C. Songkrasin;AMF;61;61;0
1073798929;Khamis Esmaeel;CMF;62;62;0
1073798930;Khalid Eisa;GK;65;65;0
1073799203;A. Borda;CB;70;70;0
1073799227;R. Cornthwaite;RB;72;72;0
1073800243;Il-Lok Yun;LWF;68;68;0
1073800273;Xu Youzhi;CB;57;57;0
1073800311;M. Kosimov;DMF;56;56;0
1073800319;A. Kraisorn;CF;63;63;0
1073800355;Zhang Chenglin;RB;68;68;0
1073800453;Alan;LWF;79;79;0
1073800649;M. al Bassas;RMF;72;72;0
1073800690;S. al Muwallad;RB;69;69;0
1073800696;Basem al Baqi;GK;61;61;0
1073800698;Ismail Ahmed;CB;67;67;0
1073800702;K. Abdulrahman;LB;65;65;0
1073800719;Faiz al Sobea;GK;63;63;0
1073800757;Humaid Ahmed;LMF;71;71;0
1073800775;M. Ibrahim;RB;64;64;0
1073800799;D. al Blooshi;RMF;63;63;0
1073800813;A. Knauff;RWF;76;76;0
1073800835;M. Muntari;CF;66;66;0
1073800849;H. Hosseini;GK;68;68;0
1073800863;M. Trésor;RB;65;65;0
1073800864;Mohammed Musa;CB;63;63;0
1073800869;K. Makharadze;CMF;60;60;0
1073800932;A. Asiri;RWF;72;72;0
1073800944;Yuseef Khamees;LB;67;67;0
1073801406;E. Babalj;CF;62;62;0
1073801679;Motaz Hawsawi;CB;72;72;0
1073801687;Tawfiq Buhumaid;LMF;66;66;0
1073801778;I. al Hammadi;LWF;70;70;0
1073802227;Ahmed Barman;CMF;67;67;0
1073802236;J. Masharipov;LMF;68;68;0
1073802513;R. Martínez;CF;79;79;0
1073802781;Léo Bonatini;CF;75;75;0
1073803081;S. Akasaki;CF;69;69;0
1073803082;Y. Koizumi;GK;68;68;0
1073803085;T. Sekine;RMF;69;69;0
1073803089;J. Izumisawa;LMF;67;67;0
1073803142;Dudu;CB;71;71;0
1073803145;A. Onaiwu;CF;62;62;0
1073803157;Y. Misao;CB;69;69;0
1073804959;S. Sani;LWF;68;68;0
1073804971;R. Tabata;AMF;74;74;0
1073805124;Ali Hassan Afif;CF;62;62;0
1073805144;Leonardo;AMF;69;69;0
1073805280;T. do;RB;69;69;0
1073805353;Yong-Dae Kim;GK;68;68;0
1073805394;Myong-Jin Koh;CMF;70;70;0
1073805592;E. Galekovic;GK;72;72;0
1073805599;Jeong-Ho Hong;CB;76;76;0
1073805692;Chi-Gon Kim;CB;61;61;0
1073805695;Sung-Hwan Kim;DMF;69;69;0
1073805702;Sang-Woon Han;AMF;69;69;0
1073806569;S. Cole;RB;71;71;0
1073806580;J. Tyson;GK;63;63;0
1073806601;Mei Fang;CB;69;69;0
1073806633;F. Facello;RB;62;62;0
1073806642;S. Karami;CMF;63;63;0
1073806661;E. Pahlevan;LMF;65;65;0
1073806667;F. Ahmadzadeh;AMF;68;68;0
1073806673;M. al Aaeldin;RB;59;59;0
1073806680;Younes Yaghoob;CB;60;60;0
1073806713;H. al Hamdan;AMF;66;66;0
1073806727;A. Oboshqra;RB;60;60;0
1073806733;Khalid al Kabi;CF;59;59;0
1073806735;Ahmed Sharahili;CB;63;63;0
1073806756;Chol-Ho Kim;GK;56;56;0
1073806778;T. Sakamoto;RWF;74;74;0
1073806792;Saif Yousuf;GK;56;56;0
1073806802;M. Bu Sanda;GK;60;60;0
1073806821;Léo Linck;GK;66;66;0
1073842236;M. Orsic;LWF;72;72;0
1073842680;A. N'Diaye;LWF;68;68;0
1073844409;Yan Junling;GK;71;71;0
1073844522;Wu Lei;RWF;75;75;0
1073844659;S. Rashid;LMF;60;60;0
1073844763;Myung-Joo Lee;DMF;69;69;0
1073845667;P. Diawara;CF;70;70;0
1073845943;N. Milesi;CMF;69;69;0
1073846760;V. Ghafouri;RB;72;72;0
1073846816;S. Mukhammadiev;RB;63;63;0
1073847659;M. Theo;GK;65;65;0
1073847661;C. Brown;LB;66;66;0
1073847673;J. Young;GK;65;65;0
1073847680;Artur;RWF;74;74;0
1073847685;B. Hamill;CB;58;58;0
1073847692;Aspropotamitis;CB;57;57;0
1073847702;Zou Zheng;CMF;63;63;0
1073847703;Wang Jingbin;CF;55;55;0
1073847722;Liu Dianzuo;GK;59;59;0
1073847730;Chen Zepeng;LB;67;67;0
1073847755;K. Kamyabinia;CMF;63;63;0
1073847774;M. Taremi;CF;78;78;0
1073847787;A. Alipour;CF;68;68;0
1073847790;S. Nariman;CMF;65;65;0
1073847803;N. Senoo;LMF;63;63;0
1073847804;S. Yomesaka;LMF;63;63;0
1073847805;A. Ueda;CF;78;78;0
1073847807;M. Ichimaru;CMF;64;64;0
1073847809;R. Doan;RWF;80;80;0
1073847812;Y. Suzuki;CF;69;69;0
1073847823;Dong-Woo Kim;CB;65;65;0
1073847836;T. Watanabe;CB;77;77;0
1073847861;Sang-Min Yang;LB;69;69;0
1073847863;Sang-Ho Lee;RWF;69;69;0
1073847882;Luiz Júnior;DMF;65;65;0
1073847883;A. Auzmendi;CF;67;67;0
1073847888;A. Ali Hatimi;GK;56;56;0
1073847892;H. al Mogahwi;CMF;70;70;0
1073847893;Mohannad Aseri;CF;67;67;0
1073847896;I. Schmidt;RB;72;72;0
1073847898;Mohammed Amman;CB;67;67;0
1073847936;R. Muhayer;CB;62;62;0
1073847938;Salem Juma;CB;63;63;0
1073847939;Mohammed Fayez;CB;63;63;0
1073847951;E. Shomurodov;CF;75;75;0
1073847959;M. Bikmaev;CF;71;71;0
1073847963;S. Mustafoev;LB;60;60;0
1073848962;Célio Santos;CB;58;58;0
1073849290;W. Anbar;CMF;58;58;0
1073849488;K. Khalfan;CMF;60;60;0
1073849946;S. Prokhorov;RB;59;59;0
1073850271;T. Iwata;DMF;72;72;0
1073850272;Goh Young-jun;AMF;65;65;0
1073850311;K. Machida;CB;75;75;0
1073851144;Nathan Júnior;CF;70;70;0
1073852119;João Carlos;CB;63;63;0
1073853318;M. R. Mazaheri;GK;70;70;0
1073853319;P. Salmani;GK;55;55;0
1073853326;M. Nejadmahdi;CB;60;60;0
1073853330;K. Momeni;CMF;54;54;0
1073853334;M. Hosseini;CF;57;57;0
1073853336;H. Jafari;LWF;54;54;0
1073853338;M. Rajabzadeh;SS;61;61;0
1073853345;Liu Wei;CB;58;58;0
1073853383;Kyu-Baek Choi;CB;64;64;0
1073853395;Jong-Ho Lee;CF;67;67;0
1073853406;Won-Sik Kim;CMF;60;60;0
1073853412;T. Tomiyasu;CB;77;77;0
1073853437;Shehab Mamdouh;GK;58;58;0
1073853443;Hazem Shehata;CF;57;57;0
1073853445;Sun le;GK;59;59;0
1073853446;Fu Huan;RB;67;67;0
1073853448;Shi Ke;CB;68;68;0
1073853449;Wang Shenchao;LB;69;69;0
1073853453;Lin Chuangyi;LWF;59;59;0
1073853463;R. Ashurmatov;CB;68;68;0
1073853482;S. Fayziev;CB;59;59;0
1073853484;S. Muminkulov;CB;54;54;0
1073853534;H. Kuruçay;CB;72;72;0
1073853539;M. al Naqbi;GK;56;56;0
1073853542;S. al Shamsi;CB;59;59;0
1073853546;K. Mubarak;CMF;58;58;0
1073853561;M. Jurman;CB;63;63;0
1073853596;Jong-Woo Kim;CMF;66;66;0
1073857223;Soo-Yong Bae;CB;59;59;0
1073857230;Sang-Won Kim;LB;61;61;0
1073857233;Jae-Woo Bae;RB;57;57;0
1073857245;Ki-Hyun Lee;GK;57;57;0
1073857246;Dong-Soo Lee;DMF;54;54;0
1073857253;R. Kida;CF;61;61;0
1073857254;Min-Gyu Park;LB;61;61;0
1073857256;A. Seko;CB;74;74;0
1073857261;S. Kutibaev;RMF;60;60;0
1073857262;T. Usmanov;CF;58;58;0
1073857263;M. Bobojonov;SS;60;60;0
1073857264;M. Koné;CB;60;60;0
1073857265;D. Turapov;CMF;58;58;0
1073857268;Lee Kang-In;AMF;80;80;0
1073857270;Dae-Hee Jang;GK;59;59;0
1073857272;K. Goto;CF;72;72;0
1073857274;Ji-soo Kim;CB;65;65;0
1073857276;Seong-Jai Jang;SS;63;63;0
1073857278;Y. Hirakawa;RMF;68;68;0
1073857279;Hee-Cheol Nam;CF;60;60;0
1073857282;J. Suzuki;RB;70;70;0
1073857287;N. Mavlyanov;CMF;58;58;0
1073857288;J. Kaxramonov;CMF;60;60;0
1073857289;N. Tukhtasinov;AMF;60;60;0
1073857294;D. Mićić;CB;67;67;0
1073857295;V. Cemîrtan;CF;62;62;0
1073857296;A. Sanayev;DMF;62;62;0
1073857298;Bong-Gyun Kang;GK;58;58;0
1073857299;Hyun-Ho Joo;LWF;62;62;0
1073857300;Joon-Hyung Kim;DMF;60;60;0
1073857302;Mahmoud Moad;RB;59;59;0
1073857303;A. al Shammari;RB;59;59;0
1073857304;Y. al Sayah;GK;55;55;0
1073857305;Nayef al Mosa;LB;59;59;0
1073857306;S. al Ghamdi;GK;59;59;0
1073857312;S. Hawsawi;CB;59;59;0
1073857313;Sari Amro;LB;59;59;0
1073857314;M. al Bagawi;GK;58;58;0
1073857315;Saeed Alyami;CB;66;66;0
1073857316;Ali Awaji;LWF;66;66;0
1073857317;A. al Khulaif;CMF;60;60;0
1073857318;H. al Shamrani;CMF;60;60;0
1073857319;A. al Oaisher;GK;68;68;0
1073857324;Ali Albulayhi;CB;59;59;0
1073857326;Hussien Alkelef;CB;59;59;0
1073857330;I. Alnakhli;CB;59;59;0
1073857331;Ali Aleid;CMF;58;58;0
1073857338;Simpson-Pusey;CB;72;72;0
1073857343;N. Al-Dawsari;CMF;69;69;0
1073857376;M. Marrone;RB;66;66;0
1073857378;M. Ochieng;RB;59;59;0
1073857380;G. Mells;CMF;63;63;0
1073857383;B. Garuccio;LB;66;66;0
1073857385;M. Marino;CF;58;58;0
1073857388;T. Regan;CB;60;60;0
1073857389;L. Brook;AMF;55;55;0
1073857392;R. Strain;RB;58;58;0
1073857393;A. Maiolo;CF;56;56;0
1073857394;P. Wilson;CB;57;57;0
1073857395;J. Maclaren;CF;70;70;0
1073857396;J. Caletti;CMF;61;61;0
1073857398;C. O'Toole;LB;59;59;0
1073857400;K. Rowles;CB;59;59;0
1073857401;T. Bilic;GK;58;58;0
1073857403;D. Ingham;RB;60;60;0
1073857404;S. Neville;CB;59;59;0
1073857405;M. Shabow;AMF;58;58;0
1073857406;J. Bandiera;LB;59;59;0
1073857407;J. Clisby;LB;59;59;0
1073857415;T. Maia;AMF;57;57;0
1073857416;Wu Yuduo;CB;59;59;0
1073857417;Liu Shibo;GK;55;55;0
1073857419;Zhao Tianci;GK;55;55;0
1073857420;Wen Jiabao;LB;59;59;0
1073857422;Wei Zhen;CB;59;59;0
1073857423;Tianzi Jia;AMF;60;60;0
1073857430;Li Haitao;GK;58;58;0
1073857431;Chen Ji;CMF;57;57;0
1073857436;M. al Attas;CB;60;60;0
1073857438;B. al Shabeebi;RB;59;59;0
1073857439;Salem Aleedi;CB;59;59;0
1073857444;Mayed Mohsin;GK;57;57;0
1073857446;Mohamed Jaber;CB;58;58;0
1073857447;M. Diop;CF;70;70;0
1073857448;B. al Ahbabi;SS;60;60;0
1073857450;Ali al Hosani;GK;60;60;0
1073857452;Mohamed Saif;LB;60;60;0
1073857453;S. Sultan;RB;60;60;0
1073857455;Ahmed Rashid;LB;59;59;0
1073857456;Ahmed al Akberi;DMF;62;62;0
1073857457;M. al Shamsi;GK;58;58;0
1073857458;M. Abdulbasit;CMF;60;60;0
1073857462;A. al Karbi;CB;58;58;0
1073857464;M. al Hammadi;CF;58;58;0
1073857465;Rashed Ali;GK;60;60;0
1073857466;K. Ebraheim;RB;60;60;0
1073857481;S. Kurumaya;LB;67;67;0
1073857482;K. Miyoshi;AMF;66;66;0
1073857483;K. Itakura;CB;76;76;0
1073857486;A. Tanaka;CMF;76;76;0
1073857487;J. Tabinas;LB;63;63;0
1073857490;K. Nakamura;LWF;76;76;0
1073857498;M. Zakipour;LB;63;63;0
1073857499;H. Kanani;CB;72;72;0
1073857502;M. Haghdoost;AMF;61;61;0
1073857504;A. Goug;CB;59;59;0
1073857505;A. Babazadeh;GK;55;55;0
1073857506;A. Sayar;CB;59;59;0
1073857508;H. Erfani;GK;62;62;0
1073857509;M. Sattari;LB;60;60;0
1073857510;H. Sangargir;RB;62;62;0
1073857512;S. Thongsong;CB;59;59;0
1073857517;P. Kulasuwan;RB;59;59;0
1073857521;T. Prasarnkarn;GK;55;55;0
1073857523;S. Kawasaki;DMF;71;71;0
1073857524;M. Tayebi;CB;65;65;0
1073857525;B. Hashemi;RB;59;59;0
1073857526;A. Daghagheleh;RB;59;59;0
1073857528;H. Beit Saeid;LMF;68;68;0
1073857529;F. Salarvand;AMF;61;61;0
1073857530;D. Mahini;RB;59;59;0
1073857531;P. Shirzadi;LB;59;59;0
1073857532;G. Davoodi;GK;55;55;0
1073857534;A. Ashouri;AMF;61;61;0
1073857535;H. Pourhamidi;GK;55;55;0
1073857539;A. Allai;CB;59;59;0
1073857548;H. Pourhamidi;GK;57;57;0
1073857549;Almoez Ali;CF;58;58;0
1073857550;Ahmed Fahad;CB;58;58;0
1073857553;A. Mohaed;SS;58;58;0
1073857554;A. Hussain;CMF;58;58;0
1073857560;S. Moharrami;RB;59;59;0
1073857561;M. Rabiekhah;LB;59;59;0
1073857567;A. Darvishvand;GK;60;60;0
1073857569;U. Pascua;CMF;60;60;0
1073857572;R. Mekideche;AMF;60;60;0
1073857574;K. al Zakiba;LB;60;60;0
1073857577;Wong Chin Hung;LB;59;59;0
1073857579;Tse Man Wing;LB;59;59;0
1073857581;Wong Chi Chung;CB;59;59;0
1073857591;Tsang Chi Hau;CB;59;59;0
1073857597;Li Ka Chun;AMF;61;61;0
107400;J. Laporte;CB;63;63;0
107412;B. Verbič;LWF;74;74;0
107425;R. Strieder;DMF;71;71;0
107434;Rober Correa;RB;69;69;0
107437;M. Rohdén;RMF;75;75;0
107454;L. Ilic;AMF;69;69;0
107479;M. Pjaca;LWF;61;61;0
107481;S. Fofana;CMF;77;77;0
107482;A. Dembélé;RB;65;65;0
107495;D. Stückler;CF;68;68;0
107496;N. Ammari;AMF;63;63;0
107499;Mica Pinto;LB;59;59;0
107516;F. Guilbert;RB;73;73;0
107541;P. Hrošovský;CMF;75;75;0
107552;A. Vincent;LWF;59;59;0
107555;Dani Iglesias;CF;63;63;0
107558;Ó. Cabezas;CB;69;69;0
107592;V. Bayo;CF;68;68;0
107609;M. Frese;LB;72;72;0
107612;Trézéguet;LWF;75;75;0
107628;Miguel Oliveira;GK;61;61;0
107634;A. Ilić;CF;75;75;0
107635;Q. Ndjantou;LWF;70;70;0
107640;Lobete;LWF;66;66;0
107654;Rony;CF;72;72;0
107655;Paulinho;LB;63;63;0
107667;Tiago Gouveia;RWF;73;73;0
107674;Guedes;LWF;80;80;0
107678;A. Amenda;CB;74;74;0
107679;M. Bayo;CF;74;74;0
107693;F. Woodman;GK;71;71;0
107703;David Duarte;CB;71;71;0
107710;L. Mousset;CF;65;65;0
107712;Jason;RWF;72;72;0
107714;A. Balde;LB;82;82;0
107732;J. Ortiz;CF;73;73;0
107747;S. Idumbo;AMF;68;68;0
107754;C. Salcedo;CB;75;75;0
107762;B. Acosta;CMF;65;65;0
107770;Gabriel Xavier;CB;71;71;0
107771;Yago Felipe;CMF;66;66;0
107775;R. Grego-Cox;CMF;59;59;0
107778;Thiago Maia;DMF;70;70;0
107826;C. Makosso;CB;67;67;0
107831;Allan;RWF;76;76;0
107845;R. Bajić;CF;74;74;0
107849;T. Bongonda;LWF;78;78;0
107851;G. Galoppo;CMF;74;74;0
107873;André Moreira;GK;73;73;0
107876;Jorge Meré;CB;75;75;0
107891;N. Obaretin;CB;68;68;0
107897;T. Robinet;CF;69;69;0
107904;A. Bonny;CF;78;78;0
107909;O. Boscagli;CB;78;78;0
107912;M. Vitík;CB;75;75;0
107915;I. de Santis;CB;66;66;0
107922;A. Alese;CB;66;66;0
107924;M. Prévôt;GK;59;59;0
107927;M. N'Diaye;LB;73;73;0
107930;Henrique Menke;GK;58;58;0
107935;F. Kessié;CMF;79;79;0
107938;C. Lewis;CMF;59;59;0
107939;Artur;LB;71;71;0
107948;M. Coppolaro;CB;67;67;0
107953;G. Felicioli;LB;69;69;0
107954;M. Gusto;RB;79;79;0
107955;C. Jacob;CB;57;57;0
107957;M. Udol;LB;81;81;0
107988;C. Brannagan;AMF;53;53;0
107989;Tropi;CMF;70;70;0
107990;M. Cauteruccio;CF;71;71;0
107992;S. Díaz;SS;67;67;0
108004;G. Kerk;CF;71;71;0
108043;M. Nzola;CF;73;73;0
108052;X. Mandza;DMF;60;60;0
108053;V. Orakpo;CF;56;56;0
108055;M. Rojas;LMF;62;62;0
108069;M. Thuram;CF;85;85;0
108073;Calebe;AMF;71;71;0
108075;Gustavo Reis;GK;62;62;0
108096;L. Pellegrini;AMF;78;78;0
108100;N. Corrado;LB;66;66;0
108109;J. Nonge;CMF;65;65;0
108117;Domingos Duarte;CB;74;74;0
108142;Alex;AMF;70;70;0
108151;A. Batisse;DMF;64;64;0
108166;R. Matthews;GK;63;63;0
108181;J. Ramos;LB;65;65;0
108192;Denis Bouanga;RWF;66;66;0
108193;R. Oxford;CB;70;70;0
108199;C. Klarer;CB;73;73;0
108201;V. Coufal;RB;80;80;0
108216;L. Höcker;RB;70;70;0
108218;L. Tousart;CMF;73;73;0
108227;G. Marchegiani;GK;61;61;0
108241;A. Bałabuch;GK;53;53;0
108242;Andrézinho;AMF;68;68;0
108243;O. Burke;CF;73;73;0
108250;T. Bašić;CMF;75;75;0
108265;T. Kada;RWF;68;68;0
108269;N. Abdullahi;RB;71;71;0
108270;U. Sadiq;CF;67;67;0
108272;Terrats;CMF;74;74;0
108274;S. Salcedo;CB;69;69;0
108280;M. Nicoletti;LMF;64;64;0
108293;Gil Neves;CMF;58;58;0
108309;M. Dyer;CMF;63;63;0
108310;M. Frigan;CF;73;73;0
108324;K. Mantilla;CB;68;68;0
108344;E. Gómez Riga;GK;65;65;0
108349;D. Bertaud;GK;62;62;0
108392;E. Košpo;CB;61;61;0
108395;P. Peter;CF;72;72;0
108398;B. Ramselaar;AMF;59;59;0
108405;Vitó;AMF;61;61;0
108410;R. Piccoli;CF;75;75;0
108419;T. Fredricson;CB;65;65;0
108438;Crysan;RWF;64;64;0
108443;J. Bacuna;CMF;65;65;0
108453;M. Erlić;CB;73;73;0
108467;N. Bertola;CB;72;72;0
108482;G. Paredes;LB;63;63;0
108497;Alix Vinicius;CB;71;71;0
108500;Pablo Valcarce;RWF;69;69;0
108518;L. Bernasconi;LMF;71;71;0
108522;G. Troupée;RB;73;73;0
108525;J. Cullen;CMF;77;77;0
108590;M. Brandán;RB;60;60;0
108604;N. Banks;CB;72;72;0
108620;F. Sierralta;CB;70;70;0
108634;J. Barrera;AMF;71;71;0
108642;J. Tilley;AMF;61;61;0
108644;N. Delgadillo;LWF;69;69;0
108646;S. Goglichidze;CB;68;68;0
108656;M. Rossetto;CMF;65;65;0
108660;M. Leiva;DMF;69;69;0
108662;F. De Jong;CMF;86;86;0
108669;L. Martínez Q.;CB;76;76;0
108684;Aitor Buñuel;RB;62;62;0
108685;Antonio Otegui;CMF;63;63;0
108694;J. Nsamé;CF;68;68;0
108698;J. Bijimine;CB;65;65;0
108699;Dário Essugo;DMF;75;75;0
108707;K. Coulibaly;CF;70;70;0
108713;Fabio Baldé;LWF;68;68;0
108714;S. Sambo;RB;66;66;0
108734;A. Fiorina;CF;69;69;0
108740;F. Mansilla;CB;68;68;0
108741;F. Alvarenga;RMF;71;71;0
108742;R. Bella;CB;58;58;0
108750;J. Giani;RWF;74;74;0
108751;G. Lo Celso;AMF;80;80;0
108752;I. Protti;CF;70;70;0
108759;D. Mancini;CMF;64;64;0
108762;N. Rizzo;CF;62;62;0
108774;S. Sánchez;CB;70;70;0
108778;Huguinho;DMF;64;64;0
108781;A. Duarte;CB;69;69;0
108792;C. França;GK;70;70;0
108794;Gabriel Félix;GK;62;62;0
108804;Rafael Furlan;LB;61;61;0
108812;Víctor Mingo;CF;66;66;0
108823;João Carlos;GK;70;70;0
108826;Andrey Santos;DMF;80;80;0
108829;Giovanny;LMF;66;66;0
108836;Leandrinho;LWF;68;68;0
108839;Lyanco;CB;74;74;0
108855;Sander;LB;69;69;0
108875;A. Velasco;LWF;73;73;0
108877;M. Palavecino;AMF;72;72;0
108879;M. Campos Lopez;CF;65;65;0
108884;A. Álvarez;CF;71;71;0
108885;R. de la Fuente;LMF;63;63;0
108887;P. Corral;CMF;61;61;0
108902;R. Zambrano;RMF;64;64;0
108905;M. Rashica;RWF;76;76;0
108906;G. Vidović;LWF;68;68;0
108909;T. Matton;AMF;72;72;0
108916;S. Gartenmann;CB;59;59;0
108935;A. Massaccesi;CB;60;60;0
108941;B. Reid;AMF;68;68;0
108952;N. Kovač;CMF;62;62;0
108953;C. Varela;GK;67;67;0
108957;P. David;CF;76;76;0
108959;D. Rice;CMF;88;88;0
108977;S. El-Faouzi;CMF;73;73;0
108979;R. Esse;RWF;70;70;0
108980;R. Descamps;GK;75;75;0
108982;M. Piekutowski;GK;65;65;0
108988;J. Schingtienne;CB;70;70;0
108989;A. Scaramozzino;LB;66;66;0
108992;A. Dembélé;CMF;66;66;0
108995;G. Koyalipou;CF;72;72;0
108997;A. Ludwig;AMF;71;71;0
109025;M. Vlap;CMF;68;68;0
109039;B. Kuwas;RWF;76;76;0
109041;T. Dibling;RWF;74;74;0
109044;L. Koopmans;GK;71;71;0
109045;V. Janssen;CF;60;60;0
109046;D. Johnsen;LWF;66;66;0
109057;Raphael Guzzo;CMF;68;68;0
109096;Damiá Sabater;CMF;64;64;0
109101;Aleix García;CMF;84;84;0
109114;R. Aguirre;CF;73;73;0
109131;L. Foster;CF;73;73;0
109132;D. Pantić;AMF;66;66;0
109137;R. Krunić;CMF;75;75;0
109140;D. Furlong;RB;73;73;0
109148;E. Miranda;AMF;64;64;0
109152;Rego;CMF;73;73;0
109154;C. Dell'Orco;LB;68;68;0
109184;J. Espinoza;CMF;63;63;0
109186;M. Sandoval;CMF;64;64;0
109188;F. Pérez;LWF;70;70;0
109205;F. Le Joncour;CB;69;69;0
109206;J. Leborgne;RB;73;73;0
109211;M. Galarza;DMF;74;74;0
109212;L. Clemenza;SS;63;63;0
109213;I. Radu;GK;78;78;0
109217;Pedro Pereira;RB;71;71;0
109219;J. Lelieveld;RB;63;63;0
109224;S. Wiafe;CMF;62;62;0
109232;A. Tamèze;DMF;74;74;0
109234;Bruno Fuchs;CB;75;75;0
109237;A. Desmas;GK;57;57;0
109239;C. Günter;LB;75;75;0
109242;L. Mocio;GK;70;70;0
109250;Dell;CF;62;62;0
109252;M. Pessina;CMF;76;76;0
109260;H. Diallo;CF;71;71;0
109262;I. Touré;RMF;71;71;0
109264;Raíllo;CB;78;78;0
109274;Dalbert E.;LB;62;62;0
109289;J. Wemmer;RB;65;65;0
109307;R. Brežančić;LB;69;69;0
109313;O. Mangala;DMF;75;75;0
109319;Victor Hugo;GK;63;63;0
109339;Costinha;CMF;71;71;0
109343;André Silva;CF;76;76;0
109350;João Novais;AMF;64;64;0
109355;G. Oliveira;CB;65;65;0
109358;D. Mosquera;CF;70;70;0
109361;M. Gajić;RB;74;74;0
109375;S. M. Savić;CMF;84;84;0
109390;Igor Formiga;RB;71;71;0
109393;M. Vandevoordt;GK;78;78;0
109395;M. Friedrich;CB;72;72;0
109399;I. Román;CB;73;73;0
109401;A. Bukia;LWF;69;69;0
109432;F. Raicevic;CF;70;70;0
109438;V. Mogos;RB;59;59;0
109444;D. Mignanelli;LB;69;69;0
109447;A. Mitriţă;AMF;64;64;0
109470;A. Montalto;CF;65;65;0
109473;D. Offredi;GK;65;65;0
109478;G. Scalera;RB;65;65;0
109493;E. Calderini;LWF;64;64;0
109499;J. Dall'Oglio;DMF;65;65;0
109504;Àlex Sala;CMF;71;71;0
109516;J. Adamu;CF;70;70;0
109517;L. Sučić;CMF;76;76;0
109522;N. Stojiljković;CF;73;73;0
109532;Nuno da Costa;CF;68;68;0
109534;V. Černý;RWF;74;74;0
109546;A. Camara;CF;62;62;0
109547;M. O'Leary;GK;62;62;0
109551;D. Fry;CB;67;67;0
109557;G. Souza;GK;60;60;0
109560;G. Fuentes;LB;69;69;0
109579;A. Disasi;CB;77;77;0
109580;Renê;LWF;71;71;0
109581;R. Escobar;CMF;61;61;0
109582;Zé Ricardo;DMF;67;67;0
109583;D. Romero;CF;72;72;0
109584;J. Dómina;CF;68;68;0
109590;Taylor;RB;66;66;0
109592;O. Pyshchur;CF;67;67;0
109594;S. Toloza;AMF;69;69;0
109609;Tico;RWF;59;59;0
109633;A. Ibargüen;LWF;74;74;0
109743;B. Riveros;LB;72;72;0
109772;E. Flores;CF;70;70;0
109775;F. Carballo;CMF;67;67;0
109812;H. Abdelli;AMF;75;75;0
109816;G. Heredia;CMF;64;64;0
109820;J. Ortega;CF;63;63;0
109846;M. Gómez;CF;75;75;0
109854;R. Rojas;CB;68;68;0
109869;P. Álvarez;GK;65;65;0
109906;C. Goldson;CB;71;71;0
109911;E. Krafth;RB;72;72;0
109917;A. Teikeu;CB;70;70;0
109924;G. Toniolo;GK;56;56;0
109925;N. Brock-Madsen;CF;68;68;0
109932;Vitor Bueno;AMF;69;69;0
109936;L. Mesa;CF;66;66;0
109938;Lucas;GK;62;62;0
109958;Nando García;RWF;70;70;0
109963;Germán Sánchez;CB;69;69;0
109981;C. Bonnín;CB;67;67;0
109991;Marc Mateu;RWF;70;70;0
109992;S. Lencina;AMF;72;72;0
109994;Josep Señé;RWF;70;70;0
109998;Ángel García;LB;61;61;0
110000;Isaac Carcelén;RB;66;66;0
110005;Patrick;RB;72;72;0
110008;Thiago Beltrame;GK;59;59;0
110057;L. Álvarez;CMF;63;63;0
110062;Cadu;CF;63;63;0
110066;Bruno Ferreira;RB;66;66;0
110076;R. Janicki;CB;71;71;0
110078;J. Robson;RB;59;59;0
110083;P. Roberto;CMF;68;68;0
110084;C. Baleba;DMF;80;80;0
110085;D. Guindo;LB;70;70;0
110089;R. Dejesús;CB;70;70;0
110097;J. Ziółkowski;CB;70;70;0
110102;L. Pompei;LB;61;61;0
110103;T. Pobega;CMF;74;74;0
110109;M. Luciano;LB;66;66;0
110112;D. Dražić;LWF;67;67;0
110211;A. Ruberto;CF;68;68;0
110238;M. Velarde;LMF;67;67;0
110255;M. Lemos;CMF;67;67;0
110259;Salvi Esquivel;GK;64;64;0
110266;Y. Thoelen;GK;64;64;0
110267;Pablo Ibáñez;CMF;73;73;0
110292;Sergi Canós;RWF;68;68;0
110300;A. Mengoni;CB;65;65;0
110309;C. Pelagatti;CB;64;64;0
110310;I. Lanni;GK;66;66;0
110314;D. Cinaglia;CB;66;66;0
110315;Gocholeishvili;RB;70;70;0
110319;Johnny Cardoso;CMF;80;80;0
110329;L. Zanon;LB;64;64;0
110332;F. Stolz;GK;67;67;0
110337;A. Strajnar;GK;56;56;0
110356;K. Phillips;DMF;75;75;0
110362;Léo Pelé;CB;66;66;0
110364;H. Toledo;LWF;77;77;0
110368;G. Mendoza;LWF;65;65;0
110373;J. Do Marcolino;CB;58;58;0
110386;M. de Kler;LB;66;66;0
110392;M. Karpov;CB;66;66;0
110399;J. Rojas;AMF;70;70;0
110408;F. Henríquez;LMF;72;72;0
110409;Danilo;CF;73;73;0
110413;J. Paradela;AMF;71;71;0
110414;Marcelo Rangel;GK;72;72;0
110425;Jamiro;CMF;65;65;0
110430;Otávio Costa;GK;73;73;0
110438;E. Pieragnolo;LB;67;67;0
110441;R. Aït-Nouri;LB;81;81;0
110451;Kevin Carlos;CF;70;70;0
110459;P. Musa;CF;77;77;0
110462;M. Pérez;CB;66;66;0
110472;A. Aït Boudlal;CB;73;73;0
110474;C. Alcaraz;CMF;75;75;0
110484;J. Gelin;CB;58;58;0
110485;N. Janvier;CMF;71;71;0
110487;Dani Hernández;GK;61;61;0
110508;E. Lulli;RB;64;64;0
110521;L. Godoy;AMF;64;64;0
110525;S. Zagadou;CB;67;67;0
110526;N. Mukiele;CF;64;64;0
110533;F. Gerometta;RB;65;65;0
110538;V. Pryyma;CB;70;70;0
110540;A. Laâziri;LB;65;65;0
110551;C. Ramsay;RB;65;65;0
110552;Mateus Vital;CMF;72;72;0
110553;S. Zdjelar;DMF;68;68;0
110555;A. Tuanzebe;CB;73;73;0
110557;I. Bennacer;DMF;80;80;0
110563;J. Iribarren;RB;65;65;0
110568;A. Ba;RMF;65;65;0
110570;E. Mayenda;CF;72;72;0
110578;Renato Sanches;CMF;63;63;0
110580;Bruno Duarte;CF;73;73;0
110586;T. Ouwejan;LB;72;72;0
110596;Oyarzabal;CF;84;84;0
110598;N. Andereggen;CF;63;63;0
110600;A. Soto;LB;71;71;0
110601;A. Donkor;LB;65;65;0
110602;L. Picco;DMF;71;71;0
110603;L. Mosevich;CB;70;70;0
110605;F. Schenten;CF;62;62;0
110607;L. Rivero;CB;80;80;0
110616;M. Sangaré;CMF;81;81;0
110626;O. Dembélé;CF;90;90;0
110635;Rafa Mir;CF;75;75;0
110640;J. Boizart;GK;61;61;0
110646;Javi Ontiveros;RWF;69;69;0
110648;R. Del Castillo;RWF;76;76;0
110649;C. D'Urso;CMF;67;67;0
110651;A. Rrahmani;CB;83;83;0
110654;T. Koubek;GK;72;72;0
110656;M. Škoda;CF;74;74;0
110659;C. Budescu;AMF;73;73;0
110661;E. Smith;CB;74;74;0
110673;D. Pavičić;CMF;71;71;0
110676;A. Hodžić;CF;73;73;0
110681;Lucas Veríssimo;CB;75;75;0
110685;S. Faye;RWF;67;67;0
110686;L. Deschateaux;GK;57;57;0
110692;A. Long;GK;59;59;0
110698;Peacock-Farrell;GK;64;64;0
110705;G. Pérez;RB;69;69;0
110719;Q. Braat;GK;70;70;0
110727;Rober;CB;72;72;0
110732;Marc Navarro;RB;73;73;0
110735;T. Barbieri;RB;71;71;0
110736;G. Zappa;RB;73;73;0
110739;L. Torriani;GK;62;62;0
110747;Luan;DMF;66;66;0
110753;S. Moreno;RMF;69;69;0
110755;Josema;CB;69;69;0
110761;P. Hatzidiakos;CB;70;70;0
110768;S. Daniele;CB;64;64;0
110774;W. Saliba;CB;88;88;0
110787;João Lucas;LB;69;69;0
110793;S. Buenacasa;CF;63;63;0
110802;Yago Pikachu;RWF;70;70;0
110806;S. Nibombé;CB;62;62;0
110811;Iker Córdoba;CB;65;65;0
110812;D. Sow;CMF;76;76;0
110824;W. Amey;CB;61;61;0
110828;O. Boumale;RWF;73;73;0
110834;M. Garay;RB;67;67;0
110837;A. Besedin;CF;72;72;0
110839;A. Šporar;CF;69;69;0
110851;Sergio Akieme;LB;61;61;0
110852;S. Peña;CMF;71;71;0
110869;G. Benítez;LB;65;65;0
110884;D. Arce;LMF;74;74;0
110890;R. Martínez;GK;65;65;0
110895;J. García;CF;70;70;0
110899;J. Villalba;LB;61;61;0
110916;Lucas França;GK;69;69;0
110922;J. Siebeking;GK;59;59;0
110925;M. Grujić;CMF;54;54;0
110926;S. Mouhammadou;RWF;59;59;0
110929;D. Udogie;LB;79;79;0
110939;T. Iroegbunam;CMF;76;76;0
110940;A. Rabillard;CF;71;71;0
110948;S. Villa;LWF;77;77;0
110950;M. Mendía;CB;63;63;0
110958;Toni Lato;LB;72;72;0
110968;W. Andrade;CB;69;69;0
110973;M. Minetti;CB;68;68;0
110979;M. Garrido;AMF;74;74;0
110984;M. Seoane;CMF;65;65;0
110990;A. Montiel;CB;66;66;0
110992;F. Sbuttoni;CB;71;71;0
110993;G. Acosta;DMF;71;71;0
110995;J. Piquerez;LB;78;78;0
110997;F. Quiroga;CMF;72;72;0
110999;J. Rodríguez;CB;73;73;0
111001;F. Zampedri;CF;74;74;0
111003;S. Sagarzazu;LB;64;64;0
111005;Maurício;DMF;74;74;0
111009;M. Aarons;RB;70;70;0
111010;E. Rao;LWF;67;67;0
111015;J. D'Angelo;AMF;71;71;0
111017;B. Godfrey;DMF;64;64;0
111023;G. Carabajal;AMF;67;67;0
111026;Schnellbacher;CF;67;67;0
111028;R. Aliendro;CMF;74;74;0
111029;H. Sanhueza;CB;60;60;0
111031;R. Williams;CB;61;61;0
111033;Ansu Fati;LWF;77;77;0
111040;B. Merlini;AMF;70;70;0
111045;S. Longstaff;CMF;76;76;0
111052;P. Retsos;CB;69;69;0
111053;R. Marchizza;CB;70;70;0
111054;K. Çalişkan;CF;61;61;0
111055;T. Hübers;CB;72;72;0
111058;T. Conechny;LWF;73;73;0
111079;Z. Vyner;RB;63;63;0
111081;M. Parada;RWF;67;67;0
111092;M. Cissé;CB;68;68;0
111095;A. Rivero;GK;67;67;0
111096;N. Molina;RB;77;77;0
111097;P. Silva T.;LB;71;71;0
111101;C. Moreno;CB;66;66;0
111103;D. Schmidt;CB;67;67;0
111104;A. Bouzat;DMF;74;74;0
111108;J. Méndez;SS;69;69;0
111115;O. Deman;LB;73;73;0
111117;S. Ortega;GK;79;79;0
111121;M. Kmet';RMF;67;67;0
111130;J. Bijlow;GK;75;75;0
111135;Tiago André;LB;60;60;0
111136;E. Agyei;RWF;63;63;0
111139;J. Morrell;CMF;62;62;0
111147;F. Escales;GK;60;60;0
111150;N. Kocik;GK;69;69;0
111152;F. Bonansea;GK;64;64;0
111158;S. Monaco;CB;69;69;0
111161;J. Posavec;GK;72;72;0
111163;S. Thesker;CB;74;74;0
111164;M. Abena;CB;70;70;0
111168;C. Awaziem;CB;72;72;0
111173;J. Jhon;AMF;73;73;0
111174;M. Škriniar;CB;62;62;0
111189;Ð. Petrović;GK;79;79;0
111194;T. Anjorin;AMF;68;68;0
111198;Lucca;LWF;63;63;0
111200;Maycon;CMF;72;72;0
111202;J. Contardo;GK;60;60;0
111203;N. Silva;LWF;66;66;0
111207;Gabriel;CB;89;89;0
111212;João Vitor;CMF;66;66;0
111213;G. Caballero;LWF;67;67;0
111214;Kaio Jorge;CF;79;79;0
111221;G. Baldock;RB;67;67;0
111234;E. Meichtry;CMF;68;68;0
111238;E. Jaouen;GK;70;70;0
111242;G. Zohouri;CMF;61;61;0
111252;T. Hernández;LB;82;82;0
111255;Zhang Yuning;CF;67;67;0
111257;E. Ndoj;CMF;64;64;0
111263;Eric Ramires;CMF;71;71;0
111264;G. Nepomuceno;LWF;63;63;0
111266;D. Nikolaou;CB;61;61;0
111271;A. Balić;CMF;73;73;0
111287;F. Mac Allister;DMF;70;70;0
111292;G. Papa;DMF;72;72;0
111298;F. Colela;CMF;63;63;0
111319;J. Lázaro;LWF;67;67;0
111323;L. Merolla;CB;72;72;0
111332;G. del Castillo;SS;60;60;0
111334;M. Barbieri;CB;68;68;0
111336;Isaac Romero;CF;74;74;0
111337;J. Saralegui;CMF;70;70;0
111338;D. Ibáñez;DMF;65;65;0
111341;Ibán Salvador;RWF;67;67;0
111342;Aleñá;CMF;74;74;0
111343;Mariano;CF;67;67;0
111344;P. Struijk;CB;76;76;0
111349;Rodrigo Falcão;GK;61;61;0
111351;D. Love;RB;72;72;0
111352;M. Peano;GK;59;59;0
111353;R. Garro;AMF;77;77;0
111356;Felipe Vizeu;CF;69;69;0
111361;H. Fértoli;LWF;66;66;0
111369;Tiago Gabriel;CB;69;69;0
111404;S. Sebulonsen;RB;74;74;0
111408;Pedro;CF;81;81;0
111415;O. Carabalí;GK;60;60;0
111421;Juninho;CMF;64;64;0
111424;Léo Aragão;GK;64;64;0
111426;Tiago Cóser;CB;67;67;0
111427;D. Godoy;CF;65;65;0
111435;K. Danois;CMF;76;76;0
111439;Y. Casermeiro;CB;64;64;0
111442;G. Satalino;GK;66;66;0
111448;Jon Bautista;CF;70;70;0
111450;D. Henderson;GK;82;82;0
111452;T. Fosu-Mensah;CB;58;58;0
111455;Léo Duarte;CB;75;75;0
111458;M. Velazco;GK;64;64;0
111462;Evander;LWF;69;69;0
111473;L. Fernandes;AMF;68;68;0
111478;O. Hutchinson;RWF;76;76;0
111803;V. Cantillo;DMF;69;69;0
111804;Lucas Paquetá;AMF;80;80;0
111807;Marquinhos;RWF;68;68;0
111822;J. Sticker;CB;66;66;0
111827;M. López;CB;62;62;0
111829;L. Pétrot;LB;70;70;0
111831;Guille F.;CMF;64;64;0
111843;E. Caprile;GK;80;80;0
111844;Kvaratskhelia;LWF;89;89;0
111852;M. Lazzari;RB;75;75;0
111859;T. Begić;LWF;61;61;0
111860;F. Lucioni;CB;69;69;0
111865;E. Pezzi;LB;67;67;0
111868;A. Ciciretti;RWF;76;76;0
111869;L. del Pinto;CMF;65;65;0
111871;F. Melara;RMF;67;67;0
111879;Sergio García;GK;64;64;0
111883;Iván González;CB;66;66;0
111909;H. Choudhury;DMF;66;66;0
111915;A. Armstrong;CF;73;73;0
111933;Aihen Muñoz;LB;73;73;0
111937;Víctor Parada;LB;70;70;0
111946;E. Alfonso;GK;62;62;0
111950;L. Sernicola;RB;68;68;0
111953;M. Iori;DMF;67;67;0
111954;A. Salvi;RB;65;65;0
111958;J. Gamonal;GK;68;68;0
111961;J. Soto;RB;68;68;0
111963;D. Porcel;CF;64;64;0
111964;P. Madero;DMF;57;57;0
111967;A. Maidana;LB;65;65;0
111976;R. Kortsmit;GK;66;66;0
111977;D. Breedijk;CB;58;58;0
111978;R. Himbert;LWF;70;70;0
111982;K. Merah;CMF;73;73;0
111984;M. De Carvalho;DMF;68;68;0
112001;Vózinha;GK;75;75;0
112004;Perdigão;RWF;71;71;0
112012;Walker-Peters;RB;76;76;0
112023;M. Marconato;CF;65;65;0
112031;A. Fadera;LWF;71;71;0
112037;Ramón Enríquez;CMF;65;65;0
112050;A. Mbengue;LMF;73;73;0
112052;E. Laird;RB;70;70;0
112075;E. Kujović;CF;73;73;0
112076;M. Malyshev;DMF;71;71;0
112080;I. Petryak;LMF;70;70;0
112088;M. Makola;AMF;61;61;0
112094;B. Kapustka;RMF;71;71;0
112096;N. Skubic;RB;67;67;0
112098;M. Zajc;AMF;68;68;0
112106;T. Bradshaw;CF;70;70;0
112153;W. Faríñez;GK;70;70;0
112154;M. Villanueva;CB;74;74;0
112173;R. Miller;CB;64;64;0
112194;L. Boyce;CF;67;67;0
112212;A. Onana;DMF;81;81;0
112218;Y. Bissouma;DMF;78;78;0
112283;João Pedro;CF;68;68;0
112323;O. Davidzada;LB;59;59;0
112324;B. Bitton;RB;59;59;0
112334;H. Lozano;LWF;63;63;0
112351;A. Gersbach;LB;67;67;0
112355;R. Onyedika;DMF;78;78;0
112380;P. Ofosu-Ayeh;RB;70;70;0
112382;Essam el Hadary;GK;73;73;0
112389;T. Petsos;DMF;70;70;0
112414;F. Boya;CMF;70;70;0
112417;Y. Gboho;LWF;77;77;0
112432;R. Durmisi;LB;59;59;0
112434;R. Matarrita;LB;72;72;0
112445;L. Pinckert;CB;71;71;0
112451;C. Harder;CF;75;75;0
112453;F. Dahmen;GK;76;76;0
112454;D. González;CB;67;67;0
112455;L. Germoni;LB;70;70;0
112459;O. Correia;DMF;68;68;0
112461;D. Okereke;CF;72;72;0
112464;M. Nawrocki;CB;70;70;0
112473;D. Post;CMF;65;65;0
112478;Carlos Eduardo;RWF;69;69;0
112489;M. Thiaw;CB;81;81;0
112503;D. Rodríguez;AMF;74;74;0
112510;A. Davies;LB;82;82;0
112513;Savinho;LWF;80;80;0
112514;H. Ekitike;CF;85;85;0
112516;T. Ortega;LB;65;65;0
112521;José León;CB;63;63;0
112542;Ángel Martínez;LB;65;65;0
112545;Fran Carbià;LWF;68;68;0
112550;Thalys;SS;67;67;0
112560;Nono;LWF;61;61;0
112571;J. Worrall;CB;73;73;0
112576;S. Alakouch;RB;65;65;0
112578;A. Cacciamani;LMF;66;66;0
112579;R. Rees-Dottin;LWF;60;60;0
112582;G. Errecalde;CB;65;65;0
112587;A. D'Alberto;RB;70;70;0
112593;W. Isidor;CF;75;75;0
112608;Pau Cabanes;CF;65;65;0
112675;Molo;CB;66;66;0
112687;Julen Colinas;RWF;68;68;0
112715;G. di Chiara;LB;69;69;0
112716;G. Loiacono;CB;64;64;0
112717;Rodrigo Mora;AMF;77;77;0
112725;S. Birindelli;RB;75;75;0
112727;C. Henriques;GK;64;64;0
112732;Ł. Poręba;DMF;71;71;0
112737;João Marcelo;CB;71;71;0
112740;F. Irhene;DMF;64;64;0
112742;Theo Japa;AMF;63;63;0
112747;J. Mclaughlin;GK;62;62;0
112782;Kike Pérez;CMF;75;75;0
112789;Churripi;GK;66;66;0
112790;Héctor Fort;RB;72;72;0
112791;José Amo;CB;69;69;0
112792;Hugo Novoa;RB;64;64;0
112793;José Martínez;CB;59;59;0
112796;Y. Eteki;CMF;70;70;0
112806;R. Henry;LB;76;76;0
112822;D. Preu;LWF;62;62;0
112824;G. Damen;CMF;66;66;0
112833;J. Lopez;LWF;67;67;0
112853;E. Balcombe;GK;63;63;0
112855;B. Austin;GK;67;67;0
112859;L. Woolfenden;CB;72;72;0
112865;N. Garayalde;CMF;68;68;0
112893;H. Vaca;LWF;69;69;0
112898;M. Calatayud;RB;59;59;0
112907;L. Lipani;DMF;69;69;0
112916;T. Wisbereit;GK;56;56;0
112921;M. Lovera;LWF;71;71;0
112922;T. Andrade;LWF;69;69;0
112926;S. Benda;GK;68;68;0
112932;R. Vieira Nan;CMF;69;69;0
112935;F. Afonso;RB;59;59;0
112952;J. Maluze;CB;64;64;0
112956;Filipe Morais;RWF;66;66;0
112960;T. Rossi;CB;67;67;0
112962;A. Davies;GK;67;67;0
112964;R. Risser;GK;81;81;0
112966;M. Roberts;CB;73;73;0
112970;J. Bree;RB;64;64;0
112978;M. Gillespie;GK;62;62;0
112985;Alberto C.;GK;73;73;0
112988;A. Hernández;CB;72;72;0
112996;Pichu Atienza;CB;69;69;0
112998;M. Valenti;CB;66;66;0
113009;J. Eyestone;GK;58;58;0
113042;U. Sánchez;RMF;72;72;0
113059;M. Mendoza;CB;70;70;0
113066;T. Abraham;CF;77;77;0
113070;A. Lotti;CF;70;70;0
113072;R. Tulián;AMF;60;60;0
113073;G. Strefezza;RWF;76;76;0
113080;A. Módica;CF;68;68;0
113081;G. Escobar;LB;70;70;0
113090;A. Atta;CMF;76;76;0
113166;E. Giani;CF;60;60;0
113217;N. Pais;DMF;63;63;0
113229;H. Küçükköylü;CF;70;70;0
113234;A. Gordyushenko;CMF;71;71;0
113236;F. Chalov;CF;70;70;0
113238;J. Teunckens;GK;58;58;0
113244;H. Vanaken;AMF;81;81;0
113256;A. Marques;CB;66;66;0
113265;B. Sosa;LB;72;72;0
113267;V. Soldo;CB;63;63;0
113272;K. Muhar;DMF;59;59;0
113283;A. Nübel;GK;80;80;0
113287;F. Reese;SS;70;70;0
113289;J. Stankovič;CB;66;66;0
113293;B. Żelazowski;GK;62;62;0
113295;F. Passlack;RB;56;56;0
113297;J. Bruun Larsen;LWF;73;73;0
113310;M. Tramoni;AMF;74;74;0
113311;Ricardo Mangas;LB;73;73;0
113312;Fernando Sobral;CMF;66;66;0
113328;A. Schwolow;GK;73;73;0
113333;T. Gijselhart;CMF;64;64;0
113340;O. Zinchenko;LB;78;78;0
113341;Lucão;GK;63;63;0
113345;G. Zelarayán;SS;60;60;0
113351;M. Diarra;CB;73;73;0
113353;Arthur Chaves;CB;74;74;0
113364;Tchê Tchê;CMF;71;71;0
113403;L. Karius;GK;74;74;0
113406;O. Ejaria;LMF;66;66;0
113410;S. Dioudis;GK;65;65;0
113415;C. Maxwell;GK;69;69;0
113416;F. Pérez;CB;66;66;0
113420;M. Sigales;CF;69;69;0
113425;B. Nadir;CMF;73;73;0
113428;L. Blondel;RB;71;71;0
113430;M. Gamarra;CB;71;71;0
113434;L. Salas;CF;64;64;0
113438;R. Bayard;AMF;63;63;0
113460;Yuri Oliveira;DMF;69;69;0
113464;Orinho;LB;66;66;0
113467;Y. Bright;DMF;71;71;0
113495;A. Gaich;CF;67;67;0
113497;I. Escobar;LB;70;70;0
113503;L. Ajorque;CF;77;77;0
113504;D. Nwakaeme;CF;66;66;0
113513;I. Kebbal;RWF;77;77;0
113547;S. Anchoverri;GK;58;58;0
113548;C. Rodríguez;CB;71;71;0
113549;N. López;CMF;61;61;0
113553;Y. Mamilonne;CF;62;62;0
113554;J. Dina Ebimbe;RMF;72;72;0
113560;G. Gudiño;RMF;74;74;0
113563;A. Vogt;CF;64;64;0
113566;M. Dalla Costa;CF;62;62;0
113570;C. Schindler;CB;75;75;0
113592;A. Zoubir;LMF;69;69;0
113596;D. Livaković;GK;78;78;0
113598;T. Nianzou;CB;71;71;0
113599;D. Mascardi;GK;65;65;0
113602;Enzo Pérez;AMF;63;63;0
113603;A. Webster;CB;75;75;0
113607;M. Antonsson;CF;69;69;0
113627;J. Fernández;CMF;60;60;0
113650;E. Dos Santos;CMF;61;61;0
113651;A. Ibrahimović;LWF;75;75;0
113652;M. Volpe;CF;61;61;0
113653;M. Pajač;AMF;67;67;0
113661;C. Jones;CMF;80;80;0
113662;B. Drągowski;GK;72;72;0
113676;M. Wallentowitz;RMF;63;63;0
113678;D. Akarakiri;CMF;59;59;0
113680;T. Krapikas;GK;58;58;0
113690;B. Kalaica;CB;68;68;0
113692;D. Burnić;DMF;52;52;0
113697;D. Diaw;CF;61;61;0
113709;Javi Llabrés;LWF;69;69;0
113713;Gorka Giralt;GK;60;60;0
113723;S. Leuko;RB;64;64;0
113729;Trincão;RWF;83;83;0
113732;K. Andrić;CF;61;61;0
113735;E. Benedettini;GK;60;60;0
113737;R. González;RB;67;67;0
113743;A. Paleari;GK;70;70;0
113747;I. Łasicki;CB;66;66;0
113761;Talocha;LB;66;66;0
113769;Lucas Barbosa;RWF;71;71;0
113770;Everaldo;CF;69;69;0
113775;G. Słonina;GK;68;68;0
113776;F. Folino;CB;65;65;0
113778;R. González;CF;64;64;0
113779;Emanuel Novo;GK;62;62;0
113783;M. de Marchi;CF;64;64;0
113787;D. Wolfe;LB;73;73;0
113789;K. Bua;RMF;68;68;0
113792;M. Berisha;CMF;69;69;0
113793;A. Gilardi;GK;58;58;0
113796;C. Morra;CF;63;63;0
113803;Abde;LWF;81;81;0
113804;V. González;AMF;57;57;0
113808;Moreira;GK;71;71;0
113809;J. Philogene;LWF;76;76;0
113813;W. Dennis;GK;66;66;0
113822;M. Daniele;GK;54;54;0
113836;J. Romo;CMF;64;64;0
113839;Moleiro;LWF;82;82;0
113842;A. Bernede;CMF;72;72;0
113843;J. Ikoné;RWF;75;75;0
113860;T. Campanini;CB;63;63;0
113863;A. Gunn;GK;72;72;0
113871;G. Amiot;CB;67;67;0
113890;T. Sharman-Lowe;GK;64;64;0
113894;A. Mehmeti;AMF;72;72;0
113895;M. Hefele;CB;70;70;0
113899;R. Senhadji;CB;60;60;0
113901;B. Badiashile;CB;76;76;0
113904;Y. Belkhdim;CMF;73;73;0
113905;J. Duverne;CB;67;67;0
113906;E. Ebosse;CB;69;69;0
113913;D. Mastrángelo;CB;63;63;0
113925;E. Havel;CF;69;69;0
113929;Pol Lirola;RB;73;73;0
113931;G. Kastanos;CMF;72;72;0
113932;E. Šetkus;GK;67;67;0
113936;Bruno Melo;LB;69;69;0
113941;A. Oyono;RB;65;65;0
113951;Victor Caetano;CB;65;65;0
113953;Neto;AMF;68;68;0
113955;Josep Martínez;GK;76;76;0
113958;Marc Santos;LB;60;60;0
113959;L. Zidane;GK;68;68;0
113960;A. Hakimi;RB;88;88;0
113965;Z. Ochihava;CB;65;65;0
113968;D. Kochen;GK;62;62;0
113974;A. González;LB;60;60;0
113976;D. Rigo;CMF;63;63;0
113977;R. Lundqvist;AMF;61;61;0
113986;M. Edwards;RWF;75;75;0
113990;E. Just;LWF;69;69;0
113991;L. Chávez;AMF;62;62;0
113993;M. Briceño;RWF;67;67;0
113995;Rick;SS;70;70;0
113998;Cascardo;CB;57;57;0
113999;Y. Diouf;GK;76;76;0
114000;T. Awoniyi;CF;74;74;0
114007;M. Chiesa;GK;71;71;0
114016;M. Terrier;LWF;77;77;0
114017;B. Norton-Cuffy;RB;75;75;0
114019;J. Storer;CF;61;61;0
114021;R. Sessegnon;LB;77;77;0
114029;M. Cash;RB;81;81;0
114034;P. Hellebrand;DMF;74;74;0
114035;P. Jones;GK;64;64;0
114042;A. Macdonald;CB;70;70;0
114049;E. Barco;AMF;74;74;0
114050;J. Blázquez;GK;65;65;0
114052;I. Santini;CF;75;75;0
114053;T. Ndombélé;CMF;73;73;0
114057;J. Brunetta;SS;74;74;0
114059;P. Kalulu;CB;81;81;0
114075;Marc Guiu;CF;71;71;0
114079;T. McGill;GK;62;62;0
114080;M. Freese;GK;71;71;0
114082;A. Franssen;CB;59;59;0
114085;F. Jensen;AMF;71;71;0
114089;C. Casadei;CMF;75;75;0
114090;G. Bracaglia;LB;70;70;0
114091;S. Ghidotti;GK;69;69;0
114093;N. Nartey;AMF;71;71;0
114098;R. Ache;CF;68;68;0
114100;L. Venturino;RWF;65;65;0
114105;M. De Ligt;CB;82;82;0
114107;M. James;GK;61;61;0
114109;Kanu;CB;70;70;0
114110;G. Til;AMF;77;77;0
114111;P. Sisto;RWF;61;61;0
114117;Á. Pécsi;GK;64;64;0
114118;L. Maniero;AMF;63;63;0
114119;D. Herold;LB;71;71;0
114133;K. Lisman;LWF;63;63;0
114138;Iker Luque;RWF;64;64;0
114145;L. Fernández;CF;63;63;0
114147;C. Adams;CF;77;77;0
114148;G. Stewart;RMF;68;68;0
114149;J. Ekhator;CF;68;68;0
114155;A. O'Neill;DMF;70;70;0
114157;K. Okpala;CF;65;65;0
114159;D. Szala;RB;64;64;0
114162;E. Sittaro;GK;61;61;0
114163;N. Patterson;RB;71;71;0
114165;T. Jørgensen;CMF;72;72;0
114166;F. Leysen;CB;73;73;0
114179;T. Vialla;CF;59;59;0
114184;J. Ramírez;AMF;65;65;0
114186;J. Bowen;RWF;83;83;0
114187;J. Shaibu;CF;62;62;0
114189;Kauan;GK;62;62;0
114190;Rúben Vinagre;LB;67;67;0
114192;O. Camara;CB;75;75;0
114198;N. Basin;LB;64;64;0
114202;V. Selimovic;CB;59;59;0
114204;V. Thill;AMF;63;63;0
114206;I. Sangaré;DMF;78;78;0
114211;César Palacios;AMF;67;67;0
114216;S. Gustafson;CMF;69;69;0
114217;G. Cittadini;CB;69;69;0
114223;E. Latte Lath;CF;70;70;0
114224;João Costa;GK;62;62;0
114227;L. Petkov;RWF;73;73;0
114228;P. Augusto;CMF;66;66;0
114229;S. Mara;CF;71;71;0
114232;Pablo Durán;CF;74;74;0
114233;N. Borgman;GK;55;55;0
114234;R. Oaidă;CMF;58;58;0
114235;F. Chiesa;RWF;80;80;0
114238;Y. En-Nesyri;CF;70;70;0
114240;S. Morales;CB;64;64;0
114242;João Lima;CF;64;64;0
114243;Anderson;GK;65;65;0
114253;G. Mottes;CB;70;70;0
114255;A. Frías;CB;71;71;0
114262;Lucas;CB;71;71;0
114267;Denilson;CMF;70;70;0
114268;Samú Costa;DMF;78;78;0
114274;Bruno Matias;CMF;65;65;0
114278;Tiaguinho;CMF;60;60;0
114282;L. Buffon;CF;60;60;0
114285;Gianni;GK;60;60;0
114289;Óscar González;CB;60;60;0
114296;Ranera;CMF;62;62;0
114298;Fran Beltrán;CMF;77;77;0
114299;Alejandro Pozo;AMF;66;66;0
114304;Dzięgielewski;AMF;62;62;0
114306;Rafa Navarro;RB;73;73;0
114310;Z. Eddahchouri;CF;72;72;0
114312;Yelko Pino;SS;64;64;0
114315;A. Dovbyk;CF;79;79;0
114316;David Mayoral;LMF;64;64;0
114317;Álvaro Ratón;GK;66;66;0
114318;Edu García;LWF;66;66;0
114329;G. Suso;CB;72;72;0
114333;David Neres;RWF;81;81;0
114337;J. Scally;RB;74;74;0
114343;D. Kurasik;GK;63;63;0
114344;Micael;CB;69;69;0
114350;L. Mathias;GK;61;61;0
114351;R. Le Guen;CB;70;70;0
114360;F. Loyola;CMF;71;71;0
114365;G. Arce;GK;56;56;0
114366;F. Bustos;RB;74;74;0
114368;M. Roffo;GK;74;74;0
114370;H. Jones;AMF;60;60;0
114375;M. Merentiel;CF;76;76;0
114385;G. Goñi;CB;67;67;0
114392;Jean;DMF;71;71;0
114394;Vitinho;LWF;72;72;0
114399;S. Egeli;RWF;70;70;0
114404;C. McKenna;GK;57;57;0
114408;K. Demirtapa;LB;62;62;0
114416;L. Rivero;CB;75;75;0
114418;G. Cerato;RB;72;72;0
114420;José Perales;GK;62;62;0
114423;L. Gazal;CB;67;67;0
114425;J. Fazzini;CMF;72;72;0
114439;Y. Maleh;CMF;71;71;0
114441;Srdan Babić;CB;66;66;0
114443;N. Dussenne;CB;68;68;0
114452;L. Lacroix;CB;73;73;0
114456;Cristian López;CF;69;69;0
114463;T. Oluwaseyi;CF;71;71;0
114464;Karim Hafez;LB;70;70;0
114467;J. Basso;CB;67;67;0
114470;E. Şen;DMF;73;73;0
114476;N. Trabucchi;CB;58;58;0
114480;F. Ravaglia;GK;72;72;0
114481;D. Sosa;LB;71;71;0
114483;José Gomes;CF;69;69;0
114499;Taher Mohamed;SS;58;58;0
114504;Thallyson;CMF;63;63;0
114507;B. Okoh;CB;73;73;0
114508;A. Belaroussi;CF;57;57;0
114510;O. Bobb;RWF;76;76;0
114523;Renan Lodi;LB;77;77;0
114533;T. Macchioni;CB;61;61;0
114534;N. Moreno;RMF;65;65;0
114535;W. Coulibaly;RB;72;72;0
114536;L. Crosta;GK;67;67;0
114542;D. Osorio;RWF;74;74;0
114544;Douglas;CB;73;73;0
114546;L. Gutiérrez;CF;63;63;0
114551;A. Max;DMF;67;67;0
114555;F. Di Biasi;DMF;66;66;0
114557;Álvaro Ferllo;GK;74;74;0
114558;F. Colidio;CF;74;74;0
114559;David Gil;GK;57;57;0
114563;R. Gallo;LB;64;64;0
114564;Brenner;CF;70;70;0
114565;S. Neave;CF;64;64;0
114567;Isaac;CF;67;67;0
114575;Ilias C.;LB;59;59;0
114583;T. Lamptey;RB;69;69;0
114598;J. Bauzá;SS;68;68;0
114600;Elgezabal;CB;71;71;0
114602;J. Le Douaron;CF;72;72;0
114603;M. Esponda;DMF;66;66;0
114604;O. Wijndal;LB;63;63;0
114605;M. Hongla;CB;58;58;0
114606;F. Stojilkovic;CF;68;68;0
114616;S. Ulreich;GK;73;73;0
114621;W. Cheddira;CF;72;72;0
114622;Bolaños;CMF;60;60;0
114625;G. Díaz Núñez;LB;68;68;0
114626;Andrés García;RB;73;73;0
114630;T. Vlietinck;RWF;58;58;0
114631;M. Gueye;DMF;69;69;0
114633;I. Mammini;CF;66;66;0
114635;G. Gómez;GK;68;68;0
114639;P. Hamel;CF;67;67;0
114642;A. Ocampo;AMF;67;67;0
114643;J. David;CF;80;80;0
114646;D. Mukasa;AMF;69;69;0
114647;Luis Pacheco;DMF;60;60;0
114656;G. Cleur;RB;58;58;0
114659;Y. van Osch;GK;61;61;0
114662;A. Bastoni;CB;86;86;0
114664;Pedro Rangel;GK;70;70;0
114668;O. Tymchyk;RB;63;63;0
114673;N. Dubersarsky;CMF;63;63;0
114674;T. Aguirre;CF;61;61;0
114675;N. Zalazar;CB;70;70;0
114677;K. Cataño;GK;65;65;0
114679;S. Bajic;GK;65;65;0
114680;P. Rosario;CMF;70;70;0
114681;F. Camarda;CF;66;66;0
114683;Xeka;CMF;69;69;0
114686;J. Cabal;LB;74;74;0
114687;R. Ten Hove;GK;63;63;0
114688;V. Lucero;LB;59;59;0
114689;G. Simeone;RWF;82;82;0
114690;J. Krasso;CF;73;73;0
114691;José Aldo;CMF;71;71;0
114693;G. Earthy;AMF;67;67;0
114695;Pubill;CB;81;81;0
114699;Cristian Rivero;GK;65;65;0
114700;M. Fernández;CF;72;72;0
114701;Óscar Melendo;CMF;66;66;0
114703;Vasco Oliveira;CB;60;60;0
114704;I. Briukhov;CB;62;62;0
114705;R. Biancu;CMF;61;61;0
114723;Francés;CB;75;75;0
114724;H. Magnetti;CMF;76;76;0
114726;Fábio Vieira;AMF;78;78;0
114727;H. Madrid;CB;62;62;0
114731;M. Adopo;CMF;73;73;0
114734;J. Reinatti;GK;63;63;0
114741;Mateus Norton;CB;67;67;0
114746;A. Llovet;CF;63;63;0
114750;Kauã Moraes;RB;63;63;0
114751;Rayco Rodríguez;CMF;60;60;0
114752;Iván Martín;CMF;77;77;0
114755;F. Masuero;GK;62;62;0
114765;Y. Massolin;AMF;68;68;0
114768;Diego Barrios;GK;66;66;0
114769;N. Maras;CB;70;70;0
114774;I. Tekeli;LB;59;59;0
114775;O. Aydoğan;RMF;66;66;0
114777;F. Gerli;DMF;68;68;0
114780;N. Casale;CB;74;74;0
114781;S. Štefanec;AMF;63;63;0
114784;M. Perrone;DMF;78;78;0
114786;J. Caicedo;CF;73;73;0
114788;Vina;AMF;72;72;0
114790;N. Baeza;CMF;63;63;0
114791;S. Nypan;CMF;70;70;0
114797;O. Sørensen;CMF;72;72;0
114800;A. Adams;CF;75;75;0
114804;T. da Silva;CB;64;64;0
114815;G. Castro;CF;63;63;0
114817;R. Degregorio;CF;65;65;0
114818;F. Mezzoni;CB;61;61;0
114819;M. Patouillet;GK;57;57;0
114825;N. Poillion;GK;60;60;0
114833;Miguel Narváez;GK;63;63;0
114843;Kevin Sánchez;CF;63;63;0
114844;R. Le Normand;CB;81;81;0
114845;J. Kluivert;AMF;79;79;0
114846;Matheus Aurélio;GK;64;64;0
114848;Pablo Campos;GK;69;69;0
114851;M. Penders;GK;78;78;0
114853;R. Perraud;LB;78;78;0
114854;Bruno Wilson;CB;66;66;0
114855;H. Barnes;LWF;80;80;0
114860;A. Grønbæk;AMF;73;73;0
114861;Yuri Ribeiro;LB;65;65;0
114862;Y. Paz;RB;67;67;0
114864;Diógenes;GK;63;63;0
114865;V. Jaroš;GK;72;72;0
114867;T. Zanotti;CB;63;63;0
114873;T. Cognat;CMF;64;64;0
114874;R. Alvarado;RWF;76;76;0
114878;Toti;CB;75;75;0
114880;B. Kamara;DMF;84;84;0
114886;N. L'Huillier;LB;61;61;0
114887;L. Carradori;RB;62;62;0
114889;D. Seminara;LB;63;63;0
114899;A. Boyle;CB;66;66;0
114903;L. Pellegrini;LB;74;74;0
114906;E. Eze;AMF;84;84;0
114907;J. McAtee;AMF;73;73;0
114909;N. Zaniolo;SS;76;76;0
114916;E. Horvath;GK;69;69;0
114917;D. Affengruber;CB;75;75;0
114927;A. Sima;LWF;73;73;0
114929;G. Yassine;RWF;73;73;0
114936;R. Fernández;CF;74;74;0
114937;L. Kelly;CB;77;77;0
114948;C. Mepham;CB;60;60;0
114962;D. Bielkiewicz;CF;67;67;0
114963;L. Vigouroux;GK;73;73;0
114966;G. Ferrari;CB;67;67;0
114967;Víctor Muñoz;LWF;79;79;0
114979;F. Fleck;AMF;63;63;0
114981;Cala;AMF;75;75;0
114982;A. Di Pardo;RB;66;66;0
114992;C. Quaner;CF;71;71;0
114996;L. Owona;CB;59;59;0
114997;A. Ferrante;CF;61;61;0
114999;D. Juárez;RWF;56;56;0
115003;Cafu;SS;67;67;0
115010;F. Brignani;CB;60;60;0
115012;A. Baalla;CMF;64;64;0
115015;Pablo Sáenz;RWF;68;68;0
115016;A. Bianconi;CB;61;61;0
115017;G. Frabotta;LB;63;63;0
115018;Josué Dorrio;AMF;62;62;0
115020;A. Franco;CB;75;75;0
115023;G. Togni;LWF;73;73;0
115024;G. Asis;RB;61;61;0
115030;M. Luna Diale;AMF;70;70;0
115034;F. Forte;CF;66;66;0
115043;Ronaldo;GK;74;74;0
115061;Murilo;CB;76;76;0
115066;Zé Vitor;CMF;70;70;0
115067;S. Sosa;DMF;77;77;0
115073;M. Pusic;CF;71;71;0
115074;N. Savona;RB;75;75;0
115079;A. Isak;CF;86;86;0
115081;V. Kravets;LB;63;63;0
115085;D. Rowe;LMF;63;63;0
115086;M. Pongračić;CB;73;73;0
115087;G. Risso Patrón;LB;66;66;0
115092;Zizo;RWF;74;74;0
115095;Gilberto Junior;RB;63;63;0
115096;Adul Seidi;CF;64;64;0
115097;J. Vann;CB;60;60;0
115098;A. Buongiorno;CB;81;81;0
115101;R. Iuliano;GK;57;57;0
115102;M. Solerio;LB;62;62;0
115104;J. Fedorco;CB;69;69;0
115106;L. Reggiani;CB;67;67;0
115108;C. Bassey;CB;78;78;0
115109;J. O'Brien;RB;76;76;0
115111;F. Pittarello;CF;70;70;0
115114;E. Bunjaki;CF;67;67;0
115117;G. Scamacca;CF;78;78;0
115123;H. Oueslati;AMF;62;62;0
115131;J. Jensen;AMF;69;69;0
115133;F. Mané;CB;65;65;0
115137;J. Mlakar;CF;62;62;0
115144;O. Kossounou;CB;79;79;0
115146;M. Folorunsho;CMF;74;74;0
115148;M. Tomič;RMF;62;62;0
115151;M. Taylor;CF;70;70;0
115155;I. Cardona;CF;64;64;0
115156;Alisson;CMF;70;70;0
115162;A. Diao;LWF;76;76;0
115164;L. Wardle;RB;60;60;0
115166;U. Ogundu;CF;66;66;0
115170;Rafael Broetto;GK;64;64;0
115175;L. Pastrán;LWF;72;72;0
115179;Wendel;CMF;60;60;0
115181;M. Peijnenburg;CB;63;63;0
115182;O. Velanas;CMF;66;66;0
115183;V. Dávila;CF;63;63;0
115186;Riquelme;RWF;64;64;0
115187;A. Tessiore;CMF;59;59;0
115195;D. Neil;DMF;73;73;0
115197;M. O'Riley;CMF;77;77;0
115224;K. Lund;LB;72;72;0
115226;S. Scougall;AMF;68;68;0
115228;A. Ramsdale;GK;77;77;0
115230;J. Wilson;CB;68;68;0
115236;E. Cannavo;RB;70;70;0
115238;K. Yıldız;LWF;84;84;0
115243;F. Dele-Bashiru;CMF;74;74;0
115252;D. Zagorac;GK;68;68;0
115257;D. Vente;CF;63;63;0
115258;G. Bonfanti;CB;60;60;0
115260;M. Howard;GK;66;66;0
115262;I. Zabarnyi;CB;80;80;0
115265;B. Alnwick;GK;65;65;0
115281;J. Portillo;CB;73;73;0
115282;L. Cunha;CB;66;66;0
115286;Ngassaki Ndongo;CF;64;64;0
115291;T. Watson;LMF;68;68;0
115292;V. Shepelev;CMF;64;64;0
115301;J. Rivaldo;CF;68;68;0
115304;R. Leonard;CMF;67;67;0
115334;M. Küçükşahin;DMF;60;60;0
115335;E. Mayers;CB;60;60;0
115336;L. Beltrán;CF;75;75;0
115338;F. Potts;DMF;73;73;0
115354;A. Luna;AMF;75;75;0
115373;I. González;CB;68;68;0
115392;Riki;CMF;72;72;0
115393;C. Abeldaño;CF;59;59;0
115520;J. Mbambi;CB;58;58;0
115521;T. Mitchell;LB;79;79;0
115523;Van Den Bosch;CB;75;75;0
115524;K. Van Oevelen;GK;69;69;0
115525;J. Lartiga;GK;65;65;0
115533;F. Iacovich;GK;70;70;0
115534;N. Roselli;CB;58;58;0
115536;V. Adžić;AMF;69;69;0
115538;N. Barrios;LWF;72;72;0
115540;M. Braida;LB;73;73;0
115544;N. Ulariaga;CF;67;67;0
115579;D. Ingham;RB;60;60;0
115649;J. Meendering;GK;58;58;0
115654;J. Pourtau;GK;58;58;0
115656;D. Horkaš;GK;56;56;0
115785;C. Spinelli;CF;71;71;0
115787;Villares;CMF;73;73;0
115788;Andrew;GK;75;75;0
115790;J. Addai;RWF;71;71;0
115800;J. Bouet;GK;67;67;0
115804;M. Senaya;RB;72;72;0
115830;G. Dequaire;CB;59;59;0
115832;R. Andrich;DMF;78;78;0
115834;L. Güther;LWF;60;60;0
115843;E. Centuríon;GK;71;71;0
115851;M. Cassara;GK;65;65;0
115863;V. Sanson;CB;63;63;0
115865;N. Mbala;CF;65;65;0
115866;D. Delaunay;GK;63;63;0
115867;A. Rogie;CMF;63;63;0
115869;T. Valentin;CMF;61;61;0
115870;P. Vignaud;LB;59;59;0
115872;S. Amo-Ameyaw;RWF;72;72;0
115874;N. Barthelemy;AMF;62;62;0
115875;S. Oliveira;CMF;61;61;0
115876;S. El Mourabet;CMF;75;75;0
115877;I. Azizi;LWF;65;65;0
115878;Bianay Balcot;RB;60;60;0
115895;F. Bechtholdt;DMF;64;64;0
115896;Vinícius;GK;68;68;0
115897;L. Sanseviero;RWF;66;66;0
115898;R. Lozano;RB;69;69;0
115899;B. Baeza;CMF;60;60;0
115902;J. Cáceres;LB;58;58;0
115903;L. González;CF;60;60;0
115907;F. Jara;CF;70;70;0
115908;G. Corujo;CB;68;68;0
115910;A. Lahdo;CMF;60;60;0
115912;A. Reyes;GK;55;55;0
115914;A. Rodríguez;CMF;71;71;0
115918;Everton Galdino;RWF;70;70;0
115921;Léo Vieira;GK;71;71;0
115927;Antony;RWF;81;81;0
115932;Bruno Tabata;RMF;71;71;0
115933;P. Maghoma;CMF;68;68;0
115935;R. Rodrigues;CF;65;65;0
115940;T. Guiacobini;DMF;63;63;0
115992;G. Demon;CB;59;59;0
115995;C. Itten;CF;72;72;0
115997;Afonso Moreira;LWF;78;78;0
115998;Jáderson;LWF;67;67;0
116002;J. Vagnoman;RB;75;75;0
116026;T. Dekker;RB;59;59;0
116028;A. Lickūnas;RWF;58;58;0
116029;R. Kochanowski;CB;59;59;0
116041;F. Asllani;CF;79;79;0
116043;Xuxa;AMF;66;66;0
116044;W. Omari;CB;72;72;0
116047;M. Palazzo;CB;59;59;0
116049;Edu Expósito;CMF;77;77;0
116050;S. Niakate;CB;64;64;0
116052;Bruno Xadas;RWF;74;74;0
116059;J. Zmrhal;LMF;74;74;0
116064;Veton Berisha;CF;67;67;0
116065;G. Valsvik;CB;69;69;0
116066;S. Berge;DMF;79;79;0
116076;M. Lund;CMF;70;70;0
116100;G. Kitanov;GK;63;63;0
116103;Chorbadzhiyski;CB;60;60;0
116108;C. Bayala;LMF;71;71;0
116112;Y. Coulibaly;LB;70;70;0
116120;S. Hanni;LWF;78;78;0
116135;Gustavo Varela;CF;68;68;0
116137;F. Rønnow;GK;78;78;0
116141;S. Quiroga;AMF;64;64;0
116164;F. Vélez;GK;60;60;0
116166;Kayke;LWF;64;64;0
116167;C. Cardoselli;DMF;62;62;0
116176;Pablo;GK;60;60;0
116178;Eduardo Kunde;CB;63;63;0
116182;Maurício;CB;67;67;0
116187;Menezes;DMF;69;69;0
116201;N. Insfrán;GK;74;74;0
116202;A. Melano;RWF;58;58;0
116203;A. Véliz;CF;72;72;0
116204;Jorge Pomareta;CB;62;62;0
116207;Yeremy Pino;LWF;79;79;0
116209;Alan Cardoso;LB;67;67;0
116210;T. Krauß;DMF;74;74;0
116216;H. Eyjólfsson;CB;72;72;0
116226;V. Claesson;AMF;74;74;0
116227;C. Nyman;CF;72;72;0
116255;D. Carvajal;GK;72;72;0
116270;Kevin;LWF;76;76;0
116297;Júlio Fidelis;RB;63;63;0
116299;G. Mancuso;DMF;66;66;0
116306;Francho Serrano;CMF;70;70;0
116347;C. Fai;RB;72;72;0
116348;M. Pouaty;GK;71;71;0
116350;C. Bassogog;RWF;70;70;0
116353;A. Lukse;GK;72;72;0
116356;S. Lainer;RB;73;73;0
116358;J. Vuković;CB;76;76;0
116360;A. Pavlović;CF;72;72;0
116363;A. Erokhin;AMF;74;74;0
116375;M. Matviyenko;LB;70;70;0
116397;M. Mevlja;CB;76;76;0
116401;G. Gineitis;CMF;72;72;0
116402;Y. Santiago;CMF;69;69;0
116403;R. Brewster;CF;63;63;0
116404;M. Moore;RWF;74;74;0
116405;T. Pembélé;RB;70;70;0
116409;R. Cabral;LMF;70;70;0
116418;B. Traoré;DMF;71;71;0
116424;B. Önal;LWF;74;74;0
116425;J. Mondragón;CB;68;68;0
116426;F. Nardi;CMF;60;60;0
116429;Fulangxisi Aidi;LB;58;58;0
116430;Manu Bueno;CMF;67;67;0
116431;T. Cigerci;CMF;76;76;0
116432;R. Kronaveter;AMF;65;65;0
116435;Álex Sánchez;GK;58;58;0
116436;Isi;SS;80;80;0
116437;F. Cardozo;RMF;68;68;0
116439;S. Mulattieri;CF;70;70;0
116440;K. Joseph;CF;68;68;0
116442;I. Sulev;CMF;60;60;0
116444;A. Brighenti;CF;69;69;0
116446;N. Cambiaghi;LWF;76;76;0
116447;Arthur Dias;CB;72;72;0
116450;L. Lucca;CF;75;75;0
116451;A. Cuello;CF;72;72;0
116453;M. Bellucci;GK;58;58;0
116461;Borja Giner;LMF;65;65;0
116462;Praxedes;CMF;66;66;0
116465;J. Valou;CB;66;66;0
116466;C. Driouech;LWF;72;72;0
116469;F. Laurelli;CB;63;63;0
116478;F. Cernuto;CB;60;60;0
116484;M. Silvetti;LWF;65;65;0
116487;J. Franco;RB;67;67;0
116488;A. Malomo;CB;59;59;0
116489;Karrikaburu;CF;67;67;0
116490;D. Odogu;CB;65;65;0
116495;J. Morán;LB;65;65;0
116497;M. Pereiro;CB;66;66;0
116500;D. Díaz;CF;65;65;0
116501;A. Schott;RB;69;69;0
116518;Diego Manzano;LMF;62;62;0
116519;Xavi Espart;RB;71;71;0
116521;F. Vera;RB;69;69;0
116522;Yeremay;LWF;77;77;0
116541;N. González;LWF;79;79;0
116542;E. Rueda;SS;65;65;0
116565;Y. Konak;DMF;66;66;0
116566;Rodri Tarín;CB;59;59;0
116568;Alti;RB;73;73;0
116570;I. Subiabre;RWF;71;71;0
116571;G. Versini;RWF;69;69;0
116573;Adrià Vilanova;CB;59;59;0
116576;S. Bueno;CB;76;76;0
116585;F. Torres;RMF;74;74;0
116587;E. Alderete;CF;62;62;0
116592;T. Galván;AMF;74;74;0
116596;G. Lazarte;LB;63;63;0
116597;J. González;RB;59;59;0
116599;J. Álvarez;LMF;63;63;0
116600;M. Medina;AMF;66;66;0
116603;S. Moreyra;DMF;68;68;0
116604;M. Giménez;CF;69;69;0
116605;S. McTominay;CMF;86;86;0
116606;E. Lepaul;CF;81;81;0
116608;M. Robinson;CB;73;73;0
116620;G. Morales;CF;70;70;0
116621;V. Piechocki;AMF;62;62;0
116624;P. Ovchinnikov;GK;60;60;0
116625;K. Sulemana;LWF;74;74;0
116626;G. Trovade;CMF;60;60;0
116631;Tiago Santos;RB;75;75;0
116633;S. Diop;CF;58;58;0
116634;O. Sonne;RB;72;72;0
116637;Y. Akçiçek;CB;66;66;0
116638;R. Barrios;RB;68;68;0
116641;Y. Güveli;CB;60;60;0
116648;D. Selke;CF;76;76;0
116650;K. Gipson;RB;63;63;0
116654;D. Franke;LB;62;62;0
116659;R. Bozhinov;CB;65;65;0
116661;N. Jauny;GK;58;58;0
116664;V. Xenopoulos;GK;64;64;0
116667;Jan Virgili;LWF;75;75;0
116668;Kristoffersen;CF;62;62;0
116669;R. Falk;RWF;68;68;0
116670;N. Røjkjær;LWF;63;63;0
116671;R. Nicolaisen;CB;76;76;0
116672;A. Osorio;CF;68;68;0
116675;G. Arabidze;RWF;59;59;0
116678;O. Kudryk;GK;62;62;0
116680;D. Kutin;RB;65;65;0
116681;G. Melkadze;CMF;69;69;0
116683;A. Maximenko;GK;62;62;0
116685;S. Shanbiev;DMF;65;65;0
116686;A. Král;CMF;73;73;0
116687;A. Selikhov;GK;75;75;0
116688;Samu Rodríguez;LB;65;65;0
116691;P. Gueye;CMF;80;80;0
116692;M. Guerrero;RWF;69;69;0
116696;F. Jainikoski;CF;65;65;0
116699;Rafael Muñoz;RB;66;66;0
116704;M. Carraro;CMF;61;61;0
116706;C. Riedel;CB;70;70;0
116708;M. Mudryk;LWF;75;75;0
116711;M. Gabbia;CB;80;80;0
116721;J. Yeboah;SS;73;73;0
116732;A. Favalli;LB;66;66;0
116734;C. de Risio;CMF;60;60;0
116743;Gonzalo Villar;CMF;72;72;0
116744;Peter;RWF;70;70;0
116755;Bahia;CMF;61;61;0
116756;Dani Martínez;CB;63;63;0
116919;Miguel Loureiro;RB;73;73;0
116936;Víctor Díaz;LMF;65;65;0
116937;R. Ure;CF;71;71;0
116943;O. Luengo;CB;69;69;0
116944;K. Amoako;DMF;69;69;0
116953;M. Løvik;LB;60;60;0
116955;T. Muharemović;CB;75;75;0
116956;J. Ondrejka;LMF;73;73;0
116957;A. Panciroli;GK;55;55;0
116958;F. Rinaldi;GK;63;63;0
116959;A. Njie;LWF;65;65;0
116960;Mateus Lusuardi;CB;66;66;0
116961;J. Romaña;CB;75;75;0
116965;M. Carretta;RWF;68;68;0
117039;A. Urzi;LMF;70;70;0
117043;C. Wiley;LB;68;68;0
117055;T. Slotsager;CB;69;69;0
117067;F. Mambimbi;LWF;67;67;0
117068;M. González;CB;58;58;0
117081;D. Maldini;AMF;74;74;0
117084;Paulo Vitor;SS;71;71;0
117085;I. Osman;LWF;72;72;0
117115;A. Settembrini;CMF;64;64;0
117147;F. Alarcón;CB;69;69;0
117204;A. Anastasio;LB;64;64;0
117237;M. Battistoni;CMF;63;63;0
117239;F. Altamira;RWF;68;68;0
117245;D. Marino;CB;65;65;0
117335;M. Arezo;CF;73;73;0
117339;M. Nardi;GK;66;66;0
117341;D. Adorni;CB;65;65;0
117362;N. Fúnez;CF;65;65;0
117368;L. Bossin;GK;63;63;0
117369;F. Boeckx;GK;74;74;0
117370;E. Sowah Adjei;RB;67;67;0
117372;C. Campbell;RWF;67;67;0
117374;H. Delcroix;CB;72;72;0
117379;André Ramalho;CB;71;71;0
117386;O. Popescu;CMF;72;72;0
117387;V. Achim;DMF;68;68;0
117390;O. Provstgaard;CB;70;70;0
117395;W. Moke Abro;CB;73;73;0
117398;M. Pleaşcă;RB;66;66;0
117407;M. Lazo;CB;70;70;0
117413;A. Rochat;CB;70;70;0
117415;D. Marzino;GK;60;60;0
117416;T. Sulejmanov;LMF;64;64;0
117419;T. Schick;RMF;71;71;0
117420;M. Aebischer;CMF;74;74;0
117421;S. Joss;RB;65;65;0
117422;J. Bílek;CB;66;66;0
117424;J. Bořil;RB;74;74;0
117425;M. Mešanović;CF;71;71;0
117428;M. Lüftner;CB;70;70;0
117429;M. Alvir;CMF;65;65;0
117439;A. Santurro;GK;62;62;0
117452;G. Baroni;AMF;64;64;0
117457;F. Brorsson;CB;66;66;0
117458;A. Vindheim;RB;69;69;0
117459;M. Svanberg;CMF;76;76;0
117460;F. Andersson;GK;61;61;0
117461;A. Jeremejeff;CF;66;66;0
117468;N. Fonseca;DMF;72;72;0
117469;T. Perrotta;CF;65;65;0
117470;E. Cigagna;CB;60;60;0
117471;I. Vouras;GK;69;69;0
117472;G. Anestis;GK;73;73;0
117473;H. Aravidis;CF;69;69;0
117476;V. Barkas;GK;73;73;0
117481;M. Siampanis;GK;66;66;0
117485;T. Magno;LWF;69;69;0
117487;N. Matthaiou;RMF;57;57;0
117489;A. Lunev;GK;76;76;0
117490;I. Tsallagov;RB;69;69;0
117496;B. Perlaza;CMF;70;70;0
117498;K. Castaño;DMF;74;74;0
117500;D. Mokwa;CF;67;67;0
117502;J. Cardozo;DMF;64;64;0
117504;F. Aguilar;CB;71;71;0
117507;Vitor Roque;CF;79;79;0
117509;J. Herrera;SS;61;61;0
117513;A. Mendy;CB;73;73;0
117514;D. Pérez;CMF;60;60;0
117520;Abdón Prats;CF;70;70;0
117522;A. Rodríguez;CF;60;60;0
117523;Selton;AMF;66;66;0
117527;L. Garro;RMF;63;63;0
117532;K. Quevedo;RWF;69;69;0
117533;Jastin;LWF;68;68;0
117536;Bruno Alves;SS;64;64;0
117539;Paulinho;SS;77;77;0
117546;Gabriel Menino;RB;71;71;0
117547;Kaio César;RWF;74;74;0
117550;Victor Hugo;LB;64;64;0
117553;Getulio;CMF;66;66;0
117555;Dudu;AMF;62;62;0
117556;Juninho;AMF;62;62;0
117564;B. Duarte;CB;60;60;0
117567;M. González;LWF;62;62;0
117576;A. Zerbin;RMF;72;72;0
117580;F. Coppola;CB;64;64;0
117583;Krattenmacher;LWF;68;68;0
117591;T. Palacios;CB;73;73;0
117593;J. López;CF;80;80;0
117594;F. Peña Biafore;DMF;70;70;0
117595;F. García;CMF;60;60;0
117598;M. Leris;RWF;71;71;0
117600;Y. Maye;CB;62;62;0
117602;G. Hutvágner;GK;60;60;0
117604;C. Franco;LWF;60;60;0
117605;F. Vaško;CB;60;60;0
117607;N. Ortiz;CB;63;63;0
117611;J. Álvarez;LMF;68;68;0
117613;W. McKennie;CMF;80;80;0
117615;O. Pikhalonok;CMF;60;60;0
117620;J. Doig;LB;73;73;0
117622;R. Figueiredo;AMF;66;66;0
117632;G. Berterame;CF;77;77;0
117635;B. Ayetz;CB;59;59;0
117636;Jorge Cuenca;CB;76;76;0
117639;A. Sosa;GK;58;58;0
117643;A. Méndez;RB;71;71;0
117650;J. Lucumí;CB;76;76;0
117652;D. Oyegoke;RB;64;64;0
117659;A. Milambo;AMF;73;73;0
117661;Fábio Carvalho;AMF;74;74;0
117666;Junior Maranhão;LB;73;73;0
117667;I. Larie;CB;69;69;0
117669;N. Buayi-Kiala;CMF;62;62;0
117674;K. Etta Eyong;CF;75;75;0
117686;Y. Trepy;CF;63;63;0
117687;A. Fernández;AMF;68;68;0
117695;J. Aylagas;GK;58;58;0
117697;Igor Gomes;AMF;72;72;0
117712;N. Gauna;LMF;61;61;0
117713;B. Guajardo;CB;60;60;0
117717;A. Albarracín;RWF;69;69;0
117719;M. Arenas;LWF;69;69;0
117720;J. Cabrera;RB;64;64;0
117721;Diego Cristiano;CMF;66;66;0
117724;A. Talal;CMF;60;60;0
117742;Y. Czekanowicz;GK;66;66;0
117745;S. Ganvoula;CF;70;70;0
117747;Matheus Reis;LWF;62;62;0
117748;P. Gerkens;CMF;72;72;0
117753;E. Dennis;CF;69;69;0
117756;T. Leiva;CMF;65;65;0
117762;J. Andrade;CB;62;62;0
117765;P. Köhn;GK;77;77;0
117767;Gabriel Justino;CB;66;66;0
117768;D. Pezoa;AMF;61;61;0
117770;L. Ambros;AMF;67;67;0
117776;Luiz Henrique;RMF;80;80;0
117784;I. Méndez;CMF;68;68;0
117787;Clinton Mata;CB;77;77;0
117793;L. Martínez;CB;82;82;0
117797;A. Makarov;LWF;57;57;0
117798;Hugo;LB;65;65;0
117800;A. Leautey;LMF;69;69;0
117804;J. Lotomba;RB;64;64;0
117806;D. von Ballmoos;GK;69;69;0
117810;M. Petković;RB;72;72;0
117812;R. Tesuri;RMF;70;70;0
117814;N. Hernández;CB;66;66;0
117820;M. Bombito;CB;74;74;0
117822;J. Seelt;CB;60;60;0
117823;G. Gómez;AMF;64;64;0
117824;D. Zagadou;CB;73;73;0
117832;M. Boadu;CF;69;69;0
117839;M. Knoester;CB;66;66;0
117841;B. Urbański;CMF;60;60;0
117843;F. Domínguez;RB;70;70;0
117846;S. Grippo;CB;67;67;0
117847;Filipe Teixeira;AMF;67;67;0
117848;Bebeto;RB;70;70;0
117854;M. Yalcouyé;CMF;70;70;0
117856;D. Khotcholava;CB;66;66;0
117863;C. Santini;SS;66;66;0
117872;E. Prekop;CF;68;68;0
117875;G. Malcore;CF;63;63;0
117884;C. Ekuban;CF;70;70;0
117885;L. Koutris;LB;72;72;0
117886;T. Castagne;RB;75;75;0
117887;L. Polvani;CB;63;63;0
117889;A. Pavlović;DMF;83;83;0
117891;W. Norris;GK;64;64;0
117892;D. Reimann;GK;62;62;0
117894;Gustavo;AMF;66;66;0
117896;P. Ntounis;GK;57;57;0
117903;Everton;CF;67;67;0
117904;Borja Herrera;LB;66;66;0
117906;A. Celli;LB;64;64;0
117908;D. Akintola;RWF;67;67;0
117911;L. Acevedo;CF;67;67;0
117916;E. Nketiah;CF;75;75;0
117917;J. Willock;CMF;76;76;0
117919;A. Bordin;CMF;62;62;0
117927;Aitor Paredes;CB;78;78;0
117929;D. Andrade;DMF;66;66;0
117932;D. Malen;CF;83;83;0
117933;A. Soumahoro;CB;64;64;0
117936;D. Benzar;RWF;66;66;0
117937;Diogo Ferreira;GK;59;59;0
117938;Fran García;LB;77;77;0
117940;R. Nelson;RWF;75;75;0
117946;O. Vargas;CMF;72;72;0
117949;A. Vlad;GK;65;65;0
117952;A. Martegani;AMF;69;69;0
117955;B. Ojeda;DMF;69;69;0
117958;A. Thomas;LWF;64;64;0
117960;E. Iñiguez;RB;65;65;0
117961;C. Crew;DMF;62;62;0
117965;J. Lucero;GK;59;59;0
117969;N. Cozza;LB;70;70;0
117970;C. Bramall;LB;67;67;0
117978;C. Tzolis;LWF;82;82;0
117979;Ricardo Graça;CB;60;60;0
117982;N. Fernández;RB;59;59;0
117983;P. Cabral;CMF;63;63;0
117985;Gonzalo;CF;75;75;0
117987;J. Freitas;CF;70;70;0
117992;A. Koita;LWF;64;64;0
118004;Oakley Boothe;CMF;63;63;0
118007;J. Sancho;LWF;79;79;0
118008;A. Tembeng;DMF;66;66;0
118014;Thiago Galvão;AMF;67;67;0
118015;S. Sané;CB;70;70;0
118024;Rui Costa;AMF;67;67;0
118028;R. Zekhnini;LWF;70;70;0
118029;G. Busio;DMF;75;75;0
118030;E. Nwaneri;AMF;75;75;0
118031;M. Miño;GK;70;70;0
118034;M. Hansen;CB;69;69;0
118035;R. Kofler;CB;69;69;0
118038;T. Malacia;LB;75;75;0
118042;O. Watkins;CF;83;83;0
118046;Wesley;DMF;64;64;0
118048;Alex Amorim;AMF;67;67;0
118052;Raphael Branco;CB;70;70;0
118056;A. Nikolaesh;RB;66;66;0
118067;C. Makoun;CB;68;68;0
118072;N. Kühn;RWF;76;76;0
118074;W. Pérez;CB;64;64;0
118076;N. Tenaglia;RB;77;77;0
118077;W. Riveros;CB;71;71;0
118078;G. Gentile;LWF;68;68;0
118079;N. Montoya;RB;61;61;0
118080;M. Ristić;LB;72;72;0
118081;A. Díaz;CF;68;68;0
118082;Víctor García;RWF;72;72;0
118083;C. Amarilla;CF;62;62;0
118085;A. Bodart;GK;72;72;0
118088;E. Tapsoba;CB;82;82;0
118094;Z. Diallo;CF;64;64;0
118096;M. Mount;AMF;78;78;0
118097;O. Touré;CB;65;65;0
118099;S. Lucumí;RMF;66;66;0
118102;J. Liteta;CMF;66;66;0
118103;M. Prati;DMF;72;72;0
118106;A. Köse;CF;61;61;0
118111;G. Coudert;GK;75;75;0
118116;I. Lendrić;CF;69;69;0
118117;A. Jakubech;GK;64;64;0
118122;K. Kouao;RB;71;71;0
118123;R. Akalé;CF;59;59;0
118124;D. Sylla;RB;67;67;0
118128;D. Zappella;RB;60;60;0
118130;N. Canalicchio;CB;60;60;0
118131;M. Capitani;AMF;63;63;0
118132;Roger Figueras;CB;60;60;0
118136;Diogo Dalot;RB;78;78;0
118139;G. Rojas;CB;60;60;0
118145;L. Krejcí;CB;78;78;0
118146;L. Mamut;CMF;64;64;0
118152;A. Matějů;RB;69;69;0
118162;A. Ismajli;CB;75;75;0
118164;E. Smith Rowe;AMF;77;77;0
118165;H. Davies;GK;61;61;0
118167;P. Dawidowicz;CB;69;69;0
118168;P. Szymiński;CB;67;67;0
118169;R. Murawski;DMF;68;68;0
118183;M. Gallardo;AMF;67;67;0
118184;M. Ojeda;LMF;69;69;0
118185;Felipe Morais;AMF;58;58;0
118186;D. Cissé;CMF;73;73;0
118188;L. González;CMF;71;71;0
118190;C. Gruezo;DMF;74;74;0
118195;J. Zirkzee;CF;77;77;0
118199;L. Lucchesi;CB;68;68;0
118202;L. Romo;DMF;76;76;0
118203;J. Russell-Rowe;CF;68;68;0
118204;C. Roberts;GK;57;57;0
118208;Dodi;DMF;69;69;0
118209;Brugui;LWF;74;74;0
118210;G. Pinto;LMF;63;63;0
118212;Diogo Sousa;RB;63;63;0
118213;M. Camara;CMF;77;77;0
118215;J. Aidoo;CB;73;73;0
118216;R. Fernandes;GK;62;62;0
118222;O. Gorter;DMF;62;62;0
118225;N. Cadiou;CMF;74;74;0
118230;F. Israel;GK;74;74;0
118232;E. Lolić;GK;58;58;0
118235;Pablo Marí;CB;73;73;0
118236;Vitinha;DMF;90;90;0
118237;K. Semik;AMF;55;55;0
118248;L. Hoyos;GK;69;69;0
118250;M. Clark;CB;60;60;0
118251;J. Doyle-Hayes;CMF;61;61;0
118254;A. Baker;RB;59;59;0
118255;M. Shaparenko;CMF;63;63;0
118259;E. Díaz;LB;73;73;0
118264;M. Méndez;CF;70;70;0
118265;O. Højlund;CMF;74;74;0
118266;F. Götze;CB;72;72;0
118267;Rodri Mendoza;CMF;71;71;0
118278;M. Travers;GK;72;72;0
118285;A. Karabec;AMF;73;73;0
118288;A. Katranis;LB;59;59;0
118294;S. Chambers;AMF;63;63;0
118295;J. González;RB;66;66;0
118296;C. Zervopoulos;CB;60;60;0
118297;K. Apostolakis;CMF;64;64;0
118304;A. Paschalakis;GK;69;69;0
118309;Dotor;CMF;70;70;0
118310;Julio Gracia;CMF;65;65;0
118313;R. Ríos;CMF;78;78;0
118318;J. Allevinah;RWF;69;69;0
118320;V. Antov;CB;67;67;0
118321;Júnior Santos;RWF;71;71;0
118323;Carlos Coronel;GK;72;72;0
118325;S. Medina;LMF;67;67;0
118326;F. Hellstern;GK;63;63;0
118328;M. Stiepermann;CMF;72;72;0
118331;M. Foe Ondoa;CMF;59;59;0
118332;M. Kumbulla;CB;75;75;0
118333;M. Popa;GK;70;70;0
118338;P. Brunner;CF;66;66;0
118339;D. Reasco;CF;68;68;0
118342;H. López Muñoz;AMF;75;75;0
118346;V. Makhankov;GK;67;67;0
118347;V. Mykolenko;LB;77;77;0
118348;B. Zapelli;AMF;70;70;0
118350;M. Pedersen;RB;73;73;0
118351;A. Pozzi;GK;60;60;0
118352;M. González;RMF;67;67;0
118356;A. Røssing-L;LWF;63;63;0
118358;A. Alaniz;RWF;68;68;0
118361;Juan Berrocal;CB;69;69;0
118364;Javi Hernández;AMF;73;73;0
118366;A. Babacan;AMF;58;58;0
118367;R. Gül;RWF;59;59;0
118369;D. Kyereh;AMF;70;70;0
118371;Ander Guevara;CMF;74;74;0
118374;M. Sylla;CF;72;72;0
118375;T. Archibald;LMF;63;63;0
118378;Duarte;CMF;66;66;0
118380;N. Edjouma;RWF;69;69;0
118381;Pedri;CMF;90;90;0
118383;G. Requena;CB;61;61;0
118388;Raniele;DMF;75;75;0
118392;Lucas Beraldo;CB;79;79;0
118395;T. Rubio;RB;66;66;0
118398;F. Coman;LWF;69;69;0
118399;E. Coronel;RB;72;72;0
118400;M. Payero;CMF;73;73;0
118401;A. Giay;RB;73;73;0
118402;N. Linares;DMF;68;68;0
118406;J. Goitía;RB;66;66;0
118412;A. Connolly;CF;61;61;0
118413;J. Stage;CMF;79;79;0
118416;F. Hadergjonaj;RB;73;73;0
118417;Rodrygo;RWF;84;84;0
118419;F. Grosso;CMF;60;60;0
118422;L. Palmisani;GK;69;69;0
118423;C. Antuna;RWF;67;67;0
118426;T. Becker;CB;72;72;0
118429;B. Rodríguez;RMF;70;70;0
118431;S. Pérez;CF;62;62;0
118433;L. Guilherme;RMF;71;71;0
118436;C. Sickinger;DMF;66;66;0
118439;M. Peeters;AMF;64;64;0
118444;Pedro Gonçalves;LWF;82;82;0
118445;H. Wright;CF;74;74;0
118446;K. Antonio;CB;69;69;0
118452;Javi Boñar;RB;65;65;0
118454;L. Colwill;CB;80;80;0
118455;J. Finidori;CF;62;62;0
118461;Benedetti;CB;63;63;0
118462;F. Díaz;DMF;68;68;0
118463;J. Astudillo;CB;59;59;0
118465;R. Malanca;CB;66;66;0
118483;C. Mckendry;CF;61;61;0
118485;A. Khalaili;RB;78;78;0
118491;N. Woltemade;CF;80;80;0
118492;M. Gallegos;CF;63;63;0
118493;A. Uribe;AMF;63;63;0
118502;A. Maciel;CB;69;69;0
118503;G. Hemmings;CMF;65;65;0
118504;C. Ojeda;AMF;66;66;0
118507;G. Neves;CMF;75;75;0
118516;Josep Cerdà;LWF;68;68;0
118521;L. Quiroz;CB;62;62;0
118522;Miguel Sierra;RWF;65;65;0
118523;M. López;LB;73;73;0
118524;J. Leszczyński;CB;62;62;0
118525;V. Vladimirov;CB;60;60;0
118528;M. Damsgaard;AMF;80;80;0
118529;M. Carabajal;CB;73;73;0
118532;L. Drummond;CF;64;64;0
118537;J. Díaz;LB;66;66;0
118538;A. Gomes;CMF;62;62;0
118540;Diogo Sousa;DMF;70;70;0
118545;K. Karaman;AMF;74;74;0
118546;L. Lauberbach;CF;70;70;0
118547;C. Kyriakou;DMF;66;66;0
118552;Y. Ikia Dimi;RWF;66;66;0
118553;M. Cóccaro;CF;71;71;0
118556;J. Van Neck;GK;63;63;0
118559;Fermín;AMF;85;85;0
118563;N. Jackson;CF;79;79;0
118565;G. Khous;AMF;60;60;0
118567;Á. Zendejas;RMF;76;76;0
118568;R. Aabid;AMF;63;63;0
118573;K. Hoever;RB;74;74;0
118574;Lin Liangming;RMF;66;66;0
118575;Iván Azón;CF;70;70;0
118576;R. Martínez;CF;71;71;0
118579;Y. Reyes;CMF;60;60;0
118586;N. Maras;CB;62;62;0
118589;Dani Martín;GK;60;60;0
118592;K. Lamadrid;LWF;70;70;0
118595;C. Palacios;AMF;73;73;0
118596;A. Cavagna;GK;58;58;0
118599;O. Óskarsson;CF;74;74;0
118605;;CF;87;87;0
118613;A. Obispo;CB;64;64;0
118617;Diego Conde;GK;76;76;0
118618;O. Ruoppi;AMF;66;66;0
118623;C. Antoniou;LWF;62;62;0
118625;Asier Gomes;CMF;66;66;0
118627;N. Tella;RWF;78;78;0
118629;P. Ratkov;CF;68;68;0
118637;A. Molina;RB;65;65;0
118641;J. Deminguet;CMF;71;71;0
118647;B. Zeren;DMF;61;61;0
118648;L. Geertruida;RB;78;78;0
118658;Felipe Ferreyra;CF;61;61;0
118659;M. Culbreath;RWF;70;70;0
118667;M. Pattier;GK;55;55;0
118668;A. Vidal;GK;66;66;0
118673;J. Urbich;CF;62;62;0
118675;J. Castillo;DMF;70;70;0
118678;C. Führich;LWF;78;78;0
118679;H. Larsson;CMF;77;77;0
118680;F. Jörgensen;GK;77;77;0
118687;M. Fofana;LWF;77;77;0
118690;E. Elizalde;CB;66;66;0
118693;S. Ostrzinski;GK;63;63;0
118697;B. Gilmour;DMF;75;75;0
118699;E. Chiavassa;RWF;58;58;0
118706;Á. Rojas;GK;58;58;0
118707;A. Adli;LWF;77;77;0
118711;A. Montero;RB;64;64;0
118712;L. Varaldo;CF;63;63;0
118715;J. Alí;RWF;60;60;0
118716;F. Zapiola;AMF;71;71;0
118720;R. Heskey;LWF;63;63;0
118721;F. Vázquez;CB;62;62;0
118725;T. Carrique;RB;69;69;0
118726;L. Nmecha;CF;76;76;0
118728;R. Malinovskyi;AMF;75;75;0
118729;W. Percevaux;GK;61;61;0
118732;Edson Carioca;CF;70;70;0
118736;K. Kato;DMF;53;53;0
118827;Hugo Álvarez;LWF;75;75;0
118829;G. Piñeiro;AMF;66;66;0
118839;M. Sauer;CMF;68;68;0
118840;Álex Pastor;CB;67;67;0
118843;S. van Huffel;CMF;62;62;0
118844;I. Miramón;DMF;68;68;0
118929;A. Bakoune;RB;65;65;0
118933;L. Zahović;AMF;67;67;0
118936;B. Álvarez;LWF;57;57;0
118939;C. Medina;CMF;75;75;0
118941;Robert Navarro;RWF;76;76;0
118943;A. Canobbio;RWF;74;74;0
118946;M. Panaro;LMF;65;65;0
118954;S. Sosa;LWF;69;69;0
118958;L. Cristaldo;CB;59;59;0
118963;I. Camara;CMF;66;66;0
118966;A. Amaimouni;RWF;72;72;0
118967;R. Slater;CMF;72;72;0
118970;Juan Cruz;LB;73;73;0
118971;E. Lamprou;DMF;54;54;0
118972;G. Xenitidis;RMF;53;53;0
118979;A. Camara;DMF;54;54;0
118980;A. Boayar;SS;64;64;0
118987;K. Coman;LWF;83;83;0
118988;J. Lichtenauer;GK;58;58;0
118990;L. Destéfano;AMF;64;64;0
118991;G. Groba;AMF;64;64;0
119098;A. Raimondo;CF;70;70;0
119101;Mario Soriano;AMF;75;75;0
119104;D. Jebbison;CF;68;68;0
119105;K. Parks;DMF;66;66;0
119113;D. Hernández;LMF;70;70;0
119119;C. Puaud;GK;58;58;0
119122;R. Ciervo;LWF;70;70;0
119123;W. el Fantrosi;LMF;63;63;0
119125;I. Lidberg;CF;73;73;0
119127;F. Bilbija;AMF;71;71;0
119128;M. García;CMF;60;60;0
119130;I. Mbaye;RWF;74;74;0
119133;Sambi Lokonga;CMF;77;77;0
119139;N. Pérez;CB;67;67;0
119140;E. Ben Seghir;LWF;74;74;0
119144;S. Lacey;RWF;65;65;0
119571;C. De Ketelaere;AMF;81;81;0
119782;A. Tchouaméni;DMF;84;84;0
119801;K. Gutiérrez;DMF;70;70;0
119807;Germán Parreño;GK;68;68;0
119808;K. Chatzidimpas;CMF;59;59;0
119810;N. Morgantini;RB;65;65;0
119814;R. Hernández;LB;68;68;0
119816;Aitor Ruibal;RWF;77;77;0
119817;G. Arturia;CB;64;64;0
119818;R. Faivre;AMF;75;75;0
119834;P. Souto;LB;66;66;0
119836;F. Hornby;SS;67;67;0
119838;N. Broadhead;SS;66;66;0
119840;B. Özer;GK;79;79;0
119841;F. Orozco;LMF;65;65;0
119843;S. Barreto;CB;62;62;0
119844;João Souza;CB;60;60;0
119845;P. Neumann;CB;72;72;0
119850;F. Calderón;CB;71;71;0
119852;S. Nsoki;CB;71;71;0
119854;P. Katseris;RMF;70;70;0
119857;N. Katić;CB;72;72;0
119861;S. Desplanches;GK;72;72;0
119863;Estêvão;RWF;80;80;0
119865;Pablo Agudín;AMF;63;63;0
119872;A. Houary;SS;65;65;0
119874;C. Abbas;LMF;62;62;0
119879;B. Brantlind;AMF;66;66;0
119880;R. Fresneau;RB;61;61;0
119881;S. Kot;AMF;57;57;0
119882;Cristiano;LB;70;70;0
119885;N. Fraser;CF;61;61;0
119888;M. Apardi;CF;62;62;0
119890;D. Caleta-Car;CB;74;74;0
120292;C. Carrillo;DMF;68;68;0
120294;L. Rivoira;CB;60;60;0
120297;G. Aurelio;LB;68;68;0
120300;F. Amuzu;LWF;73;73;0
120305;R. Mazáň;LB;69;69;0
120307;T. Dele-Bashiru;CMF;61;61;0
120309;C. Hudson-Odoi;LWF;78;78;0
120313;T. Valenta;RWF;62;62;0
120315;E. Zeballos;RWF;76;76;0
120331;R. Ramírez;CB;67;67;0
120335;E. Roldán;CMF;66;66;0
120342;G. Rodríguez;CB;70;70;0
120347;Viedma;CMF;64;64;0
120348;L. Millar;LWF;72;72;0
120349;E. Oikonomou;CB;69;69;0
120354;E. Demirović;CF;80;80;0
120357;E. Elmas;AMF;76;76;0
120358;C. Teuchert;CF;69;69;0
120360;Álex Forés;CF;70;70;0
120361;Javi López;LB;73;73;0
120367;A. Caiazza;CB;59;59;0
120368;A. Gordon;LWF;82;82;0
120375;R. Ryller;DMF;66;66;0
120378;R.n. Davies;LB;60;60;0
120380;J. S. Larsen;CF;77;77;0
120382;T. Pearce;LB;60;60;0
120384;J. Clarke;CF;57;57;0
120700;E. Larsson;RB;69;69;0
120810;E. Binaku;LB;68;68;0
121192;L. Bergström;GK;68;68;0
121196;E. Moreno;AMF;68;68;0
121197;T. Allende;RWF;71;71;0
121198;M. Aguiar;AMF;57;57;0
121199;R. Blanco;AMF;62;62;0
121205;G. Mainero;RMF;70;70;0
121208;J. Martin;GK;62;62;0
121213;E. Pereyra;LB;68;68;0
121214;N. De Cat;CMF;71;71;0
121217;A. Ouédraogo;CMF;76;76;0
121218;Jordi Tur;CMF;62;62;0
121220;Borja Llarena;CF;64;64;0
121224;E. González;LWF;63;63;0
121228;J. Hesse;CB;58;58;0
121235;L. Souto;RB;67;67;0
121237;Reguilón;LB;72;72;0
121244;N. Zätterström;CB;64;64;0
121251;N. Kamara;CB;68;68;0
121253;K. Taylor;AMF;63;63;0
121256;A. Zanoli;RB;72;72;0
121257;S. Pierotti;RWF;71;71;0
121283;R. Novakovic;GK;55;55;0
121284;U. Giménez;CB;63;63;0
121296;J. Ludueña;CB;68;68;0
121297;A. Lioi;RMF;61;61;0
121298;J. López;AMF;63;63;0
121299;M. Bertoša;LB;60;60;0
121301;J. Cacciabue;CMF;63;63;0
121308;A. Prass;LMF;76;76;0
121314;Junior Firpo;LB;74;74;0
121315;F. Druijf;CF;61;61;0
121318;S. Arzamendia;LB;72;72;0
121319;T. Putzolu;CMF;61;61;0
121320;Chris Ramos;CF;62;62;0
121322;Pedro Lima;RB;68;68;0
121323;M. Raab;GK;70;70;0
121327;Y. Bisseck;CB;78;78;0
121328;R. Holmes;LMF;69;69;0
121331;J. Bay;LB;68;68;0
121332;K. Diatta;RMF;74;74;0
121339;D. Valoyes;RWF;74;74;0
121343;O. Kúdela;CB;69;69;0
121353;C. Núñez;DMF;66;66;0
121354;A. Anselmino;CB;72;72;0
121360;Felipe Curcio;LB;65;65;0
121361;O. Zmrzlý;LB;69;69;0
121362;Giovanni;CF;63;63;0
121371;J. Campuzano;DMF;73;73;0
121378;F. Enriques;LB;63;63;0
121381;J. Canale;CB;72;72;0
121383;A. Troffa;CMF;60;60;0
121386;O. Mihálik;CF;62;62;0
121387;O. Pona;GK;63;63;0
121390;J. Jach;CB;70;70;0
121391;D. Martínez;RWF;67;67;0
121398;C. Montero;GK;59;59;0
121405;M. Liberali;AMF;68;68;0
121943;G. Magnani;CB;62;62;0
121944;A. Patterson;GK;73;73;0
121945;A. Broja;CF;72;72;0
121947;Jorge Fernandes;CB;62;62;0
121948;E. Konsa;CB;84;84;0
121949;A. Costa;CB;74;74;0
121950;S. Eustáquio;DMF;69;69;0
121959;J. Allen;CMF;68;68;0
121964;Eneko Jauregi;CF;68;68;0
121971;S. Tanasijević;CB;62;62;0
121978;M. Mihojević;CB;70;70;0
121980;C. Bradley;RB;79;79;0
121985;Ricard Puig;CMF;63;63;0
121986;K. Topp;CF;68;68;0
121989;D. Cirkin;LB;72;72;0
121990;I. Galván;LB;64;64;0
121996;L. Koleosho;RWF;72;72;0
121998;B. Dadín;CF;64;64;0
121999;Konstandeliasz;LMF;62;62;0
122006;Leo Román;GK;77;77;0
122011;O. Christensen;GK;71;71;0
122033;A. Rodríguez;CF;64;64;0
122275;M. Klimowicz;AMF;68;68;0
122314;C. Montes;LWF;73;73;0
122319;L. Sinayoko;CF;77;77;0
122320;M. Ruidías;RB;68;68;0
122323;C. Cermeño;CMF;64;64;0
122324;T. Verón Lupi;RWF;68;68;0
122341;A. Molinas;CMF;67;67;0
122342;M. Castro;LWF;68;68;0
122347;A. González;DMF;66;66;0
122696;L. Marimón;CF;64;64;0
122699;I. Erquiaga;LB;67;67;0
122701;W. Velásquez;CB;63;63;0
122716;G. Raspadori;SS;78;78;0
122717;P. Villalba;RWF;58;58;0
122727;J. Ekkelenkamp;CMF;75;75;0
122920;F. Gattoni;CB;71;71;0
122928;T. Timmermans;AMF;64;64;0
122929;R. Polley;CF;64;64;0
123066;A. Madruga;CB;64;64;0
123077;R. Auzmendi;CF;70;70;0
123242;J. Bolívar;LB;65;65;0
123442;S. Mosquera;LWF;70;70;0
123728;J. Silva;CB;66;66;0
123751;J. Alfaro;CMF;70;70;0
124268;J. Tévez;CF;67;67;0
124269;R. Martínez;LWF;62;62;0
124276;Miguel Rubio;CB;70;70;0
124279;S. Fini;RWF;65;65;0
124281;I. Colman;CMF;72;72;0
124296;J. Perdomo;DMF;66;66;0
124846;G. Tsitaishvili;LWF;72;72;0
124854;D. Gónzalez;CB;72;72;0
141;;CF;72;72;0
15097;S. Nishikawa;GK;60;60;0
15173;M. Havenaar;CF;56;56;0
15320;S. Kagawa;AMF;64;64;0
15329;Thiago Neves;AMF;59;59;0
15446;T. Inui;LWF;61;61;0
16073;M. Špiranović;CB;71;71;0
16079;Rafael Marques;CF;73;73;0
1625;Cafu;RB;70;70;0
1630;Romário;CF;75;75;0
16501;Y. Kubo;CF;58;58;0
1664;J. Bisanz;LWF;68;68;0
1674;M. Salas;CF;69;69;0
16794;A. Benedyczak;LWF;67;67;0
16851;T. Minamino;LWF;77;77;0
1697;R. Santa Cruz;CF;69;69;0
1770;Ahn Jung-Hwan;CF;64;64;0
1934;P. Robinson;GK;69;69;0
2214;L. Ricken;AMF;62;62;0
2331;L. Matthäus;CMF;73;73;0
2397;J. Cruyff;SS;78;78;0
2506;Pepe Reina;GK;71;71;0
2542;E. Moretti;CB;59;59;0
262235;Beto;CF;72;72;0
262869;Tobías;CMF;65;65;0
262959;A. Sarmiento;LWF;71;71;0
262960;Gastón;SS;65;65;0
262984;L. Shankland;CF;76;76;0
263021;V. Pizarro;DMF;73;73;0
263022;F. Gil;RWF;69;69;0
263107;K. Viveros;CF;79;79;0
263116;L. Macazaga;RB;60;60;0
263154;A. Saldivia;CB;71;71;0
263246;Robson Matheus;CMF;71;71;0
2634;F. Costanzo;GK;70;70;0
263776;Carmiño;GK;59;59;0
263818;Evaristo;SS;61;61;0
263819;S. González;AMF;71;71;0
263831;M. Silveira;GK;71;71;0
263835;Milton;CMF;66;66;0
263889;F. Batista;CF;70;70;0
264303;Ciro;CB;70;70;0
264664;M. Fernández;LWF;64;64;0
266915;V. Johansson;GK;74;74;0
267922;V. Sholokhov;GK;80;80;0
267992;B. Núñez;LB;63;63;0
269216;Romarinho;AMF;74;74;0
269618;J. da Gama;AMF;76;76;0
271288;A. Vasconcelos;CF;79;79;0
271319;D. Krgo;CF;80;80;0
271422;A. Mascarenhas;CMF;72;72;0
271526;S. Rodríguez;CMF;73;73;0
272557;Kunnan Guo;RWF;69;69;0
272729;Guanghong Qin;CMF;74;74;0
278121;C. Renato;CF;66;66;0
278166;Kim Tae-Hyeon;CB;67;67;0
278315;S. Haydar;GK;65;65;0
278323;A. Bahgat;RB;64;64;0
278641;Cho Gue-Sung;CF;68;68;0
2829;K. Keegan;SS;73;73;0
292317;A. Elia;CB;72;72;0
292344;P. Adu;CF;72;72;0
292612;S. Abdellah;CF;64;64;0
292888;Y. Abulaila;GK;67;67;0
293020;J. Fajardo;CF;68;68;0
293021;C. Martínez;CMF;63;63;0
293308;Z. Al-Johani;DMF;67;67;0
293448;F. Bethancourt;SS;73;73;0
293879;B. Ergashev;GK;62;62;0
293981;M. Al-Owais;GK;69;69;0
294043;Shuaijie Duan;GK;69;69;0
294424;T. Spearritt;DMF;78;78;0
294600;B. Serpa;CF;71;71;0
2951;S. Camara;CF;74;74;0
295195;Eckert Ayensa;CF;73;73;0
295575;L. Salcedo;LB;71;71;0
295635;C. Blackman;RB;67;67;0
295699;Weizai Xue;CMF;68;68;0
295723;F. Adeel;GK;68;68;0
295845;Oufa Shobeir;GK;71;71;0
295884;B. Henriques;GK;70;70;0
296010;S. Chaine;GK;71;71;0
296184;M. Woud;GK;61;61;0
296419;J. Rafiq;CB;64;64;0
296579;A. Ivanic;GK;70;70;0
296749;J. Lacoste;AMF;72;72;0
296986;N. Meira;CB;75;75;0
296994;M. Koné;GK;68;68;0
297017;T. Yengi;CF;62;62;0
297025;F. Farías;SS;72;72;0
297343;V. Niven;CMF;64;64;0
297352;L. Morales;RB;69;69;0
297404;J. Betencourt;RB;74;74;0
297421;J. Cerveira;CB;74;74;0
297425;A. Bethancourt;GK;71;71;0
297588;L. Zarzo;DMF;76;76;0
297621;F. Curtis;LWF;66;66;0
297697;S. Branco;AMF;80;80;0
298457;Kim Seung-Gyu;GK;72;72;0
298540;D. Aleksovski;CB;81;81;0
298743;A. Rogel;SS;72;72;0
298908;M. Osvit;LB;80;80;0
299165;I. Jakobs;LB;75;75;0
299180;A. Seck;CB;71;71;0
299191;M. Geoffroy;GK;66;66;0
299235;R. Bron;CF;75;75;0
299385;E. Lobo;LB;75;75;0
299448;D. Nogues;RMF;73;73;0
299610;O. Sanches;CF;70;70;0
299782;A. Sefic;CF;85;85;0
299873;A. Dahmen;GK;72;72;0
299941;Yongman Bi;GK;64;64;0
299989;R. Olney;CB;70;70;0
299990;D. Stipancic;RB;77;77;0
300046;M. Zamacois;AMF;70;70;0
30012;I. Ilić;CMF;75;75;0
300424;C. Orde;CF;76;76;0
30044;G. Zuiverloon;RB;71;71;0
300581;J. Villard;DMF;78;78;0
300602;M. Champreux;DMF;70;70;0
300660;J. Esteves;CF;73;73;0
300663;T. Etchison;RB;72;72;0
30072;H. Drost;CB;69;69;0
30074;Egiluz;CB;70;70;0
300831;E. Mayerl;CF;78;78;0
300928;I. Meale;GK;77;77;0
300992;C. Pires;CB;75;75;0
30108;Paulo Machado;DMF;56;56;0
301091;K. Herzen;CMF;81;81;0
301360;F. Bisset;RMF;80;80;0
301393;D. Lanns;GK;71;71;0
301410;C. Bouix;CMF;68;68;0
301506;T. Yezhov;CF;73;73;0
30163;A. Benítez;RB;70;70;0
301688;L. Chalayev;LB;74;74;0
30186;E. Da Silva;CF;59;59;0
301915;A. Hosseinzadeh;CF;70;70;0
301948;R. Ventura;GK;75;75;0
302008;M. Crocombe;GK;69;69;0
302025;J. Sidqi;CB;66;66;0
302048;F. Berteloot;GK;61;61;0
302056;J. Darlan;CF;70;70;0
30238;Adriano;LB;58;58;0
302573;B. Simatovic;CMF;76;76;0
302643;Bae Jun-Ho;LWF;71;71;0
302654;Y. Leray;CF;74;74;0
302745;B. dos Santos;AMF;74;74;0
302809;D. Višinský;LWF;69;69;0
302830;V. Tavora;LWF;72;72;0
302868;P. Medeiros;AMF;75;75;0
302906;E. Baraja;AMF;77;77;0
302914;A. Yousif;CF;61;61;0
302935;D. Bishop;GK;69;69;0
302949;Rongchang Tao;RB;74;74;0
302956;A. Hamdi;AMF;58;58;0
303004;J. Geria;RB;66;66;0
303138;N. Barouh;GK;74;74;0
30316;P. Stenzel;RB;69;69;0
30324;D. Congré;CB;75;75;0
303286;R. Pessanha;GK;78;78;0
303338;N. Bitencourt;CB;73;73;0
303349;E. Chaux;GK;69;69;0
303350;G. Teixeira;RB;71;71;0
303359;B. Moniz;CF;73;73;0
303371;F. Moniz;GK;72;72;0
303378;Larson;CMF;63;63;0
303384;M. Silvera;CF;71;71;0
303482;M. Alaa;GK;64;64;0
303623;B. Ramírez;RWF;75;75;0
303983;A. Tereshkova;CF;74;74;0
304039;M. Vernier;RB;69;69;0
304128;R. Vaca;AMF;72;72;0
304207;S. Abdul Khaliq;LB;72;72;0
30433;J. Laštůvka;GK;69;69;0
304408;B. Andrade;LMF;73;73;0
304445;A. Goios;RB;73;73;0
304572;D. Figueira;CB;73;73;0
304719;M. Chaynes;CMF;82;82;0
304756;A. York;GK;74;74;0
304824;H. Goios;CF;74;74;0
304895;A. Ocana;LB;72;72;0
305145;S. Valbuena;GK;77;77;0
305208;Yang Hyun-Jun;RWF;72;72;0
305421;J. Aleksic;LMF;80;80;0
305441;M. Tavora;GK;78;78;0
305533;C. Yanis;RWF;68;68;0
305536;A. Andrade;CB;69;69;0
305630;A. Nasib;CB;70;70;0
305631;S. Al-Rosan;CB;67;67;0
305633;M. Abu Zrayq;RWF;66;66;0
305637;M. Abu Taha;LMF;67;67;0
305756;M. Mbokazi;CB;72;72;0
305832;B. Amaral;CB;73;73;0
305834;V. Amaral;LB;70;70;0
305885;R. Vasconcelos;AMF;72;72;0
305895;R. Branco;AMF;74;74;0
305919;F. dos Santos;CF;72;72;0
305920;A. Chaves;GK;77;77;0
305921;I. Almeida;CB;71;71;0
305932;E. Herrera;RB;71;71;0
306131;E. Tovo;CB;65;65;0
306132;E. Cunha;GK;74;74;0
306192;J. Ifans;GK;80;80;0
306435;M. Manai;CMF;60;60;0
306436;I. Laye;CB;65;65;0
306495;A. Chamakh;GK;62;62;0
306502;F. Putros;CB;64;64;0
306512;H. Dabbah;DMF;62;62;0
306534;C. dos Santos;CB;72;72;0
306809;M. Nadir;CF;74;74;0
306996;M. Alvares;RWF;74;74;0
307007;M. Tougai;CB;70;70;0
307223;V. Geoffroy;CB;74;74;0
307324;D. Greggory;CB;74;74;0
307360;M. al Musawwir;RWF;74;74;0
307430;J. Ledoux;RWF;70;70;0
307480;E. Rivero;DMF;63;63;0
307489;T. Charlson;CMF;74;74;0
307535;S. Becket;CB;72;72;0
307625;J. Lora;RB;69;69;0
307653;Matheus Martins;LWF;73;73;0
307659;E. Bitencourt;CMF;71;71;0
307770;R. Redes;RWF;70;70;0
307774;R. Lemos;AMF;73;73;0
307868;M. El Shenawi;GK;74;74;0
307967;G. Sordo;CMF;79;79;0
308032;B. Dias;AMF;75;75;0
308067;M. Bourgine;GK;70;70;0
308069;S. Ben Hessen;GK;63;63;0
308070;E. Saad;LWF;71;71;0
308080;I. Levey;GK;62;62;0
308085;T. Widdows;RWF;64;64;0
308099;N. Alvares;CMF;74;74;0
308109;N. Azevedo;CB;66;66;0
308132;Giseon Ban;CF;60;60;0
308138;S. Figueira;AMF;73;73;0
308152;B. Almeida;RWF;74;74;0
308169;B. Correa;DMF;68;68;0
308176;X. Coelho;GK;73;73;0
308179;Rodrigo Guth;CB;68;68;0
308182;A. Branco;CMF;69;69;0
308265;R. Nawfal;DMF;61;61;0
308267;A. Tayfur;LMF;64;64;0
308268;N. Sadik;LWF;64;64;0
308272;S. Fariduddin;RWF;60;60;0
308277;Y. Djamel;CB;59;59;0
308279;T. Fariji;CB;62;62;0
308336;João Almeida;LB;60;60;0
308345;K. Sebelebele;RB;61;61;0
308353;M. Eca;RB;75;75;0
308449;C. Gois;RB;71;71;0
308482;A. Coelho;LB;74;74;0
308487;G. Cortez;LB;67;67;0
308493;L. Almada;DMF;68;68;0
308508;S. Laquidaín;CB;64;64;0
308520;H. Arca;CB;73;73;0
308521;Murillo;CB;82;82;0
308531;N. Parra;CB;59;59;0
308567;A. Londoño;CF;71;71;0
308625;S. Tounekti;LWF;73;73;0
308735;R. Williams;GK;76;76;0
308753;A. Moreno Paz;CB;64;64;0
308900;C. Burgess;CB;73;73;0
308931;C. Aroca;CF;67;67;0
308987;V. Lvov;CB;73;73;0
309062;I. Albuquerque;LWF;68;68;0
309064;L. Azevedo;CF;70;70;0
309065;C. Melgar;CMF;70;70;0
309125;S. Lyadov;CB;74;74;0
309193;A. Boulbina;LWF;73;73;0
309306;N. Cuzulan;LB;81;81;0
309635;T. Branco;RWF;69;69;0
309756;J. Ortiz;CB;71;71;0
309869;T. Gleize;DMF;72;72;0
309967;G. Iraizoz;SS;73;73;0
310015;M. Lima;CB;69;69;0
310017;N. Lima;GK;65;65;0
31043;V. Casadesús;CF;69;69;0
31044;R. Falcao;CF;70;70;0
31045;Peña;LB;67;67;0
31060;A. Fedetskiy;RB;73;73;0
31308;F. Baldassarra;CMF;65;65;0
31378;A. Masiello;CB;78;78;0
31383;Capel;LWF;58;58;0
31460;R. Schaken;RWF;72;72;0
31463;P. van der Vlag;GK;61;61;0
315533;M. Abdul Qayyum;GK;57;57;0
315537;P. Orgue;LB;70;70;0
315541;A. Choron;SS;72;72;0
315544;D. Londoño;LB;71;71;0
315546;S. Al-Najdi;LB;62;62;0
315552;M. Biereth;CF;76;76;0
319160;A. Morton;RMF;70;70;0
319171;E. Silvio;RMF;76;76;0
319190;A. Jasim;RWF;62;62;0
319191;K. Yakob;AMF;69;69;0
319193;Z. Tahseen;CB;66;66;0
319200;A. Azaizeh;RWF;62;62;0
319205;E. Haddad;RB;66;66;0
319213;Y. Mukhtar;RWF;67;67;0
319214;I. Bahri;RB;61;61;0
319224;Nagyeong Ha;RB;69;69;0
319234;A. Lajami;CB;69;69;0
319241;F. Surman;CB;68;68;0
319243;L. Mayer;AMF;61;61;0
319244;M. Beddington;RB;62;62;0
319249;S. Nasim;CMF;62;62;0
319250;A. Gabr;GK;65;65;0
319275;M. Halevy;CB;66;66;0
319321;G. Lagerbielke;CB;73;73;0
319432;S. Clemenceau;CF;71;71;0
319439;A. Duchaussoy;GK;68;68;0
319448;B. Cross;LB;66;66;0
319465;H. Straw;CB;66;66;0
319571;J. Branco;RB;67;67;0
319572;D. Mina;LB;70;70;0
319584;E. Sequeira;DMF;68;68;0
319586;L. Lima;AMF;71;71;0
3200;C. Kameni;GK;67;67;0
32008;W. Kvist;DMF;56;56;0
320590;Langyan Cui;LB;67;67;0
320608;Junnuo Pan;LMF;68;68;0
320615;U. Yusupov;GK;69;69;0
320626;F. Sayfiev;RB;63;63;0
320633;B. Magness;DMF;60;60;0
320634;J. Hay;CB;63;63;0
320639;O. Pritchard;CF;63;63;0
32069;M. Fofana;CB;67;67;0
320785;B. Zoro;CB;76;76;0
320788;S. Gojer;RB;70;70;0
320789;N. Kljujic;RMF;77;77;0
320811;F. Lemos;DMF;75;75;0
320815;J. Moura;CB;73;73;0
320849;T. Arca;GK;72;72;0
320850;C. Eca;GK;73;73;0
320872;P. Tavora;RWF;75;75;0
320899;J. Bethancourt;CF;69;69;0
320908;J. Eca;AMF;68;68;0
320924;W. Yarbrough;GK;67;67;0
320929;J. Cavadia;CMF;64;64;0
320933;D. Coelho;CF;72;72;0
320937;A. Pereiro;CF;68;68;0
321000;D. Brazil;RB;69;69;0
321003;R. Goss;GK;67;67;0
321018;T. Nadeem;CB;67;67;0
321032;S. Al-Shehri;CF;68;68;0
321102;J. Gaber;DMF;63;63;0
321184;M. Abunada;GK;64;64;0
32135;W. Hennessey;GK;66;66;0
32139;C. Brunt;RMF;60;60;0
32156;G. Lacerda;CB;64;64;0
32160;B. Nivet;AMF;71;71;0
321641;E. Adzem;LB;70;70;0
321663;L. Bitencourt;AMF;71;71;0
32189;S. Sorrentino;GK;78;78;0
32199;F. Quagliarella;CF;62;62;0
321992;V. de van;LMF;75;75;0
322052;A. Maknazi;LB;64;64;0
322067;H. Pequegnot;SS;74;74;0
322085;E. Millet;DMF;67;67;0
322090;H. Mazar;CB;75;75;0
322096;Pedro Miguel;RB;68;68;0
322098;K. Numan;LWF;70;70;0
322104;R. Stewart;CF;71;71;0
322123;O. Ghazanfar;CMF;62;62;0
322131;S. Nieto;RB;69;69;0
322144;G. Ibrahim;LMF;77;77;0
3222;M. Stekelenburg;GK;64;64;0
32220;L. Baines;LB;66;66;0
322307;E. Marchent;RB;75;75;0
32238;M. Compper;CB;76;76;0
322547;J. Zafar;CMF;67;67;0
322556;R. Jiyanov;RWF;65;65;0
322574;P. Vukcic;DMF;79;79;0
32262;A. Circati;CB;72;72;0
322621;A. Sowell;CB;73;73;0
322652;D. Katisic;CB;78;78;0
322698;F. Balaban;CF;75;75;0
322707;T. Abalo;LWF;83;83;0
322919;R. Ataide;AMF;72;72;0
322922;João Pedro;CMF;64;64;0
322947;L. Hernández;LWF;70;70;0
32299;Sherif Ekramy;GK;70;70;0
323036;S. Albuquerque;CB;70;70;0
323066;G. Pretot;RWF;79;79;0
323091;F. Albuquerque;LB;72;72;0
323116;L. Herrington;CB;66;66;0
323214;L. Sumrak;CF;71;71;0
32338;U. Hünemeier;CB;73;73;0
32339;N. Şahin;DMF;62;62;0
32353;L. Otávio;CB;66;66;0
323535;A. Angulo;CB;70;70;0
32354;K. Boateng;AMF;62;62;0
323586;R. Karabegovic;CB;75;75;0
323594;M. Cerveira;CF;69;69;0
323596;F. Siqueira;CF;80;80;0
323754;L. Barbera;AMF;74;74;0
323818;G. Privivkova;CB;74;74;0
323836;R. Mofokeng;LWF;69;69;0
323846;A. Hussein;CF;72;72;0
32385;G. Cahill;CB;66;66;0
32386;J. Ruddy;GK;68;68;0
323863;P. Monckton;GK;70;70;0
32395;S. Lichtsteiner;RB;64;64;0
32440;J. Kusi-Asare;CF;62;62;0
32455;M. Baša;CB;63;63;0
32461;B. Foster;GK;67;67;0
32464;C. Bolaños;RWF;59;59;0
32470;Bruno Gomes;RB;74;74;0
32478;R. M'Bolhi;GK;75;75;0
32498;M. Lacen;DMF;55;55;0
325168;L. Iberico;LWF;68;68;0
325199;J. Vasconcelos;CF;76;76;0
325283;E. Elmalı;LB;75;75;0
325313;O. Lemos;CB;74;74;0
325444;Y. Abdurisag;CF;65;65;0
325468;Y. Hernández;LB;64;64;0
325475;E. Fenton;CF;75;75;0
325486;E. Almada;AMF;74;74;0
325519;A. Abdullahi;CF;58;58;0
325561;O. Amaral;CF;71;71;0
325568;N. Medeiros;SS;71;71;0
32559;J. Moulin;GK;70;70;0
325600;H. Stone;RB;69;69;0
325620;B. Nunes;AMF;73;73;0
32566;Dieguinho;RB;70;70;0
325704;C. Malafaia;GK;78;78;0
325714;Kim Moon-Hwan;RB;69;69;0
32578;K. Mirallas;RWF;64;64;0
325846;I. Mascarenhas;RB;74;74;0
325859;Q. Barbera;AMF;73;73;0
32586;João Miranda;CB;68;68;0
325919;Lee Han-Beom;CB;71;71;0
32595;Bellvís;LB;66;66;0
32598;J. Choplin;CB;69;69;0
326011;Guoke Cao;RB;66;66;0
326921;Shengxiao Xiong;CB;69;69;0
32694;Dani Cárdenas;GK;74;74;0
327012;S. Zakaria;GK;64;64;0
3272;W. Caballero;GK;66;66;0
327278;L. Sara;CB;75;75;0
32764;S. Sirigu;GK;65;65;0
32765;M. Andújar;GK;64;64;0
32773;A. Barillà;CMF;68;68;0
32776;M. Fernández;AMF;60;60;0
32793;J. dos Santos;CMF;70;70;0
32827;J. Ďurica;CB;77;77;0
32844;R. Jarstein;GK;67;67;0
33029;A. Romao;DMF;72;72;0
33041;Yan Couto;RB;77;77;0
33075;L. De Silvestri;RB;69;69;0
33110;D. Soddimo;LMF;72;72;0
33159;R. Beerens;RWF;74;74;0
33167;J. de Guzmán;AMF;59;59;0
33194;Sergio Sánchez;CB;74;74;0
33198;M. Diamé;AMF;74;74;0
33237;David Silva;AMF;71;71;0
33238;Sergio Álvarez;GK;78;78;0
33250;Mario Gila;CB;81;81;0
33258;S. Aluko;RWF;74;74;0
33290;Bruno Alves;CB;64;64;0
33291;T. Mangani;CMF;77;77;0
33301;S. Nanasi;LWF;75;75;0
33307;Jô;CF;59;59;0
33461;R. Raldes;CB;64;64;0
33473;Osvaldo;RWF;68;68;0
33670;C. Tengstedt;CF;72;72;0
33684;R. Leeuwin;CB;72;72;0
33727;Roberto Jiménez;GK;68;68;0
33734;Aduriz;CF;66;66;0
33735;Carlos Álvarez;RWF;77;77;0
33740;Felipe;GK;70;70;0
33804;M. Arcari;GK;64;64;0
33806;G. Perrulli;LMF;65;65;0
33812;F. Missori;RB;64;64;0
33874;F. Aursnes;CMF;80;80;0
33876;V. Mannone;GK;74;74;0
33878;C. Faya;CMF;69;69;0
33887;S. Lovrić;CMF;73;73;0
33901;R. Fellhauer;DMF;75;75;0
33909;L. Pérez;DMF;68;68;0
33920;M. Mcglinchey;LWF;68;68;0
33944;E. Garay;CB;62;62;0
33946;F. Herrera;CB;65;65;0
34004;David Barral;CF;71;71;0
34026;N. Domingo;DMF;74;74;0
34102;G. Ochoa;GK;70;70;0
34126;G. Paletta;CB;62;62;0
34135;A. Nusa;LWF;69;69;0
34140;M. Milligan;DMF;56;56;0
34431;A. Pyatov;GK;67;67;0
34432;B. Džemaili;CMF;59;59;0
34435;V. Stojković;GK;70;70;0
34437;L. Fabianski;GK;74;74;0
34461;J. Ledley;CMF;58;58;0
34489;G. Jara;CB;59;59;0
34494;A. van Peppen;LB;73;73;0
34536;R. Salin;GK;73;73;0
34537;J. Marveaux;DMF;74;74;0
34540;K. Ziani;AMF;54;54;0
34630;A. Federici;GK;61;61;0
34647;H. Bouazza;RWF;69;69;0
34657;P. Jagielka;CB;62;62;0
34680;Cozier-Duberry;RWF;69;69;0
34704;A. Petit Dol;CB;60;60;0
34750;C. Jallet;RB;59;59;0
34781;A. Meyer;GK;74;74;0
34786;V. Odjidja-Ofoe;CMF;76;76;0
34797;I. Malcorra;AMF;75;75;0
34799;José Fonte;CB;63;63;0
34820;B. van Polen;RB;73;73;0
34832;T. Pekhart;CF;66;66;0
34836;M. da Costa;CB;74;74;0
34841;S. Sessègnon;AMF;59;59;0
34848;Z. Aboukhlal;RWF;74;74;0
34850;Juninho;CB;67;67;0
34868;Rui Patrício;GK;70;70;0
34873;Diego Souza;AMF;63;63;0
34881;L. Suárez;CF;78;78;0
34882;J. Timber;RB;84;84;0
34893;J. le Moigne;DMF;70;70;0
34896;D. Bassi;GK;72;72;0
34900;Rafael Sóbis;SS;58;58;0
34905;J. Vertonghen;CB;67;67;0
34915;G. Sardo;RB;72;72;0
34938;T. Berni;GK;68;68;0
34962;P. Nuamah;LWF;63;63;0
34975;Rincón;CB;70;70;0
34979;B. Siegrist;GK;70;70;0
35002;S. Ruffier;GK;68;68;0
35031;H. Guirassy;LWF;71;71;0
35071;T. Hiariej;DMF;74;74;0
35092;Bruno;DMF;66;66;0
35099;C. Fernández;LB;69;69;0
35108;Javi Martínez;CB;70;70;0
35109;Beñat;CMF;64;64;0
35113;Natxo Insa;DMF;71;71;0
35122;Javi Varas;GK;63;63;0
35124;Ó. Trejo;AMF;70;70;0
35129;Miguel Torres;RB;58;58;0
35142;B. Augustyn;CB;71;71;0
35143;B. Sahar;LWF;71;71;0
35180;N. el Zhar;RWF;76;76;0
35184;A. Traoré;LB;70;70;0
35199;M. Fernandes;DMF;72;72;0
35200;L. Mouton;AMF;73;73;0
3522;J. Defoe;CF;63;63;0
35239;D. Mbokani;CF;78;78;0
35244;N. Bertolo;LMF;78;78;0
35250;É. Banega;CMF;75;75;0
35252;M. Ruben;CF;68;68;0
35272;Luiz Adriano;CF;61;61;0
35281;Muriel;GK;71;71;0
35444;E. Arévalo;DMF;76;76;0
35457;M. Torres;AMF;60;60;0
35479;M. Di Gregorio;GK;80;80;0
35481;C. Puggioni;GK;75;75;0
35483;L. Grimi;LB;69;69;0
35487;J. Biabiany;RWF;60;60;0
35500;V. Kavlak;CMF;72;72;0
35504;A. Mannus;GK;71;71;0
35505;J. Evans;CB;61;61;0
35508;K. Lafferty;CF;55;55;0
35509;V. Ćorluka;CB;60;60;0
35514;B. Jokić;LB;74;74;0
35532;S. Defour;CMF;59;59;0
3582;R. van Persie;CF;63;63;0
35878;Lucas Leiva;DMF;63;63;0
3604;A. Aquilani;CMF;58;58;0
36203;M. Suchý;CB;60;60;0
36213;D. Švento;LB;75;75;0
36217;T. Necid;CF;58;58;0
362284;D. Stokes;CB;77;77;0
362623;B. Voljevica;CF;70;70;0
362732;R. Speedman;CB;75;75;0
36309;A. Ríos;CF;70;70;0
36332;C. Théréau;CF;61;61;0
36336;M. Amarfil;CMF;70;70;0
363426;Mo Abualnadi;CB;68;68;0
363433;S. Obaid;LB;63;63;0
363529;C. Mata;GK;62;62;0
363599;M. Amaral;DMF;76;76;0
363644;O. Diomande;CB;81;81;0
363696;A. Bitencourt;AMF;68;68;0
363713;G. Manuel;GK;67;67;0
363722;T. Vasconcelos;LB;79;79;0
363856;I. da Gama;CB;69;69;0
363897;V. Godwin;CF;70;70;0
36396;B. Ivanović;CB;63;63;0
364021;E. Saavedra;RB;65;65;0
364195;H. Pons;CB;70;70;0
36435;T. Hemed;CF;75;75;0
364729;Huoqia Zhou;GK;71;71;0
364825;D. Pessanha;RB;72;72;0
364838;C. Ndiaye;CF;69;69;0
364842;Beila Tan;RWF;75;75;0
364847;A. Sinisterra;GK;60;60;0
364901;K. McLean;DMF;73;73;0
366084;G. Allamand;AMF;71;71;0
366101;P. Beguiristain;CB;74;74;0
366165;D. Murdock;CB;73;73;0
366168;Z. Ethelred;LB;72;72;0
36625;I. Rakitić;CMF;69;69;0
366630;G. Miroglio;CF;70;70;0
366638;J. Chunga;GK;71;71;0
366642;V. Lobo;DMF;69;69;0
366643;R. Atencio;AMF;67;67;0
36665;J. Vásquez;CB;75;75;0
36666;D. Criscito;CB;62;62;0
366669;H. Chaves;LB;72;72;0
36667;M. Coppola;CMF;66;66;0
366800;I. Abreu;LB;67;67;0
366832;C. Jeanneret;LB;66;66;0
366894;A. Sehovic;DMF;74;74;0
366921;L. Meira;CB;71;71;0
366924;K. Ayari;RWF;65;65;0
366982;G. Tarbouriech;DMF;69;69;0
367032;J. Savoy;CB;65;65;0
367038;G. Aubin;CB;66;66;0
367056;M. Ben Ouanes;LB;68;68;0
36706;S. Moya;CB;65;65;0
367061;O. Rekik;CB;64;64;0
367065;B. Hawking;LWF;65;65;0
367078;Dongjian Meng;RB;67;67;0
367079;A. Nemati;LB;67;67;0
367081;M. Ali;CF;69;69;0
367082;M. Torabi;RWF;66;66;0
367083;I. Bayesh;RWF;67;67;0
367090;M. Al-Mardi;LWF;66;66;0
367092;J. Uthman;CB;61;61;0
367099;T. Abo;LB;61;61;0
367100;J. Ishak;GK;59;59;0
367114;Jubaek a;AMF;58;58;0
367121;K. Rahmi;LB;61;61;0
367126;A. Al-Ganehi;CF;67;67;0
367143;M. Obree;GK;64;64;0
367164;I. Bruton;CB;70;70;0
367167;E. Merchant;AMF;71;71;0
367168;K. Luard;LWF;77;77;0
36718;A. Sánchez;CF;75;75;0
36766;Mata;AMF;68;68;0
36776;Riccieli;CB;70;70;0
36807;M. Jørgensen;CB;59;59;0
36816;Sammir;AMF;72;72;0
36821;H. Barcos;CF;69;69;0
368243;A. Truman;CB;63;63;0
36832;G. Gönül;RB;77;77;0
368381;M. Sepúlveda;LMF;70;70;0
36847;F. Frei;CMF;76;76;0
368484;R. Brit;CF;66;66;0
368554;E. Dumfries;LMF;76;76;0
368581;D. Ingram;RMF;64;64;0
36862;Ó. Cardozo;CF;70;70;0
36870;Aythami Artiles;CB;74;74;0
368710;J. Camargo;GK;70;70;0
368718;F. Henriques;RB;72;72;0
368719;V. Manuel;AMF;71;71;0
36873;Codina;GK;69;69;0
36874;Adrián;CMF;60;60;0
36876;Pablo Hernández;AMF;59;59;0
36877;Diego Costa;CF;70;70;0
368776;X. Henriques;CMF;69;69;0
36878;Raúl Fernández;GK;72;72;0
368781;Samuel Xavier;RB;72;72;0
368785;E. Nunes;AMF;73;73;0
36888;M. Cáceres;CB;62;62;0
368896;E. Achouri;LWF;70;70;0
368915;J. Camara;CB;69;69;0
368917;F. Garson;LWF;75;75;0
36893;A. Pearce;CB;73;73;0
36918;Diego Alves;GK;70;70;0
369200;Davi;GK;58;58;0
369208;M. Günok;GK;75;75;0
369209;G. Castelo;CB;71;71;0
369210;M. Cavalcante;SS;68;68;0
369284;J. Krause;CB;75;75;0
369302;L. Usandizaga;CF;63;63;0
369382;H. Vukovic;CB;72;72;0
369416;M. Naseeb;CF;67;67;0
36944;S. Rajković;CB;69;69;0
369441;A. Ben Hamida;LB;61;61;0
369519;B. Finley;GK;57;57;0
369528;S. Valente;AMF;72;72;0
369537;K. Faraj;CB;58;58;0
369565;E. Branco;CMF;72;72;0
369566;G. da Gama;CMF;73;73;0
369675;T. Andrada;CMF;72;72;0
369881;O. Aydın;LWF;74;74;0
369904;J. Pretell;DMF;70;70;0
369922;D. Neves;DMF;79;79;0
369939;R. Almunia;CB;58;58;0
369944;V. Tchemberdji;AMF;73;73;0
369989;N. Pejanovic;CF;74;74;0
370083;M. Neves;LB;71;71;0
370149;J. Aboim;CB;64;64;0
37015;D. Bakar;RWF;69;69;0
37016;V. Muratori;LB;71;71;0
37017;M. Sakho;CB;64;64;0
37018;D. Digard;DMF;70;70;0
370190;Fábio Silva;CF;78;78;0
37021;Y. Sankhare;CMF;64;64;0
37031;M. Dreyer;GK;66;66;0
37032;Y. Benalouane;CB;74;74;0
37035;M. Sissoko;RMF;61;61;0
37036;C. M'Bengue;LB;75;75;0
37047;O. Sissoko;GK;66;66;0
37053;João Victor;CB;72;72;0
37054;A. Raineau;LB;70;70;0
370641;H. Quintana;CMF;71;71;0
370709;A. Fretes;LB;64;64;0
370771;C. Medeiros;CF;64;64;0
370798;N. Vasconcelos;CB;63;63;0
370799;E. Domingues;CMF;67;67;0
370809;P. Branco;CMF;66;66;0
370851;H. Boureau;CF;70;70;0
37087;F. Minerva;LMF;60;60;0
370938;P. Aboim;GK;62;62;0
370940;R. Aboim;LB;66;66;0
370954;A. Mendonca;AMF;68;68;0
370961;I. Melo;DMF;67;67;0
370967;M. Serpa;GK;70;70;0
370981;A. Malafaia;AMF;71;71;0
371001;J. Mata;AMF;65;65;0
371005;R. Henriques;CMF;67;67;0
37114;M. Musacchio;CB;64;64;0
37119;Hugo Ventura;GK;61;61;0
37129;S. Ujkani;GK;73;73;0
37134;N. Cherubin;CB;73;73;0
371342;N. Villarroel;CB;56;56;0
37136;N. Viola;CMF;69;69;0
37144;A. Matri;CF;59;59;0
371495;G. Landreau;RB;75;75;0
37153;F. Moretti;CMF;63;63;0
371557;D. Almeida;CMF;70;70;0
371666;F. Vukcic;CF;73;73;0
37169;M. Rubin;LB;67;67;0
371707;E. Migot;CMF;70;70;0
37174;S. Iacoponi;RB;67;67;0
37185;G. Castro;LWF;60;60;0
37186;Granero;CMF;75;75;0
37197;S. Padoin;CMF;59;59;0
372078;T. Sanches;DMF;74;74;0
372123;G. Ataide;CMF;62;62;0
372417;M. Pérez Guedes;CMF;71;71;0
37250;Leandro Castán;CB;61;61;0
372506;S. Mata;LB;70;70;0
372560;M. Cunha;CMF;66;66;0
37257;P. Tytoń;GK;75;75;0
3726;J. Herrera;GK;75;75;0
37268;A. Paloschi;CF;76;76;0
372696;A. Nogueira;CMF;72;72;0
372701;T. Sadr Aldin;CMF;68;68;0
372709;T. Lemos;CB;70;70;0
37271;A. Bogdán;GK;73;73;0
37274;D. Simpson;RB;59;59;0
37276;S. Leto;LWF;72;72;0
372774;V. Teixeira;GK;66;66;0
372820;R. Jogic;CF;73;73;0
372825;D. Antunes;CB;72;72;0
37284;D. Gosling;CMF;75;75;0
372860;G. Ascanio;LB;58;58;0
37289;J. Steele;GK;73;73;0
37293;C. Günter;RB;59;59;0
37299;D. Cacia;CF;72;72;0
37304;C. Stuani;CF;75;75;0
373054;D. Arboleda;CB;69;69;0
37307;F. Bolzoni;CMF;67;67;0
37323;I. Radovanović;DMF;77;77;0
373323;T. Henriques;DMF;66;66;0
373326;I. Glavinovich;CB;64;64;0
373327;V. Cárcamo;SS;60;60;0
37336;A. Candreva;RMF;66;66;0
37337;M. Isla;RB;70;70;0
373399;Guopin Shen;CF;67;67;0
37343;N. Navarro;GK;70;70;0
37345;F. di Santo;CF;75;75;0
37346;J. Karacan;CMF;66;66;0
373493;S. Abdul Majid;CB;75;75;0
373521;L. Recalde;CB;67;67;0
373552;J. Moniz;CMF;65;65;0
373556;E. Cavalcante;CF;64;64;0
373565;B. Ataide;CMF;64;64;0
37358;Nsue;RMF;72;72;0
373606;A. Betencourt;LWF;69;69;0
373614;L. Bruera;GK;69;69;0
373616;M. Peres;LWF;68;68;0
373951;S. Eca;CMF;66;66;0
37401;A. Kabar;LB;65;65;0
374183;D. Escude;GK;71;71;0
374206;Y. Burtseva;AMF;77;77;0
374211;H. Al-Amin;LB;67;67;0
374247;K. Sema;LMF;70;70;0
374304;N. Al-Rawabdeh;CMF;68;68;0
37431;J. Goossens;LMF;72;72;0
374311;O. Fakhouri;LWF;66;66;0
374318;T. Rodríguez;CF;67;67;0
374319;C. Waterman;CF;70;70;0
374324;J. Samad;CB;59;59;0
374329;J. Dhikrullah;CMF;61;61;0
374339;Unhwan Ga;GK;57;57;0
374346;Sangho Pil;CMF;64;64;0
374347;Byeongju Guk;CMF;63;63;0
37436;T. Matavž;CF;75;75;0
374440;T. Gide;CMF;61;61;0
374451;A. Hemmings;RB;70;70;0
374453;B. Duenas;GK;63;63;0
374470;E. Gemmill;CB;61;61;0
374483;M. Mohebbi;RWF;69;69;0
374488;N. Ramzan;GK;55;55;0
374545;Q. Schonberg;CB;71;71;0
374572;O. Benbout;GK;65;65;0
37511;F. Roncaglia;CB;69;69;0
37522;Nuno Moreira;RWF;72;72;0
37536;K. Asamoah;LB;62;62;0
375480;A. Kavirova;RB;76;76;0
375524;C. Siqueira;CMF;66;66;0
375531;T. Mata;CMF;61;61;0
375611;C. Trujillo;DMF;68;68;0
375618;H. Calcaterra;CMF;65;65;0
375620;P. Andrade;LWF;70;70;0
375659;C. Bautista;GK;60;60;0
375662;N. Pereiro;CF;74;74;0
375720;O. Neves;CMF;66;66;0
375976;M. Goios;CF;63;63;0
37601;O. Merlo;CB;70;70;0
37638;E. Džeko;CF;78;78;0
376471;J. Bolívar;CF;67;67;0
37650;G. Makaridze;GK;69;69;0
376507;F. Moya;CMF;61;61;0
37652;L. Kenia;AMF;70;70;0
376536;D. Meira;DMF;71;71;0
376594;E. Castelo;GK;67;67;0
376648;D. Cavalcante;CMF;63;63;0
376805;E. Teixeira;CMF;65;65;0
376885;V. Lobato;CB;67;67;0
376948;H. Neves;CB;64;64;0
376949;S. Galani;DMF;71;71;0
376950;B. Pessanha;SS;62;62;0
376972;V. Correia;CB;62;62;0
376973;I. Castelo;AMF;63;63;0
377105;M. Raskin;DMF;78;78;0
37715;T. Barry;CF;76;76;0
377184;D. Lacerda;CF;69;69;0
377191;I. Sosa;CMF;70;70;0
377200;O. Peres;LB;67;67;0
377201;G. Azevedo;CB;70;70;0
37721;I. Khune;GK;64;64;0
377271;O. Ngom;DMF;66;66;0
377282;Maurício;AMF;75;75;0
377284;T. Betencourt;RMF;63;63;0
377286;N. Henriques;RB;68;68;0
377323;N. Correia;CMF;60;60;0
377332;H. Meister;CF;69;69;0
377349;C. Pereiro;CMF;61;61;0
377388;S. Akaydın;CB;72;72;0
377689;F. Branco;GK;71;71;0
377789;D. Gül;CF;70;70;0
377869;A. Alaaeldin;CF;67;67;0
378187;J. Correia;AMF;66;66;0
378212;S. Idris;CMF;63;63;0
378216;T. Abdu;CB;61;61;0
378219;W. Mumtaz;CF;63;63;0
378221;S. Ishtiaq;GK;62;62;0
378224;N. As Samad;CB;63;63;0
378229;H. Faroqh;CB;63;63;0
378230;J. Cemal;AMF;63;63;0
378231;M. Tufail;GK;65;65;0
378252;A. Duval;LMF;71;71;0
378253;F. Gachot;CB;70;70;0
378255;M. Rosenstock;GK;70;70;0
378256;J. Buschop;LB;70;70;0
378263;N. bin Fahd;GK;61;61;0
378266;J. Mcbein;CF;66;66;0
378267;E. Churchill;LB;66;66;0
37829;P. Zanev;LB;67;67;0
378292;A. Llinás;CB;72;72;0
378297;M. Nunes;SS;63;63;0
378299;C. Sequeira;AMF;62;62;0
378301;S. Cunha;CF;63;63;0
378315;G. Faria;AMF;62;62;0
378320;P. Bitencourt;GK;67;67;0
378321;A. Domingues;RB;67;67;0
378323;D. Correia;CB;67;67;0
378324;G. Bahia;CB;61;61;0
378325;E. Medeiros;RB;63;63;0
378326;H. Lobo;CB;67;67;0
378338;J. Chalá;CB;65;65;0
378339;A. Pósito;CB;65;65;0
378341;H. Lemos;CMF;57;57;0
378353;M. Lobo;LB;67;67;0
378357;B. Abdul Qadir;RB;70;70;0
378385;E. Wild;CF;63;63;0
378425;G. Dearlove;RB;70;70;0
378430;F. Talib;GK;66;66;0
378431;Z. Iqbal;CMF;67;67;0
378433;A. Al-Hamadi;CF;65;65;0
378434;Akam Hashem;CB;67;67;0
378453;B. Carrere;CF;67;67;0
378455;J. Blasius;GK;60;60;0
378464;T. Maseko;LWF;66;66;0
378471;A. Fatawu;RWF;75;75;0
378481;Q. Vaqueriza;LB;66;66;0
378482;R. de Gante;CB;65;65;0
378504;F. Kordic;CF;72;72;0
378507;G. Nurutdinova;AMF;74;74;0
378508;V. Gravitis;CB;72;72;0
378511;Juyeong Wang;CB;59;59;0
378514;Yeongsu Gwon;CF;61;61;0
378517;Yeongyeon Su;SS;63;63;0
378554;H. Alvares;SS;70;70;0
37862;C. Toselli;GK;69;69;0
37871;A. Ramírez;CMF;55;55;0
37874;Marcos Victor;CB;65;65;0
379200;J. Arancibia;CB;60;60;0
379220;C. Dias;CB;69;69;0
379228;B. Mendonca;SS;71;71;0
37944;Edinho;CF;58;58;0
37951;S. Fletcher;CF;56;56;0
37960;V. Faizulin;CMF;71;71;0
379715;D. Churín;CF;65;65;0
37976;Bruno Bertinato;GK;65;65;0
379768;B. Gois;CB;66;66;0
379793;D. Correa;AMF;67;67;0
37982;E. Stăncioiu;GK;66;66;0
379866;N. Cerveira;SS;67;67;0
379997;C. Benavente;AMF;63;63;0
380002;O. Manuel;CF;63;63;0
38013;Gebre Selassie;RB;59;59;0
380134;Lorran;AMF;65;65;0
380135;J. Antunes;CB;66;66;0
38022;D. Cvitanich;CF;75;75;0
38030;G. Fernández;CF;69;69;0
38036;D. Janmaat;RB;60;60;0
38043;A. Meijers;LB;73;73;0
38055;F. Marchetti;GK;68;68;0
38060;S. Bocchetti;CB;59;59;0
38061;D. di Gennaro;DMF;75;75;0
38072;G. Vives;DMF;72;72;0
38081;K. Gibbs;LB;61;61;0
38087;L. Daniels;GK;66;66;0
38112;Y. Neyou;CMF;75;75;0
38121;H. Matriciani;RB;64;64;0
38124;Míchel;RB;75;75;0
38152;Lora;RB;73;73;0
38169;J. Féret;AMF;76;76;0
38170;M. Obafemi;CF;65;65;0
38175;Ademir;RWF;72;72;0
38179;A. Sangante;CB;74;74;0
38187;G. Prado;RMF;67;67;0
38192;Cleiton;GK;69;69;0
38218;J. Placide;GK;72;72;0
38257;I. Scocco;CF;63;63;0
38269;M. Carrizo;RMF;74;74;0
38274;D. Moreno;CF;75;75;0
38286;G. Bou;CF;78;78;0
38287;J. Forlín;CB;71;71;0
38288;E. Muñoz;CB;69;69;0
38295;Taison;AMF;62;62;0
38323;N. Remberg;DMF;75;75;0
38341;P. Morales;AMF;74;74;0
38346;D. Lovren;CB;63;63;0
38365;A. Dramisino;AMF;64;64;0
38369;N. Belmonte;CB;70;70;0
38381;N. Frey;RB;73;73;0
38387;M. Coda;CF;66;66;0
38390;Lucas Freitas;CB;67;67;0
38395;T. Breukers;RB;69;69;0
38400;Van Wolfswinkel;CF;60;60;0
38403;S. Ferreira;CF;70;70;0
38438;Carlão;CB;73;73;0
38442;E. Rivière;CF;70;70;0
38444;D. Perquis;GK;67;67;0
38452;E. Falkenburg;AMF;73;73;0
38458;K. Vargas;RWF;69;69;0
38462;David Rodríguez;CF;71;71;0
38477;L. Kozák;CF;55;55;0
3848;V. Enyeama;GK;70;70;0
38489;O. Assaidi;LWF;73;73;0
38509;R. Bochi;DMF;66;66;0
38514;M. Galmarini;RB;72;72;0
38531;L. Zingerle;GK;69;69;0
38540;S. Coulibaly;CB;72;72;0
38576;T. Elyounoussi;SS;72;72;0
38587;F. Casarini;DMF;69;69;0
38589;J. Antiste;CF;67;67;0
38593;T. Cleverley;CMF;59;59;0
38604;Walace Falcão;CB;62;62;0
38618;S. Souprayen;LB;72;72;0
38620;Y. Mollo;LWF;74;74;0
38627;O. Giroud;CF;77;77;0
38628;Y. Ravet;RMF;76;76;0
38635;J. Cillessen;GK;69;69;0
38661;C. Matheu;CB;73;73;0
38682;D. Santon;LB;58;58;0
38684;N. Krstičić;CMF;71;71;0
38685;B. Dadín;CF;74;74;0
38706;Balenziaga;LB;61;61;0
38740;C. Grenier;CMF;59;59;0
38742;J. Pied;RMF;74;74;0
38771;V. Nelsson;CB;74;74;0
38779;Parejo;CMF;80;80;0
38785;M. Bunn;GK;73;73;0
38796;T. Alderweireld;CB;68;68;0
38797;D. Blind;CB;76;76;0
38807;R. Sam;CB;65;65;0
38812;A. Osella;CB;67;67;0
38816;João Gomes;CMF;78;78;0
38820;W. López;LB;68;68;0
38831;Tomazella;GK;64;64;0
38837;A. Cissokho;LB;57;57;0
38845;C. Benteke;CF;67;67;0
38852;Z. Savva;RWF;58;58;0
38856;F. Peluso;LB;59;59;0
38859;L. Ariaudo;CB;73;73;0
38869;J. Wiland;GK;56;56;0
38891;O. Bevan;CB;62;62;0
38892;A. Calello;DMF;73;73;0
38906;F. Orellana;RWF;64;64;0
38908;O. Toivonen;CF;58;58;0
38932;Cañas;CMF;71;71;0
38937;G. Kakuta;LWF;78;78;0
38947;A. Dzagoev;CMF;64;64;0
38951;A. Hernández;CF;73;73;0
39023;M. Higashiguchi;GK;59;59;0
39031;H. Yamaguchi;DMF;55;55;0
39161;J. Zoet;GK;68;68;0
39173;Thiago Silva;CB;82;82;0
39183;E. Makeev;LB;71;71;0
39188;Lee Chung-Yong;RWF;76;76;0
39193;D. Subašić;GK;71;71;0
39208;J. Ward;LWF;56;56;0
39217;Rui Fonte;SS;74;74;0
39225;L. Orbán;CB;73;73;0
39241;S. Ward;LB;58;58;0
39249;C. Ikeme;GK;71;71;0
39255;K. Mcdonald;CMF;73;73;0
39277;J. Saihi;DMF;58;58;0
39287;A. Devaux;CMF;71;71;0
39301;B. Fadiga;AMF;64;64;0
39330;P. Glykos;GK;61;61;0
39339;Rafael Thyere;CB;66;66;0
39356;J. Skjelvik;LB;69;69;0
39359;C. Ansaldi;LB;60;60;0
39441;A. Hickey;RB;75;75;0
39469;L. Valenti;CB;69;69;0
39472;A. Abdi;LMF;70;70;0
39498;Ángel;CF;70;70;0
39545;A. Yusupov;CMF;69;69;0
39597;M. Johansson;RB;74;74;0
39602;E. Berisha;GK;66;66;0
39646;G. Colman;CMF;74;74;0
39649;T. Zengin;GK;74;74;0
39650;O. Kivrak;GK;78;78;0
39673;André Luís;CF;70;70;0
3968;R. Weidenfeller;GK;66;66;0
39687;T. Porra;CMF;70;70;0
39700;R. Cereceda;LB;71;71;0
39701;J. Beausejour;LB;60;60;0
39706;A. Segovia;RMF;63;63;0
39718;R. Rosales;RB;77;77;0
39719;S. Rondón;CF;74;74;0
39730;P. Pekarík;RB;75;75;0
39744;Ł. Piszczek;RB;64;64;0
39771;E. Hajsafi;LB;69;69;0
39777;K. Navas;GK;74;74;0
39791;F. Carrizo;DMF;56;56;0
39798;A. Corzo;CB;65;65;0
39926;F. Ayité;LWF;75;75;0
40003;S. Kulenović;CF;70;70;0
4007;M. Da Luz;RMF;67;67;0
40122;R. Lukaku;CF;83;83;0
4013;P. Evra;LB;63;63;0
40176;L. Sigali;CB;72;72;0
40179;Nico González;DMF;81;81;0
40229;M. Destro;CF;61;61;0
40253;R. Zieler;GK;73;73;0
40254;A. Ljajić;SS;62;62;0
40256;N. Etheridge;GK;67;67;0
40259;K. Bartley;CB;75;75;0
40277;David;LWF;69;69;0
40283;S. Coleman;RB;70;70;0
40290;J. Stansfield;CF;70;70;0
40321;B. Moukandjo;CF;60;60;0
40329;M. Saunier;CB;74;74;0
40348;P. Ebert;RWF;70;70;0
40350;J. Boateng;CB;72;72;0
40352;Neymar Júnior;AMF;83;83;0
40353;Ayrton Lucas;LB;74;74;0
40368;A. Seidu;CB;74;74;0
40393;K. Frees;CB;61;61;0
40404;Nélson Oliveira;CF;58;58;0
40406;Beto;GK;64;64;0
40423;D. Perotti;LWF;65;65;0
40425;J. Alba;LB;79;79;0
40426;Míchel;AMF;71;71;0
40455;I. Sosa;CF;70;70;0
40478;J. Ananidze;AMF;74;74;0
40507;A. Lacazette;CF;68;68;0
40510;Idrissa Sylla;CF;74;74;0
40511;Abdoul Camara;LWF;72;72;0
40519;F. Kurto;GK;66;66;0
40520;V. Belec;GK;73;73;0
40524;R. Soriano;CMF;64;64;0
40525;M. Perin;GK;78;78;0
40529;P. Granoche;CF;72;72;0
40532;H. Pérez;RWF;77;77;0
40553;L. Chichizola;GK;72;72;0
40557;F. Delph;CMF;59;59;0
40560;F. Daprelà;LB;71;71;0
40562;J. O'Shea;AMF;68;68;0
40563;J. Hoilett;LMF;72;72;0
40581;C. Obi;CF;65;65;0
4059;M. Brighi;CMF;73;73;0
40601;Wagner;AMF;74;74;0
40607;F. Bardi;GK;74;74;0
40617;J. Gordon;RB;72;72;0
40629;M. Layún;LB;60;60;0
40632;Y. Belhanda;AMF;64;64;0
40663;C. Erbes;CMF;73;73;0
40681;Bruno Tubarão;RWF;66;66;0
40696;R. Gershon;CB;69;69;0
40704;J. Ward;RB;77;77;0
40705;Laguardia;CB;79;79;0
40715;H. Badstuber;CB;60;60;0
40725;N. Otamendi;CB;80;80;0
40740;Baumgartlinger;DMF;59;59;0
40760;Jorge Rodríguez;LMF;73;73;0
40770;K. Ansarifard;CF;74;74;0
40786;C. Wood;CF;81;81;0
40804;Djalma;LMF;72;72;0
40836;L. Krejcí;LWF;58;58;0
40856;Š. Vrsaljko;RB;61;61;0
40862;J. Zoua;CF;70;70;0
40874;B. Schenkeveld;CB;67;67;0
40876;L. Castaignos;CF;56;56;0
40884;M. Tillman;AMF;79;79;0
40887;F. Đuričić;AMF;74;74;0
40937;W. Szczęsny;GK;81;81;0
40957;K. Saláta;CB;70;70;0
40961;K. Babacar;CF;60;60;0
40976;Í. Ávila;SS;74;74;0
40977;C. Ramos;CB;70;70;0
40985;R. Yeboah;CB;65;65;0
40987;J. Karlström;DMF;75;75;0
40988;M. Vidal;GK;64;64;0
40994;A. Diallo;GK;74;74;0
40996;M. Te Wierik;CB;72;72;0
41011;S. Verdi;RWF;61;61;0
41020;Toni Fernández;AMF;65;65;0
41022;Juan Domínguez;CMF;72;72;0
41023;Javi López;RB;76;76;0
41046;R. Nainggolan;CMF;72;72;0
41055;E. Çolak;AMF;62;62;0
41073;Suk Hyun-Jun;CF;75;75;0
41075;G. Barreto;SS;70;70;0
41085;Sergi Enrich;CF;79;79;0
41100;Juanmi;LWF;71;71;0
41112;A. Guédioura;CMF;70;70;0
41120;T. Cairney;CMF;74;74;0
41124;D. Alaba;CB;80;80;0
4113;J. Greaves;CB;74;74;0
41143;Ž. Brkić;GK;72;72;0
41156;S. Šćepović;CF;69;69;0
41161;M. Sánchez;DMF;70;70;0
41174;M. Rojo;CB;73;73;0
41187;Edno;CF;76;76;0
41220;Gil;CB;61;61;0
41224;A. Orión;GK;60;60;0
41227;Dênis;GK;72;72;0
41253;R. Revoredo;RB;71;71;0
41275;J. Insaurralde;CB;70;70;0
41277;J. Quiroga;LB;67;67;0
41281;N. Guzmán;GK;64;64;0
41286;F. Falcone;CF;70;70;0
41295;C. Lema;CB;72;72;0
41334;M. Romero;CB;72;72;0
41424;F. Seymour;CMF;70;70;0
41465;P. Garcés;GK;74;74;0
41468;F. Silva;DMF;60;60;0
41485;G. Sepúlveda;DMF;60;60;0
41504;M. Díaz;GK;77;77;0
41513;J. Bauman;CF;69;69;0
4152;W. Rooney;AMF;63;63;0
41520;G. Díaz;RB;73;73;0
41527;F. Tobio;CB;68;68;0
41537;R. Álvarez;AMF;59;59;0
41542;H. Canteros;CMF;73;73;0
41550;M. Fritzler;DMF;75;75;0
41553;C. Menéndez;CF;72;72;0
41570;P. González;CMF;70;70;0
41571;L. Balbi;LB;71;71;0
41597;R. Ramírez;CF;70;70;0
41603;D. Contento;LB;76;76;0
41604;M. Ekici;AMF;74;74;0
41609;A. Abdennour;CB;57;57;0
41650;V. Hernández;AMF;71;71;0
41686;D. Muñoz;RB;82;82;0
41688;K. Mier;GK;75;75;0
41708;L. Burián;GK;69;69;0
41722;F. Píriz;DMF;74;74;0
41772;M. Abero;LB;74;74;0
4178;S. Malbranque;CMF;72;72;0
41849;B. Natcho;CMF;75;75;0
41865;E. Giaccherini;RMF;59;59;0
41889;Y. el Arabi;CF;78;78;0
41895;O. Coulibaly;RB;69;69;0
41901;C. Merville;GK;64;64;0
41904;J. Chotard;DMF;73;73;0
41908;T. Ayasse;DMF;70;70;0
42044;R. Bergkamp;CF;65;65;0
42062;A. Mazzotta;LB;69;69;0
42063;D. Mesbah;LB;72;72;0
42105;I. Torres;LMF;72;72;0
42179;G. Achilier;CB;71;71;0
42234;E. Dreer;GK;71;71;0
42247;W. Reid;CB;65;65;0
42249;T. Smith;CB;64;64;0
42278;Camacho;CMF;72;72;0
42304;Mexer;CB;60;60;0
42321;Héctor Rodas;CB;68;68;0
42322;Kiko Femenía;RB;74;74;0
42345;Kléber;CF;56;56;0
42346;Alesson;LWF;72;72;0
42353;G. Hanley;CB;70;70;0
42402;Josué;AMF;75;75;0
42404;B. Linssen;LWF;73;73;0
42408;P. Kasami;CMF;55;55;0
42424;G. Xhaka;DMF;85;85;0
42434;L. Ulloa;CF;57;57;0
42448;J. Skalák;LMF;70;70;0
42450;H. Tekin;GK;75;75;0
42460;A. Ademi;DMF;73;73;0
42464;Ramalho;CB;70;70;0
42473;Guilherme;RMF;70;70;0
42475;B. Rienstra;CMF;73;73;0
42485;Alberto Perea;RWF;67;67;0
42494;T. Beugelsdijk;CB;72;72;0
42499;D. Boyko;GK;78;78;0
42509;Ernesto Galán;RB;68;68;0
42516;Sergio Álvarez;CMF;75;75;0
42517;Juan Muñiz;LMF;68;68;0
42534;Aníbal Capela;CB;72;72;0
42549;J. Guðmundsson;RWF;58;58;0
42554;R. Bengtsson;CB;75;75;0
42557;Luna;LB;75;75;0
42559;R. Sottil;LWF;74;74;0
42575;I. Gueye;DMF;79;79;0
42578;J. Ayew;RWF;69;69;0
42585;R. Soumah;LMF;66;66;0
42588;K. Malcuit;RB;77;77;0
42622;A. Morleo;LB;70;70;0
42631;R. Martinho;LMF;70;70;0
42649;Angelo da Costa;GK;71;71;0
42650;Pedro Obiang;CMF;77;77;0
42664;S. Mignolet;GK;68;68;0
42676;Bruno César;LWF;77;77;0
42681;Rômulo;CMF;58;58;0
42686;M. Caruzzo;CB;75;75;0
42694;L. Marín;RB;73;73;0
42698;K. Jappert;CB;69;69;0
42702;R. Fernández;AMF;72;72;0
42721;Jesús Corona;RWF;61;61;0
42727;A. Rudko;GK;75;75;0
42746;D. Bottinelli;AMF;72;72;0
42751;E. Mena;LB;71;71;0
42752;F. Mallo;CB;74;74;0
42806;C. Bakambu;CF;75;75;0
42808;C. Cathcart;CB;75;75;0
42816;L. Cavanda;RB;71;71;0
42829;F. Jozefzoon;LWF;72;72;0
42849;G. Perico;RB;69;69;0
42854;Alerrandro;CF;71;71;0
42865;Illarramendi;DMF;62;62;0
42870;Nolito;LWF;63;63;0
42874;Nacho;CB;66;66;0
4288;J. Bréchet;CB;73;73;0
42892;Sergi Roberto;RB;76;76;0
42895;Léo;CB;72;72;0
42898;Lucas Moura;RWF;75;75;0
42907;Marcel Büchel;CMF;72;72;0
42916;M. Phillips;RMF;77;77;0
42936;G. Toledo;RB;72;72;0
4295;R. Vercoutre;GK;62;62;0
42952;G. Peruzzi;RB;75;75;0
42999;J. Iglesias;AMF;65;65;0
43004;C. Ortiz;CMF;67;67;0
43006;R. Funes Mori;CB;69;69;0
43023;A. Weimann;LWF;71;71;0
43026;D. Brooks;RWF;76;76;0
43032;A. Guie Gneki;CF;56;56;0
43034;I. Strinić;LB;59;59;0
43076;R. Varane;CB;65;65;0
43078;L. Néry;RB;66;66;0
43082;N. Adjei;CB;70;70;0
43086;G. Oristanio;AMF;73;73;0
43093;A. Confente;GK;67;67;0
43106;Nacho Cases;CMF;74;74;0
43121;Kaká;CB;69;69;0
43131;Dani Lorenzo;AMF;72;72;0
43154;N. Redmond;LWF;61;61;0
43166;M. Doherty;RB;74;74;0
43178;C. Egan-Riley;CB;75;75;0
43193;E. Cirigliano;DMF;69;69;0
4320;F. Coppola;GK;56;56;0
43202;Neto;GK;72;72;0
43212;U. Ćosić;CB;75;75;0
4325;C. Terzi;CB;73;73;0
43266;K. Stafylidis;LB;57;57;0
43271;L. Camp;GK;71;71;0
43336;R. Jenssen;CMF;72;72;0
43380;A. Domínguez;GK;68;68;0
4339;D. Dainelli;CB;76;76;0
43414;N. Bodurov;CB;64;64;0
43421;G. Sigurðsson;AMF;64;64;0
43422;B. Bjarnason;CMF;78;78;0
43441;Rodriguinho;AMF;64;64;0
43444;D. Schwaab;CB;77;77;0
43447;F. Giefer;GK;70;70;0
43469;O. Buff;CMF;70;70;0
43476;D. Hernández;GK;72;72;0
43635;G. Prósperi;RB;71;71;0
43641;N. Berardo;LB;73;73;0
43643;A. Mirbach;GK;60;60;0
43680;D. Reyes;CB;79;79;0
43694;Gabriel;GK;70;70;0
43746;Mariano;RB;64;64;0
43747;D. Washington;CF;69;69;0
43755;I. Damonte;DMF;78;78;0
43756;S. Torrico;GK;74;74;0
43761;S. Lencina;LMF;77;77;0
43777;Rafael Marques;CB;71;71;0
43786;Fernando;DMF;59;59;0
43792;M. Fernández;AMF;70;70;0
43798;S. Ramos Mingo;CB;74;74;0
43812;A. Gabbarini;GK;72;72;0
43813;P. Rodríguez;AMF;74;74;0
43814;F. Mancuello;CMF;69;69;0
43816;L. Sequeira;RWF;69;69;0
43888;M. Porcel;AMF;64;64;0
43909;M. Castro;GK;66;66;0
43933;H. Henao;DMF;74;74;0
43949;B. Guille;LWF;64;64;0
43951;A. Melean;CB;63;63;0
43968;M. Guevgeozián;CF;74;74;0
43970;J. Lucero;CF;71;71;0
43976;Rafael;GK;62;62;0
43979;Robinho;AMF;77;77;0
43985;Alex Sandro;LB;76;76;0
43989;Danilo;CB;76;76;0
43990;K. Harbottle;LWF;69;69;0
43998;F. Saavedra;RWF;68;68;0
44000;G. Villagra;DMF;70;70;0
44008;E. Lobos;GK;72;72;0
44023;P. Gallese;GK;74;74;0
44037;A. Aguerre;GK;70;70;0
44039;Fer Niño;CF;72;72;0
44043;E. Zahavi;AMF;74;74;0
44049;F. Gardoş;CB;73;73;0
44060;Pedrinho;RB;72;72;0
44064;Ricardo Nunes;GK;73;73;0
44085;Diogo Amado;DMF;72;72;0
4409;G. Gemiti;LB;70;70;0
4410;D. Pizarro;DMF;57;57;0
44104;J. Oblak;GK;88;88;0
44107;André Micael;CB;69;69;0
44142;Baiano;RB;74;74;0
44145;Cássio;GK;74;74;0
44156;David Simão;AMF;72;72;0
44171;S. Oliveira;CMF;72;72;0
44176;Wilson Eduardo;LWF;73;73;0
44181;Jardel;CB;63;63;0
44184;L. Halter;CB;72;72;0
44187;Gabriel Poveda;CF;66;66;0
44211;Marafona;GK;65;65;0
44212;Neto Pessoa;CF;66;66;0
44223;Bruno Braga;AMF;71;71;0
44224;Lionn;RB;72;72;0
44226;Cicero;CF;69;69;0
44228;M. Belloumi;RWF;73;73;0
44245;A. Elanga;RWF;79;79;0
44270;Gottardi;GK;73;73;0
44272;Guilherme;LWF;72;72;0
44279;D. Viera;CB;74;74;0
44280;L. Galeano;CB;74;74;0
44333;M. Shafy;LB;72;72;0
44348;A. Jali;DMF;69;69;0
44354;K. Barbarouses;CF;67;67;0
44392;D. Opare;RB;58;58;0
44411;R. Vitiello;CB;71;71;0
44415;Salva Sevilla;AMF;73;73;0
44416;Chechu Dorado;CB;69;69;0
44423;R. Arias;CB;66;66;0
44426;Juli;SS;69;69;0
44427;Tito;RB;74;74;0
44429;Dani Giménez;GK;72;72;0
44432;A. Arribas;CB;74;74;0
44434;B. Dja Djédjé;RB;78;78;0
44437;S. Loubao;CF;56;56;0
44445;M. Saka;AMF;62;62;0
44449;R. Nteka;AMF;70;70;0
44450;F. Berenguer;LWF;69;69;0
44451;A. Bamba;CB;68;68;0
44454;É. Bauthéac;LWF;74;74;0
44466;Paulo Lopes;GK;70;70;0
44480;Nuno Henrique;CB;69;69;0
44494;D. Rudd;GK;73;73;0
44495;W. Hoolahan;AMF;59;59;0
44498;C. Martin;CF;72;72;0
44504;J. Steer;GK;65;65;0
44527;B. André;DMF;80;80;0
44532;D. Oberhauser;GK;63;63;0
44550;Vitão;CB;75;75;0
44560;J. Allen;CMF;59;59;0
44588;G. Gigliotti;CB;67;67;0
44591;G. Zacchi;GK;62;62;0
44600;J. Bahebeck;CF;71;71;0
44609;Álvaro González;CB;78;78;0
44634;Mikel Rico;CMF;55;55;0
44637;A. Nyom;RB;71;71;0
44643;P. Almqvist;RWF;71;71;0
44654;W. Boly;CB;73;73;0
44656;C. Da Costa;LMF;71;71;0
44662;E. Tchato;RB;70;70;0
44667;Arlind Ajeti;CB;72;72;0
44676;F. Acerbi;CB;83;83;0
44678;C. Wickham;CF;74;74;0
44679;N. Williams;LB;80;80;0
44682;Rodrigo Muniz;CF;76;76;0
44683;A. Matthews;RB;70;70;0
44685;S. Mustafi;CB;68;68;0
44687;O. Özyakup;CMF;79;79;0
44689;B. Johnson;CMF;73;73;0
44694;M. Amougou;CMF;71;71;0
44702;R. Barkley;CMF;77;77;0
44705;L. Maina;LWF;73;73;0
44711;R. Cáseres;CB;65;65;0
44712;A. Tamata;LB;70;70;0
44725;Eric Botteghin;CB;63;63;0
44726;M. Seuntjens;AMF;72;72;0
44728;A. Pilkington;CF;72;72;0
44729;K. Frei;LMF;73;73;0
44742;K. Jansen;CMF;70;70;0
44748;D. Ricardo;CB;71;71;0
44761;R. Ibarra;RMF;69;69;0
44766;R. Christie;CMF;78;78;0
44770;A. Vellios;CF;71;71;0
44794;N. Ravaglia;GK;69;69;0
44814;M. van Duinen;CF;73;73;0
44840;V. Van Dijk;CB;88;88;0
44852;Kelvin;RWF;74;74;0
44856;F. Rinaudo;DMF;74;74;0
44890;A. Ba;CB;71;71;0
44903;Nildo Petrolina;LWF;70;70;0
44922;A. Facchini;GK;70;70;0
44941;Ramon;LB;70;70;0
44977;Mella;LWF;73;73;0
44991;Marcelo;CB;74;74;0
45004;Fabiano;GK;62;62;0
45028;Sabino;CB;72;72;0
45046;E. Pisano;RB;73;73;0
45049;B. Rodríguez;LWF;76;76;0
45051;N. Sansone;SS;63;63;0
45071;G. Pezzella;CB;73;73;0
45078;D. Léon;GK;76;76;0
45079;T. Arokodare;CF;76;76;0
45081;H. Diarra;CMF;77;77;0
45084;T. Guerbert;AMF;68;68;0
45085;B. Reynet;GK;77;77;0
45089;L. Digne;LB;80;80;0
45090;K. Doumbia;AMF;75;75;0
45094;J. Maja;CF;70;70;0
45096;M. Deplagne;RB;74;74;0
45099;J. Martin;CMF;74;74;0
45111;M. Coulibaly;CMF;73;73;0
45113;D. Foulquier;RB;72;72;0
45124;N. Collins;CB;79;79;0
45127;R. Bertrand;LB;62;62;0
45129;B. Murphy;GK;66;66;0
45137;W. Gnonto;RWF;74;74;0
45139;S. Taïder;CMF;58;58;0
45141;C. Battocchio;CMF;66;66;0
45142;T. Fruk;AMF;77;77;0
45153;R. Trashorras;CMF;73;73;0
45157;Campaña;CMF;73;73;0
45158;Dani Jiménez;GK;66;66;0
45160;D. Bulthuis;LB;74;74;0
45173;S. Meïté;DMF;75;75;0
45176;S. Haller;CF;59;59;0
45181;A. Faye;CB;71;71;0
45182;J. Akpa-Akpro;CMF;72;72;0
45193;L. Lezzerini;GK;64;64;0
45204;E. Manu;LWF;70;70;0
45205;A. Achahbar;CF;71;71;0
45208;T. Kalas;CB;68;68;0
45216;E. Soudani;RWF;74;74;0
45227;I. Diomandé;DMF;75;75;0
45247;J. Branthwaite;CB;79;79;0
45254;J. Freytes;CB;71;71;0
4526;R. Quaresma;RWF;62;62;0
45270;C. Coady;RB;69;69;0
45278;C. Dawson;RB;76;76;0
45286;A. Dieng;DMF;73;73;0
45292;N. Törnqvist;GK;73;73;0
45312;A. Nukan;CB;64;64;0
45313;Luís Martins;LB;72;72;0
45317;B. Jatta;RMF;70;70;0
45330;S. Umtiti;CB;66;66;0
45334;F. Vázquez;AMF;75;75;0
45338;B. Dieng;CF;74;74;0
45339;S. Peeters;DMF;74;74;0
45358;K. Zenón;LWF;72;72;0
45365;G. Bushchan;GK;71;71;0
45372;D. Huseinbašić;CMF;72;72;0
45384;Isaac Cuenca;RWF;58;58;0
45386;Bigas;CB;76;76;0
45390;R. Mohammed;CB;59;59;0
45393;D. Klaassen;AMF;66;66;0
45404;J. Ferri;CMF;74;74;0
45408;João Amorim;RB;69;69;0
45454;N. Arena;CB;66;66;0
45458;D. Ward;GK;71;71;0
45462;K. Roofe;RMF;69;69;0
45467;É. Lira;DMF;77;77;0
45472;M. Sordell;CF;67;67;0
45497;S. Strandberg;CB;69;69;0
45506;Fabrício;LB;70;70;0
45507;Gilberto;CF;67;67;0
45514;César;GK;71;71;0
45583;G. Blanco;CF;72;72;0
45593;F. Lértora;CMF;74;74;0
45597;D. Braghieri;CB;76;76;0
45600;F. Cerro;CMF;72;72;0
45610;D. Vaca;GK;70;70;0
45640;Dedé;CB;74;74;0
45647;C. Tassano;CB;64;64;0
45648;N. Darvich;AMF;67;67;0
45650;Lucas Copado;RWF;65;65;0
45662;M. Ríos;RMF;67;67;0
45667;Á. Henríquez;CF;72;72;0
45668;I. Machuca;LWF;71;71;0
45669;M. Di Cesare;CB;74;74;0
45673;O. Murillo;CB;79;79;0
45674;F. Armani;GK;74;74;0
45675;F. Díaz;LB;75;75;0
45678;S. Pérez;DMF;77;77;0
45679;C. Vargas;GK;63;63;0
45685;J. Quintero;AMF;76;76;0
45690;L. Angulo;LWF;71;71;0
45755;L. Civelli;LB;74;74;0
45771;Enrique Meza;CB;72;72;0
45780;B. Ndiaye;CMF;64;64;0
45802;Á. Montoro;LWF;73;73;0
4583;F. Sanguinetti;GK;72;72;0
45868;R. Ortiz;DMF;70;70;0
45874;M. Koné;CMF;74;74;0
45886;Alison;DMF;69;69;0
45893;A. al Shenawy;GK;73;73;0
45895;Ahmed Dewidar;CB;72;72;0
45902;J. Goda;GK;70;70;0
45944;M. Reus;LWF;70;70;0
45947;A. Bjelland;CB;73;73;0
45948;J. Okore;CB;72;72;0
45953;B. Butko;RB;75;75;0
45955;Cícero;CMF;57;57;0
45964;Rodrigo Caio;CB;61;61;0
45968;Leonardo;GK;62;62;0
45982;M. Boxall;CB;71;71;0
45984;M. Rojas;RWF;72;72;0
45985;E. Emenike;CF;74;74;0
45992;L. Giannetti;CB;69;69;0
45998;A. Rentería;CF;73;73;0
46003;M. Verratti;CMF;71;71;0
4601;S. Parker;CMF;54;54;0
46025;Jádson;CMF;70;70;0
46028;Réver;CB;61;61;0
46032;Renan Ribeiro;GK;73;73;0
46037;Bernard;LWF;73;73;0
46038;Fillipe Soutto;CMF;69;69;0
46057;B. van Hintum;LB;72;72;0
46061;Jesper Drost;AMF;69;69;0
46153;F. Magri;CF;72;72;0
46174;Guilherme;DMF;77;77;0
46206;Guilherme L.;LB;69;69;0
46221;Matheuzinho;AMF;71;71;0
46228;A. Balzano;RB;71;71;0
46229;S. Romagnoli;CB;72;72;0
46233;R. Maniero;CF;69;69;0
46235;L. Insigne;LWF;70;70;0
46240;Felipe;CB;62;62;0
46244;K. Tzolakis;GK;79;79;0
46259;S. Suciu;CMF;66;66;0
46303;Gabriel;AMF;67;67;0
46305;Mádson;RB;71;71;0
46326;Willian Rocha;CB;66;66;0
4636;D. Srna;RB;61;61;0
46391;Vaná;GK;72;72;0
46418;Licá;RWF;72;72;0
46453;Camutanga;CB;67;67;0
46455;Bruno Moreira;CF;74;74;0
46461;M. Tacalfred;CB;70;70;0
46477;F. Harek;CB;70;70;0
46487;F. Thauvin;RWF;82;82;0
46511;H. Robson-Kanu;CF;56;56;0
46514;S. Cummings;RB;68;68;0
46531;A. Lallana;CMF;67;67;0
46538;J. Stephens;CB;74;74;0
46541;D. Odoi;RB;72;72;0
46545;S. Dyakov;DMF;70;70;0
46546;G. Milanov;AMF;74;74;0
46555;V. Găman;CB;75;75;0
46564;V. Darida;CMF;71;71;0
46570;Y. Yotún;CMF;72;72;0
46576;P. Pemberton;GK;72;72;0
46579;Y. Tejeda;DMF;55;55;0
46602;R. Almer;GK;63;63;0
46604;H. Lindner;GK;70;70;0
46637;M. Icardi;CF;79;79;0
46642;Van Der Brempt;RB;72;72;0
46650;L. Unnerstall;GK;68;68;0
46665;Bustos;DMF;66;66;0
46667;Hugo Mallo;RB;62;62;0
46670;Toni;RWF;68;68;0
46673;Víctor Pérez;CMF;71;71;0
46679;A. Rebrov;GK;74;74;0
46722;A. Dioussé;DMF;69;69;0
46727;J. Palmieri;LB;77;77;0
46731;Rúben Ribeiro;AMF;73;73;0
46737;F. Hanin;LB;71;71;0
46747;Gêgê;RB;70;70;0
46752;Fabiano;RB;71;71;0
46761;Paulo Oliveira;CB;76;76;0
46812;Igor Julio;CB;75;75;0
46825;E. Can;CB;81;81;0
46828;Paco Alcácer;CF;62;62;0
46832;Juan Carlos;AMF;66;66;0
46833;Jonathan Viera;LWF;64;64;0
46849;Garry Rodrigues;RMF;74;74;0
46854;M. van der Hart;GK;70;70;0
46857;T. Lam;DMF;68;68;0
46858;T. Kongolo;CB;63;63;0
46859;T. Vilhena;CMF;64;64;0
46860;O. Elabdellaoui;RB;59;59;0
46881;N. Bertrams;GK;63;63;0
46888;N. Röseler;CB;71;71;0
46897;A. Oviedo;CF;68;68;0
46910;M. Trotta;CF;75;75;0
46926;J. Kalulu;LB;67;67;0
46931;S. Carruthers;CMF;65;65;0
46942;F. Agu;LB;74;74;0
46952;O. Sow;RWF;72;72;0
46959;Martinelli;DMF;76;76;0
46981;I. Kutepov;CB;74;74;0
46989;M. Kudus;RWF;81;81;0
46990;C. Rivera;DMF;69;69;0
46992;I. Poveda;RWF;69;69;0
46994;K. Mutandwa;CF;59;59;0
46996;S. Prcić;CMF;75;75;0
47005;Ahmed Hegazi;CB;74;74;0
47006;I. M'Baye;RB;72;72;0
47007;A. Duncan;CMF;72;72;0
47008;S. Longo;CF;72;72;0
47016;A. Mccarthy;GK;74;74;0
47023;S. Morrison;CB;72;72;0
47046;A. Thomasson;CMF;81;81;0
47053;N. Marinakis;RB;65;65;0
47061;M. Bruno;AMF;73;73;0
47068;M. Lowton;RB;76;76;0
47070;L. Shaw;LB;79;79;0
47076;A. Cornelius;CF;57;57;0
47083;P. Vlachodimos;RWF;72;72;0
47086;S. Uçan;AMF;74;74;0
47098;P.deligiannidis;LB;65;65;0
47100;J. Medina;DMF;58;58;0
47128;Rafael Tolói;CB;71;71;0
47129;João Schmidt;DMF;70;70;0
47132;C. Volpato;RWF;72;72;0
47134;S. Perciun;CMF;59;59;0
47135;S. Doukara;CF;69;69;0
47147;D. Roef;GK;69;69;0
47163;V. Fischer;LWF;58;58;0
47175;O. Kouassi;CB;61;61;0
47190;A. Romagnoli;CB;82;82;0
47195;A. Gomis;GK;74;74;0
47196;Willyan;AMF;67;67;0
47204;B. Balaj;CF;70;70;0
47210;V. Sasso;CB;73;73;0
47221;V. Viola;SS;72;72;0
47224;Frederico V.;CB;72;72;0
47225;A.kanibolotskiy;GK;70;70;0
47238;N. Clyne;RB;70;70;0
47240;R. Spiegel;GK;66;66;0
47243;G. Duarte;RWF;68;68;0
47246;L. Palavecino;CMF;60;60;0
47248;Léo Baptistão;CF;61;61;0
47249;Javi Ros;CMF;70;70;0
47250;Adrián;GK;72;72;0
47251;Vivian;CB;82;82;0
47262;Javi Manquillo;RB;74;74;0
47267;David Carmo;CB;74;74;0
47272;T. Tzandaris;DMF;69;69;0
47276;A. Bosetti;CF;72;72;0
47277;D. del Fabro;CB;68;68;0
47288;C. Chambers;CB;58;58;0
47298;José Mari;DMF;70;70;0
47305;D. Machís;CF;74;74;0
47307;D. Verbeek;LWF;69;69;0
47335;V. Eysseric;AMF;61;61;0
47336;M. Hassen;GK;71;71;0
47375;J. Egan;CB;72;72;0
47412;M. Goicoechea;GK;67;67;0
47415;A. Alonso;CF;66;66;0
47427;C. N'Jie;LWF;78;78;0
47432;Ricardo Esgaio;RB;73;73;0
47440;Víctor Álvarez;LB;74;74;0
47443;J. Boëtius;LWF;60;60;0
47445;B. Bouanani;RWF;74;74;0
47456;Luciano;CF;74;74;0
47472;Alisson;AMF;75;75;0
47523;Roger Martí;CF;72;72;0
47527;R. Rodin;CF;59;59;0
47532;N. Goitea;CB;62;62;0
47540;Rafael Santos;GK;63;63;0
47542;João Mário;CMF;64;64;0
47547;L. Rose;CB;72;72;0
47550;K. Johnsson;GK;69;69;0
47566;M. Viña;LB;73;73;0
47576;N. de Préville;CF;61;61;0
47579;Hernani;RWF;74;74;0
47582;A. Donatti;CB;72;72;0
47594;R. Botta;AMF;73;73;0
47596;M. Vincentini;GK;63;63;0
4761;A. Aguilar;DMF;57;57;0
47631;A. Zabolotnyi;CF;69;69;0
47632;A. Waris;CF;58;58;0
47633;V. Krapyvtsov;GK;64;64;0
47645;B. Garré;RMF;68;68;0
47653;D. Giraldo;DMF;68;68;0
47658;G. Sio;CF;60;60;0
47664;Kauã Santos;GK;71;71;0
47670;Pablo Ínsua;CB;75;75;0
47675;M. Bianqui;CMF;65;65;0
47701;P. Daka;CF;68;68;0
47705;M. Brouwer;GK;63;63;0
47707;B. Salamon;CB;75;75;0
47723;A. Vega;LWF;77;77;0
47725;Y. Sylla;DMF;72;72;0
47747;R. Naranjo;GK;70;70;0
47759;Giovane;CF;71;71;0
47764;J. Rebolledo;CMF;66;66;0
47775;D. Silva;AMF;70;70;0
47785;J. Stones;CB;82;82;0
47795;S. Rodríguez;AMF;72;72;0
47807;T. Jedvaj;CB;59;59;0
47813;M. Zaldivia;CB;73;73;0
47814;D. Benedetto;CF;71;71;0
47826;R. Cáseres;SS;67;67;0
47830;L. Magallán;CB;73;73;0
47832;S. Palacios;RWF;72;72;0
47835;S. Vergini;CB;72;72;0
47836;R. Rey;GK;75;75;0
47837;R. Sosa;SS;75;75;0
47842;G. Ortíz;CB;72;72;0
47844;M. Pérez;CMF;70;70;0
47846;F. Muñoz;SS;70;70;0
47871;Yago;CB;69;69;0
47873;Marcos;GK;65;65;0
47877;R. Quijada;LB;67;67;0
47907;R. César;SS;70;70;0
47911;G. Costantini;CMF;60;60;0
47912;C. de Pena;LMF;65;65;0
47923;C. Cortés;AMF;69;69;0
47929;L. Gómez;CMF;65;65;0
47930;V. Huerta;CB;70;70;0
47933;J. García;RB;74;74;0
47935;N. Crovetto;LB;69;69;0
47941;L. Amadé;GK;69;69;0
47952;B. Vejar;LMF;71;71;0
47954;F. Reynero;RWF;69;69;0
47956;D. Llanos;CF;68;68;0
47959;B. Cortés;GK;74;74;0
47976;E. Moreno;CF;69;69;0
47988;C. Vargas;GK;75;75;0
47992;R. Sánchez;GK;68;68;0
47999;D. Torres;DMF;72;72;0
48056;V. Cuesta;CB;73;73;0
48119;H. Calcaterra;CMF;74;74;0
48129;L. Díaz;LWF;88;88;0
4871;V. di Cesare;CB;69;69;0
4882;J. Milner;CMF;73;73;0
4918;W. Sneijder;AMF;65;65;0
4920;R. Zwinkels;GK;72;72;0
4949;A. Mcgregor;GK;62;62;0
5069;M. Pinilla;CF;59;59;0
51507;A. Dhikrullah;CB;72;72;0
51508;S. Allah;AMF;70;70;0
51510;Y. Fayiz;CF;69;69;0
51511;R. Villagra;DMF;73;73;0
51515;J. Corrales;RB;72;72;0
51517;R. Spincic;AMF;74;74;0
51521;O. Speedman;CF;70;70;0
51523;S. Macintyre;CB;69;69;0
51525;T. Falkner;CF;69;69;0
52318;P. Hill;CB;72;72;0
52319;E. Gribbin;CB;69;69;0
52320;L. Royal;CB;68;68;0
52321;T. Asquith;LB;72;72;0
52322;F. Macy;DMF;71;71;0
52324;A. Simpson;AMF;74;74;0
52325;E. Annis;AMF;74;74;0
52326;J. Toshack;CF;74;74;0
52329;E. Trimmer;CB;66;66;0
52330;F. Harden;RB;74;74;0
52889;E. Jenkinson;GK;55;55;0
52890;O. Ingram;CB;70;70;0
52891;T. Lumley;CB;71;71;0
52897;H. Kemp;RMF;73;73;0
52898;H. Catley;CF;66;66;0
52899;C. Simons;CF;70;70;0
52902;G. Ellis;CB;71;71;0
52905;M. Portes;CMF;71;71;0
52907;A. Newey;LMF;69;69;0
52909;M. Hockney;GK;57;57;0
52911;J. Sharkey;CB;68;68;0
52912;N. Heywood;DMF;73;73;0
52919;M. Rayner;CF;70;70;0
52920;I. Granville;GK;55;55;0
52921;B. Redgrave;CB;72;72;0
52923;G. Boycott;RMF;73;73;0
52924;J. Froude;RMF;69;69;0
52925;S. Odowd;AMF;74;74;0
52926;C. Mariner;SS;73;73;0
52934;S. Alim;CMF;73;73;0
52935;T. Hazem;CMF;74;74;0
52937;H. Sultan;SS;74;74;0
52941;Y. Zane;CB;68;68;0
52942;M. Abdal Lafif;RB;71;71;0
52945;J. al Mubdi;CMF;74;74;0
52946;M. Hasib;AMF;74;74;0
52949;L. Maher;GK;57;57;0
52953;S. Muroi;RB;72;72;0
52957;L. Knightley;CF;69;69;0
52958;H. Bakewell;AMF;74;74;0
52959;E. Mceveley;CF;70;70;0
52961;R. Aldis;CB;69;69;0
52962;S. Mcnamara;CB;72;72;0
52966;A. Buchan;AMF;70;70;0
52967;S. Mcnish;CF;69;69;0
52969;A. Godwin;GK;57;57;0
52973;T. Stout;RB;72;72;0
52976;H. Wilder;SS;74;74;0
52977;D. Wiggins;CF;69;69;0
52978;B. Effinger;AMF;74;74;0
52979;L. Bullard;CF;70;70;0
52981;L. Singer;CB;69;69;0
52982;K. Lipton;CB;72;72;0
52986;A. Saddler;AMF;70;70;0
52997;Tharjayb;LMF;67;67;0
52998;Dhiraqyat;CF;62;62;0
53002;Tae Sang Jun;CMF;64;64;0
53004;Shakhzaleh;CF;65;65;0
53005;Barcozan;GK;56;56;0
53011;Cho Jae Hoon;CMF;56;56;0
53012;Lim Bong Sik;RMF;59;59;0
53014;Khungab;CF;57;57;0
53383;F. Salazar;RMF;71;71;0
53389;B. Chandía;LMF;68;68;0
53451;N. Rodríguez;RMF;66;66;0
53452;H. Galvis;DMF;58;58;0
53475;R. Lagos;LB;66;66;0
53476;J. Cuenú;CB;67;67;0
53520;F. Ángel;CMF;67;67;0
53589;J. Méndez;CMF;70;70;0
53783;M. Lynch;RB;71;71;0
53787;L. Brighi;AMF;71;71;0
53788;N. Serpa;AMF;74;74;0
53790;E. Palomino;CF;72;72;0
53791;B. Gielgud;GK;57;57;0
53796;N. Les;RMF;54;54;0
53798;F. Wiegele;GK;69;69;0
53799;L. Escorcia;CB;64;64;0
53800;A. Schlager;GK;72;72;0
53802;I. Tavares;CF;72;72;0
53896;E. Colas;LWF;66;66;0
53901;K. Tiefenbrunn;LMF;66;66;0
53903;T. Pratchett;AMF;72;72;0
53905;D. Baskerville;SS;74;74;0
53908;R. Gostev;CB;69;69;0
53910;B. Wiggins;DMF;72;72;0
53911;D. Guèye;CF;71;71;0
53913;S. Serdar;CMF;75;75;0
53914;S. Baždar;CF;67;67;0
53916;Enzo Vagner;CF;57;57;0
54056;R. León;GK;64;64;0
54057;S. Neagle;CB;74;74;0
54061;K. Cheslock;LB;70;70;0
54062;Y. Spasov;RMF;69;69;0
54063;Y. Benhattab;RWF;69;69;0
54064;F. Pons;CF;65;65;0
54066;M. Al-Hawsawi;CMF;63;63;0
54073;I. Bykovsky;RMF;62;62;0
54074;M. Daltrey;AMF;69;69;0
54076;J. Fairman;RWF;63;63;0
54077;M. Probert;CF;65;65;0
54102;H. Nikolov;GK;56;56;0
54103;H. Ormerod;CB;69;69;0
54113;M. Zepeda;CMF;64;64;0
54114;M. Kazankina;GK;50;50;0
54115;L. Gedalge;CB;67;67;0
54119;N. Lodeiro;AMF;70;70;0
54121;A. Cantero;LB;68;68;0
54123;E. Mahmić;AMF;67;67;0
54150;J. Mardaras;CB;72;72;0
54151;R. Hachem;CMF;67;67;0
54154;A. Cherni;LB;68;68;0
54155;A. Villacorta;CB;62;62;0
54156;S. Flores;CMF;57;57;0
54157;S. Quintana;CMF;64;64;0
54158;P. Quispe;AMF;69;69;0
54159;P. Zarza;LWF;61;61;0
54170;D. Vásquez;DMF;57;57;0
54246;A. Joujou;LWF;68;68;0
54248;M. Cahill;RB;71;71;0
54249;R. Franz;LB;71;71;0
54252;J. Dechy;LMF;70;70;0
54255;P. García;RMF;67;67;0
54256;M. Chambelain;GK;55;55;0
54263;D. Strugar;RMF;71;71;0
54265;P. Blom;CF;66;66;0
54267;L. Biribanti;CF;71;71;0
5428;A. Mirante;GK;64;64;0
5430;A. Lennon;RWF;58;58;0
54347;S. Ceccarelli;CF;71;71;0
54348;E. Delmás;LWF;64;64;0
54352;F. Rosenior;RB;71;71;0
54353;I. Gomis;CMF;68;68;0
54355;A. Mille;CMF;73;73;0
54359;U. Rosel;CF;70;70;0
54364;M. Kempf;CB;76;76;0
54368;I. de Bruin;AMF;71;71;0
54370;J. Koster;CF;70;70;0
54374;F. Romero;CB;68;68;0
54376;F. Bjørkan;LB;75;75;0
54377;H. Falchener;CB;69;69;0
54379;E. Selvik;GK;70;70;0
54381;J. Kuchta;CF;73;73;0
54392;T. Serrago;AMF;67;67;0
54393;J. Medina;CF;68;68;0
54396;L. Zárate;CB;67;67;0
54402;B. Miranda;CF;67;67;0
54404;J. Sornoza;AMF;73;73;0
54405;A. Córdoba;CB;65;65;0
54409;C. Baceoglu;CB;71;71;0
54410;F. Rose;DMF;72;72;0
54411;G. Charteau;RMF;71;71;0
54412;E. Vera;LWF;68;68;0
54415;D. Rodríguez;LWF;66;66;0
54422;F. De La Vega;CF;66;66;0
54427;G. Flores;CB;62;62;0
54431;N. Kircher;CB;74;74;0
54433;D. Janssen;DMF;78;78;0
54435;A. Duebbers;RMF;73;73;0
54437;N. Boissé;CB;68;68;0
54438;D. van de Berg;CF;71;71;0
54443;E. Peraza;CB;65;65;0
54444;M. Villero;LB;62;62;0
54445;J. Gbamin;CB;71;71;0
54449;W. Dogan;RMF;63;63;0
54451;M. Saâdane;CB;72;72;0
54659;N. Al-Sharari;CB;65;65;0
54662;V. Gomes;RB;67;67;0
54665;N. Juric;RB;66;66;0
54666;L. Boddey;RMF;66;66;0
54670;D. Torrico;LMF;65;65;0
54671;J. Valencia;DMF;73;73;0
54675;M. Akliouche;RWF;81;81;0
54677;Y. Ayari;CMF;79;79;0
54678;M. Arzamendia;GK;61;61;0
54679;G. Schiavone;GK;68;68;0
54683;I. Sané;CF;65;65;0
54686;J. Ruiz;CB;68;68;0
54690;R. Valverde;AMF;74;74;0
54691;A. Diakité;RWF;57;57;0
54692;M. Bokele;LWF;66;66;0
54696;C. Devenish;CB;68;68;0
54698;P. Aquino;DMF;70;70;0
54706;Torrente;CB;72;72;0
54710;S. Yohou;CB;70;70;0
54712;Y. Larouci;LB;68;68;0
54716;L. Bretelle;DMF;64;64;0
54726;A. Memić;RWF;75;75;0
54729;R. Nottingham;CB;69;69;0
54733;M. Spoljarec;DMF;72;72;0
54735;A. Balaban;RMF;68;68;0
54738;M. Allston;CF;69;69;0
54740;Z. Destani;GK;57;57;0
54741;W. Mazzinghi;CB;62;62;0
54743;Y. Pogorelic;DMF;71;71;0
54744;Hadžiahmetović;DMF;71;71;0
54745;S. Guirassy;CF;85;85;0
54746;Bajraktarević;RWF;72;72;0
54747;N. Mujakić;CB;67;67;0
54748;S. Radeljić;CB;67;67;0
54753;B. Pavard;CB;80;80;0
54754;D. Falconar;CB;71;71;0
54755;O. Hulse;DMF;72;72;0
54756;Gonçalo Ramos;CF;80;80;0
54757;J. Brekalo;LMF;74;74;0
54760;B. Ash;CF;71;71;0
54761;F. Monzón;CF;71;71;0
54766;H. Pelham;LB;72;72;0
54778;J. York;DMF;74;74;0
54780;R. Mew;RMF;73;73;0
54782;Z. Hempleman;AMF;70;70;0
54783;J. Alcott;CF;71;71;0
54787;Mayke;RB;69;69;0
54792;R. Halhal;CB;66;66;0
54794;M. El Kajoui;GK;74;74;0
54796;V. de Charette;CF;68;68;0
54797;D. Yildiz;GK;57;57;0
54799;M. Aykul;CB;67;67;0
54800;G. Craven;CB;67;67;0
54803;Y. Rudekovic;RMF;67;67;0
54808;M. Gul;GK;50;50;0
54809;G. Plata;RWF;77;77;0
54810;A. Tobar;CMF;70;70;0
54812;R. Weigelt;DMF;74;74;0
54815;C. Amalia;AMF;71;71;0
54821;L. Giossa;GK;66;66;0
54827;D. Arroyo;CB;60;60;0
54832;A. Castro;LWF;69;69;0
54833;C. De Las Salas;LB;66;66;0
54839;Y. Orozco;LWF;70;70;0
54841;G. Charrupí;CMF;68;68;0
54842;J. Fuentes;CB;69;69;0
54843;B. Gazzolo;CB;70;70;0
54844;G. Vargas;CB;72;72;0
54845;M. Parrales;CF;69;69;0
54846;A. Alfonzo;CB;60;60;0
54849;J. Cuero;RB;63;63;0
54850;L. Abreu;AMF;60;60;0
54852;I. Aliseda;LWF;71;71;0
54853;M. Fernández;CB;71;71;0
54863;E. Bores;GK;61;61;0
54864;L. Vargas;LB;62;62;0
54865;F. Noguera;CF;60;60;0
54877;L. Hutchings;CB;70;70;0
54878;J. Boulding;CB;71;71;0
54879;B. Fluck;RB;74;74;0
54883;R. Willoughby;RMF;73;73;0
54885;M. Savale;CF;66;66;0
54886;B. Rice;CF;70;70;0
54889;J. Bray;CB;71;71;0
54894;R. Lester;LMF;69;69;0
54896;Jinlu Gao;GK;57;57;0
54899;Poucai Huang;DMF;73;73;0
54906;Sunyou Zheng;CF;70;70;0
54907;Lianhong Shao;GK;55;55;0
54908;Wencheng Qin;CB;72;72;0
54910;Rongxuan Shi;RMF;73;73;0
54911;Tiangan He;RMF;69;69;0
54912;Guimin Fu;AMF;74;74;0
54913;Daijin Zheng;SS;73;73;0
54916;Aryeong Yu;GK;57;57;0
54920;Gangho Hong;RB;72;72;0
54924;Dangyu Jang;CF;69;69;0
54925;Gwanyong do;AMF;74;74;0
54926;Donggeon Hwan;CF;70;70;0
54928;Jeonggyu Ya;CB;69;69;0
54929;Yeonggil Pan;CB;72;72;0
54933;Yaseong Sip;AMF;70;70;0
54934;Seokjin Gok;CF;69;69;0
54940;Byeongcheol Su;LB;72;72;0
54941;Baesik Yu;DMF;72;72;0
54942;Jijun Bu;CB;72;72;0
54944;Nosun Ja;RWF;72;72;0
54945;Yeongrim Bok;CF;71;71;0
54947;Chanmun Dae;GK;55;55;0
54953;Jongseop Mun;AMF;73;73;0
54955;Huia Go;CF;69;69;0
54956;P. Wyler;GK;57;57;0
54958;I. Cage;DMF;74;74;0
54961;C. Quilliam;DMF;74;74;0
54964;A. Mcallister;CMF;74;74;0
54966;S. Dublin;SS;72;72;0
54968;K. Willock;CB;69;69;0
54969;F. Vine;CB;69;69;0
54976;H. Shepherd;GK;57;57;0
54981;L. Birtchnell;CMF;73;73;0
54982;N. Griffith;CMF;74;74;0
54983;B. Finck;AMF;74;74;0
54985;U. Stein;SS;74;74;0
54988;M. Hirst;CB;68;68;0
54989;R. Amherst;RB;71;71;0
54992;M. Headey;CMF;74;74;0
54996;G. Fadil;GK;55;55;0
54998;M. Ehsanullah;CB;74;74;0
55002;R. Melhem;AMF;74;74;0
55003;I. Henriques;CMF;74;74;0
55005;K. Chadli;SS;74;74;0
55006;J. Nahyan;CF;69;69;0
55012;G. Quddus;AMF;72;72;0
55013;H. Muhsin;SS;74;74;0
55014;M. Salim;CF;71;71;0
55017;Y. Wahed;CB;71;71;0
55020;S. al Mutaali;LB;71;71;0
55023;Y. Jamal;RMF;71;71;0
55024;R. Hilal;CMF;72;72;0
55027;H. Gafar;GK;57;57;0
55028;V. Saad;CB;67;67;0
55033;Y. Qutb;CF;69;69;0
55037;S. Al-Ghannam;RB;71;71;0
55049;A. Zainal;CB;63;63;0
55051;A. Al-Khaibari;DMF;69;69;0
55052;A. Yahya;LB;70;70;0
55055;M. Marran;CF;58;58;0
55056;B. González;CMF;62;62;0
55058;M. Abdulkareem;CB;71;71;0
55059;R. Wissem;CB;70;70;0
55062;Y. Baha al Din;CMF;74;74;0
55063;I. Muhsin;CMF;74;74;0
55064;R. Figueira;AMF;74;74;0
55067;B. Abdul Sattar;GK;57;57;0
55068;A. Murtaza;CB;69;69;0
55069;J. Ruhi;RB;68;68;0
55071;N. Gadiel;CMF;72;72;0
55073;H. Wajdi;AMF;71;71;0
55074;S. Mansur;SS;73;73;0
55076;A. Arce;AMF;65;65;0
55077;M. Abd al Sami;CB;72;72;0
55079;I. al Hasib;RB;70;70;0
55081;J. Ramiz;AMF;71;71;0
55082;J. Daud;DMF;70;70;0
55083;N. Habib;RMF;71;71;0
55084;S. Billah;LMF;71;71;0
55086;I. Shakir;CF;69;69;0
55087;M. Ubay;GK;57;57;0
55089;E. Gadi;CB;66;66;0
55091;F. Jalal;CMF;72;72;0
55092;K. Saad;RMF;70;70;0
55093;M. Kamal Ad Din;AMF;73;73;0
55096;A. Warner;GK;56;56;0
55097;T. Mooney;CB;73;73;0
55099;L. Keown;CB;69;69;0
55103;L. Jenas;CMF;69;69;0
55108;C. Mcanally;CB;68;68;0
55109;T. Girtin;CB;70;70;0
55112;L. Dill;RMF;67;67;0
55119;J. Canchimbo;RWF;67;67;0
55143;J. Varela;CB;68;68;0
55145;B. Donnelly;AMF;71;71;0
55154;T. Segawa;DMF;74;74;0
55155;K. Mashiyama;CB;69;69;0
55156;H. Suda;DMF;74;74;0
55162;S. Tamagawa;SS;72;72;0
55164;K. Tanabashi;CB;69;69;0
55166;H. Isobe;CMF;72;72;0
5518;Raúl Albiol;CB;75;75;0
55239;K. Shinoda;RB;67;67;0
55247;L. Giorza;RB;70;70;0
55254;S. Coutinho;CF;70;70;0
55267;U. Seiffert;RB;67;67;0
55275;L. Manas;RB;70;70;0
55282;A. Lobato;SS;86;86;0
55295;M. Parada;RB;67;67;0
55301;K. Lomónaco;CB;74;74;0
55312;Aartmen;LMF;67;67;0
55313;Tellagard;CF;62;62;0
55317;Carlington;CMF;64;64;0
55319;Gureggiolini;CF;65;65;0
55320;Kitzmaard;GK;56;56;0
55326;Kovcolov;CMF;56;56;0
55327;Izzaredbery;RMF;59;59;0
55329;Opasnova;CF;57;57;0
55344;Holazguia;LMF;67;67;0
55345;Ingrafbate;CF;62;62;0
55349;Eylinghinho;CMF;64;64;0
55351;Ontivareja;CF;65;65;0
55352;Pazhuerto;GK;56;56;0
55358;Varrezgues;CMF;56;56;0
55359;Ximnajo;RMF;59;59;0
55361;Yapragui;CF;57;57;0
55402;E. Disraeli;CB;69;69;0
55406;D. Nicoll;DMF;71;71;0
55408;R. Sampaio;AMF;72;72;0
55409;J. Zarandona;CF;72;72;0
55410;O. Torroba;CF;74;74;0
55416;K. Mendoza;CMF;60;60;0
55420;G. Peiffer;LWF;73;73;0
55422;E. Utz;CF;74;74;0
55426;M. Iacobellis;AMF;67;67;0
55430;C. Mazzarelli;AMF;72;72;0
55433;J. Terra;CF;73;73;0
55435;E. Naya;CF;67;67;0
55437;J. Goicochea;CF;61;61;0
55443;J. Portilla;DMF;73;73;0
55444;Y. Mesquida;CF;68;68;0
55527;A. Burlamaqui;CMF;65;65;0
55528;Y. Murillo;RWF;64;64;0
55529;G. Blahnik;LMF;74;74;0
55530;N. Johansen;CF;68;68;0
55532;A. Duarte;GK;66;66;0
55533;E. Noriega;DMF;72;72;0
55534;C. Lavandera;CB;72;72;0
55536;S. Gil;RB;73;73;0
55538;J. Moretti;RWF;59;59;0
55540;H. Gracia;DMF;72;72;0
55543;J. Rodríguez;GK;58;58;0
55544;E. Rojas;CMF;59;59;0
55545;P. Ceppelini;AMF;70;70;0
55644;A. Marchesín;GK;75;75;0
55652;P. Rodríguez;AMF;58;58;0
55654;I. Fray;CB;66;66;0
55656;G. Lucero;LB;60;60;0
55657;T. Avilés;CB;72;72;0
55662;C. Eguibar;AMF;74;74;0
55666;L. Campana;CF;72;72;0
55668;J. Zetterström;GK;73;73;0
55695;J. García;CB;62;62;0
55696;F. Castro;CMF;70;70;0
55702;B. Clavero;AMF;73;73;0
55703;M. Encina;SS;73;73;0
55706;J. Perlaza;LB;69;69;0
55709;J. Valencia;LWF;66;66;0
55710;F. Saucedo;CMF;69;69;0
55711;R. Piñeiro;RWF;68;68;0
55712;J. Nieto;CMF;71;71;0
55714;J. Cassado;AMF;74;74;0
55715;J. Gonbau;AMF;70;70;0
55716;J. Gutiérrez;CF;71;71;0
55720;J. Peña;CB;70;70;0
55723;J. Mena;CB;68;68;0
55731;J. Velásquez;CB;58;58;0
55736;L. Díaz;CB;63;63;0
55739;K. Londoño;RMF;69;69;0
55741;L. Pons;CF;70;70;0
55742;N. Velupillay;LWF;65;65;0
55746;Lucas Quintana;CB;70;70;0
55747;Leo Palacios;RB;68;68;0
55748;Daniel Gratzia;LB;68;68;0
55758;J. Velázquez;RWF;57;57;0
55762;Camilo Montero;DMF;73;73;0
55763;Julián Vidal;AMF;72;72;0
55765;Alfa;CF;69;69;0
55769;R. Banegas;GK;65;65;0
55770;R. Mina;CB;68;68;0
55771;R. Adé;CB;73;73;0
55773;D. Aimar;CB;66;66;0
55774;K. Minda;DMF;67;67;0
55775;C. Tavora;AMF;79;79;0
55778;K. Trewin;CB;69;69;0
55781;A. Villa;GK;60;60;0
55782;G. Allala;CB;68;68;0
55783;C. Esparragoza;CMF;69;69;0
55788;Bruno Rodrigues;LWF;70;70;0
55789;F. Mina;LWF;64;64;0
55791;A. Cabeza;CF;67;67;0
55794;J. Vargas;CB;72;72;0
55795;F. Charrupí;AMF;65;65;0
55797;G. González;DMF;70;70;0
55799;L. Perrin;CB;70;70;0
55801;J. Cuesta;LWF;70;70;0
55802;J. Berríos;RWF;68;68;0
55806;F. Solé;DMF;70;70;0
55807;F. Almada;CB;71;71;0
55812;S. Aguayo;CF;63;63;0
55814;V. Rodríguez;DMF;64;64;0
55815;D. De Sousa;RWF;64;64;0
55819;S. Pabón;CB;64;64;0
55822;I. Garces;RB;70;70;0
55825;C. Menezes;CMF;69;69;0
55826;A. Corte Real;AMF;73;73;0
55828;T. Malafaia;CF;69;69;0
55829;J. García;DMF;61;61;0
5583;F. Clerc;RB;56;56;0
55831;B. Silva;AMF;62;62;0
55832;C. Neira;AMF;67;67;0
55834;N. Díaz;CB;73;73;0
55836;F. Nava;RWF;65;65;0
55838;J. Medina;CMF;64;64;0
55839;G. Motta;CF;57;57;0
55840;J. Riasco;CF;62;62;0
55841;A. Álvarez;DMF;67;67;0
55843;J. Maraude;AMF;66;66;0
55847;J. Hernández;LB;62;62;0
55851;F. Marchant;AMF;66;66;0
55852;E. Castillo;LWF;72;72;0
55854;V. Pierani;CB;61;61;0
55855;J. Espinoza;RB;67;67;0
55856;J. Gómez;DMF;64;64;0
55859;D. Banguero;LB;70;70;0
55868;J. Siqueira;SS;72;72;0
55896;C. Sarabia;RB;66;66;0
55902;M. Pellegrini;LWF;72;72;0
55903;H. Perales;AMF;74;74;0
55906;S. Viveros;CMF;65;65;0
55909;G. Cuesta;RB;72;72;0
55913;T. O'Connor;CMF;71;71;0
55915;P. Maura;SS;71;71;0
55916;A. Molla;CF;68;68;0
5593;Iago Bouzón;CB;65;65;0
55944;J. Soto;GK;70;70;0
55945;O. Bertel;LB;68;68;0
55948;J. Sánchez;GK;61;61;0
55955;S. Silva;GK;68;68;0
55957;J. Pestaña;CB;70;70;0
55958;C. Tovar;CB;67;67;0
55961;R. Carrascal;CMF;71;71;0
55962;S. Navarro;AMF;69;69;0
55965;J. Lucumí;RWF;66;66;0
55966;R. Holgado;CF;71;71;0
55971;N. Cabral;CB;65;65;0
55974;D. Victoria;CMF;65;65;0
55976;F. Núñez;LWF;59;59;0
55977;R. Machado;CF;65;65;0
55979;G. Armijo;CF;69;69;0
55980;E. Márquez;GK;64;64;0
55982;A. Cayetano;LB;68;68;0
55983;E. Castillo;LB;68;68;0
55984;K. Amaro;RB;69;69;0
55990;L. Acosta;CF;66;66;0
55992;S. Milano;DMF;64;64;0
55993;S. Acuña;CF;64;64;0
56022;L. Berrío;CMF;69;69;0
56023;J. Soler;CB;70;70;0
56025;M. Núñez;DMF;67;67;0
56026;E. Mena;RB;70;70;0
56027;S. Guzmán;DMF;70;70;0
56028;M. Ochoa;SS;74;74;0
56030;O. Diakité;CF;72;72;0
56032;A. Saurin;CB;70;70;0
56033;J. Sagredo;CB;65;65;0
56035;M. García;CMF;71;71;0
56037;A. Román;RB;73;73;0
56038;G. Cervera;AMF;74;74;0
56039;J. Castro;RB;70;70;0
56040;C. Cañozales;LWF;63;63;0
56041;L. Assadi;AMF;72;72;0
56047;I. Perruzzi;DMF;68;68;0
56053;F. Larregla;CF;71;71;0
56061;L. Wasilewsky;CMF;64;64;0
56064;B. Castillo;CF;70;70;0
56068;O. Surinach;CB;67;67;0
56095;J. Saludes;CB;71;71;0
56100;S. Espadas;CMF;71;71;0
56101;V. Albistegui;SS;74;74;0
56102;H. Ortega;LMF;73;73;0
56104;R. Perlaza;LMF;62;62;0
56107;A. Buluna;CB;70;70;0
56109;O. Duenas;CB;70;70;0
56110;E. Gallego;LB;70;70;0
56111;J. Gehry;CMF;71;71;0
56112;D. Cazorla;RMF;69;69;0
56117;E. Acedo;CB;66;66;0
56119;L. Sánchez;AMF;68;68;0
56121;B. Arrese;RB;74;74;0
56122;S. Navarro;RB;65;65;0
56125;K. Corredor;CF;71;71;0
56126;I. Okon;CB;68;68;0
56130;J. Angulo;LB;66;66;0
56132;M. Touré;CF;69;69;0
56134;J. Navia;LB;64;64;0
56135;L. Ocio;LB;72;72;0
56138;G. Fuentes;LMF;70;70;0
56139;W. Asprilla;GK;63;63;0
56140;S. Paz;GK;56;56;0
56141;V. Moreno;CB;70;70;0
56143;L. Cano;LWF;68;68;0
56145;M. Maidana;CB;68;68;0
56146;C. Ardavin;CB;71;71;0
56151;R. Pérez;DMF;68;68;0
56152;R. Cubillo;LMF;72;72;0
56154;J. Hendry;CB;72;72;0
56155;A. Lastra;GK;63;63;0
56158;G. Redondo;CB;70;70;0
56159;O. Makhanya;CB;65;65;0
56162;A. Uribe;CF;66;66;0
56164;I. Guerau;SS;72;72;0
56165;F. Suárez;CF;63;63;0
56166;T. Reinhart;DMF;70;70;0
56168;I. Russo;CF;70;70;0
56169;N. Manganelli;GK;60;60;0
56170;B. Pinilla;CB;70;70;0
56171;J. Vera;CB;66;66;0
56173;N. Caro Torres;CB;65;65;0
56175;F. Miretti;CMF;75;75;0
56176;A. Abu Rasen;GK;52;52;0
56177;A. Viqueira;SS;71;71;0
56178;P. Monje;DMF;66;66;0
56181;R. Borja;CF;60;60;0
56182;Y. Goitía;RB;67;67;0
56187;J. Villarroya;LMF;72;72;0
56188;L. Landriel;CMF;61;61;0
56189;M. Mahzari;RB;65;65;0
56190;A. Vigo;RB;68;68;0
56192;J. Ojeda;CF;60;60;0
56193;E. Meca;AMF;73;73;0
56214;I. Cavasa;GK;56;56;0
56216;L. Olmeda;CB;70;70;0
56217;J. Castresana;RMF;70;70;0
56221;J. Torres;CMF;67;67;0
56226;Matheus Cunha;GK;69;69;0
56227;I. Scarpeta;CB;68;68;0
56229;S. Marti;RB;70;70;0
56238;J. del Riego;RB;67;67;0
56240;J. Marchio;CB;63;63;0
56247;M. Patouillet;GK;62;62;0
56248;H. Remon;SS;69;69;0
56249;J. Rivera;CF;67;67;0
56250;S. Britos;GK;70;70;0
56251;M. Kovář;GK;77;77;0
56253;J. Concha;CMF;74;74;0
56254;M. Sosa;RMF;61;61;0
56261;R. Ureña;DMF;71;71;0
56292;Tiejun Xu;RB;70;70;0
56299;M. Numan;CF;70;70;0
56312;Y. Moreno;RB;66;66;0
5667;G. Tamaş;CB;72;72;0
5670;S. Sarioğlu;RB;57;57;0
57000;A. Adomah;RMF;58;58;0
57004;A. Potuk;AMF;79;79;0
57006;André Hansen;GK;69;69;0
57027;L. Marković;RMF;60;60;0
57097;F. al Muwallad;RWF;70;70;0
57124;Abdalla el Said;AMF;70;70;0
57129;J. Panzo;CB;70;70;0
57148;T. Matlaba;LB;69;69;0
57179;I. Kecojević;CB;71;71;0
57185;B. Fredrick;CB;63;63;0
57194;Y. Regeer;DMF;73;73;0
57201;J. Ardaiz;CF;65;65;0
57202;W. Burns;RMF;72;72;0
57208;T. Dingome;CMF;72;72;0
57225;Fidel;LWF;69;69;0
57228;Pelayo;CMF;69;69;0
57246;Roberto;CF;70;70;0
57247;L. Diony;CF;75;75;0
57250;E. Zelazny;GK;63;63;0
57255;M. Dupé;GK;74;74;0
57258;J. Veretout;CMF;59;59;0
57259;E. Piana;GK;60;60;0
5726;Hugo Almeida;CF;57;57;0
57266;C. Kerbrat;CB;76;76;0
57271;J. Albert;CB;58;58;0
57272;L. dos Santos;RB;65;65;0
57279;L. Noubi;CB;73;73;0
57304;S. Mané;LWF;82;82;0
57350;Moi Gómez;AMF;76;76;0
57351;Awortwie-Grant;CB;67;67;0
57390;Juan;CB;73;73;0
57393;M. Leckie;LWF;70;70;0
57394;M. Langerak;GK;62;62;0
57398;A. Tziolis;DMF;55;55;0
57418;Marllon;CB;69;69;0
57419;O. Benítez;RWF;72;72;0
57421;A. Núñez;RB;64;64;0
57434;Rubens;RWF;60;60;0
57439;Mattheus;RWF;71;71;0
57445;Nixon;CF;68;68;0
57448;Luan;CB;73;73;0
57454;E. Uhde;CB;71;71;0
57459;L. Jaksche;AMF;70;70;0
57461;T. Pohle;LWF;71;71;0
57463;L. Kerr;GK;57;57;0
57465;M. Bos;CB;69;69;0
57466;T. Gerlach;LB;72;72;0
57469;N. Sebescen;AMF;71;71;0
57470;K. van der Berg;SS;73;73;0
57471;S. Landau;CF;69;69;0
57472;A. Valencia;RWF;69;69;0
57613;I. Sáez;GK;61;61;0
57614;S. Acker;CB;70;70;0
57615;K. Lindbergh;CB;68;68;0
57616;J. Germain;LB;73;73;0
57620;A. Francis;CMF;69;69;0
57623;W. Hoyte;CF;70;70;0
57624;E. Herrera;RB;65;65;0
57626;P. Redknapp;CB;68;68;0
57632;M. Erikson;AMF;69;69;0
57634;A. Bouaddi;CMF;80;80;0
57635;H. Quinn;CF;69;69;0
57638;R. Pereira;CB;67;67;0
57639;Á. Madrid;CMF;73;73;0
57641;D. Carrillo;LB;66;66;0
57651;L. Colitto;LWF;71;71;0
57652;L. Haquín;CB;65;65;0
57655;L. Bayliss;AMF;63;63;0
57660;L. Steapleton;CB;69;69;0
57666;G. Khan;AMF;73;73;0
57667;W. Odowd;SS;74;74;0
57668;D. Imrie;AMF;73;73;0
57670;S. Riggott;GK;55;55;0
57673;V. Wilder;CB;67;67;0
57674;A. Dos Santos;CMF;64;64;0
57677;M. Svoboda;CB;72;72;0
57678;P. Wanner;AMF;75;75;0
57680;J. Torres;AMF;69;69;0
57681;E. Allchurch;CF;67;67;0
57728;R. Mina;CF;58;58;0
57731;S. González;CMF;68;68;0
57734;E. Rodríguez;RMF;67;67;0
57740;Marc Bernal;CMF;78;78;0
57742;S. Barreiro;CB;72;72;0
57745;I. Zambrano;DMF;66;66;0
57747;J. Aguirre;GK;71;71;0
5778;I. Akinfeev;GK;68;68;0
57893;J. Chancellor;CB;66;66;0
57894;A. Cañete;CB;66;66;0
57895;J. Sagredo;CB;69;69;0
57896;A. Gamarra;DMF;66;66;0
57897;G. Villamíl;CMF;70;70;0
57907;J. Angulo;GK;65;65;0
57910;D. Romero;RB;68;68;0
57915;A. Quiroga;CB;66;66;0
57916;H. Palacios;RB;65;65;0
57918;J. Sarmiento;RWF;68;68;0
57919;J. Viveros;RB;64;64;0
57920;F. Chaverra;LMF;71;71;0
57923;G. Mancilla;LWF;60;60;0
57924;R. Elcano;CF;71;71;0
57925;N. Rodríguez;CB;67;67;0
57927;G. Herrando;CB;67;67;0
57937;L. Bucca;CMF;71;71;0
57938;R. Melgarejo;CB;64;64;0
57939;D. León;LB;64;64;0
57941;P. Da Motta;DMF;68;68;0
57947;G. Carneiro;CF;69;69;0
57949;M. Pérez;CB;71;71;0
57950;E. Manrique;CB;68;68;0
57953;H. Gines;LB;71;71;0
57955;J. Rattalino;DMF;62;62;0
57957;Chico Da Costa;CF;71;71;0
57962;J. Alegría;CF;64;64;0
57963;O. Padilla;CB;71;71;0
57964;Victor Gabriel;CB;69;69;0
57973;K. Adeyemi;RWF;82;82;0
57974;R. Fernández;GK;68;68;0
57975;A. Velamazan;CB;72;72;0
57979;M. Soulé;RWF;80;80;0
57980;M. Puig;CMF;64;64;0
57981;C. Vides;AMF;72;72;0
57982;E. Christiansen;CF;74;74;0
57983;V. Poggi;CMF;70;70;0
57985;E. Lopez;RWF;67;67;0
57989;M. Mejía;RWF;66;66;0
57990;S. Núñez;SS;66;66;0
57993;S. Rivero;CMF;66;66;0
57995;A. Raya;RMF;69;69;0
58000;J. González;RMF;69;69;0
58001;D. Ruano;LB;71;71;0
58005;J. Calatavar;SS;71;71;0
58006;E. Zabalegi;CF;70;70;0
58007;J. Cornago;CF;73;73;0
58010;Raul Steffens;GK;64;64;0
58013;B. Serna;RB;74;74;0
58016;L. Halfter;CMF;74;74;0
58019;B. Portillo;CF;74;74;0
58020;A. Ripoll;CF;79;79;0
58021;F. Gino;CMF;66;66;0
58023;M. Goya;CB;73;73;0
58024;E. Brey;CB;69;69;0
58025;E. Balzola;RB;72;72;0
58027;E. Bello;RMF;69;69;0
58029;A. Vombergar;CF;72;72;0
58032;D. Marwood;CF;72;72;0
58033;L. Millán;AMF;69;69;0
58035;D. Medina;RB;66;66;0
58037;T. Cavanagh;LB;67;67;0
58041;L. de la Fuente;LMF;71;71;0
58043;J. de la Pena;CF;69;69;0
58044;T. Ramírez;CB;68;68;0
58047;C. Medina;RB;58;58;0
58048;Q. Cotelo;RB;72;72;0
58049;J. Cevallos;GK;66;66;0
58053;J. Begirstain;AMF;71;71;0
58058;D. Capdevila;GK;61;61;0
58059;J. Aguirre;CB;72;72;0
58062;E. Ancheta;RB;69;69;0
58064;M. Pablo;CMF;74;74;0
58065;C. Oliva;DMF;72;72;0
58066;E. Mereles;LWF;65;65;0
58069;L. Mejía;GK;71;71;0
58070;I. Suárez;GK;66;66;0
58071;P. Calione;CB;64;64;0
58072;G. Báez;LB;72;72;0
58073;F. Waller;LMF;72;72;0
58080;M. Bergara;AMF;60;60;0
58081;F. Brana;GK;56;56;0
58082;J. Obrados;CB;67;67;0
58085;J. Batlle;RB;71;71;0
58087;J. Intriago;CMF;67;67;0
58092;C. Sejas;CMF;60;60;0
58098;J. Melia;DMF;71;71;0
58099;C. Alemán;AMF;65;65;0
58101;O. Pablo;AMF;74;74;0
58108;Mahmoud Saber;CMF;70;70;0
58110;H. Fathy;DMF;74;74;0
58115;H. Abdelkarim;CF;65;65;0
58116;J. Córdoba;RWF;68;68;0
58120;J. García;AMF;66;66;0
58122;Mohanad Lasheen;DMF;70;70;0
58123;J. Adjetey;CB;70;70;0
58124;Yasser Ibrahim;CB;72;72;0
58125;J. Saucedo;LMF;56;56;0
58132;T. Clave;CB;72;72;0
58134;O. Vallejo;CB;69;69;0
58135;Q. Ferrero;LB;72;72;0
58137;A. Boix;CMF;74;74;0
58145;R. Gómez;RB;62;62;0
58146;A. Llobet;CB;67;67;0
58148;H. Luke;DMF;71;71;0
58149;J. Mullera;CMF;71;71;0
58150;S. Lombardero;RMF;72;72;0
58158;A. Martínez;LMF;70;70;0
58160;A. Benítez;RB;67;67;0
58161;F. Peralta;CMF;66;66;0
58163;F. Fagúndez;SS;68;68;0
58168;J. Zelený;LB;73;73;0
58169;T. Lavezzi;AMF;57;57;0
58175;J. Duarte;CF;61;61;0
58177;J. Brit;CF;71;71;0
58183;H. Alguersuari;CB;70;70;0
58189;J. Breton;LMF;72;72;0
58191;J. Pelegri;SS;71;71;0
58194;J. Chema;CB;63;63;0
58199;A. Balboa;CF;70;70;0
58200;Q. Escolar;LMF;69;69;0
58202;L. Boris;AMF;67;67;0
58203;D. Alejandro;CF;69;69;0
58206;C. Ortiz;CF;65;65;0
58208;Y. Rocha;RB;65;65;0
58210;J. Rodríguez;CB;72;72;0
58214;P. Milans;RB;71;71;0
58218;R. Ramírez;CB;66;66;0
58220;G. De Amores;GK;68;68;0
58221;K. Morgan;GK;60;60;0
58223;S. Echeverría;CB;67;67;0
58225;S. Kabini;LB;65;65;0
58226;F. de Sarasate;SS;73;73;0
58231;F. Juárez;CMF;66;66;0
58237;J. Rojas;LMF;67;67;0
58242;O. Salomón;CB;66;66;0
58243;X. Arreaga;CB;68;68;0
58245;J. Trindade;DMF;71;71;0
58250;J. Valiente;AMF;68;68;0
58255;L. Verza;GK;60;60;0
58257;A. Alcaraz;CF;68;68;0
58258;T. Morinigo;LMF;60;60;0
58259;A. Paredes;LB;64;64;0
58260;E. Feliu;LB;72;72;0
58263;E. Garreta;RWF;72;72;0
58264;D. Romero;CF;68;68;0
58265;D. Zima;CB;75;75;0
58268;A. Franco;CMF;66;66;0
58272;L. Martínez;CF;59;59;0
58274;A. Montoya;AMF;69;69;0
58275;A. Vilanova;AMF;69;69;0
58279;K. Angulo;CF;58;58;0
58281;Ó. Quiñónez;CB;67;67;0
58285;E. Darias;CMF;68;68;0
58286;S. Velásquez;LB;68;68;0
58287;T. Santamaría;RB;68;68;0
58289;N. Dorado;CF;74;74;0
58290;S. Fernández;CB;67;67;0
58291;L. Fuster;GK;58;58;0
58292;M. Rodríguez;CB;69;69;0
58294;I. Ziryab;RB;72;72;0
58298;L. Umpiérrez;AMF;68;68;0
58300;K. Gurpegui;CF;69;69;0
58301;E. Restrepo;CB;66;66;0
58303;D. Basavibaso;CB;73;73;0
58304;B. Calderara;LMF;64;64;0
58306;J. Aizpurua;DMF;74;74;0
58307;C. Arce;DMF;67;67;0
58308;R. Sarda;CB;70;70;0
58309;C. Domínguez;LMF;73;73;0
58310;J. Chaurreau;SS;72;72;0
58311;F. Mater;RB;68;68;0
58315;N. Capraro;CB;67;67;0
58316;K. Manalt;CB;70;70;0
58321;H. Rivera;CMF;68;68;0
58322;R. Armada;AMF;73;73;0
58325;T. Cardozo;GK;74;74;0
58327;N. Giménez;CB;67;67;0
58329;F. Bussio;DMF;62;62;0
58331;M. Huamán;RB;66;66;0
58336;Á. González;GK;60;60;0
58338;A. Troche;RB;60;60;0
58339;E. Lapetra;CB;71;71;0
58340;J. Romero;RMF;60;60;0
58342;L. Sanabria;AMF;69;69;0
58344;D. Viera;CB;72;72;0
58347;P. Cipitria;CF;72;72;0
58349;A. Velasco;CB;66;66;0
58350;N. Ramírez;CB;69;69;0
58352;M. Jacquet;CB;67;67;0
58355;C. Suárez;CMF;64;64;0
58357;L. Kelly;GK;67;67;0
58360;A. Medina;DMF;67;67;0
58362;J. Escobar;CB;69;69;0
58367;M. Lorente;RMF;69;69;0
58368;J. Contrera;RMF;65;65;0
58370;J. Beguiristain;CF;68;68;0
58407;G. Salvatierra;GK;62;62;0
58411;E. Mariscal;CB;71;71;0
58416;A. Kerber;AMF;73;73;0
58594;B. Bereszyński;RB;74;74;0
58595;A. Jędrzejczyk;RB;59;59;0
58632;M. Hinteregger;CB;60;60;0
58641;T. Šunjić;CB;76;76;0
58646;P. Ankersen;RB;75;75;0
58651;A. Borysiuk;DMF;70;70;0
58653;A. Milik;CF;76;76;0
58663;Everton;LWF;75;75;0
58665;A. Bernabei;LB;73;73;0
58668;Manoel;CB;65;65;0
58680;Jemerson;CB;68;68;0
58718;Vinícius Araújo;CF;69;69;0
58757;Edson Fernando;DMF;66;66;0
58765;L. Evangelista;CMF;73;73;0
58767;Roni;SS;68;68;0
58832;Chumbi;CF;66;66;0
58833;Chuli;CF;68;68;0
58838;L. Madinda;CMF;70;70;0
59158;O. Williams;GK;70;70;0
59161;D. Lafferty;LB;68;68;0
59166;E. Pino;AMF;70;70;0
59169;C. Rojas;CB;65;65;0
59172;R. González;LWF;63;63;0
59176;L. Mora;DMF;58;58;0
59179;E. Pulgar;DMF;78;78;0
59185;D. Drocco;CMF;66;66;0
59189;A. Sánchez;GK;69;69;0
59190;Joaquín Muñoz;GK;63;63;0
59198;A. Delgado;AMF;61;61;0
59201;J. Ingratti;CF;56;56;0
59206;M. Smarra;AMF;63;63;0
59208;C. Melivilú;CF;62;62;0
59229;F. Cornejo;CMF;70;70;0
59257;L. Pereyra;CMF;68;68;0
59259;S. Inácio;SS;70;70;0
59261;Bruno;GK;73;73;0
59262;A. Salazar;GK;69;69;0
59265;C. Baeza;DMF;73;73;0
59267;M. Arias;AMF;62;62;0
59268;L. Pavez;LB;69;69;0
59270;A. Martínez;CMF;68;68;0
59273;F. Saavedra;CMF;66;66;0
59285;O. Gutierrez;LB;69;69;0
59288;Victor Hugo;CMF;73;73;0
59291;D. Orellana;LWF;72;72;0
59299;M. Gómez;SS;69;69;0
59333;R. Cardines;LB;62;62;0
59337;Y. Opazo;RB;68;68;0
59341;F. Ochagavía;GK;67;67;0
59352;J. Quezada;GK;66;66;0
59353;D. Melo;GK;63;63;0
59358;Riquelme;LWF;76;76;0
59359;C. Valenzuela;CMF;71;71;0
59361;J. Silva;AMF;70;70;0
59369;F. Núñez;GK;69;69;0
59372;S. Luna;RMF;72;72;0
59381;J. Capelli;RB;74;74;0
59394;A. Robles;CMF;71;71;0
59397;M. Viana;GK;72;72;0
59398;D. Reyes;GK;58;58;0
59400;Á. Cardozo;CMF;68;68;0
59409;J. Cisterna;CMF;67;67;0
59411;T. Pérez;CF;60;60;0
59414;M. Larenas;LB;69;69;0
59415;D. Sánchez;GK;71;71;0
59416;M. Almirón;RWF;76;76;0
59417;M. Navarrete;CB;68;68;0
59422;L. Benegas;CF;68;68;0
59433;H. Bobadilla;SS;68;68;0
59440;N. Rebolledo;LB;66;66;0
59441;C. Vergara;RB;67;67;0
59443;B. Cerezo;RB;66;66;0
59451;D. Rojas;AMF;69;69;0
59459;L. Díaz;CF;74;74;0
59460;C. Mandas;GK;74;74;0
59476;C. González;CF;72;72;0
59478;L. Laverone;RMF;65;65;0
59479;A. Longhi;LB;70;70;0
59481;D. Berardi;RWF;82;82;0
59490;R. Bürki;GK;70;70;0
59497;D. Pavlovic;LB;70;70;0
59510;Jesé;LWF;61;61;0
59511;Maurício;CB;77;77;0
59526;Pablo;CF;69;69;0
59535;Thiago Martins;CB;72;72;0
59551;P. Wollscheid;CB;74;74;0
59556;J. Hegeler;CMF;72;72;0
59589;A. Jahanbakhsh;RMF;69;69;0
59590;C. Ngonge;RWF;72;72;0
59596;K. Tete;RB;78;78;0
59618;J. van Aken;CB;75;75;0
59622;Izan González;CMF;71;71;0
59633;L. Depoitre;CF;57;57;0
59637;E. Guessand;RWF;78;78;0
59657;A. Bakasetas;CF;72;72;0
59671;E. Baggott;CB;63;63;0
59675;G. Siri;GK;64;64;0
59706;Iñaki Peña;GK;76;76;0
59715;J. Dinenno;CF;69;69;0
59725;B. Perea;CF;67;67;0
59732;Y. Lodygin;GK;62;62;0
59740;M. Shevchenko;GK;75;75;0
59741;E. Sobol;LB;70;70;0
59748;C. Noone;RMF;71;71;0
59766;N. Aké;CB;82;82;0
59773;N. Madueke;RWF;80;80;0
59774;G. Murray;CF;74;74;0
59787;D. John;LB;69;69;0
59801;Y. Tielemans;CMF;85;85;0
59803;Fede Vico;RMF;69;69;0
59833;N. Benezet;LWF;72;72;0
59840;L. Abergel;DMF;76;76;0
59847;U. Spajić;CB;74;74;0
59848;T. Tati;CB;71;71;0
59884;A. Samedov;RMF;61;61;0
59895;D. Marshall;GK;62;62;0
59946;O. Vranješ;CB;75;75;0
59964;J. Martínez;CF;73;73;0
59969;E. Zenteno;CB;66;66;0
59970;V. Stoyanov;GK;75;75;0
59990;P. Ekwah;DMF;70;70;0
59997;N. Gyömbér;CB;75;75;0
59998;N. Brighenti;CB;69;69;0
59999;R. Improta;RWF;68;68;0
60002;R. Saponara;AMF;62;62;0
60009;F. González;CF;64;64;0
60021;W. Serrano;CMF;68;68;0
60023;Gabriel;CB;65;65;0
60024;Matías Fissore;CMF;67;67;0
60027;A. Niz;CB;75;75;0
60038;G. Iñíguez;CMF;65;65;0
60041;S. Nagüel;RMF;71;71;0
60043;L. Cano;CF;68;68;0
60045;M. Almandoz;RB;67;67;0
60046;N. Freire;CB;71;71;0
60048;R. Gómez;RMF;72;72;0
60054;L. Rinaldi;CF;64;64;0
60060;D. Zapata;CF;79;79;0
60062;G. Carrillo;CF;76;76;0
60066;J. Gauto;RWF;69;69;0
60068;J. Correa;SS;74;74;0
60072;S. Rodríguez;CF;67;67;0
60088;S. Montoya;AMF;70;70;0
60095;J. Fernández;DMF;68;68;0
60105;F. Telechea;CF;73;73;0
60114;R. Bogarín;AMF;67;67;0
60133;N. Colombo;CB;72;72;0
60136;N. Orsini;CF;68;68;0
60137;E. Gigliotti;CF;73;73;0
60139;G. Graciani;RMF;72;72;0
60140;M. Luque;LWF;72;72;0
60141;A. Mehring;GK;65;65;0
60145;Elias;RB;64;64;0
60151;G. Conti;CB;71;71;0
60155;F. Meza;CB;70;70;0
60156;M. Ibáñez;GK;70;70;0
60157;E. Kalinski;CMF;74;74;0
60163;J. Buffarini;RB;75;75;0
60167;M. Catalán;CB;73;73;0
60168;Á. Correa;SS;79;79;0
60169;R. Contreras;CF;72;72;0
60179;C. Torres;CB;65;65;0
60188;L. Lollo;CB;71;71;0
60203;E. Rigoni;RWF;74;74;0
60206;Pereira Cardoso;GK;67;67;0
60210;G. Yordan;GK;67;67;0
60219;D. Batz;GK;75;75;0
60229;L. Aued;CMF;77;77;0
60232;B. Zuculini;DMF;72;72;0
60235;L. Vietto;SS;72;72;0
60239;E. Saveljich;CB;67;67;0
60246;E. Fernández;DMF;75;75;0
60259;S. Berhalter;CMF;70;70;0
60272;I. López;GK;62;62;0
60275;P. Muñoz;RWF;68;68;0
60279;I. Ovando;CB;69;69;0
60286;M. Hidemasa;CMF;78;78;0
60291;J. Blengio;CB;68;68;0
60296;F. Mussis;CMF;75;75;0
60297;O. Paz Benítez;CB;70;70;0
60301;Matías Quiroga;CF;70;70;0
60303;S. Charles;DMF;73;73;0
60325;F. Navarro;DMF;73;73;0
60329;C. Villanueva;LB;71;71;0
60341;M. Riquelme;CF;73;73;0
60344;E. Bilbao;GK;55;55;0
60347;P. Cerutti;RWF;70;70;0
60351;F. Broun;GK;70;70;0
60352;N. Valentini;CB;67;67;0
60355;F. Carrizo;AMF;72;72;0
60356;F. Coniglio;CF;69;69;0
60358;J. Toledo;CF;73;73;0
60359;T. Sippel;GK;64;64;0
60363;D. Mee;GK;63;63;0
60364;N. Domínguez;CB;69;69;0
60366;M. Mansilla;GK;72;72;0
60368;P. Becker;SS;71;71;0
60369;T. Berra;CB;70;70;0
60377;R. González;AMF;66;66;0
60384;Christian;CMF;69;69;0
60387;Lucas Pérez;CF;62;62;0
60422;Oier;GK;70;70;0
60423;D. Cheryshev;LWF;59;59;0
60430;L. Milivojević;DMF;79;79;0
60432;C. Gonçalves;DMF;69;69;0
60435;E. L. Quiñónez;RWF;61;61;0
60437;Y. Sabaly;RB;60;60;0
60442;B. Pelé;LMF;66;66;0
60443;B. Mendy;LB;63;63;0
60445;H. Ongenda;LWF;72;72;0
60447;M. Maignan;GK;87;87;0
60448;Ruan Tressoldi;CB;72;72;0
60449;J. Eickmayer;CMF;64;64;0
60461;W. Saïd;CF;77;77;0
60463;S. Moreira;RB;71;71;0
60466;M. Sportiello;GK;76;76;0
60473;G. Kastaneer;LWF;67;67;0
60477;W. Troost-Ekong;CB;73;73;0
60492;M. Moscati;CMF;69;69;0
60500;J. Mauri;CMF;73;73;0
60501;A. Cerri;CF;64;64;0
60507;M. Troilo;CB;70;70;0
60508;N. Maksimović;CB;78;78;0
60510;S. Widmer;RB;73;73;0
60518;M. Sáček;RB;70;70;0
60523;R. James;RB;84;84;0
60527;E. Haaland;CF;91;91;0
60530;F. Cartabia;RWF;77;77;0
60531;Beñat Prados;CMF;77;77;0
60532;Erik Morán;DMF;74;74;0
60533;Jon Gaztañaga;DMF;69;69;0
60543;F. Bahlouli;AMF;74;74;0
60546;T. Kastanaras;CF;63;63;0
60550;Saint-Maximin;LWF;77;77;0
60553;Samu;RMF;74;74;0
60554;A. Mitrović;CF;58;58;0
60558;Rubén Blanco;GK;73;73;0
60561;Miguel Román;CMF;74;74;0
60565;B. Petković;CF;72;72;0
60568;S. Perica;CF;74;74;0
60584;S. Lizana;AMF;66;66;0
60586;R. Osorio;CB;72;72;0
60590;S. Lucero;CB;61;61;0
60603;J. Verdugo;AMF;67;67;0
60607;J. Vallejos;GK;59;59;0
60608;A. Muñoz;CMF;68;68;0
60611;Wagner Leonardo;CB;71;71;0
60614;Pablo;CF;73;73;0
60618;Deyverson;CF;71;71;0
60626;Jaílson;RB;70;70;0
60630;B. Winterburn;DMF;62;62;0
60631;I. Pussetto;CF;69;69;0
60638;J. Zacaría;LMF;73;73;0
60639;R. Saracho;GK;67;67;0
60648;M. Ballini;DMF;71;71;0
60653;N. Paz;CB;70;70;0
60657;J. Calleri;CF;75;75;0
60659;S. Vittor;CB;68;68;0
60666;T. Bottari;DMF;71;71;0
60667;E. Triverio;CF;68;68;0
60670;F. Montero;RMF;69;69;0
60673;G. Rodríguez;DMF;78;78;0
60675;R. Carrera;CMF;75;75;0
60684;C. Aquino;AMF;73;73;0
60689;R. Martínez;CF;79;79;0
60690;Vitor Eudes;GK;64;64;0
60691;F. Vega;RB;70;70;0
60694;G. Simeone;CF;77;77;0
60707;Djavan Ferreira;LB;75;75;0
60716;L. Vila;CF;69;69;0
60718;A. Alcaraz;CF;58;58;0
60719;S. Beltrán;GK;73;73;0
60729;Sequeira;LB;70;70;0
60738;Ricardo Horta;LWF;73;73;0
60742;Coronas;RB;67;67;0
60743;J. King;AMF;74;74;0
60746;R. Majecki;GK;75;75;0
60760;Kenedy;LB;74;74;0
60776;Bruno Henrique;CMF;71;71;0
60781;André;DMF;78;78;0
60800;Y. Ndayishimiye;CB;75;75;0
60801;R. Ferreira;CB;73;73;0
60804;C. Terán;CB;71;71;0
60805;F. Balogun;LWF;67;67;0
60819;F. Balbuena;CB;71;71;0
60825;J. Gómez;RB;67;67;0
60835;R. Gagliardini;CMF;72;72;0
60842;M. Vermijl;RB;66;66;0
60855;M. Borja;CF;74;74;0
60863;J. Hunt;RB;72;72;0
60872;E. Rovini;SS;66;66;0
60874;Albizua;CB;70;70;0
60875;David Costas;CB;74;74;0
60877;N. Calabrese;CB;66;66;0
60883;B. Kamara;GK;69;69;0
60888;P. Soto Soto;GK;66;66;0
6089;Marinho;RWF;69;69;0
60891;D. Oyarzún;CB;66;66;0
60893;S. Diomandé;CB;74;74;0
60896;C. Kostoulas;CF;73;73;0
60898;C. Vega;CMF;66;66;0
60901;Y. Kaabouni;AMF;63;63;0
60904;Pedro Felipe;CB;69;69;0
60910;F. Honorat;RWF;78;78;0
60912;O. Diallo;LWF;61;61;0
60942;Rodriguinho;CMF;60;60;0
60957;Léo Bonatini;CF;75;75;0
60981;T. Lecanda;CB;66;66;0
60982;G. Castellón;GK;71;71;0
60986;U. Gündoğan;CMF;69;69;0
60990;Nagore;RB;68;68;0
60994;M. Rodríguez;RWF;72;72;0
60995;T. Baack;DMF;67;67;0
61001;K. Hidalgo;CB;66;66;0
61010;P. Galdames;CMF;72;72;0
61013;L. Figueroa;GK;65;65;0
61035;S. Driussi;CF;76;76;0
61036;E. Gómez;LB;75;75;0
61041;M. Dembélé;CF;67;67;0
61044;Z. Boucher;GK;65;65;0
61045;Ivan Cavaleiro;LWF;58;58;0
61047;Minhoca;LWF;72;72;0
61054;Víctor Camarasa;AMF;76;76;0
61062;G. Mastriani;CF;70;70;0
61068;D. Sinkgraven;LB;78;78;0
61069;M. Sarr;CB;77;77;0
61070;U. Đurđević;CF;71;71;0
61073;E. Crivelli;CF;73;73;0
61079;S. Johansen;CMF;58;58;0
61080;I. Rossi;AMF;60;60;0
61081;César Tárrega;CB;75;75;0
61089;T. Strakosha;GK;65;65;0
61095;A. Koné;CB;69;69;0
61104;S. Valdez;CB;70;70;0
61110;F. Monteseirín;CB;70;70;0
61113;J. Ibáñez;LMF;67;67;0
61119;A. Matusiwa;DMF;75;75;0
61128;Y. Cabral;CB;67;67;0
61130;E. Mammana;CB;74;74;0
61131;Jorge Cabello;CB;67;67;0
61132;V. Salazar;RB;71;71;0
61138;I. Maestro Puch;CF;68;68;0
61140;D. Veškovac;CB;71;71;0
61142;A. Diallo;CB;72;72;0
61144;E. Sahiti;RWF;78;78;0
61146;Jaume Doménech;GK;75;75;0
61147;Pau López;GK;78;78;0
61151;K. Günter;CB;67;67;0
61152;L. Ontivero;LWF;70;70;0
61155;L. Nielsen;CB;74;74;0
61157;U. Matić;CMF;69;69;0
61161;A. El Azzouzi;CMF;69;69;0
61164;A. Sanabria;CF;75;75;0
61167;H. Sandoval;CF;64;64;0
61168;Luiz Phellype;CF;68;68;0
61176;J. Kubicki;DMF;71;71;0
61181;J. Lingard;AMF;74;74;0
61182;H. Reed;CMF;72;72;0
61206;L. Olaza;LB;69;69;0
61229;R. Sandoval;SS;70;70;0
61237;J. Patiño;CB;69;69;0
61394;J. Sandoval;RB;69;69;0
61416;V. Reyes;GK;65;65;0
61420;T. Moffi;CF;73;73;0
61421;J. Kadile;LWF;70;70;0
61429;J. Sierra;CF;64;64;0
61457;E. Cardona;AMF;73;73;0
61458;O. Berrío;RWF;57;57;0
61461;C. Bonilla;GK;68;68;0
61475;J. Alonso;CB;72;72;0
61481;U. Ortegoza;DMF;68;68;0
61494;G. Cuéllar;DMF;72;72;0
61527;M. Arambarri;CMF;77;77;0
61578;C. Martínez;LWF;69;69;0
61583;C. Gonzáles;AMF;70;70;0
61594;E. Saavedra;RB;59;59;0
61613;L. Caicedo;CB;69;69;0
61641;Cacá;CB;69;69;0
61643;Y. Soteldo;LWF;72;72;0
61672;M. Ter Stegen;GK;84;84;0
61676;M. Hitz;GK;67;67;0
61681;M. Ginter;CB;83;83;0
61703;N. Mbuku;RMF;67;67;0
61715;M. Luongo;DMF;55;55;0
6182;S. Adamyan;CF;66;66;0
62006;Martins-Pereira;RB;70;70;0
62009;F. Melchiorri;CF;72;72;0
6220;A. Hadouir;AMF;74;74;0
6245;J. Hooiveld;CB;68;68;0
6259;R. Babel;LWF;61;61;0
6263;T. Vermaelen;CB;62;62;0
6265;H. Valdimarsson;GK;69;69;0
6268;E. Braafheid;LB;71;71;0
63045;F. Magnanelli;DMF;75;75;0
63054;B. Thomas;CB;74;74;0
63073;J. Sand;CF;78;78;0
63074;L. Romagnoli;AMF;73;73;0
63080;Verza;CMF;69;69;0
63086;H. Djibirin;RWF;68;68;0
63094;M. González;RMF;72;72;0
63105;J. Méndez;CMF;73;73;0
63108;L. Rosenior;RB;72;72;0
63146;M. Cahais;CB;69;69;0
63159;C. Früchtl;GK;70;70;0
63163;A. Cocco;CF;68;68;0
63174;S. Singh;AMF;68;68;0
63184;L. Otávio;CB;65;65;0
63189;L. Kilian;CB;68;68;0
63192;Yoel;GK;75;75;0
63196;L. Díaz;AMF;68;68;0
63201;D. Vera;CF;76;76;0
63225;M. Kramer;CF;56;56;0
63231;J. Hobbs;CB;70;70;0
63235;T. Cravero;DMF;64;64;0
63236;I. Blanco;CF;71;71;0
63244;D. Denoon;CB;62;62;0
63265;S. Özcan;DMF;74;74;0
63271;P. Oniangué;CMF;73;73;0
63274;H. Zeinstra;GK;68;68;0
63279;J. Bottinelli;CB;72;72;0
63282;A. Šiljević;GK;60;60;0
63285;V. Regini;LB;76;76;0
63287;J. Chester;CB;75;75;0
63289;D. Veselinović;CF;68;68;0
63294;V. Moreno;RB;66;66;0
63306;M. Pisseri;GK;65;65;0
63309;S. Zaza;CF;64;64;0
63322;Iago Falqué;RWF;64;64;0
63331;D. Alibec;CF;75;75;0
63333;L. Klimowicz;CF;62;62;0
63335;Matilla;CMF;69;69;0
63339;L. Jara;RB;70;70;0
63346;G. Vargas;LWF;73;73;0
63348;I. González;GK;70;70;0
63356;D. Lagos;LMF;72;72;0
63365;L. Marín;GK;69;69;0
63366;A. Rispoli;RB;72;72;0
63385;Juanfran;RB;62;62;0
63391;D. Cháves;CF;70;70;0
63392;I. Campo;RB;64;64;0
63398;A. Portillo;RB;64;64;0
63405;F. Bernal;DMF;74;74;0
63410;S. Gentiletti;CB;74;74;0
63413;G. Ávalos;CF;76;76;0
63416;E. Emegha;CF;78;78;0
63425;P. Calandria;CF;71;71;0
63428;G. Lencina;CF;67;67;0
63429;A. Machado;CF;68;68;0
63442;V. Muriqi;CF;81;81;0
63448;N. Marsman;GK;74;74;0
63450;A. Katai;RWF;75;75;0
63455;E. Sala;CF;77;77;0
63457;Luis Alberto;SS;61;61;0
63460;D.stracqualursi;CF;73;73;0
63462;B. Carrasco;RMF;70;70;0
63469;N. Katterbach;LB;68;68;0
63476;Renato Cajá;AMF;73;73;0
63483;L. Casanova;CB;68;68;0
63484;L. Domínguez;CB;70;70;0
63490;S. Drljača;GK;66;66;0
63492;El-Abdellaoui;RWF;72;72;0
63496;B. Kone;CMF;67;67;0
63504;Pedro Ferreira;AMF;62;62;0
63506;T. Hölscher;AMF;73;73;0
63508;J. Pelupessy;DMF;71;71;0
63511;F. Domínguez;CF;57;57;0
63521;J. Makengo;LB;72;72;0
63523;A. Vilches;CF;70;70;0
63536;R. Riou;GK;67;67;0
63541;N. Peric;GK;70;70;0
63542;V. Fiorillo;GK;69;69;0
63548;J. Grahl;GK;63;63;0
63560;Weverton;GK;75;75;0
63577;Iago Herrerín;GK;77;77;0
63582;L. Sepe;GK;74;74;0
63591;T. Kristensen;CB;74;74;0
63596;M. Torsiglieri;CB;73;73;0
63598;J. Sala;RB;76;76;0
63607;Fabinho;DMF;82;82;0
63610;M. Chiosa;CB;66;66;0
63611;J. van Overeem;CMF;74;74;0
63622;Claiton;CB;72;72;0
63629;A. Fatah;LWF;67;67;0
63648;S. Araujo;CF;78;78;0
63655;L. Mancinelli;RMF;64;64;0
63659;P. Barrios;CB;72;72;0
63661;M. Ledesma;GK;71;71;0
63665;J. Acosta;LWF;69;69;0
63666;Álex;AMF;69;69;0
63675;Reinildo;LB;80;80;0
63676;Ruben Fernandes;CB;70;70;0
63692;Antônio Carlos;CB;73;73;0
63700;Miguel Rosa;LWF;74;74;0
63704;Luís Felipe;RB;68;68;0
63708;Ezequiel;RB;72;72;0
63711;I. Ansah;CF;73;73;0
63714;Carles Pérez;RWF;72;72;0
63715;L. Pisculichi;AMF;73;73;0
63719;William;RB;72;72;0
63721;J. Correa;AMF;69;69;0
63725;F. Fragapane;LWF;66;66;0
63726;Geraldes;RB;70;70;0
63729;Bryan;LB;72;72;0
63735;Mayk;LB;68;68;0
63738;Portu;RWF;74;74;0
63765;Fransérgio;CMF;73;73;0
63771;B. Touré;LWF;78;78;0
63816;M. Bejarano;LB;68;68;0
63849;Ó. Vílchez;RMF;71;71;0
63858;S. Ribas;CF;70;70;0
63911;M. Ureña;SS;72;72;0
6400;G. Tremmel;GK;72;72;0
6408;P. Mertesacker;CB;62;62;0
64703;Face Edit 01;GK;58;58;0
64704;Face Edit 02;GK;58;58;0
64705;Face Edit 03;GK;58;58;0
64706;Face Edit 04;GK;58;58;0
64707;Face Edit 05;GK;58;58;0
64708;Face Edit 06;GK;58;58;0
64709;Face Edit 07;GK;58;58;0
64710;Face Edit 08;GK;58;58;0
64711;Face Edit 09;GK;58;58;0
64712;Face Edit 10;GK;58;58;0
64713;Face Edit 11;GK;58;58;0
64714;Face Edit 12;GK;58;58;0
64715;Face Edit 13;GK;58;58;0
64716;Face Edit 14;GK;58;58;0
64717;Face Edit 15;GK;58;58;0
64718;Face Edit 16;GK;58;58;0
64719;Face Edit 17;GK;58;58;0
64720;Face Edit 18;GK;58;58;0
64749;T. Jurić;CF;67;67;0
64878;Ahmed Doozandeh;CB;64;64;0
64924;A. al Sulaiheem;LMF;65;65;0
6500;B. Wilson;GK;68;68;0
65000;M. Röhl;AMF;74;74;0
65045;B. Valdez;CB;69;69;0
65151;L. Amarilla;CF;66;66;0
65258;M. Santos;CF;71;71;0
65276;S. Martínez;DMF;69;69;0
65288;D. Riolfo;RMF;65;65;0
6577;S. Pavlović;CB;78;78;0
6593;S. Farelli;GK;58;58;0
6621;S. Perilli;GK;67;67;0
6645;M. Canini;CB;70;70;0
6657;G. Pazzini;CF;61;61;0
6671;F. Lodi;DMF;70;70;0
6701;F. Brienza;SS;71;71;0
6715;G. Mesto;RB;72;72;0
7038;P. Álvarez;RB;74;74;0
7043;P. Ledesma;CMF;73;73;0
7054;D. Montenegro;AMF;74;74;0
7063;J. Carrizo;GK;62;62;0
7066;C. Nasuti;CB;74;74;0
7069;Gomes;GK;65;65;0
7170;D. Jones;CMF;72;72;0
7174;B. Jones;GK;64;64;0
7181;S. Downing;LMF;56;56;0
7238;Iraizoz;GK;65;65;0
7305;J. Elordi;LB;70;70;0
7312;Dani Alves;RB;67;67;0
7318;S. Chergui;CB;71;71;0
7327;Jesús Navas;RMF;61;61;0
7330;A. Bizzarri;GK;74;74;0
7461;César Arzo;CB;68;68;0
7500;Duda;AMF;57;57;0
7506;Alfon;LWF;75;75;0
7642;Hilton;CB;61;61;0
7697;C. Varrault;CB;70;70;0
7714;S. Armand;CB;74;74;0
7764;A. Yahia;CB;67;67;0
7766;M. Cetto;CB;73;73;0
7771;L. Pionnier;GK;74;74;0
7802;L. Lima;CMF;62;62;0
7806;M. Satriano;CF;77;77;0
7809;É. Didot;CMF;76;76;0
7814;Dante;CB;75;75;0
7836;M. Flamini;DMF;57;57;0
7840;S. Darbion;LMF;71;71;0
7858;Y. Jouffre;RWF;74;74;0
7860;J. Clément;DMF;74;74;0
7941;S. Carson;GK;74;74;0
7946;S. Davis;CMF;60;60;0
8006;M. Turner;CB;69;69;0
8064;I. Alonso;CF;74;74;0
8066;M. Breuer;CB;69;69;0
815;D. Beckham;RMF;74;74;0
816;P. Scholes;CMF;72;72;0
8165;G. Rodríguez;CB;65;65;0
822;S. Gerrard;CMF;74;74;0
830;Quim;GK;70;70;0
8302;Roberto;GK;68;68;0
8356;Toño;GK;72;72;0
840;L. Figo;RWF;72;72;0
8405;Xabi Prieto;AMF;79;79;0
8421;K. Huntelaar;CF;60;60;0
8454;Danny;AMF;62;62;0
852;Casillas;GK;69;69;0
8557;D. Thiam;GK;72;72;0
8574;H. Lloris;GK;75;75;0
8639;Piqué;CB;70;70;0
8663;M. Vaz;LB;59;59;0
8677;B. Grougi;AMF;69;69;0
8707;B. Gomis;CF;63;63;0
8725;R. Bianchi;CF;72;72;0
873;Esteban;GK;66;66;0
8734;R. Green;GK;62;62;0
8757;L. Seifert;CB;58;58;0
8817;P. Robinson;CB;66;66;0
8822;G. Rossi;CF;60;60;0
8849;E. Mancuso;RB;73;73;0
8873;A. Lucarelli;CB;71;71;0
8878;C. Maggio;RB;58;58;0
8940;H. Ben Arfa;AMF;62;62;0
8944;K. Benzema;CF;85;85;0
8946;S. Nasri;AMF;66;66;0
8957;A. Cerci;RWF;60;60;0
8978;S. Handanovič;GK;74;74;0
9001;A. Esposito;CB;67;67;0
9026;Alexis;CB;75;75;0
9028;C. Kum;CB;77;77;0
9043;P. Bardsley;RB;56;56;0
9069;M. Fledderus;LB;73;73;0
9095;M. Vorm;GK;67;67;0
9115;R. Cohade;CMF;58;58;0
9124;N. Douchez;GK;62;62;0
9133;Pepê;CB;68;68;0
9169;K. el Ahmadi;CMF;63;63;0
9182;J. Ménez;CF;60;60;0
9205;Fabri;CF;68;68;0
9210;J. Morrison;CMF;59;59;0
9212;Gabriel Batista;GK;72;72;0
9226;Pichu Cuéllar;GK;67;67;0
9242;Raúl García;AMF;67;67;0
9244;Moyà;GK;69;69;0
9248;A. Consigli;GK;68;68;0
9286;A. Rosati;GK;70;70;0
9309;Asier Riesgo;GK;73;73;0
9333;M. Osmajić;CF;71;71;0
9447;D. Wheater;CB;70;70;0
9515;A. Boruc;GK;64;64;0
9585;P. Dellafiore;CB;69;69;0
9597;J. Pereira;CF;70;70;0
9612;J. Valdivia;AMF;61;61;0
963;P. Maldini;CB;74;74;0
970;F. Totti;SS;63;63;0
