ID;Nombre;Posición;media
450;Emerson Sheik;CF;73
745;A. Hughes;CB;71
811;G. Barry;DMF;77
830;Quim;GK;70
852;Casillas;GK;81
983;G. Buffon;GK;89
1290;B. Lobonţ;GK;73
1638;Zé Roberto;LB;75
1664;L. Butrón;GK;69
1680;C. Álvarez;CB;70
1697;R. Santa Cruz;CF;77
1700;P. Da Silva;CB;76
1938;M. Carrick;DMF;80
2315;N. Burdisso;CB;75
2489;E. Kawashima;GK;74
2506;Pepe Reina;GK;83
2542;E. Moretti;CB;77
2560;J. Terry;CB;79
2660;T. Simons;DMF;71
2753;C. Rodríguez;LB;74
2951;S. Camara;CF;74
3191;P. Čech;GK;85
3200;C. Kameni;GK;79
3222;M. Stekelenburg;GK;76
3272;W. Caballero;GK;78
3498;J. O'Shea;CB;75
3522;J. Defoe;CF;80
3544;Borja Fernández;DMF;70
3581;G. Loovens;CB;70
3582;R. van Persie;CF;79
3603;D. De Rossi;DMF;83
3604;A. Aquilani;CMF;76
3605;C. Bovo;CB;74
3673;G. Lux;GK;74
3684;J. Gandolfi;CB;73
3688;A. Domínguez;AMF;75
3690;M. López;CF;74
3712;C. Tevez;CF;80
3726;J. Herrera;GK;75
3741;Joaquín;RWF;82
3848;V. Enyeama;GK;82
3876;J. Villar;GK;75
3882;S. Abreu;CF;72
3889;W. Ayoví;LB;74
3968;R. Weidenfeller;GK;78
3978;Edu Dracena;CB;75
3997;A. Robben;RWF;89
4006;S. Taylor;GK;68
4012;P. Crouch;CF;75
4013;P. Evra;LB;80
4016;J. Plašil;CMF;76
4019;C. Carrasso;GK;78
4039;Fábio;GK;76
4059;M. Brighi;CMF;73
4063;D. Bonera;CB;75
4070;F. Navarro;LB;75
4071;T. Motta;DMF;81
4073;Iniesta;CMF;87
4152;W. Rooney;AMF;80
4193;F. Coloccini;CB;74
4208;Fernando Torres;CF;81
4288;J. Bréchet;CB;73
4294;F. Balmont;CMF;73
4295;R. Vercoutre;GK;74
4320;F. Coppola;GK;68
4325;C. Terzi;CB;73
4339;D. Dainelli;CB;76
4376;S. Pellissier;CF;75
4395;A. Caracciolo;CF;72
4410;D. Pizarro;DMF;74
4412;Felipe;CB;77
4414;S. Muntari;DMF;74
4499;Ricardo Costa;CB;73
4522;C. Ronaldo;LWF;94
4526;R. Quaresma;RWF;79
4541;O. Deschacht;CB;73
4556;T. Sivok;CB;73
4565;V. Demirel;GK;76
4616;R. Rotan;CMF;76
4636;D. Srna;RB;79
4655;B. Cesar;CB;76
4738;A. Berezutski;CB;74
4739;S. Ignashevich;CB;75
4747;L. González;CMF;75
4761;A. Aguilar;DMF;74
4769;Luisão;CB;79
4871;V. Di Cesare;CB;69
4872;R. Huth;CB;77
4882;J. Milner;LB;80
4884;G. Johnson;RB;76
4918;W. Sneijder;AMF;82
4920;R. Zwinkels;GK;72
4928;A. Rosina;SS;71
4929;A. Gilardino;CF;74
4949;A. Mcgregor;GK;74
4953;A. Hutton;RB;73
4993;C. Baird;RB;75
5009;A. Yahia;CB;75
5069;M. Pinilla;CF;76
5404;D. Fletcher;CMF;76
5417;A. Le Tallec;CF;68
5428;A. Mirante;GK;75
5430;A. Lennon;RWF;74
5434;G. Whelan;DMF;76
5440;M. Borriello;CF;77
5451;D. Marney;CMF;71
5490;A. Gamberini;CB;77
5503;S. García;SS;78
5508;F. Agliardi;GK;70
5518;Albiol;CB;82
5537;A. Barzagli;CB;86
5538;J. Pinola;CB;76
5576;H. Yebda;CMF;74
5582;B. Bergougnoux;AMF;66
5583;F. Clerc;RB;73
5584;N. Mäenpää;GK;68
5603;D. Gastaldello;CB;76
5673;Tiago Gomes;LB;75
5770;V. Kompany;CB;85
5778;I. Akinfeev;GK;80
5847;Renato;DMF;79
5848;Luís Fabiano;CF;74
6080;S. Schaars;DMF;79
6089;G. Coutinho;GK;70
6093;R. Haemhouts;AMF;69
6150;D. Boer;GK;72
6182;A. Kruiswijk;LB;71
6220;A. Hadouir;AMF;74
6245;J. Hooiveld;CB;68
6259;R. Babel;LWF;77
6263;T. Vermaelen;CB;79
6265;I. Afellay;AMF;77
6334;D. Benaglio;GK;78
6408;P. Mertesacker;CB;79
6500;S. Riether;RB;73
6566;I. Abate;RB;78
6577;M. Domizzi;CB;71
6593;S. Farelli;GK;58
6621;A. Floro Flores;CF;72
6633;R. Palladino;LWF;74
6645;M. Canini;CB;70
6653;R. Montolivo;DMF;77
6657;G. Pazzini;CF;77
6693;G. Pandev;SS;73
6701;F. Brienza;SS;71
6864;Ahmed Fathy;CMF;71
6976;R. Gíslason;RMF;70
7030;M. Silvestre;CB;76
7038;P. Álvarez;RB;74
7043;P. Ledesma;CMF;73
7045;N. Cardozo;CMF;71
7054;D. Montenegro;AMF;74
7056;J. Mascherano;CB;82
7066;C. Nasuti;CB;74
7068;Artur Moraes;GK;71
7069;Gomes;GK;77
7084;Felipe Melo;DMF;80
7117;P. Guiñazú;DMF;74
7170;D. Jones;CMF;73
7174;B. Jones;GK;76
7181;S. Downing;LMF;73
7199;G. O'Neil;CMF;69
7238;Iraizoz;GK;77
7303;Gabi;CMF;83
7305;Toché;CF;74
7312;Dani Alves;RB;84
7327;Jesús Navas;RMF;78
7329;Sergio Ramos;CB;88
7330;A. Bizzarri;GK;74
7435;L. Ponzio;DMF;79
7461;César Arzo;CB;68
7474;Nenê;AMF;76
7484;Ramis;CB;76
7506;José Jurado;LWF;79
7507;Juanfran;RB;82
7511;L. Messi;RWF;94
7642;Hilton;CB;78
7697;C. Varrault;CB;71
7704;Y. Hadji;CF;73
7771;L. Pionnier;GK;74
7781;Y. Pelé;GK;79
7782;M. Bodmer;DMF;75
7793;B. Sagna;RB;81
7806;J. Blayac;CF;69
7809;É. Didot;CMF;76
7814;Dante;CB;81
7817;J. Mathieu;CB;80
7823;S. Diarra;LWF;69
7836;M. Flamini;DMF;74
7840;S. Darbion;LMF;71
7841;B. Assou-Ekotto;LB;71
7845;S. Baradji;DMF;61
7857;G. Bourillon;CB;72
7858;Y. Jouffre;RWF;74
7860;J. Clément;DMF;75
7866;L. Obraniak;AMF;71
7873;A. Mvuemba;CMF;74
7878;J. Briand;CF;78
7880;M. Debuchy;RB;77
7927;D. Pratley;CMF;68
7941;S. Carson;GK;74
7946;S. Davis;CMF;77
7959;Fàbregas;CMF;85
7973;J.Antonio Reyes;RWF;77
8032;T. Cahill;CMF;70
8059;Andrea Orlandi;RMF;71
8066;M. Breuer;CB;69
8070;M. El Hamdaoui;CF;73
8165;G. Rodríguez;CB;82
8302;Roberto;GK;69
8310;Javi Fuego;DMF;77
8356;Toño;GK;72
8374;I. Uche;CF;71
8377;Manu del Moral;LWF;69
8405;Xabi Prieto;AMF;78
8408;A. Mcgeady;RWF;75
8421;K. Huntelaar;CF;77
8441;M. Krohn-Dehli;LWF;78
8454;Danny;AMF;78
8557;J. Hartock;GK;62
8572;S. Roudet;AMF;72
8574;H. Lloris;GK;87
8637;A. Anyukov;RB;73
8639;Piqué;CB;87
8662;B. Costil;GK;80
8663;S. Elana;GK;72
8677;B. Grougi;AMF;69
8701;L. Perrin;CB;80
8707;B. Gomis;CF;80
8734;R. Green;GK;74
8757;B. Watson;CMF;72
8760;W. Routledge;LWF;74
8770;L. Bonnefoi;GK;62
8771;M. Storari;GK;74
8817;P. Robinson;CB;66
8822;G. Rossi;CF;76
8823;P. Guerrero;CF;79
8846;A. Dejagah;RMF;75
8849;J. Speroni;GK;73
8851;G. Chiellini;CB;88
8873;A. Lucarelli;CB;70
8878;C. Maggio;RB;76
8920;Momo;LWF;76
8921;Rubén Castro;CF;79
8940;H. Ben Arfa;AMF;80
8944;K. Benzema;CF;87
8957;A. Cerci;RWF;77
8959;D. Padelli;GK;77
8978;S. Handanovič;GK;86
8984;A. Gyan;CF;79
9001;A. Esposito;CB;67
9026;Alexis;CB;76
9028;C. Kum;CB;77
9034;Vágner Love;CF;74
9039;S. Andersen;GK;68
9042;K. Schmeichel;GK;84
9043;P. Bardsley;RB;73
9047;Rodrigo Defendi;CB;68
9060;Bruno Alves;CB;77
9087;J. Peters;CB;73
9095;M. Vorm;GK;79
9115;R. Cohade;CMF;75
9121;J. Leca;GK;76
9124;N. Douchez;GK;74
9133;Pepe;CB;85
9138;João Moutinho;CMF;81
9152;G. Fernández;AMF;73
9155;Casto;GK;71
9167;R. Pasveer;GK;72
9169;K. El Ahmadi;CMF;80
9193;Filipe Luis;LB;86
9210;J. Morrison;CMF;75
9211;A. Taylor;LB;67
9214;Pedro López;RB;71
9226;Pichu Cuéllar;GK;76
9235;Miguel Flaño;CB;71
9242;Raúl García;AMF;83
9244;Moyà;GK;81
9248;A. Consigli;GK;80
9284;M. Zambelli;RB;71
9286;A. Rosati;GK;70
9291;J. Valdés;CMF;74
9308;Diego López;GK;82
9309;Asier Riesgo;GK;73
9317;A. Turan;LWF;82
9333;M. Gobbi;LB;75
9341;M. Gómez;CF;82
9347;C. Adam;CMF;77
9375;Santi Cazorla;CMF;84
9378;Javi García;DMF;80
9379;Rubén;GK;72
9406;Y. Kaboul;CB;75
9418;Y. Gourcuff;AMF;79
9421;H. Bedimo;LB;76
9425;S. Larsson;CMF;74
9428;P. Mcshane;CB;72
9447;D. Wheater;CB;70
9452;N. Onuoha;CB;74
9515;A. Boruc;GK;75
9534;C. Gordon;GK;75
9541;J. Collins;CB;76
9564;D. Barreto;GK;72
9567;C. Bravo;GK;80
9571;A. Rodríguez;CB;74
9584;M. Felgueiras;GK;70
9585;P. Dellafiore;CB;69
9597;J. Pereira;CF;70
9602;J. Djourou;CB;76
9612;J. Valdivia;AMF;78
11034;Edmilson;CF;70
11055;K. Honda;AMF;77
15050;S. Okazaki;CF;78
15097;S. Nishikawa;GK;72
15261;M. Morishige;CB;73
15312;T. Makino;CB;74
15320;S. Kagawa;AMF;81
15329;Thiago Neves;AMF;76
15408;S. Doumbia;CF;77
15416;Lucas Chiaretti;AMF;65
15430;Márcio Araújo;DMF;73
15433;M. Yoshida;CB;78
15446;T. Inui;LWF;79
15527;S. Kurata;LMF;72
15808;H. Sakai;RB;79
15814;Y. Nagatomo;LB;75
15883;D. Suzuki;CB;68
15893;H. Kiyotake;AMF;77
15965;R. Morioka;AMF;75
16020;Y. Kobayashi;RWF;70
16073;M. Špiranović;CB;71
16079;Rafael Marques;CF;73
16245;R. Kruse;RWF;72
16303;Y. Kobayashi;AMF;73
16345;G. Shoji;CB;72
16346;G. Shibasaki;CMF;71
16474;W. Endo;CB;72
16501;Y. Kubo;CF;75
16728;T. Asano;LWF;71
16823;N. Ueda;CB;71
16851;S. Nakajima;AMF;70
30012;D. Capelli;CB;71
30013;M. Motta;RB;68
30044;G. Zuiverloon;RB;71
30057;U. Emanuelson;LMF;72
30059;K. Vermeer;GK;78
30074;J. van Den Berg;CMF;74
30108;Paulo Machado;DMF;72
30113;R. Palacio;CF;77
30117;E. Gutiérrez;CF;71
30122;F. Gago;DMF;78
30173;D. Lugano;CB;72
30186;E. Da Silva;CF;75
30189;V. Behrami;DMF;77
30196;S. Proto;GK;73
30199;Y. Zhirkov;LB;76
30202;M. Umaña;CB;73
30210;Y. Touré;CMF;84
30235;G. Castro;CMF;83
30238;Adriano;LB;75
30277;Llorente;CF;80
30313;Ederson;AMF;74
30315;S. Bamba;CB;72
30316;S. Pouplin;GK;72
30323;K. Gameiro;CF;83
30324;D. Congré;CB;75
30345;M. Dawson;CB;74
30346;E. Hallfreðsson;CMF;76
30367;J. Sorbon;CB;75
30385;Danilo;AMF;73
30429;Jádson;AMF;74
30447;Y. Cabaye;CMF;80
31018;Bruno Gama;RWF;75
31019;Miguel Veloso;DMF;80
31043;V. Casadesús;CF;69
31044;R. Falcao;CF;84
31045;Peña;LB;67
31048;D. Dessena;CMF;75
31052;Fernandinho;DMF;82
31059;D. Chygrynskiy;CB;73
31060;A. Fedetskiy;RB;73
31169;M. Rosenberg;CF;74
31170;D. Basta;RB;79
31221;A. Valencia;RB;83
31325;W. Janssen;CB;75
31378;A. Masiello;CB;78
31380;A. Rosi;RB;74
31381;S. Okaka;CF;78
31483;R. Vlaar;CB;79
31486;Xisco;CF;72
31979;D. Bent;CF;71
32008;W. Kvist;DMF;73
32021;A. Tettey;DMF;73
32028;M. Chrétien;CB;70
32038;J. Brison;LB;71
32046;A. Raggi;CB;77
32062;M. Andreolli;CB;75
32069;M. Fofana;CB;67
32135;W. Hennessey;GK;78
32139;C. Brunt;RMF;77
32152;D. Perquis;CB;71
32156;G. Danic;AMF;69
32159;B. Matuidi;CMF;83
32160;B. Nivet;AMF;71
32189;S. Sorrentino;GK;78
32192;A. Mantovani;CB;68
32199;F. Quagliarella;CF;78
32205;D. Whitehead;CMF;70
32212;D. Murphy;CF;73
32220;L. Baines;LB;82
32234;M. Noble;CMF;77
32262;A. Coda;CB;67
32299;Sherif Ekramy;GK;70
32312;R. Klavan;CB;78
32313;M. Dembélé;CMF;84
32324;A. Cossu;AMF;74
32338;U. Hünemeier;CB;73
32339;N. Şahin;DMF;80
32353;C. Samba;CB;76
32385;G. Cahill;CB;84
32386;J. Ruddy;GK;75
32388;M. Richards;CB;74
32389;T. Huddlestone;DMF;79
32395;S. Lichtsteiner;RB;81
32396;Vasco Fernandes;CB;73
32436;L. López;CF;78
32461;B. Foster;GK;79
32462;L. Diarra;DMF;79
32464;C. Bolaños;RWF;76
32470;Vitolo;DMF;75
32475;E. Enza-Yamissi;DMF;68
32485;T. Krul;GK;78
32491;S. Ireland;AMF;72
32493;E. Lavezzi;LWF;79
32498;M. Lacen;DMF;73
32549;Reginaldo;RWF;66
32559;J. Moulin;GK;70
32561;M. Dabo;RB;72
32566;B. Dramé;LB;73
32568;A. Kantari;CB;72
32578;K. Mirallas;RWF;81
32585;Naldo;CB;80
32586;João Miranda;CB;85
32589;P. Zabaleta;RB;78
32595;Bellvís;LB;67
32598;J. Choplin;CB;69
32607;Nani;RWF;81
32618;L. Schöne;CMF;80
32628;C. Del Grosso;LB;67
32651;D. Biondini;CMF;73
32653;L. Rigoni;CMF;77
32657;J. Gutiérrez;LMF;76
32668;R. Elliot;GK;74
32694;L. Greco;CMF;72
32734;M. Pasqual;LB;76
32764;S. Sirigu;GK;77
32765;M. Andújar;GK;76
32773;A. Barillà;CMF;68
32780;J. Rojas;CB;69
32795;C. Riveros;DMF;73
32806;D. Vaughan;DMF;68
32825;S. Brown;CMF;75
32827;J. Ďurica;CB;77
32828;M. Škrtel;CB;79
32844;R. Jarstein;GK;79
32890;V. Berezutski;CB;75
33029;A. Romao;DMF;72
33041;M. Shojaei;AMF;72
33075;L. De Silvestri;RB;78
33079;L. Bonucci;CB;88
33104;L. Cigarini;DMF;76
33107;A. Bernardini;CB;71
33110;D. Soddimo;LMF;71
33114;C. Zapata;CB;77
33134;L. Giorgi;CMF;70
33146;D. Marcellis;CB;73
33150;R. van Eijden;CB;73
33159;R. Beerens;RWF;74
33185;M. Neuer;GK;91
33194;Sergio Sánchez;CB;73
33198;M. Diamé;AMF;74
33209;Mikel González;CB;73
33210;Agirretxe;CF;77
33218;Jesús Gámez;RB;75
33230;F. Amorebieta;CB;71
33237;David Silva;AMF;87
33238;Sergio Álvarez;GK;78
33250;Barragán;RB;73
33258;S. Aluko;RWF;74
33266;C. Davies;CB;75
33290;S. Gakpé;RWF;74
33291;T. Mangani;CMF;78
33292;L. Agouazi;DMF;66
33301;R. Gurtner;GK;61
33307;Jô;CF;76
33317;Fábio Ferreira;CB;71
33461;R. Raldes;CB;64
33473;W. Flores;DMF;71
33477;J. Arce;RWF;72
33491;G. Torres;CF;65
33604;F. Tissone;CMF;73
33610;D. Holla;CMF;70
33633;G. Higuaín;CF;89
33643;M. Benatia;CB;82
33669;A. Costa;CB;76
33670;F. Della Rocca;CMF;70
33675;A. Mounier;LWF;73
33684;R. Leeuwin;CB;72
33700;T. Walcott;RWF;82
33702;S. Agüero;CF;88
33727;Roberto Jiménez;GK;80
33734;Aduriz;CF;83
33739;Rafinha;AMF;73
33740;Felipe;GK;70
33745;Jonas;SS;83
33759;E. Martins;SS;81
33784;Soldado;CF;79
33799;M. Hamšík;CMF;86
33802;E. Viviano;GK;81
33806;G. Perrulli;LMF;65
33808;F. Campbell;CF;70
33814;D. Tošić;CB;74
33817;G. Bong;LB;73
33857;S. Floccari;CF;74
33874;M. Connolly;CB;71
33876;V. Mannone;GK;74
33878;B. Pereirinha;RB;67
33887;D. Brivio;LB;72
33901;J. Janse;RB;63
33909;C. Gardner;CMF;73
33910;G. Agbonlahor;LWF;70
33916;L. Cattermole;DMF;74
33920;M. Mcglinchey;LWF;67
33940;R. Civelli;CB;76
33944;E. Garay;CB;80
33962;A. Hutchinson;DMF;79
33986;D. Astori;CB;81
33994;V. Anita;RB;73
34002;Kiko Casilla;GK;81
34004;David Barral;CF;71
34005;Álvaro Negredo;CF;78
34007;Borja Valero;CMF;82
34025;J. Maidana;CB;79
34026;N. Domingo;DMF;74
34098;L. Modrić;CMF;89
34104;R. Azofeifa;DMF;76
34108;A. Guardado;CMF;81
34112;N. Rutjes;DMF;65
34128;J. Hyka;AMF;71
34135;Martin Olsson;LB;73
34140;M. Milligan;DMF;73
34431;A. Pyatov;GK;79
34432;B. Džemaili;CMF;77
34437;Ł. Fabiański;GK;80
34461;J. Ledley;CMF;75
34464;O. Vizcarrondo;CB;77
34475;D. Godín;CB;87
34479;R. Cruzado;CMF;73
34487;M. Pinto;GK;71
34488;M. Zenteno;CB;70
34489;G. Jara;CB;77
34491;M. Iturra;DMF;72
34494;A. van Peppen;LB;73
34495;L. Bruins;CMF;71
34513;M. Amalfitano;RWF;75
34536;R. Salin;GK;73
34537;J. Marveaux;DMF;74
34540;K. Ziani;AMF;70
34544;J. Morel;LB;74
34606;P. Baysse;CB;79
34611;D. Payet;LWF;83
34614;S. Sidwell;CMF;71
34626;S. Long;CF;77
34630;A. Federici;GK;73
34638;A. Mariappa;CB;70
34641;A. Young;LMF;78
34657;P. Jagielka;CB;80
34672;S. Quinn;CMF;70
34680;Mateus;LWF;69
34682;Paco Montañés;LWF;69
34698;Michel Bastos;LMF;74
34704;R. Boukari;RWF;65
34750;C. Jallet;RB;76
34772;M. Cassani;RB;71
34781;C. Mulgrew;CB;71
34783;L. Biglia;DMF;83
34784;M. Boussoufa;AMF;77
34786;V. Odjidja-Ofoe;CMF;76
34787;M. Obbadi;CMF;72
34798;M. Antonsson;CB;71
34799;José Fonte;CB;80
34805;M. Valbuena;AMF;80
34813;M. Arnautović;LMF;81
34820;B. van Polen;RB;73
34827;J. Hart;GK;81
34836;M. Da Costa;CB;74
34843;C. Louvion;CB;65
34845;M. Coutadeur;CMF;71
34848;S. Marveaux;AMF;74
34849;R. Danzé;RB;75
34850;P. Diop;DMF;77
34868;Rui Patrício;GK;82
34869;Yannick Djaló;SS;70
34873;Diego Souza;AMF;79
34876;R. Vormer;CMF;76
34878;J. Lens;LWF;78
34881;L. Suárez;CF;92
34882;R. Donk;DMF;76
34892;V. Birsa;AMF;80
34896;D. Bassi;GK;72
34900;Rafael Sóbis;SS;75
34905;J. Vertonghen;CB;84
34908;Marcelo;LB;88
34918;M. Izco;CMF;73
34929;D. d'Ambrosio;RB;79
34938;T. Berni;GK;68
34939;M. Diakité;CB;72
34944;G. Peñalba;CMF;73
34974;A. Ogbonna;CB;80
34979;S. Pesce;CMF;67
34982;C. Marchisio;CMF;85
34991;K.monnet-Paquet;LWF;74
34993;M. Biševac;CB;77
35002;S. Ruffier;GK;80
35006;K. Das Neves;DMF;63
35019;L. Rémy;CF;78
35034;C. Chantôme;DMF;73
35060;P. van Moorsel;AMF;67
35076;M. Sulejmani;LMF;76
35086;E. Pieters;LB;75
35092;Bruno;DMF;83
35097;Adrián;SS;76
35099;C. Fernández;LB;69
35104;de las Cuevas;RMF;70
35108;Javi Martínez;CB;86
35109;Beñat;CMF;82
35110;Nacho Monreal;LB;81
35120;Alfaro;RWF;69
35122;Javi Varas;GK;74
35123;F. Fazio;CB;83
35124;Ó. Trejo;AMF;77
35125;de la Bella;LB;74
35126;G. Herrera;CF;74
35129;Miguel Torres;RB;75
35143;B. Sahar;LWF;72
35165;Kazim-Richards;CF;71
35173;A. Carroll;CF;78
35174;J. Troisi;AMF;74
35180;N. El Zhar;RWF;76
35184;A. Traoré;LB;70
35189;A. Taarabt;AMF;74
35191;A. Granqvist;CB;74
35200;J. Cavalli;AMF;70
35207;David Luiz;CB;84
35216;N. Pareja;CB;80
35219;M. Topal;DMF;80
35226;V. Gabulov;GK;70
35232;V. Torosidis;RB;74
35239;D. Mbokani;CF;78
35243;J. Dátolo;AMF;74
35244;N. Bertolo;LMF;78
35249;M. Caranta;GK;69
35250;É. Banega;AMF;83
35252;M. Rubén;CF;80
35272;Luiz Adriano;CF;78
35281;Muriel;GK;71
35289;M. Janko;CF;75
35321;P. Bengtsson;LB;75
35324;Åhman-Persson;DMF;71
35344;M. Mariga;DMF;70
35394;J. Johansson;CMF;73
35397;P. Wernbloom;DMF;80
35400;R. Sigurðsson;CB;72
35434;H. Droguett;AMF;70
35435;L. Figueroa;RWF;69
35446;M. Pereira;RB;80
35457;M. Torres;AMF;77
35462;Manucho G.;CF;68
35476;Z. Kuzmanović;CMF;74
35477;E. Cavani;CF;87
35481;C. Puggioni;GK;75
35483;L. Grimi;LB;69
35492;A. Jaakkola;GK;63
35496;G. Bale;RWF;90
35498;O. Kucher;CB;75
35499;C. Fuchs;LB;77
35502;Z. Junuzović;AMF;78
35504;A. Mannus;GK;71
35505;J. Evans;CB;78
35508;K. Lafferty;CF;72
35509;V. Ćorluka;CB;78
35514;B. Jokić;LB;73
35518;M. Novakovič;CF;69
35532;S. Defour;CMF;77
35535;Błaszczykowski;RMF;80
35548;Ş. Radu;LB;78
35873;A. Hayashi;GK;72
35876;Azpilicueta;CB;84
35878;Lucas Leiva;DMF;80
35881;M. Pavone;CF;76
35882;M. Zárate;SS;77
36149;Elustondo;CB;73
36156;Javi Guerra;CF;71
36203;M. Suchý;CB;77
36207;B. Dočkal;AMF;73
36213;D. Švento;LB;75
36217;T. Necid;CF;74
36246;C. Erkin;LB;78
36288;G. Wijnaldum;CMF;81
36332;C. Théréau;CF;78
36343;N. Mihaylov;GK;71
36356;P. Kone;CMF;72
36358;Sokratis P.;CB;84
36361;P. Hetemaj;CMF;75
36396;B. Ivanović;CB;81
36431;B. Kayal;CMF;74
36434;L. Refaelov;RWF;74
36435;T. Hemed;CF;75
36556;J. Hernández;CF;80
36599;W. Montillo;SS;72
36625;I. Rakitić;CMF;85
36627;Y. Sommer;GK;83
36659;D. Nugent;CF;71
36666;D. Criscito;CB;80
36671;E. Calaiò;CF;72
36685;Pedro León;RWF;81
36703;D. Ospina;GK;79
36704;C. Zúñiga;LMF;73
36714;A. Vidal;CMF;88
36718;A. Sánchez;LWF;89
36723;P. Quiñónez;DMF;74
36727;F. Muslera;GK;81
36764;A. Kolarov;LB;80
36765;Bojan;SS;76
36766;Mata;AMF;85
36768;F. Forster;GK;77
36769;M. Hummels;CB;87
36770;T. Kroos;CMF;88
36774;Fernando;DMF;77
36788;Adrien Silva;CMF;81
36795;K. Papadopoulos;CB;74
36797;K. Mitroglou;CF;80
36807;M. Jørgensen;CB;76
36817;M. Mandžukić;CF;84
36832;G. Gönül;RB;76
36844;E. Derdiyok;CF;76
36845;M. Morganella;RB;73
36847;F. Frei;CMF;76
36848;V. Stocker;AMF;77
36857;O. Karnezis;GK;80
36867;Fábio Coentrão;LB;75
36870;Aythami Artiles;CB;74
36874;Adrián;CMF;78
36875;Bueno;SS;74
36876;Pablo Hernández;AMF;76
36877;Diego Costa;CF;86
36878;Raúl Fernández;GK;71
36880;Isma López;LB;73
36888;M. Cáceres;CB;80
36893;A. Pearce;CB;73
36895;B. Sharp;CF;70
36896;C. Jerome;CF;72
36918;Diego Alves;GK;82
36938;D. Gorter;LB;70
36941;E. Mulder;GK;74
36943;Cássio;GK;77
36944;S. Rajković;CB;70
36945;Fágner;RB;79
36949;S. Romero;GK;79
36962;R. Koolwijk;CMF;74
36967;N. Amrabat;LWF;79
36986;Y. Gervinho;LWF;80
36988;S. Bouhours;LB;68
36990;Y. Brahimi;LMF;82
36992;F. Lemoine;DMF;77
36998;E. Hazard;LWF;89
37000;A. Rami;CB;80
37015;D. Bakar;RWF;68
37016;V. Muratori;LB;71
37017;M. Sakho;CB;82
37018;D. Digard;DMF;71
37021;Y. Sankhare;CMF;80
37026;S. Mandanda;GK;81
37028;A. Ayew;LWF;80
37030;V. Nogueira;CMF;71
37031;M. Dreyer;GK;66
37032;Y. Benalouane;CB;75
37035;M. Sissoko;RMF;78
37036;C. M'Bengue;LB;75
37039;C. Sánchez;DMF;79
37047;O. Sissoko;GK;66
37052;L. Fejsa;DMF;81
37053;V. Bessat;LB;77
37054;A. Raineau;LB;70
37065;M. Schneiderlin;DMF;82
37066;Q. Othon;DMF;71
37070;A. Weber;CB;75
37078;R. Shawcross;CB;78
37086;M. Kelly;RB;74
37094;D. Sturridge;CF;82
37095;G. Fernandes;DMF;76
37106;Á. Di María;RWF;86
37109;D. Buonanotte;AMF;74
37114;M. Musacchio;CB;82
37129;S. Ujkani;GK;73
37132;E. Cascione;CMF;70
37134;N. Cherubin;CB;73
37140;M. Darmian;LB;79
37144;A. Matri;CF;76
37147;M. Sau;CF;75
37151;A. Diamanti;SS;74
37153;F. Moretti;CMF;64
37155;H. Campagnaro;CB;76
37158;M. Volta;CB;73
37159;A. Poli;CMF;76
37169;M. Rubin;LB;68
37174;S. Iacoponi;RB;67
37185;G. Castro;LWF;77
37186;Granero;CMF;75
37187;Susaeta;RWF;77
37197;S. Padoin;CMF;76
37198;G. Pegolo;GK;73
37201;D. Rose;LB;81
37219;F. Đorđević;CF;76
37250;Leandro Castán;CB;78
37257;P. Tytoń;GK;75
37260;Henrique;DMF;77
37268;A. Paloschi;CF;76
37269;Antunes;LB;77
37271;A. Bogdán;GK;73
37274;D. Simpson;RB;76
37277;San José;DMF;81
37284;D. Gosling;CMF;74
37286;J. Rodwell;DMF;76
37289;J. Steele;GK;69
37291;A. Begović;GK;80
37293;C. Gunter;RB;75
37294;J. Tomkins;CB;77
37299;D. Cacia;CF;72
37304;C. Stuani;RMF;73
37306;M. Balotelli;CF;81
37307;F. Bolzoni;CMF;67
37314;Vitor Gomes;CMF;73
37323;I. Radovanović;DMF;78
37327;L. Antonelli;LB;78
37330;L. Rossettini;CB;77
37336;A. Candreva;RMF;83
37337;M. Isla;RMF;76
37338;L. Mchedlidze;CF;75
37343;N. Navarro;GK;70
37345;F. Di Santo;CF;75
37346;J. Karacan;CMF;65
37359;Kiko Olivas;CB;66
37377;A. Fernández;GK;75
37379;Kike Sola;CF;69
37383;Iborra;DMF;80
37388;Sergio Asenjo;GK;83
37391;Alberto García;GK;70
37398;K. Mangane;CB;71
37403;Y. M'Vila;DMF;78
37414;S. Privat;CF;75
37416;E. Capoue;DMF;79
37422;M. Pjanić;CMF;85
37429;van der Heijden;CB;77
37430;S. de Jong;AMF;77
37431;J. Goossens;LMF;72
37433;L. Fer;CMF;77
37436;T. Matavž;CF;75
37437;H. Moreno;CB;80
37438;M. Vejinovic;CMF;75
37440;A. Gunnarsson;CMF;75
37445;E. Duplan;RWF;72
37448;A. Büttner;LB;75
37470;G. Gillet;DMF;80
37477;S. Naismith;SS;76
37496;P. Tachtsidis;DMF;77
37499;H. Balta;CB;77
37506;J. García;GK;73
37509;F. Monzón;LB;73
37510;P. Mouche;SS;75
37511;F. Roncaglia;CB;79
37512;G. Cabral;CB;78
37522;Rabiola;CF;69
37527;N. Tomović;CB;76
37531;G. Denis;CF;74
37534;N. Asare;CB;76
37536;K. Asamoah;LB;80
37601;O. Merlo;CB;70
37602;D. Pudil;LB;70
37638;E. Džeko;CF;85
37650;G. Makaridze;GK;69
37707;A. El Mohamady;RMF;74
37721;I. Khune;GK;63
37817;S. Prödl;CB;75
37818;M. Harnik;CF;78
37824;M. Fellaini;CMF;80
37827;A. Witsel;CMF;83
37829;P. Zanev;LB;67
37830;I. Popov;AMF;74
37842;M. Buzaglo;AMF;66
37846;A. Rukavina;RB;77
37850;T. Hubočan;CB;76
37862;C. Toselli;GK;75
37871;A. Ramírez;CMF;73
37874;M. Banguera;GK;72
37879;V. Cáceres;DMF;75
37894;J. Campos;AMF;71
37899;M. Martins;CF;74
37901;T. Rincón;DMF;79
37907;B. Ruiz;LWF;77
37944;Edinho;CF;75
37951;S. Fletcher;CF;73
37960;V. Faizulin;CMF;71
37967;G. Mcauley;CB;77
37976;André Leão;DMF;73
37982;E. Stăncioiu;GK;66
38013;Gebre Selassie;RB;76
38022;D. Cvitanich;CF;75
38032;L. Immers;AMF;70
38036;D. Janmaat;RB;77
38043;A. Meijers;LB;73
38051;S. Jovetić;CF;80
38054;S. Kjær;CB;81
38060;S. Bocchetti;CB;77
38061;D. Di Gennaro;DMF;75
38062;A. Ekdal;CMF;73
38066;S. Bentivoglio;CMF;72
38072;G. Vives;DMF;74
38073;G. Munari;CMF;71
38080;D. Stockdale;GK;73
38081;K. Gibbs;LB;78
38082;A. Ramsey;CMF;83
38087;L. Daniels;GK;67
38089;G. Myhill;GK;74
38112;R. Shotton;CB;72
38115;L. Acosta;LWF;78
38118;C. Álvarez;GK;72
38120;José Callejón;RWF;85
38121;Toquero;RWF;72
38122;P. Piatti;LWF;81
38124;Míchel;RB;75
38129;Eliseu;LB;80
38146;Canella;LB;70
38152;Lora;RB;73
38169;J. Féret;AMF;75
38170;A. N'Diaye;DMF;76
38175;M. Dalé;CF;64
38179;Y. Thuram;GK;66
38181;N. N'Koulou;CB;80
38184;G. Hoarau;CF;76
38187;F. Duplus;RB;74
38188;M. Martin;AMF;70
38190;R. Boudebouz;AMF;80
38192;E. Butin;CF;65
38194;F. Tabanou;LB;75
38199;R. van la Parra;RWF;71
38201;G. N'Dy Assembé;GK;71
38211;S. Feghouli;RWF;78
38240;M. Özil;AMF;88
38247;Rolando;CB;76
38253;Lazaros Ch.;CMF;74
38257;I. Scocco;CF;80
38261;A. Yarmolenko;RMF;80
38262;M. Suárez;SS;74
38264;L. Ciman;CB;77
38274;D. Moreno;SS;80
38287;J. Forlín;CB;71
38288;E. Muñoz;CB;77
38293;Agenor;GK;65
38295;Taison;AMF;80
38297;Willian;RWF;85
38308;J. Ortiz;CMF;74
38323;M. Tørnes;GK;68
38338;D. Wass;AMF;79
38341;P. Morales;AMF;74
38345;M. Badelj;DMF;80
38346;D. Lovren;CB;80
38352;D. Welbeck;CF;81
38353;Diego Cavalieri;GK;77
38358;M. Wilson;CB;74
38362;L. Cooper;CB;71
38365;C. Carmona;CMF;72
38366;G. Bonaventura;CMF;82
38369;N. Belmonte;CB;70
38372;M. Marin;AMF;74
38374;G. Sansone;CF;72
38380;L. Vitale;LB;73
38381;N. Frey;RB;73
38387;M. Coda;CF;67
38395;T. Breukers;RB;69
38400;van Wolfswinkel;CF;76
38403;E. Room;GK;74
38416;D. Escudero;AMF;75
38422;M. Dossevi;RMF;75
38439;I. Perišić;LWF;84
38442;E. Rivière;CF;70
38444;D. Perquis;GK;67
38448;L. Nestor;CB;63
38452;E. Falkenburg;AMF;73
38456;R. Ruiter;GK;73
38458;B. Saré;DMF;70
38461;Fellipe Bastos;DMF;69
38462;David Rodríguez;CF;71
38463;Daniel Carriço;CB;76
38473;Chico Flores;CB;75
38475;M. Antenucci;CF;74
38477;L. Kozák;CF;71
38482;S. Morero;CB;64
38489;O. Assaidi;LWF;72
38491;L. de Jong;CF;80
38499;K. Strootman;CMF;84
38502;B. Safari;LB;73
38509;R. Martínez;CMF;77
38511;A. Lamas;CB;68
38512;Henrique;CB;74
38514;M. Galmarini;RB;72
38531;G. Marilungo;SS;73
38534;M. Britos;CB;76
38536;D. Meyler;CMF;73
38539;J. Fontaine;CMF;69
38556;M.Van der Werff;CB;72
38567;Pedro;RWF;83
38568;Sergio Busquets;DMF;87
38569;Víctor Sánchez;CMF;75
38576;T. Elyounoussi;SS;72
38587;F. Casarini;DMF;70
38589;Fábio;LB;74
38590;Rafael;RB;80
38593;T. Cleverley;CMF;75
38594;J. Wilshere;CMF;80
38604;J. Spence;RB;69
38616;M. Estigarribia;LMF;74
38618;S. Souprayen;LB;73
38627;O. Giroud;CF;84
38630;Guaita;GK;75
38635;J. Cillessen;GK;81
38640;Quique;CF;67
38650;Iturraspe;DMF;78
38655;Canales;AMF;75
38661;C. Matheu;CB;73
38667;Laure;RB;75
38682;D. Santon;LB;76
38685;M. Larrondo;CF;74
38706;Balenziaga;LB;78
38711;T. Kádár;LB;74
38740;C. Grenier;CMF;77
38742;J. Pied;RMF;74
38743;E. Enoh;DMF;73
38761;N. Uysal;DMF;70
38765;M. Lustig;RB;75
38771;K. Christensen;GK;57
38778;G. Marinelli;GK;69
38779;Dani Parejo;CMF;82
38780;C. Basham;CB;70
38782;M. Stoch;LMF;76
38784;P. Gulácsi;GK;77
38785;M. Bunn;GK;73
38789;B. Bannan;CMF;72
38790;C. Clark;CB;75
38791;N. Baker;CB;75
38794;J. Bennett;LB;69
38796;T. Alderweireld;CB;85
38797;D. Blind;LB;81
38800;L. Narsingh;RWF;78
38806;A. Djoum;LMF;71
38807;Tomeu Nadal;GK;62
38809;Dídac Vilá;LB;73
38810;Fabri;GK;76
38815;Oier;CMF;70
38816;Thiago Carleto;LB;73
38818;José Ángel;LB;73
38820;W. López;LB;68
38831;G. Sertic;DMF;77
38843;E. Mangala;CB;80
38845;C. Benteke;CF;83
38852;D. Faraoni;RMF;67
38856;F. Peluso;LB;77
38858;S. El Shaarawy;LWF;81
38859;L. Ariaudo;CB;73
38891;I. Tomečak;RB;71
38892;A. Calello;DMF;73
38906;F. Orellana;RWF;81
38908;O. Toivonen;CF;75
38925;Sandro;DMF;74
38932;Cañas;CMF;70
38934;J. Boye;CB;72
38937;G. Kakuta;LWF;79
38947;A. Dzagoev;CMF;81
38951;A. Hernández;CF;77
38956;G. Haraguchi;LWF;76
39026;G. Sakai;RB;76
39031;H. Yamaguchi;DMF;73
39161;J. Zoet;GK;80
39164;L. Filip;CMF;64
39173;Thiago Silva;CB;88
39187;Ki Sung-Yeung;DMF;79
39188;Lee Chung-Yong;RWF;76
39191;E. Papa;LB;73
39193;D. Subašić;GK;83
39194;K. Westwood;GK;76
39195;Eduardo;GK;75
39204;R. Mcgivern;CB;70
39206;N. Mcginn;LWF;72
39208;J. Ward;LWF;72
39215;Renato Augusto;CMF;81
39216;V. Moses;RMF;80
39217;Rui Fonte;SS;74
39218;F. Macheda;CF;70
39225;L. Orbán;CB;73
39226;S. Corchia;RB;78
39230;R. Krhin;DMF;75
39231;N. Kalinić;CF;82
39237;D. Edwards;CMF;72
39238;R. Stearman;CB;70
39240;K. Henry;DMF;72
39241;S. Ward;LB;76
39244;M. Jarvis;LMF;72
39245;S. Vokes;CF;75
39249;C. Ikeme;GK;71
39255;K. Mcdonald;CMF;73
39259;J. Rodriguez;LWF;78
39262;N. Roux;CF;76
39268;M. Abeid;CMF;75
39271;G. Jourdren;GK;74
39273;M. Yanga-Mbiwa;CB;76
39278;A. Costa;CMF;76
39287;A. Devaux;CMF;71
39298;J. Ramaré;DMF;68
39301;Z. Touré;CB;72
39324;J. Kucka;CMF;80
39325;W. Bony;CF;79
39330;P. Glykos;GK;73
39332;S. Malezas;CB;70
39356;J. Skjelvik;LB;68
39359;C. Ansaldi;LB;78
39364;C. Noboa;CMF;79
39377;D. Glushakov;CMF;78
39387;Marcelo;CB;76
39394;Edimar Fraga;LB;74
39401;Z. Diabaté;LB;66
39414;G. Shchennikov;LB;75
39441;L. Wallace;LB;73
39472;A. Abdi;LMF;70
39473;A. Mehmedi;LWF;78
39478;A. Ranocchia;CB;77
39483;F. Caputo;CF;73
39491;E. Luna;CB;73
39498;Ángel;CF;70
39505;Á. Bergantiños;DMF;74
39544;D. Kombarov;LB;74
39550;A. Kokorin;CF;77
39586;E. Israelsson;CMF;59
39597;M. Johansson;RB;74
39602;E. Berisha;GK;79
39639;S. Inan;CMF;79
39649;T. Zengin;GK;74
39650;O. Kivrak;GK;78
39674;C. Pantilimon;GK;77
39687;R. Perticone;CB;68
39699;G. Medel;DMF;80
39700;R. Cereceda;LB;71
39701;J. Beausejour;LB;78
39706;F. Montero;CF;77
39710;E. Benítez;LWF;74
39718;R. Rosales;RB;77
39719;S. Rondón;CF;78
39729;N. Subotić;CB;76
39730;P. Pekarík;RB;75
39744;Ł. Piszczek;RB;82
39749;B. Sævarsson;RB;76
39755;A. Williams;CB;82
39765;M. Wölfli;GK;70
39771;E. Hajsafi;LB;71
39773;C. Borges;CMF;78
39777;K. Navas;GK;86
39786;C. Lampe;GK;74
39795;J. Montero;LWF;77
39796;J. Rojas;SS;75
39798;A. Corzo;RB;69
39801;L. Ramírez;AMF;72
39804;M. Silva;GK;75
39811;J. Velázquez;CB;73
39913;C. Diabaté;CF;73
39926;F. Ayité;LWF;75
39936;H. Mkhitaryan;AMF;85
39957;S. Manolev;RB;72
39975;L. Köteles;GK;71
40002;R. Lewandowski;CF;90
40003;C. Tănase;LMF;69
40009;I. Obradović;LB;72
40065;D. Mertens;CF;88
40077;R. Halliche;CB;73
40097;K. Manolas;CB;84
40119;J. Pivarić;LB;71
40122;R. Lukaku;CF;87
40125;C. Kouyaté;DMF;79
40150;T. Delaney;CMF;80
40154;J. Larsen;RB;70
40176;L. Sigali;CB;74
40179;Javi Márquez;CMF;74
40202;D. Lekić;CF;69
40204;D. Lazović;RMF;77
40211;M. Maâzou;CF;63
40220;J. Pastore;AMF;83
40225;M. Miskiewicz;GK;58
40228;J. Obi;CMF;74
40229;M. Destro;CF;78
40230;Nenê;CF;71
40237;Jaime Romero;RWF;77
40240;N. Matić;DMF;84
40248;M. Parolo;CMF;81
40254;A. Ljajić;SS;80
40256;N. Etheridge;GK;67
40257;C. Smalling;CB;83
40259;K. Bartley;CB;76
40260;F. Coquelin;DMF;80
40273;H. Nordtveit;DMF;79
40278;S. N'Zonzi;DMF;84
40280;E. Lichaj;RB;71
40281;M. Albrighton;LMF;77
40283;S. Coleman;RB;81
40284;V. Weiss;LWF;78
40285;M. Ritchie;RMF;77
40290;C. Mcmanaman;RWF;73
40293;J. Colback;DMF;73
40295;J. Henderson;CMF;82
40302;S. Dann;CB;79
40321;B. Moukandjo;CF;77
40323;P. Aubameyang;CF;87
40328;P. Lasne;RWF;74
40329;M. Saunier;CB;74
40335;Luan;CF;69
40340;L. Koscielny;CB;85
40341;M. Barthelmé;LMF;72
40347;S. Khedira;CMF;84
40350;J. Boateng;CB;88
40352;Neymar;LWF;91
40353;Keirrison;CF;69
40354;Dentinho;SS;72
40358;G. Bellusci;CB;74
40362;D. Ovono;GK;68
40364;P. Kieszek;GK;71
40368;Yazalde;CF;72
40375;Mario;GK;69
40390;D. Pröpper;CMF;80
40392;N. Viergever;CB;79
40393;L. Duarte;CMF;71
40403;Roderick;CB;74
40404;Nélson Oliveira;CF;74
40405;Nuno Coelho;CB;72
40407;Maicon;CB;76
40411;Suso Santana;RWF;71
40422;X. Shaqiri;RMF;81
40423;D. Perotti;LWF;82
40425;Jordi Alba;LB;84
40426;Míchel;AMF;71
40433;T. Coremans;GK;64
40455;H. Bernardello;DMF;70
40456;Ander Herrera;CMF;83
40463;Botía;CB;73
40472;I. Köybaşi;LB;77
40478;J. Ananidze;AMF;73
40495;T. Bjarnason;LMF;76
40500;F. Kadir;AMF;67
40501;B. Sako;LWF;73
40507;A. Lacazette;CF;85
40510;Idrissa Sylla;CF;74
40511;Abdoul Camara;LWF;73
40513;K. T. Catherine;RB;74
40519;F. Kurto;GK;67
40520;V. Belec;GK;73
40523;F. Cacciatore;RB;75
40524;R. Soriano;CMF;80
40525;M. Perin;GK;82
40529;P. Granoche;CF;72
40532;H. Pérez;RWF;76
40541;B. Nuytinck;CB;73
40553;L. Chichizola;GK;72
40555;D. Fox;CB;69
40557;F. Delph;CMF;76
40559;K. Naughton;RB;76
40563;J. Hoilett;LMF;72
40568;Antonio Amaya;CB;68
40569;J. Mccarthy;CMF;79
40571;David de Gea;GK;88
40572;Tejera;CMF;68
40573;E. Armenteros;LMF;68
40581;J. Tinhan;CF;68
40585;F. Bulot;RMF;72
40601;Wagner;AMF;74
40602;Y. Khacheridi;CB;76
40604;R. Meggiorini;SS;76
40607;F. Bardi;GK;74
40617;N. Spolli;CB;75
40629;M. Layún;LB;78
40631;J. Cuadrado;RMF;85
40632;Y. Belhanda;AMF;81
40634;Víctor Ruíz;CB;80
40638;L. Marrone;DMF;74
40639;Muniain;LWF;80
40640;de Marcos;RB;80
40645;C. Ortiz;DMF;76
40646;K. Lamprou;GK;74
40661;L. Pratto;CF;81
40662;N. Colazo;LMF;70
40666;Fontàs;CB;75
40669;Adán;GK;80
40677;A. Grassi;CMF;74
40688;C. Araujo;RB;70
40696;R. Gershon;CB;69
40699;A. Surman;CMF;78
40701;S. Duffy;CB;75
40704;J. Ward;RB;77
40705;Laguardia;CB;79
40710;M. Gonalons;DMF;80
40714;T. Müller;SS;86
40716;E. Lamela;RWF;80
40725;N. Otamendi;CB;83
40727;M. Jedinak;DMF;75
40740;Baumgartlinger;DMF;78
40742;A. Dragović;CB;78
40745;S. Von Bergen;CB;72
40751;A. Ramos;CF;79
40760;Jorge Rodríguez;LMF;73
40770;K. Ansarifard;CF;74
40776;S. Smeltz;CF;65
40779;G. Moss;GK;64
40786;C. Wood;CF;74
40804;Djalma;LMF;72
40836;L. Krejčí;LWF;75
40838;Y. Rakitskiy;CB;80
40850;Douglas Costa;LWF;85
40856;Š. Vrsaljko;RB;79
40862;J. Zoua;CF;70
40870;J. Toornstra;AMF;77
40871;C. Eriksen;AMF;86
40875;S. de Vrij;CB;82
40876;L. Castaignos;CF;73
40882;L. Bacuna;RB;72
40884;D. Lachman;CB;71
40887;F. Đuričić;AMF;74
40898;van der Maarel;RB;71
40919;R. Pereyra;AMF;79
40923;Raúl Baena;DMF;72
40936;M. Rybus;LB;75
40937;W. Szczęsny;GK;83
40957;K. Saláta;CB;70
40961;K. Babacar;CF;77
40968;E. Rodríguez;CB;70
40977;C. Ramos;CB;70
40984;Rúben Micael;AMF;79
40985;B. Ideye;CF;77
40988;M. Vidal;GK;64
40989;S. Aurier;RB;80
40990;Anthony Lopes;GK;84
40994;A. Diallo;GK;74
40996;M. Te Wierik;CB;72
41000;R. Cabella;AMF;81
41004;F. Borini;LWF;74
41011;S. Verdi;RWF;77
41013;M. Lestienne;LWF;77
41020;Iñigo Pérez;CMF;71
41022;Juan Domínguez;CMF;72
41023;Javi López;RB;76
41034;M. Henriksen;CMF;78
41045;M. Agazzi;GK;74
41046;R. Nainggolan;CMF;87
41047;P. Souaré;LB;74
41048;B. Angoua;CB;72
41055;E. Çolak;AMF;80
41063;H. Seferović;CF;75
41066;C. Immobile;CF;84
41073;Suk Hyun-Jun;CF;75
41079;Omar Ramos;LWF;75
41082;Koke;CMF;85
41083;E. Salvio;RWF;80
41085;Sergi Enrich;CF;79
41087;Tomás Pina;CMF;75
41088;Jordi Amat;CB;75
41092;Keko;RWF;75
41096;Portillo;AMF;72
41100;Juanmi;SS;78
41106;B. Oviedo;LB;73
41111;J. Cork;DMF;76
41112;A. Guédioura;CMF;70
41119;K. Walker;RB;82
41120;T. Cairney;AMF;76
41124;D. Alaba;LB;86
41126;Thiago A.;CMF;87
41131;E.agyemang-Badu;CMF;74
41135;J. Matip;CB;83
41136;G. Mandjeck;DMF;73
41143;Ž. Brkić;GK;72
41144;R. Petrović;DMF;74
41146;S. Rieks;AMF;76
41152;E. Paredes;CF;77
41153;S. Coates;CB;80
41158;L. Desábato;CB;75
41160;F. Fernández;CB;79
41163;E. Pérez;CMF;80
41166;G. Ré;CB;69
41167;R. Braña;CMF;71
41169;D. Albil;GK;66
41170;M. Núñez;AMF;74
41174;M. Rojo;CB;81
41187;Edno;CF;75
41204;Rafael;GK;75
41209;Thiago Heleno;CB;75
41220;Gil;CB;78
41224;A. Orión;GK;72
41227;Dênis;GK;72
41231;Jean;RB;78
41253;R. Revoredo;RB;71
41260;R. Ruidíaz;CF;72
41272;M. Sperduti;RWF;72
41275;J. Insaurralde;CB;72
41277;J. Quiroga;LB;68
41281;N. Guzmán;GK;76
41286;F. Falcone;CF;70
41295;C. Lema;CB;74
41301;J. Mensah;CB;64
41303;G. Tzavellas;CB;73
41305;J. Mercier;DMF;76
41419;M. Rodríguez;RB;74
41424;F. Seymour;CMF;70
41425;E. Vargas;RWF;78
41428;M. Díaz;DMF;78
41444;P. Magalhaes;RB;68
41451;C. Aránguiz;CMF;79
41465;P. Garcés;GK;74
41468;F. Silva;DMF;77
41474;H. Martínez;CB;69
41479;F. Gutiérrez;CMF;75
41485;G. Sepúlveda;DMF;61
41504;M. Díaz;GK;77
41509;M. Caire;RB;74
41511;F. Sánchez;RB;74
41517;L. Mugni;AMF;69
41520;G. Díaz;RB;73
41521;F. Cubero;RB;74
41522;J. Martínez;SS;74
41527;F. Tobio;CB;74
41531;S. Silva;CF;74
41533;G. Montoya;GK;65
41535;A. Cabral;CMF;74
41536;M. Bíttolo;LB;65
41537;R. Álvarez;AMF;77
41538;E. Olivera;CB;71
41547;C. Quintana;CB;72
41550;M. Fritzler;DMF;75
41555;E. Andrada;GK;72
41558;G. Pizarro;CMF;80
41570;D. González;CMF;76
41571;L. Balbi;LB;71
41581;J. Rodríguez;AMF;85
41589;F. Ferreyra;CF;76
41594;M. Dos Santos;CB;74
41595;E. Bologna;GK;73
41596;N. Tagliafico;LB;80
41603;D. Contento;LB;76
41604;M. Ekici;AMF;74
41605;B. Höwedes;CB;83
41609;A. Abdennour;CB;74
41637;F. Pardo;RWF;79
41640;C. Bacca;CF;82
41650;V. Hernández;AMF;70
41674;A. Henríquez;CB;70
41686;D. Arias;DMF;73
41688;H. Rojas;LB;70
41708;L. Burián;GK;69
41722;F. Píriz;DMF;75
41737;R. Mora;CF;78
41757;J. Cazulo;SS;73
41772;M. Abero;LB;74
41780;R. Eguino;CB;65
41829;R. Cardozo;AMF;69
41849;B. Natcho;CMF;75
41862;E. Schelotto;RB;73
41865;E. Giaccherini;RMF;76
41869;A. Baptiste;CB;72
41889;Y. El Arabi;CF;78
41895;O. Coulibaly;RB;69
41897;M. Autret;LWF;71
41901;C. Merville;GK;64
41904;M. Sans;CB;67
41908;T. Ayasse;DMF;71
41975;A. González;RMF;72
41984;R. Otero;AMF;74
42025;R. Ovelar;CF;73
42030;P. Hurtado;AMF;73
42033;A. Carrillo;RWF;78
42046;K. Mokotjo;CMF;74
42048;M. Nelom;LB;71
42062;A. Mazzotta;LB;69
42067;V. Şen;LWF;76
42072;S. Aziz;CB;74
42086;L. Cardozo;DMF;72
42091;I. Piris;RB;76
42093;M. Torrén;CB;75
42117;G. Mencia;LB;70
42123;V. Ayala;RMF;74
42125;J. Moreira;RB;76
42131;A. Núñez;SS;76
42142;M. Riveros;DMF;74
42173;E. Valencia;CF;76
42177;P. Pérez;CMF;78
42179;G. Achilier;CB;71
42181;F. Gaibor;CMF;72
42184;M. Caicedo;LMF;72
42200;J. Paredes;RB;72
42206;F. Niell;CF;73
42234;E. Dreer;GK;71
42245;E.choupo-Moting;LWF;78
42246;V. Aboubakar;CF;80
42247;W. Reid;CB;81
42278;Camacho;CMF;72
42290;G. Berardi;LB;72
42291;S. de Maio;CB;77
42296;W. Ben Yedder;CF;80
42304;Mexer;CB;78
42306;T. Heurtaux;CB;72
42308;Carlos Martínez;RB;74
42309;Bergara;DMF;74
42311;Zurutuza;CMF;77
42316;A. Griezmann;SS;90
42322;Kiko Femenía;RB;77
42336;R. Hamouma;RWF;78
42337;L. Nabab;CF;69
42343;Souza;DMF;77
42345;Kléber;CF;73
42348;Pizzi;CMF;81
42352;P. Jones;CB;81
42353;G. Hanley;CB;73
42363;K. Zohorè;CF;69
42364;C. Bălgrădean;GK;69
42375;B. Martins Indi;CB;79
42376;M. Kieftenbeld;DMF;70
42378;D. Tadić;AMF;81
42400;M. van Ginkel;CMF;80
42404;B. Linssen;LWF;73
42409;R. Feltscher;RB;68
42416;Z. Labyad;LWF;76
42422;T. Xhaka;DMF;75
42424;G. Xhaka;DMF;83
42429;Juan Jesus;CB;78
42432;Ibai Gómez;LWF;79
42434;L. Ulloa;CF;74
42440;J. Clasie;DMF;76
42446;P. Kadeřábek;RB;77
42448;J. Skalák;LMF;70
42450;H. Tekin;GK;75
42452;G. Mercado;RB;81
42453;L. Rodríguez;SS;74
42455;Ganso;AMF;79
42457;J. Livermore;DMF;76
42460;A. Ademi;DMF;73
42464;Ramalho;CB;70
42466;Mario Gaspar;RB;81
42473;Guilherme;RWF;73
42475;B. Rienstra;CMF;73
42479;Joel Robles;GK;78
42480;Rubén Pérez;DMF;77
42481;Jorge Pulido;CB;69
42484;Borja Bastón;CF;75
42485;Alberto Perea;RWF;67
42494;T. Beugelsdijk;CB;71
42499;D. Boyko;GK;78
42507;Álvaro Vázquez;CF;74
42509;Ernesto Galán;RB;68
42516;Sergio Álvarez;CMF;75
42517;Juan Muñiz;LMF;68
42534;Aníbal Capela;CB;72
42535;Cédric Soares;RB;80
42538;Rodrigo;CF;79
42539;M. Bizot;GK;71
42540;N. Boilesen;LB;75
42542;A. Maher;AMF;73
42545;G. Wijnaldum;LB;66
42547;A. Messaoud;AMF;71
42549;J. Guðmundsson;RWF;76
42550;K. Sigþórsson;CF;77
42551;M. Te Vrede;CF;71
42552;N. Chadli;LWF;77
42554;R. Bengtsson;CB;75
42556;Isco;AMF;87
42557;Luna;LB;75
42558;Rodri;CF;70
42559;G. Hooper;CF;74
42574;Y. Sanogo;CF;69
42575;I. Gueye;CMF;82
42576;B. Écuélé Manga;CB;74
42577;L. Koné;CB;76
42578;J. Ayew;CF;76
42582;Y. Kermorgant;CF;71
42587;D. Appiah;RB;75
42588;K. Malcuit;RB;77
42589;B. Stambouli;DMF;77
42592;M. Koval;GK;71
42601;E. Işcan;GK;63
42602;T. Stepanenko;DMF;80
42605;S. Krivtsov;CB;72
42606;F. Wiedwald;GK;74
42613;C. Gönen;GK;69
42621;M. d'Alessandro;RWF;79
42622;A. Morleo;LB;70
42624;O. El Kaddouri;AMF;76
42627;L. Scaglia;RMF;67
42630;A. Gómez;SS;84
42631;R. Martinho;LMF;71
42640;F. Zuculini;CMF;72
42641;P. Coutinho;LWF;86
42647;K. Glik;CB;83
42649;Angelo Da Costa;GK;71
42650;Pedro Obiang;CMF;78
42653;J. Holebas;LB;79
42654;H. Vučkič;AMF;66
42656;J. Perch;RB;70
42657;S. Ferguson;LMF;70
42659;J. Shelvey;CMF;78
42660;P. van Aanholt;LB;78
42664;S. Mignolet;GK;80
42666;J. Mcarthur;CMF;79
42669;Casemiro;DMF;84
42675;Paulinho;CMF;83
42676;Bruno César;LWF;77
42681;Rômulo;CMF;75
42686;M. Caruzzo;CB;75
42688;N. Blandi;CF;74
42697;M. Lanzini;AMF;78
42698;P. Santillo;GK;66
42699;J. Barrales;CF;59
42702;R. Fernández;AMF;72
42704;P. Goltz;CB;74
42721;Jesús Corona;RWF;77
42727;A. Rudko;GK;75
42751;E. Mena;LB;72
42752;L. Wílchez;AMF;74
42758;F. Martínez;LWF;75
42805;N. Mendy;DMF;76
42808;C. Cathcart;CB;75
42810;J. Walters;CF;75
42813;Bebé;LWF;74
42817;L. Thy;CMF;67
42821;B. Lecomte;GK;78
42825;A. Areola;GK;81
42829;F. Jozefzoon;LWF;71
42838;André;SS;73
42839;Wesley;AMF;70
42846;N. Leali;GK;72
42854;J. Tallo;CF;68
42859;A. Bertolacci;CMF;77
42865;Illarramendi;DMF;81
42866;Muniesa;CB;75
42867;Rubén Miño;GK;70
42868;Bartra;CB;80
42869;Martín Montoya;RB;75
42870;Nolito;LWF;80
42871;Oriol Romeu;DMF;78
42872;Sergi Gómez;CB;74
42874;Nacho;CB;82
42886;A. Acquah;CMF;75
42888;J. Iličić;AMF;80
42892;Sergi Roberto;RB;81
42893;João Pedro;AMF;76
42894;G. Ramírez;AMF;77
42895;Léo;CB;72
42898;Lucas Moura;RWF;81
42907;Marcel Büchel;CMF;72
42916;M. Phillips;RMF;77
42917;L. Varney;LWF;68
42918;J. Forrest;RMF;73
42919;F. Santander;CF;74
42920;F. Sammaritano;LWF;75
42929;G. Kashia;CB;77
42931;A. Musa;LWF;78
42935;A. Delfino;CB;65
42936;G. Toledo;RB;73
42944;C. Auzqui;RMF;74
42945;S. Romero;CF;73
42999;J. Iglesias;AMF;65
43001;M. Campaña;GK;77
43006;R. Funes Mori;CB;79
43015;Danilo Pereira;DMF;82
43016;G. Angella;CB;74
43023;A. Weimann;LWF;72
43026;S. Winnall;CF;70
43032;A. Guie Gneki;CF;72
43034;I. Strinić;LB;76
43039;M. Schmelzer;LB;80
43040;M. Götze;AMF;82
43042;A. Schürrle;LWF;81
43046;D. Siovas;CB;79
43047;Konstantopoulos;GK;71
43054;C. Evans;CMF;70
43058;J. Mackie;RWF;70
43063;Son Heung-Min;LWF;82
43075;G. Kondogbia;CMF;80
43076;R. Varane;CB;83
43077;M. Haïdara;LB;71
43078;L. Néry;RB;66
43079;F. Ghoulam;LB;81
43080;I. Saadi;CF;71
43081;N. Isimat-Mirin;CB;77
43082;G. Sunu;RWF;74
43084;J. Guidetti;CF;76
43086;M. Camporese;CB;69
43093;Recio;CMF;75
43094;Álvaro Morata;CF;85
43129;D. Pavelka;CMF;72
43131;Juan Carlos;LB;77
43133;Luiz Gustavo;DMF;82
43135;M. Kovačić;CMF;82
43147;G. Töre;RWF;78
43148;A. Lindegaard;GK;72
43154;N. Redmond;LWF;78
43156;J. Lowe;CMF;69
43157;Marcos Alonso;LMF;82
43166;M. Doherty;LB;71
43170;A. Townsend;RWF;79
43174;Rubén Rochina;AMF;73
43177;L. Griffiths;CF;74
43178;A. Hammill;RWF;68
43185;T. Bruns;AMF;73
43190;R. Janga;CF;71
43192;F. Bordagaray;RWF;72
43202;Neto;GK;79
43206;J. Kurtič;AMF;78
43210;Evandro;AMF;72
43211;M. Dmitrović;GK;70
43212;U. Ćosić;CB;75
43254;J. Puncheon;CMF;76
43256;Cristiano;GK;67
43262;Pablo Sarabia;RMF;81
43265;E. Kaçe;DMF;74
43266;K. Stafylidis;LB;75
43271;L. Camp;GK;71
43277;S. Lulić;LMF;80
43288;S. Savić;CB;83
43296;A. King;CMF;73
43336;R. Jenssen;CMF;72
43374;Y. Konoplyanka;LMF;79
43380;A. Domínguez;GK;77
43386;C. Lobatón;CMF;70
43398;A. Cooper;CMF;65
43414;N. Bodurov;CB;64
43421;G. Sigurðsson;AMF;82
43422;B. Bjarnason;CMF;79
43423;F. Klein;RB;75
43441;C. Wilk;DMF;68
43444;D. Schwaab;CB;77
43450;N. Jørgensen;CF;79
43467;R. Rodríguez;LB;82
43469;O. Buff;CMF;70
43476;D. Hernández;GK;72
43540;D. Vida;CB;77
43589;V. Vasin;CB;74
43590;K. Nababkin;RB;73
43596;G. Molins;RMF;71
43612;T. Ream;CB;71
43625;Ó. Duarte;CB;75
43626;C. Gamboa;RB;75
43635;G. Prósperi;RB;71
43636;M. Bogado;CMF;73
43638;A. Romero;RMF;72
43642;C. Rius;RWF;70
43645;M. Laba;DMF;73
43647;P. Hernández;CMF;80
43666;D. Ortiz;CB;72
43669;J. Rojas;RMF;71
43680;D. Reyes;CB;79
43683;M. Medel;CMF;72
43685;P. Jerez;LB;64
43687;Willian;CF;74
43694;Gabriel;GK;72
43695;Dudu;LWF;80
43731;W. Ángel;CB;67
43740;D. Gissi;CB;70
43746;Mariano;RB;82
43747;Digão;CB;71
43752;Fernando Bob;DMF;73
43755;I. Damonte;DMF;79
43756;S. Torrico;GK;74
43759;N. Ibáñez;GK;70
43761;A. Rojas;LMF;77
43771;L. Ceballos;RB;71
43777;Rafael Marques;CB;71
43780;Vilson;CB;70
43784;M. Fernandes;RB;80
43786;Fernando;DMF;77
43792;P. Caballero;CF;68
43798;J. Mendoza;CMF;73
43814;F. Mancuello;AMF;74
43816;F. Godoy;CMF;71
43875;J. Céspedes;LB;72
43888;I. Canuto;CB;76
43896;C. Luna;CF;72
43897;M. Bolaños;AMF;76
43909;M. Castro;GK;66
43931;A. Mejía;DMF;78
43949;W. Veizaga;CMF;64
43951;A. Melean;CB;64
43956;A. González;RB;71
43968;M. Guevgeozián;CF;74
43970;J. Cuevas;AMF;75
43976;Rafael;GK;74
43977;Pará;RB;76
43979;Robinho;AMF;77
43985;Alex Sandro;LB;86
43988;Aranha;GK;74
43989;Danilo;RB;80
43990;K. Harbottle;LWF;69
43993;S. Jaime;RWF;69
43999;B. Leal;CMF;73
44000;G. Villagra;DMF;70
44001;F. Cordero;LB;70
44008;E. Lobos;GK;72
44011;C. Guerra;GK;67
44014;N. Castillo;CF;76
44023;P. Gallese;GK;74
44030;C. Cueva;LWF;78
44037;A. Aguerre;GK;71
44039;E. Rescaldani;CF;72
44040;A. Harush;GK;71
44042;A. Cohen;DMF;74
44043;E. Zahavi;AMF;74
44048;C. Tătăruşanu;GK;80
44060;Pedrinho;RB;72
44063;Éder;CF;76
44064;Ricardo Nunes;GK;73
44104;J. Oblak;GK;88
44105;Ismaily;LB;76
44107;André Micael;CB;69
44111;João Aurélio;RB;70
44142;Baiano;RB;74
44145;Cássio;GK;74
44151;António Filipe;GK;68
44154;Pedro Queirós;RB;70
44156;David Simão;AMF;72
44169;Yohan Tavares;CB;74
44171;Sérgio Oliveira;CMF;72
44176;Wilson Eduardo;LWF;74
44181;Jardel;CB;80
44184;André Pinto;CB;73
44187;Ricardo Pessoa;RB;66
44193;Pedro Moreira;CMF;67
44209;Rafael Miranda;DMF;73
44210;Sami;RWF;67
44211;Marafona;GK;77
44214;Héldon;LWF;73
44223;Bruno Braga;AMF;71
44224;Lionn;RB;72
44228;Tarantini;CMF;74
44241;Bruno Teles;LB;69
44256;Bruno Gallo;CMF;70
44264;Zeca;CMF;72
44278;Douglas Jesus;GK;72
44279;D. Viera;CB;74
44280;L. Galeano;CB;74
44282;J. Vossen;CF;75
44328;K. Grosicki;RWF;77
44333;M. Shafy;LB;72
44348;A. Jali;DMF;69
44354;K. Barbarouses;RWF;76
44355;R. Snodgrass;RWF;78
44379;K. de Bruyne;AMF;87
44383;T. Courtois;GK;88
44388;A. Limbombe;LWF;72
44401;M. Batshuayi;CF;78
44407;J. Campbell;LWF;75
44409;M. Basha;DMF;71
44411;R. Vitiello;CB;71
44416;Chechu Dorado;CB;69
44417;Jorge Molina;CF;72
44423;Coke;RB;78
44427;Tito;RB;74
44429;Dani Giménez;GK;72
44434;B. Dja Djédjé;RB;78
44437;E. Tié Bi;DMF;69
44441;C. Cambon;CB;70
44443;A. Angoula;CB;66
44444;Felipe Saad;CB;67
44445;C. Mandanne;CF;74
44449;S. Altama;DMF;68
44450;F. Berenguer;LWF;69
44451;A. Bamba;RB;71
44455;B. Corgnet;AMF;74
44456;R. Caceres;CF;67
44466;Paulo Lopes;GK;70
44480;Nuno Henrique;CB;69
44493;Álex Martínez;LB;71
44494;D. Rudd;GK;72
44495;W. Hoolahan;AMF;75
44497;K. Smith;CMF;68
44498;C. Martin;CF;72
44499;R. Martin;CB;73
44504;J. Steer;GK;65
44527;B. André;CMF;75
44529;A. Delort;CF;76
44545;Rodrigo Galo;RMF;74
44550;Zé Luís;CF;77
44556;L. Britton;CMF;74
44559;Àngel Rangel;RB;75
44560;J. Allen;CMF;76
44562;N. Dyer;RWF;75
44564;J. Richards;RB;71
44565;N. Taylor;LB;74
44588;G. Gigliotti;CB;67
44600;J. Bahebeck;CF;71
44601;M. Niang;LWF;77
44608;M. Wakaso;LMF;74
44609;Álvaro González;CB;77
44612;Ö. Toprak;CB;81
44614;J. Sills;DMF;71
44616;Willian Magrão;DMF;69
44620;Felipe Anderson;RMF;82
44634;Mikel Rico;CMF;73
44636;L. Muriel;CF;81
44637;A. Nyom;LB;77
44639;Íñigo López;CB;68
44643;A. Crescenzi;LB;64
44654;W. Boly;CB;72
44659;G. Krychowiak;DMF;80
44661;R. Rodelin;CF;77
44662;L. Karaboué;RMF;74
44664;V. Pajot;DMF;76
44667;Arlind Ajeti;CB;72
44669;J. Svensson;RMF;70
44676;F. Acerbi;CB;81
44678;C. Wickham;CF;74
44679;B. Jones;RB;75
44682;V. Wanyama;DMF;82
44683;A. Matthews;RB;71
44684;R. Sawyers;AMF;70
44685;S. Mustafi;CB;84
44687;O. Özyakup;CMF;80
44689;B. Johnson;CMF;73
44694;D. Johnson;CMF;69
44702;R. Barkley;AMF;83
44706;C. Jenkinson;RB;73
44708;J. Vela;DMF;68
44709;S. Berahino;CF;75
44711;G. Thorne;DMF;73
44720;J. Flanagan;RB;72
44721;J. Robinson;LB;68
44722;Lucas Piazon;LWF;73
44725;Eric Botteghin;CB;80
44726;M. Seuntjens;AMF;72
44728;A. Pilkington;CF;72
44736;G. Gardner;CMF;71
44743;M. van Buren;CF;66
44746;J. Mattheij;CB;74
44748;N. Foor;AMF;73
44756;M. Gabbiadini;CF;82
44760;A. Kali;CMF;69
44761;R. Ibarra;RWF;73
44766;Y. Wildschut;LMF;71
44770;A. Vellios;CF;71
44776;M. Nastasić;CB;79
44780;V. Klonaridis;SS;74
44791;M. Pektemek;CF;70
44794;N. Ravaglia;GK;69
44797;Ş. Popescu;LB;65
44814;M. van Duinen;CF;72
44817;S. Elbers;LWF;71
44822;S. Kums;DMF;76
44824;D. Schmidt;RB;68
44829;B. Oczipka;LB;79
44833;T. Serero;CMF;73
44834;R. van Rhijn;RB;73
44835;D. Koppers;LB;70
44838;L. Burnet;LB;70
44840;V. van Dijk;CB;83
44847;R. Martina;RB;73
44849;S. Berghuis;RWF;79
44851;André Almeida;RB;79
44852;Kelvin;RWF;74
44855;C. Atsu;RMF;74
44856;F. Rinaudo;DMF;74
44857;S. Arias;RB;81
44859;Abraham;LB;68
44863;L. Cadamuro;CB;73
44865;André Martins;AMF;73
44890;A. Ba;CB;71
44898;Joãozinho;LB;69
44903;Nildo Petrolina;LWF;71
44908;D. Koukou;DMF;67
44910;Cris;DMF;70
44912;Fernando Varela;RB;73
44922;A. Facchini;GK;70
44924;Mauro;DMF;73
44931;Crivellaro;AMF;69
44936;Ivo Pinto;RB;73
44941;Luís Leal;CF;74
44950;Timor;CMF;76
44953;D. Suárez;RB;73
44956;Rúben Ferreira;LB;70
44965;Neto;CB;74
44975;Diogo Figueiras;RB;72
44977;Luisinho;LB;77
44986;Vítor;AMF;68
44987;L. Melgarejo;LB;73
44991;Marcelo;CB;74
45004;Fabiano;GK;74
45010;Salvador Agra;RWF;71
45023;P. Pogba;CMF;89
45025;Fran Rico;CMF;77
45028;P. Diamanka;CMF;68
45032;G. Maniatis;DMF;72
45036;Y. Toutouh;SS;76
45041;P. Terracciano;GK;66
45046;E. Pisano;RB;73
45047;C. Labrin;CB;70
45049;I. Lores;RWF;67
45051;N. Sansone;SS;81
45055;V. Verre;CMF;69
45057;G. Caprari;SS;75
45061;Danilo;CB;78
45063;D. Fabbrini;SS;73
45065;J. Brabec;CB;71
45069;L. Abecasis;RB;73
45070;S. G. Otero;DMF;69
45071;G. Pezzella;CB;80
45076;K. Zouma;CB;80
45078;D. Léon;GK;66
45079;M. Wagué;CB;74
45084;T. Guerbert;AMF;67
45085;B. Reynet;GK;77
45089;L. Digne;LB;80
45090;A. Soumaoro;CB;76
45095;B. Valette;GK;64
45096;M. Deplagne;RB;74
45099;J. Martin;CMF;74
45106;M. Gorgelin;GK;70
45111;L. Landre;CB;72
45113;D. Foulquier;RB;74
45120;K. Lala;RB;69
45124;J. Mcclean;LMF;75
45126;A.O.Chamberlain;RMF;82
45127;R. Bertrand;LB;80
45129;B. Murphy;GK;66
45130;D. Davis;CMF;70
45131;L. Garbutt;LB;66
45134;B. Davies;LB;80
45135;Sammy Ameobi;LWF;68
45137;N. Dicko;CF;70
45142;A. Kačaniklić;LMF;73
45144;B. Leno;GK;83
45151;D. Button;GK;68
45156;B. Espinosa;CB;76
45157;Campaña;CMF;74
45158;Dani Jiménez;GK;66
45160;D. Bulthuis;LB;74
45173;S. Meïté;DMF;75
45179;F. Fajr;AMF;76
45180;Bakary Koné;CB;74
45181;F. Diarra;CF;68
45182;J. Akpa Akpro;CMF;74
45183;André Sousa;AMF;73
45188;N. Murru;LB;74
45190;M. Livaja;CF;74
45193;L. Lezzerini;GK;64
45196;M. Bianchetti;CB;74
45203;M. Aguirregaray;RB;75
45208;T. Kalas;CB;75
45216;E. Soudani;RWF;74
45220;R. Ferreira;GK;67
45227;I. Diomandé;DMF;75
45244;A. Berardi;GK;63
45247;F. Midtsjø;CMF;72
45253;J. Hušbauer;AMF;74
45254;J. Sánchez Miño;LMF;73
45255;L. Ocampos;LWF;77
45261;J. Willems;LB;78
45267;Suso;RWF;82
45268;R. Sterling;RWF;83
45269;A. Wisdom;RB;72
45270;C. Coady;RB;69
45278;C. Dawson;RB;76
45286;Lass Bangoura;RWF;70
45288;Álvaro Vadillo;LWF;70
45290;Íñigo Martínez;CB;81
45291;Diego Mariño;GK;70
45292;Jairo Samperio;LMF;68
45299;M. De Sciglio;LB;77
45300;M. Valoti;CMF;68
45307;S. Kapino;GK;75
45312;A. Nukan;CB;64
45313;Luís Martins;LB;72
45317;L. Nangis;LWF;72
45318;Y. M'Bone;DMF;71
45320;M. Gradel;LWF;75
45330;S. Umtiti;CB;84
45334;F. Vázquez;AMF;80
45339;S. Peeters;DMF;74
45342;I. Cissé;DMF;72
45350;Moreno;CB;68
45351;Fernando Marçal;LB;79
45352;Ricardo;CB;72
45356;L. Paredes;DMF;80
45365;G. Bushchan;GK;71
45372;J. Saksela;RB;65
45374;R. Lod;CMF;70
45383;T. Vaclík;GK;76
45385;Joselu;CF;68
45386;Bigas;CB;75
45392;R. Ligeon;RB;72
45393;D. Klaassen;AMF;82
45398;M.Van der Hoorn;CB;74
45402;A. Youga;DMF;73
45403;M. Zeffane;RB;74
45404;J. Ferri;CMF;74
45405;A. Pléa;CF;80
45409;M. Sampirisi;RB;68
45417;E. Molina;AMF;73
45427;G. Castellani;AMF;73
45432;E. Ersu;GK;62
45435;Pedro Mendes;CB;74
45436;Álex Menéndez;LB;71
45437;A. Gálvez;CB;77
45438;Gabriel Silva;LB;74
45439;E. Stevens;LB;68
45442;J. Howson;CMF;74
45448;Camará;CF;72
45457;M. Olsson;LB;69
45458;D. Ward;GK;70
45462;K. Roofe;RMF;69
45463;N. Mendez-Laing;RMF;70
45467;W. Lautoa;CB;73
45472;M. Sordell;CF;67
45475;L. Slagveer;RWF;73
45497;S. Strandberg;CB;68
45500;D. Pelkas;AMF;72
45507;Gilberto;CF;72
45508;Elton;DMF;68
45512;Negueba;RWF;70
45514;César;GK;71
45519;Thomas;SS;70
45539;A. del Valle;SS;75
45576;I. Marcone;DMF;79
45579;H. Nervo;CB;73
45580;C. Mosca;LMF;73
45582;L. López;CB;78
45583;G. Blanco;CF;72
45590;F. Castillón;RWF;68
45593;F. Lértora;CMF;74
45597;D. Braghieri;CB;76
45600;F. Cerro;CMF;72
45610;D. Vaca;GK;70
45614;A. Chumacero;CMF;70
45619;R. Ramallo;CF;65
45627;Bruno;RB;73
45630;Wellington Nem;AMF;72
45637;Fernando Prass;GK;79
45640;Dedé;CB;74
45641;Allan;CMF;81
45642;Rômulo;CMF;74
45643;Douglas;CB;70
45647;E. Herrera;CF;68
45649;J. Pineda;SS;69
45653;J. Ampuero;CB;72
45656;R. Ureña;DMF;69
45660;S. Magnasco;RB;73
45661;M. Campos;LMF;70
45662;M. Rios;RMF;67
45664;A. Acevedo;CB;73
45665;G. Lorenzetti;AMF;73
45669;S. Martínez;DMF;72
45673;O. Murillo;CB;79
45674;F. Armani;GK;78
45675;F. Díaz;LB;74
45677;S. Medina;RB;75
45678;S. Pérez;DMF;77
45679;C. Vargas;GK;63
45685;J. Quintero;AMF;77
45690;H. Quiñónes;LB;70
45756;G. Gómez;CB;78
45758;M. Caballero;CF;71
45772;A. Contrera;RMF;72
45780;C. Ascues;CB;71
45786;A. Figueroa;CB;72
45788;M. Araujo;CB;70
45805;D. Rolán;CF;78
45807;G. Silva;CB;71
45809;D. Rodríguez;DMF;74
45815;B. Alemán;SS;77
45823;M. Vecino;CMF;80
45824;Rafael García;DMF;70
45831;S. Silva;LWF;69
45832;S. Cristóforo;CMF;74
45868;R. Ortiz;DMF;71
45870;A. L. Kwarasey;GK;63
45874;M. Koné;CMF;74
45880;Cristian Tello;RWF;79
45886;Alison;DMF;70
45893;A. Al Shenawy;GK;73
45895;Ahmed Dewidar;CB;72
45902;J. Goda;GK;70
45944;M. Reus;LWF;86
45945;I. Gündoğan;CMF;84
45946;J. Draxler;LWF;83
45947;A. Bjelland;CB;72
45953;B. Butko;RB;75
45955;Cícero;CMF;75
45958;Leo;GK;69
45959;Douglas Pereira;RB;73
45960;Rhodolfo;CB;73
45962;Willian José;CF;81
45964;Rodrigo Caio;CB;79
45968;Leonardo;GK;62
45982;M. Boxall;RB;59
45984;M. Rojas;RWF;72
45985;E. Emenike;CF;74
45992;L. Gianetti;CB;77
45993;Marquinhos;CB;83
45998;A. Rentería;CF;73
46002;T. Klose;CB;76
46003;M. Verratti;CMF;87
46005;Márcio Azevedo;LB;73
46012;Willian;CF;71
46021;Gabriel;DMF;74
46023;Vitinho;SS;78
46024;John Lennon;RB;71
46025;Jádson;DMF;68
46027;Pierre;DMF;73
46028;Réver;CB;78
46032;Renan Ribeiro;GK;74
46037;Bernard;LWF;79
46049;Elber;AMF;67
46057;B. van Hintum;LB;72
46061;Jesper Drost;AMF;69
46062;M. Saymak;CMF;69
46087;Fernandinho;LB;69
46093;João Vitor;DMF;73
46152;Pablo;CB;76
46153;Naldo;CB;74
46174;Guilherme;DMF;77
46179;H. Kaldirim;LB;73
46206;Guilherme L.;LB;69
46218;M. Branderhorst;GK;67
46221;R. Sanusi;DMF;66
46225;R. Brosco;CB;68
46226;M. Capuano;CB;70
46227;D. Zanon;RB;64
46228;A. Balzano;RB;71
46229;S. Romagnoli;CB;72
46233;R. Maniero;CF;69
46235;L. Insigne;LWF;86
46237;Willian Arão;DMF;77
46240;Felipe;CB;80
46244;Matheus Vidotto;GK;66
46255;Gabriel G.;GK;67
46259;S. Suciu;CMF;66
46303;Gabriel;RWF;73
46305;Mádson;RB;71
46322;Milton Júnior;DMF;67
46326;Willian Rocha;CB;66
46332;Renê;LB;75
46350;Nikão;AMF;74
46358;Cleber Reis;CB;70
46373;Everton Ribeiro;AMF;79
46391;Vaná;GK;72
46418;Licá;RWF;72
46419;Gonçalo;DMF;65
46421;Vagner;GK;72
46428;Bruno N.;CB;68
46439;Fábio Espinho;AMF;69
46453;Renato Santos;RWF;71
46455;Bruno Moreira;CF;74
46461;M. Tacalfred;CB;70
46464;R. Amalfitano;RWF;71
46466;A. Mandi;CB;77
46472;G. Courtet;CF;69
46477;F. Harek;CB;70
46479;Y. Cahuzac;DMF;74
46481;W. Khazri;LWF;80
46487;F. Thauvin;RWF;82
46490;J. Faussurier;RB;68
46491;Thiago Xavier;DMF;65
46498;D. Sidibé;RB;80
46507;A. Le Fondre;CF;71
46511;H. Robson-Kanu;CF;73
46531;A. Lallana;CMF;83
46536;J. Ward-Prowse;CMF;76
46538;J. Stephens;CB;74
46541;D. Odoi;RB;72
46544;A. Tonev;LWF;70
46545;S. Dyakov;DMF;70
46546;G. Milanov;AMF;74
46550;S. Tzedek;CB;69
46551;E. Tibi;CB;72
46552;N. Bitton;DMF;71
46554;V. Chiricheş;CB;79
46555;V. Găman;CB;75
46556;M. Pintilii;DMF;76
46557;A. Chipciu;RWF;74
46564;V. Darida;CMF;77
46568;F. Erazo;CB;75
46570;Y. Yotún;LMF;70
46575;R. Wallace;LWF;69
46576;P. Pemberton;GK;72
46577;G. González;CB;73
46579;Y. Tejeda;DMF;70
46583;A. Lozano;CF;72
46593;G. Cameron;CB;78
46598;J. Butland;GK;81
46599;K. Fortounis;AMF;79
46602;R. Almer;GK;75
46603;M. Suttner;LB;75
46604;H. Lindner;GK;70
46614;Lucas Silva;CMF;72
46635;G. Fernández;CMF;74
46637;M. Icardi;CF;85
46642;D. Praet;CMF;77
46643;J. Lukaku;LB;75
46647;T. Meunier;RB;81
46648;R. Fährmann;GK;83
46649;Sergio Escudero;LB;81
46650;L. Unnerstall;GK;68
46666;Iago Aspas;CF;83
46667;Hugo Mallo;RB;80
46671;Álex López;CMF;71
46679;A. Rebrov;GK;74
46708;S. Hutchinson;CB;70
46720;I. Traoré;CB;74
46722;M. Yattara;CF;73
46724;G. Charbonnier;CF;73
46727;J. Palmieri;LB;77
46731;Rúben Ribeiro;AMF;73
46737;F. Hanin;LB;72
46751;André André;CMF;77
46752;Babanco;LB;73
46759;Assis;GK;69
46761;Paulo Oliveira;CB;76
46764;Marco Matias;RWF;73
46774;Mano;RB;72
46778;Paulinho;RB;72
46779;Álvaro Giménez;LWF;68
46780;Rubén Pardo;CMF;77
46788;R. de Galarreta;CMF;68
46812;Lucas João;CF;68
46815;Ederson Moraes;GK;83
46816;Diego Lopes;AMF;71
46819;Ricardo Pereira;RB;81
46825;E. Can;CMF;80
46828;Paco Alcácer;CF;79
46832;Juan Carlos;AMF;66
46834;Deulofeu;LWF;81
46835;Roberto Torres;AMF;73
46836;D. Čop;CF;75
46843;R. Neustädter;CB;73
46844;O. Şahan;LMF;77
46849;Garry Rodrigues;RMF;74
46850;J. Veltman;RB;81
46852;S. Denswil;CB;75
46854;M. van der Hart;GK;70
46855;M. Rosheuvel;RWF;65
46856;F. Lewis;RB;69
46857;T. Lam;DMF;68
46858;T. Kongolo;CB;80
46859;T. Vilhena;CMF;81
46860;O. Elabdellaoui;RB;76
46862;S. van der Lei;GK;59
46863;Y. van Nieff;LB;77
46865;K. Nordfeldt;GK;72
46866;M. de Roon;CMF;75
46873;E. Hooi;RWF;71
46879;M. Depay;LWF;79
46880;J. Locadia;CF;78
46881;N. Bertrams;GK;63
46888;N. Röseler;CB;71
46894;Y. Ayoub;CMF;76
46896;B. Darri;LWF;72
46910;M. Trotta;CF;75
46926;Victor Andrade;RWF;70
46931;S. Carruthers;CMF;65
46941;R. Haps;LB;78
46942;T. Ondaan;LWF;72
46950;M. Poundjé;LB;70
46951;G. Gope-Fenepej;CF;63
46952;R. Genevois;CB;74
46967;R. Bennett;CB;71
46968;J. Butterfield;CMF;69
46976;Vansteenkiste;RB;72
46978;B. Engels;CB;74
46979;B. Verstraete;CMF;65
46981;I. Kutepov;CB;74
46987;Y. Benzia;CF;74
46989;J. Jeanvier;CB;70
46994;W. Jobello;LMF;61
46996;S. Prcić;CMF;75
47001;O. Tannane;RWF;75
47002;H. Ziyech;AMF;84
47005;Ahmed Hegazi;CB;74
47006;I. M'Baye;RB;72
47007;A. Duncan;CMF;76
47008;S. Longo;CF;72
47011;A. Florenzi;RB;82
47012;N. Giannetti;CF;70
47016;A. Mccarthy;GK;74
47018;G. Mccleary;RWF;73
47023;S. Morrison;CB;72
47027;Y. El Ghanassy;LWF;82
47029;Hélder Lopes;LB;74
47032;Jefferson;LB;73
47046;A. Thomasson;CMF;73
47049;R. Ghezzal;RWF;79
47051;A. Rabiot;CMF;82
47055;C. Donis;CMF;66
47061;M. Bruno;AMF;73
47063;T. Letschert;CB;74
47068;M. Lowton;RB;75
47070;L. Shaw;LB;78
47076;A. Cornelius;CF;74
47083;P. Vlachodimos;RWF;72
47093;M. Dijks;LB;75
47098;P.Deligiannidis;LB;65
47100;G. Korte;RWF;70
47105;Sassá;CF;75
47114;Bruno Peres;RB;80
47115;Leandrinho;CMF;65
47128;Rafael Tolói;CB;77
47129;João Schmidt;DMF;75
47131;Álvaro Arroyo;RB;69
47132;M. Scozzarella;CMF;68
47134;Danilo Avelar;LB;74
47136;L. Castro;CMF;80
47148;J. Louis;AMF;72
47151;D. Douline;DMF;73
47152;B. Dabo;DMF;75
47158;K. Mayi;CF;67
47162;S. Kolašinac;LB;81
47163;V. Fischer;LWF;74
47175;I. Cofie;CMF;73
47176;A. Stoian;LWF;74
47178;L. Capezzi;CMF;68
47179;P. Dybala;SS;88
47182;A. Ragusa;RWF;77
47183;G. Brugman;DMF;74
47184;L. Savelloni;GK;51
47190;A. Romagnoli;CB;81
47194;M. Migliorini;CB;65
47195;A. Gomis;GK;74
47204;B. Balaj;CF;69
47210;V. Sasso;CB;70
47215;Rui Silva;GK;66
47220;Koka;CF;73
47221;V. Viola;SS;70
47222;Nuno Reis;CB;71
47224;Frederico V.;CB;72
47237;P. Gazzaniga;GK;71
47238;N. Clyne;RB;82
47239;C. Yacob;DMF;78
47240;R. Spiegel;GK;66
47241;Ximo Navarro;RB;75
47242;Kepa;GK;78
47243;M. Etxeberría;RB;60
47244;Rafinha;CMF;81
47246;Javi Álamo;RWF;66
47248;Léo Baptistão;CF;78
47249;Javi Ros;CMF;70
47250;Adrián;GK;78
47251;Lluis Sastre;CMF;69
47252;C. Lykogiannis;LMF;71
47261;Óliver Torres;AMF;78
47262;Javi Manquillo;RB;74
47269;D. Khlyobas;CF;70
47272;T. Tzandaris;DMF;70
47275;H. Sacko;RMF;70
47277;D. Del Fabro;CB;68
47279;M. Benassi;CMF;79
47285;T. Carroll;CMF;73
47286;J. Pickford;GK;80
47287;H. Kane;CF;87
47288;C. Chambers;CB;76
47298;José Mari;DMF;71
47302;Jesús Fernández;GK;63
47305;D. Machís;CF;73
47306;A. Finnbogason;CF;78
47308;Y. Mokhtar;LWF;74
47315;Lucas Lima;LB;79
47334;S. Bahoken;CF;68
47335;V. Eysseric;AMF;79
47336;M. Hassen;GK;71
47338;R. Abdullah;DMF;72
47347;Diego;LMF;73
47357;K. Roos;GK;65
47363;G. De Luca;CF;70
47368;Adrià Carmona;LWF;69
47374;P. Zieliński;CMF;82
47375;J. Egan;CB;72
47378;P. van Ooijen;CMF;69
47382;A. Westwood;DMF;72
47396;M. Brozović;CMF;81
47398;E. Marcondes;CF;70
47405;Jonny Castro;LB;78
47406;Rubén García;RWF;68
47409;A. Donnarumma;GK;69
47412;M. Goicoechea;GK;67
47414;M. Bakić;CMF;70
47417;J. Irvine;CMF;70
47419;M. Colin;RB;71
47425;S. Yago;RB;75
47426;J. Roussillon;LB;77
47427;C. N'Jie;LWF;78
47429;N. Maupay;CF;70
47430;C. Jean;RWF;73
47431;E. Dier;DMF;81
47432;Ricardo Esgaio;RB;73
47433;André Gomes;CMF;80
47437;O. N'Guette;RWF;76
47443;J. Boëtius;LWF;76
47456;Luciano;CF;73
47472;Alisson;AMF;75
47520;Sebá;LWF;73
47522;A. Laporte;CB;83
47523;Roger Martí;CF;71
47524;F. Lejeune;CB;78
47529;B. Samba;GK;65
47533;A. Doucouré;CMF;76
47541;Tozé;AMF;69
47542;João Mário;CMF;81
47543;Bruma;LWF;79
47547;L. Rose;CB;72
47548;J. Navrátil;RWF;71
47550;K. Johnsson;GK;79
47551;O. Hiljemark;CMF;78
47553;L. Krajnc;CB;70
47557;R. Insigne;RWF;71
47565;Fernández;RB;68
47566;D. Gavazzi;RMF;65
47568;J. Mejía;CF;69
47569;A. Keita;DMF;65
47576;N. de Préville;CF;78
47579;Hernâni;RWF;74
47582;A. Donatti;CB;73
47583;L. Janson;CF;73
47586;M. Pérez García;AMF;75
47589;E. Godoy;CB;70
47594;R. Botta;AMF;74
47631;A. Zabolotnyi;CF;70
47632;A. Waris;CF;74
47633;E. Baburin;GK;59
47639;J. Sinclair;CF;65
47640;Josh Murphy;LWF;66
47645;S. Maguire;CF;69
47648;R. Di Gennaro;GK;62
47653;Nacho Martínez;LB;68
47655;F. Calvo;LB;73
47657;A. Christiansen;DMF;70
47658;G. Sio;CF;77
47659;C. Beauvue;LWF;71
47664;Thalles;CF;71
47667;L. de Bock;LB;71
47670;Pablo Ínsua;CB;75
47671;Rubén Peña;RWF;73
47675;Arbilla;RB;75
47678;S. van Beek;CB;73
47680;M. Klich;CMF;76
47698;A. Halilović;AMF;75
47701;F. Acheampong;LWF;74
47702;A. Najar;RB;73
47705;M. Brouwer;GK;63
47707;B. Salamon;CB;74
47711;A. Martial;LWF;82
47712;T. Rogić;AMF;72
47714;H. Akpan;CMF;66
47727;Alex Telles;LB;80
47747;R. Naranjo;GK;70
47754;M. Villalobos;CF;69
47757;M. Dávila;LMF;71
47758;F. Manríquez;CMF;71
47759;M. Cubillos;CF;62
47761;L. Sotomayor;GK;61
47764;J. Rebolledo;CMF;66
47775;D. Silva;DMF;72
47784;W. Barrios;DMF;77
47785;J. Stones;CB;80
47786;M. Lemina;CMF;80
47787;João Cancelo;RB;77
47788;D. Origi;CF;78
47807;T. Jedvaj;CB;77
47813;M. Zaldivia;CB;72
47814;D. Benedetto;CF;80
47815;P. Lugüercio;RWF;72
47825;L. Romero;DMF;74
47826;R. Cáseres;SS;68
47828;J. Imbert;CF;70
47830;L. Magallán;CB;73
47831;F. Evangelista;LB;74
47833;V. Figueroa;LWF;71
47834;M. Casco;LB;78
47835;S. Vergini;CB;72
47836;R. Rey;GK;77
47837;L. Faravelli;AMF;72
47842;G. Ortíz;CB;72
47846;F. Muñoz;SS;70
47870;Leo Melo;SS;67
47871;Yago;CB;69
47872;Eduardo;AMF;71
47873;Marcos;GK;65
47877;R. Quijada;LB;67
47909;G. Pereiro;RWF;74
47923;C. Cortés;AMF;69
47925;N. Maturana;AMF;68
47930;V. Huerta;CB;70
47932;S. Velázquez;RMF;69
47933;I. Díaz;CF;68
47934;J. Duma;LWF;68
47935;N. Crovetto;LB;69
47938;M. Aceval;CB;71
47941;J. Espinoza;RB;69
47943;L. Reyes;DMF;74
47945;L. Povea;DMF;69
47947;G. Sandoval;DMF;70
47952;B. Vejar;LMF;71
47954;F. Reynero;RWF;69
47956;D. Llanos;CF;68
47959;B. Cortés;GK;65
47988;Camilo Vargas;GK;74
47992;R. Sánchez;GK;68
47999;D. Torres;DMF;77
48009;Á. Romero;LWF;74
48056;M. Oyola;CMF;71
48069;D. Bejarano;RB;66
48119;H. Calcaterra;CMF;74
48122;N. Ayr;CB;69
48129;E. Chávez;RMF;62
48134;P. Aquino;DMF;70
51507;A. Dhikrullah;CB;72
51508;S. Allah;AMF;70
51509;N. Rushdi;RB;67
51510;Y. Fayiz;CF;69
51511;A. Fabregas;GK;57
51512;P. Cocker;CB;69
51513;Q. Casanova;CB;72
51514;R. Dennison;DMF;71
51515;J. Corrales;RB;72
51516;J. Routledge;DMF;72
51517;R. Spincic;AMF;74
51518;T. Paz;LMF;72
51519;F. Luce;CMF;74
51520;C. Hanbury;SS;75
51521;O. Speedman;CF;69
51522;O. Feaver;GK;56
51523;S. Macintyre;CB;69
51524;G. Wheeler;DMF;72
51525;T. Falkner;CF;69
51526;E. Wabeck;CF;70
52317;J. Crooks;GK;55
52318;P. Hill;CB;72
52319;E. Gribbin;CB;69
52320;L. Royal;CB;68
52321;T. Asquith;LB;71
52322;F. Macy;DMF;71
52323;F. Dandeniya;CMF;71
52324;A. Simpson;AMF;74
52325;E. Annis;AMF;74
52326;J. Toshack;CF;74
52327;H. Colman;SS;71
52328;A. Wheatcroft;GK;54
52329;E. Trimmer;CB;65
52330;F. Harden;RB;73
52331;B. Mccabe;CMF;75
52332;J. Brewer;RMF;70
52889;E. Jenkinson;GK;54
52890;O. Ingram;CB;70
52891;T. Lumley;CB;71
52892;W. Leahy;RB;74
52893;K. Mcfarlane;LB;71
52894;M. Edgecumbe;DMF;71
52895;N. Boon;DMF;72
52896;C. Hughes;SS;73
52897;H. Kemp;RMF;72
52898;H. Catley;CF;66
52899;C. Simons;CF;71
52900;P. Smither;GK;56
52901;S. Hynde;CB;67
52902;G. Ellis;CB;71
52903;F. Oakley;RB;70
52904;C. Bayes;DMF;72
52905;M. Portes;CMF;71
52906;D. Holborne;RMF;71
52907;A. Newey;LMF;69
52908;U. Janes;CF;67
52909;M. Hockney;GK;57
52910;Q. Lefanu;RB;73
52911;J. Sharkey;CB;68
52912;N. Heywood;DMF;73
52913;R. Vevers;LB;69
52914;N. Stark;CMF;73
52915;P. Rendle;DMF;75
52916;R. Cobb;RMF;72
52917;F. Serwotka;LMF;71
52918;G. Rumbelow;CF;72
52919;M. Rayner;CF;70
52920;I. Granville;GK;54
52921;B. Redgrave;CB;73
52922;D. Milburn;RB;70
52923;G. Boycott;RMF;72
52924;J. Froude;RMF;69
52925;S. Odowd;AMF;74
52926;C. Mariner;SS;73
52927;R. Bloom;CF;68
52928;P. Firobisher;CF;67
52929;N. Waliullah;GK;55
52930;S. Jafar;CB;70
52931;G. Abdul Latif;CB;73
52932;M. Nasir;RMF;72
52933;S. Abdal Karim;LMF;73
52934;S. Alim;CMF;73
52935;T. Hazem;CMF;74
52936;S. Nasir;AMF;74
52937;H. Sultan;SS;74
52938;F. Ruhi;RMF;73
52939;T. Zane;CF;69
52940;V. Cemal;GK;56
52941;Y. Zane;CB;68
52942;M. Abdal Lafif;RB;70
52943;J. Gadiel;LB;71
52944;N. Sanaullah;DMF;74
52945;J. Al Mubdi;CMF;74
52946;M. Hasib;AMF;74
52947;M. Abdul Hafiz;CF;73
52948;B. Anis;CF;71
52949;L. Maher;GK;57
52950;M. Valentine;CB;69
52951;A. Nicoll;CB;72
52952;Lijun Zhu;DMF;71
52953;S. Muroi;RB;72
52954;J. Nottingham;DMF;72
52955;D. Mcdean;CMF;73
52956;C. Tait;SS;75
52957;L. Knightley;CF;69
52958;H. Bakewell;AMF;74
52959;E. Mceveley;CF;69
52960;A. Wickett;GK;56
52961;R. Aldis;CB;69
52962;S. Mcnamara;CB;72
52963;P. Jevons;RB;67
52964;M. Darwish;DMF;72
52965;H. Ogiwara;LMF;72
52966;A. Buchan;AMF;70
52967;S. Mcnish;CF;69
52968;A. Brennan;CF;70
52969;A. Godwin;GK;57
52970;A. Warhurst;CB;69
52971;D. Earhart;CB;72
52972;D. Lovelock;DMF;71
52973;T. Stout;RB;72
52974;G. Parlour;DMF;72
52975;M. Serwotka;CMF;73
52976;H. Wilder;SS;74
52977;D. Wiggins;CF;69
52978;B. Effinger;AMF;74
52979;L. Bullard;CF;69
52980;P. Schlesinger;GK;56
52981;L. Singer;CB;69
52982;K. Lipton;CB;72
52983;F. Southgate;RB;67
52984;I. Stein;DMF;72
52985;Moyin Lv;LMF;72
52986;A. Saddler;AMF;70
52987;E. Otoole;CF;69
52988;H. Brise;CF;70
53383;L. Santonja;LMF;72
53384;F. Casado;LMF;67
53385;J. Guelbenzu;LMF;68
53387;F. Marsillach;LWF;69
53451;E. Spinola;RB;70
53452;L. Moncada;RB;67
53453;A. Sarasate;DMF;63
53474;P. de Haro;RB;70
53475;C. Begona;LB;70
53476;J. Brull;DMF;70
53477;M. Padin;CMF;63
53520;J. Faubel;RB;67
53589;B. Palicio;DMF;68
53591;H. Garai;RMF;70
53780;J. Pierson;GK;62
53781;Z. Cessna;CB;70
53782;Y. Durnovo;CB;68
53783;M. Lynch;RB;70
53784;M. Spinesi;LB;73
53785;G. Ball;DMF;71
53786;L. Moorby;DMF;67
53787;L. Brighi;AMF;71
53788;N. Serpa;AMF;73
53789;G. Yordanov;CF;70
53790;E. Palomino;CF;73
53791;B. Gielgud;GK;56
53792;D. Schifferes;CB;57
53793;A. Emanetoglu;CB;44
53794;V. Sims;DMF;57
53795;D. Macaulay;DMF;57
53796;N. Les;RMF;54
53797;I. Sedykh;AMF;72
53798;B. Seymour;AMF;74
53799;D. Prosinecki;AMF;53
53800;O. Almada;AMF;55
53801;D. Ruth;CF;70
53802;I. Tavares;CF;73
53895;R. Maniourova;GK;57
53896;N. Barness;CB;69
53897;S. Hashimikov;CB;66
53898;A. Turtiainen;LB;71
53899;B. Semichastny;DMF;71
53900;V. Uzunov;RMF;67
53901;K. Tiefenbrunn;LMF;66
53902;V. Ivanova;CMF;68
53903;T. Pratchett;AMF;72
53904;B. Soares;CF;67
53905;D. Baskerville;SS;74
53906;Y. Volchkova;GK;55
53907;H. Deniz;GK;58
53908;R. Gostev;CB;68
53909;O. Yatsishin;RB;61
53910;B. Wiggins;DMF;73
53911;J. Varis;DMF;70
53912;T. Vellisca;RMF;71
53913;N. Sanches;RMF;67
53914;J. Kartahova;AMF;72
53915;O. Kolomiets;CF;67
53916;V. Krylov;CF;60
53917;H. Mladenov;CF;77
54056;A. Mcdermott;GK;55
54057;S. Neagle;CB;74
54058;B. Milinovic;CB;74
54059;E. Lemos;RB;70
54060;A. Babic;RMF;72
54061;K. Cheslock;LB;70
54062;Y. Spasov;RMF;69
54063;H. Betts;LWF;73
54064;J. Vilanova;AMF;72
54065;G. Ibbetson;CF;73
54066;B. Obrovsky;CF;73
54067;O. Kaidash;GK;56
54068;R. Chavarri;CB;67
54069;E. Sanger;CB;66
54070;V. Akhmatova;RB;65
54071;O. Djordjevic;CMF;71
54072;E. Merrien;CMF;70
54073;I. Bykovsky;RMF;62
54074;M. Daltrey;AMF;69
54075;D. Rajic;SS;73
54076;J. Fairman;RWF;62
54077;M. Probert;CF;65
54078;G. Horton;CF;66
54102;H. Nikolov;GK;56
54103;H. Ormerod;CB;69
54104;M. Hansson;CB;66
54105;Y. Chernykh;RB;69
54106;Y. Andrenko;RB;63
54107;A. Timakova;DMF;74
54108;L. Hempleman;CMF;70
54109;S. Bykovsky;RMF;69
54110;F. Kalyvod;AMF;69
54111;A. Mckeown;CF;70
54112;F. Cunha;CF;66
54113;B. Carol;GK;56
54114;M. Kazankina;GK;49
54115;L. Gedalge;CB;68
54116;V. Kaidash;CB;47
54117;V. Gagarin;CB;47
54118;Y. Andreiko;LB;50
54119;L. Bigod;RB;55
54120;F. Cary;CMF;73
54121;N. Heeley;RMF;55
54122;K. Caballero;AMF;61
54123;Y. Dominina;SS;70
54124;O. Sigourney;CF;70
54148;U. Tokus;GK;57
54149;M. Abu Akram;CB;72
54150;J. Mardaras;CB;72
54151;B. Saatci;RB;69
54152;B. Ayrault;LB;72
54153;S. Djamel;DMF;71
54154;E. Senturk;CMF;71
54155;E. Levy;RMF;68
54156;W. Adnan;LMF;71
54157;L. Jurado;CF;71
54158;G. Valido;CF;67
54159;C. Bedson;GK;54
54160;O. Tunagol;CB;69
54161;G. Ran;CB;57
54162;F. Kramer;CB;43
54163;H. Bayram;RB;58
54164;H. Arundel;DMF;70
54165;R. Bethancourt;DMF;55
54166;E. Muhtar;DMF;56
54167;F. Dangelmayr;RMF;54
54168;C. Temirzi;AMF;54
54169;V. Borisov;AMF;56
54170;N. Hemon;CF;66
54245;A. Hauser;GK;55
54246;B. Willemsen;CB;65
54247;I. Guven;CB;72
54248;M. Cahill;RB;71
54249;R. Franz;LB;71
54250;E. Weindler;DMF;78
54251;J. Buschschulte;CMF;67
54252;J. Dechy;LMF;70
54253;N. Farkas;AMF;71
54254;H. Burnham;AMF;74
54255;B. Zahinos;SS;71
54256;M. Chambelain;GK;54
54257;A. Sanches;GK;54
54258;Y. Tsvetanov;CB;65
54259;M. Gozubuyuk;RB;63
54260;P. Schlicke;RB;67
54261;S. Aabye;LB;68
54262;B. Ferstl;CMF;67
54263;D. Strugar;RMF;71
54264;R. Oswald;AMF;72
54265;P. Blom;CF;66
54266;S. Kunzen;CF;68
54267;L. Biribanti;CF;71
54337;T. Post;GK;55
54338;E. Bean;CB;68
54339;T. Hofman;CB;67
54340;J. Schulz;CB;68
54341;W. Schouten;DMF;74
54342;D. Knobel;RMF;71
54343;G. Mol;LMF;69
54344;B. Gehrlein;AMF;69
54345;N. Milicic;RMF;70
54346;A. Thomsen;CF;68
54347;S. Ceccarelli;CF;71
54348;B. Oehring;GK;57
54349;L. de Blamont;GK;50
54350;R. Kalcher;CB;47
54351;N. Cauchy;CB;46
54352;F. Rosenior;RB;71
54353;A. Encinas;LB;71
54354;D. Stemmle;LB;51
54355;I. Tsvetanov;RB;53
54356;M. Renvall;DMF;56
54357;G. Samba;RMF;55
54358;M. Kostal;AMF;69
54359;U. Rosel;CF;70
54360;D. Vernizzi;GK;55
54361;A. Voevodsky;LB;69
54362;R. Kloesel;CB;66
54363;G. Wilhelm;CB;66
54364;T. Hummel;DMF;72
54365;O. Njorgaard;DMF;68
54366;R. Kuijpers;RMF;69
54367;E. Pires;RMF;71
54368;I. de Bruin;AMF;71
54369;E. Von Bose;CF;71
54370;J. Koster;CF;70
54371;G. Smither;GK;56
54372;T. Von Dohnanyi;CB;67
54373;J. Somers;CB;63
54374;T. Beitia;RB;67
54375;E. Robertson;RB;67
54376;G. Beilhack;DMF;70
54377;J. Eilhoff;DMF;70
54378;R. Strjom;RMF;68
54379;D. Moreau;AMF;69
54380;R. Lyons;CF;68
54381;K. Pavliv;CF;66
54382;L. Jeffrey;CF;65
54383;C. Arizmendi;GK;56
54384;R. Marco;CB;69
54385;C. Jardi;CB;63
54386;J. Llorach;CB;63
54387;O. Mercado;DMF;68
54388;C. Ventura;DMF;72
54389;J. Ranier;RMF;68
54390;M. Vinas;DMF;70
54391;G. Sandin;AMF;71
54392;G. Arrese;CF;66
54393;G. Berry;CF;69
54394;I. Halfter;GK;56
54395;A. Rimonte;GK;56
54396;M. Victoria;CB;62
54397;B. Aguayo;CB;68
54398;M. Baines;DMF;71
54399;F. Aganzo;LMF;71
54400;A. Elias;RMF;54
54401;A. Bueno;AMF;54
54402;T. Doblas;AMF;58
54403;A. Ubago;AMF;73
54404;C. Pavon;CF;64
54405;L. Guixe;CF;66
54406;S. de Boer;GK;57
54407;S. Werries;CB;66
54408;H. Daupner;CB;71
54409;C. Baceoglu;CB;71
54410;F. Rose;DMF;72
54411;G. Charteau;RMF;71
54412;K. Vlaovic;LMF;70
54413;K. Menger;AMF;72
54414;A. Lazaro;AMF;66
54415;C. Klasener;CF;71
54416;E. Henriques;CF;75
54417;I. Schmitz;GK;55
54418;H. Kalkavan;GK;56
54419;M. Nichelmann;CB;71
54420;R. Drechsler;CB;61
54421;B. Kekule;LB;71
54422;T. Vukic;RB;70
54423;H. Kretschmer;DMF;70
54424;R. van Wijk;DMF;73
54425;T. Rubens;CMF;62
54426;F. Tombesi;CMF;69
54427;B. Wehlmann;CF;68
54428;T. Von Stein;CF;68
54429;A. Teinert;GK;55
54430;M. Keller;CB;73
54431;N. Kircher;CB;74
54432;A. Just;CB;69
54433;D. Janssen;DMF;79
54434;S. Hafizullah;DMF;73
54435;A. Duebbers;RMF;72
54436;E. Tavares;LMF;71
54437;T. Baacke;AMF;70
54438;D. van de Berg;CF;70
54439;K. Vander;CF;71
54440;L. Scheibe;GK;56
54441;W. Horkheimer;CB;56
54442;H. Corder;LB;68
54443;B. Soukal;RB;69
54444;A. Methfessel;RB;71
54445;G. Strada;DMF;63
54446;H. Kusterer;CMF;70
54447;B. Pomorin;CMF;69
54448;F. Bunsen;RMF;69
54449;W. Dogan;RMF;62
54450;A. Plate;AMF;71
54451;D. Schipper;CF;68
54602;J. las Casas;GK;56
54659;A. Benjamin;GK;57
54660;O. Mujcin;CB;72
54661;T. Garland;CB;64
54662;V. Gomes;RB;67
54663;A. Oshadogan;RB;66
54664;H. Branco;DMF;68
54665;N. Juric;RB;66
54666;L. Boddey;RMF;66
54667;M. Frankel;CMF;69
54668;T. Emanetoglu;CF;69
54669;P. Tihanek;CF;68
54670;L. Mironova;GK;57
54671;D. Poe;GK;56
54672;L. Peel;GK;49
54673;A. Gunduz;CB;64
54674;M. Best;CB;49
54675;K. Stanev;RB;66
54676;K. Boorman;RB;54
54677;G. Addinsell;RB;52
54678;Z. Hurely;DMF;65
54679;I. Olivero;RMF;55
54680;P. Smertin;CF;60
54681;P. Rukavina;CF;58
54682;O. Gouveia;GK;56
54683;J. Bustos;CB;66
54684;A. Sequeira;CB;66
54685;M. Arca;RMF;68
54686;M. Nogueira;LB;72
54687;A. Nunes;DMF;70
54688;A. Escoda;DMF;71
54689;R. Amaral;RMF;70
54690;R. Valverde;AMF;75
54691;L. Ferronetti;CF;69
54692;B. Gouveia;CF;72
54693;F. Meriel;GK;57
54694;B. Mendes;GK;49
54695;A. Diego;CB;48
54696;H. Ikrimah;CB;69
54697;H. Pereiro;DMF;63
54698;H. Willemsen;CMF;58
54699;R. Chaves;RMF;66
54700;C. Puerta;AMF;74
54701;P. Noronha;LWF;56
54702;A. Sampaio;RWF;60
54703;J. Masefield;CF;66
54704;M. Badr Aldin;CF;59
54705;G. Emblen;GK;56
54706;C. Mendes;CB;69
54707;F. Teixeira;CB;66
54708;P. Chaves;CB;66
54709;L. Betencourt;DMF;74
54710;C. Baines;RB;70
54711;N. Montaner;LMF;70
54712;N. Miranda;RMF;67
54713;J. Beloki;AMF;69
54714;T. Pereira;SS;81
54715;P. Gomes;CF;67
54716;C. Ferreira;GK;57
54717;L. Da Gama;GK;56
54718;C. Dorado;CB;58
54719;M. Abd Al Rahim;LB;70
54720;C. Betencourt;RB;70
54721;V. Pamfilova;DMF;70
54722;T. Faria;DMF;70
54723;M. Vasques;DMF;66
54724;A. Beloki;CMF;66
54725;P. Verny;LMF;70
54726;S. Juppe;AMF;72
54727;J. Loda;CF;71
54728;N. Goehr;GK;56
54729;R. Nottingham;CB;69
54730;A. Dallape;CB;63
54731;I. Reinagle;CB;63
54732;E. Correia;DMF;68
54733;M. Spoljarec;DMF;72
54734;O. Mazzinghi;DMF;70
54735;A. Balaban;RMF;68
54736;J. Mott;AMF;74
54737;H. Kinsella;CF;66
54738;M. Allston;CF;69
54739;G. Maddock;GK;56
54740;Z. Destani;GK;57
54741;W. Mazzinghi;CB;62
54742;D. Zanielli;CB;68
54743;Y. Pogorelic;DMF;71
54744;G. Ross;LMF;71
54745;A. Gundry;RMF;54
54746;M. Esteves;AMF;60
54747;B. Soames;AMF;61
54748;C. Dekker;AMF;73
54749;L. Fach;CF;68
54750;G. Pead;CF;66
54751;B. Valkare;GK;57
54752;K. Carteret;CB;66
54753;C. Park;CB;71
54754;D. Falconar;CB;71
54755;O. Hulse;DMF;72
54756;K. Northrop;RMF;71
54757;I. Mcphee;LMF;70
54758;J. Treluyer;AMF;72
54759;I. Cotelo;AMF;66
54760;B. Ash;CF;71
54761;M. Charman;CF;75
54762;H. Neville;GK;55
54763;B. Nardiello;GK;56
54764;I. Alcuin;CB;71
54765;G. Broughall;CB;61
54766;H. Pelham;LB;72
54767;C. Posford;RB;70
54768;F. Voro;DMF;70
54769;Q. Mcguigan;DMF;73
54770;G. Erod;CMF;61
54771;C. Norman;CMF;70
54772;D. Newey;CF;68
54773;L. Horton;CF;68
54774;P. Cabral;GK;55
54775;M. Teber;CB;73
54776;B. Everett;CB;75
54777;J. Cudworth;CB;69
54778;J. York;DMF;75
54779;L. Wilbye;DMF;73
54780;R. Mew;RMF;72
54781;A. Mcclair;LMF;71
54782;Z. Hempleman;AMF;70
54783;J. Alcott;CF;70
54784;B. Nordley;CF;71
54785;L. Goodall;GK;56
54786;E. Mathias;CB;55
54787;M. Nazim;LB;68
54788;P. Fakhoury;RB;69
54789;C. Tippett;RB;71
54790;F. Impey;DMF;64
54791;C. Woolf;CMF;69
54792;N. Robjohn;CMF;70
54793;P. Weindler;RMF;69
54794;D. Shearer;RMF;62
54795;N. Hobbs;AMF;71
54796;V. de Charette;CF;68
54797;D. Yildiz;GK;56
54798;D. Rocha;CB;67
54799;M. Aykul;CB;67
54800;G. Craven;CB;68
54801;M. Stimac;CMF;65
54802;H. Ortac;CMF;70
54803;Y. Rudekovic;RMF;67
54804;G. Valera;RMF;73
54805;G. Ibanez;LWF;73
54806;U. Yaman;LWF;72
54807;N. Rossetti;CF;69
54808;M. Gul;GK;49
54809;F. Manuel;CB;45
54810;V. Kader;RB;67
54811;R. Tapies;RB;69
54812;R. Weigelt;DMF;75
54813;A. Baceoglu;DMF;56
54814;S. Gois;CMF;54
54815;C. Amalia;AMF;71
54816;B. Rodriguez;AMF;60
54817;M. Durmus;AMF;55
54818;A. Kordic;LWF;59
54819;J. Lehn;CF;71
54820;V. Bessmertnova;GK;54
54821;M. Andrade;CB;73
54822;I. Dostoevsky;CB;74
54823;V. Kostishin;RB;70
54824;P. Mascarenhas;LB;65
54825;F. Ogienko;DMF;70
54826;J. Grutshuk;RMF;69
54827;M. Ruban;RMF;65
54828;I. Petkov;AMF;72
54829;S. Heywood;CF;72
54830;O. Chumak;CF;70
54831;J. Kimble;GK;52
54832;S. Negoda;GK;56
54833;A. Erener;CB;70
54834;F. Sanches;CB;64
54835;S. Reznik;RB;66
54836;I. Terradellas;RB;70
54837;I. Georgiev;CMF;70
54838;R. Spivak;RMF;60
54839;P. Tomash;RMF;68
54840;V. Beatie;AMF;71
54841;I. Sklyarenko;RWF;69
54842;D. Joule;CF;68
54843;M. Fedkov;GK;59
54844;H. Jushchak;CB;65
54845;B. Figg;CB;71
54846;A. Franta;LB;71
54847;J. Aranzubia;DMF;72
54848;F. Aizkorreta;CMF;70
54849;I. Kovachev;LB;71
54850;I. Zakharchenko;RMF;72
54851;A. Mendonca;AMF;73
54852;D. Semenov;SS;71
54853;D. Fedorishin;CF;70
54854;Z. Bailey;GK;62
54855;L. Mihailov;GK;57
54856;M. Zaytsev;CB;69
54857;S. Zlenko;CB;69
54858;G. Durnovo;RB;71
54859;L. Kolomiets;LB;73
54860;A. Cannon;CMF;72
54861;S. Greening;CMF;68
54862;V. Germanovich;AMF;79
54863;A. Sahin;AMF;79
54864;A. Gryzlov;CF;70
54865;C. Pacheco;CF;68
54876;C. Edghill;GK;54
54877;L. Hutchings;CB;70
54878;J. Boulding;CB;71
54879;B. Fluck;RB;74
54880;E. Buick;LB;71
54881;A. Mew;DMF;71
54882;E. Shockley;DMF;72
54883;R. Willoughby;RMF;72
54884;W. Vevers;SS;73
54885;M. Savale;CF;66
54886;B. Rice;CF;71
54887;M. Donald;GK;56
54888;S. Pettinger;CB;67
54889;J. Bray;CB;71
54890;A. Tempah;RB;70
54891;R. Mullin;DMF;72
54892;D. Wishart;CMF;71
54893;R. Emery;RMF;72
54894;R. Lester;LMF;69
54895;H. Gordon;CF;67
54896;Jinlu Gao;GK;57
54897;Qiping Zhao;RB;73
54898;Fuli Chen;CB;68
54899;Poucai Huang;DMF;73
54900;Zhengyun Jia;LB;69
54901;Xieyun Fu;CMF;73
54902;Gaoli Jiang;DMF;75
54903;Aozhu Cao;LMF;71
54904;Ganqi Yin;RMF;72
54905;Aidong Feng;CF;73
54906;Sunyou Zheng;CF;70
54907;Lianhong Shao;GK;54
54908;Wencheng Qin;CB;73
54909;Kaixiang Jia;RB;70
54910;Rongxuan Shi;RMF;72
54911;Tiangan He;RMF;69
54912;Guimin Fu;AMF;74
54913;Daijin Zheng;SS;73
54914;Yuwei Liang;CF;68
54915;Rongxuan Ye;CF;67
54916;Aryeong Yu;GK;57
54917;Sunbok In;CB;69
54918;Wongyu Seong;CB;72
54919;Boksang Gil;DMF;71
54920;Gangho Hong;RB;72
54921;Yeongyeon Gong;DMF;72
54922;Jinmo Mun;CMF;74
54923;Bohyeon Seol;SS;75
54924;Dangyu Jang;CF;69
54925;Gwanyong Do;AMF;74
54926;Donggeon Hwan;CF;69
54927;Taedong Jeom;GK;56
54928;Jeonggyu Ya;CB;69
54929;Yeonggil Pan;CB;72
54930;Jaemi Su;RB;68
54931;Byeonggi Yu;DMF;72
54932;Cheolsun Gong;LMF;72
54933;Yaseong Sip;AMF;70
54934;Seokjin Gok;CF;69
54935;Bongu Gwak;CF;70
54936;Sangtaek Heung;GK;55
54937;Jaejin Yeom;CB;70
54938;Donghun Gae;CB;69
54939;Nogeuk Jeong;RB;69
54940;Byeongcheol Su;LB;72
54941;Baesik Yu;DMF;73
54942;Jijun Bu;CB;72
54943;Yongu Su;RMF;71
54944;Nosun Ja;RWF;72
54945;Yeongrim Bok;CF;71
54946;Wonho Ban;CF;67
54947;Chanmun Dae;GK;55
54948;Sechang An;CB;64
54949;Yeongmin Gu;LB;69
54950;Daeuk Noe;DMF;69
54951;Jaegu Bae;DMF;71
54952;Hyeonyun Yeo;RMF;70
54953;Jongseop Mun;AMF;73
54954;Daehyeong Jang;SS;73
54955;Huia Go;CF;68
54956;P. Wyler;GK;57
54957;M. Farjeon;CB;71
54958;I. Cage;DMF;74
54959;G. Dowdeswell;RB;69
54960;M. Downer;LMF;71
54961;C. Quilliam;DMF;75
54962;D. Hill;CMF;74
54963;A. Acheson;RMF;72
54964;A. Mcallister;CMF;75
54965;D. Embury;SS;72
54966;S. Dublin;SS;72
54967;E. Macdowel;GK;57
54968;K. Willock;CB;68
54969;F. Vine;CB;69
54970;Z. Oleary;DMF;69
54971;A. Pelham;RMF;70
54972;E. Carleton;AMF;73
54973;K. Twining;LWF;71
54974;I. Maudslay;CF;70
54975;E. Letwin;CF;68
54976;H. Shepherd;GK;56
54977;C. Thirlwell;CB;70
54978;A. Bryce;CB;73
54979;R. Keynes;RMF;72
54980;B. Ridgewell;LMF;73
54981;L. Birtchnell;CMF;73
54982;N. Griffith;CMF;75
54983;B. Finck;AMF;74
54984;R. Finnissy;AMF;73
54985;U. Stein;SS;74
54986;J. Turvey;CF;69
54987;G. Willoughby;GK;56
54988;M. Hirst;CB;68
54989;R. Amherst;RB;70
54990;U. Laycock;LB;71
54991;O. Linton;DMF;74
54992;M. Headey;CMF;74
54993;T. Hayes;RMF;73
54994;N. Allingham;CF;73
54995;C. Hunnam;CF;71
54996;G. Fadil;GK;55
54997;J. Ekram;CB;73
54998;M. Ehsanullah;CB;74
54999;H. Fahd;RB;73
55000;R. Ata;CMF;71
55001;T. Said;DMF;75
55002;R. Melhem;AMF;74
55003;I. Henriques;CMF;74
55004;S. Abdur Raqib;RMF;72
55005;K. Chadli;SS;74
55006;J. Nahyan;CF;70
55007;H. Ash Shahid;GK;57
55008;J. Barkatullah;CB;71
55009;W. Al Muqsit;RB;69
55010;M. Zafar;LB;72
55011;M. Rabih;CMF;75
55012;G. Quddus;AMF;71
55013;H. Muhsin;SS;74
55014;M. Salim;CF;71
55015;H. Fawaz;CF;70
55016;S. Bakor;GK;55
55017;Y. Wahed;CB;72
55018;H. Barkat Ali;CB;69
55019;N. Qutb;RB;73
55020;S. Al Mutaali;LB;71
55021;R. Fikri;DMF;74
55022;M. Fazli;AMF;73
55023;Y. Jamal;RMF;71
55024;R. Hilal;CMF;72
55025;M. Ziad;SS;74
55026;Y. Calleja;CF;70
55027;H. Gafar;GK;57
55028;V. Saad;CB;67
55029;J. Nasser;RB;69
55030;S. Imad Aldin;DMF;70
55031;M. Butrus;CMF;73
55032;T. Ghanem;AMF;73
55033;Y. Qutb;CF;69
55034;Y. Fihr;CF;68
55035;I. Shukri;CF;66
55036;A. Wajdi;GK;55
55037;R. Bagher;CB;69
55038;H. Bakr;CB;69
55039;A. Fariq;RB;70
55040;J. Abdel;RB;72
55041;F. Zayd;DMF;79
55042;A. Hamid Aldin;DMF;70
55043;N. Bilel;AMF;74
55044;R. Andrade;CMF;73
55045;R. Ibro;CF;74
55046;M. Saifullah;CF;71
55047;F. Diya Aldin;GK;53
55048;J. Naguib;CB;68
55049;A. Zainal;CB;63
55050;N. Hadi;RB;68
55051;M. Bader;DMF;73
55052;Y. Bin Faisal;CMF;70
55053;Y. Ayatollah;RMF;70
55054;O. Fahmi;SS;75
55055;J. Nasim;CF;72
55056;K. Fateh;GK;57
55057;S. Al Aziz;CB;72
55058;M. Abdulkareem;CB;72
55059;R. Wissem;CB;70
55060;M. Talib;RB;72
55061;F. Abdul Alim;DMF;69
55062;Y. Baha Al Din;CMF;74
55063;I. Muhsin;CMF;75
55064;R. Figueira;AMF;74
55065;J. Kamil;SS;71
55066;M. Nasir Aldin;CF;69
55067;B. Abdul Sattar;GK;56
55068;A. Murtaza;CB;69
55069;J. Ruhi;RB;68
55070;T. Azmi;DMF;72
55071;N. Gadiel;CMF;72
55072;J. Zakariya;RMF;69
55073;H. Wajdi;AMF;71
55074;S. Mansur;SS;73
55075;N. Latif;CF;67
55076;R. Ghulam;GK;56
55077;M. Abd Al Sami;CB;72
55078;T. Yasin;CB;72
55079;I. Al Hasib;RB;70
55080;N. Atif;RB;72
55081;J. Ramiz;AMF;71
55082;J. Daud;DMF;71
55083;N. Habib;RMF;71
55084;S. Billah;LMF;71
55085;R. Alim;SS;70
55086;I. Shakir;CF;69
55087;M. Ubay;GK;57
55088;J. Abdul Zahir;CB;68
55089;E. Gadi;CB;66
55090;J. Baghel;LB;69
55091;F. Jalal;CMF;72
55092;K. Saad;RMF;69
55093;M. Kamal AD Din;AMF;73
55094;H. Ibro;RWF;68
55095;M. Al Aziz;CF;65
55096;A. Warner;GK;56
55097;T. Mooney;CB;73
55098;J. Prim;CB;69
55099;L. Keown;CB;68
55100;A. Brazil;LB;74
55101;A. Mcfall;CB;67
55102;T. Irons;DMF;75
55103;L. Jenas;CMF;69
55104;K. Fotheringham;RMF;73
55105;R. Coe;CF;70
55106;O. Albarn;CF;70
55107;T. Cudworth;GK;56
55108;C. Mcanally;CB;67
55109;T. Girtin;CB;69
55110;M. Dorigo;RB;73
55111;S. Cahill;CMF;73
55112;L. Dill;RMF;66
55113;E. Lovelace;SS;71
55114;M. Heston;CF;68
55115;F. Mackay;CF;67
55118;E. Boia;CF;73
55119;U. Viola;CF;71
55128;I. Aganzo;DMF;72
55129;G. Perales;DMF;68
55143;E. Arpon;SS;66
55144;B. Mcdowell;LMF;71
55145;B. Donnelly;AMF;71
55146;H. Sireling;CF;65
55147;A. Walpole;CF;70
55152;T. Mogi;GK;55
55153;T. Oiwa;CB;71
55154;T. Segawa;DMF;74
55155;K. Mashiyama;CB;69
55156;H. Suda;DMF;75
55157;H. Yoshikawa;CMF;75
55158;A. Enomoto;RB;68
55159;H. Nimura;LMF;71
55160;H. Yanagi;RMF;72
55161;S. Mukaiyama;SS;71
55162;S. Tamagawa;SS;72
55163;Y. Takamatsu;GK;56
55164;K. Tanabashi;CB;68
55165;S. Ueki;DMF;69
55166;H. Isobe;CMF;72
55167;H. Maeda;RMF;70
55168;K. Sawaguchi;AMF;72
55169;K. Gojo;LWF;71
55170;R. Matsuura;CF;70
55171;K. Haraguchi;CF;68
55301;I. Broca;CB;64
55400;C. Trussardi;GK;56
55401;M. Cicek;CB;71
55402;E. Disraeli;CB;69
55403;P. Lucienbonnet;RB;79
55404;R. Schinner;LB;71
55405;V. Biggs;DMF;69
55406;D. Nicoll;DMF;71
55407;H. van Vliet;AMF;73
55408;R. Sampaio;AMF;71
55409;J. Zarandona;CF;72
55410;O. Torroba;CF;73
55411;P. Herralde;GK;56
55412;J. Uranga;GK;57
55413;B. Pitaruga;CB;68
55414;E. Hitzfeld;CB;67
55415;M. Amo;RB;71
55416;A. Strjom;RB;60
55417;Z. Bayes;DMF;71
55418;U. Bayram;RMF;70
55419;P. Carpintero;RMF;71
55420;G. Peiffer;LWF;71
55421;F. Aduritz;CF;74
55422;E. Utz;CF;74
55423;V. Prins;GK;56
55424;E. Vachon;CB;72
55425;K. Speed;CB;75
55426;W. Ewald;RB;72
55427;O. Lincke;LB;72
55428;S. Upshaw;DMF;76
55429;K. Byron;DMF;67
55430;C. Mazzarelli;AMF;72
55431;A. Lear;AMF;74
55432;H. Sundqvist;CF;72
55433;J. Terra;CF;72
55434;J. Glenn;GK;56
55435;B. Letts;CB;66
55436;E. Maignan;CB;68
55437;N. Gaultier;CB;70
55438;E. Ruthenfranz;RB;74
55439;J. Navarro;DMF;68
55441;T. Sousa;RMF;71
55442;A. Mcnish;AMF;74
55443;E. Inkinen;RWF;71
55444;Y. Mesquida;CF;68
55445;K. Deech;CF;73
55521;S. Falcon;GK;55
55522;E. Banderas;CB;71
55523;A. Limones;CB;72
55524;L. Vidal;RB;73
55525;G. Balada;LB;73
55526;R. Conesa;DMF;67
55527;P. Doblas;DMF;70
55528;D. Tato;AMF;74
55529;G. Blahnik;LMF;74
55530;H. Castedo;RMF;74
55531;F. Peraza;CF;71
55532;R. Malatz;GK;56
55533;M. Gabilondo;GK;56
55534;C. Lavandera;CB;72
55535;F. Rubio;CB;68
55536;S. Gil;RB;73
55537;F. Borrell;LB;73
55538;A. Chema;DMF;71
55539;A. Creus;DMF;71
55540;H. Gracia;DMF;73
55541;H. Engonga;SS;71
55542;E. Grandes;SS;71
55543;I. Carriedo;SS;75
55544;G. Usandizaga;CB;68
55545;J. Arnau;CMF;70
55644;J. Preysler;GK;57
55645;T. Usandizaga;CB;73
55646;S. Chaparro;CB;68
55647;L. Cazals;CMF;72
55648;A. Olmeda;LB;72
55649;J. Paniagua;CMF;74
55650;A. Hayon;DMF;73
55651;L. Ribera;AMF;72
55652;G. Toregrosa;SS;73
55653;T. Lafuente;AMF;74
55654;J. Sarda;CF;74
55655;G. Albelda;GK;56
55656;G. Bouzon;GK;56
55657;F. Cuyas;CB;71
55658;F. Pisador;CB;70
55659;J. Colomo;RB;73
55660;E. Balart;LB;68
55661;J. Puigcorbe;AMF;75
55662;C. Eguibar;AMF;74
55663;I. Ansola;SS;74
55664;D. Arrizabalaga;SS;70
55665;C. Vasco;CF;74
55666;F. Cabrejo;CF;73
55667;H. Brit;RB;73
55668;S. Bustos;CF;74
55694;Q. Txurruka;GK;56
55695;T. Cos;CB;68
55696;G. Rodrigo;CB;72
55697;T. Canas;AMF;72
55698;B. de Quintana;LB;73
55699;D. Cabanas;DMF;70
55700;H. Paniagua;DMF;72
55701;A. Engonga;CMF;80
55702;B. Clavero;AMF;73
55703;M. Encina;SS;73
55704;F. Serra;CF;73
55705;F. Alana;GK;56
55706;B. del Amo;GK;56
55707;R. Balbuena;CB;70
55708;M. Romana;CB;65
55709;I. Bofill;LB;71
55710;A. Meca;DMF;70
55711;D. Escudero;AMF;74
55712;D. Castellet;AMF;72
55713;M. Loaisa;AMF;73
55714;J. Cassado;AMF;74
55715;J. Gonbau;AMF;71
55716;T. Mendonca;CF;74
55717;D. Encinas;CB;69
55718;E. Alcantara;CF;71
55719;D. Tavares;GK;57
55720;A. Meneses;CB;71
55721;E. Aboim;CB;69
55722;C. Nunes;RB;72
55723;B. Oliveira;LB;74
55724;A. Rodrigues;DMF;74
55725;L. Castelo;CMF;74
55726;B. Lima;AMF;74
55727;I. Borges;AMF;79
55728;F. Moura;SS;74
55729;L. Oliveira;CF;74
55730;C. Esteves;GK;56
55731;L. Carvalho;GK;55
55732;R. Torregrosa;CB;70
55733;V. Figueira;LB;71
55734;J. Braga;DMF;70
55735;F. Brito;DMF;72
55736;H. Sueiro;CMF;73
55737;E. Ribeiro;LMF;72
55738;C. Gomes;AMF;71
55739;P. Faria;SS;75
55740;S. Emir;CF;72
55741;E. Mendonca;CF;68
55742;O. Lobato;DMF;68
55743;C. Tavares;CF;73
55744;C. Lima;GK;57
55745;D. Azevedo;CB;73
55746;R. Da Gama;CB;73
55747;R. Camara;LB;73
55748;L. Mota;LB;70
55749;S. Rocha;DMF;73
55750;A. Moura;CMF;74
55751;F. Tavares;CMF;70
55752;P. Gurpegui;AMF;80
55753;D. Corte Real;SS;79
55754;A. Henriques;CF;73
55755;T. Esteves;GK;61
55756;A. Faria;GK;56
55757;G. Pires;CB;70
55758;E. Forner;RB;71
55759;G. Nogueira;LB;73
55760;V. Andrade;DMF;70
55761;D. Sequeira;DMF;72
55762;H. Lesaka;DMF;70
55763;M. Branco;AMF;79
55764;O. Miranda;AMF;74
55765;J. Aguiar;CF;74
55766;I. Brito;CF;73
55767;T. Correa;RB;71
55768;A. Peres;CF;68
55769;D. Betencourt;GK;55
55770;B. Mata;CB;71
55771;T. Abreu;CB;73
55772;F. Malafaia;RB;70
55773;M. Pires;LB;70
55774;J. Henriques;DMF;74
55775;C. Tavora;AMF;79
55776;N. Goncalves;DMF;72
55777;C. Melo;LMF;73
55778;C. Pires;AMF;75
55779;P. Valente;CF;70
55780;B. Semprun;GK;56
55781;H. Rodrigues;GK;55
55782;M. Azevedo;CB;69
55783;T. Domingues;CB;68
55784;A. Goncalves;RB;71
55785;S. Alkiza;DMF;70
55786;M. Castelo;DMF;72
55787;A. Balcazar;CMF;71
55788;F. Rodrigues;CMF;75
55789;I. Teixeira;AMF;72
55790;X. Gois;SS;71
55791;M. Soares;CF;70
55792;A. Manuel;RMF;69
55793;A. Castelo;CF;72
55794;B. Moura;GK;55
55795;D. Eca;DMF;71
55796;P. Teixeira;CB;68
55797;S. Malafaia;RMF;69
55798;D. Moniz;LMF;71
55799;F. Abril;DMF;72
55800;J. Caceres;CMF;72
55801;R. Abreu;AMF;73
55802;E. More;CF;70
55803;C. Vasques;SS;73
55804;P. Soares;CF;72
55805;J. Ribeiro;GK;56
55806;B. Siqueira;GK;56
55807;F. Almada;CB;70
55808;F. Lima;CB;73
55809;G. Carvalho;RB;68
55810;L. Aguilar;LB;72
55811;L. Pessanha;DMF;67
55812;T. Escoda;DMF;69
55813;D. Neves;CMF;69
55814;V. Ataide;LMF;71
55815;D. Henriques;AMF;72
55816;V. Pires;SS;70
55817;F. Nunes;LMF;69
55818;M. Gomes;SS;69
55819;R. Noronha;GK;57
55820;I. Serpa;RB;72
55821;H. Sanches;CB;68
55822;I. Garces;RB;70
55823;G. Domingues;LB;71
55824;L. Figueira;DMF;70
55825;C. Menezes;CMF;70
55826;A. Corte Real;AMF;73
55827;C. Almada;SS;70
55828;T. Malafaia;CF;69
55829;G. Sequeira;CF;70
55830;D. Cabral;GK;57
55831;V. Azevedo;GK;55
55832;M. Valente;CB;70
55833;X. Bitencourt;CB;69
55834;E. Sousa;CB;69
55835;E. Braga;LB;71
55836;P. Tavares;CMF;69
55837;J. Eca;CMF;69
55838;D. Vasques;RMF;72
55839;N. Vasconcelos;LMF;70
55840;E. Correa;SS;73
55841;T. Iparraguire;CF;67
55842;P. Marques;DMF;70
55843;J. Castro;CF;70
55844;E. Corte Real;GK;57
55845;O. Soares;CB;71
55846;M. Aguiar;RB;72
55847;P. Dias;LB;73
55848;I. Nunes;RB;72
55849;J. Couto;LB;73
55850;V. Aguiar;RB;73
55851;I. Lobato;AMF;72
55852;E. Coelho;AMF;74
55853;S. Mendes;RWF;71
55854;A. Sousa;CF;69
55855;M. Sampaio;GK;56
55856;J. Moura;GK;55
55857;A. Miranda;CB;67
55858;R. Medeiros;CB;67
55859;E. Fernandes;RB;72
55860;J. Vasconcelos;CMF;70
55861;A. Correa;RMF;72
55862;R. Nogueira;LMF;69
55863;G. de Pedro;AMF;74
55864;V. Eca;SS;71
55865;S. Pires;SS;71
55866;A. Terra;CF;68
55867;H. Fuego;DMF;67
55868;J. Siqueira;SS;72
55894;E. Puente;GK;58
55895;F. Larrea;CB;70
55896;S. Aizkorreta;CB;68
55897;K. Sanz;RB;71
55898;O. Lazaro;LB;69
55899;A. Balzola;RB;72
55900;E. Sorozabal;DMF;71
55901;A. Cuadrado;SS;74
55902;T. Serrano;AMF;74
55903;H. Perales;AMF;74
55904;A. Vellisca;CF;70
55905;J. Epitie;GK;55
55906;C. Jauregui;GK;54
55907;C. de la Cal;CB;68
55908;L. Cudoreni;CB;65
55909;G. Cuesta;RB;72
55910;I. Marchent;LB;71
55911;S. Pizarro;DMF;69
55912;R. Jurado;DMF;70
55913;J. Zapater;AMF;68
55914;M. Rimonte;SS;72
55915;P. Maura;SS;71
55916;A. Molla;CF;68
55917;F. Indurain;RMF;68
55918;E. Zubizarreta;SS;72
55944;B. Carne;GK;57
55945;A. Samaranch;DMF;67
55946;A. de Narvaez;CB;68
55947;K. Cruchaga;LB;73
55948;J. Robredo;AMF;72
55949;J. Padial;DMF;70
55950;F. Ventura;RWF;71
55951;G. Azkorra;LMF;71
55952;D. Zubeldia;SS;73
55953;M. Askasibar;CF;66
55954;M. Zambrano;CF;70
55955;P. Domeq;GK;54
55956;T. de la Vega;GK;57
55957;L. Amador;CB;68
55958;J. Vinas;CB;68
55959;T. Falla;RB;71
55960;J. Pirri;RB;68
55961;X. de Palo;RMF;66
55962;C. Montero;LMF;71
55963;L. de Paula;AMF;68
55964;O. Garces;SS;73
55965;U. Morieda;SS;70
55966;E. Llorach;CF;68
55967;O. del Monte;CB;66
55968;O. de Palma;CF;67
55969;S. Contador;GK;55
55970;J. Faria;RB;69
55971;J. Marco;CB;70
55972;A. del Monte;RB;70
55973;B. Pizarro;LB;72
55974;S. Tauler;AMF;71
55975;P. Arriaga;DMF;70
55976;J. Lavernia;DMF;67
55977;J. Rosello;SS;69
55978;L. Gastellanos;SS;73
55979;G. Armijo;CF;70
55980;L. Torre;GK;56
55981;C. Aizpurua;GK;55
55982;Q. Guridi;CB;67
55983;G. Bello;RB;69
55984;J. Nadal;LB;69
55985;B. Trashorras;DMF;70
55986;A. Hoces;CMF;69
55987;M. Toregrosa;CMF;69
55988;R. Tasias;AMF;70
55989;X. Navas;AMF;67
55990;F. Cazals;SS;72
55991;G. Baltolome;CF;67
55992;V. Pradera;RB;67
55993;P. Spinola;CMF;72
56019;D. Sestelo;GK;56
56020;X. Narvaez;CB;71
56021;G. Aido;CB;68
56022;J. Arcas;SS;73
56023;J. Soler;CB;70
56024;R. Lopo;DMF;71
56025;G. Escuredo;CB;67
56026;J. Viqueira;LMF;72
56027;O. Barrera;SS;76
56028;M. Ochoa;SS;74
56029;S. Balada;CF;70
56030;P. Visedo;GK;56
56031;A. Errando;GK;54
56032;A. Saurin;CB;70
56033;M. las Casas;LB;73
56034;O. de Urdaneta;DMF;73
56035;G. Tristan;DMF;72
56036;L. Alzamora;DMF;72
56037;K. Bengueler;LMF;67
56038;G. Cervera;AMF;74
56039;P. Valera;AMF;73
56040;P. Eloy;SS;73
56041;T. del Moral;SS;72
56042;Q. Coixet;CMF;71
56043;O. Eslava;AMF;70
56044;G. Rois;GK;59
56045;D. Sainz;CB;70
56046;S. Falasca;CB;70
56047;I. Lledo;RB;73
56048;Q. Heredia;LB;70
56049;X. Viola;DMF;73
56050;J. Maudes;DMF;71
56051;B. Gibanel;AMF;74
56052;B. Tomas;SS;73
56053;F. Larregla;CF;71
56054;R. Vallejo;CF;70
56055;V. Usero;GK;56
56056;I. Cujllar;GK;56
56057;A. Eizaguirre;CB;70
56058;J. Mallo;CB;70
56059;C. Marin;RB;67
56060;G. del Olmo;LB;73
56061;A. Navascuez;DMF;73
56062;S. Alegre;DMF;71
56063;H. Mabili;RMF;72
56064;I. del Horno;SS;74
56065;P. Gastellanos;CF;70
56066;T. Arizmendi;CF;72
56067;H. Pineda;CB;71
56068;O. Surinach;CB;67
56094;D. Malatz;GK;55
56095;J. Saludes;CB;70
56096;K. de Blas;CB;68
56097;J. Roca;RB;73
56098;S. Mudarra;LMF;70
56099;F. Aroca;DMF;71
56100;S. Espadas;CMF;71
56101;V. Albistegui;SS;75
56102;H. Ortega;LMF;72
56103;O. Jemaz;SS;73
56104;C. Veiga;CF;71
56105;M. Caminero;GK;56
56106;G. Campina;GK;57
56107;A. Buluna;CB;70
56108;J. Calleja;CB;72
56109;O. Duenas;CB;70
56110;E. Gallego;LB;70
56111;J. Gehry;CMF;71
56112;D. Cazorla;RMF;69
56113;J. Llorens;RMF;68
56114;A. del Encina;LMF;73
56115;T. Morata;SS;73
56116;J. Codax;CF;67
56117;E. Acedo;CB;66
56118;J. Saforcada;DMF;71
56119;G. Coira;GK;57
56120;D. Pandiani;CB;68
56121;B. Arrese;RB;73
56122;H. Maqueda;RB;72
56123;J. Cervera;LB;67
56124;H. Aranda;DMF;70
56125;G. Mompin;DMF;71
56126;J. Iparraguire;CMF;70
56127;F. Zamorano;LMF;71
56128;T. Barreto;CF;71
56129;Y. Mas;CF;71
56130;O. Cervian;GK;56
56131;F. Campo;GK;56
56132;S. Obregon;CB;65
56133;N. Riesgo;CB;69
56134;I. Murcia;RB;71
56135;L. Ocio;LB;72
56136;M. Nagore;DMF;73
56137;N. Amorrortu;CMF;70
56138;G. Fuentes;LMF;70
56139;O. Urbano;SS;72
56140;L. Puigcorbe;CF;69
56141;V. Bouzas;CF;72
56142;B. Narvaez;LMF;69
56143;F. Gaudi;SS;68
56144;E. Rois;GK;56
56145;P. Suarez;RB;72
56146;C. Ardavin;CB;71
56147;J. Campano;CB;69
56148;J. Sastre;LB;71
56149;V. de Cabezon;DMF;75
56150;L. Triay;DMF;71
56151;M. Acedo;CMF;71
56152;R. Cubillo;LMF;72
56153;J. Flano;SS;75
56154;T. Casero;CF;73
56155;M. Anaya;GK;57
56156;R. Scattini;GK;55
56157;M. Eguibar;CB;72
56158;G. Redondo;CB;70
56159;J. Torroba;RB;73
56160;J. Loaenzo;RB;70
56161;F. Cuartero;DMF;70
56162;L. Melino;CMF;75
56163;K. Campano;RMF;71
56164;I. Guerau;SS;72
56165;F. Sauri;SS;73
56166;F. Busto;CF;69
56167;D. Montero;RB;69
56168;C. Weindler;LB;69
56169;E. Berges;GK;57
56170;B. Pinilla;CB;70
56171;B. Jaen;CB;69
56172;A. Crusat;RB;66
56173;S. Beldarrain;LB;70
56174;A. Torrejon;DMF;67
56175;L. Orgue;DMF;72
56176;S. Ardavin;SS;74
56177;A. Viqueira;SS;71
56178;S. Pelegri;AMF;78
56179;G. Fons;CF;70
56180;H. Pedrell;GK;56
56181;C. Leoz;GK;56
56182;E. Prenafeta;CB;71
56183;M. Ganan;RB;70
56184;B. Valera;LB;71
56185;B. Conesa;DMF;72
56186;E. Ardavin;DMF;71
56187;J. Villarroya;LMF;71
56188;R. Amaya;SS;69
56189;R. de Landa;CF;69
56190;P. Ayala;CF;68
56191;R. Dominguez;CF;68
56192;A. Grau;DMF;70
56193;E. Meca;AMF;73
56214;I. Cavasa;GK;56
56215;C. Avila;CB;66
56216;L. Olmeda;CB;70
56217;J. Castresana;RMF;70
56218;C. Encinas;LB;71
56219;N. de Suvisa;DMF;71
56220;J. Busto;CMF;72
56221;A. Ramirez;RMF;69
56222;R. Lastra;SS;71
56223;G. Bauza;CF;72
56224;P. Amador;CF;70
56225;F. Azana;GK;56
56226;D. Aznar;GK;56
56227;I. Enrique;CB;66
56228;E. Capdevila;CB;68
56229;S. Marti;RB;70
56230;Q. Molto;LB;70
56231;X. Pisador;DMF;67
56232;Y. de Diego;DMF;68
56233;J. Morientes;LMF;70
56234;Y. Cuesta;AMF;72
56235;N. Aranzubia;CF;69
56236;Y. Larregla;CF;69
56237;Y. Gomis;CB;66
56238;J. del Riego;RB;67
56239;H. Jurado;GK;56
56240;E. Monasterio;RB;70
56241;E. Galdeano;CB;69
56242;E. Robles;RB;73
56243;A. Gaztambide;LB;70
56244;J. Arriaga;DMF;71
56245;G. Triay;DMF;73
56246;L. Coghen;DMF;72
56247;K. Gaona;SS;74
56248;H. Remon;SS;70
56249;M. Nicolau;CF;67
56250;F. Spinola;GK;56
56251;E. Mas;GK;55
56252;M. Gene;CB;65
56253;E. Puigcorbe;CB;70
56254;J. Damas;RB;68
56255;O. Aganzo;CMF;67
56256;C. Hormiga;CMF;70
56257;S. Noriega;RMF;72
56258;L. Cunha;AMF;70
56259;L. Pedrel;SS;73
56260;I. Boia;SS;73
56261;S. Cassado;CF;68
56262;E. Romana;CB;66
56263;Q. Yanguas;CB;67
56302;T. Beigbeder;CB;55
56312;R. Lazaro;RB;67
57000;A. Adomah;RMF;74
57004;A. Potuk;AMF;78
57006;André Hansen;GK;69
57021;S. Yeini;DMF;70
57027;L. Marković;RMF;76
57031;R. Mak;LWF;77
57032;M. Ďuriš;CF;75
57049;Ali Adnan;LB;72
57094;Yehya Al Shehri;AMF;68
57097;F. Al Muwallad;RWF;70
57119;I. Slimani;CF;80
57121;Omar Gaber;RB;72
57123;Mohamed Salah;RWF;85
57124;Abdalla El Said;AMF;70
57126;Ibrahim Salah;DMF;70
57128;S. Dié;DMF;74
57129;M. Samassa;GK;73
57132;Z. Bergdich;LWF;69
57133;Y. Bounou;GK;70
57148;T. Matlaba;LB;68
57150;Mahlangu;CMF;73
57179;I. Kecojević;CB;71
57183;Filipe Mendes;GK;68
57185;Fredy;RWF;72
57199;Filipe Ferreira;LB;70
57200;Tiago Silva;AMF;72
57201;Sturgeon;RWF;74
57202;Arsénio;LWF;71
57203;Tiago Caeiro;CF;66
57205;V. Germain;CF;80
57206;M. Sourzac;GK;60
57207;L. Kurzawa;LB;80
57208;T. Dingome;CMF;72
57209;E. Salli;RWF;71
57212;J. Phojo;RB;72
57213;Y. Carrasco;LWF;84
57214;M. Caillard;GK;71
57217;Verdés;CB;68
57224;Miguel Linares;CF;69
57225;Fidel;LWF;69
57226;Carles Gil;RWF;74
57228;Pelayo;CMF;69
57240;I. Mandiang;DMF;71
57243;André Claro;LWF;72
57247;L. Diony;CF;75
57249;Birama Touré;DMF;75
57250;E. Zelazny;GK;63
57252;P. Djilobodji;CB;79
57254;A. Trebel;CMF;76
57255;M. Dupé;GK;73
57256;C. Alhadhur;LB;71
57257;K. Djidji;CB;77
57258;J. Veretout;CMF;77
57259;F. Bellugou;DMF;72
57263;D. Lévêque;LB;73
57264;B. Sankoh;RB;70
57265;G. Imbula;DMF;78
57266;C. Kerbrat;CB;77
57267;R. Alioui;CF;70
57268;C. Charrier;AMF;70
57271;J. Albert;CB;58
57272;L. Dos Santos;RB;65
57274;E. Bakker;CMF;72
57275;W. Droste;RB;74
57279;L. Bijker;LB;73
57280;A. Tighadouini;LWF;72
57292;P. Nakoulma;LWF;74
57304;S. Mané;RWF;84
57311;A. Durante;CB;59
57312;A. Baba;LB;78
57314;E. Gyimah;CB;67
57316;A. Aleksandrov;CB;65
57330;R. Jiménez;CF;79
57331;B. Vriends;CB;67
57335;K. Karami;RB;70
57348;Jaume Costa;LB;80
57349;Gerard Moreno;CF;80
57350;Moi Gómez;LWF;76
57351;Pablo Íñiguez;CB;69
57352;Trigueros;CMF;82
57353;Daniel Carvajal;RB;84
57388;F. Dauda;GK;73
57390;Juan;CB;73
57391;Wendel;CMF;71
57393;M. Leckie;LWF;74
57394;M. Langerak;GK;73
57398;A. Tziolis;DMF;72
57402;Vieirinha;RMF;79
57405;H. Afful;RB;69
57407;T. Usami;SS;73
57408;R. Mcgowan;CB;69
57410;S. Tecl;CF;67
57413;M. Vydra;CF;71
57415;Gladestony;CMF;71
57418;Marllon;CB;72
57419;O. Benítez;RWF;72
57421;S. Leyton;DMF;70
57431;William Matheus;LB;74
57433;Fred;AMF;76
57434;Maurides;CF;70
57439;Mattheus;RWF;71
57445;Nixon;CF;68
57448;Luan;CB;72
57452;A. Mies;GK;57
57453;D. Melcher;CB;71
57454;E. Uhde;CB;72
57455;M. Bormann;CB;74
57456;J. Bacchus;RB;70
57457;H. Simonenko;DMF;70
57458;W. Carol;AMF;75
57459;L. Jaksche;AMF;70
57460;K. Thirlwell;AMF;78
57461;T. Pohle;LWF;70
57462;C. Beaven;CF;73
57463;L. Kerr;GK;56
57464;K. Richartz;GK;53
57465;M. Bos;CB;69
57466;T. Gerlach;LB;72
57467;G. Kospoth;DMF;73
57468;M. Teixeira;CMF;79
57469;N. Sebescen;AMF;71
57470;K. van der Berg;SS;73
57471;S. Landau;CF;69
57472;H. Kewitz;CF;70
57473;C. Tokus;CF;72
57474;L. Wascher;CF;70
57613;D. Hinton;GK;57
57614;S. Acker;CB;70
57615;K. Lindbergh;CB;68
57616;J. Germain;LB;72
57617;I. Litolff;DMF;72
57618;N. Orde;RMF;72
57619;G. Ashford;RB;73
57620;A. Francis;CMF;69
57621;O. Idowu;AMF;72
57622;O. Shockley;CF;70
57623;W. Hoyte;CF;71
57624;D. Christie;GK;54
57625;S. Mcconnell;GK;57
57626;P. Redknapp;CB;68
57627;R. Browne;CB;67
57628;A. Franklin;RB;70
57629;K. Coxon;RB;69
57630;L. Worsnop;DMF;69
57631;R. Dumbreck;DMF;69
57632;M. Erikson;AMF;69
57633;B. Atkinson;SS;74
57634;M. Whiteley;CF;70
57635;H. Quinn;CF;69
57636;M. Narula;GK;56
57637;P. Walpole;CB;67
57638;R. Pereira;CB;67
57639;E. Wache;CB;68
57640;C. Page;CMF;65
57641;A. Eklund;CMF;70
57642;L. Glenn;RMF;67
57643;G. Blackthorne;LMF;73
57644;W. Bothroyd;LWF;73
57645;N. Murger;LWF;72
57646;R. Kozniku;CF;69
57647;R. Hoskins;GK;57
57648;A. Trueba;CB;43
57649;M. Rich;RB;67
57650;J. Cudini;RB;69
57651;E. Jessen;DMF;74
57652;A. Coban;DMF;51
57653;G. Smalun;CMF;47
57654;K. Henman;AMF;71
57655;U. Etxabe;AMF;56
57656;S. Blomberg;AMF;48
57657;A. Bradshaw;LWF;55
57658;A. Betts;CF;71
57659;J. Carragher;GK;56
57660;L. Steapleton;CB;69
57661;W. Button;CB;70
57662;U. Kapp;RB;72
57663;I. Sansom;LB;71
57664;E. Guppy;CMF;73
57665;B. Sterling;DMF;71
57666;G. Khan;AMF;74
57667;W. Odowd;SS;74
57668;D. Imrie;AMF;73
57669;L. Reuther;CF;72
57670;S. Riggott;GK;55
57671;N. Hooke;GK;54
57672;M. Hoddinott;CB;69
57673;V. Wilder;CB;68
57674;E. Mcsheffrey;RB;70
57675;E. Garfield;LB;70
57676;C. Bamber;DMF;70
57677;R. Stemm;DMF;73
57678;M. Peirce;CMF;69
57679;C. Ridgewell;RMF;70
57680;S. Hulme;CF;73
57681;E. Allchurch;CF;67
57728;G. Morse;GK;56
57729;R. Odonnell;CB;65
57730;G. Stanford;CB;72
57731;R. Jeffreys;RB;71
57732;A. Hillier;LB;71
57733;O. Sickert;DMF;78
57734;S. Upson;CMF;67
57735;N. Mackay;LMF;70
57736;E. Lillie;LB;68
57737;E. Salisbury;AMF;74
57738;H. Luckwell;SS;72
57739;A. Harradine;GK;54
57740;T. North;GK;54
57741;D. Mcauley;CB;65
57742;M. Connery;RB;63
57743;S. Tremain;RB;67
57744;G. Taylor;CMF;67
57745;C. Sowell;RMF;71
57746;C. Housman;AMF;72
57747;L. Sheringham;AMF;72
57748;S. Primarolo;CF;66
57749;C. Dunbar;CF;68
57750;K. Mcbirnie;CF;72
57891;D. Phelan;GK;56
57892;E. Siebra;CB;70
57893;Q. Gurendez;CB;70
57894;J. Urtubia;RB;72
57895;A. Fogues;LB;72
57896;S. Usandizaga;DMF;72
57897;A. de Urdaneta;CMF;70
57898;A. Burgos;CMF;68
57899;G. Solabarrieta;AMF;70
57900;A. Langa;SS;74
57901;V. Meneses;CF;71
57902;A. Bertran;GK;56
57903;N. Castelo;GK;55
57904;S. Arnau;CB;69
57905;R. Antunes;CB;63
57906;A. Mallo;RB;72
57907;C. Palicio;RB;69
57908;D. Medem;LB;71
57909;J. Puig;DMF;71
57910;M. Berenguer;SS;73
57911;J. Sorita;SS;71
57912;Taoye Zhong;SS;70
57913;R. Haden;SS;72
57914;F. Gomis;GK;56
57915;N. Azcona;CB;66
57916;P. Iraizoz;CB;69
57917;F. Nimri;CMF;70
57918;P. Obregon;RB;70
57919;S. Corino;AMF;72
57920;J. Olazabal;CMF;69
57921;M. Quintana;RB;70
57922;A. Grandal;LB;71
57923;M. Amatrian;AMF;73
57924;R. Elcano;CF;71
57925;S. Defillo;GK;56
57926;G. Floro;GK;56
57927;G. Herrando;CB;67
57928;A. Uranga;CB;68
57929;S. de Gomar;RB;72
57930;J. Telletxea;DMF;70
57931;I. Ocana;RMF;68
57932;F. Blahnik;RMF;69
57933;G. Ascoato;AMF;73
57934;P. Saludes;SS;72
57935;G. Quintana;SS;73
57936;T. Miramontes;SS;73
57937;D. Lambert;GK;57
57938;E. Prats;CB;71
57939;J. Malatz;CB;70
57940;R. Alarza;CB;69
57941;S. Andreu;LB;71
57942;J. Helguera;DMF;70
57943;P. Watling;DMF;72
57944;M. Billabona;AMF;73
57945;P. Azcona;LMF;71
57946;E. Noval;SS;72
57947;R. Puigcorbe;CF;68
57948;X. Uribe;GK;57
57949;H. Puig;GK;55
57950;E. Manrique;CB;68
57951;J. Coira;CB;64
57952;O. Astarloa;RB;73
57953;H. Gines;LB;71
57954;L. Nin;DMF;71
57955;B. Mendoza;DMF;70
57956;S. Karmona;LMF;70
57957;D. Portillo;LMF;68
57958;P. de Luna;CF;70
57959;N. Ramis;CF;69
57962;J. Nieto;GK;56
57963;O. Padilla;CB;71
57964;R. Novo;CB;74
57965;K. Tapies;RB;73
57966;L. Cotelo;LB;73
57967;E. de Quintana;DMF;70
57968;G. Ocio;DMF;71
57969;D. Rubio;AMF;73
57970;Z. Savall;CF;74
57971;J. de Paula;AMF;83
57972;J. Lafuente;CF;73
57973;A. Franch;GK;57
57974;E. Mallo;GK;57
57975;A. Velamazan;CB;72
57976;J. Fogues;CB;67
57977;S. de Lucia;RB;73
57978;A. Isasmendi;DMF;75
57979;P. Garbayo;CMF;70
57980;F. Sola;LMF;74
57981;C. Vides;AMF;73
57982;E. Christiansen;CF;74
57983;A. Ballestero;CF;72
57984;T. Armandoz;CF;72
57985;S. Amador;GK;57
57986;Y. Beldarrain;CB;67
57987;P. Aganzo;CB;68
57988;A. Esquivel;RB;73
57989;J. Perales;LB;69
57990;J. Garreta;DMF;72
57991;M. Amaro;DMF;72
57992;T. Loyola;DMF;73
57993;R. Urabayen;AMF;75
57994;R. Tato;RMF;73
57995;A. Raya;RMF;69
57996;M. Zubeldia;GK;57
57997;D. Clave;GK;55
57998;D. Marin;CB;68
57999;Y. Nicolau;CB;68
58000;B. Puente;RB;71
58001;D. Ruano;LB;71
58002;L. Sevilla;DMF;73
58003;E. Batino;DMF;69
58004;O. Vales;AMF;74
58005;J. Calatavar;SS;72
58006;E. Zabalegi;CF;70
58007;J. Cornago;CF;72
58010;A. Laiseka;GK;56
58011;D. Zapatero;CB;74
58012;K. Benjamin;CB;72
58013;B. Serna;RB;74
58014;J. Moncada;LB;73
58015;N. Sajid;DMF;74
58016;L. Halfter;CMF;75
58017;G. Melino;AMF;78
58018;R. de la Pena;AMF;73
58019;B. Portillo;CF;74
58020;A. Ripoll;CF;80
58021;E. Guthrie;GK;57
58022;G. Tielve;GK;56
58023;M. Goya;CB;74
58024;E. Brey;CB;69
58025;E. Balzola;RB;71
58026;E. Mata;LB;69
58027;J. Pinzlon;CMF;70
58028;F. Mantilla;CMF;69
58029;F. Crosby;AMF;74
58030;R. Cornago;SS;75
58031;N. Zarandona;SS;73
58032;D. Marwood;CF;72
58033;I. Santolaria;GK;57
58034;M. Baraona;CB;71
58035;G. Lejarreta;CB;68
58036;G. Andion;RB;72
58037;D. Lloret;LB;72
58038;G. Miramontes;DMF;72
58039;K. Owlett;DMF;74
58040;A. Soutollo;RMF;72
58041;L. de la Fuente;LMF;71
58042;D. Torroba;SS;74
58043;J. de la Pena;CF;69
58044;U. Herrando;GK;56
58045;F. Saforcada;GK;55
58046;P. Aragoneses;CB;68
58047;J. Guixe;CB;68
58048;Q. Cotelo;RB;72
58049;J. Lotina;LB;71
58050;M. Damas;DMF;70
58051;O. Amador;CMF;74
58052;G. Bardsley;RMF;69
58053;J. Begirstain;AMF;72
58054;X. de Sarasate;CF;68
58055;L. Almodovar;CF;72
58058;O. Albuquerque;GK;57
58059;M. Isasi;CB;74
58060;F. del Monte;CB;71
58061;M. Lotina;RB;71
58062;A. Cabanas;LB;73
58063;F. Munne;DMF;71
58064;M. Pablo;CMF;75
58065;P. Tarantino;AMF;74
58066;A. Torrentes;AMF;73
58067;A. Palomar;SS;73
58068;C. de Elhuyar;CF;73
58069;G. Clos;GK;56
58070;Q. Ballesteros;GK;56
58071;Y. Portillo;CB;69
58072;D. Gines;CB;69
58073;M. Grimau;RB;67
58074;A. Obradors;LB;73
58075;I. Baguer;DMF;73
58076;J. Topete;DMF;71
58077;A. Bartual;CMF;80
58078;A. Lambert;AMF;74
58079;Q. Odriozola;SS;72
58080;N. Guillamon;CF;74
58081;F. Brana;GK;57
58082;J. Obrados;CB;67
58083;H. Galdeano;CB;67
58084;J. Esteve;DMF;66
58085;J. Batlle;RB;71
58086;S. Eizaguirre;LB;70
58087;S. Lucientes;AMF;73
58088;S. Moso;DMF;71
58089;J. Tortolero;RMF;69
58090;C. Gabilondo;AMF;72
58091;R. Fogues;CF;71
58092;E. Gala;GK;56
58093;J. Eizaguirre;GK;55
58094;I. Vila;CB;68
58095;J. Noguerol;RB;68
58096;T. Mestres;LB;72
58097;J. Llorente;DMF;71
58098;J. Melia;DMF;71
58099;H. Llobet;CMF;72
58100;J. Guillen;LMF;68
58101;O. Pablo;AMF;74
58102;I. Floro;SS;73
58103;R. Oreja;CF;70
58106;F. Rivas;GK;56
58107;M. Segura;CB;72
58108;G. Besora;CB;69
58109;S. Capi;CB;69
58110;J. Sara;RB;73
58111;M. Punal;DMF;69
58112;P. Bruguena;RMF;69
58113;T. Palau;AMF;74
58114;G. Aboim;AMF;79
58115;B. Pachon;SS;75
58116;I. Saizal;CF;70
58117;M. Llull;GK;57
58118;I. Zabareta;GK;57
58119;V. Anaya;CB;70
58120;J. Encina;CB;65
58121;C. Sorozabal;DMF;69
58122;C. Isidoro;DMF;70
58123;A. Lleo;CMF;72
58124;M. Ayerra;LMF;71
58125;C. Puigcorbe;AMF;68
58126;E. Urbano;SS;74
58127;H. Riesgo;CF;70
58128;T. Cota;CF;71
58131;J. Piedra;GK;57
58132;T. Clave;CB;72
58133;D. Chaparro;CB;70
58134;O. Vallejo;CB;68
58135;Q. Ferrero;LB;71
58136;N. Puigcorbe;DMF;70
58137;A. Boix;CMF;74
58138;D. Arbos;RMF;71
58139;F. Vicioso;AMF;73
58140;J. de Pablo;SS;74
58141;E. Tapies;SS;73
58142;J. Forner;GK;56
58143;E. Garrigues;GK;58
58144;I. Maranon;CB;70
58145;S. Humet;RB;67
58146;A. Llobet;CB;66
58147;P. Topete;DMF;72
58148;H. Luke;DMF;72
58149;J. Mullera;CMF;72
58150;S. Lombardero;RMF;72
58151;M. Sor;AMF;71
58152;M. Boris;SS;71
58153;E. Suela;CF;70
58156;J. Lambea;GK;56
58157;M. Paissa;CB;68
58158;R. Astarloa;CB;68
58159;J. Alcazar;CB;68
58160;A. Santolaria;LB;71
58161;R. Cos;DMF;71
58162;C. Rajoy;DMF;71
58163;E. Peiro;AMF;72
58164;T. Llorach;SS;74
58165;X. Pindado;LMF;72
58166;J. Gil;CF;67
58167;J. Larrea;GK;56
58168;A. de la Cal;GK;55
58169;I. Casanova;RB;72
58170;H. Dari;RB;71
58171;K. Paissa;LB;70
58172;I. Sueiro;CMF;69
58173;K. Mardaras;CMF;69
58174;F. Arrese;CMF;66
58175;E. Manera;CMF;72
58176;L. Domeq;SS;72
58177;J. Brit;CF;71
58178;D. Ros;CF;74
58181;A. Doron;GK;56
58182;J. Adrover;CB;71
58183;H. Alguersuari;CB;69
58184;S. Arambarri;CMF;63
58185;I. Camus;CB;70
58186;J. Myers;DMF;70
58187;L. Mudarra;DMF;70
58188;T. Saforcada;RB;69
58189;J. Breton;LMF;72
58190;P. Llull;AMF;73
58191;J. Pelegri;SS;71
58192;E. Punal;GK;55
58193;Y. Martin;CB;67
58194;J. Chema;CB;63
58195;F. Batlle;DMF;66
58196;F. Alesanco;CMF;72
58197;D. Tocino;CMF;70
58198;D. Olivares;RMF;67
58199;U. Ferreira;LMF;68
58200;Q. Escolar;LMF;68
58201;J. Castells;AMF;70
58202;L. Boris;AMF;67
58203;D. Alejandro;CF;70
58206;P. Arrizabalaga;GK;56
58207;N. Cererols;CB;68
58208;L. Gibernau;CB;67
58209;J. Rufete;LB;72
58210;E. Prieto;LB;71
58211;J. Chacon;CMF;74
58212;Q. Jorda;CMF;72
58213;Q. Redero;DMF;69
58214;G. Sales;SS;74
58215;F. Cortese;LWF;72
58216;G. Torrello;CF;70
58217;L. Galvan;GK;56
58218;S. Lavernia;GK;55
58219;R. Masso;CB;66
58220;D. Krkic;CB;65
58221;L. Ardavin;RB;68
58222;S. Urreta;RMF;68
58223;M. Balada;CMF;71
58224;L. Orbon;RMF;67
58225;J. Moneo;LMF;69
58226;F. de Sarasate;SS;73
58227;G. Pareja;SS;67
58228;B. Chueca;CF;68
58229;J. Blas;GK;56
58230;G. de Morales;CB;68
58231;I. Serrano;CB;65
58232;A. Benegas;RB;70
58233;C. Oreja;LB;70
58234;Y. Savall;DMF;69
58235;L. Munitis;AMF;74
58236;J. Olalla;LB;71
58237;B. Salazar;RMF;70
58238;A. Lambea;AMF;71
58239;R. Alcaide;CF;70
58240;G. Visedo;GK;57
58241;D. Rois;CB;70
58242;R. Pisador;CB;68
58243;E. Nogues;RB;71
58244;G. Morieda;RB;73
58245;J. Albistegui;DMF;71
58246;D. Yanguas;DMF;69
58247;A. San Martin;CMF;67
58248;J. Boix;LMF;69
58249;Q. Benito;LMF;71
58250;J. Guerau;SS;71
58251;Y. Deus;CF;68
58254;R. Muns;GK;56
58255;E. Marti;CB;69
58256;O. Amatriain;CB;67
58257;O. Mendillibar;RMF;70
58258;G. Pablo;LB;70
58259;T. Garreta;CB;68
58260;E. Feliu;LB;71
58261;G. Brana;RMF;71
58262;J. Nin;LMF;70
58263;E. Garreta;RWF;72
58264;R. Belenguer;CF;70
58265;I. Ezquerro;GK;56
58266;F. Lapetra;CB;66
58267;A. Cazals;RB;71
58268;J. Bouzas;LB;69
58269;M. Fuenllana;DMF;71
58270;X. Molist;DMF;73
58271;R. Cabezon;CMF;72
58272;K. Liano;RMF;68
58273;C. Domenech;RMF;68
58274;A. Montoya;AMF;69
58275;A. Vilanova;AMF;69
58276;N. Bordas;CF;74
58279;M. Abian;GK;58
58280;H. Andreu;CB;70
58281;A. Landaluze;CB;74
58282;F. Turiel;RB;72
58283;R. Luna;LB;74
58284;B. de Paula;DMF;74
58285;O. Piedra;CMF;75
58286;J. Aduritz;AMF;78
58287;J. Bernabeu;CMF;80
58288;B. de Escobedo;SS;75
58289;N. Dorado;CF;74
58290;S. Anaya;GK;56
58291;S. More;GK;56
58292;T. de Haro;CB;70
58293;H. Sanbel;CB;67
58294;I. Ziryab;RB;72
58295;D. Sanzol;LB;71
58296;J. Errando;DMF;73
58297;J. Carpintero;CMF;73
58298;A. Marchent;AMF;75
58299;K. Belaustegui;SS;74
58300;K. Gurpegui;CF;69
58301;S. Zapico;CF;70
58302;R. Belaustegui;GK;57
58303;D. Basavibaso;CB;73
58304;B. Pinatar;CB;69
58305;G. Lizardi;RB;71
58306;J. Aizpurua;DMF;74
58307;A. Rocasolano;CMF;72
58308;R. Sarda;CB;70
58309;L. Corretja;AMF;73
58310;J. Chaurreau;SS;72
58311;J. Yeste;AMF;78
58312;R. Herralde;CF;74
58313;J. de Lucia;GK;56
58314;A. Epitie;GK;56
58315;T. Luna;CB;67
58316;K. Manalt;CB;69
58317;O. Meca;RB;73
58318;H. Cota;LB;71
58319;P. Casanovas;DMF;75
58320;J. Lampreave;CMF;73
58321;E. Obregon;AMF;71
58322;R. Armada;AMF;73
58323;G. Zaparain;SS;73
58324;D. Tena;CF;68
58325;A. Vaqueriza;GK;58
58326;P. Blanquer;CB;78
58327;J. Cienfuegos;CB;71
58328;T. Munne;RB;72
58329;Y. Dorado;LB;73
58330;O. Martine;CMF;75
58331;X. Maranon;DMF;72
58332;J. Regueiro;SS;72
58333;X. Medeiros;SS;73
58334;L. Gene;CF;70
58335;K. Serrabassa;CF;79
58336;T. Almirall;GK;56
58337;C. del Amo;GK;56
58338;F. Alcaide;CB;70
58339;E. Lapetra;CB;71
58340;T. Obiols;RB;70
58341;M. Domeq;LB;71
58342;M. Bethancourt;CMF;74
58343;R. Angles;AMF;79
58344;J. Matheu;AMF;71
58345;M. Nogues;AMF;71
58346;M. Herrando;AMF;74
58347;P. Cipitria;CF;73
58348;K. de Ayala;GK;56
58349;E. Loredo;CB;66
58350;I. Beck;CB;72
58351;L. Turiel;RB;68
58352;F. Vaqueriza;RB;69
58353;J. Siebra;DMF;69
58354;C. Maranon;RMF;73
58355;J. Balada;RMF;69
58356;J. Sundkvist;AMF;73
58357;F. Baltolome;CF;74
58358;G. Henley;CF;74
58359;B. Larraz;GK;56
58360;F. Kilpio;GK;57
58361;I. Corominas;CB;66
58362;J. Punal;CB;56
58363;M. Schwarz;LB;68
58364;E. Ansola;RB;67
58365;A. Debon;DMF;63
58366;F. Garrigues;CMF;69
58367;M. Lorente;RMF;69
58368;L. Fleming;AMF;71
58369;M. Estrup;CF;66
58370;J. Beguiristain;CF;68
58396;M. Lapetra;GK;57
58397;J. Bertran;CB;70
58398;M. de la Cal;CB;71
58399;L. Belen;RB;73
58400;P. Ardavin;LB;73
58401;H. Tauler;DMF;71
58402;J. Comes;CMF;69
58403;T. Bouzon;AMF;74
58404;C. Yeste;SS;74
58405;C. de la Pena;CF;70
58406;A. Castells;CF;73
58407;R. Anchieta;GK;55
58408;J. Iradier;GK;55
58409;J. Amor;CB;71
58410;E. Cobas;CB;68
58411;E. Mariscal;CB;71
58412;G. de Palo;DMF;69
58413;J. Clavero;CMF;74
58414;I. Forner;RMF;69
58415;V. Balcazar;LMF;69
58416;A. Kerber;AMF;73
58417;I. Ojea;AMF;73
58418;A. Dekker;SS;72
58501;T. Sainsbury;CB;74
58503;M. Ryan;GK;78
58564;Kwon Chang-Hoon;AMF;69
58594;B. Bereszyński;RB;74
58595;A. Jędrzejczyk;RB;76
58616;Ş. Özbayrakli;RB;78
58617;O. Tufan;DMF;78
58632;M. Hinteregger;CB;77
58634;S. Ilsanker;DMF;77
58636;V. Lazaro;RWF;72
58640;E. Zukanović;CB;78
58646;P. Ankersen;RB;75
58653;A. Milik;CF;81
58663;Éverton;LWF;74
58665;Léo;RB;74
58666;Santos;GK;69
58668;Manoel;CB;74
58674;D. Coutinho;CF;73
58680;Jemerson;CB;79
58684;Guilherme Costa;AMF;68
58690;Nino Paraíba;RB;75
58691;Gabriel P.;CB;79
58712;Egídio;LB;73
58718;Vinícius Araújo;CF;69
58720;M. Rodríguez;AMF;75
58744;Pedrão;CB;73
58747;Thiago Mendes;CMF;75
58756;Walter;GK;76
58757;Jubal;CB;72
58765;L. Evangelista;AMF;69
58778;Fernandão;CF;75
58786;Samir;CB;79
58795;Marlon;CB;72
58812;Daniel;GK;66
58829;Aleix Vidal;RB;79
58830;Ángel Trujillo;CB;69
58832;Chumbi;CF;66
58833;Chuli;CF;69
58836;Fuentes;LB;66
58839;J. Giménez;CB;84
58840;J. Luis Morales;LWF;73
58843;Alberto Moreno;LB;76
58845;S. Mitrović;CB;72
58849;Derley;CF;72
58852;J. Carvallo;GK;71
59142;P. Soteriou;CF;73
59158;O. Williams;GK;70
59159;J. Williams;LMF;72
59160;J. Rhodes;CF;74
59161;D. Lafferty;LB;68
59163;F. Hurtado;GK;60
59169;C. Rojas;CB;65
59172;R. González;LWF;64
59176;L. Valenzuela;AMF;66
59178;L. Cabrera;DMF;65
59179;E. Pulgar;DMF;75
59185;D. Drocco;CMF;67
59189;A. Sánchez;GK;69
59190;Joaquín Muñoz;GK;63
59200;O. Bosso;RB;67
59201;I. Vásquez;RMF;63
59206;D. Vallejos;LWF;64
59208;C. Melivilú;CF;63
59229;F. Cornejo;CMF;64
59238;E. Farías;DMF;66
59239;H. Salinas;LMF;65
59249;J. Deschamps;GK;64
59251;J. Fuentes;CMF;71
59252;P. Jerez;RB;64
59256;G. Martinez;CF;66
59257;F. Flores;LWF;68
59259;B. Romo;CB;72
59260;J. Domínguez;LB;72
59261;C. Vilches;CB;72
59262;Á. Salazar;GK;69
59265;C. Baeza;CB;73
59267;H. Cavero;CB;66
59268;L. Pavez;LB;68
59269;E. Pavez;DMF;74
59270;A. Martínez;CMF;68
59275;M. Velasquez;CB;62
59288;F. Silva;CMF;66
59290;G. Alucema;DMF;64
59291;D. Orellana;LWF;72
59292;J. Muñoz;LWF;69
59295;C. Ponce;CF;61
59299;M. Gómez;SS;69
59315;M. Riquero;DMF;70
59329;B. Sagredo;AMF;73
59332;B. Vidal;CB;71
59333;C. Cuevas;LMF;72
59336;C. Fuentes;DMF;72
59337;Y. Opazo;RB;68
59339;C. Escobar;CF;62
59342;B. San Juan;CB;70
59353;D. Melo;GK;71
59354;F. Campos;CB;72
59355;A. Contreras;CB;71
59356;P. Díaz;CB;76
59358;R. Riquelme;CB;64
59359;C. Valenzuela;CMF;71
59372;S. Luna;RMF;72
59392;A. Parra;CB;70
59393;E. Godoy;CB;65
59394;A. Robles;CMF;71
59397;M. Viana;GK;72
59399;F. Schultz;CMF;73
59406;M. Donoso;CF;67
59407;Ó. Opazo;RB;74
59412;K. Valenzuela;RMF;68
59415;D. Sanchez;GK;71
59416;W. Limenza;GK;65
59418;T. Astaburuaga;RB;65
59419;P. Rubio;CF;68
59422;L. Benegas;CF;68
59433;R. Farfan;RWF;67
59435;J. Ortiz;LB;72
59440;N. Rebolledo;LB;66
59441;C. Vergara;RB;67
59443;B. Cerezo;CB;69
59445;R. Echeverría;CB;69
59450;C. Sepúlveda;DMF;69
59451;D. Rojas;AMF;69
59453;Nicolas;GK;73
59454;Rafael;GK;75
59458;Jorginho;DMF;81
59460;J. Gómez Taleb;LWF;72
59465;F. Ceccherini;CB;75
59469;S. Decarli;CB;72
59472;A. Vacca;CMF;67
59474;P.Schiattarella;CMF;72
59476;A. Pomini;GK;72
59478;L. Laverone;RMF;65
59479;A. Longhi;LB;70
59480;K. Laribi;CMF;70
59481;D. Berardi;RWF;81
59482;D. Luppi;LWF;70
59484;L. Pavoletti;CF;77
59485;M. Salvi;GK;66
59486;F. Schär;CB;77
59490;R. Bürki;GK;82
59493;M. Bauer;RB;73
59496;M. Lang;RB;77
59497;D. Pavlovic;LB;69
59501;I. Hajrović;RMF;75
59507;Z. Chavango;CB;73
59509;Vitolo;RWF;84
59510;Jesé;LWF;77
59526;Pablo Felipe;CF;73
59535;Thiago Martins;CB;72
59546;J. Kirchhoff;DMF;76
59547;P. Højbjerg;CMF;75
59548;K. Ayhan;CB;72
59556;J. Hegeler;CMF;72
59578;D. Bakker;CMF;71
59583;W. Hoedt;CB;76
59589;A. Jahanbakhsh;RWF;77
59590;Z. Bakkali;LWF;74
59596;K. Tete;RB;78
59613;L. Woudenberg;LB;71
59616;A. Noppert;GK;63
59618;J. van Aken;CB;75
59622;H. Dijkhuizen;RB;72
59632;A. Trajkovski;LWF;71
59633;L. Depoitre;CF;73
59639;F. Gounongbe;CF;68
59646;D. Kourmpelis;DMF;69
59657;A. Bakasetas;CF;71
59671;A. Karagounis;RWF;67
59675;A. Karamanos;CF;70
59686;T. Tzimopoulos;CB;68
59687;D. Kolovetsios;CB;69
59706;T. Kędziora;RB;73
59709;K. Linetty;CMF;75
59714;B. Douglas;LB;72
59715;D. Kownacki;CF;67
59717;Ł. Teodorczyk;CF;78
59725;B. Perea;CF;67
59732;Y. Lodygin;GK;74
59734;D. Einbinder;CMF;66
59739;O. Altman;SS;74
59740;M. Shevchenko;GK;75
59741;E. Sobol;LB;69
59742;D. Grechyshkin;DMF;73
59746;B. Turner;CB;70
59748;C. Noone;RMF;70
59749;Y. Bolasie;LWF;81
59757;G. Boyd;RMF;76
59759;N. Proschwitz;CF;63
59760;W. Zaha;RWF;82
59766;N. Aké;CB;78
59767;R. Brady;LMF;76
59770;F. Kiss;DMF;71
59771;J. Ralls;CMF;68
59774;G. Murray;CF;74
59779;E. Ba;DMF;64
59782;E. Velikonja;CF;63
59783;L. Isgrove;RWF;68
59786;D. Gayle;CF;74
59797;Jacob Murphy;RMF;69
59801;Y. Tielemans;CMF;79
59802;L. Dendoncker;DMF;78
59803;Fede Vico;RMF;69
59806;C. Mbemba;CB;77
59813;A. Bouchalakis;CMF;73
59816;D. Diamantakos;CF;71
59817;A. Samaris;DMF;80
59832;J. Delaplace;CMF;74
59833;N. Benezet;LWF;72
59835;R. Guerreiro;CMF;80
59838;N. Fekir;SS;82
59839;Z. Labidi;AMF;69
59840;L. Abergel;DMF;62
59841;G. Monachello;CF;63
59842;M. Sanson;CMF;81
59846;G. Puel;RB;65
59847;U. Spajić;CB;74
59848;Issiaga Sylla;LMF;75
59884;A. Samedov;RMF;79
59895;D. Marshall;GK;73
59897;M. Mcgovern;GK;75
59918;A. Eshchenko;RB;75
59922;D. Furman;CMF;67
59927;F. Caicedo;CF;77
59933;M. Moroziuk;RB;77
59934;Ghoochannejhad;CF;75
59944;L. Traoré;CF;74
59946;O. Vranješ;CB;75
59949;C. Zambrano;CB;76
59959;J. King;SS;80
59960;M. Diouf;RMF;79
59964;J. Martínez;CF;72
59965;O. Norwood;CMF;73
59966;M. Bešić;DMF;76
59969;E. Zenteno;CB;66
59970;V. Stoyanov;GK;75
59973;J. Durmaz;LMF;77
59984;J. Acosta;CB;72
59985;M. Gavranović;CF;73
59990;B. Sangaré;GK;60
59992;A. Søderlund;CF;76
59993;Emerson;LB;79
59995;H. Herrera;CMF;78
59996;M. Oikonomou;CB;76
59997;N. Gyömbér;CB;75
59998;N. Brighenti;CB;69
59999;R. Improta;RWF;68
60000;D. Laxalt;LMF;77
60002;R. Saponara;AMF;79
60009;F. González;CF;68
60016;F. Fontanini;CB;66
60018;G. Sara;GK;74
60021;W. Serrano;CMF;67
60024;Matías Fissore;CMF;67
60027;A. Niz;CB;75
60029;A. Werner;GK;69
60035;N. Fernández;GK;74
60036;M. Figueroa;CF;70
60038;G. Iñíguez;CMF;70
60039;S. Giovini;GK;68
60042;J. Ramírez;LWF;72
60046;N. Freire;CB;71
60048;R. Gómez;RMF;72
60049;R. Lenis;RMF;70
60053;M. Guerreiro;CF;63
60054;L. Rinaldi;CF;64
60057;J. Schunke;CB;74
60059;G. Rulli;GK;79
60060;D. Zapata;CF;78
60061;J. Silva;LB;74
60062;G. Carrillo;CF;75
60066;G. Gil Romero;DMF;73
60068;J. Correa;AMF;77
60070;L. Diarte;LB;71
60071;D. Mendoza;CF;70
60072;M. Rosales;RB;67
60088;S. Montoya;AMF;71
60095;J. Fernández;CMF;70
60096;J. Mansilla;LMF;72
60109;W. Benítez;GK;67
60114;F. Elizari;AMF;72
60126;S. Olivarez;CB;74
60127;J. Garro;CF;74
60128;E. Insúa;LB;72
60132;F. Angileri;LMF;72
60133;L. Jerez;DMF;71
60134;F. Zuqui;RMF;72
60136;B. Urribarri;LB;73
60137;E. Gigliotti;CF;73
60140;M. Luque;LWF;72
60145;G. Poblete;DMF;71
60149;C. Meli;CMF;75
60151;G. Conti;CB;75
60155;F. Meza;CB;70
60156;M. Ibáñez;GK;70
60157;E. Kalinski;CMF;74
60162;A. Ruiz;SS;75
60163;J. Buffarini;RB;75
60168;Á. Correa;RWF;80
60169;R. Contreras;CF;70
60170;G. Verón;RWF;72
60171;L. Menossi;CMF;72
60174;J. Arzura;DMF;73
60175;Y. Mejía;AMF;67
60181;L. Aveldaño;CB;72
60186;C. Rigamonti;GK;70
60187;P. Heredia;GK;65
60188;L. Lollo;CB;74
60195;T. Figueroa;CF;69
60197;L. Melano;CF;68
60198;G. Herrera;GK;70
60200;N. Ferreyra;CB;61
60201;R. Saravia;RB;73
60203;E. Rigoni;RMF;80
60204;F. Márquez;CF;75
60210;G. Yordan;GK;67
60218;N. Zárate;LB;67
60219;N. Maná;CF;57
60220;G. Escalante;DMF;78
60229;L. Aued;CMF;77
60231;L. Fariña;AMF;72
60232;B. Zuculini;DMF;73
60234;C. Corvalán;LB;70
60235;L. Vietto;CF;75
60238;J. Musso;GK;69
60239;E. Saveljich;CB;67
60240;R. Centurión;RWF;77
60241;R. de Paul;RWF;80
60243;J. Gómez;RB;77
60246;F. Barrientos;CMF;73
60247;M. Pinto;LB;71
60250;N. Avellaneda;GK;57
60251;B. Vides;CF;62
60252;M. Herrera;CB;74
60254;N. Pasquini;LB;72
60260;F. Andrada;CF;69
60262;M. Kranevitter;DMF;77
60263;É. Álvarez;CB;74
60265;A. Solari;RMF;74
60267;N. Pantaleone;LB;68
60273;D. Diaz;CB;69
60274;M. Lepe;CMF;66
60275;P. Muñoz;RWF;69
60278;E. Flores;LB;65
60279;F. Portillo;DMF;65
60288;F. Monetti;GK;76
60291;J. Blengio;CB;68
60292;F. Oreja;RB;74
60296;F. Mussis;CMF;75
60297;O. Paz Benítez;CB;69
60299;I. Fernández;CMF;79
60301;Matías Quiroga;CF;70
60303;N. Benavídez;LB;68
60308;M. Meza;RWF;76
60312;F. Pereyra;SS;73
60315;S. Magallán;LMF;60
60320;I. Furios;CB;70
60321;Sánchez Sotelo;CF;73
60323;N. Champagne;GK;73
60329;C. Villanueva;LB;71
60330;D. Vega;LWF;65
60331;A. Martínez;RB;72
60337;L. Gil;CMF;70
60344;E. Bilbao;GK;55
60345;C. Mafla;LB;68
60352;N. Valentini;CB;67
60355;F. Carrizo;LMF;77
60356;F. Coniglio;CF;69
60358;J. Toledo;CF;73
60360;J. Ledesma;GK;71
60363;M. García;GK;71
60364;N. Domínguez;DMF;75
60365;R. Delgado;LB;75
60366;A. Gagliardi;CF;70
60368;P. Becker;SS;71
60373;R. Costa;CF;65
60376;H. Berrios;RMF;59
60377;R. González;AMF;66
60380;L. Goretzka;CMF;84
60382;O. Ben Harush;LB;72
60385;A. Pantić;CB;73
60387;Lucas Pérez;CF;80
60391;Rafa Silva;LWF;80
60394;Luís Gustavo;DMF;66
60422;Oier;GK;70
60423;D. Cheryshev;LWF;76
60424;J. Mojica;LB;68
60425;Álvaro García;LMF;70
60427;R. Azeez;CMF;68
60430;L. Milivojević;DMF;80
60431;D. Tonucci;CB;70
60432;C. Gonçalves;DMF;68
60437;Y. Sabaly;RB;78
60442;B. Pelé;LMF;67
60443;B. Mendy;LB;81
60447;M. Maignan;GK;75
60448;P. Polomat;LB;74
60451;A. Masuaku;LB;75
60458;L. Crecco;LMF;64
60461;W. Saïd;LWF;67
60463;S. Moreira;RB;71
60465;D. Baselli;CMF;78
60466;M. Sportiello;GK;80
60468;A. Ferrari;RB;71
60472;M. Konaté;RWF;69
60486;J. Brenet;RB;78
60489;J. Houwen;GK;63
60492;M. Moscati;CMF;69
60494;A. Petagna;CF;77
60500;J. Mauri;CMF;72
60501;A. Cerri;CF;70
60502;Ł. Skorupski;GK;78
60503;M. Fornasier;CB;68
60504;A. Martinelli;CMF;68
60505;P. Wszołek;RWF;71
60507;D. Falcinelli;CF;75
60508;N. Maksimović;CB;78
60510;S. Widmer;RB;79
60512;Bruno Fernandes;AMF;78
60518;J. Brayford;RB;73
60519;J. Lundstram;CMF;68
60521;J. Ibe;RWF;73
60522;A. Plumain;RMF;70
60523;T. Browning;RB;72
60527;S. Moore;GK;67
60529;Sergi Darder;CMF;78
60530;F. Cartabia;RWF;78
60531;Saborit;LB;72
60532;Erik Morán;DMF;74
60533;Jon Gaztañaga;DMF;70
60534;A. Januzaj;RWF;77
60537;D. Fisher;RB;65
60538;L. Henderson;CMF;71
60543;F. Bahlouli;AMF;74
60546;J. Pi;DMF;72
60548;J. Amavi;LB;74
60550;A.saint-Maximin;RWF;79
60551;J. Murillo;CB;80
60553;Samu;RMF;74
60554;A. Mitrović;CF;75
60557;Santi Mina;LWF;75
60558;Rubén Blanco;GK;74
60560;S. Scuffet;GK;74
60561;R. Inglese;CF;77
60563;K. Baldé;LWF;83
60564;I. Smolnikov;RB;79
60565;B. Petković;CF;72
60568;S. Perica;CF;74
60577;J. Delgado;RWF;69
60579;D. Zúñiga;LB;67
60580;C. Rodríguez;RB;68
60584;S. Lizana;AMF;67
60586;R. Osorio;CB;72
60587;J. Fuentes;DMF;71
60590;D. Torres;LB;68
60600;S. Dominguez;DMF;69
60603;J. Verdugo;AMF;68
60607;S. Reyes;CF;66
60611;Josué Sá;CB;74
60620;T. Bakayoko;DMF;82
60621;A. Hunou;CMF;68
60622;M. Braithwaite;CF;78
60623;S. Ciss;LB;71
60627;William C.;DMF;81
60630;M. de Iriondo;DMF;69
60631;I. Pussetto;RWF;74
60638;J. Zacaría;LMF;73
60650;M. Matos;CF;73
60653;N. Paz;CB;75
60657;J. Calleri;CF;75
60659;S. Vittor;CB;75
60660;L. Sánchez;CB;69
60663;J. Palomino;CB;76
60666;R. Becerra;CF;67
60667;E. Triverio;CF;74
60670;F. Montero;RMF;69
60673;F. Milo;LB;70
60675;R. Carrera;RMF;72
60677;L. Acosta;GK;71
60680;A. Martín;GK;77
60682;J. Carranza;GK;71
60683;J. Ramis;RWF;70
60684;C. Aquino;AMF;73
60687;R. Battaglia;CMF;79
60689;R. Martínez;CF;79
60691;F. Vega;RB;70
60693;J. Kaprof;SS;64
60694;G. Simeone;CF;77
60696;J. Cavallaro;AMF;73
60698;E. Más;LB;78
60699;F. Quignón;CMF;77
60701;F. Cardozo;LB;66
60703;G. Piovi;LB;74
60704;L. Rolón;RMF;73
60706;Marcelo Goiano;LB;73
60707;Djavan Ferreira;LB;75
60709;José Sá;GK;74
60711;M. Bolados;RWF;67
60715;F. Dutari;CB;65
60716;L. Vila;CF;69
60718;G. Rojo;DMF;59
60719;Á. Madrid;CMF;70
60725;Ricardo Vaz;RWF;65
60729;Sequeira;LB;70
60732;I. Balliu;RB;74
60733;Diego Galo;CB;69
60735;Rafael Martins;CF;71
60738;Ricardo Horta;LWF;74
60739;Pedro Tiba;CMF;72
60743;Diney;CB;65
60746;Drausio;CB;68
60751;Dankler;CB;67
60760;Kenedy;LB;74
60761;Erik;CF;70
60765;D. Morales;AMF;73
60779;Rafael Vaz;CB;74
60780;Henrique;LB;70
60781;Fabricio Baiano;CMF;70
60796;Paulinho;SS;72
60798;S. Nwankwo;CF;68
60800;Pelé;CMF;74
60801;R. Ferreira;CB;73
60815;I. Poblete;LWF;67
60817;C. Pinares;AMF;71
60823;F. Collado;GK;64
60825;J. Gómez;RB;66
60834;F. Moubandje;LB;74
60835;R. Gagliardini;CMF;79
60841;I. Bel Hassani;AMF;71
60844;J. Hendrix;DMF;80
60847;J. Seri;CMF;83
60855;M. Borja;CF;74
60856;M. Koné;CB;65
60857;F. Ricci;RWF;75
60858;R. Pucino;RB;70
60863;J. Hunt;RB;72
60865;N. Chalobah;DMF;76
60868;Alex;LWF;74
60872;E. Rovini;SS;67
60874;Albizua;CB;70
60875;David Costas;CB;71
60877;Miguel García;LMF;67
60878;S. Dimitrievski;GK;64
60879;Adri Embarba;RWF;71
60880;Marco Sangalli;RWF;66
60881;A. Niane;CF;69
60888;P. Soto Soto;GK;66
60890;F. Manzano;DMF;69
60892;Kadu;CB;70
60896;N.S. Vukčević;DMF;77
60898;N. Espinoza;GK;67
60902;T. Pellenard;LB;68
60904;D. Djigla;RWF;67
60906;C. Tolisso;CMF;83
60908;G. N'Koudou;LWF;77
60909;A. Mandrea;GK;61
60910;F. Honorat;RWF;71
60914;J. Riedewald;CB;77
60915;D. Dos Santos;LWF;72
60916;B. Basaçikoglu;RWF;71
60922;B. Traoré;RWF;80
60924;R. Thomas;LWF;75
60928;J. Brandt;LWF;81
60930;A. Avlonitis;CB;72
60942;Rodriguinho;CMF;78
60950;Joao Kuspiosz;GK;65
60956;Ailton;LB;69
60957;Léo Bonatini;CF;74
60959;Felipe Macedo;CB;70
60968;Lucão;CB;72
60977;N. Orellana;CF;65
60980;R. Álvarez;CMF;50
60981;J. Araya;CMF;67
60982;G. Castellón;GK;72
60984;J. Soto;RB;69
60990;Nagore;RB;68
60994;G. Fernández;CF;69
60995;Joseba Zaldúa;RB;75
60998;C. Espinosa;AMF;69
61001;K. Hidalgo;CB;65
61004;F. Arancibia;RWF;71
61010;P. Galdames;CMF;70
61011;J. Flores;LWF;64
61012;G. Maripán;CB;75
61013;L. Figueroa;GK;65
61017;I. Ledesma;AMF;63
61022;M. Blázquez;CB;62
61031;E. Ponce;CF;71
61034;G. Hauche;CF;66
61035;S. Driussi;CF;79
61036;E. Gómez;LB;67
61039;M. Pérez Acuña;RB;68
61041;M. Dembélé;CF;67
61043;S. Benrahma;RWF;70
61044;Z. Boucher;GK;74
61045;Ivan Cavaleiro;LWF;74
61050;Adama Traoré;RWF;72
61051;J. Dongou;CF;65
61053;Cristian;CF;68
61054;Víctor Camarasa;AMF;76
61056;Diego Llorente;CB;79
61058;José Gayá;LB;80
61062;B. van Leer;GK;77
61066;R. Vloet;AMF;72
61068;D. Sinkgraven;LB;78
61070;U. Đurđević;CF;70
61073;E. Crivelli;CF;73
61075;J. Berget;LWF;68
61079;S. Johansen;CMF;75
61080;S. Gallagher;CF;69
61081;C. Robinson;LWF;65
61088;G. Guerrieri;GK;62
61089;T. Strakosha;GK;77
61091;S. Deli;CB;74
61095;G. Donsah;CMF;73
61098;L. Di Plácido;RB;74
61110;F. Monteseirín;CB;70
61113;J. Ibáñez;LMF;68
61116;E. Unsain;GK;67
61118;F. Fydriszewski;CF;68
61119;José Valencia;CF;68
61126;G. Campi;CB;71
61128;Y. Cabral;CB;73
61130;E. Mammana;CB;79
61131;E. Di Fulvio;GK;57
61132;V. Salazar;RB;71
61137;S. Rincón;CF;71
61141;N. Saint-Ruf;CB;68
61143;Matías Nahuel;LMF;69
61145;Aarón Escandell;GK;60
61146;Jaume Doménech;GK;75
61147;Pau López;GK;72
61148;Antonio Cotán;CMF;72
61149;C. Fernández;CF;70
61151;K. Günter;CB;67
61152;L. Ontivero;LWF;71
61155;L. Nielsen;CB;74
61157;U. Matić;CMF;69
61161;F. Fedato;LWF;70
61164;A. Sanabria;CF;80
61168;Luiz Phellype;CF;68
61171;W. Kanon;CB;78
61173;B. Tuiloma;DMF;62
61174;L. Bridcutt;DMF;74
61175;T. Ince;RWF;75
61176;R. Tunnicliffe;CMF;68
61181;J. Lingard;RMF;78
61182;H. Reed;CMF;70
61183;N. Bentaleb;CMF;81
61192;Y. Duk;CF;63
61206;L. Olaza;LB;69
61211;Nathan;LWF;74
61230;B. Bernaola;CB;64
61232;C. Grados;GK;65
61251;R. Peña;CF;70
61252;J. Caraballo;SS;69
61394;J. Sandoval;RB;69
61395;G. Leyes;CF;63
61397;Patric;RB;71
61399;R. Arciero;RB;68
61401;G. Gambetta;CB;72
61402;F. Cervi;LWF;78
61406;José Caro;CB;66
61416;L. Velasquez;GK;56
61420;S. Gbohouo;GK;76
61421;A. Cissé;GK;73
61426;V. Karavaev;RB;53
61429;J. Sierra;CF;64
61455;R. Castro;DMF;67
61457;E. Cardona;AMF;75
61458;O. Berrío;RWF;72
61459;D. Bocanegra;RB;72
61468;Y. Mina;CB;79
61475;J. Alonso;LB;75
61481;E. García;CF;70
61489;C. Alemán;LMF;70
61492;S. Mendoza;LWF;71
61494;G. Cuéllar;DMF;75
61527;M. Arambarri;DMF;73
61531;M. Lemos;CB;79
61577;C. Cáceda;GK;70
61582;I. Bulos;CF;67
61594;E. Saavedra;RB;59
61606;M. Pineida;LB;70
61613;L. Caicedo;CB;72
61618;J. Orejuela;DMF;72
61619;G. Cortéz;AMF;71
61629;A. Mina;CB;75
61637;J. Murillo;LWF;70
61641;R. Clarke;CF;66
61643;Y. Soteldo;AMF;70
61650;R. Cepeda;DMF;69
61672;M. ter Stegen;GK;85
61673;P. Lasogga;CF;73
61676;M. Hitz;GK;79
61682;E. Durm;RB;77
61688;K. Waston;CB;75
61693;D. Yedlin;RB;75
61703;M. Sayouba;GK;75
61710;J. Schlupp;LB;77
61711;D. Accam;LWF;74
61714;B. Wright;CB;71
61715;M. Luongo;DMF;71
61720;M. Pašalić;CMF;76
61725;R. Mahrez;RMF;83
61726;N. Karelis;CF;74
62004;M. Barrow;RMF;72
62006;Martins-Pereira;RB;70
62007;G. Moncini;CF;64
62008;R. Mandragora;DMF;75
62009;F. Melchiorri;CF;72
62012;Carlos Castro;CF;72
63045;F. Magnanelli;DMF;76
63063;R. Castelen;RWF;71
63069;D. Maietta;CB;75
63074;L. Romagnoli;AMF;73
63076;A. Bastía;DMF;69
63080;Verza;CMF;70
63086;I. Cissokho;RB;73
63088;K. Begois;GK;67
63094;M. González;RMF;72
63096;T. Giresse;LWF;72
63105;J. Méndez;CMF;73
63106;S. Missiroli;CMF;74
63108;L. Rosenior;RB;72
63142;Rodrigo;CB;72
63144;Paulinho;SS;73
63146;M. Cahais;CB;69
63163;A. Cocco;CF;68
63165;José Crespo;CB;71
63166;Javi Flaño;RB;68
63174;P. Ferrari;RB;72
63175;J. Barroso;CB;77
63184;M. Diallo;DMF;77
63187;M. El Makrini;CMF;71
63190;L. Licht;LB;73
63191;Aaron Níguez;LWF;73
63192;Yoel;GK;75
63193;Fran Mérida;CMF;71
63201;D. Vera;CF;75
63213;J. San Román;RB;74
63218;G. Fierro;RB;72
63225;M. Kramer;CF;73
63226;A. Oukidja;GK;69
63231;J. Hobbs;CB;70
63232;M. Hansen;GK;76
63235;M. Gazzola;RB;74
63236;I. Blanco;CF;70
63237;S. Nijland;CF;71
63238;M. Vigorito;GK;67
63242;B. Sarmiento;LWF;74
63244;R. Gestede;CF;74
63260;S. Dubarbier;LB;72
63263;D. Delaney;CB;75
63265;T. Costa;CMF;70
63266;N. Dirar;RMF;75
63271;P. Oniangué;CMF;73
63274;H. Zeinstra;GK;68
63275;M. Gelabert;DMF;74
63277;Diego Farias;RWF;73
63279;J. Bottinelli;CB;71
63283;Etxeita;CB;73
63285;V. Regini;LB;76
63287;J. Chester;CB;74
63288;M. Angeleri;CB;74
63289;D. Veselinović;CF;68
63293;E. Terranova;CB;71
63294;Á. Fernández;CMF;74
63306;N. Rigoni;CMF;74
63308;L. Siligardi;RWF;73
63309;S. Zaza;CF;81
63313;van der Linden;CB;71
63314;I. Pillud;RB;73
63315;S. Prediger;DMF;75
63319;Daniel Ayala;CB;73
63321;F. Dionisi;CF;73
63322;Iago Falqué;RWF;80
63323;M. Coronel;CB;71
63326;Dani Pacheco;LWF;73
63331;D. Alibec;CF;75
63332;J. Bruma;CB;81
63334;T. Bianchi;CMF;68
63335;Matilla;CMF;69
63339;L. Jara;RB;74
63344;R. Gutiérrez;CF;73
63346;G. Vargas;LWF;73
63347;R. Caroca;DMF;71
63348;I. González;GK;70
63350;D. Rosende;DMF;71
63357;L. Díaz;CF;68
63366;A. Rispoli;RB;72
63370;Pedro Mosquera;CMF;78
63371;Aitor Fernández;GK;70
63372;P. Chavarría;RWF;71
63382;A. Souquet;RB;78
63383;C. Doukouré;DMF;74
63384;S. Laner;CMF;66
63385;Juanfran;RB;80
63386;G. Beretta;CF;69
63389;C. Canío;AMF;68
63391;D. Cháves;CF;70
63392;Ryder Matos;SS;70
63396;J. Fernández;LMF;73
63399;David López;DMF;78
63405;C. Muñoz;CF;73
63410;S. Gentiletti;CB;74
63411;D. Conca;AMF;79
63413;G. Voboril;LB;70
63414;R. Salinas;CF;71
63416;Paulão;CB;71
63424;Lins;SS;71
63425;P. Calandria;CF;71
63426;A. Parot;LB;71
63427;T. Ben Chaim;LWF;70
63428;N. Peñailillo;LMF;68
63429;C. Suarez;CB;72
63430;E. Carvajal;RMF;71
63437;T. Jodłowiec;DMF;77
63442;A. Wilbraham;CF;66
63443;N. Kebano;LMF;74
63447;G. Núñez;AMF;75
63448;N. Marsman;GK;74
63451;M. Pigliacelli;GK;66
63452;L. Antei;CB;75
63455;E. Sala;CF;77
63457;Luis Alberto;SS;77
63459;A. Donnarumma;CF;71
63460;D.Stracqualursi;CF;73
63462;B. Carrasco;RMF;70
63465;Tiago Ilori;CB;71
63467;P. Dummett;LB;72
63474;Alisson;GK;81
63475;Diogo Barbosa;LB;75
63476;Renato Cajá;AMF;73
63481;L. Deaux;DMF;77
63483;L. Casanova;CB;68
63488;M. Paulissen;AMF;68
63489;Q. Promes;RWF;82
63490;T. Haye;CMF;71
63492;I. Stefanović;GK;67
63495;Otavinho;LMF;78
63496;R. Chibsah;DMF;73
63497;Saúl;CMF;84
63499;Jomar;CB;68
63500;Jota Peleteiro;RWF;76
63504;F. Sporkslede;DMF;69
63505;M. Koch;CB;71
63508;J. Pelupessy;DMF;70
63509;Talisca;AMF;80
63520;B. Cristante;CMF;77
63523;A. Vilches;CF;70
63532;Cristian Muñoz;GK;72
63533;Juan Carlos;GK;70
63539;M. Troiano;DMF;64
63541;N. Peric;GK;70
63542;V. Fiorillo;GK;69
63546;L. Nienhuis;GK;70
63548;Manu Herrera;GK;70
63560;Weverton;GK;78
63577;Iago Herrerín;GK;77
63581;Lombán;CB;73
63582;L. Sepe;GK;74
63585;C. Piccini;RB;75
63586;A. Escobar;SS;72
63591;M. Ardemagni;CF;74
63592;Sidnei;CB;80
63593;M. Eramo;CMF;65
63594;T. Doumbia;CMF;72
63596;M. Torsiglieri;CB;73
63597;M. Silvestri;GK;72
63598;J. Sala;RB;76
63602;L. Zima;GK;70
63605;J. Sýkora;CMF;72
63607;Fabinho;DMF;83
63608;A. Tozzo;GK;61
63610;M. Chiosa;CB;66
63611;J. van Overeem;CMF;73
63622;Claiton;CB;72
63624;A. Coeff;DMF;74
63626;Carlos Clerc;LB;73
63627;Z. Fryers;LB;66
63629;J. Blackman;GK;65
63640;S. Hutchinson;DMF;76
63641;T. Kupisz;RWF;69
63646;Diogo Viana;RWF;71
63647;N. Ortigoza;DMF;77
63648;S. Araújo;CF;78
63655;L. Mancinelli;RMF;64
63665;J. Acosta;LWF;70
63666;Álex;AMF;69
63667;C. Biraghi;LB;75
63675;A. Wakaso;DMF;74
63676;Ruben Fernandes;CB;70
63677;Tómané;CF;72
63679;L. Labylle;LB;65
63686;S. Sturaro;CMF;77
63692;Antônio Carlos;CB;73
63696;Rúben Vezo;CB;73
63697;Geuvânio;RWF;75
63702;Gilberto Junior;RB;73
63704;Luís Felipe;RB;68
63706;Daniel Bessa;CMF;75
63708;Ezequiel;RB;72
63711;B. Ogbeche;CF;73
63714;J. Acuña;CF;69
63715;L. Pisculichi;AMF;73
63718;Ivan Marcano;CB;80
63719;Edu Ramos;CMF;66
63721;J. Correa;AMF;69
63725;F. Fragapane;LWF;66
63726;Geraldes;RB;70
63729;Bryan;LB;72
63730;Diego;AMF;81
63734;C. Molinaro;LB;75
63738;Portu;CMF;70
63739;P. Ntep;LWF;77
63764;Gonçalo Brandão;CB;71
63765;Fransérgio;CMF;73
63771;O. Viera;CB;65
63807;S. García;CF;73
63816;M. Bejarano;LB;68
63837;A. Guerra;AMF;70
63849;Ó. Vílchez;RMF;71
63858;S. Ribas;CF;70
63898;Jucilei;DMF;75
63905;M. Birighitti;GK;59
63911;M. Ureña;SS;71
64729;A. Traoré;LB;75
64730;N. Ansell;CB;68
64749;T. Jurić;CF;67
64750;A. Mooy;CMF;79
64896;Nouh Al Mousa;DMF;56
64924;A. Al Sulaiheem;LMF;65
65044;G. Vizcarra;GK;66
65045;J. Nieto;RMF;64
65079;S. Ayala;CMF;66
65142;D. González;LWF;76
65151;L. Amarilla;CF;67
65258;Michael Santos;CF;73
65264;F. Avenatti;CF;67
65276;S. Martínez;DMF;69
65283;M. Olivera;LB;72
65288;D. Riolfo;RMF;65
65320;A. Figuera;DMF;68
100001;Edu Campabadal;RB;68
100003;Fran Cruz;CB;65
100004;Dani Pinillos;LB;68
100012;Juan Carlos;GK;71
100014;Bernardo;CB;70
100015;Luso;DMF;69
100017;Antonio Sillero;GK;64
100020;Rafa Gálvez;CMF;64
100027;René;GK;66
100035;Jozabed;CMF;73
100040;Servando S.;CB;65
100043;Hugo Álvarez;CB;63
100051;Raúl García;LB;75
100053;Unai Medina;RB;70
100061;Manu García;DMF;76
100065;M. Quiroga;CF;63
100066;Viguera;CF;71
100080;Iriome;RWF;66
100088;Carlos Pita;CMF;67
100090;Caio Secco;GK;65
100092;A. Ligi;CB;66
100094;L. Del Prete;RB;70
100095;M. Cremonesi;CB;70
100096;E. Suagher;CB;71
100099;E. Lamanna;GK;75
100101;Alcalá;CB;75
100103;A. Brignoli;GK;69
100105;E. Guarna;GK;66
100108;L. Crisetig;DMF;76
100111;J. Dezi;CMF;74
100112;D. Cataldi;CMF;75
100114;S. Pettinari;CF;66
100115;S. Bidaoui;LWF;64
100117;F. Bernardeschi;RWF;83
100121;Víctor Díaz;RB;75
100123;Fernando Seoane;DMF;72
100129;Álex Pérez;CB;72
100130;Jorge Morcillo;CB;67
100131;Toño;LB;72
100132;Montoro;CMF;71
100133;Ø. Nyland;GK;73
100134;N. Manfredini;GK;62
100135;C. Pinsoglio;GK;73
100137;L. Calapai;RB;63
100140;W. Morgan;CB;76
100142;L. Moore;CB;76
100144;Miquel;CB;68
100148;D. Drinkwater;CMF;79
100150;M. James;CMF;73
100151;L. Dyer;LMF;68
100153;Dani Sotres;GK;65
100158;A. Knockaert;RMF;77
100159;J. Vardy;CF;81
100161;Peña;CMF;67
100163;A. Sala;GK;63
100165;T. Cionek;CB;75
100166;A. Garofalo;LB;65
100168;S. Gozzi;RB;63
100171;A. Masi;CB;64
100172;B. Meccariello;CB;65
100177;N. Belloni;RMF;65
100178;H. Menosse;CB;71
100181;S. Molina;RWF;69
100184;Molinero;RB;73
100187;E. Israfilov;CMF;68
100188;Saúl Berjón;LMF;72
100189;Toribio;DMF;65
100190;Wellington;RWF;75
100192;L. Rizzo;CMF;73
100195;F. Signori;CMF;69
100196;Kike;CF;74
100203;Dorca;CMF;71
100205;Fernando M.;GK;65
100206;José Carrillo;CF;67
100212;R. Maiello;CMF;67
100216;Bóveda;RB;75
100219;M. Valjent;CB;65
100222;Albentosa;CB;75
100223;A. Zito;LMF;71
100224;Yuri;LB;80
100226;Lillo C.;RB;73
100228;Raúl Navas;CB;77
100229;F. Ceravolo;CF;74
100230;C. Falletti;AMF;67
100231;G. Litteri;CF;68
100235;T. Kuszczak;GK;71
100238;A. Casadei;GK;64
100241;F. De Col;RB;68
100242;C. Mammarella;LB;65
100244;M. Troest;CB;72
100246;L. Dunk;CB;77
100249;U. Germano;RB;66
100254;Bruno Saltor;RB;72
100257;D. Stephens;CMF;73
100259;F. Paghera;DMF;66
100261;S. March;LMF;73
100262;L. Gatto;LWF;69
100264;A. Piccolo;RWF;69
100270;K. Lualua;LWF;70
100272;M. Pellizzer;CB;67
100273;W. Buckley;RWF;68
100274;S. Pecorini;RB;67
100275;José Naranjo;LWF;73
100277;D. Gasparetto;CB;68
100281;F. Scaglia;CB;65
100283;A. Paolucci;CMF;64
100285;J. Shackell;CB;73
100286;S. Colombi;GK;71
100289;G. Letizia;RB;73
100290;F. Poli;CB;71
100291;R. Gagliolo;LB;72
100292;K. Long;CB;65
100297;B. Mee;CB;77
100299;K. Trippier;RB;78
100300;F. Concas;RMF;68
100302;L. Pasciuti;RMF;72
100303;L. Memushaj;CMF;76
100304;L. Lollo;CMF;73
100307;Alberto Escassi;CMF;69
100315;S. Sabelli;RB;71
100316;Diego Rico;LB;76
100320;R. Samnick;CB;62
100322;David Ferreiro;RWF;72
100325;L. Ceppitelli;CB;74
100327;M. Calderoni;LB;67
100329;D. Sciaudone;CMF;69
100333;C. Galano;RWF;71
100334;R. Bianco;CMF;72
100336;J. Mbakogu;CF;72
100337;A. Di Gaudio;LWF;74
100338;A. Iacobucci;GK;69
100342;Álex Muñoz;CB;66
100346;Ander Capa;RB;78
100347;Jon Errasti;DMF;73
100350;Dani García;CMF;79
100353;M. Bruscagin;CB;65
100354;S. Ristovski;RB;70
100356;G. Figliomeni;CB;65
100358;F. Viviani;DMF;76
100360;Santamaría;GK;64
100363;Carpio;RB;70
100367;M. Gaffoor;CB;68
100369;Ripa;LB;68
100371;Isaac;GK;67
100372;Jorge Palatsí;GK;66
100374;Iván López;RB;69
100375;Chus Herrero;CB;66
100381;P. Ceccaroni;CB;62
100382;Juncà;LB;72
100386;H. Magnússon;CB;69
100388;F. Migliore;LB;69
100389;Eloi Amagat;AMF;70
100393;Gabriel;AMF;77
100395;D. Gerken;GK;68
100396;L. Chambers;CB;72
100399;A. Cresswell;LB;77
100400;T. Mings;CB;72
100401;F. Veseli;RB;72
100402;C. Skuse;CMF;72
100404;L. Hyam;CMF;67
100407;D. Mcgoldrick;CF;71
100413;P. Sammarco;CMF;72
100419;A. Gerbo;CMF;62
100420;M. Crimi;CMF;73
100424;Y. Cisotti;LWF;64
100425;C. Chiricò;LWF;70
100426;A. Seculin;GK;71
100428;D. Zappacosta;RB;81
100429;A. Izzo;CB;79
100432;F. Pisacane;RB;76
100433;L. Bittante;RB;67
100438;F. Angiulli;LMF;66
100439;M. Arini;CMF;68
100440;A. d'Angelo;CMF;71
100443;E. Schiavon;CMF;67
100446;Ludovic Baal;LB;76
100455;L. Castaldo;CF;70
100456;P. Valdivia;CMF;70
100457;A. Galabinov;CF;71
100458;C. Ciano;RWF;71
100459;M. Fossati;DMF;73
100460;M. Defendi;CMF;66
100462;D. Albadoro;CF;67
100463;João Silva;CF;68
100465;F. Lora;CMF;67
100467;M. Busellato;CMF;68
100471;W. Jidayi;CB;68
100473;L. Montipò;GK;61
100479;M. Đurić;CF;70
100481;F. Vicari;CB;69
100484;P. Golubović;RB;64
100485;P. Faragò;CMF;68
100486;D. Buzzegoli;CMF;65
100495;L.Nomenjanahary;LMF;73
100497;W. Cyprien;CMF;79
100498;B. Bourigeaud;CMF;73
100499;Y. Touzghar;CF;70
100504;B. Guillaume;CF;70
100506;A. Fulignati;GK;67
100507;S. Anđelković;CB;75
100508;A. Lazaar;LMF;72
100509;Aljaž Struna;RB;71
100510;Bellerín;RB;82
100512;J. Álvarez;AMF;70
100514;Carlos Akapo;RB;67
100527;K. Darlow;GK;71
100528;D. Evtimov;GK;62
100530;J. Lascelles;CB;77
100532;G. Halford;DMF;69
100534;I. Hayden;DMF;72
100535;D. Iliev;GK;63
100537;C. Cohen;CMF;69
100538;H. Lansbury;CMF;74
100543;Luis Hernández;CB;76
100544;Mandi;DMF;70
100545;Carlos Carmona;RWF;76
100550;J. Paterson;LMF;70
100552;Guerrero;CF;74
100554;Luis Valcarce;LB;67
100564;Rodrigo Ely;CB;74
100570;R. Fiamozzi;RB;67
100575;A. Barberis;CMF;76
100578;L. Tremolada;AMF;69
100579;N. Di Roberto;RWF;68
100588;M. Hector;CB;75
100590;D. Williams;DMF;73
100591;C. Hernández;CB;70
100604;R. Marcone;GK;62
100606;Carlos Embalo;RWF;67
100607;A. Belotti;CF;83
100611;Edgar Hernández;CF;68
100614;R. Schiavi;CB;70
100617;F. Di Francesco;RWF;74
100620;M. Politano;LWF;78
100621;E. Conti;GK;57
100624;Z. Feddal;CB;78
100629;A. Schiavone;DMF;68
100630;L. Spinazzola;LMF;78
100631;P. Cappelluzzo;CF;65
100635;L. Rosseti;CF;68
100639;S. Rizzato;LB;68
100650;L. Nizzetto;CMF;66
100651;A. Iunco;RWF;66
100658;A. Ingegneri;CB;65
100660;F. Renzetti;LB;69
100664;Jesús Olmo;CB;66
100666;M. Barbosa;GK;72
100668;Vicente Gómez;DMF;77
100669;David García;CB;74
100674;K. Djellabi;LB;68
100681;S. Camille;LB;69
100682;J. Castelletto;CB;64
100691;Chema;CB;70
100693;Y. Boé-Kane;DMF;65
100694;Sergio Mora;CMF;68
100697;N. Gavory;LMF;61
100698;T. Monconduit;CMF;61
100706;L. Garritano;RWF;68
100707;Óscar Plano;RWF;70
100709;G. Defrel;CF;76
100710;A. Rodriguez;CF;68
100720;Juande;DMF;70
100725;Javi Lara;LMF;68
100730;Raúl Lizoáin;GK;71
100732;Hernán;CMF;74
100733;Deivid;CB;69
100734;Máyor;CF;67
100735;Javi Castellano;DMF;73
100741;Dani Castellano;LB;77
100742;Tana;SS;74
100744;Asdrúbal;CF;66
100749;T. Nocchi;GK;64
100752;L. Ceccarelli;CB;64
100753;A. Almici;RB;67
100756;S. Pasa;CB;62
100762;D. Bain;CB;68
100764;J. Obiang;LB;67
100772;H. Sakhi;AMF;65
100773;F. Tait;AMF;70
100775;A. Garita;CF;65
100780;B. Chardonnet;CB;60
100782;M. Perez;DMF;65
100789;Bruno González;CB;73
100790;Alberto Jiménez;CB;69
100791;Javi Moyano;RB;74
100792;Raúl Cámara;RB;71
100800;Carlos Ruiz;CB;70
100801;Aridane;CF;64
100802;Aitor Sanz;CMF;73
100804;Aday;RB;73
100806;Nano;CF;70
100809;Ayoze Pérez;SS;74
100811;M. Jeannin;GK;65
100813;C. Avinel;CB;66
100815;D. Da Silva;CB;77
100819;J. Salze;CB;64
100822;P. Capelle;AMF;75
100829;T. Moulin;CMF;75
100830;Y. Salibur;LWF;77
100832;R. Dugimont;RWF;66
100833;J. Nkololo;AMF;70
100841;A. Monfray;CB;66
100856;A. N'Diaye;LWF;68
100860;A. Balijon;GK;64
100865;J. Sainati;CB;65
100868;V. Le Goff;LB;73
100869;F. Chafik;RB;73
100870;F. Tardieu;DMF;66
100871;N. Keïta;CMF;83
100876;F. Boulaya;AMF;67
100887;J. Ikoko;RB;73
100894;A. Letellier;GK;74
100897;R. Thomas;CB;77
100898;A. Bouka Moutou;LB;71
100900;V. Manceau;RB;75
100904;S. Boufal;LWF;78
100905;M. Ben Othman;AMF;67
100912;Danilson;DMF;71
100918;C. N'Doye;CMF;76
100922;F. Andriatsima;CF;65
100925;B. Leroy;GK;70
100930;T. Fontaine;CB;64
100932;J. Cétout;RB;76
100934;X. Chavalerin;CMF;68
100935;B. Santamaria;CMF;73
100937;Ketkeophomphone;RWF;74
100939;J. Gradit;RB;68
100940;S. Khaoui;AMF;61
100944;P. Paye;RB;70
100946;J. Marié;DMF;70
100948;J. Gastien;CMF;69
100950;F. Mollet;CMF;69
100951;R.Philippoteaux;LMF;72
100954;Júlio Tavares;CF;73
100955;J. Bela;RWF;70
100957;D. Petrić;GK;73
100958;L. Carole;LB;74
100960;K. Azamoum;DMF;70
100961;M. Barreto;AMF;67
100962;Y. Court;LWF;72
100964;J. Cabot;RWF;75
100966;G. Gimbert;CF;69
100967;T. Lemar;LWF;83
100969;M. Duhamel;CF;72
100970;J. Kodjia;CF;75
100971;P. Delecroix;GK;70
100974;Q. Bernard;LB;68
100975;F. Bong;CB;68
100978;F. Martin;LWF;63
100981;J. Roye;AMF;69
100988;A. Smithies;GK;71
100989;João Carlos;AMF;69
100991;J. Dahlin;GK;66
100992;M. Berg;CF;79
100993;R. Aarons;RWF;72
100997;Rony Lopes;AMF;77
100998;Jon Toral;AMF;69
101003;B. Fofana;DMF;68
101011;K. Mbabu;RB;71
101015;Jordi Masip;GK;74
101016;Ortolá;GK;70
101018;Edgar Ié;CB;69
101027;W. Hughes;CMF;75
101028;A. Robertson;LB;75
101029;I. Anya;LMF;72
101030;C. Bryson;CMF;71
101033;C. Austin;CF;77
101035;C. Woodrow;CF;64
101037;C. David;AMF;65
101039;J. Obita;LB;73
101040;M. Holgersson;CB;66
101042;M. Waghorn;RWF;70
101045;T. Deeney;CF;76
101047;F. Forestieri;SS;75
101053;T. Hoban;CB;69
101057;Planas;LB;74
101058;Álex Grimaldo;LB;79
101061;Joan Campins;RB;67
101065;Denis Suárez;CMF;80
101066;Javier Espinosa;AMF;69
101069;Dani Nieto;RWF;70
101071;Munir;CF;77
101072;Sandro Ramírez;CF;81
101074;L. Grant;GK;75
101075;C. Forsyth;LB;68
101076;E. Martínez;GK;72
101079;P. Gallagher;CMF;73
101080;E. Huws;DMF;70
101086;T. Carson;GK;70
101087;C. Mclaughlin;RB;71
101091;J. Magennis;CF;69
101094;T. Çamdal;LB;66
101097;H. Çalhanoğlu;AMF;81
101099;S. Barker;CB;69
101100;R. Keogh;CB;75
101101;P. Coutts;CMF;68
101102;J. Hendrick;CMF;75
101106;K. Freeman;RB;67
101108;J. Buxton;CB;71
101109;A. Legzdins;GK;65
101110;J. Hanson;DMF;63
101113;P. Bamford;CF;70
101114;T. Naylor;DMF;60
101115;J. Grealish;LWF;72
101116;Guilherme Arana;LB;77
101117;Wanderson;CB;71
101118;Pedro Henrique;CB;71
101120;Malcom;RWF;80
101121;Pablo Hervías;RWF;69
101123;Alain Oyarzun;LWF;65
101125;D. Watmore;RWF;76
101127;B. Hamer;GK;67
101129;Bustinza;RB;74
101131;Guarrotxena;LWF;68
101134;Húdson;DMF;74
101135;Boschilia;AMF;75
101136;Ewandro;RWF;71
101141;M. Morrison;CB;72
101143;D. Dervite;CB;67
101148;C. Harriott;LWF;68
101165;W. Mesloub;CMF;75
101178;R. Wiggins;LB;63
101185;J. Cousins;CMF;71
101186;P. Parzyszek;CF;70
101191;L. Palmer;RB;69
101192;M. Antonio;RWF;77
101195;E. Jakupovic;GK;75
101196;K. Lee;DMF;71
101197;J. Maghoma;LMF;68
101199;Semedo;DMF;67
101203;G. Madine;CF;66
101204;A. Nuhiu;CF;68
101205;J. Carrasso;GK;70
101208;T. Didillon;GK;75
101211;R. Métanire;RB;72
101215;A. N'Dour;LB;67
101216;B. Osborn;LMF;69
101221;H. Hateboer;RB;72
101223;B. Sarr;RWF;77
101227;K. Lejeune;LWF;66
101228;Y. N'Gbakoto;RWF;72
101229;M. N'Doye;DMF;65
101231;D. Sakho;CF;76
101234;M. Cornet;LWF;76
101236;T. Vion;CF;66
101244;Óscar Whalley;GK;64
101245;J. Hogg;CMF;71
101246;S. Scannell;RWF;68
101247;A. Clayton;DMF;73
101249;D. Ward;CF;70
101251;J. Lolley;RWF;67
101252;N. Wells;CF;72
101265;D. Randolph;GK;76
101267;C. Doyle;GK;70
101288;T. Adeyemi;CMF;70
101292;N. Townsend;GK;60
101295;D. Gray;LWF;75
101301;S. Morison;CF;69
101306;R. Fredericks;RB;69
101308;M. Beevers;CB;70
101309;S. Williams;CMF;70
101312;M. Mills;CB;71
101313;T. Smith;RB;73
101315;J. Lynch;CB;73
101316;A. Lonergan;GK;70
101329;Z. Clough;AMF;70
101334;N. Kanté;CMF;86
101338;J. Lopy;DMF;69
101342;M. N'Dao;RWF;60
101352;R. Wallace;RMF;72
101354;S. Malone;LB;71
101355;T. Heaton;GK;80
101356;D. Ings;CF;76
101357;J. Stanislas;RWF;75
101359;A. Barnes;CF;74
101360;G. Hubert;GK;69
101361;S. Arfield;LMF;75
101364;C. Fiore;LB;69
101369;I. Ezekiel;CF;74
101386;K. Kampl;CMF;81
101391;T. Spurr;LB;68
101394;B. Marshall;RMF;72
101397;C. Taylor;LMF;67
101399;T. Renault;GK;65
101404;B. Youssouf;RB;65
101406;A. Ponroy;CB;64
101408;O. Sidibé;RB;60
101416;M. Ligoule;DMF;67
101418;L. Puyo;LWF;70
101420;Q. Westberg;GK;62
101422;W.louisy-Daniel;CF;64
101431;J. Hergault;RB;67
101435;G. N'Gosso;DMF;72
101440;I. Ech-Chergui;AMF;65
101444;K. Boutaïb;CF;72
101447;G. Belaud;RB;67
101448;G. Méndez;AMF;70
101450;A. Martínez;DMF;68
101455;Otavio;DMF;76
101472;O. Mazuch;CB;73
101476;Branquinho;AMF;69
101485;A. Gonçalves;CMF;70
101487;M. Mimoun;AMF;70
101488;A. Robic;RWF;65
101490;A. Briançon;CB;69
101491;A. Hsissane;DMF;65
101493;M. Robail;LMF;65
101494;P. Bouby;DMF;67
101495;O. Cissokho;LWF;66
101498;B. Poulain;CB;70
101499;J. Cordoval;RB;68
101502;R. Ripart;RWF;61
101504;A. Koura;CF;63
101505;R. Nouri;RWF;66
101506;G. Gallon;GK;55
101507;M. Michel;GK;75
101509;C. Bravo;RWF;68
101518;C. Mahoney;RWF;62
101519;K. Árnason;CB;78
101522;Rui Vieira;GK;57
101527;Giuliano;AMF;79
101531;E. Shakhov;AMF;74
101534;T. Barkhuizen;CF;63
101537;R. Zozulya;CF;72
101544;Gustavo Scarpa;LMF;78
101569;Jordi;GK;67
101574;João Paulo;GK;65
101580;Serginho;LWF;68
101586;S. Byram;RB;73
101587;T. Lees;CB;76
101593;L. Murphy;CMF;68
101603;M. Smith;CF;65
101611;D. Batth;CB;71
101614;L. Clarke;CF;67
101615;T. Partey;DMF;78
101617;Álex Moreno;LB;71
101620;L. Evans;CMF;67
101638;G. Friend;LB;73
101644;H. Dalsgaard;RB;73
101648;N. Thomsen;LMF;72
101649;G. Leadbitter;CMF;70
101653;L. Tomlin;SS;70
101664;M. Carayol;LMF;68
101667;A. Reach;LMF;71
101668;A. Forshaw;CMF;71
101670;B. Gibson;CB;76
101675;A. Jackson;CB;68
101685;André Simões;CMF;73
101686;Filipe Melo;DMF;71
101689;Luís Aurélio;CMF;68
101691;Pires;CF;68
101708;Fabiano;RB;69
101721;W. Hahn;GK;74
101725;R. Gosens;LB;77
101736;S. Cook;CB;77
101737;Jeffry Fortes;DMF;73
101739;H. Dean;CB;72
101743;Alex Muralha;GK;76
101748;Raúl Silva;CB;78
101753;C. Donaldson;CF;70
101755;T. Elphick;CB;72
101758;P. Gladon;CF;70
101760;C. Daniels;LB;76
101761;S. Dallas;LMF;71
101762;G. Augusto;AMF;74
101764;G. Saville;CMF;67
101766;S. Francis;RB;77
101767;A. Judge;AMF;73
101771;A. Smith;RB;77
101777;H. Arter;CMF;76
101779;E. O'Kane;CMF;68
101780;J. Bidwell;LB;68
101781;J. Tarkowski;CB;76
101784;R. Fraser;LWF;76
101785;N. Yennaris;DMF;68
101789;M. Pugh;LWF;71
101795;F. Heerkens;CB;65
101798;D. Wuytens;CB;70
101802;J. Clarke;RMF;65
101803;S. Wuytens;CMF;78
101812;G. Vailati;GK;66
101813;N. Aliji;LB;70
101815;B. de Jong;GK;65
101817;S. Fischer;CB;74
101824;K. Vermeulen;AMF;68
101828;J. Rivierez;RB;68
101833;J. Miño;CMF;64
101834;Tomás;GK;67
101838;L. Jutkiewicz;CF;72
101842;S. Slavchev;DMF;68
101845;F. Helander;CB;72
101846;P. Jansson;CB;76
101848;D. Callà;RMF;71
101849;Mohamed Elneny;DMF;79
101851;Q. Beunardeau;GK;61
101860;Quini;RB;69
101867;E. Johansson;CB;76
101870;R. Olsen;GK;76
101871;E. Rakip;CMF;69
101872;E. Forsberg;LWF;82
101874;P. Cibicki;CF;66
101875;B. Embolo;CF;79
101876;L. Zuffi;DMF;76
101879;A. Chávez;CF;72
101880;J. Koprivec;GK;65
101884;G. Scognamiglio;CB;69
101890;A. Conti;RB;79
101897;M. Sprocati;RMF;64
101898;F. Mazzeo;SS;68
101901;Diego Aguirre;LWF;66
101902;G. Ghazaryan;LWF;68
101904;E. Choutesiotis;GK;66
101909;F. Ardizzone;CMF;63
101910;M. Bani;CB;63
101911;T. Cancellotti;RB;61
101916;G. Fabiano;RWF;64
101918;P. Iemmello;CF;74
101926;D. Russo;GK;65
101928;M. Scavone;AMF;68
101930;G. Statella;RMF;64
101939;Juanpe;CB;70
101940;Iñaki;LB;68
101952;S. Ojeda;CB;64
101953;J. Figal;CB;78
101955;F. Pizzini;LWF;71
101957;L. Miranda;AMF;73
101958;F. Bellocq;DMF;72
101960;M. Pisano;RWF;70
101961;M. Benítez;LWF;76
101967;Saúl;LB;68
101971;M. Zappino;GK;67
101976;M. Ciofani;RB;72
101977;R. Crivello;LB;68
101979;A. Russo;CB;67
101981;D. Altobelli;CMF;64
101983;A. Frara;DMF;67
101985;M. Gori;CMF;71
101989;D. Ciofani;CF;72
101991;L. Paganini;RWF;70
101996;Fede;CMF;68
101999;David Concha;RWF;73
102005;Dorronsoro;GK;65
102008;P. Gibaud;LB;64
102010;A. Măţel;RB;70
102020;Samu;RMF;66
102022;T. Moutinho;RWF;66
102023;N. Pallois;CB;77
102026;Mario Ortiz;DMF;69
102030;E. Mathoho;CB;72
102035;H. Kekana;DMF;67
102036;B. Zungu;CMF;73
102040;T. Zwane;AMF;68
102042;C. Jopia;LB;64
102044;J. Mendes;CF;64
102045;Y. Abdelhamid;CB;70
102046;R. Noir;RWF;70
102051;F. Noguera;CB;70
102052;O. Rivero;CF;73
102055;K. Mbodji;CB;77
102058;A. Barrios;RB;67
102060;S. Rivera;AMF;63
102065;C. Villagra;LWF;64
102067;G. Bettini;RB;73
102077;Sergio Postigo;CB;69
102078;M. Mantovani;CB;77
102081;Nano;LB;72
102088;Luis Ruiz;LB;62
102094;B. Jeannot;CF;72
102097;Eraso;AMF;74
102105;A. Abrashi;DMF;75
102109;M. Dabbur;CF;74
102110;A. Ngamukol;CF;68
102116;Alberto;DMF;74
102121;Antoñito;RB;68
102122;C. Rivieyran;RB;67
102123;Y. Andreu;LB;75
102124;R. Filippi;CB;70
102127;M. Larbi;AMF;72
102130;R. Boujedra;AMF;64
102132;P. Martinez;LB;70
102134;J. Tshibumbu;CF;68
102139;J. Mombris;LB;67
102142;M. Le Marchand;CB;77
102149;A. Dona N'Doh;CF;68
102151;L. Peltier;RB;69
102204;C. Dawson;GK;61
102207;S. Bywater;GK;62
102211;J. Adéoti;CB;76
102212;H. Bazile;LWF;74
102218;M. Benítez;LB;73
102223;L. Bustamante;CMF;70
102225;N. Acevedo;CMF;74
102229;C. Báez;CB;69
102232;L. Villalba;LB;74
102239;M. Dembélé;CMF;65
102246;A. Djiku;RB;75
102259;Tito;DMF;68
102285;A. Mendy;CF;70
102290;Iñaki Williams;RWF;81
102299;A. Cragno;GK;74
102300;S. Minelli;GK;66
102307;F. Rosso;CB;68
102310;R. Lásik;DMF;68
102311;A. Caracciolo;CB;72
102312;Ahmed Benali;AMF;75
102337;Carraça;CMF;67
102339;Munir;GK;68
102344;Wellington C.;LWF;70
102345;A. Paroni;GK;65
102369;S. Moreo;CF;58
102383;M. Diagne;CB;71
102384;I. Amadou;DMF;75
102385;J. Cuffaut;RB;75
102386;T. Badila;LB;70
102387;M. Nakamba;DMF;75
102388;K. Coulibaly;LWF;61
102389;R. Walter;DMF;74
102392;L. Butelle;GK;76
102394;V. Lekhal;DMF;65
102395;R. Saïss;DMF;75
102397;H. Manzala;RMF;65
102398;M. Sao;RWF;66
102403;L. Santelices;GK;62
102413;Manu Barreiro;CF;69
102416;Gerard Gumbau;DMF;73
102417;Granell;CMF;73
102418;Jaime Mata;CF;65
102420;César Soriano;LB;69
102424;F. Ondoa;GK;70
102426;N. Albarracín;AMF;60
102427;Juan Cámara;LWF;69
102437;A. Hohberg;RMF;67
102438;Carlos Abad;GK;63
102440;F. Andone;CF;78
102460;F. Rodríguez;LWF;70
102475;Steven Fortès;CB;69
102476;C. Ben Saada;AMF;70
102481;S. Gigot;CB;62
102483;T. Savanier;AMF;60
102486;S. Kingsley;LB;68
102487;Y. Cardinale;GK;79
102492;N. Hult;LB;74
102496;Iñigo Eguaras;CMF;67
102501;Nelson Lenho;LB;73
102517;Brandon;CF;65
102518;P. Ngawa;RB;66
102520;A. Ajdarević;CMF;74
102522;B. Schmitz;RB;72
102526;M. Sabitzer;AMF;78
102527;Zé Manuel;LWF;69
102533;Kahraba;AMF;73
102534;Nélson Monte;CB;63
102535;Silvério;CB;60
102536;P. Gouano;CB;72
102541;J. Santander;LB;64
102542;M. Bravo;LB;68
102549;V. Lavigne;RWF;67
102554;F. Sollacaro;GK;60
102560;D. Amartey;DMF;75
102561;H. Palacios;RB;73
102563;Léo Matos;RB;74
102566;C. Tosun;CF;76
102569;L. Orejuela;RB;72
102572;L. Grabban;CF;68
102578;S. Benedetti;CB;70
102588;Serantes;GK;74
102610;D. Martínez;RB;69
102611;L. Fernández;CF;74
102619;Roque Mesa;CMF;80
102621;C. Gutiérrez;CB;66
102623;Samu Castillejo;RWF;80
102626;I. Chochev;CMF;72
102629;L. Feeney;RWF;67
102639;P. Frattali;GK;69
102644;A. Arrighini;CF;67
102647;D. Agazzi;CMF;66
102657;I. Donkor;CB;67
102659;F. Piovaccari;CF;68
102663;D. Boldor;CB;68
102672;R. García;CB;67
102677;G. Di Noia;CMF;67
102682;F. Kamano;LWF;79
102689;O. Barreto;RWF;66
102692;C. Wilson;CF;77
102694;F. Diedhiou;CF;74
102695;K. Toko Ekambi;LWF;76
102707;Unai López;AMF;71
102711;Marlos;RWF;81
102712;Sergio León;CF;76
102713;David Querol;CF;65
102719;P. Schick;CF;78
102724;D. Depetris;CF;70
102728;K. Yoda;RWF;68
102730;I. Thelin;CF;73
102736;M. Bălaşa;CB;70
102737;M. Somma;CB;67
102738;L. Mazzitelli;DMF;75
102742;Borja Iglesias;CF;67
102746;M. Le Bihan;CF;75
102749;I. Lewczuk;CB;75
102757;K. Koulibaly;CB;84
102759;D. Rugani;CB;81
102760;L. Tonelli;CB;77
102761;F. Barba;CB;74
102762;L. Martinelli;CB;62
102764;D. Konate;CB;59
102765;E. Hysaj;RB;80
102766;Mário Rui;LB;77
102767;V. Laurini;RB;74
102768;M. Valdifiori;DMF;79
102769;G. van Velzen;RWF;66
102770;F. Signorelli;CMF;68
102771;D. Croce;CMF;74
102774;S. Klaiber;RB;72
102775;M. Pucciarelli;SS;76
102780;S. Rode;DMF;78
102781;L. Steele;GK;71
102782;J. Correa;CF;72
102783;Rafael Costa;AMF;69
102787;R. Dekker;DMF;65
102788;W. Marinus;AMF;70
102791;A. Scifo;RB;69
102792;F. Ciampichetti;CF;68
102796;G. Bosz;CB;68
102797;E. Lieftink;DMF;61
102798;J. Chiarini;GK;71
102805;E. Torregrossa;CF;68
102808;R. van der Meer;LB;74
102818;G. Laborde;CF;76
102824;Lucas Crispim;LWF;66
102826;S. Emmanuello;CMF;65
102827;Ronaldo;DMF;67
102828;J. Fabri;GK;66
102829;J. Requena;AMF;67
102833;Cifuentes;RB;73
102839;B. Aloé;CB;63
102840;M. Lopez;CMF;77
102841;Porsan-Clemente;CF;57
102848;A. Signorini;CB;63
102851;A. Barreca;LB;76
102855;O. Marciano;GK;63
102864;L. Mancuso;SS;55
102873;Pablo Pérez;AMF;69
102879;D. Petković;GK;65
102884;J. Cabrera;RWF;71
102891;R. Murić;RWF;72
102892;T.Wellenreuther;GK;68
102894;D. Avdijaj;SS;70
102901;L. Sané;LMF;83
102907;S. Padt;GK;75
102910;S.Van de Streek;AMF;72
102912;R. Karsdorp;RB;78
102914;C. Leemans;DMF;65
102915;R. Tapia;CMF;73
102916;B. Ould-Chikh;RWF;71
102927;A. Auassar;CMF;76
102928;T. van Weert;CF;72
102929;A. Damen;GK;67
102943;M. Mancienne;CB;71
102945;G. Burgstaller;CF;78
102947;P. Billing;CMF;68
102948;M. Odubajo;RB;72
102949;S. Hogan;CF;72
102950;A. Gray;CF;74
102951;A. Pritchard;AMF;72
102952;D. Cotterill;RMF;71
102953;S. Gleeson;CMF;70
102956;T. Williams;GK;55
102966;M. Orihuela;LB;68
102968;A. Micai;GK;69
102969;N. Dumitru;LWF;63
102971;C. Chimino;RB;74
102972;Carlos Vigaray;RB;72
102975;A. Masina;LB;76
102976;F. Serraiocco;GK;59
102977;I. Geraldino;CF;60
102983;M. Liviero;LB;62
102984;Anuar Tuhami;CMF;61
102985;Juan Muñoz;CF;67
102988;A. Schenetti;CMF;65
102991;S. Gassama;CF;59
102999;J. Añor;AMF;76
103008;Marcos Llorente;DMF;78
103017;N. Fazzi;CMF;66
103026;A. Sabbione;CB;67
103028;E. Lancini;CB;63
103034;K. Lasagna;CF;74
103035;Bruno Varela;GK;74
103036;L. Benito;LB;73
103038;A. Cubas;DMF;73
103043;T. Ebuehi;RB;70
103046;B. Afobe;CF;75
103047;M. Bettinelli;GK;69
103048;L. Verna;CMF;68
103051;G. De Feo;LWF;66
103062;Fábio Martins;LWF;73
103064;Matheus;GK;70
103065;Wallace;CB;76
103066;Danilo Barbosa;DMF;74
103083;D. González;GK;73
103089;E. Hyndman;CMF;64
103101;Filipe Oliveira;AMF;66
103104;Dyego Sousa;CF;73
103112;Edgar Costa;RWF;69
103113;J. Fuenzalida;RWF;76
103116;J. Wildsmith;GK;66
103120;I. Provedel;GK;63
103121;E. Roco;CB;77
103125;E. Goldaniga;CB;74
103126;V. Parigini;RWF;67
103127;F. Belli;RB;57
103128;F. Di Tacchio;DMF;67
103129;D. Evangelista;AMF;55
103130;S. Hraiech;AMF;63
103133;M. Thorsby;CMF;75
103134;M. Macey;GK;70
103136;D. Anderson;RB;64
103140;B. Castro;GK;72
103142;W. Weghorst;CF;74
103143;I. Ssewankambo;RB;67
103144;G. Ward;RMF;69
103145;M. El Allouchi;CMF;60
103147;L. Souchaud;GK;56
103152;Tobias F.;CB;69
103153;R. Gauld;AMF;71
103155;Iuri Medeiros;RWF;75
103156;Wallyson M.;CMF;68
103157;J. Husband;LB;65
103160;G. Gaudino;CMF;72
103166;B. Galloway;LB;70
103167;Pedro;RWF;69
103169;Marwan Mohsen;CF;71
103176;L. Morosini;AMF;72
103181;João Afonso;CB;72
103191;K. Kotsaris;GK;63
103199;R. Bressan;AMF;72
103200;M. Zeegelaar;LB;73
103205;B. Kuipers;LB;70
103206;P. Kimpembe;CB;80
103215;A. Cordaz;GK;71
103219;H. Kamara;CMF;65
103222;Ander Bardaji;GK;67
103225;S. Simič;RB;70
103231;T. Mauricio;SS;65
103236;Borja García;AMF;72
103249;R. Brimah;GK;70
103257;João Teixeira;LMF;70
103258;Jorge Sáenz;CB;69
103268;Diego Carlos;CB;81
103269;A. Esiti;DMF;68
103271;Kuca;LWF;73
103272;L. Castiglia;CMF;64
103279;B. Bialkowski;GK;73
103280;Iago Santos;CB;63
103286;K. Bru;CMF;67
103289;Carlos Delgado;CB;63
103290;Hugo Seco;RWF;68
103291;C. Christie;RB;71
103293;J. Denayer;CB;75
103295;F. Zampano;RB;75
103300;P. Gollini;GK;74
103303;A. Ioniţă;CMF;73
103306;Vasco;AMF;66
103310;L. Cabrera;CB;73
103312;R. Barrios;RB;62
103317;M. Acuña;LMF;79
103319;N. Oroz;AMF;70
103320;J. Rodriguez;CB;73
103325;I. Ordets;CB;74
103339;Vítor Bruno;LB;73
103342;Guedes;CF;73
103352;L. Veldwijk;CF;72
103358;B. Assombalonga;CF;71
103360;J. Grounds;LB;70
103362;G. Hall;CB;72
103363;M. Duffy;CMF;67
103365;F. Marković;RWF;68
103366;T. Blackett;LB;68
103367;N. Radoja;DMF;78
103371;F. Falco;AMF;69
103372;N. Citro;CF;64
103376;C. Lombardi;RWF;69
103393;S. Bastien;CMF;67
103396;R. Kishna;LWF;74
103397;Iván Rodríguez;RB;59
103398;A. El Ghazi;RWF;78
103401;J. de Wijs;CB;74
103402;J. Mceachran;AMF;70
103403;D. Luckassen;DMF;79
103404;M. Ødegaard;AMF;75
103407;M. Aramu;RWF;68
103408;Lucas Vázquez;RWF;77
103411;M. Caldara;CB;80
103419;E. Vidal;SS;62
103420;Marco Asensio;AMF;84
103437;P. Besea;CMF;56
103441;J. Aguirre;LMF;68
103446;T. Casasola;CB;67
103449;J. Cooper;CB;66
103453;Jony;LWF;76
103454;Maikel Mesa;CMF;67
103455;Unai García;CB;66
103456;L. Venuti;RB;69
103457;E. Tellechea;RWF;74
103465;N. Leyes;DMF;73
103470;Rubén Sobrino;CF;69
103476;Robert Ibáñez;RWF;69
103480;A. Salzano;CMF;68
103487;Luismi Sánchez;DMF;69
103489;G. Zampano;RB;66
103491;G. Ferrari;CB;75
103492;B. Martella;LB;74
103499;Álex Vallejo;DMF;65
103500;Borja Fernández;CMF;68
103503;N. Royón;SS;60
103505;Cristo González;SS;68
103506;M. Linnes;LB;73
103510;G. Byers;CMF;53
103511;T. Lawrence;LWF;72
103512;J. Wilson;CF;68
103513;W. Keane;CF;65
103514;M. Keane;CB;80
103519;K. Diks;RB;75
103525;M. Aquino;GK;67
103531;S. Larsson;LWF;78
103535;van Amersfoort;AMF;72
103541;J. Hardeveld;LB;70
103551;J. Andersen;CB;70
103558;D. Payne;RB;64
103560;R. Baas;LB;62
103566;Rui Correia;CB;67
103572;Rafael Defendi;GK;69
103581;Jesús Vallejo;CB;77
103582;L. Boyé;CF;73
103586;J. Devecchi;GK;70
103588;S. Massolo;GK;59
103592;P. Konate;LB;69
103598;F. Grillo;LB;68
103604;Y. Öztekin;RMF;76
103609;Antonio Franco;GK;71
103612;Álex Berenguer;LWF;76
103613;Mikel Merino;DMF;74
103614;Pere Pons;DMF;71
103616;Sebas Coris;LMF;64
103621;David Simón;RB;73
103622;Jesús Valentín;CB;68
103631;E. Cabaco;CB;69
103633;E. Jelenič;LWF;68
103635;Fausto Tienza;CMF;73
103640;M. M'Baye;CMF;70
103643;M. Gatto;LWF;65
103656;Joan Jordán;CMF;69
103658;E. Velázquez;CB;73
103661;Ivi López;CF;74
103662;I. Success;LWF;69
103663;J. O'Connell;CB;66
103667;M. Pinato;LB;63
103677;J. Dompé;RWF;57
103683;C. Bunino;CF;61
103686;N. Barella;CMF;77
103690;Raúl Guti;AMF;56
103692;S. Makienok;CF;69
103693;V. Belon;GK;63
103694;J. Minala;CMF;67
103700;R. Mühren;CF;70
103701;D. Cavaré;RB;71
103703;Abdoul Ba;CB;64
103707;M. Dituro;GK;72
103711;Q. Lecoeuche;LB;58
103717;D. Prieto;GK;62
103721;S. Sparagna;CB;69
103753;Óscar Ruíz;LWF;70
103758;A. Marin;CB;55
103781;G. Costa;AMF;65
103794;B. Cáceres;CMF;70
103815;D. Brašanac;CMF;73
103816;N. Ninković;LWF;74
103819;A. Živković;RWF;78
103820;S. Lukić;DMF;74
103831;M. Fox;LB;67
103845;A. Christensen;CB;80
103851;S. Ichazo;GK;71
103857;F. Torgnascioli;GK;62
103871;B. Webster;CB;69
103875;F. Onyedinma;RMF;66
103878;L. Gregory;CF;68
103886;M. Targett;LB;72
103888;S. Mcqueen;LB;68
103890;M. Aleksandrov;LMF;70
103892;R. Bezjak;CF;70
103893;A. O'Brien;LMF;67
103906;V. De Lucia;GK;63
103910;M. Bagayoko;RB;65
103919;N. Gorosito;CB;66
103925;Marcelinho;AMF;69
103943;S. Chernik;GK;71
103951;S. Baldock;CF;70
103956;A. Cadavid;CB;73
103957;O. Henríquez;CB;74
103970;F. Bonazzoli;CF;68
103979;G. Acampora;CMF;69
103991;A. Agolli;LB;71
103997;A. Polo;RWF;72
104008;D. Iorfa;RB;69
104020;J. Swift;CMF;71
104021;A. Toşca;CB;73
104023;B. San Emeterio;RB;64
104024;I. Latovlevici;LB;72
104044;D. Marsura;LWF;64
104054;Raúl de Tomás;CF;66
104058;M. Crowe;GK;62
104067;H. Hernández;CF;65
104075;J. Flores;LB;66
104091;B. Kamara;GK;68
104092;B. Lenihan;RB;62
104093;H. Belkebla;CMF;64
104095;F. Pacheco;GK;78
104097;L. Valzania;CMF;66
104101;S. Gümüş;RWF;74
104102;F. Diagne;CB;71
104103;F. Ricca;LB;75
104105;Sergio Rico;GK;82
104111;G. Cotugno;RB;62
104114;G. González;RMF;60
104116;C. Mayada;RMF;74
104122;A. Balboa;CF;68
104124;W. Bou;CF;76
104135;E. Boateng;CF;68
104142;Paraiba;RWF;68
104151;B. Mokulu Tembe;CF;73
104158;D. Trajkovski;LB;67
104159;P. Stojanović;RB;71
104160;D. Giorico;CMF;67
104162;C. Keita;LB;68
104170;M. Črnic;LMF;64
104185;L. Cook;CMF;69
104201;S. Marreh;DMF;62
104204;Rúben Neves;DMF;74
104224;S. Sy;GK;69
104225;A. Touré;RB;77
104226;Bernardo Silva;RWF;84
104241;A. Peñaranda;LWF;74
104250;Sergio Herrera;GK;70
104256;G. Pinaud;RB;64
104258;Y. Barbet;CB;70
104259;M. Mahi;LWF;75
104260;K. Peterson;LWF;70
104265;E. Bonifacio;RB;70
104268;I. Rossi;DMF;69
104271;L. Dubois;RB;78
104273;J. Iloki;RWF;74
104277;V. Rongier;DMF;77
104278;Y. Bammou;CF;73
104283;J. Prior;GK;67
104284;D. Sambissa;LB;55
104286;J. Marchioni;CMF;65
104287;T. Touré;LWF;74
104289;J. Lössl;GK;77
104293;F. Anselmo;CF;70
104294;F. Rasmussen;CB;65
104295;J. Bamba;RWF;72
104297;R. Ramírez;GK;69
104306;T. Bishop;CMF;68
104310;Q. Cornette;CF;57
104311;S. Mounié;CF;78
104313;I. Colman;AMF;69
104314;L. Suárez;RWF;65
104319;D. Blanco;AMF;65
104320;L. Orozco;RB;58
104321;L. Vega;CB;68
104323;E. Agüero;CMF;68
104325;L. Contín;CF;60
104336;M. Madri;CF;59
104337;J. Gomez;CB;70
104344;C. Taylor;LB;74
104349;V. Vada;CMF;77
104356;M. González;CMF;71
104365;A. Cinelli;CMF;67
104374;S. Clémence;CF;64
104377;D. Bahamboula;CF;68
104383;G. Kyei;CF;71
104388;A. Touré;DMF;75
104389;Pedro Nuno;AMF;71
104391;R. Aguilar;RB;71
104396;Hicham;RWF;63
104398;A. Kakuba;LB;65
104406;G. Berthier;RMF;66
104407;T. Gomelt;AMF;65
104413;R. Coly;LB;67
104415;David García;CB;71
104417;Kike Barja;RWF;61
104418;C. Lenglet;CB;79
104419;A. Lusamba;AMF;70
104423;A. Busin;RWF;56
104427;F. Fumu Tamuzo;RWF;65
104431;A. Gérard;RMF;70
104434;Kévin Rodrigues;LB;73
104438;Bruno Gaspar;RB;75
104440;G. Sbrissa;CMF;63
104442;A. Bonnet;LMF;69
104443;M. Curado;CB;70
104444;Y. Gómez;CB;73
104454;F. Mattiello;RMF;71
104457;J. Petriccione;DMF;63
104458;Geijo;CF;68
104460;Pol García;CB;65
104461;S. d'Elia;LB;69
104462;S. Allagbé;GK;69
104471;K. Quenum;CB;61
104476;Judivan;RWF;69
104484;Gaspar Panadero;LWF;61
104485;A. Meret;GK;78
104486;Joel;CF;70
104490;Hyoran;AMF;68
104493;Andreas Pereira;AMF;75
104496;Y. Bodiger;DMF;78
104497;Adrián Marín;LB;73
104498;Bruno Paulista;DMF;70
104501;Rodrigo;DMF;71
104502;Hernani;CMF;75
104503;Sidcley;LB;73
104519;J. Martínez;RMF;63
104525;Danilo Barcelos;LB;71
104527;Gerson;AMF;74
104530;Matheus Reis;LB;70
104540;F. Fabra;LB;77
104541;R. Borré;CF;73
104547;Juan Quintero;CB;65
104548;M.De los Santos;CB;68
104594;N. Nández;CMF;75
104612;D. Sánchez;CB;80
104624;B. Cabezas;LWF;67
104629;E. Burgos;CB;73
104635;B. Kuscevic;CB;71
104636;J. Carreño;DMF;68
104647;E. Bailly;CB;82
104649;A. Calabresi;CB;68
104665;G. Andonian;CB;67
104667;C. Yamberé;CB;75
104668;P. Mcnair;DMF;73
104670;J. Mccarthy;CB;64
104673;M. Fares;LWF;68
104674;José Ángel Pozo;CF;69
104675;D. Verde;RWF;75
104677;A. Rüdiger;CB;81
104678;J. Augustin;CF;76
104679;Álvaro Medrán;CMF;73
104680;D. Solanke;CF;72
104681;F. Garcia;CB;64
104683;R. Burke;CB;67
104685;G. Puşcaş;CF;70
104687;Adama Traoré;CMF;75
104688;Y. Koné;LB;66
104689;Sergio Aguza;CMF;66
104693;G. Lloris;CB;71
104697;F. Romagna;CB;66
104699;J. Jankto;CMF;77
104702;L. Baker;CMF;76
104704;E. Audero;GK;72
104706;Pere Milla;LWF;67
104710;Dani Ceballos;CMF;78
104711;K. Nuhu;CB;71
104717;L. Hernández;CB;79
104718;J. Hesketh;AMF;65
104719;S. Luperto;CB;70
104720;Maitland-Niles;CMF;68
104722;R. Loftus-Cheek;AMF;75
104724;J. Onomah;AMF;70
104726;K. Dowell;AMF;68
104727;C. Trueman;GK;62
104734;Q. Menig;LWF;71
104735;S. Bergwijn;LWF;76
104741;A. Blin;DMF;77
104745;S. Amrabat;CMF;75
104746;K. Koubemba;CF;68
104747;António Xavier;LWF;70
104748;Aritz Elustondo;RB;74
104749;A. Kramarić;CF;78
104750;M. Jajalo;DMF;74
104751;M. Coco;RWF;78
104753;Pedro Monteiro;CB;65
104754;J. Kayembe;LWF;74
104766;Roger Guedes;RWF;72
104784;A. Scholz;CB;73
104794;L. Augustinsson;LB;77
104803;T. Arslan;CMF;73
104804;A. Onana;GK;76
104805;N. Olij;GK;70
104808;S. Becker;RWF;74
104813;H. Veerman;CF;70
104825;I. Pomazun;GK;70
104826;C. Strandberg;CF;65
104837;H. ter Avest;RB;76
104844;S. Janko;RB;64
104847;F. Sears;SS;69
104853;M. Odjer;CMF;66
104855;A. Vita;RWF;68
104856;Rubén Duarte;LB;73
104858;Valente;RWF;71
104863;Sergio Marcos;CMF;66
104864;G. Martínez;LMF;80
104865;D. Furlong;RB;63
104871;D. Ndong;CMF;76
104876;A. Oyongo;LB;70
104880;R. Assalé;CF;72
104893;Abdoulay Diaby;CF;69
104900;D. Keet;GK;66
104901;R. Coetzee;CB;65
104906;T. Hlatshwayo;CB;71
104909;T. Mabokgwane;GK;66
104917;M. Yacoubi;CB;65
104931;A. Behich;LB;67
104932;N. Burns;RWF;68
104960;D. Wynne;LB;60
104961;T. Boyd;RWF;62
104995;A. Lila;DMF;71
104998;J. Venegas;RMF;70
105005;D. Brown;CF;68
105014;S. Popov;RB;68
105020;Á. Lang;CB;70
105029;Roberto Firmino;CF;83
105032;H. Riojas;CB;66
105037;P. Flo;LB;68
105046;E. Sabo;CMF;72
105047;A. Nemec;CF;75
105048;J. Novota;GK;70
105049;M. Kozáčik;GK;76
105051;K. Wimmer;CB;78
105053;M. Ozdoev;DMF;73
105056;P. Mandalos;AMF;75
105057;Y. Poulsen;CF;78
105061;J. Pavlenka;GK;75
105067;V. Babacan;GK;77
105073;S. Sydorchuk;CMF;77
105076;K. Mączyński;CMF;74
105079;I. Vargić;GK;72
105080;L. Kalinić;GK;77
105081;M. Lešković;CB;71
105082;H. Milić;LB;75
105083;S. Rudy;DMF;80
105084;J. Hector;LB;81
105087;T. Cardona;CB;71
105088;E. Montagna;LWF;69
105089;E. Ávila;AMF;72
105091;G. Di Renzo;RWF;72
105094;W. Camacho;LMF;75
105095;L. Bareiro;DMF;68
105096;B. Mansilla;LWF;72
105098;A. Batalla;GK;75
105106;J. Galván;CB;76
105109;M. Rivero;AMF;72
105117;J. Laso;CB;69
105120;I. Arboleda;GK;69
105121;E. Remedi;DMF;69
105123;G. Ferracutti;LB;68
105129;C. Guanca;SS;70
105130;G. Villarruel;RMF;73
105131;B. Romero;RMF;70
105136;F. Vismara;DMF;74
105137;L. Villarruel;DMF;73
105140;P. Toranzo;AMF;72
105142;P. Bruna;DMF;70
105144;R. Ábila;CF;74
105145;L. Campana;CF;70
105146;C. Espinoza;RWF;65
105148;F. Mancinelli;CB;74
105149;L. Ardente;GK;73
105150;L. Corti;GK;64
105151;F. Urraburo;GK;62
105152;F. Mattia;CB;72
105153;D. Franco;CB;66
105155;R. Vera;CB;71
105161;M. Covea;LMF;69
105162;N. Pelaitay;CMF;66
105163;L. Martínez;SS;69
105171;F. Crivelli;GK;69
105172;L. de Bortoli;GK;63
105175;G. Aguirre;CB;73
105177;G. Bojanich;CB;66
105179;A. Arregui;DMF;71
105180;F. Brandán;AMF;64
105182;L. Di Lorenzo;CMF;69
105183;I. Boggino;CB;70
105188;A. Sandona;CB;65
105192;E. Brítez;RB;70
105193;S. Zurbriggen;CB;66
105194;M. Martínez;DMF;75
105202;L. Gamba;CF;74
105203;F. Soldano;CF;76
105223;F. Lanzillota;GK;69
105229;D. Lemos;CMF;72
105233;R. Lentini;CF;68
105237;N. Giménez;AMF;68
105243;L. Chávez;GK;67
105251;G. Vera;CMF;70
105254;P. Aguilar;RB;72
105261;M. Fornari;RWF;70
105270;N. Tripichio;RB;67
105272;G. Ferreyra;CMF;71
105274;A. Melo;LMF;69
105276;M. Romero;CF;70
105277;L. Compagnucci;DMF;71
105278;F. Sosa;CF;61
105288;J. Komar;CB;71
105289;G. Vadalá;SS;67
105293;G. Giménez;AMF;75
105297;R. Bentancur;CMF;79
105298;F. Cristaldo;CMF;64
105304;A. Rossi;GK;74
105307;D. Barbona;AMF;73
105309;F. Bonansea;GK;55
105310;S. Giordana;CF;66
105312;G. Alanís;LMF;67
105319;J. Silva;CMF;62
105320;N. Mazzola;CF;70
105322;E. Ramírez;SS;73
105324;L. Godoy;RB;67
105326;J. Amoroso;RWF;71
105331;F. Altamirano;GK;61
105339;L. Pocrnjic;GK;77
105340;I. Silva;CMF;67
105341;F. Fattori;CMF;69
105342;J. Torres;AMF;63
105347;H. Da Campo;RMF;71
105352;Fabio Álvarez;CF;67
105360;N. Araya;GK;55
105364;B. Ampuero;CB;69
105372;M. Herrera;GK;65
105373;G. Lanaro;CB;72
105374;B. Saavedra;LB;67
105375;M. Escudero;CB;72
105376;A. Marquez;DMF;71
105379;I. Ayala;RB;66
105386;F. Ahumada;CF;64
105387;M. López;CB;68
105389;G. Candia;DMF;65
105391;F. Ortega;CF;64
105409;M. Vargas;GK;63
105411;G. Soto;CB;65
105414;C. Lobos;CMF;68
105416;A. Díaz;CMF;64
105446;S. Zúñiga;CMF;64
105454;P. Arredondo;CB;58
105456;A. Moreno;RB;62
105457;D. Fernández;DMF;63
105464;K. Mellado;CF;61
105469;G. Godoy;CB;67
105471;I. Ibáñez;CMF;62
105482;Sergio Santos;CF;66
105505;O. Salinas;AMF;63
105510;F. Cornejo;CB;69
105516;P. Aránguiz;AMF;68
105520;M. Cerda;CB;58
105526;J. Huentelaf;LWF;67
105532;N. Ramírez;CB;69
105539;Y. Leiva;CMF;69
105541;L. Pinilla;RWF;68
105543;B. Taiva;CF;65
105563;B. Carvallo;AMF;67
105570;J. Bizama;CB;67
105578;D. Salazar;LWF;59
105584;F. Hormazabal;LWF;64
105604;E. Garré;LB;67
105614;B. Schmidt;CF;62
105633;C. Pavón;RWF;80
105686;Á. Gonzalez;RMF;71
105748;C. Villagra;LB;73
105808;A. Castro;CMF;74
105978;Y. Ideguchi;CMF;69
105985;R. Doan;RMF;71
106224;F. Martelli;CB;64
106233;Jonathan Cafu;RWF;78
106236;Bruno Gomes;CF;66
106280;Keno;LWF;75
106308;A. Briseño;CB;64
106337;S. Rebagliati;CF;61
106338;J. Ballón;DMF;73
106339;L. Abram;CB;71
106340;L. Da Silva;CF;66
106344;C. González;CB;68
106366;G. Porras;DMF;64
106367;J. Contreras;GK;67
106398;Y. Osorio;CB;69
106403;O. Boscagli;LB;74
106410;A. Iwobi;LMF;76
106411;F. Fielding;GK;68
106413;L. Ayling;RB;75
106414;G. Cunningham;LB;74
106415;A. Flint;CB;72
106416;M. Little;RB;68
106421;M. Pack;CMF;70
106422;L. Freeman;AMF;67
106423;M. Hudson;GK;57
106425;S. Johnstone;GK;69
106428;T. Clarke;CB;74
106429;B. Davies;LB;63
106430;P. Huntington;CB;65
106433;C. Woods;RB;66
106435;A. Browne;DMF;67
106436;J. Brownhill;CMF;65
106441;J. Welsh;CMF;64
106442;J. Garner;CF;70
106443;J. Hugill;CF;71
106444;S. Callamand;GK;63
106447;M. Scannella;GK;59
106448;M. Alphonse;RB;65
106452;A. Faivre;CB;63
106457;F. Ogier;CB;64
106458;F. Perradin;CB;62
106463;P. Dimitriou;LB;62
106467;J. Nirlo;DMF;69
106471;J. Berthomier;CMF;68
106476;P. Sané;CF;70
106478;A. Bouchard;GK;59
106480;V. de Marconnay;GK;64
106487;M. Tahrat;CB;67
106489;H. Lybohy;CB;67
106492;T. Gamiette;DMF;66
106496;B. Traoré;CMF;63
106508;P. Joosten;LWF;70
106511;C. Santos;CF;72
106513;Pedro Trigueira;GK;67
106520;Filipe Chaby;AMF;68
106531;Cláudio Ramos;GK;70
106539;Edu Machado;RB;66
106540;Fabio Pacheco;DMF;68
106541;Bruno Monteiro;CMF;65
106548;Luís Machado;RWF;65
106570;Marciel;CMF;67
106580;Jorge;LB;79
106586;D. Martin;GK;68
106588;T. Flanagan;CB;61
106589;L. Hodson;RB;71
106591;K. Mcfadzean;CB;64
106593;D. Alli;AMF;83
106604;Tomas Bastos;AMF;69
106609;Bruno Henrique;RWF;78
106615;Junior;LB;73
106617;Pedro Rocha;LWF;73
106618;Jhonatan;GK;65
106620;Naldo;DMF;71
106628;Andrei Girotto;CMF;73
106629;Alan Patrick;AMF;73
106631;Rodinei;RB;71
106635;Bernardo;RB;75
106638;M. Galdezani;CMF;72
106644;D. Bergamelli;CB;65
106645;M. Beye;CB;59
106646;L. Dickmann;RB;66
106662;M. Perrotta;CB;65
106671;G. Mancini;CB;70
106676;G. Lapadula;CF;77
106677;P. Gori;GK;64
106678;S. Russo;GK;60
106683;A. Tuia;CB;68
106687;A. Nalini;RWF;68
106724;P. Bernardoni;GK;74
106725;C. Arcus;CB;63
106729;A. Confais;DMF;67
106733;M. Brunelli;GK;59
106735;M. Modolo;CB;62
106738;M. Pugliese;CMF;59
106739;B. Allain;GK;62
106742;J. Ielsch;LB;63
106749;E. Seidou;LB;64
106752;N. Sliti;LWF;73
106753;M. Tall;CF;67
106754;M. Sels;GK;74
106760;Renato Neto;DMF;77
106762;K. Saief;LMF;74
106765;B. Dejaegere;AMF;73
106767;T. Foket;RMF;76
106769;D. Miličević;AMF;72
106771;Nogueira;CB;69
106773;M. Simon;LWF;75
106775;M. Burda;CB;70
106778;V. Tsygankov;RMF;73
106779;D. Harmash;CMF;75
106780;O. Husyev;LWF;72
106782;V. Buyalskyy;CMF;75
106785;A. Kravets;CF;73
106787;D. Caligiuri;RMF;79
106788;B. Dost;CF;80
106800;M. Dahoud;CMF;78
106815;F. de Paul;GK;69
106822;G. Pacheco;CB;62
106832;G. Rivas;CMF;63
106833;D. Vicencio;CB;71
106834;R. Viotti;CMF;64
106838;J. Meneses;RWF;71
106842;F. Saavedra;LB;65
106843;J. Bryan;LB;73
106850;D. Werker;CB;64
106853;H. Faik;CMF;73
106863;H. Jurjus;GK;70
106868;M. Massop;CB;68
106869;R. Pröpper;CB;71
106885;V. Vermeij;CF;69
106889;Alberto Varó;GK;63
106890;Mossa;LB;71
106893;Pablo Marí;CB;66
106894;Gerard Valentín;RB;70
106895;J. Assoubre;RWF;67
106901;David Rocha;CMF;68
106902;Xavi Molina;DMF;69
106912;David Fernández;CB;69
106917;Jon Erice;CMF;70
106920;D. Johannesson;RB;67
106922;C. Rivera;DMF;69
106924;Néstor Susaeta;RMF;71
106925;Lucas Ahijado;RWF;62
106930;Borja Valle;LWF;69
106946;Fali Jiménez;DMF;64
106956;Álex Remiro;GK;70
106957;Unai Simón;GK;64
106958;Yeray Álvarez;CB;79
106960;Urtzi Iriondo;LB;69
106965;Óscar Gil;CB;68
106968;Lekue;RB;76
106974;Mikel Vesga;CMF;71
106975;Sabin Merino;LWF;73
106977;A. Villalibre;CF;68
106981;Carlos Moreno;CB;70
106982;David Morillas;LB;64
106985;Juanjo Camacho;AMF;69
106994;Tyronne;AMF;69
107008;G. Rolando;RB;65
107019;M. Cortesi;CF;64
107021;S. Ganz;CF;70
107031;Jon Garrido;DMF;65
107032;Josete Malagón;CB;67
107039;Juan Villar;RWF;67
107045;Matheus Índio;CF;65
107068;K. Ehizibue;RWF;69
107072;M. Mavraj;CB;75
107073;B. Kukeli;DMF;71
107074;S. Cikalleshi;CF;70
107075;O. Roshi;RWF;71
107076;Alban Hoxha;GK;70
107077;H. Halldórsson;GK;75
107079;Ö. Kristinsson;GK;76
107080;I. Jónsson;GK;74
107081;J. Böðvarsson;CF;71
107082;Ó. Skúlason;DMF;71
107083;V. Kjartansson;CF;71
107084;A. Skúlason;LB;77
107085;J. St. Juste;CB;75
107101;L. Barrios;CF;74
107106;S. Peszko;LWF;72
107137;E. Hovland;CB;69
107142;M. Dúbravka;GK;70
107147;N. Omladič;CMF;62
107193;Jaílson;GK;76
107203;J. Sánchez;AMF;70
107208;F. Novák;LB;69
107209;R. Berič;CF;76
107218;A. Vajushi;LWF;67
107219;S. Marinovic;GK;63
107224;J. Greguš;CMF;74
107231;D. Guzmán;DMF;70
107255;Vitor Hugo;CB;78
107256;Thomaz;AMF;66
107260;C. Kouakou;CF;71
107264;Saad Samir;CB;70
107265;Ali Gabr;CB;70
107271;Tiquinho;CF;78
107281;William Menezes;GK;68
107284;A. Chahechouhe;LWF;77
107297;O. Haddadi;LB;68
107312;E. Dasa;RB;67
107313;L. Manyama;CMF;62
107317;V. García;RB;72
107324;L. Macleod;LMF;67
107325;M. Bakakis;RB;69
107338;R. Zobnin;LMF;75
107345;Hélder Costa;RWF;75
107347;G. Paciência;CF;73
107348;Felipe Alfonso;RB;58
107350;T. Doyle;LB;62
107354;Álex Alegría;CF;75
107383;Charles;GK;71
107385;D. Poloz;CF;74
107391;Omar Perdomo;RWF;68
107400;J. Laporte;CB;63
107402;O. Drame;LWF;71
107410;Éber;CMF;71
107412;B. Verbič;LWF;73
107414;J. Aholou;DMF;66
107424;Gonçalo Silva;CB;70
107425;R. Strieder;DMF;71
107429;G. Gianniotas;RWF;72
107434;Rober Correa;RB;69
107437;M. Rohdén;RMF;75
107439;M. Gakpa;RWF;71
107450;B. Barragán;GK;60
107451;Lucas Torró;DMF;69
107454;D. Ivan;CMF;71
107469;M. Marega;SS;78
107473;E. Nabiullin;LB;74
107479;M. Pjaca;LWF;76
107480;J. Graham;LWF;68
107481;S. Fofana;CMF;79
107491;Pedro López;GK;66
107495;Brian Oliván;LB;66
107496;N. Ammari;AMF;63
107512;Santi Luque;CMF;64
107516;F. Guilbert;RB;76
107517;Dani Romera;CF;69
107534;F. Varela;LB;69
107535;M. Mitrović;CB;75
107541;P. Hrošovský;CMF;75
107548;D. Davydov;CF;65
107553;Martins Pereira;CMF;64
107558;Ó. Cabezas;CB;69
107561;Robson;CB;61
107563;B. Celina;AMF;72
107587;Derik Osede;CB;68
107589;M. Aberhoune;CB;67
107592;D. Saint-Louis;CF;66
107603;Jean Patrick;DMF;70
107609;L. Görtler;CF;70
107612;Trézéguet;CMF;71
107628;Miguel Oliveira;GK;61
107634;Fran Sol;CF;72
107635;K. Hause;CB;70
107639;Gelson Martins;RWF;80
107640;Rubén Yáñez;GK;70
107641;A. Marušić;RB;75
107646;J. Boga;AMF;76
107647;Hugo Basto;CB;70
107654;D. Louiserre;CMF;65
107655;Dénis Duarte;CB;65
107674;Gonçalo Guedes;LWF;77
107678;N. Senzemba;LB;63
107679;O. Kemen;CMF;70
107681;Albian Ajeti;CF;68
107682;A. Krešić;CB;64
107688;Q. Laçi;CMF;62
107691;H. Winks;CMF;75
107696;S. Thioub;CF;61
107698;S. Spierings;CMF;64
107700;Andrés Prieto;GK;67
107703;C. Dilo;GK;56
107710;L. Mousset;CF;65
107712;Jason;RWF;72
107713;E. Skhiri;DMF;75
107714;M. Traore;CF;62
107716;N. Pépé;RWF;76
107717;Daniel Podence;RWF;73
107718;Chico Geraldes;AMF;71
107719;J. Mitchell;GK;66
107722;D. Dakonam;CB;70
107732;J. Ortiz;CF;73
107744;Bassem Morsi;CF;71
107747;A. Madiani;RWF;62
107762;B. Acosta;CMF;65
107768;Javi Jiménez;LB;64
107769;A. Fulgini;DMF;68
107770;K. Boto;LB;54
107771;A. Palazzi;CMF;63
107773;D. Calabria;RB;73
107778;Thiago Maia;DMF;80
107782;A. Tello;CMF;72
107791;Borja Lasso;LWF;74
107796;Y. Namli;AMF;70
107813;T. Valls;LB;61
107819;A. Piu;LWF;67
107826;Bruno Ramires;DMF;67
107829;V. Zinkov;CMF;59
107830;P. Bijen;CB;65
107840;E. Assifuah;CF;68
107854;E. Ünal;CF;74
107856;J. Oosterwijk;CF;61
107858;M. Bana;CMF;60
107862;Miguel Cardoso;RWF;69
107873;André Moreira;GK;73
107880;Gonzalo Melero;AMF;71
107889;F. Mendy;LB;72
107891;I. Mbenza;RMF;67
107895;A. Bobichon;AMF;59
107897;T. Robinet;CF;63
107901;David Soria;GK;76
107904;M. Thiam;CF;62
107906;Angeliño;LB;69
107909;Rochinha;CMF;62
107911;Javier Muñoz;CMF;65
107915;I. De Santis;CB;65
107922;P. Digbeu;RB;64
107924;M. Prévôt;GK;59
107926;J. Hromada;CMF;68
107927;T. Ambrose;CF;60
107929;Alexandre Silva;RWF;69
107930;E. Baldini;LWF;63
107931;L. Kelly;AMF;66
107935;F. Kessié;DMF;79
107937;D. Alampasu;GK;60
107938;C. Lewis;CMF;59
107939;Artur;LB;70
107941;D. van de Beek;CMF;78
107948;M. Coppolaro;CB;67
107949;M. Locatelli;DMF;76
107953;G. Felicioli;LB;69
107954;H. Moukoudi;CB;61
107957;M. Udol;LB;65
107959;J. Kenny;RB;69
107960;D. Machado;LB;74
107961;Samuel Araújo;LB;66
107977;M. Niakhate;LB;61
107978;A. Kamara;CF;70
107980;T. Siebatcheu;CF;73
107985;M. Diakhaby;CB;75
107989;Tropi;CMF;69
107990;Alan Empereur;CB;64
107992;S. Díaz;CF;61
108004;G. Kerk;CF;70
108040;F. Moufi;CB;66
108042;Bruno Santos;RB;69
108043;M. N'Zola;CF;66
108051;Marcão Teixeira;CB;70
108052;I. Cissé;LB;60
108055;M. Rojas;LMF;62
108069;M. Thuram;CF;65
108073;Gamboa;CMF;64
108075;Juan Soriano;GK;65
108079;E. Buendía;RWF;69
108095;T. Walker;CF;64
108096;L. Pellegrini;CMF;80
108109;Y. Mabella;CF;60
108110;V. Marchetti;DMF;76
108114;F. Miguel;CB;61
108117;Domingos Duarte;CB;71
108118;Dani Calvo;CB;64
108129;L. Torreira;DMF;77
108142;Alex;AMF;70
108146;M. Vitale;CMF;67
108151;A. Batisse;DMF;65
108152;S. Sambia;DMF;69
108162;van der Heyden;CMF;62
108163;J. Drommel;GK;68
108165;Jorge Pombo;AMF;62
108169;João Vigário;LB;67
108186;O. Estupiñán;CF;71
108188;Pape Diop;CMF;72
108192;Denis Bouanga;RWF;65
108199;O. Shenton;AMF;64
108200;Gabriel Jesus;CF;83
108202;S. Daham;CMF;62
108206;G. Castrovilli;AMF;65
108215;R. Raveloson;CMF;58
108218;L. Tousart;DMF;77
108225;K. Tsimikas;LB;66
108226;Borja Mayoral;CF;71
108227;G. Marchegiani;GK;61
108233;Diogo Jota;SS;77
108238;Carlos Alves;GK;58
108239;Fabián Ruiz;AMF;75
108242;Andrézinho;AMF;67
108243;O. Burke;RWF;74
108245;André Horta;CMF;72
108250;A. Murgia;CMF;69
108269;N. Abdullahi;RB;71
108270;U. Sadiq;CF;67
108272;Olavide;RWF;62
108274;S. Salcedo;CB;69
108277;Sergio Gil;CMF;63
108279;G. Donnarumma;GK;82
108287;G. Smith;CMF;65
108293;H. Mesbah;CB;59
108298;B. Boutobba;RWF;68
108300;M. Heus;GK;55
108308;S. Brotherton;CB;57
108309;M. Dyer;CMF;63
108310;S. Edera;CF;64
108324;R. Migone;CF;71
108344;J. Williams;CMF;66
108349;D. Bertaud;GK;62
108352;A. Favilli;CF;67
108362;R. Amaral;CF;60
108373;Jokin Ezkieta;GK;63
108380;Alfonso Pedraza;LMF;73
108392;P. Ghiglione;RMF;69
108397;A. Dioussé;DMF;76
108398;B. Ramselaar;AMF;76
108399;K. Soni;AMF;67
108401;S. Pontisso;DMF;67
108402;Zambo Anguissa;DMF;71
108419;S. Palombi;CF;70
108421;Reine-Adelaide;CMF;66
108430;L. Jallow;RWF;67
108432;M. Cassierra;CF;73
108443;J. Bacuna;CMF;65
108444;Matheus Ribeiro;CB;62
108457;F. Rodríguez;CF;60
108466;G. Honeyman;AMF;63
108474;P. Cissé;CB;59
108479;Evandro;LB;65
108482;N. Dalmonte;CF;66
108494;Pedro López;CMF;62
108497;Warleson;GK;55
108500;Pablo Valcarce;RWF;68
108516;Nahuel;CB;55
108522;G. Troupée;RB;73
108523;Hepburn-Murphy;CF;61
108525;J. Cullen;CMF;64
108560;Rodrigo Ramos;RB;67
108566;N. Lemaitre;GK;61
108577;G. Crociata;LMF;64
108582;Adri;CB;66
108589;A. La Gumina;CF;65
108590;R. Paredes;CF;67
108592;J. Kramer;CB;55
108602;Juan Pérez;GK;63
108620;F. Sierralta;CB;69
108637;A. Giacomel;GK;60
108642;J. Tilley;AMF;60
108643;R. Rebolledo;RB;66
108644;N. Delgadillo;LWF;70
108654;José Ivaldo;CB;63
108656;Matheus R.;CMF;70
108657;L. Martínez;CF;77
108658;P. Cuadra;CF;68
108661;J. Vitale;DMF;71
108662;F. de Jong;CMF;74
108663;A. Accardi;CB;66
108664;Diego Alende;CB;64
108669;L. Martínez;CB;74
108685;Antonio Otegui;CMF;64
108692;R. Bensebaini;CB;75
108693;D. Kiki;LB;68
108694;J. Nsamé;CF;68
108695;F. Eboa Eboa;CMF;69
108696;Nélson Semedo;RB;81
108697;R. Mandanda;GK;55
108701;Y. Meïté;LWF;67
108705;J. Amoah;CB;61
108706;Baldé;RB;64
108707;K. Coulibaly;CF;70
108709;K. Iheanacho;CF;75
108713;E. Dabo;DMF;61
108725;B. Pittón;LB;70
108726;M. Pittón;DMF;71
108728;G. Díaz;LWF;72
108730;A. Peralta;CMF;73
108733;J. Benítez;LWF;66
108739;A. Camargo;DMF;70
108742;R. Bella;CB;58
108746;M. Vargas;AMF;71
108751;G. Lo Celso;AMF;77
108752;I. Protti;CF;69
108758;J. Elías;CMF;66
108759;D. Mancini;CMF;65
108760;D. Rodríguez;AMF;68
108762;N. Rizzo;CF;63
108770;M. Guanini;CB;75
108771;H. Tijanovich;CF;60
108772;A. Barboza;CB;77
108781;E. Ozuna;CMF;63
108782;L. Rodríguez;AMF;74
108792;Caíque;GK;67
108794;Gabriel Félix;GK;62
108798;Evandro;CF;70
108804;Rafael Furlan;LB;61
108807;Júnior Moraes;CF;73
108812;Matheus Sávio;AMF;71
108817;Luiz Fernando;DMF;67
108823;João Carlos;GK;70
108826;Jeferson;RB;71
108829;Giovanny;LMF;66
108836;Leandrinho;LWF;69
108838;Breno;CB;71
108839;Lyanco;CB;73
108842;Allano;AMF;62
108855;Sander;LB;68
108863;Charles;CF;75
108865;Matheus Pereira;LWF;71
108866;L. García;CB;67
108867;M. Fernández;RB;69
108875;E. Sanhueza;GK;56
108876;J. Faúndez;RB;57
108879;M. Campos Lopez;CF;66
108880;C. Gutiérrez;LMF;70
108881;G. Suazo;CMF;70
108883;F. Fritz;LWF;65
108884;D. Castillo;GK;60
108885;R. de la Fuente;LMF;63
108887;P. Corral;CMF;61
108889;W. Ponce;CMF;64
108890;D. Gutiérrez;CMF;64
108895;A. Casquete;CMF;71
108902;R. Zambrano;RMF;64
108903;B. Smith;LB;70
108906;D. Bachmann;GK;64
108910;J. Caenepeel;RWF;67
108915;J. Haugaard;GK;69
108917;D. Høegh;CB;66
108924;R. Kent;LWF;60
108925;S. Ojo;LWF;68
108927;O. Aina;RB;70
108928;J.clarke-Salter;CB;70
108930;A. Palmer;GK;60
108931;A. Robinson;LB;64
108934;G. Evans;DMF;67
108935;J. Horsfield;RB;71
108938;M. Cranie;CB;66
108941;B. Reid;AMF;67
108945;J. Wallace;RMF;68
108948;V. Neufville;CB;60
108949;J. Pask;CB;58
108952;O. Borg;LMF;61
108953;M. Browne;AMF;60
108955;G. Diangana;RWF;61
108959;D. Rice;CMF;67
108969;N. Mukiele;CB;72
108973;C. Hérelle;CB;70
108974;J. Bègue;CF;64
108976;C. Dépres;CF;61
108978;A. Maisonnial;GK;70
108979;J. Fuchs;DMF;64
108980;R. Descamps;GK;66
108982;L. Callegari;DMF;70
108983;Y. Demoncy;CMF;65
108984;C. Nkunku;CMF;73
108986;T. Taufflieb;RWF;69
108988;J. Mexique;DMF;70
108991;Z. Machach;CMF;71
108992;A. Dembélé;CMF;66
108993;B. Traoré;CB;62
108994;L. Damour;CMF;68
108995;V. N'Simba;LB;68
109005;J. Kimmich;CMF;83
109009;A. Younes;LWF;80
109010;K. Trapp;GK;81
109019;E. Gertmonas;GK;70
109025;M. Vlap;CMF;69
109029;B. Nieuwkoop;RB;72
109039;B. Kuwas;RWF;76
109040;M. Osman;AMF;61
109044;L. Koopmans;GK;71
109045;V. Janssen;CF;76
109046;D. Johnsen;LWF;69
109047;M. Samuelsen;LWF;65
109055;Hélder Tavares;AMF;68
109057;Raphael Guzzo;CMF;68
109058;Nuno Santos;LWF;73
109060;Nuno Pinto;LB;72
109065;M. Kerzhakov;GK;69
109071;Chirivella;CMF;70
109072;Jordi Calavera;RB;71
109076;Joselu;CF;74
109079;Burgui;LWF;75
109080;Pablo Maffeo;RB;74
109081;Manu García;AMF;71
109086;Ángel Galván;GK;56
109094;Steve One;CB;60
109101;Aleix García;DMF;71
109106;Marcelo Djaló;CB;67
109108;Nico Hidalgo;RWF;64
109115;Alberto Guitián;CB;66
109118;Sergi Guardiola;AMF;63
109121;Rubén Alcaraz;CMF;65
109122;Simon Gustafson;AMF;71
109123;V. Lindelöf;CB;81
109124;M. Akanji;CB;72
109126;N. Elvedi;CB;75
109128;H. Wilson;RWF;65
109131;L. Thompson;DMF;66
109135;A. Pelagotti;GK;65
109137;R. Krunić;CMF;75
109138;F. Maouassa;LB;67
109140;T. Darikwa;RB;73
109144;B. Radunović;GK;67
109147;J. Parraguez;CF;68
109154;C. Dell'Orco;LB;68
109158;M. Fedele;CMF;68
109161;K. Wilczek;CF;71
109162;D. Soto;RB;62
109169;K. Medel;DMF;64
109180;Matheus Cassini;SS;68
109182;T. Agyepong;RWF;64
109184;J. Espinoza;CMF;63
109186;M. Sandoval;CMF;65
109201;S. Clucas;LMF;75
109205;F. Le Joncour;CB;72
109206;J. Leborgne;RB;72
109211;R. Macek;RMF;66
109212;L. Clemenza;SS;63
109213;I. Radu;GK;66
109217;Pedro Pereira;RB;71
109219;J. Lelieveld;RB;62
109220;A. Diawara;DMF;80
109222;F. Tchenkoua;RWF;62
109224;L. Soares;LB;65
109226;F. Centonze;LMF;62
109232;A. Tameze;DMF;68
109234;Ivi;RWF;63
109237;A. Desmas;GK;57
109242;L. Mocio;GK;70
109243;F. Aye;CF;57
109248;E. Capradossi;CB;73
109251;Pepín;DMF;66
109252;M. Pessina;CMF;64
109253;P. Cutrone;CF;73
109258;Alexis Araujo;AMF;63
109260;H. Diallo;CF;60
109262;C. Djim;RWF;60
109263;M. Zaccagni;CMF;65
109264;J. Knudsen;LB;69
109265;C. Jullien;CB;77
109266;P. Lees Melou;AMF;75
109270;C. Lattanzio;CF;60
109274;Dalbert E.;LB;80
109307;R. Brežančić;LB;69
109308;Somália;RMF;75
109310;D. Cvetinović;CB;69
109312;Marco Baixinho;CB;73
109313;F. Doré;CF;72
109322;Samuel Sáiz;SS;72
109323;Tiago Mesquita;RB;69
109324;P. Sagna;RB;69
109327;J. Vachoux;GK;64
109329;H. Maguire;CB;79
109332;Nenê Bonilha;CMF;65
109336;João Góis;RB;69
109339;Costinha;CMF;70
109343;André Silva;CF;79
109344;M. Havekotte;GK;62
109345;Rúben Semedo;CB;75
109350;João Novais;AMF;64
109351;H. Traoré;RB;74
109352;Amilton;RWF;69
109354;Mario Barco;CF;66
109356;Miguel Vieira;CB;61
109358;M. Sissako;CF;63
109360;P. Staikos;CMF;66
109361;M. Gajić;RB;74
109365;A. Azbague;LWF;59
109375;S. M. Savić;CMF;80
109380;Tiago Sá;GK;68
109386;Y.Ait Bennasser;CMF;76
109389;Rodrigo Pinho;CF;69
109393;Alan Schons;DMF;68
109396;N. Julan;CF;66
109402;L. Blas;RMF;61
109404;Gian Martins;CMF;69
109406;S. Evangelou;CB;66
109412;E. Hackman;CB;62
109422;Hamdou Elhouni;RWF;60
109425;R. Sáez;LB;66
109432;F. Raicevic;CF;70
109438;V. Mogos;RB;59
109439;M. Rigione;CB;64
109440;P. Bartolomei;CMF;64
109441;S. Calvano;CMF;61
109444;D. Mignanelli;LB;68
109448;S. Di Carmine;CF;72
109455;F. Furlan;RMF;69
109460;R. Melgrati;GK;62
109461;F. Berra;RB;63
109470;A. Montalto;CF;65
109474;D. Biraschi;CB;70
109496;L. Andrenacci;GK;60
109499;J. Dall'Oglio;DMF;65
109508;A. Lukanović;CF;64
109515;M. Festa;GK;65
109517;M. Firenze;SS;60
109523;K. Larsen;CB;71
109532;Nuno Da Costa;CF;68
109534;V. Černý;RWF;74
109536;S. Yohou;CB;62
109540;João Palhinha;DMF;74
109542;A. Kalulu;CF;70
109546;E. Kwateng;RB;71
109548;M. François;CMF;62
109551;D. Fry;CB;67
109554;R. Manaj;CF;72
109559;A. Da Cruz;LWF;64
109560;M. Holgate;CB;73
109563;L. Coulibaly;CMF;69
109564;I. Sissoko;DMF;59
109567;J. van der Lely;RB;70
109568;J. Grot;CF;64
109571;R. Holding;CB;75
109572;Y. Yeboah;RWF;69
109579;A. Disasi;CB;61
109580;Bruno Vianna;CB;69
109581;R. Escobar;CMF;62
109583;B. Campos;CMF;64
109585;M. Kenlock;LB;67
109587;B. Jackson;LMF;58
109588;B. Enobakhare;CF;65
109590;Taylor;RB;66
109592;S. van Looy;CB;68
109594;A. Araos;AMF;63
109609;G. Celis;DMF;71
109743;B. Riveros;LB;70
109772;É. Flores;LWF;72
109775;F. Carballo;CMF;67
109846;M. Gómez;CF;74
109849;M. Olivera;CB;58
109854;M. Saracchi;LB;69
109858;N. Loyola;LB;72
109869;P. Álvarez;GK;65
109872;P. Estupiñán;LB;59
109887;R. Piris;CMF;67
109906;C. Goldson;CB;71
109907;G. Pezzella;LB;71
109911;E. Krafth;RB;73
109917;A. Teikeu;CB;70
109919;D. Poha;CMF;71
109932;Vitor Bueno;AMF;77
109933;Matheus P.;GK;62
109934;Douglas;DMF;74
109938;Lucas;GK;62
109941;A. Deiola;CMF;69
109943;S. Sensi;DMF;76
109947;J. Lerma;DMF;72
109955;Iñigo Córdoba;LWF;68
109958;Nando García;RWF;71
109960;M. Ávila;CMF;59
109963;Germán Sánchez;CB;69
109966;Antonio Puertas;SS;61
109968;Javito;CF;58
109972;Jorge Miramón;CMF;67
109973;A. Szymanowski;LWF;78
109975;F. Guerrero;RWF;67
109981;C. Bonnín;CB;67
109982;M. Pučko;LWF;70
109985;Litri;LB;72
109988;A. Campillo;RWF;67
109989;Álvaro Lemos;RWF;69
109991;Marc Mateu;RWF;70
109992;Nacho;LWF;67
109994;Josep Señé;RWF;70
109996;M. Sylla;CF;70
109997;Mario Hermoso;LB;72
109998;Ángel García;LB;61
110000;Isaac Carcelén;RB;67
110001;Javi Noblejas;LB;61
110005;Patrick;RB;72
110011;J. Mišić;CMF;62
110013;Coronado;AMF;72
110051;A. Issoko;RWF;70
110054;L. Gooch;RWF;65
110063;Thiago Santos;DMF;74
110066;Bruno Ferreira;RB;66
110073;C. Taylor;RWF;64
110074;M. Pennington;CB;73
110075;H. Toffolo;LB;68
110076;M. Butcher;DMF;62
110079;B. Chilwell;LB;70
110083;G. Larsonneur;GK;56
110084;B. Konaté;DMF;58
110093;F. Costa;LMF;71
110097;L. Marson;GK;63
110103;A. Viscovo;GK;60
110106;E. Hansson;AMF;57
110108;M. Stryjek;GK;58
110130;A. Santamaría;CB;70
110154;E. Bello;AMF;60
110161;J. Balza;CF;60
110211;R. Lucena;AMF;69
110223;M. Trauco;LB;74
110238;M. Velarde;LMF;67
110255;M. Lemos;CMF;66
110259;J. Báez;LWF;66
110266;Y. Thoelen;GK;64
110278;Clayson;LWF;72
110291;A. Diomande;CF;76
110292;Sergi Canós;RWF;68
110293;R. Woods;DMF;73
110300;A. Mengoni;CB;65
110301;M. Mustacchio;RWF;66
110303;A. Budimir;CF;71
110306;B. Addae;DMF;65
110309;C. Pelagatti;CB;64
110310;I. Lanni;GK;66
110312;L. Maniero;GK;62
110313;M. Frediani;LWF;65
110314;D. Cinaglia;CB;67
110315;Gustavo Hebling;CMF;67
110319;G. Carpani;DMF;68
110329;L. Zanon;LB;64
110331;F. Bandinelli;AMF;64
110351;I. Azzaoui;RWF;64
110356;K. Phillips;CMF;68
110362;Léo;LB;70
110364;H. Toledo;LWF;78
110368;N. Temperini;GK;56
110370;A. Rodríguez;CF;60
110371;A. Panyukov;CF;65
110373;F. Selemani;RB;64
110376;A. Olliero;GK;71
110378;Claudinho;RWF;69
110379;V. Mantovani;CB;59
110380;Toni Suárez;AMF;68
110394;Lucas Perri;GK;63
110406;J. Leko;RWF;66
110408;F. Henríquez;LMF;71
110409;J. Vivas;CMF;62
110415;E. Rolón;CMF;71
110420;M. Noble;LMF;73
110425;Jamiro;CMF;65
110431;R. Yaremchuk;CF;71
110434;Julen López;CB;67
110439;Pablo Fornals;CMF;77
110440;Hugo Eyre;GK;62
110451;A. Ndom;CMF;62
110456;M. Seck;LB;68
110458;K. Paal;LB;74
110460;K. Amian;RB;70
110461;M. Cafaro;AMF;65
110462;Asencio;CF;62
110467;E. Soleri;CF;67
110472;F. Krovinović;AMF;74
110474;B. Manosalva;GK;62
110476;B. Cufré;LB;69
110478;B. Rivero;CMF;60
110483;A. Ounas;AMF;73
110484;J. Gelin;CB;58
110485;N. Janvier;CMF;70
110487;Dani Hernández;GK;61
110488;A. Santopadre;GK;58
110491;T. Rodríguez;RMF;59
110492;A. Fontana;CF;59
110495;S. Colombatto;DMF;67
110500;B. Gyamfi;RB;68
110508;N. Zanellato;CMF;63
110518;Y. Urra;GK;65
110520;G. Montiel;CB;66
110523;C. Ninga;CF;74
110525;A. Alégué;LWF;71
110526;J. Gnagnon;CB;78
110533;Víctor López;CMF;58
110539;L. Algozino;RMF;63
110541;M. Bruintjes;CB;64
110547;K. N'Doram;RMF;71
110549;L. Vido;SS;69
110551;H. Burgoyne;GK;62
110552;Mateus Vital;CMF;72
110555;A. Tuanzebe;CB;69
110557;I. Bennacer;CMF;67
110558;A. Cuadra;CMF;68
110571;Gil Dias;RWF;75
110573;N. Mbemba;DMF;62
110576;L. García;GK;64
110577;O. Idrissi;RWF;73
110578;Renato Sanches;CMF;80
110580;José Arnáiz;LWF;62
110582;A.Cantalapiedra;LWF;63
110585;K. Sanson;CMF;63
110586;T. Ouwejan;LB;71
110596;Mikel Oyarzabal;LWF;81
110597;B. Blasi;CB;63
110598;N. Andereggen;CF;63
110599;A. Lookman;LWF;73
110600;A. Soto;LB;75
110603;L. Mosevich;CB;65
110605;R. Jensen;CMF;64
110606;L. Olivera;LB;69
110607;K. Sibille;CB;68
110608;E. Palacios;CMF;69
110612;L. Perdomo;CMF;71
110614;T. Pochettino;CMF;72
110626;O. Dembélé;LWF;82
110627;João Miguel;GK;71
110633;Javier Galán;LWF;64
110635;Rafa Mir;RWF;64
110638;M. Rashford;CF;80
110640;J. Boizart;GK;61
110644;Raphinha;LWF;70
110645;I. Diop;CB;78
110646;Javi Ontiveros;RWF;70
110648;R. del Castillo;AMF;65
110649;C. d'Urso;CMF;66
110650;B. Djimsiti;CB;69
110651;A. Rrahmani;CB;68
110652;A. Sadiku;CF;70
110654;T. Koubek;GK;72
110656;M. Škoda;CF;74
110657;Á. Nagy;DMF;76
110659;C. Budescu;AMF;73
110661;O. Lewicki;DMF;72
110667;M. Mikulić;GK;59
110669;F. Benković;CB;72
110674;A. Ćorić;AMF;72
110675;M. Rog;AMF;78
110676;A. Hodžić;CF;73
110679;T. Adarabioyo;CB;64
110681;Lucas Verissimo;CB;72
110685;C. Traoré;LB;66
110687;J. Makengo;CMF;70
110689;Pierre-Gabriel;RB;70
110692;A. Long;GK;59
110696;A. Lafont;GK;78
110698;Peacock-Farrell;GK;64
110709;M. Tumminello;CF;68
110715;K. Vásquez;CB;66
110718;K. Mbappé;CF;82
110719;Q. Braat;GK;70
110727;Rober;CB;72
110728;Óscar Pinchi;CMF;68
110729;Nacho Gil;LMF;66
110730;Álvaro Tejero;LB;71
110732;Marc Navarro;RB;73
110737;Diego González;CB;70
110738;Curro Sánchez;RWF;70
110747;M. Ngombo;CF;61
110755;Josema Sánchez;CB;63
110756;J. Fernández;CMF;59
110761;P. Hatzidiakos;CB;70
110768;Ľ. Tupta;CF;63
110773;G. Paquiez;RB;61
110774;Carter-Vickers;CB;67
110777;R. Rodríguez;RWF;62
110784;J. Koundé;CB;58
110787;João Lucas;LB;69
110801;G. Perrin;CF;71
110802;Yago Picachu;RMF;71
110804;Q. Boisgard;AMF;63
110806;N. Bizet;CF;57
110809;M. van Bergen;RWF;59
110812;D. Sow;CMF;69
110815;Rodri Hernández;DMF;77
110817;Kilian Grant;RWF;67
110824;A. Gravillon;CB;59
110825;X. Emmers;CMF;61
110832;D. Salina;CMF;61
110834;P. Magnín;CF;64
110837;A. Besedin;CF;71
110838;A. Sørloth;CF;73
110848;N. Bandiera;CF;72
110849;F. Cissé;CB;59
110851;Sergio Akieme;LB;61
110852;S. Peña;AMF;72
110860;F. Cobos;LB;72
110861;L. Sosa;CB;69
110866;Richarlison;LWF;75
110867;F. Silva;AMF;74
110869;Á. Benítez;LB;68
110890;R. Martínez;GK;65
110892;G. Maroni;AMF;69
110897;Moises;LB;69
110898;B. Sigurðarson;CF;72
110899;D. Morris;CB;56
110900;A. Gojak;AMF;70
110901;E. Çekiçi;LWF;64
110902;Daniel Olmo;RWF;67
110904;Ruben Lima;LB;67
110916;Lucas França;GK;69
110920;C. Willock;LWF;66
110921;K. Stewart;DMF;70
110923;C. Masterson;CB;65
110925;M. Grujić;CMF;71
110929;V. Sanè;CB;65
110938;Salles Lamonge;AMF;60
110939;J. Da Costa;RB;60
110941;O. Verdon;CMF;70
110947;D. James;LWF;61
110949;H. Lópes;CB;65
110950;D. Torres;AMF;71
110951;M. Orlando;CF;65
110955;G. Aburjania;CMF;69
110956;O. Kragl;LMF;69
110958;Toni Lato;LB;71
110959;A. Fransson;DMF;73
110966;S. Bertoli;GK;72
110968;W. Andrade;CB;68
110969;L. Geminiani;RB;74
110972;L. Márquez;LB;69
110973;M. Minetti;CB;68
110977;L. Comas;SS;70
110979;M. Garrido;AMF;74
110980;M. Guzmán;CMF;70
110984;T. Spinelli;DMF;67
110987;J. Díaz Ayala;GK;68
110988;C. Lucchetti;GK;73
110989;B. Bianchi;CB;75
110990;A. Montiel;CB;66
110991;N. Romat;RB;74
110992;F. Sbuttoni;CB;71
110993;G. Acosta;CMF;73
110994;F. Grahl;CMF;70
110995;G. Iturrieta;CMF;67
110999;D. Valdez;CMF;66
111001;F. Zampedri;CF;74
111005;Maurício;DMF;75
111007;M. Lugo;LMF;65
111021;B. Pearson;CMF;66
111023;G. Carabajal;AMF;72
111024;J. Molina;CF;63
111026;A. Zeneli;RWF;76
111028;R. Aliendro;RMF;70
111030;D. Imperiale;CMF;62
111032;R. Steffen;LMF;76
111033;L. Garcia;LWF;72
111035;D. Caddy;CF;70
111038;F. Costas;GK;65
111040;B. Merlini;LMF;71
111041;M. Sánchez;AMF;69
111045;J. Weir;CMF;72
111049;N. Balogh;CF;69
111053;R. Marchizza;CB;70
111062;C. Moya;DMF;69
111066;R. de Ciancio;CMF;63
111067;G. Rojas;LB;71
111068;L. Montoya;LB;70
111070;R. Tapia;CB;73
111072;N. Reniero;CF;68
111073;M. Senesi;CB;70
111076;C. Bravo;LB;67
111081;M. Parada;RWF;67
111082;S. Cordero;RB;61
111092;Ponck;CB;69
111096;N. Molina;RB;65
111097;P. Silva;LB;68
111100;A. Messidoro;AMF;66
111103;D. Schmidt;CB;67
111104;A. Bouzat;LWF;72
111112;J. Victoria;CF;61
111115;D. Dumić;CB;76
111116;J. Wollacott;GK;58
111117;M. Ingram;GK;65
111118;C. Washington;CF;69
111121;H. Campbell;GK;58
111126;N. Pierini;RWF;64
111130;J. Bijlow;GK;71
111131;Z. El Azzouzi;CF;68
111133;Rafa;LB;70
111134;Francisco Ramos;CMF;73
111138;R. Freuler;CMF;77
111142;K. Rimane;CB;70
111145;K. Erasmus;CF;70
111147;F. Escales;GK;60
111148;M. Adamonis;GK;60
111149;J. Simpson;CB;58
111150;N. Kocik;GK;59
111158;S. Monaco;CB;69
111161;J. Posavec;GK;73
111163;S. Thesker;CB;74
111166;Rodrigo Alves;RB;70
111168;C. Awaziem;CB;70
111169;Pité;LB;70
111172;O. Vlachodimos;GK;74
111173;A. Tahar;CMF;64
111174;M. Škriniar;CB;79
111175;F. Depaoli;CMF;66
111188;Everton Luiz;DMF;69
111189;N. Mihajlović;LWF;65
111194;E. Gnahoré;CMF;67
111195;Miguel;CMF;63
111200;Maycon;CMF;72
111203;N. Silva;LWF;68
111206;F. Quintana;CF;73
111207;Gabriel;CB;65
111212;Lucas Fernandes;RWF;68
111213;M. Miazga;CB;72
111214;R. Moreira;CB;67
111219;C. Valenzuela;CF;65
111220;F. Belluschi;CMF;80
111221;G. Baldock;RB;67
111222;A. El Khayati;LWF;73
111225;O. Niasse;CF;76
111226;S. Taşçi;CB;76
111227;O. Selnæs;CMF;77
111242;Jorginho;RWF;69
111246;N. Korzun;DMF;71
111250;C. Adjapong;RB;72
111252;T. Hernández;LB;80
111256;P. Asmah;LB;62
111257;E. Ndoj;CMF;64
111259;N. Falasco;LB;66
111266;D. Nikolaou;CB;60
111270;E. De Santis;RB;64
111271;A. Balić;CMF;73
111272;A. Confente;GK;63
111277;K. Davis;CF;65
111280;C. Romero;CB;72
111282;D. Zabala;RMF;69
111285;D. Batallini;RMF;72
111286;M. García;CMF;66
111287;F. Mac Allister;CMF;61
111288;F. Barboza;AMF;69
111289;S. Riquelme;CF;61
111293;F. Banega;CMF;70
111294;J. Pereyra;CMF;71
111295;F. Cambeses;GK;57
111298;F. Colela;CMF;64
111301;L. Gómez;CMF;59
111309;I. Chicco;GK;60
111321;B. Cascini;DMF;67
111322;N. Talpone;CMF;65
111323;L. Merolla;CB;63
111330;G. Rehak;GK;67
111334;M. Barbieri;CB;70
111336;L. Chiappero;GK;58
111338;D. Ibáñez;DMF;66
111341;Ibán Salvador;RWF;67
111342;Carles Aleñà;CMF;73
111343;M. Díaz;CF;76
111349;H. Belkaroui;CB;75
111351;D. Love;RB;72
111352;M. Peano;GK;59
111353;S. Lebus;CMF;62
111354;M. Pereira Lage;AMF;60
111356;Felipe Vizeu;CF;73
111361;H. Fértoli;CF;67
111388;Neris;CB;68
111399;Raniel;SS;70
111408;Pedro;CMF;65
111415;O. Carabalí;GK;60
111420;F. Troyansky;CF;69
111421;Juninho;CMF;64
111422;Raphael Veiga;CMF;69
111424;Diogo Verdasca;CB;72
111426;Pedro Marques;CB;60
111430;V. Jovanović;CB;71
111438;D. van Bruggen;CB;72
111439;D. Bove;LB;58
111442;G. Satalino;GK;60
111446;D. Browne;CF;62
111448;Jon Bautista;CF;69
111449;A. Green;LWF;63
111451;Joel Castro;GK;69
111452;T. Fosu-Mensah;CB;75
111453;M. Juárez;CMF;66
111455;Léo Duarte;CB;66
111456;K. Mac Allister;RB;68
111458;M. Velazco;GK;64
111462;Evander;LWF;70
111473;Lucas Fernandes;AMF;71
111478;A. Dozzell;AMF;64
111482;Asumah;RWF;61
111484;R. Orsolini;RWF;72
111491;M. Di Paola;CMF;60
111800;Rúben Dias;CB;70
111803;Graça;CMF;71
111804;Lucas Paquetá;AMF;66
111807;Caio Monteiro;CMF;65
111808;Dodô;RB;67
111814;V. Henry;LWF;60
111815;P. Magnon;RMF;59
111819;Aguilera;CMF;70
111827;M. López;CB;62
111830;R. Guerra;DMF;63
111831;Pablo Larrea;CMF;62
111832;Pedro Martínez;CMF;63
111835;Roberto Olabe;CMF;61
111836;Mario González;LWF;61
111839;Dani Raba;CF;58
111842;N. Giani;CB;72
111844;A. Beghetto;LMF;72
111847;M. Castagnetti;DMF;67
111850;M. Finotto;CF;69
111852;M. Lazzari;RMF;73
111853;L. Mora;CMF;72
111857;G. Zigoni;CF;72
111860;F. Lucioni;CB;68
111864;E. Padella;CB;64
111865;E. Pezzi;LB;67
111868;A. Ciciretti;RWF;77
111869;L. Del Pinto;CMF;65
111874;K. Cissé;CF;65
111879;Sergio García;GK;64
111883;Iván González;CB;66
111888;Borja Domínguez;CMF;68
111909;H. Choudhury;DMF;66
111911;D. Mccrory;LB;64
111915;L. Akins;RWF;62
111933;Unai Elgezabal;CB;63
111935;Carlos Pomares;LB;64
111937;Haritz Albisua;CMF;64
111943;Á. Quintanilla;CB;65
111946;E. Alfonso;GK;63
111949;A. Benedetti;LB;66
111951;M. Varnier;CB;61
111953;M. Iori;DMF;68
111954;A. Salvi;RB;65
111958;J. Gamonal;GK;68
111961;J. Soto;RB;68
111962;J. Vidal;CB;64
111963;Y. Aguila;LB;64
111964;J. Aros;RB;68
111967;S. Díaz;DMF;67
111969;B. Llanos;CMF;63
111970;F. Piña;RWF;69
111972;Y. Sepúlveda;CMF;61
111976;R. Kortsmit;GK;66
111978;K. Dougall;DMF;63
111979;S. Floranus;RB;65
111982;I. Alhaft;AMF;62
111984;L. Brogno;RWF;67
111986;D. Dumfries;RB;72
111995;T. Verhaar;RWF;67
112000;Rafael Assis;DMF;73
112001;João Patrão;AMF;65
112004;Perdigão;RWF;71
112012;K.walker-Peters;RB;73
112014;J. Corvalán;CF;60
112015;Carlos Soler;CMF;77
112019;R. Mierez;CF;63
112022;A. Ndiaye;CF;74
112026;A. Quiñones;CMF;65
112031;S. Camara;CB;61
112037;Pablo Cacharrón;GK;59
112050;A. Mbengue;LMF;73
112052;Badou N'Diaye;CMF;78
112061;N. Maksimović;CMF;69
112062;A. Golovin;AMF;77
112069;K. Tierney;LB;75
112072;F. Tănase;LWF;71
112076;M. Malyshev;DMF;71
112079;V. Kovalenko;AMF;75
112080;I. Petryak;LMF;70
112083;A. Çalik;CB;76
112084;C. Söyüncü;CB;74
112085;Y. Malli;AMF;78
112088;M. Makola;AMF;61
112093;M. Pazdan;CB;77
112094;B. Kapustka;RMF;70
112095;M. Samardžić;CB;72
112096;N. Skubic;RB;67
112098;M. Zajc;AMF;68
112104;C. Pulisic;RWF;80
112106;T. Bradshaw;CF;70
112153;W. Fariñez;GK;73
112154;M. Villanueva;CB;74
112156;S. Ingason;CB;74
112157;A. Traustason;LWF;77
112173;R. Miller;CB;66
112178;H. Aleesami;LB;73
112194;L. Boyce;CF;67
112212;A. Dante;CB;62
112218;Y. Bissouma;CMF;71
112229;K. N'Guessan;LB;64
112247;J. El Yamiq;CB;61
112262;A. Rufer;AMF;64
112283;O. Etebo;LWF;71
112307;B. Bese;RB;70
112321;D. Goresh;GK;55
112323;O. Davidzada;LB;59
112324;B. Bitton;RB;60
112334;H. Lozano;LWF;80
112351;A. Gersbach;LB;67
112352;J. Risdon;RB;70
112355;C. Comara;CB;72
112366;S. N'Guessan;CMF;73
112377;A. Schöpf;RMF;77
112380;P. Ofosu-Ayeh;RB;70
112382;Essam El Hadary;GK;73
112387;Ramadan Sobhi;LMF;73
112389;T. Petsos;DMF;71
112391;V. Bozhikov;LB;60
112393;A. Nedyalkov;LB;61
112395;S. Delev;LWF;68
112398;K. Koffi;GK;71
112409;M. Djetei;CB;70
112414;F. Boya;CMF;70
112417;M. Ngamaleu;RMF;69
112420;S. Siani;DMF;72
112432;R. Durmisi;LB;77
112433;J. Vestergaard;CB;79
112434;R. Matarrita;LB;72
112435;A. Miranda;RB;72
112443;M. Vrančić;CMF;76
112446;K. Palmer;AMF;72
112451;T. Podstawski;DMF;67
112453;T. Nijhuis;GK;71
112455;L. Germoni;LB;70
112457;T. Oude Kotte;CB;59
112458;Igor Zubeldía;CMF;67
112460;S. Miangue;LB;71
112462;Joca;RWF;72
112465;D. van Crooij;GK;61
112468;E. Korkmaz;CB;63
112469;J. Promes;CB;64
112470;M. Rutten;RB;63
112472;G. Nijholt;CMF;65
112473;D. Post;CMF;66
112476;L. Bezzat;LWF;61
112478;T. Hunte;LWF;65
112480;J. Opoku;AMF;65
112482;R. Seuntjens;CF;68
112484;V. van Crooij;LWF;67
112503;Dani Rodríguez;CMF;67
112508;Y. Salmier;CB;64
112509;E. Seka;CB;69
112512;J. Grimm;DMF;69
112514;I. Sacko;AMF;64
112516;D. Liénard;AMF;69
112519;Alfonso Herrero;GK;60
112524;Fran Rodríguez;RB;64
112528;Aleix Febas;CMF;65
112533;Álvaro Jiménez;RWF;62
112534;Edgar Badía;GK;70
112538;Alberto Benito;RB;67
112542;Ángel Martínez;LB;65
112544;Eliseu Cassamá;RB;63
112545;Fran Carbià;LWF;67
112547;Ramón Folch;CMF;70
112550;David Haro;RWF;66
112560;Nono;LWF;62
112568;A. Sporle;LB;70
112571;J. Worrall;CB;65
112572;C. Connolly;RB;69
112573;T. Davies;CMF;76
112574;T. Watson;RB;61
112576;S. Alakouch;RB;58
112579;G. Meli;GK;58
112581;S. Parlati;CMF;62
112583;N. Milenković;CB;68
112584;M. Ferrini;CB;69
112593;S. Grandsir;RWF;67
112597;A. Rossi;CF;58
112606;A. Maldonado;CB;65
112607;N. Leguizamón;CF;70
112608;Chuca;CMF;61
112646;C. Buonaiuto;RWF;66
112650;F. Orlando;RWF;67
112667;J. Abrigo;CF;63
112671;R. Tarifeño;CF;61
112702;M. Falzerano;RWF;62
112703;M. Proietti;DMF;63
112715;G. Di Chiara;LB;69
112716;G. Loiacono;CB;64
112717;C. Agnelli;CMF;63
112725;R. Floriano;LWF;66
112727;C. Henriques;GK;64
112728;L. Agbenyenu;LB;69
112732;Lucas;CB;67
112733;Jadson;CB;66
112736;Ewerton;CMF;68
112737;Fabricio;AMF;66
112738;Dener;CMF;64
112739;Marcel Pereira;DMF;67
112742;Theo Japa;AMF;63
112778;S. Iocolano;LWF;68
112782;R. Bocalon;CF;66
112789;Churripi;GK;66
112790;Samuel Pérez;GK;56
112791;José Amo;CB;69
112792;David Carmona;RB;59
112793;José Martínez;CB;59
112794;José Matos;LB;60
112796;Y. Eteki;CMF;70
112798;Juan Jesús;CMF;64
112806;R. Henry;LB;68
112822;B. Meijers;CB;64
112833;J. López Baila;RWF;66
112840;A. El Hriti;LWF;62
112842;Y. M'Changama;CMF;58
112843;J. Mendy;LB;61
112853;J. Archer;GK;68
112854;H. Girling;GK;60
112855;C. Mbulu;CB;61
112857;M. Romeo;RB;66
112861;B. Thompson;CMF;64
112863;M. Bleve;GK;63
112865;R. Alcibiade;CB;65
112885;M. Ricci;CMF;68
112888;N. Fernández;AMF;60
112896;F. Cassata;CMF;69
112898;T. Field;LB;64
112900;Y. N'Diaye;CMF;60
112907;S. Field;CMF;65
112921;M. Lovera;CF;71
112926;J. Chicco;DMF;66
112928;T. Sandoval;SS;65
112932;R. Vieira Nan;CMF;69
112935;F. Afonso;RB;59
112940;Á. Odriozola;RB;76
112943;G. Lanzetta;GK;54
112947;S. Darby;RB;69
112952;J. Meredith;LB;69
112956;Filipe Morais;RWF;66
112962;A. Davies;GK;67
112963;J. Walton;GK;52
112965;A. Mawson;CB;76
112966;M. Roberts;CB;73
112970;J. Bree;RB;64
112973;C. Hourihane;CMF;75
112977;J. Scowen;CMF;65
112978;M. Watkins;RWF;69
112980;A. Fletcher;CF;66
112985;Alberto C.;GK;73
112988;A. Hernández;CB;72
112991;Salvi;RMF;70
112996;Pichu Atienza;CB;69
112998;Yeray González;CMF;67
113004;Álex Gallar;LWF;68
113034;A. Araujo;LWF;60
113038;F. Juárez;CMF;63
113039;E. Reynoso;AMF;72
113040;N. Bustos;CF;62
113041;V. Ramis;RWF;71
113042;N. Solís;LWF;63
113064;L. Strizzolo;CF;64
113065;F. Tomori;CB;67
113066;T. Abraham;CF;74
113073;L. Lacunza;RB;58
113081;G. Escobar;LB;56
113085;M. Hauptmeijer;GK;57
113087;Fábio China;LB;67
113125;F. N'Goma;CMF;65
113126;R. Armand;CF;66
113127;A. Gomis;CF;63
113158;Icaro;CB;65
113160;Diogo Almeida;RB;59
113162;Sérgio Barge;RB;67
113168;Platiny;CF;68
113195;K. Bonifazi;CB;74
113224;F. Aksoy;CB;71
113234;A. Gordyushenko;CMF;70
113236;F. Chalov;CF;71
113240;D. Cools;RB;67
113241;B. Mechele;CB;73
113244;H. Vanaken;AMF;75
113247;Wesley;CF;66
113248;J. Izquierdo;LWF;79
113252;Saulo;GK;67
113256;A. Marques;CB;66
113258;Nando Carandina;DMF;66
113261;Misael;LWF;70
113265;B. Sosa;LB;66
113271;N. Moro;AMF;67
113272;K. Muhar;DMF;60
113283;A. Nübel;GK;67
113284;T. Kehrer;CB;76
113285;J. Geis;DMF;78
113286;M. Meyer;AMF;78
113289;J. Stankovič;CB;65
113293;C. Zimmermann;CB;71
113294;M. Leitner;CMF;73
113296;J. Weigl;DMF;82
113302;T. Zwarthoed;GK;65
113310;F. Di Nolfo;LWF;62
113312;Sidão;GK;73
113317;N. Herranz;CB;65
113326;A. Cardozo;CMF;57
113328;Andoni López;CB;54
113329;L. Maciel;CMF;61
113333;Viti Rozada;CF;62
113334;C. Kabasele;CB;76
113335;M. Stępiński;CF;77
113337;P. Carlgren;GK;72
113339;E. Mor;RWF;75
113340;O. Zinchenko;AMF;74
113341;Lucão;GK;63
113344;A. Volker;CB;58
113345;P. Sánchez;CMF;60
113350;R. Adiceam;GK;59
113351;K. Adénon;CB;65
113354;J. Lefort;CB;60
113355;E. Bourgaud;RMF;60
113356;O. El Hajjam;RB;62
113357;G. Fofana;CMF;58
113364;Tchê Tchê;CMF;76
113379;Luiz Araujo;SS;73
113380;Felipe Araruna;CMF;66
113403;L. Karius;GK;80
113405;T. Arnold;RB;71
113406;O. Ejaria;AMF;67
113409;B. Woodburn;LWF;70
113410;S. Dioudis;GK;65
113415;C. Maxwell;GK;69
113418;K. Seguel;CMF;64
113419;G. Rojas;CF;63
113425;G. Moncur;AMF;66
113426;A. Yiadom;RB;73
113428;S. Chacón;RMF;61
113429;C. Trejos;GK;58
113430;F. Quiroz;RWF;66
113432;S. Perez;GK;59
113434;L. Salas;CF;64
113436;J. Leiva;LWF;68
113438;R. Bayard;AMF;64
113441;E. Mendy;GK;64
113443;V. Rosier;RB;61
113446;John;GK;60
113455;Léo Coelho;CB;65
113460;Yuri Oliveira;DMF;68
113464;Orinho;LB;66
113478;Vitinho;AMF;65
113487;Jorge Fellipe;CB;62
113490;Nicolas V.;CMF;57
113495;S. Martelli;CMF;60
113497;I. Escobar;LB;70
113500;J. Menéndez;RWF;65
113501;M. Pavlović;CB;69
113502;Y. Wissa;CF;63
113503;L. Ajorque;CF;62
113506;J. Giraudon;CB;69
113510;L. Solís;RMF;65
113513;Z. Ferhat;RMF;68
113525;Éder Militão;CB;71
113532;Shaylon;AMF;65
113548;C. Rodríguez;CB;70
113549;N. López;CMF;61
113550;J. P. Charles;LB;61
113551;B. Dibassy;LB;71
113553;Y. Mamilonne;CF;63
113554;D. Lamkel Ze;RWF;63
113560;G. Gudiño;RMF;74
113563;M. Borgnino;RWF;68
113565;M. González;CMF;66
113568;C. Bernardi;RMF;71
113569;J. Coleman;GK;58
113570;C. Schindler;CB;75
113573;E. Kachunga;CF;71
113574;D. Bentley;GK;70
113577;Léo Príncipe;RB;68
113579;Léo Santos;CB;68
113590;Luan Peres;CB;68
113592;A. Zoubir;LMF;69
113596;D. Livaković;GK;72
113597;F. Andrijašević;CMF;73
113599;G. Heinry;AMF;65
113600;S. Chéré;CMF;63
113601;Q. Martin;RB;62
113603;A. Webster;CB;70
113604;Toni Martínez;CF;64
113623;L. Quezada;LB;63
113634;I. Montenegro;CF;63
113635;A. Escobar;CMF;60
113650;M. Chemin;CB;65
113652;M. Volpe;CF;61
113653;M. Pajač;AMF;67
113654;I. Nestorovski;CF;76
113656;D. Schahin;CF;68
113657;Sergi González;LB;62
113661;P. Sandler;CB;68
113662;B. Drągowski;GK;72
113663;M. Elyounoussi;LMF;77
113664;A. La Mantia;CF;65
113665;T. Alarcón;CB;61
113671;Sergio González;CB;60
113676;C. Goodwin;LWF;66
113678;A. Bakayoko;RWF;59
113679;A. Pinamonti;CF;62
113680;T. Krapikas;GK;58
113690;B. Kalaica;CB;67
113697;D. Diaw;CF;61
113703;W.Van der Steen;GK;63
113704;J. Bruijn;DMF;62
113707;K. Dolberg;CF;79
113708;T. David;RB;61
113712;J. Helmer;AMF;62
113713;Gorka Giralt;GK;60
113714;Toño;GK;67
113723;S. Leuko;RB;64
113728;Nuno Tomás;CB;65
113735;E. Benedettini;GK;60
113743;A. Paleari;GK;57
113749;E. Guerrero;CB;65
113750;I. Ocampo;CMF;60
113757;F. Nicastro;RWF;68
113758;G. Mastinu;RWF;66
113760;Luis Milla;CMF;68
113761;Talocha;LB;65
113770;N. Siega;LWF;66
113776;D. Bisoli;DMF;68
113778;R. González;CF;64
113779;Emanuel Novo;GK;62
113787;K. Kristinsson;CMF;66
113789;K. Bua;RMF;68
113793;A. Gilardi;GK;58
113794;F. Eguelfi;LB;62
113795;F. Castellano;CMF;64
113796;C. Morra;CF;63
113804;J. Havlena;CMF;61
113805;T. Meissner;CB;67
113806;F. Friday;CF;73
113808;Moreira;GK;71
113809;Thierry Graça;GK;60
113810;Thiago Cardoso;CB;64
113811;Joel;RB;68
113822;G. Maggiore;CMF;66
113831;B. Leiva;CF;62
113836;J. Romo;CMF;64
113839;C. O'Dowda;LMF;67
113840;I. Gómez;DMF;60
113842;A. Bernede;CMF;64
113843;J. Ikoné;LWF;67
113844;O. Mandanda;GK;57
113845;K. Fortuné;CF;68
113854;N. Femia;CMF;65
113855;N. Briasco;CF;70
113860;T. Campanini;CB;63
113863;A. Gunn;GK;65
113868;M. Leiva;CF;63
113871;G. Amiot;CB;67
113872;R. Oudin;LWF;68
113883;M. Moreno;RWF;73
113889;M. Cabit;LB;66
113890;G. Banaziak;GK;61
113891;B. Diakité;CMF;68
113895;M. Hefele;CB;70
113896;C. Löwe;LB;73
113899;R. Senhadji;CB;61
113900;J. Ruiz;CMF;64
113901;L. Badiashile;GK;62
113903;M. Diallo;LWF;62
113905;J. Duverne;CB;67
113906;E. Ebosse;CB;59
113907;J. Bellegarde;CMF;63
113908;M. Chouiar;CF;62
113909;A. Caci;CMF;60
113911;F. Valverde;CMF;71
113912;Ricardo Janota;GK;64
113914;Murilo;LWF;65
113918;Luís Rocha;CB;67
113920;João Tavares;CMF;59
113925;M. Del Favero;GK;63
113926;L. Loria;GK;61
113929;Pol Lirola;RB;76
113933;Pedro Pinto;CB;63
113935;João Amaral;SS;72
113936;João Pinho;GK;62
113938;Pedrinho M.;AMF;72
113940;Welthon;CF;73
113941;F. Di Mariano;LWF;60
113947;L. Rosić;CB;70
113950;Jean Cleber;DMF;68
113951;Pedro Rebocho;LB;69
113953;Neto;AMF;68
113956;Álex Carbonell;CMF;67
113957;Jesús Alfaro;RWF;61
113959;L. Zidane;GK;63
113960;A. Hakimi;RB;71
113962;I. Lara;CB;66
113963;A. Bifulco;RWF;65
113967;D. Jensen;GK;74
113968;Juan Moreno;RMF;60
113972;T. van de Berg;DMF;60
113973;R. Niemeijer;CMF;72
113974;G. Agbaljan;CMF;59
113975;T. Trybull;DMF;65
113976;D. Rigo;CMF;63
113977;R. Lundqvist;AMF;61
113979;C. Kouamé;CF;60
113983;I. Tapia;CB;65
113986;M. Edwards;RWF;66
113989;W. Miller;AMF;62
113990;A. Pucheta;CB;62
113991;R. Romero;CMF;56
113992;M. Morales;CB;58
113993;M. Briceño;RWF;68
113995;Matheus O.;CMF;64
113998;Cascardo;CB;56
113999;Y. Diouf;GK;62
114002;R. Guitane;AMF;59
114003;A. Gory;RWF;62
114009;D. Bronn;CB;66
114013;H. Mendyl;LB;58
114015;L. Mothiba;CF;58
114016;M. Terrier;LWF;66
114017;Domingos Quina;AMF;62
114018;J. Cogley;RB;64
114020;A. Edun;LB;62
114021;R. Sessegnon;LB;70
114029;M. Cash;RMF;65
114036;J. Maddison;AMF;66
114040;J. Andrada;DMF;67
114042;A. Macdonald;CB;70
114050;C. Ramírez;CMF;60
114052;I. Santini;CF;74
114053;T. Ndombèlé;CMF;74
114055;O. Kakay;RB;58
114057;J. Brunetta;SS;74
114059;S. Lomónaco;CF;59
114060;A. Sosa;CB;62
114061;M. López;CF;60
114064;H. Aouar;CMF;65
114070;E. Embleton;CMF;58
114071;J. Asoro;CF;65
114075;G. Sarria;CMF;59
114076;C. Gutiérrez;CF;60
114077;D. Haspolat;AMF;58
114079;T. Riksman;RB;59
114080;S. Memišević;CB;66
114085;F. Jensen;AMF;71
114086;D. George;RWF;61
114089;D. Warmerdam;CMF;73
114091;A. Romagnoli;GK;61
114092;M. Fabrie;GK;59
114093;D. Duarte;CMF;58
114098;R. Ache;CF;68
114101;J. Untersee;RB;68
114102;J. Bekkema;GK;64
114103;J. Oosterlen;LB;60
114104;K. Pierie;CB;58
114105;M. de Ligt;CB;75
114110;G. Til;CMF;70
114111;P. Sisto;RWF;77
114116;A. Corasaniti;GK;57
114117;G. Caccin;CMF;63
114118;L. Maniero;AMF;63
114119;G. Fasolo;CF;60
114129;S. Omeonga;CMF;66
114145;L. Fernández;CF;63
114147;Che Adams;CF;70
114150;L. de la Torre;RMF;63
114152;W. Bracamonte;LWF;60
114153;J. Smith;GK;67
114155;A. O'Neill;CMF;64
114159;J. Thorniley;CB;57
114166;V. Rüfli;RB;71
114177;Y. Karamoh;RWF;71
114179;T. Vialla;CF;59
114180;I. Conté;CB;60
114181;M. Mara;LWF;68
114186;J. Bowen;SS;68
114188;P. N'Guinda;RB;61
114190;Rúben Vinagre;LB;67
114191;A. Harit;AMF;78
114192;A. Sissako;DMF;62
114194;A. Diakhaby;LWF;75
114195;P. Burner;RB;65
114196;M. Sarr;CB;77
114197;V. Marcel;RWF;64
114198;N. Basin;LB;65
114199;G. Hein;RWF;62
114200;A. Larriere;CMF;63
114201;I. Sarr;LWF;73
114202;V. Selimovic;CB;60
114204;V. Thill;AMF;62
114206;I. Sangaré;CMF;65
114210;M. Fintić;CMF;59
114211;B. Morris;CF;62
114212;T. Denton;LB;64
114216;S. Gustafson;CMF;70
114225;Aarón Martín;LB;76
114226;Marc Roca;CMF;74
114227;N. Hengelman;GK;57
114228;David Bruno;RB;67
114232;S. Lo Faso;SS;66
114235;F. Chiesa;RMF;76
114237;U. Yuvakuran;GK;60
114238;Y. En-Nesyri;CF;70
114239;Manu Morlanes;CMF;60
114240;A. Plizzari;GK;64
114241;André Pedrosa;CMF;61
114243;Benny;RWF;60
114251;M. Iliadis;GK;55
114255;F. Del Sole;RWF;62
114268;Marcos Valente;CB;66
114269;O. Kakabadze;RB;65
114273;Flavio;CB;66
114278;Juan Rodríguez;CB;62
114279;Pedro Díaz;RMF;62
114286;Luis Pérez;RB;69
114287;K. Sankaré;CB;65
114288;Aitor García;LMF;66
114290;Bastos;CB;76
114293;Jair Amador;CB;70
114297;Santi Comesaña;AMF;65
114298;Fran Beltrán;CMF;66
114299;Alejandro Pozo;AMF;64
114305;B. Tekpetey;RWF;65
114306;Rafa Navarro;RB;73
114307;José Carlos;CB;67
114308;M. El Hankouri;AMF;64
114310;Imanol García;CMF;61
114311;V. Angban;DMF;69
114314;Koke;GK;61
114316;David Mayoral;LMF;64
114317;Álvaro Ratón;GK;66
114319;Alberto Zapater;DMF;71
114325;I. Morales;CF;65
114328;Gabrielzinho;CF;59
114330;J. Rikemberg;AMF;58
114331;L. Robertone;CMF;56
114333;David Neres;RWF;76
114334;E. Purita;RMF;61
114341;M. Lucero;AMF;58
114345;Yan;CMF;56
114350;S. Ambri;CF;58
114353;J. Bolado;GK;54
114354;F. Barcelo;CF;69
114356;B. Provoste;AMF;63
114364;A. Coscia;CF;58
114366;F. Bustos;RB;74
114367;J. Cañete;CF;62
114369;E. Ortiz;CB;52
114370;N. Thaller;CB;54
114371;G. Villar;GK;54
114374;R. Cabalucci;LWF;62
114375;S. Llambay;CMF;56
114379;A. Nordin;LWF;68
114381;J. Foyth;CB;70
114390;O. N'Dicka;CB;55
114392;Jean;DMF;71
114394;M. Sylla;CB;56
114397;G. Beghin;CMF;63
114398;E. Fernandes;AMF;71
114399;E. Robson;CMF;59
114401;E. Brignola;SS;59
114402;C. Capone;CF;64
114403;Iván Villar;GK;65
114405;J. Alcenat;RB;66
114412;M. García;LWF;73
114413;J. Pleguezuelo;CB;62
114416;M. Perri;LB;57
114418;G. Volpicelli;DMF;55
114420;José Perales;GK;62
114421;Dani Ojeda;CF;64
114426;J. Croux;RWF;67
114433;M. Curto;CB;61
114437;O. Atzili;RWF;67
114440;Luiz Felipe;CB;59
114443;N. Dussenne;CB;67
114452;L. Lacroix;CB;73
114456;Cristian López;CF;69
114457;D. Lukebakio;LMF;67
114463;M. Ndjoli;CF;61
114464;Karim Hafez;LB;66
114465;D. Perić;CB;66
114466;I. Fiolić;AMF;69
114470;E. Şen;DMF;73
114471;D. Coppola;GK;59
114477;Navas;RB;62
114479;Jesús Sillero;CF;59
114480;F. Ravaglia;GK;62
114481;D. Sosa;LMF;70
114487;Dani Lasure;LB;61
114489;Álex Zalaya;CB;59
114491;Adrián Diéguez;CB;69
114494;Y. Marillat;GK;60
114496;I. Ochoa;RWF;63
114502;M. Araai;AMF;61
114503;M. Poaty;CB;60
114504;Thallyson;CMF;63
114508;A. Belaroussi;CF;57
114521;J. Sbarra;CMF;58
114522;T. Galdames;CB;63
114525;A. Guendouz;GK;60
114526;Claude Maurice;LWF;63
114530;A. Dzabana;CF;62
114533;C. Michelin;RB;69
114535;A. Traorè;RWF;63
114536;L. Crosta;GK;67
114538;M. Sepúlveda;DMF;61
114539;Markel Areitio;GK;58
114540;L. Faye;LB;60
114542;M. Mori;GK;57
114548;M. Meneses;CF;58
114551;K. Khosonov;DMF;61
114552;K. Kuchaev;AMF;57
114555;T.Zhamaletdinov;CF;59
114558;S. Lammers;CF;65
114560;Artur Jorge;CB;69
114563;L. Riveros;CF;61
114565;A. Whiteman;GK;60
114566;Brahim Diaz;AMF;65
114568;J. Dasilva;DMF;64
114574;N. Hamalainen;LB;57
114576;A. Nanizayamo;CF;62
114577;J. Mateta;CF;66
114578;L. Fomba;CMF;58
114583;J. Maja;CF;61
114589;A. Touba;LB;61
114591;S. Cáseres;CMF;69
114604;O. Wijndal;LB;63
114605;M. Hongla;CB;58
114612;Pablo Vázquez;CB;60
114613;José Mena;AMF;62
114614;A. Guarnone;GK;56
114622;Bolaños;CMF;60
114624;M. Kean;CF;70
114625;Alberto Quiles;CF;60
114627;C. Stengs;RWF;64
114628;Fernando Calero;CB;61
114630;T. Vlietinck;RWF;59
114633;I. Rozas;RWF;69
114635;G. Gómez;GK;67
114637;F. Zaracho;RMF;69
114638;M. Guendouzi;CMF;60
114639;P. Hamel;CF;62
114640;Q. Bena;CF;60
114641;F. Ballo;LB;64
114647;Arthur Gomes;RWF;65
114653;C. Operi;LB;65
114655;L. Grossi;CB;60
114657;Luis Muñoz;CB;61
114659;Y. van Osch;GK;61
114662;A. Bastoni;CB;65
114663;D.calvert-Lewin;SS;75
114664;J. Iritier;AMF;69
114670;S. Guddo;GK;60
114674;L. Rivas;AMF;64
114675;N. Zalazar;CB;67
114678;C. Eiting;DMF;69
114679;P. Clement;RWF;69
114680;P. Rosario;CMF;70
114683;Xeka;CMF;68
114687;R. ten Hove;GK;63
114688;C. Grandón;CMF;59
114691;E. Balcombe;GK;62
114698;Marc Gual;CF;73
114701;Óscar Melendo;CMF;66
114708;O. Okwonkwo;LWF;68
114714;G. Borello;RWF;62
114715;C. Villanueva;CMF;63
114719;F. Medina;LB;69
114721;J. Pendant;LB;63
114723;G. Mantuan;CMF;67
114727;H. Madrid;CB;62
114730;L. Ureta;GK;56
114737;J. Sims;RWF;67
114741;Mateus Norton;CB;67
114750;Z. Youssouf;AMF;67
114751;Rayco Rodríguez;CMF;61
114753;F. Melegoni;DMF;67
114755;F. Fonseca;RB;61
114757;Rui Sousa;CF;70
114758;Marc Cardona;CF;67
114765;S. Kiyine;AMF;65
114766;Emanuel Vignato;RWF;61
114767;Esteve Monterde;CMF;63
114781;S. Štefanec;AMF;63
114784;A. Candela;RB;59
114790;N. Baeza;CMF;63
114791;D. Ohlsson;CB;61
114792;B. Mirelis;CB;65
114794;Y. Maziz;CMF;62
114796;C. Rutjens;CB;61
114797;A. Donnarumma;CMF;64
114798;C. O'Keeffe;RB;59
114803;Carvalho;CMF;64
114804;T. Da Silva;CB;64
114808;P. Foden;CMF;67
114815;G. Castro;CF;63
114819;A. Marfaing;GK;61
114835;D. Frattesi;CMF;63
114844;Álex Mula;LMF;71
114845;J. Kluivert;RWF;75
114846;A. Aktas;CMF;64
114847;B. Lasme;CMF;62
114851;H. Mahou;CF;60
114853;R. Perraud;LMF;66
114855;H. Barnes;AMF;63
114856;G. Konan;LB;74
114861;Yuri Ribeiro;LB;65
114862;R. Harper;AMF;62
114863;M. Algañaraz;CB;64
114864;M. Calazans;SS;67
114865;T. Attis;CF;63
114868;F. Diabaté;AMF;62
114876;A. Wan-Bissaka;RMF;62
114877;N. Diallo;LB;63
114878;J. Lea Siliki;LMF;64
114879;Gustavo Quezada;RMF;61
114880;B. Kamara;CB;68
114884;Renato;CB;59
114892;C. Stewart;CMF;66
114894;Javi Jiménez;CB;63
114897;M. Palombo;GK;57
114898;I. Aaneba;CB;62
114900;D. Horgan;RMF;71
114903;Luca Pellegrini;LB;63
114906;E. Eze;CF;58
114907;R. Manning;CMF;58
114909;N. Zaniolo;CMF;57
114910;Pau Torres;CB;58
114913;P. Pellegri;CF;68
114916;E. Horvath;GK;69
114917;Bruno Perone;CB;68
114922;B. Sissoko;CMF;62
114924;Davidson;RMF;64
114926;Reginaldo;CB;69
114927;M. Alessandro;SS;64
114929;L. Vallier;LB;64
114930;H. Benkaid;CF;60
114933;M. Camara;CB;60
114935;M. Gibbs-White;CMF;60
114937;L. Kelly;LB;61
114941;B. Passi;CB;62
114945;J. Cejas;AMF;61
114947;Y. Merdji;CF;65
114948;C. Mepham;CB;60
114952;V. Pollet;AMF;61
114957;M. Patterson;CF;63
114961;W. Ndidi;DMF;79
114967;Imanol Sarriegi;CMF;64
114968;K. Bare;AMF;62
114971;M. Harris;RWF;62
114974;J. Calor;CMF;62
114975;I. Konaté;CB;62
114976;A. Malle;RMF;61
114978;K. Rocha Santos;AMF;64
114983;Mozo;CMF;64
114984;B. Brereton;CF;66
114986;H. Asmelash;RB;65
114987;Raí Nascimento;SS;64
114989;van Den Bogert;CB;63
114992;C. Quaner;CF;70
114993;Raul Prata;RB;72
114995;F. Maracchi;CMF;63
114996;L. Owona;CB;59
114998;G. Terrani;LWF;65
114999;K. Moore;CF;64
115001;Benito Ramírez;CMF;60
115010;F. Brignani;CB;61
115017;G. Frabotta;LB;63
115020;A. Franco;CB;69
115022;Erik Expósito;CF;64
115023;G. Togni;LWF;66
115024;G. Asis;RB;61
115028;T. Nydam;CMF;61
115029;Martín;LB;62
115030;M. Luna;CF;65
115032;A. Cadili;CB;60
115034;F. Forte;CF;66
115038;F. Rossi;GK;65
115039;Marcio;CB;73
115043;Eli;CF;66
115044;F. Venegas;CB;60
115049;Frazan;CB;67
115051;O. Gnjatić;DMF;65
115055;M. Cerofolini;GK;58
115061;Murilo C.;CB;72
115062;Nonoca;DMF;65
115065;H. Herrera;AMF;66
115067;A. Aguirre;CB;67
115074;S. Muratore;CMF;63
115077;L. Pokorný;CB;71
115078;K. Dolly;LMF;73
115079;A. Isak;CF;70
115081;V. Kravets;LB;63
115086;G. Poluzzi;GK;57
115087;G. Risso;LB;66
115088;T. Cuello;RMF;60
115092;Zizo;CMF;63
115093;A. Abedzadeh;GK;63
115098;A. Buongiorno;CB;61
115101;R. Iuliano;GK;57
115108;R. Bidounga;RB;59
115109;T. Edwards;RB;61
115111;E. Valderrama;CMF;63
115112;A. Hjulsager;AMF;68
115117;G. Scamacca;CF;67
115121;V. Méndez;CMF;64
115122;N. Morales;CMF;61
115128;Matheus Anjos;AMF;66
115132;A. Hrustic;AMF;66
115134;Antonio Moya;AMF;62
115143;R. Petretta;LB;62
115147;L. Šimić;CB;64
115148;M. Tomič;RMF;62
115149;M. Ali;DMF;66
115150;J. Valencia;AMF;65
115151;M. Taylor;CF;70
115152;W. Faes;CB;69
115153;I. Rako;CMF;65
115156;I. Sangaré;CMF;62
115157;João Carvalho;RMF;74
115158;André Sousa;CMF;62
115160;T. Ephestion;DMF;64
115163;D. Borsellini;GK;56
115165;R. Hedges;RMF;61
115169;Rafael Barbosa;AMF;63
115170;Rafael Broetto;GK;64
115179;Wendel;CMF;60
115182;O. Velanas;CMF;66
115183;N. Venema;CF;64
115184;S. Ghidotti;GK;56
115187;A. Tessiore;CMF;60
115194;F. Otero;SS;72
115195;B. Etcheverria;RB;66
115196;N. Mubele;RWF;73
115197;B. Srarfi;RWF;70
115227;D. Brooks;AMF;62
115231;J. Fleck;CMF;70
115232;J. Wright;CB;66
115236;R. Slater;DMF;62
115242;L. Thomas;CF;58
115243;A. Mohamed;CMF;63
115250;M. Godoy;SS;58
115252;D. Zagorac;GK;68
115254;R. Kolo;CF;69
115257;D. Vente;CF;63
115260;M. Howard;GK;66
115262;J. Turner;GK;58
115263;A. Perry;DMF;59
115265;B. Alnwick;GK;65
115281;M. Torres;CF;70
115283;J. Bonilla;CMF;62
115284;R. Escobar;CMF;62
115285;M. González;GK;65
115286;Ngassaki Ndongo;CF;65
115291;G. Postma;CMF;65
115292;V. Shepelev;CMF;65
115294;M. Rivera;GK;60
115301;André;CF;65
115304;R. Leonard;CMF;67
115330;M. Johnson;LMF;70
115335;N. Chesmain;LB;56
115336;H. Smith;CF;61
115339;H. Donovan;CMF;56
115356;Pedrinho;AMF;67
115357;M. Marín;CMF;63
115358;J. Mendive;GK;58
115360;P. Barboza;CMF;60
115373;I. González;CB;67
115375;T. Guidara;RB;61
115376;V. Barbero;LMF;63
115377;F. Romero;CMF;62
115379;M. Bórquez;GK;64
115386;R. Schlegel;CB;60
115393;M. Chajia;SS;62
115394;Gilson Costa;DMF;66
115520;E. Achy;CB;62
115521;I. Meite;CF;60
115524;L. Pizarro;CMF;69
115525;J. Lartiga;GK;65
115526;D. Latorre;CF;59
115527;Yan;CMF;60
115532;M. Suárez;GK;61
115533;I. Saavedra;CMF;66
115535;N. Domínguez;CMF;66
115538;C. Barrios;AMF;67
115539;A. González;GK;60
115540;G. Carrasco;RB;64
115543;J. Masson;DMF;64
115544;N. Bazzana;CB;57
115546;J. Bórquez;GK;57
115579;D. Ingham;RB;60
115644;D. Viola;LB;58
115647;S. Ben Amar;CF;59
115648;Han Kwang-Song;CF;67
115652;C. Roberts;RB;58
115653;Jon Guridi;CMF;64
115654;J. Pourtau;GK;58
115655;M. Coulibaly;CMF;57
115656;D. Horkaš;GK;56
115779;M. Maydana;LB;67
115790;I. Diop;CB;58
115799;M. Tchokounté;CF;64
115800;J. Bouet;GK;68
115804;B. Moussiti-Oko;CF;64
115831;N. Fofana;CB;59
115833;O. Tounkara;CF;61
115836;M. Djouaher;CMF;62
115837;K. Chergui;AMF;62
115839;C. Traoré;RB;60
115840;S. Khadda;CMF;62
115841;O. Sangante;DMF;64
115842;K. Goba;CF;61
115843;R. Pillot;GK;55
115845;M. Merghem;LMF;61
115851;M. Cassara;GK;65
115864;J. Gobron;LB;59
115866;D. Delaunay;GK;63
115867;A. Rogie;CMF;64
115868;R. Basque;AMF;64
115870;P. Vignaud;LB;59
115871;M. Guezoui;CF;63
115872;G. Marigard;RB;59
115873;W. Séry;CB;64
115874;N. Barthelemy;AMF;62
115875;S. Oliveira;CMF;62
115895;F. Bechtholdt;DMF;64
115897;O. Quijada;CB;58
115898;M. Cortés;AMF;64
115900;M. Reyes;CF;60
115901;A. Ábalos;AMF;63
115903;M. Ormazábal;CF;61
115904;C. Guajardo;AMF;62
115908;G. Tello;AMF;63
115911;A. Jerez;GK;55
115914;Cristopher Diaz;AMF;61
115920;A. Guedes;CF;67
115924;Claudio Falcão;DMF;63
115928;Pedro Sá;DMF;66
115929;Wilson Manafá;LWF;65
115930;Paulinho;AMF;67
115932;Bruno Tabata;AMF;65
115938;Luís Mata;LB;65
115940;N. Kuipers;CB;65
115988;O. Rommens;CMF;62
115989;J. Brondeel;GK;58
115991;B. Brusselers;AMF;63
115993;F. Glim;CMF;62
115994;C. Dessers;CF;71
115995;A. Verschueren;CB;59
115997;S. O'Neill;CB;59
115999;D. Snepvangers;LWF;63
116000;R. Sprangers;LWF;60
116002;C. N'Toko;CB;60
116024;R. Janssen;LB;59
116026;T. Dekker;RB;59
116030;R. Gielen;AMF;63
116031;S. Custers;GK;55
116035;J. Rijkers;LWF;61
116039;L. Mulazzi;CB;61
116041;T. Roex;GK;57
116043;Xuxa;AMF;66
116044;J. Tell;CF;62
116045;R. Kadima;CF;60
116047;F. Pavoni;GK;59
116049;Edu Expósito;CMF;66
116050;S. Niakate;CB;64
116052;Bruno Xadas;RWF;74
116056;R. Benzar;RB;71
116058;T. Hořava;CMF;68
116059;J. Zmrhal;LMF;74
116060;A. Barák;AMF;73
116061;M. Krmenčík;CF;71
116064;Veton Berisha;CF;67
116065;G. Valsvik;CB;69
116066;S. Berge;DMF;77
116076;M. Lund;CMF;70
116090;A. Bouhaddouz;CF;61
116091;A. Atouchi;CB;64
116092;K. Colvey;LB;61
116100;G. Kitanov;GK;63
116102;G. Kostadinov;CMF;61
116103;Chorbadzhiyski;CB;60
116104;B. Kraev;AMF;62
116108;C. Bayala;LMF;71
116109;I. Paro;CB;70
116112;Y. Coulibaly;LB;70
116120;S. Hanni;LWF;78
116137;F. Rønnow;GK;72
116139;S. Armstrong;CMF;72
116140;J. Hamilton;GK;67
116141;L. Pruzzo;LB;63
116143;Nacho Vidal;RB;72
116144;C. Díaz;CB;57
116145;E. Müller;CMF;60
116166;F. Callejón;CMF;62
116176;Léo;GK;67
116179;Fabian;CB;68
116182;Mauricio;CB;68
116186;Joao Vitor;CMF;65
116187;Menezes;DMF;69
116191;Santarém;SS;66
116192;Lourenço;CMF;67
116202;E. Martínez;CF;60
116203;Luis Perea;DMF;61
116209;Alan Cardoso;LB;67
116210;Bruno Cosendey;DMF;66
116211;Douglas Luiz;DMF;72
116216;H. Eyjólfsson;CB;72
116226;V. Claesson;AMF;74
116227;C. Nyman;CF;72
116229;O. Yokuşlu;CMF;76
116230;C. Ünder;LWF;76
116236;A. Androutsos;CMF;64
116252;M. Bero;RMF;71
116253;J. Holúbek;LMF;70
116254;S. Lobotka;CMF;69
116255;D. Carvajal;GK;72
116270;S. Sanogo;DMF;74
116275;Tarek Hamed;DMF;70
116276;Amr Warda;LWF;75
116283;O. Kayode;CF;72
116296;C. Paterson;RB;70
116304;D. Zeefuik;RB;69
116305;M. Maolida;CF;64
116315;M. Degenek;CB;66
116341;A. Llullaku;LMF;68
116344;E. Grezda;RMF;66
116346;E. Mabouka;RB;70
116347;C. Fai;RB;72
116348;M. Pouaty;GK;72
116349;Ngadeu-Ngadjui;CB;74
116350;C. Bassogog;RWF;70
116351;D. Bangou;CB;61
116353;A. Lukse;GK;72
116354;L. Schaub;AMF;72
116355;M. Gregoritsch;CF;76
116356;S. Lainer;RB;73
116358;J. Vuković;CB;76
116360;A. Pavlović;CF;73
116363;A. Erokhin;AMF;74
116365;G. Dzhikiya;CB;79
116374;O. Shevchenko;GK;69
116375;M. Matviyenko;LB;70
116388;T. Langerman;LB;67
116389;R. Mphahlele;CB;65
116392;S. Mabunda;DMF;63
116393;P. Tau;CF;65
116397;M. Mevlja;CB;76
116403;R. Brewster;CF;63
116404;F. Cosciuc;CB;69
116407;Felipe;CF;66
116409;N. Díaz;CB;61
116410;Marcinho;SS;70
116418;D. Avounou;CMF;68
116426;F. Nardi;CMF;61
116427;W. Smith;CB;58
116430;N. Holland;LMF;62
116431;T. Cigerci;CMF;77
116432;R. Kronaveter;AMF;65
116440;A. Pertosa;CB;59
116441;F. Deli;CMF;62
116444;A. Brighenti;CF;69
116446;I. Marconi;CB;68
116449;S. Scappini;CF;64
116451;F. Forni;CB;59
116452;M. Cavion;CMF;65
116454;J. Ferretti;RB;66
116457;Juanpe Pina;RB;64
116458;Antonio López;CB;63
116462;Alberto Noguera;AMF;64
116465;E. Apeh;CF;61
116471;Brais Méndez;CMF;64
116478;F. Cernuto;CB;60
116482;G. Vicario;GK;55
116483;E. Soligo;DMF;64
116486;L. Štulac;CMF;62
116489;R. Strechie;CMF;62
116502;G. Laborda;GK;56
116519;Ángel Moreno;LB;60
116522;Alfon González;CF;60
116539;G. Machín;CMF;69
116541;N. González;LMF;69
116542;E. Rueda;SS;65
116543;A. Mac Allister;AMF;64
116565;Sergi Palencia;RB;59
116566;Rodri Tarín;CB;59
116570;F. Sarsanedas;DMF;64
116574;Jordi Mboula;RWF;70
116575;Marc Cucurella;LB;59
116577;Abel Ruiz;CF;60
116585;M. Rodríguez;AMF;66
116586;M. Mellado;DMF;64
116587;E. Alderete;CF;62
116588;N. Menéndez;RMF;64
116590;J. Ibáñez;AMF;62
116591;L. Álvarez;GK;61
116593;P. Fernández;GK;64
116596;G. Lazarte;LB;63
116597;J. González;RB;59
116598;A. Módula;CMF;64
116599;J. Álvarez;LMF;63
116602;A. Robledo;CB;66
116603;G. Crocci;CB;59
116604;D. Buglio;DMF;60
116605;S. Mctominay;CF;63
116606;B. Danger;CB;59
116607;T. Lia Okou;LMF;61
116608;M. Soula;SS;58
116611;J. Urzúa;CMF;59
116620;M. Breit;GK;61
116621;V. Piechocki;AMF;62
116624;P. Ovchinnikov;GK;60
116625;I. Baldé;CF;59
116627;Wesley Soares;AMF;63
116630;T. Lebeau;SS;59
116631;K. Dabila;CB;58
116636;G. Boccafoglia;CB;59
116637;U. Zeybek;CMF;64
116640;S. Karakoç;AMF;59
116641;Y. Güveli;CB;61
116643;D. Kaiser;CMF;74
116644;F. Coltorti;GK;73
116645;D. Demme;DMF;77
116647;L. Klostermann;RB;76
116649;W. Orban;CB;80
116651;M. Halstenberg;LB;78
116652;T. Werner;CF;83
116655;D. Upamecano;CB;76
116660;Chatzigiovannis;RWF;64
116663;S. Pispas;CF;60
116664;V. Xenopoulos;GK;64
116665;G. Güney;CMF;62
116669;R. Falk;RWF;67
116671;C. Holse;RWF;62
116674;O. Zubkov;CF;55
116677;V. Tankovskiy;CMF;55
116678;O. Kudryk;GK;62
116679;A. Timofeev;DMF;67
116683;A. Maximenko;GK;62
116686;G. Tigiev;LB;68
116687;A. Selikhov;GK;75
116690;A. Bassi;AMF;62
116691;P. Gueye;DMF;63
116693;A. Verdugo;CMF;67
116703;D. Becker;LMF;62
116704;M. Carraro;CMF;61
116709;F. Garcés;CB;64
116710;A. Gudmundsson;AMF;63
116711;M. Gabbia;CB;59
116721;A. Yamga;LWF;63
116723;E. Bearzotti;RWF;63
116732;A. Favalli;LB;66
116734;C. De Risio;CMF;60
116741;Antonio Sivera;GK;65
116744;Quim Araújo;CMF;66
116749;Grego Sierra;CMF;63
116751;Ferrán Torres;RWF;66
116755;Cristian Rivero;GK;58
116756;T. Augello;LB;66
116909;M. Kanoute;LWF;65
116912;D. Berci;LB;57
116919;Miguel Loureira;RB;63
116936;Víctor Díaz;LMF;65
116941;Ángel Bastos;RB;65
116946;P. Mazzocchi;RWF;62
116947;Y. Baraye;LWF;68
116956;D. Mastaj;CF;59
116965;M. Carretta;RWF;69
116970;G. Di Lorenzo;RB;66
116996;A. Fiordilino;DMF;64
117030;Xesc Regis;CF;60
117043;J. Riquelme;CMF;64
117047;Vinícius Júnior;LWF;72
117050;F. Pardo;CB;62
117053;S. Festa;GK;59
117054;B. van Wijnen;CMF;68
117067;N. Manzambi;RMF;62
117068;M. González;CB;58
117072;S. Koita;CF;64
117074;Igor;CB;63
117079;G. Robail;RMF;61
117084;Paulo Vitor;SS;71
117085;Gelson;CF;68
117087;Pedro Neto;LWF;65
117115;A. Settembrini;CMF;64
117147;R. Barlocco;GK;58
117204;A. Anastasio;LB;63
117229;I. Varone;CMF;65
117230;P. Baiocco;GK;55
117245;D. Marino;CB;64
117289;Tete Morente;LMF;68
117339;M. Nardi;GK;66
117341;D. Adorni;CB;65
117356;F. Florio;RB;63
117358;T. de Smet;LB;64
117360;S. Kalu;RWF;69
117369;F. Boeckx;GK;74
117370;E. Sowah Adjei;RB;67
117372;J. Vancamp;CF;63
117373;M. Svilar;GK;65
117374;H. Delcroix;CB;59
117376;M. Rasmussen;RB;62
117378;T. Aupic;GK;55
117379;S. Alami;AMF;66
117380;E. Massouema;DMF;71
117382;S. Muniru;CMF;72
117385;M. Momčilović;LB;72
117386;O. Popescu;CMF;72
117396;D. Man;AMF;61
117397;H. Gnohéré;CF;68
117400;R. Solis;GK;56
117401;A. Rojas;LWF;60
117402;F. Ysique;CMF;61
117403;F. Pacheco;RMF;61
117404;R. Garcés;CB;59
117406;G. Chávez;RB;62
117410;Y. Mvogo;GK;78
117411;L. Bertone;CMF;71
117414;J. Lecjaks;LB;69
117415;D. Marzino;GK;60
117417;G. Wüthrich;CB;69
117419;T. Schick;RMF;72
117420;M. Aebischer;CMF;65
117423;M. Frydrych;RB;74
117424;J. Bořil;RB;74
117425;M. Mešanović;CF;71
117426;R. Mingazow;RMF;66
117428;M. Lüftner;CB;70
117430;P. Kovář;GK;67
117431;M. Otáhal;GK;66
117439;A. Santurro;GK;62
117452;Oriol Busquets;DMF;65
117453;Dani Morer;RB;62
117457;F. Brorsson;CB;65
117458;A. Vindheim;RB;69
117459;M. Svanberg;DMF;63
117460;F. Andersson;GK;61
117461;A. Jeremejeff;CF;66
117469;F. Serena;CMF;62
117472;G. Anestis;GK;73
117474;K. Lambropoulos;CB;68
117475;K. Galanopoulos;CMF;56
117476;V. Barkas;GK;74
117479;G. Giannoutsos;LB;53
117480;D. Melikiotis;CF;64
117481;M. Siampanis;GK;66
117482;I. Mystakidis;RWF;70
117483;E. Koulouris;CF;65
117485;D. Biseswar;LWF;73
117488;A. Prijović;CF;75
117489;A. Lunev;GK;76
117491;N. Goylo;GK;62
117493;F. Banguero;LB;68
117494;J. Palacios;RB;71
117495;B. Paz;CB;59
117496;J. Rivas;CB;66
117497;A. Román;RB;60
117498;J. Duque;LMF;69
117499;C. Huérfano;AMF;62
117500;E. Quiñónes;LWF;65
117501;C. Arango;CF;60
117504;F. Aguilar;CB;70
117505;C. Cuesta;CB;63
117510;E. Velasco;LB;59
117518;H. Borja;RB;59
117524;J. Cotrina;CMF;63
117525;F. Duclós;CB;62
117526;E. Ramírez;RWF;62
117527;L. Garro;RMF;64
117529;Á. Campos;GK;57
117530;A. Fuentes;DMF;66
117532;K. Quevedo;RWF;63
117533;F. Rojas;RB;63
117535;J. Marina;RMF;61
117536;Bruno Alves;SS;64
117537;Donato;CB;63
117538;Rodrigo;CF;61
117539;Paulinho;AMF;69
117562;J. Harrop;AMF;64
117563;A. Gomes;AMF;63
117568;S. Adrian;DMF;62
117574;M. Toni;CB;58
117575;R. Daga;GK;59
117579;M. Lizak;GK;58
117580;L. Rajot;CF;59
117582;Jordi Ortega;CMF;61
117583;Víctor Mena;LB;63
117588;Arthur Henrique;CB;63
117591;A. Rodríguez;CMF;66
117592;I. Huguenet;CF;59
117594;L. Piedrabuena;GK;58
117595;F. García;CMF;61
117596;M. Ahlinvi;CMF;58
117598;M. Léris;LWF;62
117600;R. Rivas;RWF;64
117602;G. Hutvágner;GK;61
117605;F. Vaško;CB;60
117607;N. Ortiz;CB;63
117611;J. Álvarez;CF;59
117613;W. Mckennie;CMF;68
117621;Dani Escriche;SS;59
117622;R. Figueiredo;AMF;66
117627;K. Sterling;CF;60
117628;M. Stoppa;CF;58
117629;T. Efouba;RB;62
117636;Jorge Cuenca;CB;61
117639;A. Sosa;GK;58
117640;U. Bozok;CF;63
117641;F. Álvarez;CB;67
117644;J. Clauss;RB;59
117646;M. Ribero;DMF;67
117647;C. Rotondi;CF;59
117648;L. Phiri;CMF;68
117650;A. Sarr;CF;68
117651;van Den Buijs;CB;68
117652;I. Niane;CF;62
117654;F. Godoy;LB;57
117658;P. Barremaecker;RB;69
117659;C. Gomis;LMF;60
117660;J. Anziani;CMF;58
117661;D. Dumont;CB;58
117663;L. Lindsay;CB;64
117666;Junior Maranhão;LB;73
117667;I. Larie;CB;69
117669;P. Bahanack;LB;63
117673;M. d'Arpino;CMF;64
117675;S. Furtado;RMF;64
117676;S. Moyano;RB;67
117678;G. Torres;CF;60
117683;A. Laukart;AMF;60
117686;O. Bertel;LB;60
117688;J. Valencia;CF;65
117693;A. Pussetto;SS;61
117695;J. Aylagas;GK;58
117697;Luizão;CB;67
117698;L. Lerager;CMF;74
117699;F. Dabo;RB;65
117702;L. Schoofs;DMF;65
117703;S. Horemans;CB;63
117708;E. Pinnock;CB;61
117709;J. Bednarek;CB;69
117710;L. Lapetina;LB;62
117712;N. Gauna;LMF;61
117720;Á. Pizzorno;CB;69
117721;Diego Cristiano;CMF;66
117723;G. Mutombo Kupa;CB;63
117724;A. Talal;CMF;60
117725;T. Elliott;CF;67
117727;S. Sarr;AMF;63
117728;S. López;CB;61
117731;J. Montaño;RB;62
117736;C. Boukholda;AMF;60
117739;C. Evans;CF;68
117742;Y. Czekanowicz;GK;66
117745;S. Ganvoula;CF;70
117747;H. Onyekuru;LWF;73
117748;P. Gerkens;CMF;72
117749;C. Hall;CF;61
117752;E. Mašović;CB;69
117753;E. Dennis;CF;69
117754;J. Vanlerberghe;CB;69
117755;B. Mckay;LMF;71
117756;M. Cupayolo;RB;61
117758;L. Navarro;CF;64
117759;M. López;CMF;62
117760;J. Córdova;RB;64
117761;F. Isla;CMF;62
117764;S. Mallan;CMF;62
117765;P. Köhn;GK;59
117766;K. Laimer;CMF;74
117768;D. Pezoa;AMF;61
117771;S. Ballesteros;AMF;62
117772;F. Otarola;GK;67
117773;M. Fernández;CB;67
117774;B. Berríos;CMF;63
117775;R. González H.;CB;69
117776;H. Cakin;RB;62
117779;P. Gross;AMF;77
117784;I. Méndez;CMF;60
117785;M. Engels;RWF;60
117786;N. Souren;DMF;62
117787;W. Kanga;RWF;63
117788;M. Dembélé;CF;60
117791;A. Pululu;CF;63
117793;L. Martínez;CB;70
117796;F. Wadja;DMF;63
117798;M. Talal;RMF;64
117799;Pedro Henrique;SS;72
117800;A. Leautey;LMF;69
117803;C. Fassnacht;LWF;71
117804;J. Lotomba;RB;64
117806;D. Von Ballmoos;GK;70
117807;M. Bürki;CB;66
117810;M. Petković;RB;72
117811;I. Hong;SS;68
117813;A. Perea;CMF;62
117815;T. Boere;CF;67
117816;Paolo Fernandes;AMF;67
117817;D. Klomp;CB;64
117818;B. Vliet;LB;60
117819;J. Salazar;AMF;61
117820;J. Moreno;GK;58
117822;N. Murcia;CMF;59
117823;G. Gómez;AMF;65
117824;D. Zagadou;CB;75
117825;M. Philipp;LWF;81
117832;M. Boadu;CF;68
117833;D. Terentjev;RB;70
117834;D. Kuzyaev;DMF;73
117835;T. Weah;CF;69
117837;G. Deneuve;GK;69
117839;M. Knoester;CB;66
117840;J. Chabot;DMF;64
117842;W. Bianda;CB;61
117843;L. Espinoza;AMF;63
117845;M. Osores;CB;65
117846;S. Grippo;CB;67
117847;Filipe Teixeira;AMF;67
117848;Bebeto;RB;70
117850;Ibson;SS;66
117854;M. Tandjigora;CMF;63
117855;E. Başsan;AMF;69
117856;D. Khotcholava;CB;66
117862;Rafinha;AMF;62
117865;G. Papunashvili;AMF;66
117866;P. Tsintotas;GK;69
117867;S. Jakubiak;DMF;67
117872;Konstantinidis;RB;65
117873;Pablo;CB;69
117875;G. Malcore;CF;63
117876;G. Giakoumakis;CF;67
117877;L. Ali;SS;68
117878;E. Grytsenko;GK;59
117879;Higinio Marín;CF;60
117883;M. Chrien;CMF;65
117884;C. Ekuban;CF;67
117885;L. Koutris;LB;71
117886;T. Castagne;RB;74
117887;L. Polvani;CB;63
117888;P. Eler;CF;60
117891;W. Norris;GK;64
117892;D. Reimann;GK;62
117894;M. Kvasina;CF;64
117896;P. Ntounis;GK;57
117903;Everton;CF;67
117904;Borja Herrera;LB;66
117905;Z. Bakaev;RWF;66
117906;A. Celli;LB;64
117907;K. Sarfo;CMF;65
117908;Junior Pius;CB;63
117909;N. Haas;CMF;70
117910;Rulo Prieto;LB;61
117911;L. Acevedo;CF;67
117916;E. Nketiah;CF;64
117917;J. Willock;CMF;65
117919;A. Bordin;CMF;62
117920;A. Marcucci;CMF;59
117922;S. Ingelsson;RMF;68
117925;L. Matarese;LWF;61
117927;Antonio Valera;GK;56
117928;Tzanetopoulos;CB;65
117929;Galeno;RWF;68
117930;J. Adebanjo;DMF;65
117931;Alfa Semedo;CMF;60
117932;D. Malen;CF;64
117933;A. Jallow;RMF;66
117934;J. Hernández;SS;66
117938;M. Konyk;CB;68
117940;R. Nelson;RMF;69
117944;Lee Seung-Woo;LWF;67
117946;M. Antonucci;RWF;60
117949;A. Vlad;GK;65
117955;M. Nani;CB;67
117958;Allef;CF;60
117965;J. Lucero;GK;59
117966;L. Valeau;LB;61
117969;N. Cozza;LB;60
117970;C. Bramall;LB;67
117972;M. Pissardo;GK;57
117977;M. Ruiz;RB;68
117978;E. Ybañez;LB;63
117979;Ricardo Graça;CB;61
117982;N. Fernández;RB;59
117984;N. Guerra;CF;66
117985;L. Vargas;CB;59
117987;J. Castillo;SS;62
117992;A. Koita;LWF;64
117993;N. Raskin;CMF;62
117994;Manu Hernando;CB;59
117995;F. Feuillassier;LWF;60
117996;Óscar Rodríguez;AMF;62
118003;A. Georgiou;LMF;65
118004;Oakley Boothe;CMF;64
118005;D. Grimshaw;GK;61
118007;J. Sancho;LMF;69
118008;A. Tembeng;DMF;67
118010;K. Scott;CMF;63
118012;Jefferson;DMF;65
118014;Thiago Galvão;AMF;67
118016;Kiki;LB;61
118018;M. Saavedra;SS;60
118020;J. Jugas;CB;69
118021;T. Souček;DMF;71
118024;Rui Costa;AMF;67
118029;D. Oberlin;CF;72
118031;M. Miño;GK;61
118032;D. Opazo;CF;64
118034;N. Leemhuis;AMF;63
118035;F. Caligara;CMF;60
118036;P. Jaroszyński;LB;68
118038;T. Malacia;LB;67
118039;D. Ladan;CF;64
118042;O. Watkins;LWF;71
118043;N. Kirby;CMF;63
118044;E. Bardhi;AMF;73
118045;J. Aguilar;SS;68
118048;Hendrio Araujo;AMF;62
118049;A. Mabil;RWF;61
118050;S. Väisänen;CB;68
118051;G. Freitas;DMF;71
118052;Raphael Branco;CB;70
118054;Y. Njie;SS;63
118055;Bruno Silva;LB;61
118057;E. Alioski;RWF;71
118058;K. Ramé;CMF;66
118061;Diogo Gonçalves;LWF;70
118062;Adrián López;GK;63
118067;D. Duhaney;RB;63
118074;W. Pérez;CB;64
118076;N. Tenaglia;RB;69
118077;W. Riveros;CB;70
118078;G. Gentile;SS;66
118079;C. Cisternas;DMF;64
118080;M. Kavdanski;CB;59
118085;A. Gounet;GK;59
118088;W. Ndenge;CMF;62
118089;S. Sow;RWF;62
118092;M. Tramoni;LMF;65
118093;T. Allemand;CB;69
118094;Y. Bourhane;CMF;69
118095;G. Koyalipou;CF;70
118096;M. Mount;AMF;69
118097;I. Madi;CF;60
118098;R. Loaiza;CMF;66
118099;S. Lucumí;RMF;66
118100;L. Ati-Zigi;GK;60
118101;D. Limnios;LWF;69
118102;O. Ba;CB;62
118103;I. Messaoud;CF;63
118105;J. Beste;LB;63
118108;D. Dankerlui;LB;68
118109;M. Lorenzen;LWF;67
118110;A. Gouiri;CF;65
118111;G. Coudert;GK;60
118114;F. Manojlović;GK;56
118116;I. Lendrić;CF;69
118117;A. Jakubech;GK;63
118118;Özer Özdemir;RB;62
118119;Bruno Jordão;CMF;61
118121;Cristiano Gomes;RB;63
118122;K. Kouao;RB;61
118125;S. Tarolli;GK;60
118127;N. Pejović;CB;61
118129;H. Traorè;AMF;61
118130;N. Canalicchio;CB;60
118131;M. Capitani;AMF;63
118132;Roger Figueras;CB;61
118135;W. Harding;CB;63
118136;Diogo Dalot;RB;67
118142;B. Figueroa;CMF;62
118143;B. Innocent;DMF;65
118144;T. Pachonik;RB;67
118145;D. Šarić;CMF;60
118146;I. Contreras;CB;65
118148;Nacho Méndez;CMF;63
118149;G. Poussin;GK;55
118152;A. Matějů;RB;69
118154;S. Toufiqui;AMF;62
118155;J. Arias;CF;70
118156;M. Cavallotti;GK;67
118162;R. Sandford;GK;60
118163;D. Mcnamara;RB;54
118164;L. White;RMF;58
118165;N. Leighton;CF;55
118166;K. Mets;CB;69
118167;P. Dawidowicz;CB;66
118168;P. Szymiński;CB;67
118169;R. Murawski;DMF;68
118171;S. Tonali;CMF;57
118173;O. Richards;LB;60
118174;A. Rinomhota;CMF;62
118175;S. Smith;CF;60
118176;M. Pearson;RB;63
118177;B. Williams;LB;61
118178;B. Potts;CMF;63
118179;L. Recalde;CB;60
118182;G. Gotti;CF;66
118183;J. Martínez;CF;69
118184;M. Ojeda;LMF;69
118185;D. Martínez;CB;65
118186;B. Sambo;RB;61
118188;L. ten Teije;LWF;66
118189;E. Rodríguez;DMF;63
118190;C. Olivares;SS;61
118191;Unai Núñez;CB;73
118193;O. Alderete;CB;68
118197;M. Langer;GK;73
118199;M. Currarino;LWF;62
118200;C. Burton;GK;55
118201;M. Clark;DMF;68
118202;B. Johnsen;CF;69
118203;S. Moutoussamy;DMF;70
118204;C. Roberts;GK;58
118205;J. Earl;LMF;63
118207;E. Massucco;DMF;64
118209;A. Dini;GK;58
118210;G. Pinto;LMF;63
118211;P. Malong;CMF;62
118213;B. Morgado;CB;61
118216;R. Fernandes;GK;62
118219;M. Bellich;CB;57
118225;J. Lewis;LB;61
118226;I. Faraj;RWF;60
118229;P. Hidi;DMF;67
118230;M. Affonso;CF;68
118231;G. Corbo;CB;58
118232;L. Benedetti;CMF;59
118234;Pedro Silva;GK;66
118235;Tiago Pereira;GK;64
118236;Hélder Ferreira;RWF;67
118237;J. Eastwood;GK;61
118238;Madger Antonio;CMF;62
118239;C. Shaughnessy;DMF;66
118240;V. Savić;GK;69
118241;S. Sessegnon;RB;62
118242;M. O'Riley;CMF;61
118244;D. Nedelcu;DMF;75
118246;M. Bird;DMF;60
118248;L. Puig;AMF;64
118249;M. Acosta;CF;63
118251;J. Doyle-Hayes;CMF;61
118252;C. Coxe;RB;61
118254;A. Baker;RB;59
118255;M. Shaparenko;CMF;63
118257;S. Ahannach;LMF;70
118258;M. Ortiz;SS;69
118259;C. Saiz;CB;68
118260;S. Niang;DMF;64
118262;T. Lijour;GK;55
118263;K. Niemczycki;GK;61
118264;G. Belladonna;GK;58
118265;J. Hoekstra;GK;61
118266;A. Absalem;LB;64
118267;L. Reis;CMF;67
118268;T. van de Looi;CMF;64
118269;B. Derksen;GK;56
118270;E. Bostanci;LWF;66
118274;T. Reijnders;CMF;65
118275;R. Benschop;LWF;64
118276;P. Hristov;CB;60
118278;A. Andresson;CB;59
118281;D. Loader;CF;58
118282;M. Ortiz;CB;60
118285;M. Veenhoven;DMF;64
118286;R. Khemais;CB;62
118287;B. Verbong;GK;55
118288;A. Katranis;LB;60
118290;Daniel Gallardo;CB;63
118294;H. Brockbank;CB;61
118295;K. Valmas;LB;57
118296;C. Zervopoulos;CB;60
118297;K. Apostolakis;CMF;64
118298;Emmanouilidis;RWF;61
118299;V. Theocharis;DMF;65
118300;A. Dimitroulas;CF;60
118301;Kountouriotis;RWF;63
118302;N. Eliasson;LMF;66
118303;F. Hinds;CF;64
118304;A. Paschalakis;GK;69
118305;K. Dimitriou;CB;60
118306;I. Chair;LMF;63
118307;O. Güçtekin;DMF;62
118308;Redru;LB;63
118309;César de la Hoz;DMF;69
118310;Julio Gracia;CMF;65
118312;Loren Morón;CF;69
118313;J. Narváez;SS;69
118314;C. Toure;LWF;67
118315;V.D. Meulenhof;GK;61
118316;T. Koopmeiners;DMF;64
118317;D. Alcibiade;RB;70
118318;N. Gandi;AMF;68
118319;Eyenga-Lokilo;SS;64
118320;M. Soncin;GK;60
118321;Cleylton;CB;58
118322;Carlos Calderón;RMF;64
118323;Barri;CMF;64
118324;T. Te Duits;GK;61
118325;J. Mangert;CB;64
118326;L. van Dijk;CB;65
118327;M. Afaker;RWF;64
118328;M. Stiepermann;CMF;72
118331;E. Salcedo Mora;CF;61
118334;S. Sissoko;CMF;64
118335;Bennett-Rivera;RB;61
118336;Iván de Nova;LB;63
118338;Pol Valentín;RB;63
118339;Y. Fofana;GK;61
118340;I. Vassell;CF;64
118341;F. Palma;CMF;62
118342;M. Rojo;RMF;61
118343;M. Liendl;CMF;63
118344;M. Villasanti;CMF;68
118345;A. Ba;DMF;64
118346;V. Makhankov;GK;67
118347;V. Mykolenko;CB;65
118348;L. Sequeira;RWF;63
118349;L. Ranieri;LB;61
118350;G. Gori;CF;60
118351;M. Meli;AMF;58
118352;R. Sottil;LWF;61
118353;N. de la Cruz;AMF;74
118354;A. Dudik;RWF;59
118355;Brian Martín;CF;68
118356;D. Luydens;CB;60
118357;B. Bayazit;GK;58
118358;Fabio González;CMF;66
118359;Kike;CB;62
118360;Sergio Benito;SS;62
118361;Juan Berrocal;CB;68
118362;L. Zohi;CF;60
118363;I. Bouzoukis;CMF;62
118364;Landeta;GK;63
118365;L. Heredia;AMF;62
118369;T. Doornbusch;GK;60
118370;J. van der Sar;GK;63
118371;Ander Guevara;CMF;63
118373;Carles Pérez;RWF;60
118374;M. Sylla;LWF;66
118375;T. Archibald;LMF;63
118376;Álex Corredera;CMF;62
118377;Gaizka Campos;GK;55
118378;Duarte;CMF;66
118379;Delmás;RB;61
118380;S. Sadzoute;LMF;61
118381;N. Garmendia;AMF;62
118382;M. Varešanović;CMF;64
118383;A. Rollandi;GK;58
118384;A. Danzi;CMF;60
118385;D. Skafidas;GK;60
118386;Edu Cortina;CMF;64
118387;Maga;RB;65
118388;Kiko;CMF;64
118389;S. Haksabanovic;LMF;64
118395;J. Franzoni;CF;63
118397;B. Planić;CB;69
118398;F. Coman;LWF;68
118399;E. Coronel;RB;66
118400;M. Payero;CMF;67
118401;J. Carranza;CF;66
118402;N. Linares;DMF;69
118403;K. Abdo;CMF;62
118405;N. Demartini;CB;59
118406;J. Goitía;RB;66
118407;R. Hiwat;RWF;59
118411;J. Molumby;CMF;61
118412;A. Connolly;CF;61
118413;F. Brener;RWF;67
118415;F. Malagueño;RMF;66
118416;F. Hadergjonaj;RB;73
118417;A. Sabiri;AMF;63
118418;G. Cococcia;RB;60
118419;A. Tarasco;CB;59
118421;A. Gori;LWF;59
118423;C. Antuna;RWF;67
118424;Rogério;LB;66
118427;S. Jovanović;LWF;64
118428;L. Vera;AMF;61
118430;M. Ferreyra;CB;65
118432;J. Repas;CMF;60
118433;Airam;CF;61
118434;K. Kaplenko;DMF;64
118435;F. Malbašić;RWF;65
118436;F. Holst;CMF;62
118438;L. Buadés;CF;61
118440;M. Díaz;GK;65
118444;Pedro Gonçalves;CMF;64
118445;J. Madrid;RB;62
118446;F. Gómez;LMF;63
118447;G. Tavara;CMF;59
118448;R. Espinoza;CF;58
118449;T. Durso;GK;62
118450;C. Veloz;GK;64
118451;M. Melluso;LB;66
118452;A. Bolívar;CMF;66
118453;N. Dibble;SS;67
118454;C.B. Richardson;CF;61
118455;J. Finidori;CF;62
118456;F. Quiroz;LB;66
118457;B. Galván;CMF;68
118458;T. Chancalay;SS;68
118461;Jose Carlos;CMF;65
118464;R. Mckenzie;CMF;62
118465;L. Ritson;CB;59
118470;T. Hamilton;AMF;62
118471;M. Wöber;CB;73
118472;Juan Miranda;LB;59
118473;L. Lencinas;AMF;66
118474;L. Agüero;CF;65
118476;Pedro Rodrigues;DMF;66
118477;Y. Sari;RWF;63
118479;I. Ganago;CF;66
118481;C. Smith;CB;62
118482;B. Folami;CF;61
118484;P. Giannotti;CMF;62
118485;H. Hechalar;CF;70
118488;P. O'Connor;CB;60
118490;J. Knight;CB;62
118491;A. Pozzi;GK;55
118492;M. Gallegos;CF;63
118493;A. Uribe;AMF;63
118494;N. Vlašić;AMF;69
118495;I. Azua;GK;65
118502;A. Maciel;CB;66
118504;C. Ojeda;AMF;66
118505;A. Esposito;LMF;62
118506;M. Gallo;CB;58
118507;S. Santoro;CMF;60
118508;A. Bandini;RB;62
118509;L. N'Diaye;RWF;62
118515;S. Callegari;CB;63
118517;M. Treppo;CF;65
118523;M. López;LB;60
118524;F. Rodríguez;LB;62
118525;R. Holden;CF;62
118526;D. Wheeler;RMF;66
118527;P. Smyth;CF;61
118528;J. Allen;CMF;65
118529;M. Carabajal;DMF;68
118530;R. Palermo;CF;63
118531;J. Toljan;LB;76
118533;I. Groothuizen;GK;64
118536;S. N'Gom;CF;68
118546;E. d'Avino;GK;56
118547;C. Kyriakou;DMF;66
118548;F. Marricchi;GK;55
118549;Gonzalo;RB;61
118550;A. Mediavilla;AMF;62
118551;Carlos Cano;CF;64
118552;F. Kanoute;RMF;62
118554;B. Heneghan;CB;62
118555;M. Olunga;CF;65
118556;L. Walsh;CMF;65
118561;T. Delaine;LB;66
118562;S. Karamoko;RB;62
118563;O. Akichi;DMF;66
118564;R. Kerrouche;CMF;63
118566;C. Mandouki;AMF;63
118567;G. Pineau;CB;61
118573;B. Osayi-Samuel;RMF;64
118574;Lin Liangming;RMF;66
118575;Luis Díaz;CMF;60
118579;Y. Reyes;CMF;60
118580;L. Lescano;CF;62
118581;N. Trott;GK;62
118582;G. Chakvetadze;AMF;68
118584;Diego Pampín;LB;64
118585;P. Teixeira;LMF;66
118586;N. Maraš;CB;62
118588;S. Ternynck;GK;55
118589;Dani Martín;GK;60
118592;G. Nyamsi;CB;63
118593;A. Götz;RB;68
118594;D. Ryan;CB;67
118595;Borja Estepa;CF;60
118597;F. Moyano;CMF;69
118598;Z. Erkilinc;LWF;64
118599;T. Sainte-Luce;LB;61
118602;Sergio Sánchez;CF;62
118603;P. Kapp;CB;61
118604;M. Ristl;DMF;64
118605;Mario Hernández;RB;61
118612;N. Næss;CB;69
118613;A. Obispo;CB;64
118614;D. Vavro;CB;69
118616;Cristian;CMF;63
118617;Vallejo;CMF;63
118618;D. Desprez;GK;58
118619;S. Diarra;RMF;65
118620;M. Sagnan;CB;64
118621;P. Babis;DMF;56
118622;C. Giousis;AMF;63
118623;C. Antoniou;LWF;62
118624;Prendes;CB;64
118625;Asier Gomes;CMF;67
118626;Steven;CF;62
118627;S. Laiton;GK;61
118628;I. Firer;CF;64
118629;Gonzalo;CB;60
118630;Raúl;CMF;63
118631;B. Aouacheria;LWF;68
118633;A. El Ouazzane;GK;66
118634;S. Woudstra;RB;64
118638;J. Acevedo;AMF;66
118639;E. Cabrera;CF;64
118641;J. Deminguet;CMF;63
118642;David Toro;CF;61
118643;L. Merio;CMF;60
118645;B. Şen;GK;58
118646;S. Özdemir;LB;55
118647;B. Zeren;DMF;62
118648;L. Geertruida;CB;66
118650;B. Soumaré;CMF;62
118651;B. Vérité;CMF;62
118653;S. Tagliapietra;CB;56
118656;D. Sterling;RB;63
118657;E. Ampadu;DMF;66
118658;Felipe Ferreyra;CF;61
118659;N. Sissoko;CB;59
118660;D. Hutchinson;DMF;62
118661;L. Persichini;CF;61
118662;L. Pintor;LWF;60
118663;M. Reuvers;CMF;63
118664;J. Swart;LB;65
118667;M. Pattier;GK;55
118669;G. Kyrnats;GK;58
118672;N. Kakkoev;CB;62
118673;A. Lomovitski;RMF;67
118675;F. Sakala;CF;67
118676;K. Huisman;CF;64
118677;L. Bruzzi;GK;56
118680;O. Buur;RB;62
118683;D. Khalid;CF;63
118685;A. Gorosabel;RB;62
118686;E. Owusu;CMF;62
118687;W. Geubbels;LWF;64
118689;M. Vrousai;AMF;62
118690;E. Elizalde;LB;61
118691;A. Jurilj;LWF;60
118692;G. Ireba;CF;60
118693;A. Molberg;CB;59
118695;S. Bareiro;CF;61
118696;V. Dragomir;AMF;62
118697;C. Gilmour;CMF;61
118698;M. Mcguane;DMF;64
118699;C. Palacios;CMF;59
118703;Ían Pino;CB;62
118704;M. Sørensen;LB;59
118705;S. Moore;RB;68
118706;Á. Rojas;GK;58
118708;A. Desjardins;GK;56
118709;S. Becagli;LB;60
118710;A. Delgado;CF;61
118711;F. Sasmay;CF;63
118712;Brian Torres;CMF;63
118713;Vázquez López;LB;59
118714;B. Capasso;GK;54
118716;J. Giuliani;CMF;59
118717;Erick;SS;66
118719;M. Gómez;CB;67
118720;Moha Airam;GK;58
118721;M. Robles;AMF;62
118722;W. Riascos;LMF;62
118723;A. Civet;CB;59
118725;T. Carrique;RB;70
118726;J. Munkana;CMF;62
118727;W. Sprangers;GK;61
118728;K. Guessoum;CB;60
118729;W. Percevaux;GK;61
118730;F. Uzoho;GK;70
118731;Mauro Júnior;AMF;68
118734;L. Fournier;AMF;63
118735;F. Latella;GK;60
118827;N. Cabras;GK;58
118828;J. Osei-Tutu;RB;63
118829;C. Zamorano;CMF;60
118836;L. Kramer;CB;61
118837;L. Milts;AMF;64
118839;D. Henríquez;CF;59
118840;Álex Robles;RB;61
118841;T. Goppel;RB;60
118842;S. Pinas;LB;62
118843;S.Van Huffel;CMF;62
118928;S. Sarri;GK;57
118929;L. Betti;CB;58
118930;E. Amabile;DMF;62
118932;Brugui;SS;64
118933;R. Ladinetti;DMF;61
118939;B. Baningime;CMF;70
118940;L. Nmecha;CF;63
118941;N. Coulanghon;CB;59
118942;M. Bayo;RMF;61
118945;A. Alibekov;DMF;65
118946;Y. Smyrnyi;CMF;64
118948;T. Baya;CB;60
118949;Antonio Montoro;CB;61
118950;Alberto Ródenas;CF;61
118955;S. Kyei;LMF;64
118956;L. Ferroni;LB;65
118957;T. Belmonte;DMF;67
118958;K. Cardozo;RMF;66
118959;N. Gallardo;LB;63
118961;Y. Armougom;LB;65
118962;N. Rasskazov;RB;63
118963;Vagner;RWF;60
118965;Íñigo Muñoz;RWF;64
118966;T. Bakinson;CMF;62
118967;M. van Kins;CMF;65
118968;Hugo Duro;CMF;62
118969;A. Flips;RWF;60
118970;L. Seri;GK;55
118971;E. Lamprou;DMF;56
118972;G. Xenitidis;RMF;53
118973;Bambo Diaby;CB;61
118975;M. Feeney;CB;64
118979;A. Bamba;CB;61
118980;A. Rizzo;LWF;61
118983;M. Della Morte;LMF;60
118984;A. Makiadi;AMF;60
118986;A. Keita;CMF;65
118987;Y. Clementia;GK;60
118990;L. Destéfano;AMF;64
118991;G. Groba;AMF;64
119088;M. Bueno;CF;68
119096;S. Canestrelli;DMF;62
119098;D. De Marino;CB;60
119099;A. Sangiorgi;DMF;64
119101;Vicente Lucas;CF;61
119104;André Pereira;CF;67
119105;K. Parks;DMF;66
119106;P. Patron;GK;55
119107;Y. Barka;CF;62
119111;F. Loppy;CF;62
119112;M. Drammeh;DMF;63
119113;P. Perrin;AMF;63
119114;C. Lunardi;GK;59
119115;Z. Naili;CF;62
119116;L. Pierre;CF;62
119117;M. Etuin;RMF;61
119118;M. Guel;LMF;61
119119;C. Puaud;GK;58
119120;B. Lucassen;RB;62
119121;B. Tison;CMF;62
119122;A. L'Heritier;GK;61
119123;W. El Fantrosi;LMF;63
119124;S. N'Guessan;CB;61
119125;A. Sevestre;GK;60
119126;M. El Id;CMF;62
119127;B. Gomel;LMF;62
119128;M. Gasparini;GK;54
119131;Sergio Gómez;LWF;63
119132;L. Bergsma;CB;68
119133;A. Lokonga;CMF;65
119135;Ricardo Moura;GK;63
119138;H. de la Fuente;RB;68
119139;N. Pérez;CB;67
119140;J. Ogenia;RWF;66
119143;V. Adeboyejo;CF;61
119144;R. Reynaga;CF;65
119145;J. Varela;CB;64
119146;A. Miceli;DMF;64
119147;Miguel Martín;CF;62
119150;Chumi Brandariz;CB;62
119151;R. Bellanova;RB;55
119152;M. Scarf;LB;61
119153;Rafael Leão;CF;68
119440;S. Campo;AMF;68
119571;A. Swolfs;GK;63
119777;Jaime Seoane;CMF;66
119780;D. Stuardo;GK;57
119782;A. Tchouaméni;CMF;69
119783;E. Taha;CF;70
119793;F. Ortega;LMF;65
119795;Javier Soler;RB;60
119798;A. Gómez;RB;67
119799;A. Maziero;CF;65
119800;F. Nadalín;RB;65
119801;F. Gutiérrez;CMF;68
119802;Julen Azkue;CMF;66
119803;João Ricciulli;SS;60
119805;José Alonso;LWF;65
119806;Blas Alonso;RB;62
119807;Quique Fornos;CB;61
119808;K. Chatzidimpas;CMF;59
119809;G. Vrakas;AMF;54
119810;G. Lamardo;LMF;67
119811;M. Retegui;CF;62
119815;A. Çelebi;CB;58
119816;Aitor Ruibal;CF;65
119817;J. Hornkamp;CF;66
119818;R. Faivre;RMF;69
119819;Y. Yalike;DMF;61
119820;Pep Mas;AMF;61
119821;David Vicente;RB;57
119822;N. Borghetto;GK;60
119823;R. Hernández;RWF;59
119825;Toño Calvo;CMF;62
119826;B. Johnson;RB;62
119827;M. Villa;RB;61
119828;Pedro Porro;RMF;61
119829;K. Baeza;CF;59
119830;R. Tulloch;SS;63
119832;H. Charsley;CMF;61
119834;A. Denny;DMF;64
119836;F. Hornby;SS;67
119838;N. Broadhead;SS;65
119839;H. Constant;GK;55
119840;S. Khayat;SS;60
119841;N. Bazán;CF;61
119842;M. Breij;LWF;66
119844;J. Di Lorenzo;CB;64
119845;D. Mercado;DMF;63
119846;M. Molina;CF;64
119847;A. Souper;AMF;61
119848;N. Armini;LB;60
119850;M. Wolff;GK;60
119852;S. Nsoki;LMF;61
119854;Genaro R.;DMF;67
119857;T. Petrović;CF;63
119860;Monchu;CMF;62
119861;R. Forte;LWF;58
119862;C. Rocchia;LB;66
119863;L. Diaby;AMF;65
119864;L. Fernández;CB;63
119865;A. Fiordaliso;RB;60
119866;B. Kone;AMF;61
119868;N. Ferguson;CB;61
119872;Álvaro Aguado;AMF;60
119874;C. Abbas;LMF;62
119875;A. Harroui;CMF;64
119876;M. Lombardoni;CB;58
119877;M. Camara;CMF;62
119878;Y. Adli;AMF;62
119879;B. Rempp;GK;55
119880;R. Fresneau;RB;61
119881;S. Kot;AMF;57
119882;A. Ülgen;RB;57
119889;N. Mazraoui;CMF;68
119890;D. Grange;GK;62
119891;Óscar Lozano;RWF;65
119892;D. Lempereur;LB;62
119899;J. Marcelin;DMF;63
119974;D. Ceter;CF;63
120082;O. García;CF;64
120292;C. Carrillo;DMF;68
120294;L. Rivoira;CB;59
120295;V. Millico;LWF;62
120296;J. Billong;CB;67
120297;L. Sparandeo;CB;56
120298;M. Norman;GK;60
120299;C. Kouan;CMF;58
120300;F. Amuzu;LWF;69
120303;M. Barrow;CF;62
120305;R. Mazáň;LB;69
120307;T. Dele-Bashiru;CMF;60
120309;C. Hudson-Odoi;LWF;63
120310;K. Mavropanos;CB;68
120312;R. Spano;CF;62
120314;N. Córdova;RB;66
120315;Carlos Cordero;LB;63
120328;L. O'Brien;RMF;61
120331;R. Ramírez;CB;67
120335;Gabi;AMF;60
120336;I. Cruz;LB;62
120337;J. Guidino;LB;65
120339;K. Ferreyra;CF;61
120340;O. Mora;RMF;62
120341;A. Tamariz;DMF;64
120342;J. Posito;CF;65
120343;G. Sánchez;CF;60
120347;Viedma;CMF;64
120348;C. Lonsdale;LB;60
120349;E. Oikonomou;CB;70
120354;E. Demirović;CF;63
120355;A. Oteh;CF;62
120356;I. Touré;CF;61
120357;E. Elmas;AMF;69
120358;C. Teuchert;CF;69
120360;Javi Forján;CF;61
120361;B. Bodin;LWF;62
120362;L. Moult;CF;61
120364;S. Raggett;CB;62
120367;A. Caiazza;CB;59
120368;A. Drinan;CF;63
120369;L. Melazzi;RWF;69
120375;Ricardo;CMF;65
120377;Nanu;RB;59
120378;R.N. Davies;LB;60
120380;A. Marin;LWF;60
120382;T. Pearce;LB;60
120385;O. Gamble;RB;61
120386;G. Thomas;RMF;65
120461;R. Kristensen;RB;69
120514;R. Skov;RWF;70
120700;E. Larsson;RB;69
120810;E. Binaku;LB;67
120852;F. Bachirou;DMF;68
121192;S. Rosted;CB;69
121193;J. Balkovec;LB;65
121196;E. Moreno;AMF;68
121197;F. Marín;DMF;69
121198;M. Cavalleri;SS;62
121199;R. Blanco;AMF;62
121200;Yashir Pinto;RWF;64
121201;N. Vitré;CB;63
121205;G. Mainero;RWF;69
121206;J. Soñora;AMF;64
121208;J. Martin;GK;62
121210;Waldo Rubio;LWF;61
121213;E. Pereyra;LB;66
121214;E. Maciel;AMF;68
121215;D. Cáceres;LB;67
121216;G. Lodico;AMF;67
121217;M. Mbaye;CB;61
121218;Jordi Tur;CMF;62
121219;Samuel Arbelo;CMF;63
121220;Borja Llarena;CF;64
121221;E. Riis;CF;62
121223;S. Guerra;GK;58
121224;J. Ramírez;GK;60
121226;E. Lyratzis;RB;61
121227;A. Konaté;CF;65
121228;J. Hesse;CB;58
121229;J. Pierazzi;DMF;63
121230;J. Uras;RMF;64
121234;B. Yilmaz;CB;62
121235;C. Simpson;CF;61
121236;Iván Martos;LB;64
121237;Manuel Núñez;CMF;57
121239;M. Ndockyt;AMF;63
121241;Igor Carioca;RB;64
121243;S. Zukić;CF;63
121244;R. Wilmots;CMF;62
121246;T. Vitali;GK;57
121249;R. Castro;LWF;62
121250;F. Fisker;CB;60
121251;M. Obafemi;CF;62
121253;K. Taylor;AMF;64
121254;K. Egaña;LMF;62
121255;F. Torres;CB;60
121257;J. Abarzúa;CMF;62
121282;S. Sosa;LWF;62
121283;R. Novakovic;GK;55
121284;A. Cabrera;LMF;61
121285;Andrés Martín;LWF;61
121294;A. Dominique;GK;62
121296;M. Wolfe;CMF;63
121297;A. Lioi;RMF;61
121298;J. López;AMF;63
121299;M. Bertoša;LB;60
121300;A. Luque;CB;60
121301;J. Cacciabue;CMF;64
121302;H. Villalba;CB;66
121305;A. Lotti;CF;67
121306;T. Stavitski;RWF;62
121307;A. Makoumbou;CMF;59
121308;J. Schuurman;CMF;66
121310;A. Heredia;CB;64
121311;E. Almendra;CMF;66
121314;J. Firpo;LB;65
121315;F. Druijf;CF;61
121316;B. Alferez;CB;61
121318;J. Murillo;LWF;64
121319;T. Putzolu;CMF;61
121320;Chris Ramos;CF;62
121321;M. Ndiaye;CMF;60
121322;A. Pelmard;CB;64
121323;R. Droehlne;CB;60
121324;A. Donadello;RB;61
121325;H. Petryk;RB;68
121327;S. Mbingui;AMF;62
121328;R. Holmes;LMF;69
121330;T. Carbonelli;CMF;59
121331;M. Imperiale;LB;60
121332;K. Diatta;CF;68
121334;D. Mohammed;SS;67
121335;S. Seddon;LB;61
121336;C. Lakin;LMF;62
121338;F. Pereyra;CB;68
121339;P. Vivanco;AMF;60
121341;M. Fischer;LB;60
121342;O. Kolář;GK;70
121343;O. Kúdela;CB;69
121344;P. Bucha;CMF;61
121352;C. Almeida;LB;68
121353;C. Núñez;DMF;67
121354;J. Barro;CB;60
121355;F. Marchetti;DMF;65
121356;L. Pizzatti;RMF;63
121358;G. Verón;CF;63
121359;R. Mertens;GK;55
121360;Felipe Curcio;LB;65
121361;N. Špalek;RWF;68
121362;Giovanni;CF;64
121364;J. Cozzani;GK;60
121366;K. Bistrović;DMF;66
121368;I. Bolaño;RWF;68
121371;J. Campuzano;CMF;70
121372;D. Chambost;CMF;62
121374;S. Baghdadi;CF;63
121375;Jaime Sierra;CMF;62
121377;R. Caumet;DMF;65
121379;A. Antilef;AMF;66
121380;A. Coman;SS;62
121381;R. Pollero;CF;64
121383;A. Troffa;CMF;60
121385;M. Hoedemakers;CMF;63
121386;O. Mihálik;CF;62
121387;J. Tabla;RWF;65
121388;A. Manzur;CMF;61
121389;Solet Bomawoko;CB;67
121390;J. Jach;CB;69
121391;Ali Al-Nemer;CF;57
121392;O. Hernández;RWF;66
121393;D. Srbeny;CF;63
121398;C. Montero;GK;59
121399;A. Andrada;CB;62
121400;L. Ruiz;CF;62
121405;A. De Francesco;CMF;66
121943;G. Magnani;CB;63
121944;A. Repossi;RWF;60
121945;N. Janelas;LWF;67
121947;Jorge Fernandes;CB;62
121948;K. Jameson;CB;61
121949;M. Maria;LMF;62
121950;S. Eustáquio;DMF;68
121952;M. Ibacache;LB;62
121953;B. Jerez;CB;63
121954;D. Popov;CB;64
121955;A. Shabanov;CB;70
121957;F. Varela;AMF;66
121958;Bikoro;CMF;62
121959;P. Banggaard;CB;72
121960;K. Reimink;GK;60
121961;S. van Den Berg;CB;64
121962;J. Harrison;RWF;73
121964;Eneko Jauregi;CF;61
121966;C. Knasmüllner;AMF;70
121967;A. Díaz;LWF;61
121968;D. Valencia;CF;61
121969;R. Fomin;CF;65
121970;J. Huth;GK;70
121972;Pejiño;LWF;61
121973;M. Zemzemi;RMF;62
121976;J. Sebban;DMF;66
121977;C. López;CF;62
121978;M. Mihojević;CB;70
121979;J. Livesey;GK;56
121980;J. Davenport;DMF;61
121981;J. Bustillos;GK;60
121984;S. Icardi;DMF;64
121985;Ricard Puig;CMF;63
121986;J. Serrano;LB;62
121987;C. Ogbene;LMF;63
121988;L. Babbi;CF;59
121989;A. Carnicelli;LWF;60
121990;B. Cotter;RB;61
121991;I. Ivušić;GK;68
121992;M. Diaby;RWF;64
121994;André;CF;62
121995;Romario Vieira;CMF;62
121996;J. Mukena;CB;58
121998;J. García;GK;58
121999;Konstandeliasz;LMF;62
122001;S. Bougrine;CMF;64
122002;A. Méyé;CF;65
122005;N. Okafor;LMF;61
122006;G. Harontakis;LB;61
122008;A. Maric;DMF;64
122009;C. Larin;CF;72
122010;T. Nikić;CB;62
122011;M. Bakker;LB;67
122012;C. Gakpo;LWF;61
122013;M. Vidovšek;GK;57
122014;Zheng Jie;CMF;62
122015;G. Vatteroni;SS;60
122016;A. Lukić;CB;67
122017;N. Đurasek;DMF;60
122018;A. Guiffrey;AMF;61
122019;B. Robles;CB;60
122020;G. Galoppo;CMF;62
122021;F. Quinteros;LB;62
122022;J. Frimann;CF;62
122023;C. Kirby;CMF;62
122024;Harramiz;RWF;66
122025;J. Pino;CB;62
122026;D. Cayupíl;LB;63
122030;D. Bouah;CB;54
122031;A. Riccardi;CMF;56
122032;T. Buitnik;CF;66
122033;S. Cibois;GK;55
122034;L. Chávez;AMF;61
122035;J. Wind;CF;64
122036;Bruno Leite;RB;62
122037;D. Rossi;LMF;59
122262;E. Hamilton;CMF;61
122264;A. Saelemaekers;RB;66
122265;S. Bornauw;CB;65
122271;T. Chalobah;CB;65
122274;C. Díaz;CMF;63
122275;L. Palumbo;RMF;61
122276;I. Núñez;CMF;62
122277;F. Espinoza;CF;63
122279;I. Aliseda;CMF;64
122280;Germán Díaz;RMF;65
122281;L. Marchi;LB;62
122282;N. Digiano;CB;63
122283;A. Frías;CB;66
122285;L. Costa;CB;62
122288;E. Ercolano;RB;55
122301;Y. Ammour;LWF;62
122302;A. Özdoğan;GK;55
122303;Jesús Godino;GK;59
122304;Álvaro Gómez;CMF;62
122305;A. O'Reilly;AMF;62
122307;F. Tsadjout;CF;57
122308;F. Felicetti;LWF;61
122319;L. Sinayoko;CF;63
122320;S. Mulattieri;AMF;60
122321;Pablo Martínez;CMF;62
122326;J. García;AMF;61
122329;T. Badaloni;CF;64
122330;L. Mentana;CF;59
122332;T. Campbell;CF;62
122333;B. Mbeumo;LWF;65
122335;F. Saavedra;CMF;64
122336;B. Rivera;DMF;66
122338;R. van Eijma;CB;60
122341;L. Flores;RB;64
122342;B. Palacios;RMF;63
122343;A. Bravo;CB;61
122344;D. de Wit;CMF;68
122345;A. Zubiaurre;GK;61
122346;L. Rotpuller;CB;67
122347;T. Vettorel;GK;57
122677;E. d'Alberto;GK;65
122678;Pol Prats;CF;63
122680;A. Sosa;RB;63
122688;R. Yáñez;GK;60
122691;J. Soriano;CB;60
122692;D. Pletnev;RWF;65
122693;M. Ignatov;AMF;63
122695;Gabri Salazar;CF;64
122696;O. Aragon;CF;58
122699;I. Erquiaga;LB;62
122701;R. Novi;GK;58
122702;D. Ventola;RWF;59
122704;K. Butić;CF;61
122705;C. Tiéhi;CF;63
122706;J. Bogle;RB;60
122708;Bruno Costa;CMF;67
122709;Edu Frías;GK;66
122714;Bruno Reis;CMF;63
122715;Alex Dos Santos;GK;60
122716;G. Raspadori;CF;60
122717;T. Holmes;CB;60
122721;Y. Kaiser;CB;63
122722;M. Liechti;RWF;64
122723;I. Skrobotov;CB;61
122725;L. Saravia;SS;65
122728;N. Lang;CMF;66
122730;A. Aleo;LB;65
122731;J. Bruce;GK;57
122732;G. Figliuzzi;GK;58
122733;Tavares;CF;63
122897;Fran Vieites;GK;58
122898;C. Pavez;LMF;61
122899;J. Da;DMF;64
122902;M. Sanders;CMF;60
122903;D. Adín;RB;66
122904;M. San Román;GK;61
122905;Peru Nolaskoain;AMF;63
122906;T. Egert;CB;61
122908;Álex Collado;CMF;62
122909;A. Marqués;CF;61
122910;Tiago Dias;RWF;60
122911;L. Marković;CF;66
122912;A. Di Cosmo;CB;62
122913;Victor Ruiz;CB;61
122914;M. Viviani;CMF;61
122918;Diego García;CF;68
122920;L. Casagrande;CB;55
122923;N. Lewis;CB;66
122924;B. Reith;RB;64
122925;J. Wehrmann;CMF;65
122926;D. van der Kust;RWF;64
122927;J. Zwarts;CF;65
122928;T. Timmermans;AMF;65
122929;R. Polley;CF;64
122931;D. Cremonese;GK;53
122932;R. Bignami;CB;55
122933;T. Spaviero;AMF;58
122934;L. Scimia;RMF;60
122935;Adrián Pérez;GK;59
123066;S. Sanogo;LWF;59
123067;L. Sørensen;CMF;63
123068;O. Bailey;AMF;63
123070;R. Fernandes;RWF;63
123071;E. Verhoeven;DMF;61
123072;Carlos Muñoz;RB;64
123073;Juan Agüero;AMF;62
123075;S. Achelus;CMF;62
123076;O. Stijepović;LMF;61
123077;M. Ruíz;LB;59
123078;K. Sierhuis;CF;68
123079;L. Ndreu;CMF;62
123224;A. Zini;CB;59
123225;C. Jones;CMF;63
123226;Rafael Camacho;AMF;65
123227;C. Kouadio;RB;57
123228;B. Lubala;AMF;62
123230;D. Eckert;CF;64
123231;O. Rojas;CMF;62
123232;R. Aït Nouri;LB;63
123234;C. Munder;RWF;65
123235;L. Mironov;CB;60
123238;M. Gómez;LMF;64
123239;J. Daly;CF;63
123240;T. Ceccacci;CB;57
123241;S. Esposito;CMF;61
123242;Y. Begraoui;CF;60
123243;C. Nicell;CMF;63
123410;F. Alvarado;LB;63
123411;S. Elia;LWF;62
123414;C. Parano;AMF;64
123423;T. Freriks;CF;64
123424;N. Zedán;CF;63
123431;R. Adamczyk;CMF;63
123432;R. Sordo;AMF;65
123436;R. Hutchinson;LB;62
123437;U. Abreliano;RB;64
123438;L. Necul;AMF;65
123442;A. Abeid;LB;62
123443;C. Billemaz;CF;68
123444;Elves;RWF;61
123446;P. Struijk;CB;65
262235;Gyewon Pyeon;CB;74
262869;F. Mcphee;DMF;81
262959;R. Franklyn;RMF;88
262960;J. Evatt;CMF;87
262961;J. Littleton;CF;84
262981;I. Aguilar;AMF;87
262984;J. Sequeira;RWF;87
262997;R. Gaona;CB;84
263001;J. Humet;DMF;87
263019;H. Sarrazin;CB;86
263021;F. Aubin;LB;81
263022;M. Fevrier;CB;84
263024;G. Deleuze;DMF;86
263027;O. Ghesquiere;AMF;95
263032;J. Laparra;DMF;87
263063;F. Dijkstra;CB;84
263072;S. Kuijpers;LWF;80
263107;R. Fiume;CB;89
263109;R. Marzola;CB;89
263116;S. Pagliuca;CF;84
263134;D. Mara;LMF;88
263150;R. Breuer;GK;90
263154;H. Poser;CMF;87
263172;J. Berg;GK;89
263246;A. Kuoppamaki;AMF;84
263392;I. Obradovic;CB;79
263509;Y. Netudyhata;CF;89
263619;B. Ketelbey;AMF;85
263620;J. Adusei;CF;84
263643;J. Georges;CF;83
263699;M. Alana;GK;83
263702;F. Weindler;DMF;73
263744;H. Pantoja;CB;86
263768;A. Serpa;LB;88
263769;B. Albuquerque;RB;86
263770;P. Barreto;DMF;85
263774;O. Correa;CF;91
263776;T. Valente;CB;75
263818;P. Raya;CF;84
263819;A. Capi;CF;84
263831;R. Belsue;GK;82
263835;G. Parra;RB;78
263854;S. Cano;CB;78
263877;J. Borrell;CB;81
263879;J. Liano;CMF;82
263885;E. Salasibar;CF;87
263889;K. Lombardero;DMF;80
263898;Y. Takayanagi;AMF;80
264036;R. Peters;SS;90
264101;J. Dowd;CF;86
264184;O. Savage;CF;89
264272;B. Kuiper;CF;90
264275;A. Mayer;CB;84
264281;S. Ataide;CF;92
264299;M. Canabal;DMF;85
264303;E. Krpan;AMF;88
264470;G. Branco;GK;84
264478;L. Sotomaior;DMF;84
264483;L. Sanz;AMF;84
264488;L. Ambrosini;SS;93
264664;J. Morieda;AMF;78
265799;C. Noronha;RMF;71
266915;M. Bray;GK;79
266945;Guixiang Xu;DMF;66
267144;B. Noguerol;GK;77
267874;F. Hyatt;CMF;75
267922;V. Sholokhov;GK;80
268627;P. Knolles;DMF;76
269062;A. Barreto;CF;72
269216;S. Henriques;RB;74
269248;D. Sanches;LWF;81
269276;V. Denham;LWF;71
270033;S. Raybould;CF;74
270987;R. Heine;RWF;73
270990;S. Egan;RMF;75
271288;A. Vasconcelos;CF;79
271319;D. Krgo;CF;80
271329;J. Boisset;CF;77
271422;A. Mascarenhas;CMF;72
271526;B. Saldoni;LMF;78
272448;Ruowei Gu;GK;68
272557;Kunnan Guo;RWF;68
272729;Guanghong Qin;CMF;74
274818;Taeyang Yang;AMF;79
278121;F. Neves;CF;72
278166;Yeonro Dam;DMF;73
278252;Igyeong Tak;RMF;74
278315;S. Haydar;GK;65
278323;A. Bahgat;RB;65
278325;S. Nawaf;CB;57
278328;I. Raed;CB;65
278329;J. Salman;CMF;65
278641;Hyeonjin Gun;DMF;72
278690;Banghyeon Tan;CB;69
278720;Yeonghwa Pi;LB;76
292343;L. Savitsky;LB;76
292344;M. Frockhart;AMF;79
292521;A. Tavora;LB;74
292559;I. Vasconcelos;LB;73
292612;S. Abdellah;CF;64
292691;R. Bates;AMF;72
292701;N. Seymour;CF;73
292703;B. Rhys;GK;71
292704;Y. Omar;GK;72
292769;J. Shams Aldin;CF;59
292888;O. Munib;GK;61
293007;V. Enestorosa;CB;68
293013;A. Farres;GK;71
293015;L. Olazabal;CMF;65
293020;A. Canabal;CF;67
293021;A. Vivo;CF;70
293308;H. Nasir;AMF;74
293360;S. Abdelaziz;RB;63
293650;O. Asher;CMF;58
293776;Y. Ekram;GK;60
293879;M. Herrick;CB;61
293981;R. Bin Gamil;GK;73
294043;Shuaijie Duan;GK;69
294424;T. Spearritt;DMF;79
294479;R. Faria;AMF;73
294521;H. Beddington;CF;71
294600;B. Serpa;CF;71
294622;B. Adham;GK;75
294864;P. Henriques;CF;73
295185;A. Hindley;AMF;72
295195;C. Bentham;DMF;75
295342;T. Bernadis;AMF;74
295460;H. Pires;CB;69
295575;L. Salcedo;LB;71
295635;C. Masso;CF;65
295642;J. Lazaro;RMF;72
295699;Weizai Xue;CMF;68
295701;Dongjian Mo;CF;74
295723;F. Adeel;GK;68
295845;H. Olano;RWF;82
296010;L. Izzet;CMF;79
296184;M. Ruhi;CF;68
296195;I. Stringer;DMF;76
296246;D. Salaverri;GK;79
296252;C. Lulli;CMF;81
296339;H. Thatcher;CB;72
296419;J. Rafiq;CB;64
296579;A. Ivanic;GK;70
296619;Z. Cordero;CB;87
296749;J. Lacoste;AMF;72
296782;F. Venison;CB;70
296994;A. Montausier;DMF;77
297017;F. Aguiar;AMF;80
297025;G. Almendros;CF;92
297229;Moka Jin;CMF;72
297306;L. Gladstone;CF;75
297343;V. Niven;CMF;64
297348;N. Eca;CF;73
297352;C. Piedra;RB;75
297409;H. Domingues;DMF;68
297588;L. Zarzo;DMF;77
297590;R. Sorita;RB;80
297621;J. Sarasate;CF;87
297768;A. Mukhtar;CB;73
298368;Z. Hobbs;CF;72
298445;T. Levey;LWF;68
298457;Bongil Yeop;GK;71
298458;Seolbong Ong;RB;69
298540;D. Aleksovski;CB;81
298690;J. Viloca;GK;77
298700;O. Valenzuela;CF;80
298871;J. Usandizaga;GK;81
298903;B. Carson;CB;70
298908;M. Osvit;LB;80
299134;F. Sidique;LMF;82
299149;T. Foch;AMF;76
299165;L. Fillon;CMF;80
299180;J. Zubori;LB;75
299191;M. Geoffroy;GK;66
299196;B. Suton;DMF;81
299235;R. Bron;CF;75
299246;H. Keats;CF;74
299355;D. Bayes;CMF;67
299435;S. Radosevic;GK;80
299448;D. Nogues;RMF;73
299545;L. Soule;LB;71
299562;P. Antunes;CF;74
299566;R. Kupusovic;CMF;85
299576;L. Eklund;LWF;79
299581;X. Escoda;CB;80
299651;R. Creus;CMF;75
299660;T. Serpa;RB;71
299694;M. Hashim;CF;65
299782;A. Sefic;CF;85
299873;O. Inayatullah;GK;71
299893;R. Alvina;GK;67
299930;O. Crosse;LB;74
299931;D. Cousins;DMF;63
299941;Yongman Bi;GK;64
299958;L. Boyett;CF;72
299989;R. Olney;CB;70
299990;D. Stipancic;RB;77
299993;N. Milosic;RMF;79
300046;M. Zamacois;AMF;70
300053;F. Sara;LB;73
300062;P. Ritchie;GK;72
300065;D. Thomas;AMF;75
300066;R. Hambro;CF;76
300139;R. Domingues;CB;71
300424;C. Orde;CF;76
300581;J. Villard;DMF;78
300602;M. Champreux;DMF;70
300660;J. Esteves;CF;72
300663;T. Etchison;RB;72
300810;L. Almeida;CB;74
300831;E. Mayerl;CF;78
300855;F. Mcardle;LB;74
300882;A. Blain;RB;76
300928;I. Meale;GK;77
301017;R. Deacon;CMF;75
301091;K. Herzen;CMF;81
301095;T. Preciado;CF;77
301177;Sungeuk Yeo;GK;71
301331;Yeongsin Ae;DMF;79
301332;Yeonghui Pyeong;RWF;76
301360;F. Bisset;RMF;80
301371;L. Bozza;CMF;74
301393;D. Lanns;GK;71
301410;C. Bouix;CMF;69
301412;S. Ziad;CMF;75
301445;A. Vade;CB;72
301506;T. Yezhov;CF;73
301521;Y. Bondarchuk;CMF;78
301688;L. Chalayev;LB;74
301818;G. Hillton;GK;77
301848;J. Legazpi;LB;73
301915;N. Irwin;LB;71
301948;R. Ventura;GK;75
301970;Y. Adivan;GK;58
301979;B. Izzat;CB;60
301986;Junhye Mun;CMF;65
302008;O. Jaber;CF;71
302025;J. Sidqi;CB;65
302031;J. Izzatullah;CF;74
302035;T. Button;RB;64
302048;F. Berteloot;GK;61
302056;J. Darlan;CF;70
302120;B. Enfield;CF;74
302153;N. Arbutina;LB;72
302220;G. Medeiros;RB;72
302269;V. Herve;DMF;79
302384;S. Djurovic;DMF;84
302510;I. Farrington;LWF;69
302573;B. Simatovic;CMF;77
302627;R. Lear;CB;74
302643;Jeomdeok Seol;AMF;72
302645;J. Leblanc;LWF;73
302654;Y. Leray;CF;74
302702;A. Jarque;LMF;70
302773;F. Ribero;LB;78
302809;E. Boluda;RMF;80
302830;V. Tavora;LWF;72
302868;P. Medeiros;AMF;75
302906;E. Baraja;AMF;77
302914;M. Burrows;CF;74
302935;D. Bishop;GK;69
302949;Rongchang Tao;RB;74
302956;A. Hamdi;AMF;59
303004;B. Pires;DMF;73
303129;F. Loach;CF;77
303138;N. Barouh;GK;74
303256;I. Qusay;CMF;70
303286;R. Pessanha;GK;78
303297;A. Manen;CB;80
303324;P. del Sol;GK;77
303339;P. Siqueira;CMF;77
303349;B. Abreu;LB;75
303352;I. Betencourt;CB;75
303378;G. Meira;CF;71
303384;A. Dias;LWF;74
303482;T. Andion;RMF;74
303491;P. Zandio;CB;70
303623;M. Solabarrieta;CMF;75
303753;Y. Diya Aldin;CB;74
303809;I. Santonja;CB;70
303983;A. Tereshkova;CF;74
304039;M. Vernier;RB;69
304128;A. Etxabe;AMF;74
304207;S. Abdul Khaliq;LB;72
304401;N. Castells;CMF;71
304408;B. Andrade;LMF;72
304418;J. Corte Real;GK;74
304522;L. Mujcin;AMF;81
304567;O. Gilchrist;RMF;71
304572;D. Figueira;CB;73
304719;M. Chaynes;CMF;82
304756;A. York;GK;74
304788;E. Arca;CB;68
304824;H. Goios;CF;74
305006;H. Gunn;DMF;76
305075;H. Bywater;LWF;78
305145;S. Valbuena;GK;77
305207;Taeung Jeup;LWF;82
305208;Yeonok Gal;CF;74
305210;Gijong Eom;CF;76
305223;A. Dabbah;LB;81
305364;B. Lowry;RWF;72
305421;J. Aleksic;LMF;80
305441;M. Tavora;GK;78
305532;C. Mas;RMF;65
305533;L. Meca;DMF;66
305536;P. Belenguer;CB;68
305538;D. Piedra;DMF;63
305542;I. Vides;CMF;65
305544;F. Vidre;CB;61
305630;W. Nadeem;DMF;65
305631;H. Basim Glimd;LB;65
305633;M. Feroze;SS;63
305637;G. Nawfal;CF;63
305641;S. Hasib;CB;62
305733;M. Cherchesov;CB;74
305755;S. Halley;AMF;72
305756;L. Scowcroft;CB;71
305824;A. Larraya;CB;79
305832;B. Amaral;CB;73
305909;E. Ferreira;RMF;79
305920;A. Chaves;GK;77
305932;S. Esteves;LB;71
306041;J. Ibarz;AMF;76
306103;B. Soldevilla;RB;75
306125;T. Almada;RWF;70
306127;G. Cerveira;CB;71
306131;H. Corte Real;CB;70
306192;J. Ifans;GK;80
306389;A. Perriand;CB;71
306435;K. Qutb;RB;62
306436;O. Samad;DMF;64
306481;J. Denis;RMF;80
306495;A. Fayaz;GK;72
306502;H. Nasri;DMF;69
306508;S. Nawfal;RMF;65
306512;H. Dabbah;DMF;63
306534;C. Dos Santos;CB;72
306809;M. Nadir;CF;74
306812;Iltae Sagong;CF;67
306920;V. Krznar;CB;79
307007;Y. Ridwan;CB;73
307223;V. Geoffroy;CB;74
307324;D. Greggory;CB;74
307360;M. Al Musawwir;RWF;74
307430;J. Ledoux;RWF;70
307480;X. Cudoreni;CF;76
307489;T. Charlson;CMF;75
307519;J. Embury;GK;75
307535;S. Becket;CB;72
307625;E. Malafaia;CB;70
307653;A. Cunha;AMF;74
307659;E. Bitencourt;CMF;72
307686;I. Berry;SS;67
307719;J. de la Rosa;CB;77
307770;A. Medeiros;RMF;76
307772;A. Mata;GK;68
307868;E. Gades;CB;73
307884;A. Bruguena;DMF;75
307949;H. Pahissa;CF;78
307951;A. Zunzunegui;CB;71
307967;G. Sordo;CMF;80
308028;R. Esteves;DMF;75
308033;A. Suhail;RB;73
308056;R. Barlow;AMF;75
308058;Y. Gericault;GK;65
308067;M. Bourgine;GK;70
308069;H. Abdul Hafiz;GK;65
308070;J. Omar;LWF;71
308071;O. Amis;CB;68
308076;G. Ilic;RMF;73
308080;I. Levey;GK;62
308083;R. Begovic;DMF;66
308085;T. Widdows;RWF;65
308100;A. Noronha;CMF;75
308107;E. Meneses;LB;70
308115;S. Faizullah;GK;64
308132;Giseon Ban;CF;61
308134;Cheongil Wi;CB;63
308138;S. Figueira;AMF;73
308170;A. Meira;SS;72
308173;H. Esteves;RB;77
308178;R. Mendonca;LWF;68
308179;T. Moniz;GK;72
308182;A. Branco;CMF;69
308187;I. Manuel;RB;72
308195;J. Lucientes;CB;74
308197;J. Moso;CF;76
308198;O. Boix;DMF;75
308216;J. Fahyim;CF;69
308265;R. Nawfal;DMF;62
308267;A. Tayfur;LMF;65
308268;N. Sadik;LWF;65
308271;R. Bakor;CF;60
308272;S. Fariduddin;RWF;60
308276;J. Najm;GK;59
308277;Y. Djamel;CB;60
308279;T. Fariji;CB;62
308283;S. Rafiq;CF;60
308293;N. Tavora;CB;69
308295;A. Lemos;RB;75
308299;H. Bethancourt;CB;71
308314;G. Valente;RB;71
308336;R. Siqueira;GK;73
308345;D. Mata;CF;78
308458;H. Serpa;SS;73
308460;E. Aguiar;GK;71
308478;B. Lemos;DMF;74
308482;A. Coelho;LB;74
308487;J. Valente;LB;76
308493;L. Almada;DMF;69
308506;P. Castelo;DMF;76
308508;H. Faria;AMF;70
308516;S. Bethancourt;DMF;71
308520;H. Arca;CB;73
308521;P. Betencourt;GK;66
308531;A. Cavalcante;AMF;73
308544;N. Cunha;LB;68
308557;E. Goios;LWF;71
308567;M. Nin;RWF;65
308610;T. Bashar;CB;77
308625;S. Aariz;LWF;80
308698;M. Leslie;CB;79
308700;G. Upshaw;DMF;76
308701;Z. Hensley;RWF;74
308712;A. Batlle;CB;75
308727;H. de Pedro;CF;72
308735;M. Dankworth;LMF;79
308737;R. Hampshire;CB;78
308753;E. Camara;CB;69
308838;B. Emmett;AMF;74
308866;J. Steurer;CF;73
308900;M. Vasconcelos;DMF;73
308931;C. Aroca;CF;68
308987;V. Lvov;CB;73
309008;N. Strugar;LWF;79
309062;I. Albuquerque;LWF;68
309064;L. Azevedo;CF;70
309065;B. Melo;LWF;76
309125;S. Lyadov;CB;74
309136;K. Nurullah;DMF;64
309162;E. West;RWF;73
309178;B. Aguiar;DMF;71
309189;A. Faraq;RB;70
309193;H. AS Salam;RWF;79
309281;J. Noronha;DMF;72
309306;N. Cuzulan;LB;81
309347;E. Severy;CMF;77
309492;C. Bethancourt;CB;80
309545;A. Eca;AMF;73
309569;C. Falcinelli;RB;75
309756;S. Valido;RB;68
309846;T. Salazar;RB;73
309868;K. Viggers;RMF;72
309869;T. Gleize;DMF;72
309872;F. Mendonca;CB;67
315533;M. Abdul Qayyum;GK;57
315534;B. Le Bihan;CB;68
315535;Nationality;CB;58
315536;G. Kuiper;RB;70
315537;P. Orgue;LB;70
315538;N. Ara;DMF;71
315539;J. Romana;DMF;72
315540;A. Frangolacci;LMF;73
315541;A. Choron;SS;72
315542;T. Coviri;AMF;73
315543;J. Giraudeau;CF;70
315544;G. Baranov;GK;54
315546;R. Leclair;CB;50
315550;A. Perec;RMF;70
315552;G. Balledor;AMF;71
315553;Q. Prim;CF;59
319160;A. Morton;RMF;70
319171;E. Silvio;RMF;76
319184;Guangxi Xiong;RMF;66
319185;A. Carr;DMF;74
319187;H. Mohy Aldin;RWF;64
319189;N. Zakariya;GK;61
319190;J. Satam;RWF;65
319191;N. Bara;RB;64
319192;Y. Abdal Karim;CB;70
319193;V. Murad;LB;72
319197;R. Junayd;CF;64
319198;N. Bilal;LB;64
319200;K. Djamel;SS;68
319201;H. Ishak;RB;64
319204;R. Faraq;CB;68
319205;J. Nazmi;GK;62
319209;S. Nazim;LMF;61
319211;M. Izzat;SS;62
319213;Y. Mukhtar;RWF;67
319214;I. Bahri;RB;62
319217;S. Abdul Baqi;CB;60
319218;H. Abdal Rahim;RB;62
319220;J. Gamil;LWF;61
319223;Yeongpil Gam;AMF;59
319224;Nagyeong Ha;RB;68
319225;R. Ishak;DMF;63
319227;M. Asghar;RMF;60
319234;V. Osman;LB;66
319238;J. Mohy Aldin;AMF;68
319239;H. Najib;CMF;72
319241;H. Bahir;RWF;70
319243;L. Mayer;AMF;62
319244;M. Beddington;RB;63
319248;T. Jawdat;RB;66
319249;S. Nasim;CMF;62
319250;A. Gabr;GK;65
319251;N. Tayeb;CF;76
319253;R. Bin Fahmi;CMF;63
319254;G. Bulus;RB;65
319263;T. Rajab;CF;80
319275;M. Halevy;CB;66
319302;N. Abd Al Bari;CF;64
319320;C. Lillie;RB;71
319321;N. Lytton;CB;75
319408;J. Chaumette;RB;70
319432;S. Clemenceau;CF;70
319436;J. Ouanna;LWF;74
319439;A. Duchaussoy;GK;68
319448;A. Finot;RWF;84
319465;H. Straw;CB;67
319466;C. Leigh;CMF;69
319470;A. Holbein;GK;62
319472;E. Adusei;RB;70
319474;E. Valera;CF;79
319572;B. Aguilar;CB;71
319584;E. Sequeira;DMF;69
319594;F. Almeida;LWF;73
320589;Rongpu Luo;CMF;70
320590;Langyan Cui;LB;67
320608;Junnuo Pan;LMF;68
320615;S. Oconnor;CB;60
320626;J. Erskine;RWF;64
320633;B. Magness;DMF;61
320634;J. Hay;CB;63
320639;O. Pritchard;CF;63
320784;T. Paravac;CB;78
320785;B. Zoro;CB;76
320788;S. Gojer;RB;70
320789;N. Kljujic;RMF;77
320825;G. Lobato;CB;69
320850;C. Eca;GK;73
320872;P. Tavora;RWF;73
320874;T. Nunes;CB;72
320899;J. Bethancourt;CF;69
320906;I. Pessanha;RWF;73
320924;L. Esteves;GK;67
320929;H. Valente;DMF;69
320955;M. Almada;DMF;76
320968;S. Yahya;AMF;73
320970;C. Finzi;RWF;65
320983;Y. Sorita;CB;84
320989;A. Piskulic;CB;72
320992;C. Branco;DMF;74
321000;D. Brazil;RB;69
321001;J. Galica;CF;64
321003;C. Parmor;CB;73
321018;T. Nadeem;CB;67
321032;Y. Wazir;LB;71
321056;I. Nuh;LB;74
321102;F. Manzur;GK;64
321124;F. Naji;DMF;59
321133;H. Shaaban;CMF;69
321177;R. Abdel Nour;RWF;61
321180;V. Zafarullah;DMF;62
321181;N. Abdul Latif;DMF;63
321184;S. Abdal Muhsin;CB;63
321185;M. Basim Glimd;CB;59
321191;I. Marlowe;GK;63
321192;K. Arnell;CF;67
321193;M. Reber;CB;66
321199;B. Auckland;AMF;62
321262;N. Tufail;CB;66
321508;A. Jorquera;AMF;73
321641;E. Adzem;LB;69
321663;L. Bitencourt;AMF;71
321733;N. Gresham;RWF;77
321854;C. Ayton;RWF;75
321992;V. de van;LMF;75
321999;W. Bin Farid;CB;73
322021;Y. Bakor;GK;63
322028;I. Kerensky;RMF;79
322045;Laiyun Cui;CB;70
322048;H. Moeen;GK;61
322052;O. Bin Idris;SS;63
322067;H. Pequegnot;SS;74
322075;W. Jawdat;LB;62
322078;B. Stubbs;CF;75
322083;I. Turki;CF;64
322085;E. Millet;DMF;67
322086;R. Hoddinott;LB;70
322090;H. Mazar;CB;75
322096;S. Abdirahman;RWF;69
322098;K. Numan;LWF;70
322104;N. Jonasz;RMF;79
322105;A. Dorronsoro;AMF;73
322116;Dingping Cui;LB;68
322122;O. Jowell;LB;69
322123;O. Ghazanfar;CMF;63
322124;M. Imad;AMF;78
322127;T. Midhat;CB;61
322131;S. Nieto;RB;69
322138;G. de Leymarie;CB;74
322139;E. Ibarz;CMF;78
322144;G. Ibrahim;LMF;77
322246;H. Torroja;CB;74
322303;C. Barkero;CB;75
322547;J. Zafar;CMF;67
322556;C. Garson;LMF;68
322574;P. Vukcic;DMF;80
322616;S. Dils;RWF;69
322621;A. Sowell;CB;73
322652;D. Katisic;CB;78
322698;F. Balaban;CF;75
322707;T. Abalo;LWF;83
322767;J. Lavant;LB;71
322888;J. Figueira;RB;72
322889;R. Aguiar;CF;69
322922;C. Mascarenhas;DMF;70
322947;P. Almada;LMF;71
323066;G. Pretot;RWF;80
323104;B. Cerveira;CB;71
323105;P. Neves;RB;71
323115;J. Lobato;LB;67
323116;H. Barreto;GK;72
323214;L. Sumrak;CF;70
323327;J. Qusay;CMF;81
323535;J. Alvares;LWF;72
323558;Jeongsun Noe;GK;76
323586;R. Karabegovic;CB;75
323594;M. Cerveira;CF;69
323595;F. Lobo;LWF;72
323596;F. Siqueira;CF;80
323604;L. Balada;CF;73
323669;D. Parada;AMF;77
323774;A. del Amo;LB;63
323818;G. Privivkova;CB;74
323819;M. Bessonova;DMF;75
323835;M. Torre;GK;61
323836;A. Fry;CB;79
323843;R. Gorton;GK;71
323846;P. Woodvine;CF;77
323863;P. Monckton;GK;70
323869;Y. Azher;RMF;83
325168;D. Faber;LB;80
325169;I. Vasco;CMF;84
325170;F. Ramis;SS;89
325171;S. Ventura;LWF;85
325174;G. Mendonca;LWF;86
325279;N. Sultan;DMF;72
325283;X. Arca;SS;75
325291;G. Sadr Aldin;AMF;74
325300;F. Smythe;LB;69
325444;R. Ilyas;CF;62
325468;B. Pereiro;CB;72
325475;E. Fenton;CF;75
325519;I. Pires;RWF;71
325544;G. Aguiar;SS;74
325552;O. Pires;CB;71
325600;H. Stone;RB;68
325621;P. Moura;AMF;72
325714;Sihyeong Bang;CMF;70
325919;Yuncheol Tak;CB;76
326011;Guoke Cao;RB;65
326921;Shengxiao Xiong;CB;68
327004;N. Safiullah;CMF;56
327012;V. Bashshar;CB;60
327051;N. Zainal;RB;68
327079;Dongwan Ga;AMF;73
327090;Gyeongil Jeup;RB;67
362284;D. Stokes;CB;76
362623;B. Voljevica;CF;70
362732;R. Speedman;CB;75
363015;A. Gasquet;CMF;83
363062;J. Tessiers;CMF;76
363282;G. Cunha;AMF;74
363314;M. Sattar;CB;63
363319;M. Qutb;LWF;68
363426;H. Ehsanullah;RMF;64
363427;Y. Nasrallah;CMF;60
363431;O. Rafiq;CF;71
363433;M. Nasser;LWF;60
363529;C. Mata;GK;62
363615;N. Mata;DMF;72
363644;N. Abd Al Halim;RB;55
363707;A. Gois;RB;73
363710;H. Meneses;DMF;70
363856;I. Da Gama;CB;69
363868;D. Aboim;AMF;71
363870;B. Figueira;AMF;72
363894;F. Valente;RB;73
363897;V. Godwin;CF;70
363958;C. Olivier;GK;60
364021;F. Saura;AMF;77
364199;F. Strauss Kahn;CB;77
364216;G. Jahid;CB;75
364349;S. Bitencourt;LB;67
364393;D. Aguiar;CF;73
364584;O. Truman;CF;78
364729;Huoqia Zhou;GK;71
364777;L. Correia;RB;70
364825;D. Pessanha;RB;71
364826;J. Mion;LWF;79
364838;G. Messmer;CF;74
364842;Beila Tan;RWF;76
364844;Bitian Shao;DMF;72
364847;D. Aguilar;GK;67
364901;Y. Deldevez;CB;84
364990;C. Partington;LB;74
365497;S. Domingues;CB;74
366081;R. Akrapovic;GK;75
366084;G. Allamand;AMF;70
366093;B. Todd;GK;73
366115;L. Horry;DMF;72
366165;D. Murdock;CB;73
366168;Z. Ethelred;LB;72
366621;C. Lobato;AMF;70
366623;D. Castelo;GK;66
366638;C. Faria;RB;68
366643;L. Moura;LB;69
366673;A. Da Gama;CF;67
366795;H. Ataide;LB;67
366831;H. Deffes;CMF;75
366832;C. Jeanneret;LB;66
366894;A. Sehovic;DMF;74
366899;R. Lobato;LB;68
366921;L. Meira;CB;71
366924;K. Abdur Razzaq;CMF;72
366982;G. Tarbouriech;DMF;70
367018;L. Boubryemm;CMF;70
367032;J. Savoy;CB;65
367036;O. Rivier;DMF;71
367038;G. Aubin;CB;67
367056;I. Barraq;LB;72
367059;A. Ghanim;RB;71
367060;S. Ghazi;CF;69
367061;I. Raji;CB;65
367065;B. Hawking;LWF;65
367068;P. Frockhart;CF;65
367070;T. Hailwood;DMF;67
367072;C. Barber;CF;65
367078;Dongjian Meng;RB;67
367079;N. Elford;CB;71
367080;S. Minto;RB;72
367081;J. Ripley;CF;70
367082;T. Donnelly;RB;72
367083;R. Baha;LWF;71
367090;M. Bin Idris;LMF;61
367091;I. Ubay;LB;62
367092;J. Uthman;CB;61
367094;M. Kab;RWF;62
367095;M. Bin Farid;LWF;62
367096;J. Habib;DMF;60
367097;M. Hakam;CMF;59
367098;G. Talal;AMF;59
367099;T. Abo;LB;62
367100;J. Ishak;GK;59
367112;Yeongha Maeng;LB;62
367114;Jubaek A;AMF;59
367115;Hakryeol Yeop;GK;62
367121;K. Rahmi;LB;62
367124;Y. Sirajuddin;CF;61
367126;R. Abdal Mufi;RWF;63
367129;Guksin Don;CF;70
367130;W. Dod;LB;62
367131;L. Clare;LMF;62
367134;A. Berkley;RWF;60
367135;P. Roth;GK;60
367143;M. Obree;GK;64
367149;O. Gemmill;CF;68
367153;E. Guayre;GK;61
367154;T. Boluda;LB;62
367164;I. Bruton;CB;70
367167;E. Merchant;AMF;71
367168;K. Luard;LWF;77
367172;S. Andrewes;GK;75
367197;K. Lourie;DMF;73
367198;C. Alcott;DMF;71
367206;J. Dujmovic;DMF;73
367218;B. Soric;GK;70
368031;Guangyou Peng;LWF;66
368094;A. Hurd;CF;73
368148;Jeman Ae;CB;72
368202;F. Hafeez;DMF;65
368212;G. Karim;CMF;70
368243;A. Truman;CB;64
368246;A. Gresham;CMF;62
368265;B. Marett;LWF;55
368269;K. Cauchy;CMF;59
368271;G. Partridge;RWF;69
368279;L. Coombs;CF;70
368320;T. Warwick;DMF;64
368378;G. Nunes;CF;71
368379;G. Mascarenhas;DMF;79
368381;N. Aguiar;LB;72
368554;E. Dumfries;LMF;76
368581;D. Ingram;RMF;64
368704;H. Aguilar;GK;65
368708;P. Albuquerque;CMF;68
368710;E. Sanches;GK;75
368720;R. Betencourt;CB;74
368723;V. Pessanha;DMF;71
368757;A. Figueira;AMF;71
368758;L. Nunes;CMF;76
368774;L. Urabayen;RMF;72
368776;X. Henriques;CMF;69
368781;C. Peres;RB;70
368785;E. Nunes;AMF;72
368896;H. Jaber;LWF;73
368913;B. Radisic;AMF;72
368917;F. Garson;LWF;75
369200;A. Esteves;SS;69
369208;S. Nogueira;AMF;66
369209;G. Castelo;CB;71
369210;M. Cavalcante;SS;67
369237;L. Gois;AMF;71
369276;R. Fakih;CF;61
369284;J. Krause;CB;75
369292;R. Herbert;CB;76
369302;L. Usandizaga;CF;63
369312;A. Lombardero;AMF;66
369333;I. Siqueira;GK;72
369359;S. Nurullah;CMF;62
369382;H. Vukovic;CB;72
369416;M. Naseeb;CF;67
369441;M. Wazir;LB;68
369443;A. Sabri;CB;59
369453;Y. Abdal Ati;LWF;73
369477;S. Morton;CB;59
369482;G. Illarionov;LMF;75
369519;B. Finley;GK;57
369520;H. Suhail;CMF;62
369528;S. Valente;AMF;72
369529;S. Kolchanova;CF;74
369537;K. Faraj;CB;58
369550;S. Afif;CF;64
369552;D. Cerveira;CF;69
369565;E. Branco;CMF;72
369566;G. Da Gama;CMF;72
369567;D. Warren;CMF;59
369613;T. Gabin;SS;78
369664;J. Melo;CB;66
369670;B. Vasconcelos;DMF;69
369675;E. Vasconcelos;CB;64
369797;H. Bin Abdul;CMF;62
369881;T. Antunes;CB;70
369898;J. Manalt;CB;75
369904;M. Domingues;CB;67
369939;R. Almunia;CB;58
369944;V. Tchemberdji;AMF;72
369989;N. Pejanovic;CF;74
370016;M. Noronha;LB;66
370144;T. Siqueira;CMF;74
370149;J. Aboim;CB;64
370190;G. Moura;CMF;66
370372;F. Castelo;DMF;73
370406;B. Peres;CB;73
370616;E. Dias;DMF;70
370709;E. Bethancourt;CMF;65
370724;M. Coelho;CB;65
370809;P. Branco;CMF;66
370814;C. Lemos;CB;64
370836;J. Naim;CB;75
370851;H. Boureau;CF;70
370853;A. Goossens;CF;75
370855;G. Singer;DMF;71
370960;D. Teixeira;DMF;73
370966;J. Almada;CMF;72
370969;G. Abreu;RB;69
370989;R. Sanches;RB;69
371001;J. Mata;AMF;66
371283;V. Faria;AMF;68
371342;G. Lemos;GK;55
371495;G. Landreau;RB;74
371518;C. Lindbergh;CMF;72
371666;F. Vukcic;CF;73
371697;E. Corneau;CMF;69
371707;E. Migot;CMF;69
372206;X. Dias;CF;64
372209;M. Chaves;LB;65
372417;R. Dias;RMF;67
372424;B. Azevedo;CF;65
372539;R. Gois;CF;62
372560;M. Cunha;CMF;66
372701;T. Sadr Aldin;CMF;67
372774;V. Teixeira;GK;66
372801;Q. Price;DMF;76
372820;R. Jogic;CF;73
372821;E. Manuel;CB;65
372829;A. Lehn;LB;66
373054;N. Coelho;CB;74
373055;B. Antunes;DMF;66
373057;H. Mata;CMF;69
373169;V. Aguilar;DMF;65
373253;A. Dos Santos;GK;62
373324;J. Azevedo;DMF;69
373326;C. Abreu;AMF;64
373327;E. Azevedo;SS;64
373399;Guopin Shen;CF;67
373446;L. Tavora;RB;68
373471;B. Goios;DMF;69
373493;S. Abdul Majid;CB;75
373521;B. Domingues;LMF;71
373527;R. Correia;GK;67
373614;T. Goios;GK;62
373616;M. Peres;LWF;68
373638;S. Pigou;GK;70
373749;M. Ghazanfar;CMF;59
373792;S. Bahgat;GK;62
373793;H. Fakhir Aldin;CB;61
373953;N. Lobato;CB;62
374183;D. Escude;GK;71
374206;Y. Burtseva;AMF;77
374209;W. Abdi;CB;59
374211;S. Nizam Aldin;LWF;65
374243;O. Rankl;GK;70
374247;S. Tye;LWF;75
374248;B. Koumas;RWF;79
374249;Q. Gainsborough;CF;74
374259;O. Zafer;DMF;70
374266;M. Litolff;GK;56
374269;G. Delevigne;CB;60
374282;G. Coverdale;CF;62
374287;M. Lemmon;GK;55
374290;L. Bevan;CB;61
374293;H. Webster;DMF;64
374302;T. Fadi;GK;58
374304;H. Wasim;DMF;61
374305;I. Aku;CB;59
374306;J. Najib;CB;59
374307;H. Riad;CMF;62
374308;N. Muadh;CMF;62
374311;A. Kashif;CMF;62
374315;C. Sueiro;GK;55
374317;G. Arenas;CB;66
374318;T. Montesinos;AMF;62
374319;S. Boia;CF;62
374323;I. Wazir;GK;55
374324;J. Samad;CB;59
374329;J. Dhikrullah;CMF;62
374330;B. Nasri;CMF;59
374331;N. Badru;CMF;61
374334;V. Bari;CF;60
374339;Unhwan Ga;GK;57
374344;Gyeol Hyeong;CMF;62
374346;Sangho Pil;CMF;64
374347;Byeongju Guk;CMF;63
374349;Myeonghwan Gwak;CF;60
374354;L. Alain;GK;58
374362;F. Mouglalis;CMF;71
374376;I. Hamidullah;GK;55
374378;A. Jameel;LB;60
374408;W. Upson;GK;71
374427;D. Grocyn;LWF;71
374432;M. Deffes;RB;61
374435;M. Langmann;CB;59
374440;T. Gide;CMF;62
374451;A. Hemmings;RB;70
374452;P. Tillotson;AMF;74
374453;B. Duenas;GK;63
374454;M. Brancafolto;LB;60
374456;G. Hita;DMF;64
374457;J. Blahnik;CF;61
374463;E. Al Khaliq;CMF;61
374470;E. Gemmill;CB;61
374471;H. Casken;LB;69
374479;A. Noval;CMF;76
374482;R. Galica;LB;70
374483;D. Mckeown;CB;70
374484;M. Leston;CMF;72
374485;R. Bridger;RMF;70
374487;I. Jasem;GK;55
374488;N. Ramzan;GK;55
374491;K. Jalal AD Din;LMF;61
374492;O. Redouane;CF;61
374542;D. Evrard;GK;71
374545;Q. Schonberg;CB;71
374548;R. Jeanson;CF;69
374572;N. Sayyid;GK;74
374575;H. Abd Al Aziz;CF;75
374587;A. Likar;CMF;76
375480;A. Kavirova;RB;76
375611;O. Coelho;CF;71
375618;F. Ataide;RMF;64
375620;P. Andrade;LWF;70
375659;N. Moniz;GK;65
375732;M. Lobato;RWF;66
376017;D. Esteves;CMF;66
376190;E. Antunes;DMF;71
376222;A. Matlock;AMF;69
376325;B. Laffite;LWF;68
376345;A. Drucker;LWF;73
376471;B. Malafaia;DMF;65
376502;S. Azevedo;CB;63
376507;C. Moura;CMF;59
376594;E. Castelo;GK;67
376675;R. Moura;RB;67
376737;R. Eca;CB;65
377105;M. Raskin;DMF;79
377146;R. Alvares;CB;68
377152;R. Nunes;GK;67
377184;S. Tejero;CF;66
377191;P. Figueira;CMF;73
377200;O. Peres;LB;67
377201;G. Azevedo;CB;70
377202;S. Peres;CB;72
377208;P. Abreu;SS;61
377227;N. Corte Real;SS;66
377251;I. Wyness;RWF;70
377269;X. Dos Santos;RB;66
377282;B. Almada;AMF;67
377285;P. Da Gama;CB;65
377332;P. Cerveira;GK;62
377335;S. Aguilar;CMF;62
377344;V. Branco;CB;63
377388;T. Cunha;CB;62
377440;D. Arca;AMF;69
377441;S. Goios;AMF;65
377513;I. Peres;DMF;72
377689;F. Branco;GK;71
377789;T. Lima;GK;60
377833;J. Mcgarry;DMF;62
377869;S. Nasrallah;CF;58
377927;V. Nunes;RB;65
378199;S. Gibbon;CMF;66
378200;Z. Enders;RB;71
378211;A. Kadri;RB;61
378212;S. Idris;CMF;63
378213;O. Bin Farid;CF;62
378214;Y. Kazem;RB;63
378216;T. Abdu;CB;61
378219;W. Mumtaz;CF;63
378221;S. Ishtiaq;GK;62
378223;B. Yusuf;CB;63
378224;N. AS Samad;CB;64
378225;A. Ramiz;CB;64
378226;H. Kadri;CB;63
378227;F. Wahid;RWF;65
378228;R. Dirgham;CF;64
378229;H. Faroqh;CB;63
378230;J. Cemal;AMF;63
378231;M. Tufail;GK;65
378237;J. Abdellah;AMF;66
378252;A. Duval;LMF;71
378253;F. Gachot;CB;70
378254;R. Bonheur;CB;70
378255;M. Rosenstock;GK;70
378256;J. Buschop;LB;70
378262;J. Marsillach;LB;70
378263;N. Bin Fahd;GK;61
378264;Y. Ar Rauf;LWF;78
378265;Y. Naguib;RB;61
378266;J. Mcbein;CF;66
378267;E. Churchill;LB;65
378268;R. Brazil;RB;65
378269;E. Fuest;CMF;63
378272;L. Dodd;GK;62
378273;L. West;RB;64
378274;K. Miles;CB;62
378292;N. Peres;GK;62
378294;V. Gois;LB;70
378295;R. Cunha;RB;65
378296;L. Domingues;CMF;63
378300;R. Dos Santos;AMF;67
378303;D. Vasconcelos;CF;61
378305;C. Da Gama;RWF;65
378318;G. Amaral;SS;64
378319;I. Ataide;GK;62
378321;A. Domingues;RB;68
378324;X. Clave;CB;60
378325;E. Medeiros;RB;63
378337;P. Eca;LB;74
378338;L. Correa;GK;68
378339;R. Almeida;GK;64
378340;S. Coghen;CB;64
378342;X. Esteves;CMF;60
378357;B. Abdul Qadir;RB;69
378366;X. Solabarrieta;LMF;61
378368;L. Cintra;RB;66
378385;E. Wild;CF;63
378402;S. Zubac;GK;71
378415;L. Eddowes;CF;61
378416;L. Parkes;DMF;66
378424;H. Boulding;LB;72
378425;G. Dearlove;RB;70
378430;F. Malik;CB;60
378431;H. Adir;CB;63
378432;G. Fouad;CMF;58
378433;H. Gadil;SS;63
378434;W. Junayd;RB;65
378438;Cheonman Byeon;CF;64
378445;D. Branco;DMF;64
378452;U. Roger;CB;65
378453;B. Carrere;CF;67
378454;A. Garaude;CF;66
378455;J. Blasius;GK;60
378457;L. Hurtis;CB;63
378464;S. Whitlow;DMF;72
378471;C. Alberti;LB;69
378473;E. Magness;LB;70
378474;R. Smither;CB;71
378480;I. Puerta;RWF;65
378481;Q. Vaqueriza;LB;66
378482;R. de Gante;CB;65
378483;O. Guelbenzu;RB;65
378503;M. Zivkovic;GK;65
378504;F. Kordic;CF;73
378505;K. Vukic;AMF;74
378506;W. Turgenev;GK;76
378507;G. Nurutdinova;AMF;74
378508;V. Gravitis;CB;72
378511;Juyeong Wang;CB;59
378512;Hugyun Bin;CMF;62
378513;Hongdae Nu;CMF;62
378514;Yeongsu Gwon;CF;61
378515;Sungeun Won;CMF;59
378516;Jinho Ok;CF;62
378517;Yeongyeon Su;SS;64
378520;J. Verley;LMF;70
378577;A. Verstovsky;GK;74
378578;Jongcheol Gwon;CB;62
378753;J. Goios;DMF;68
378761;C. Bitencourt;CB;64
378766;E. Siqueira;CMF;70
379200;J. Neves;GK;61
379219;G. Correa;RB;66
379220;C. Dias;CB;70
379709;B. Manuel;CF;64
379714;L. Pereiro;LB;69
379715;L. Coelho;SS;67
379733;O. Valente;SS;69
379734;E. Faria;RB;71
379793;D. Correa;AMF;67
379800;G. Arca;SS;64
379801;O. Faria;SS;65
379816;M. Figueira;DMF;71
379866;N. Cerveira;SS;67
379975;X. Manuel;AMF;64
379997;C. Nogueira;CB;69
380132;C. Andrade;CF;63
380134;D. Gois;AMF;63
1073741840;Y. Fujigaya;GK;66
1073741854;M. Ogasawara;CMF;72
1073741862;H. Sogahata;GK;69
1073741896;Y. Abe;DMF;72
1073742074;Y. Endō;CMF;73
1073743656;M. Al Shalhoub;AMF;69
1073745099;Y. Konno;DMF;73
1073745125;T. Hirakawa;RB;67
1073745168;T. Enomoto;GK;69
1073745173;D. Nasu;CB;67
1073745215;Y. Igawa;CB;66
1073746322;R. Carvalho;CB;77
1073746625;Zheng Zhi;DMF;66
1073747129;K. Nakamura;AMF;75
1073747327;S. García;SS;78
1073747571;L. Sanmartean;CMF;73
1073747704;B. Holman;AMF;71
1073747731;M. Rahmati;GK;62
1073748261;T. Broich;CMF;69
1073748718;Y. Al Qahtani;CF;69
1073749894;M. El Hamdaoui;CF;73
1073750808;A. Gyan;CF;79
1073751436;J. Valdívia;AMF;78
1073752393;Yang Hao;CMF;58
1073752409;Huang Bowen;CMF;74
1073752847;T. Lee;SS;70
1073752883;D. Niwa;CB;70
1073754105;Ho Lee;CMF;62
1073754203;Chu-Young Park;CF;71
1073754285;Jae-Sung Kim;CMF;69
1073754288;Yong-Hyung Cho;CB;62
1073754310;Tae-Hwi Kwak;CB;75
1073754405;Jung-Soo Lee;CB;71
1073754487;Sung-Ryong Jung;GK;73
1073756827;S. Koroki;CF;72
1073756853;T. Morimoto;CF;68
1073756859;K. Kano;AMF;64
1073756862;Hulk;RWF;83
1073756876;N. Aoyama;CB;72
1073756899;A. Ienaga;SS;70
1073756915;R. Moriwaki;CB;70
1073756921;S. Nishikawa;GK;72
1073756924;T. Umesaki;LMF;68
1073757007;J. Fujimoto;AMF;68
1073757098;D. Nishi;RB;69
1073757136;T. Makino;CB;74
1073757138;Y. Kashiwagi;CMF;73
1073757276;S. Nagasawa;CF;69
1073757333;K. Yonekura;RB;72
1073757345;Y. Endo;AMF;69
1073757351;S. Kurata;LMF;72
1073757359;M. Kanazaki;CF;73
1073757621;Y. Tasaka;RB;69
1073757690;S. Kawamata;GK;69
1073757699;T. Aoki;DMF;68
1073757708;M. Fitzgerald;CB;69
1073757740;D. Kikuchi;LMF;65
1073757816;Gi-Dong Park;CF;66
1073757843;J. Kusukami;AMF;68
1073757844;Y. Kobayashi;RWF;70
1073757853;T. Takagi;AMF;67
1073757878;Min-Woo Kim;CMF;68
1073757900;T. Ugajin;LMF;68
1073757966;G. Haddadifar;CMF;65
1073757995;Ali Khaseif;GK;65
1073757997;K. Al Senaani;GK;60
1073757998;S. Al Menhali;AMF;58
1073758003;Mohamed Fawzi;RB;65
1073758004;S. Al Kathiri;CF;66
1073758005;H. Al Kamali;CB;57
1073758008;M. Salem Ghazy;CB;65
1073758009;M. Abdulrahman;CMF;65
1073758030;Hyung-Il Kim;CMF;64
1073758043;Jae-Seok Oh;CB;67
1073758077;Woo-Yeon Sim;CB;66
1073758104;Zhang Sipeng;GK;60
1073758129;M. Zukhurov;GK;59
1073758167;Y. Muto;SS;72
1073758169;G. Shoji;CB;72
1073758171;T. Umebachi;CMF;69
1073758172;S. Doi;LMF;68
1073758183;Han-Jin Kwon;CB;61
1073758188;R. Oshima;CMF;72
1073758193;R. Suzuki;GK;65
1073758196;K. Moriya;CMF;68
1073758224;Jung-Ya Kim;CB;67
1073758225;H. Fujiharu;LB;71
1073758248;T. Nara;CB;66
1073758276;H. Ide;RMF;66
1073758280;S. Arai;GK;64
1073758298;W. Endo;CB;72
1073758300;R. Nagaki;CMF;73
1073758323;Y. Komai;RMF;68
1073758337;Douglas;CF;69
1073758338;Jong-Min Kim;CF;59
1073758404;Sung-Kuen Choi;DMF;67
1073758407;H. Abe;AMF;69
1073758410;K. Tajiri;GK;67
1073758449;S. Yajima;AMF;69
1073758454;Y. Ito;RB;68
1073758496;N. Iwadate;GK;68
1073758504;Ki-Je Lee;LB;70
1073758539;T. Kanamori;CF;68
1073758614;Fabio Aguiar;CB;68
1073758647;N. Ueda;CB;71
1073758660;G. Miura;CB;66
1073758681;W. Popp;GK;63
1073758694;S. Nakahara;RMF;67
1073772292;Ismaeil Matar;CF;64
1073772380;T. Kapadze;CMF;65
1073772383;I. Nesterov;GK;71
1073772624;Ng Wai Chiu;CMF;61
1073772783;J. Al Hussain;AMF;69
1073772988;T. Al Jassam;AMF;74
1073773310;Xisco;CF;72
1073773340;Saud Abdullah;GK;51
1073773661;Y. Al Mosailem;GK;73
1073773723;Zeng Cheng;GK;69
1073775381;Gao Lin;CF;74
1073775403;Majed Naser;GK;68
1073775645;Musallem Fayez;CB;65
1073775646;Fawzi Fayez;RB;65
1073775648;Abdulla Mousa;LB;60
1073775864;N. Al Shamrani;CF;68
1073775865;Ibrahim Diaky;AMF;68
1073775875;O. Ahmedov;DMF;76
1073775977;F. Al Shammari;GK;58
1073776243;Eisa Ahmed;CB;61
1073776608;M. Boussoufa;AMF;77
1073776909;Yu Hai;CMF;72
1073777041;M. Carrusca;CMF;69
1073777448;Osama Hawsawi;CB;73
1073777451;Qasem Burhan;GK;62
1073778000;M. Al Marshadi;CB;63
1073778137;Sun-Tae Kwoun;GK;71
1073778139;Ki-Hun Yeom;LMF;73
1073778583;S. J. Hosseini;CB;70
1073778741;Dimas;CMF;65
1073779087;Pedro Junior;CF;72
1073779256;B. Dzsudzsák;LWF;79
1073779374;Sebastián Soria;CF;65
1073779409;Hwa-Yong Shin;GK;61
1073779424;Kwang-Hoon Shin;RB;69
1073779638;T. Dangda;CF;72
1073779683;Z. Ljubijankic;CF;72
1073779703;V. Cáceres;DMF;75
1073780297;Chico Flores;CB;75
1073780599;T. Kristensen;CMF;71
1073780784;Kun-Hoan Kim;CB;60
1073780786;Dong-Ho Jeong;RB;66
1073780788;S. Ando;GK;65
1073780789;K. Noborizato;LB;69
1073780807;S. Yamamoto;LB;68
1073780820;Y. Takeoka;RB;68
1073780823;A. Nakamura;LMF;67
1073780847;M. Higashiguchi;GK;71
1073780853;S. Otsuka;CF;70
1073781010;Chang-Soo Kim;RB;69
1073781594;K. Heydari;RB;62
1073781646;Rong Hao;LB;66
1073781647;Yu Hanchao;LWF;66
1073781704;Fares Juma;CB;63
1073781705;Walid Abbas;CB;65
1073781711;Ahmed Khalil;CF;74
1073781715;I.Tukhtakhujaev;RB;64
1073781862;D. Damjanovic;CF;76
1073781899;Ramires;CMF;79
1073782200;M. Arana;LMF;68
1073782323;Tae-Hee Nam;AMF;72
1073782615;K.Thamsatchanan;GK;69
1073782629;Zhang Linpeng;RB;74
1073782668;I. Fetfatzidis;RWF;77
1073782749;Alex Teixeira;AMF;82
1073782766;H. Mkoyan;CB;67
1073782848;O. Barba;CB;72
1073783056;Oscar;AMF;84
1073783130;T. Oar;LWF;75
1073783713;Y. El Arabi;CF;78
1073784168;Ukra;RWF;74
1073784499;Paulinho;CMF;82
1073784751;Johnathan;CF;70
1073784855;M. Mckay;CMF;70
1073785257;Liu Jianye;DMF;64
1073785647;N. Martínez;AMF;72
1073786071;Marcelo Toscano;CF;73
1073786098;João Guilherme;CB;70
1073786157;M. Shafy;LB;72
1073786182;S. Abdulameer;DMF;69
1073786213;A. Nong;CF;67
1073786399;J. Bengtson;CF;63
1073786441;Leandro;RMF;71
1073787170;A. Al Hafith;CB;69
1073787310;In-Sung Kim;RMF;66
1073787714;H. Mahini;LB;68
1073787750;Y. Msakni;LWF;71
1073787794;Ademilson;SS;71
1073787834;Elkeson;CF;79
1073787895;S. Al Dawsari;RMF;72
1073787929;Y. Al Hosani;DMF;62
1073787932;Dawoud Sulaiman;GK;61
1073787987;Léo Silva;CMF;74
1073788197;Everton Ribeiro;AMF;79
1073788210;Rafael Silva;CF;69
1073788226;Rhayner;RMF;69
1073788255;Carlos Eduardo;AMF;76
1073788430;Magno Cruz;AMF;71
1073789127;Kader;RMF;70
1073789145;Elsinho;RB;68
1073789813;D. Asprilla;RWF;68
1073789829;G. Viera;CB;65
1073798865;O. Ebrahimi;DMF;74
1073798894;Ali Hamam;RB;62
1073798914;M. Al Harbi;LB;66
1073798919;Salman Al Faraj;CMF;72
1073798923;C. Songkrasin;AMF;62
1073798928;A. Haikal;RB;66
1073798929;Khamis Esmaeel;CMF;62
1073798930;Khalid Eisa;GK;65
1073798931;A. Mabkhout;CF;76
1073798933;H. Fardan;CMF;63
1073798934;A. Sanqour;RB;65
1073798935;Majed Hassan;DMF;66
1073798937;O. Zoteev;LB;64
1073798938;S. Gadoev;LMF;60
1073799203;A. Borda;CB;70
1073799227;R. Cornthwaite;RB;72
1073800243;Il-Lok Yun;LWF;68
1073800247;Hyun-Tae Choi;DMF;67
1073800269;Wu Xi;CMF;70
1073800271;Zhou Yun;RB;64
1073800273;Xu Youzhi;CB;57
1073800276;Ge Wei;CF;59
1073800279;Ji Xiang;LMF;64
1073800280;Yang Xiaotian;RB;61
1073800296;J. Ibrokhimov;CMF;62
1073800307;J. Mirabdullaev;CB;57
1073800311;M. Kosimov;DMF;58
1073800319;A. Kraisorn;CF;63
1073800355;Zhang Chenglin;RB;68
1073800370;Chan-Ho Cho;RWF;64
1073800371;Won-Il Kim;CB;67
1073800389;Kwang-Seon Kwak;CB;65
1073800399;Sang-Gi Min;CB;66
1073800453;Alan;LWF;80
1073800648;Nawaf Al Abid;AMF;73
1073800649;M. Al Bassas;RMF;72
1073800687;W. Bakhashwain;DMF;70
1073800690;S. Al Muwallad;RB;68
1073800692;Aqeel Al Sahbi;RB;68
1073800696;Basem Al Baqi;GK;61
1073800698;Ismail Ahmed;CB;67
1073800702;K. Abdulrahman;LB;65
1073800703;Mahmood Al Mas;GK;63
1073800706;Mohammed Salem;RB;63
1073800708;Ali Al Zubaidi;RB;67
1073800710;Hamad Al Hamad;RMF;67
1073800714;A. Al Mubarak;LWF;63
1073800716;Ali Al Zaqan;RWF;70
1073800719;Faiz Al Sobea;GK;64
1073800736;Y. Al Shahrani;LB;74
1073800741;S. Khalfan;CB;59
1073800744;M. Barghash;RB;65
1073800757;Humaid Ahmed;LMF;71
1073800775;M. Ibrahim;RB;64
1073800776;A. Salem;LMF;63
1073800777;Daniel Gouma;CMF;62
1073800779;A. Al Aaeldin;LWF;63
1073800781;Nathan Otávio;CB;67
1073800782;Oumar Barry;GK;64
1073800789;A. Al Diri;AMF;61
1073800799;D. Al Blooshi;RMF;63
1073800811;Sayyaf Al Bishi;CB;65
1073800813;A. Al Ruwali;CMF;69
1073800817;Saeed Al Dosari;RMF;70
1073800819;Fahad Hamad;DMF;67
1073800835;M. Muntari;CF;63
1073800849;H. Hosseini;GK;58
1073800855;A. Lecomte;GK;70
1073800857;I. Mohammad;RWF;61
1073800861;Karim Boudiaf;DMF;63
1073800863;M. Tresor;RB;65
1073800864;Mohammed Musa;CB;63
1073800865;Ahmed Yasser;CB;59
1073800869;K. Makharadze;CMF;60
1073800920;M. Abosaban;DMF;64
1073800930;Talal Al Absi;CB;60
1073800932;A. Asiri;RWF;73
1073800944;Yuseef Khamees;LB;68
1073800946;I. Al Zubaidi;LB;49
1073801406;E. Babalj;CF;62
1073801679;Motaz Hawsawi;CB;73
1073801687;Tawfiq Buhumaid;LMF;66
1073801724;Liu Jian;CMF;64
1073801725;Feng Xiaoting;CB;70
1073801726;Chi-Woo Kim;LB;67
1073801727;Mosaab Mahmoud;RB;64
1073801756;In-Hwan Jung;CB;59
1073801778;I. Al Hammadi;LWF;70
1073801796;Li Xuepeng;LB;68
1073801800;Khalid Muftah;LB;63
1073801802;T. Bunmathan;LB;69
1073801803;A. Abdulrahman;CMF;63
1073801804;O. Abdulrahman;AMF;78
1073802226;Jiang Hao;GK;56
1073802227;Ahmed Barman;CMF;67
1073802236;J. Masharipov;LMF;68
1073802513;R. Martínez;CF;79
1073802758;M. Al Saiari;CF;57
1073802781;Léo Bonatini;CF;74
1073803081;S. Akasaki;CF;69
1073803082;Y. Koizumi;GK;68
1073803084;Caio;LMF;75
1073803085;T. Sekine;RMF;69
1073803089;J. Izumisawa;LMF;67
1073803095;S. Taniguchi;CB;70
1073803119;M. Nichols;AMF;69
1073803142;Dudu;CB;71
1073803145;A. Onaiwu;CF;63
1073803157;Y. Misao;CB;68
1073803237;Jong-Woo Park;DMF;70
1073803523;A. Beiranvand;GK;71
1073804959;A. Al Khaibri;DMF;72
1073804962;Jung-Jin Seo;RMF;67
1073804971;R. Tabata;AMF;74
1073805027;T. Al Qahtani;RB;61
1073805031;Kyu-Ro Lee;RB;67
1073805122;Musa Haroon;CB;64
1073805124;Ali Hassan Afif;CF;62
1073805144;Leonardo;AMF;69
1073805217;Yong-Rae Lee;DMF;68
1073805269;Ricardo Goulart;AMF;80
1073805280;T. Do;RB;68
1073805353;Yong-Dae Kim;GK;68
1073805359;A. Al Dawsari;RB;58
1073805371;S. Tagliabúe;CF;68
1073805394;Myong-Jin Koh;CMF;70
1073805395;Yo-Han Ko;RMF;69
1073805396;Dae-Sung Ha;CMF;69
1073805404;Salem Abdulla;LMF;70
1073805413;A. Al Zori;LB;68
1073805592;E. Galekovic;GK;72
1073805599;Jeong-Ho Hong;CB;76
1073805692;Chi-Gon Kim;CB;61
1073805695;Sung-Hwan Kim;DMF;70
1073805699;Zhang Wenzhao;LMF;62
1073805702;Sang-Woon Han;AMF;69
1073805704;I. La Rocca;CB;66
1073805712;Min-Soo Kang;CB;67
1073805720;Zheng Long;LMF;69
1073805724;A. Afshin;CF;63
1073806561;J. Makarounas;SS;57
1073806569;S. Cole;RB;71
1073806575;B. Santalab;LWF;68
1073806580;J. Tyson;GK;63
1073806584;J. Sotirio;RWF;65
1073806599;Fang Jingqi;GK;56
1073806600;Liao Lisheng;CMF;68
1073806601;Mei Fang;CB;68
1073806633;Padovani;CB;66
1073806637;S. Rafiei;SS;66
1073806642;S. Karami;CMF;64
1073806661;E. Pahlevan;LMF;66
1073806662;Y. Karimi;LMF;63
1073806667;F. Ahmadzadeh;AMF;68
1073806673;M. Al Aaeldin;RB;59
1073806676;Mohammed Jasser;GK;59
1073806679;A. Al Karbi;CB;55
1073806680;Younes Yaghoob;CB;59
1073806695;Mosaab Kheder;RB;53
1073806708;Nasser Saleh;CF;58
1073806713;H. Al Hamdan;AMF;65
1073806720;Nouh Al Mousa;DMF;56
1073806727;A. Oboshqra;RB;60
1073806730;Abdullah Ateef;DMF;66
1073806731;M. Al Burayk;RB;68
1073806733;Khalid Al Kabi;CF;58
1073806735;Ahmed Sharahili;CB;63
1073806737;Fahad Zahim;CB;51
1073806746;A. Al Barakah;DMF;64
1073806747;Saqr Ataif;CF;62
1073806753;Sang-Min Sim;LB;62
1073806756;Chol-Ho Kim;GK;56
1073806777;Yong-Jin Kim;CF;60
1073806778;Myung-Jae Lee;LB;68
1073806785;A. Mubarak;GK;56
1073806786;Salmin Khamis;RB;62
1073806791;Saeed Ahmad;CF;54
1073806792;Saif Yousuf;GK;56
1073806794;M. Sebil;CB;59
1073806796;Waleed Hussain;CB;58
1073806799;S. Jassim;CF;60
1073806802;M. Bu Sanda;GK;60
1073806807;A. H. Al Hashmi;CF;52
1073806808;A. Rabia;CF;54
1073806810;S. Abdulaziz;CB;55
1073806821;A. Mukhamedov;GK;54
1073806823;S. Azimov;CMF;59
1073842236;M. Orsic;LWF;73
1073842680;A. N'Diaye;LWF;68
1073843395;Maurinho;LWF;68
1073843520;Frédéric Mendy;CF;74
1073844409;Yan Junling;GK;71
1073844522;Wu Lei;RWF;76
1073844524;Cai Huikang;DMF;72
1073844525;Li Ang;CB;64
1073844528;B. Piñatares;DMF;68
1073844659;S. Rashid;LMF;61
1073844666;M. Al Fuhaid;DMF;60
1073844760;Yousef Ahmad;CF;62
1073844763;Myung-Joo Lee;DMF;69
1073845667;P. Diawara;CF;69
1073845943;N. Milesi;CMF;69
1073846757;T. Antonis;CMF;63
1073846760;V. Ghafouri;RB;72
1073846761;V. Amiri;CF;70
1073846762;R. Rezaeian;RB;72
1073846810;P. Notechaiya;LB;62
1073846813;S. Yooyen;CMF;60
1073846814;M. Tossakrai;RWF;60
1073846816;S. Mukhammadiev;RB;63
1073847659;M. Theo;GK;65
1073847661;C. Brown;LB;66
1073847663;S. Lustica;CMF;60
1073847666;J. North;CB;64
1073847667;D. Bowles;CB;64
1073847671;J. Hingert;RB;67
1073847673;J. Young;GK;65
1073847674;D. Petratos;AMF;68
1073847677;B. Borrello;RWF;69
1073847679;L. de Vere;CB;61
1073847680;S. Brady;CF;53
1073847684;N. d'Agostino;CF;54
1073847685;B. Hamill;CB;58
1073847690;K. Baccus;CMF;62
1073847691;L. Youlley;CMF;62
1073847692;Aspropotamitis;CB;57
1073847702;Zou Zheng;CMF;63
1073847703;Wang Jingbin;CF;55
1073847722;Liu Dianzuo;GK;59
1073847730;Chen Zepeng;LB;67
1073847748;M. Mosalman;CMF;62
1073847755;K. Kamyabinia;CMF;63
1073847763;A. Ghorbani;CF;60
1073847764;V. Sheikhveisi;GK;60
1073847774;M. Taremi;CF;73
1073847787;A. Alipour;CF;60
1073847790;S. Nariman;CMF;65
1073847802;Y. Ideguchi;CMF;68
1073847803;N. Senoo;LMF;63
1073847804;S. Yomesaka;LMF;63
1073847805;S. Hirao;CF;64
1073847807;M. Ichimaru;CMF;64
1073847808;A. Takagi;CF;63
1073847809;R. Doan;RMF;65
1073847810;K. Kubota;DMF;69
1073847812;Y. Suzuki;CF;69
1073847820;Seok-Hyun Lee;CMF;63
1073847822;Hyun-Soo Hwang;CB;59
1073847823;Dong-Woo Kim;CB;65
1073847825;Yong-Woo Park;CMF;65
1073847826;Han-Been Yang;GK;61
1073847836;Sang-Yun Moon;DMF;65
1073847861;Sang-Min Yang;LB;69
1073847863;Sang-Ho Lee;RWF;70
1073847864;Santos;AMF;71
1073847866;Cha-Won Ko;SS;69
1073847867;Ja-Ryong Koo;CB;68
1073847868;Hyun-Soo Jang;LMF;68
1073847882;Luiz Júnior;DMF;65
1073847883;A. Mohd;DMF;64
1073847887;Khalid Radwan;CB;60
1073847888;A. Ali Hatimi;GK;56
1073847889;M. Al Fatil;CB;65
1073847891;O. Al Soma;CF;75
1073847892;H. Al Mogahwi;CMF;70
1073847893;Mohannad Aseri;CF;67
1073847896;A. Al Mayoof;GK;66
1073847898;Mohammed Amman;CB;67
1073847901;Ahmad Al Harbi;GK;57
1073847902;Amiri Kurdi;RB;69
1073847905;F. Al Thunayyan;GK;60
1073847906;Faisal Darwish;RB;67
1073847908;A. Al Swat;DMF;63
1073847909;M. Jahfali;CB;69
1073847912;Mousa Al Shamri;CF;66
1073847936;R. Muhayer;CB;62
1073847937;R. Y. Mohamad;CMF;60
1073847938;Salem Juma;CB;63
1073847939;Mohammed Fayez;CB;63
1073847945;D. Khamdamov;LWF;55
1073847949;O. Shukurov;CMF;59
1073847951;E. Shomurodov;RWF;69
1073847953;A. Komilov;LB;61
1073847955;B. Yuldashov;CB;59
1073847957;S. Mirzayev;CMF;59
1073847959;M. Bikmaev;CF;70
1073847961;M. Ikramov;GK;56
1073847963;S. Mustafoev;LB;61
1073847968;I. Alibaev;DMF;57
1073847972;K. Ruziev;CMF;60
1073848886;Eduardo Neto;DMF;71
1073848926;T. Elrich;RB;69
1073848962;Célio Santos;CB;58
1073849133;S. Muwashar;LWF;73
1073849200;Rabih Ataya;CMF;62
1073849219;S. Nurmatov;CF;65
1073849283;A. Alfarsi;CB;58
1073849290;W. Anbar;CMF;59
1073849385;Robson;CB;61
1073849408;A. Abdulrahman;CF;60
1073849488;K. Khalfan;CMF;60
1073849668;Wang Shangyuan;CMF;69
1073849819;A. Al Amar;LB;65
1073849946;S. Prokhorov;RB;59
1073850054;Ahmad Mousa;CMF;57
1073850085;K. Giyosov;RB;49
1073850110;E. Ismoilov;CMF;58
1073850271;Won-Gyun Kim;CB;55
1073850272;Seung-Won Yoon;RWF;62
1073850293;R. Hatsuse;RB;64
1073850309;T. Tanaka;AMF;63
1073850311;K. Machida;CB;62
1073850312;H. Fukushima;GK;64
1073850332;Liang Xueming;CF;61
1073850375;Ali Eid;CF;60
1073850505;F. Namazov;CMF;54
1073851144;Nathan Júnior;CF;70
1073852119;João Carlos;CB;63
1073852907;R. Ito;CMF;59
1073853318;M. R. Mazaheri;GK;70
1073853319;P. Salmani;GK;55
1073853320;K. Eghbali;CB;53
1073853321;M. Ghanbari;LB;61
1073853322;H. Haghverdi;CB;58
1073853324;V.Mohammadzadeh;CB;59
1073853326;M. Nejadmahdi;CB;60
1073853327;N. Taheri;CB;53
1073853328;M.Derakhshanfar;RMF;57
1073853329;M. Mehdipour;CMF;61
1073853330;K. Momeni;CMF;54
1073853331;R. Shekari;AMF;58
1073853332;M. Reza Abbasi;AMF;57
1073853333;D. Esmaeilifar;RMF;61
1073853334;M. Hosseini;CF;57
1073853336;H. Jafari;LWF;53
1073853337;A. Khodadadi;CF;54
1073853338;M. Rajabzadeh;SS;60
1073853339;K. Rezaei;CF;69
1073853340;M. Tabrizi;RWF;62
1073853341;H. Noda;CB;59
1073853342;H. Goya;CF;64
1073853344;Gu Chao;GK;62
1073853345;Liu Wei;CB;58
1073853346;Cao Kang;CMF;57
1073853347;Cao Wen;CMF;54
1073853348;Gu Wenxiang;LWF;60
1073853350;Tao Yuan;LWF;67
1073853351;Xie Pengfei;RWF;63
1073853352;Yang Jiawei;RWF;59
1073853353;Zhang Xinlin;LMF;55
1073853354;Zhang Xiaobin;DMF;60
1073853383;Kyu-Baek Choi;CB;64
1073853395;Jong-Ho Lee;CF;67
1073853402;Hyun Yoo;GK;67
1073853405;Se-Jong Ju;CMF;69
1073853406;Won-Sik Kim;CMF;60
1073853410;Min-Hyuk Lim;CMF;57
1073853412;Jeong-Hwan Kim;CF;52
1073853417;Xu Xin;DMF;67
1073853437;Shehab Mamdouh;GK;58
1073853441;A. Al Meghessib;CF;59
1073853443;Hazem Shehata;CF;57
1073853444;Shi Xiaodong;GK;58
1073853445;Sun Le;GK;59
1073853446;Fu Huan;RB;66
1073853447;He Guan;RB;64
1073853448;Shi Ke;CB;68
1073853449;Wang Shenchao;LB;69
1073853450;Wang Jiajie;DMF;62
1073853451;Yang Boyu;CB;60
1073853452;Zhang Wei;LB;62
1073853453;Lin Chuangyi;LWF;59
1073853454;Lu Wenjun;LWF;65
1073853457;Zhang Yi;CMF;65
1073853458;Zheng Zhiyun;CMF;52
1073853462;Li Haowen;CF;57
1073853463;R. Ashurmatov;CB;60
1073853465;D. Axmadaliev;RB;60
1073853466;S. Kodirkulov;CMF;58
1073853480;R. Nartadjiev;GK;55
1073853482;S. Fayziev;CB;59
1073853483;R. Khamraev;CB;50
1073853484;S. Muminkulov;CB;53
1073853485;V. Yunusov;CB;52
1073853486;S. Abdullaev;RMF;63
1073853521;J. Katebian;CF;58
1073853534;M. Al Waked;GK;61
1073853535;M. Al Haidari;GK;57
1073853537;A. Al Sharid;CMF;62
1073853538;Aílton;CF;74
1073853539;M. Al Naqbi;GK;56
1073853542;S. Al Shamsi;CB;60
1073853544;E. Mohamed;CB;51
1073853546;K. Mubarak;CMF;58
1073853549;Mohamed Jamal;CF;61
1073853558;V. Janjetovic;GK;66
1073853561;M. Jurman;CB;63
1073853590;Hyung-Mo Yang;GK;61
1073853593;Won-Hee Cho;DMF;66
1073853595;Seong-Soo Eun;CMF;57
1073853596;Jong-Woo Kim;CMF;65
1073853598;Seung-Beom Ko;CMF;61
1073853599;Jong-Sung Lee;CMF;62
1073853601;Gun-Hee Kim;CF;65
1073853602;Jun-Ho Moon;CF;59
1073853966;M. Al Akbari;CF;59
1073853970;A. Promrak;CB;61
1073857219;K. Nagasawa;CMF;64
1073857220;Y. Tamura;CB;61
1073857221;R. Meshino;SS;62
1073857223;Soo-Yong Bae;CB;59
1073857229;Ban-Suk Oh;CB;61
1073857230;Sang-Won Kim;LB;60
1073857231;Su-Beom Kim;RB;69
1073857232;Ho-Jun Kim;GK;62
1073857233;Jae-Woo Bae;RB;56
1073857234;Dong-Gyu Baek;CB;54
1073857235;Woon Chung;LB;65
1073857236;Hyun-Beom Ahn;RMF;63
1073857237;Sun-Woo Kim;DMF;57
1073857238;Chang-Min Lee;CMF;65
1073857239;Soon-Hyung Kwon;DMF;66
1073857240;Jun-Hyub Jwa;DMF;60
1073857241;Il-Soo Hwang;LWF;65
1073857242;Jin-Po Park;RB;69
1073857243;Sung-Wook Jin;CF;63
1073857244;Chang-Geun Lee;GK;58
1073857245;Ki-Hyun Lee;GK;57
1073857246;Dong-Soo Lee;DMF;55
1073857247;Yong-Hyun Kwon;LMF;61
1073857248;Chan-Dong Lee;CMF;60
1073857249;A. Jovanović;CB;58
1073857250;Hyeon-Ug Kim;AMF;59
1073857251;Eun-Beom Lee;RMF;57
1073857253;Ho-Jun Jeon;RB;60
1073857254;Min-Gyu Park;LB;62
1073857256;Han-Gil Kim;RMF;59
1073857259;F. Ibrokhimov;CB;57
1073857260;G. Krizo;CF;61
1073857261;S. Kutibaev;RMF;61
1073857262;T. Usmanov;CF;59
1073857263;M. Bobojonov;SS;60
1073857264;M. Kone;CB;61
1073857265;D. Turapov;CMF;59
1073857266;A. Amonov;CB;54
1073857267;B. Abdullaev;CB;54
1073857268;Seung-Jun Kim;RWF;67
1073857269;Seung-Hyun Jung;CB;64
1073857270;Dae-Hee Jang;GK;58
1073857271;I. Kovacec;LMF;70
1073857272;Myeong-Won Suh;SS;66
1073857273;Geon-Ung Kim;DMF;63
1073857274;Tae-Su Seol;AMF;62
1073857275;Jae-Yong Jeong;DMF;66
1073857276;Seong-Jai Jang;SS;63
1073857277;So-Huk Jo;GK;58
1073857278;Yeong-Jae Lee;DMF;64
1073857279;Hee-Cheol Nam;CF;61
1073857280;Eun-Seong Lee;RMF;64
1073857281;Ji-Hun Lee;RB;65
1073857282;Seung-Gyu Han;CMF;64
1073857284;R. Windbichler;CB;68
1073857286;I. Kobilov;CB;58
1073857287;N. Mavlyanov;CMF;59
1073857288;J. Kaxramonov;CMF;61
1073857289;N. Tukhtasinov;AMF;60
1073857290;N. Kamolov;RWF;61
1073857291;D. Umirov;CB;57
1073857292;D. Khamraev;GK;60
1073857293;J. Esonkulov;CF;59
1073857294;D. Mićić;CB;68
1073857295;V. Cemîrtan;CF;62
1073857296;A. Sanayev;DMF;62
1073857297;Ho-Ik Jang;RB;63
1073857298;Bong-Gyun Kang;GK;58
1073857299;Hyun-Ho Joo;LWF;62
1073857300;Joon-Hyung Kim;DMF;61
1073857301;M. Al Olayan;RMF;64
1073857302;Mahmoud Moad;RB;59
1073857303;A. Al Shammari;RB;59
1073857304;Y. Al Sayah;GK;55
1073857305;Nayef Al Mosa;LB;59
1073857306;S. Al Ghamdi;GK;59
1073857307;I. Al Talhi;RMF;62
1073857308;R. Machado;CB;70
1073857309;Abdullah Kano;CB;60
1073857310;Ahmad Zain;LMF;61
1073857311;A. Alsaman;CMF;62
1073857312;S. Hawsawi;CB;59
1073857313;Sari Amro;LB;59
1073857314;M. Al Bagawi;GK;58
1073857315;Saeed Alyami;CB;66
1073857316;Ali Awaji;LWF;65
1073857317;A. Al Khulaif;CMF;60
1073857318;H. Al Shamrani;CMF;60
1073857319;A. Al Oaisher;GK;67
1073857320;Ali Al Mazyadi;GK;64
1073857321;A. Al Bilady;CF;59
1073857322;H. Al Nakhli;CMF;64
1073857323;Habib Alwotayan;GK;58
1073857324;Ali Albulayhi;CB;59
1073857325;Majed Hazazi;RB;60
1073857326;Hussien Alkelef;CB;59
1073857327;R. Sharahili;DMF;64
1073857328;Abdullah Dawshi;RMF;61
1073857329;Hamad Al Juhaim;CF;64
1073857330;I. Alnakhli;CB;59
1073857331;Ali Aleid;CMF;59
1073857332;M. Al Saeed;DMF;64
1073857333;Sandro Manoel;DMF;70
1073857338;Tiago Alves;RWF;67
1073857339;M. Al Najrani;LMF;65
1073857340;Mujahid Almania;CF;61
1073857341;O. Kharbin;SS;72
1073857342;A. Al Yami;CF;61
1073857343;N. Al Dawseri;CMF;63
1073857372;J. Hall;GK;56
1073857373;J. Elsey;CB;62
1073857374;Isaías;DMF;70
1073857375;S. Cirio;LWF;65
1073857376;M. Marrone;RB;66
1073857377;D. Mcgowan;CB;68
1073857378;M. Ochieng;RB;59
1073857379;B. Warland;CB;56
1073857380;G. Mells;CMF;62
1073857381;D. Margush;GK;57
1073857382;R. Mcgree;DMF;65
1073857383;B. Garuccio;LB;65
1073857384;R. Kitto;RMF;59
1073857385;M. Marino;CF;58
1073857386;N. Mileusnic;LWF;61
1073857387;J. O'Doherty;RMF;59
1073857388;T. Regan;CB;60
1073857389;L. Brook;AMF;55
1073857390;J. Mori;CMF;57
1073857391;R. Yates;CMF;57
1073857392;R. Strain;RB;58
1073857393;A. Maiolo;CF;56
1073857394;P. Wilson;CB;57
1073857395;J. Maclaren;CF;70
1073857396;J. Caletti;CMF;62
1073857397;Konstandopoulos;CMF;58
1073857398;C. O'Toole;LB;59
1073857399;J. Pepper;CMF;62
1073857400;K. Rowles;CB;59
1073857401;T. Bilic;GK;58
1073857402;C. Crestani;CMF;59
1073857403;D. Ingham;RB;60
1073857404;S. Neville;CB;59
1073857405;M. Shabow;AMF;58
1073857406;J. Bandiera;LB;59
1073857407;J. Clisby;LB;59
1073857408;J. Melling;DMF;63
1073857409;L. Scott;CF;60
1073857410;K. Baccus;DMF;61
1073857411;N. Suman;GK;57
1073857412;A. Majok;CF;60
1073857413;R. Griffiths;CF;60
1073857414;S. Zinni;LWF;60
1073857415;T. Maia;AMF;57
1073857416;Wu Yuduo;CB;59
1073857417;Liu Shibo;GK;55
1073857419;Zhao Tianci;GK;55
1073857420;Wen Jiabao;LB;59
1073857422;Wei Zhen;CB;59
1073857423;Tianzi Jia;AMF;60
1073857424;Zhang Huachen;DMF;60
1073857425;Li Shenglong;CF;58
1073857426;Jiang Zilei;CMF;58
1073857427;Lei Wenjie;CMF;57
1073857428;Gao Haisheng;DMF;59
1073857429;Gao Tianyi;CMF;61
1073857430;Li Haitao;GK;58
1073857431;Chen Ji;CMF;58
1073857432;Teng Shuai;CF;59
1073857433;A. Al Ameri;GK;59
1073857436;M. Al Attas;CB;60
1073857437;Zayed Al Ameri;CF;62
1073857438;B. Al Shabeebi;RB;59
1073857439;Salem Aleedi;CB;59
1073857442;Adel Al Hammadi;LB;61
1073857443;Faisal Yousuf;CF;59
1073857444;Mayed Mohsin;GK;57
1073857445;Suhail Salem;CMF;61
1073857446;Mohamed Jaber;CB;58
1073857447;M. Diop;CF;70
1073857448;B. Al Ahbabi;SS;61
1073857449;M. Al Harasi;CMF;59
1073857450;Ali Al Hosani;GK;60
1073857451;S. Salem;LMF;60
1073857452;Mohamed Saif;LB;60
1073857453;S. Sultan;RB;60
1073857454;Khalil Ibrahim;RMF;64
1073857455;Ahmed Rashid;LB;59
1073857456;Ahmed Al Akberi;DMF;62
1073857457;M. Al Shamsi;GK;58
1073857458;M. Abdulbasit;CMF;60
1073857459;S. Al Ghafri;DMF;63
1073857460;Chang-Woo Rim;RB;61
1073857461;N. Abdelhadi;DMF;61
1073857462;A. Al Karbi;CB;58
1073857463;T. Al Khaddeim;LMF;64
1073857464;M. Al Hammadi;CF;58
1073857465;Rashed Ali;GK;60
1073857466;K. Ebraheim;RB;61
1073857467;Mohamed Alzaabi;CMF;59
1073857481;S. Kurumaya;LB;66
1073857482;K. Miyoshi;AMF;66
1073857483;K. Itakura;CB;65
1073857484;T. Hasegawa;AMF;65
1073857485;K. Chinen;CF;60
1073857486;A. Tanaka;DMF;63
1073857487;J. Tabinas;LB;63
1073857488;Bueno;CB;67
1073857489;K. Misao;CB;65
1073857490;I. Oda;LB;64
1073857491;H. Abe;SS;60
1073857492;M. Karimi;LMF;69
1073857493;B. Barzay;CF;60
1073857494;F. Esmaeili;AMF;67
1073857495;R. Cheshmi;CB;62
1073857496;J. Ansari;SS;60
1073857497;O. Noorafkan;DMF;61
1073857498;M. Zakipour;LB;63
1073857499;M. Kanani;CB;63
1073857500;F. Bagheri;DMF;61
1073857501;M. Hosseini;CB;66
1073857502;M. Haghdoost;AMF;61
1073857503;M. Yazdani;RMF;61
1073857504;A. Goug;CB;59
1073857505;A. Babazadeh;GK;55
1073857506;A. Sayar;CB;59
1073857507;Y. Feyzi;CF;59
1073857508;H. Erfani;GK;62
1073857509;M. Sattari;LB;60
1073857510;H. Sangargir;RB;63
1073857511;Cleiton Silva;LWF;60
1073857512;S. Thongsong;CB;59
1073857513;W. Playnum;DMF;62
1073857514;S. Panthong;AMF;58
1073857515;S. Thinjom;CMF;61
1073857516;W.Chaikulthewin;LMF;61
1073857517;P. Kulasuwan;RB;59
1073857518;P. Padungchok;GK;60
1073857519;P. Promlee;GK;55
1073857520;R. Nawanno;CMF;62
1073857521;T. Prasarnkarn;GK;55
1073857522;P. Srichai;CF;60
1073857523;A. Pienkaew;CMF;62
1073857524;M. Tayebi;CB;66
1073857525;B. Hashemi;RB;59
1073857526;A. Daghagheleh;RB;59
1073857527;F. Janfaza;CF;60
1073857528;H. Beit Saeid;LMF;68
1073857529;F. Salarvand;AMF;61
1073857530;D. Mahini;RB;59
1073857531;P. Shirzadi;LB;59
1073857532;G. Davoodi;GK;55
1073857533;A. Kaabi;LB;60
1073857534;A. Ashouri;AMF;61
1073857535;H. Pourhamidi;GK;55
1073857536;M. Zobeidi;RMF;61
1073857537;M. Ghanbari;RMF;61
1073857538;H. Bahrami;CMF;62
1073857539;A. Allai;CB;59
1073857540;H. Bazyari;CB;59
1073857541;M. Momeni;RWF;60
1073857542;S. Bahrani;AMF;62
1073857543;M. Sharifi;AMF;58
1073857544;M. Mahi;DMF;64
1073857545;F. Jafari;RB;61
1073857546;V. Namdari;SS;59
1073857547;Y. Delfi;RMF;59
1073857548;H. Pourhamidi;GK;57
1073857549;Almoez Ali;CF;58
1073857550;Ahmed Fahad;CB;58
1073857551;Assim Madibo;RB;60
1073857552;Y. Ayman Hafez;CMF;57
1073857553;A. Mohaed;SS;58
1073857554;A. Hussain;CMF;58
1073857555;S. Hassan Issa;CF;57
1073857556;N. Al Yazidi;CMF;58
1073857557;Noor Rahman;CF;58
1073857558;O. Polyansky;CB;58
1073857559;M. Ansari;CB;68
1073857560;S. Moharrami;RB;59
1073857561;M. Rabiekhah;LB;59
1073857562;E. Alvanzadeh;LWF;61
1073857563;V. Priyomov;AMF;64
1073857564;B. Radosevic;GK;63
1073857565;H. Taherkhani;SS;60
1073857566;H. Aghaei;CB;59
1073857567;A. Darvishvand;GK;60
1073857568;Karmollachaab;CF;60
1073857569;U. Pascua;CMF;60
1073857570;Saoud Farhan;RWF;60
1073857571;A. Anad;CMF;60
1073857572;R. Mekideche;AMF;60
1073857573;I. Abdelhalim;CMF;60
1073857574;K. Al Zakiba;LB;60
1073857575;A. Al Harazi;RMF;64
1073857576;Diego Eli;CMF;62
1073857577;Wong Chin Hung;LB;59
1073857578;Giovane;CF;60
1073857579;Tse Man Wing;LB;59
1073857580;Cheng Siu Wai;CF;60
1073857581;Wong Chi Chung;CB;59
1073857582;Yapp Hung Fai;GK;61
1073857583;Roberto;DMF;68
1073857584;Michel Lugo;SS;60
1073857585;Ho Kwok Chuen;GK;55
1073857586;Liang Yuhao;GK;55
1073857587;Tsang Kam To;CB;59
1073857588;Ju Yingzhi;AMF;62
1073857589;Hong Lim Lee;LMF;61
1073857590;Xu Deshuai;CMF;62
1073857591;Tsang Chi Hau;CB;59
1073857592;Cheng King Ho;RB;60
1073857593;Bai He;DMF;69
1073857594;J. Mitchell;CB;60
1073857595;M. Šarić;LMF;61
1073857596;Leung Chun Pong;DMF;64
1073857597;Li Ka Chun;AMF;61
1073857598;Jaimes Mckee;CF;61
1073857599;Manuel Bleda;CF;60
1073857600;Wong Tsz Ho;LMF;61
