ID;Nombre;Posición;media
141;A. Thomasson;CMF;66
1664;J. Bisanz;LMF;62
1680;D. Ayala;DMF;63
1697;R. Santa Cruz;CF;65
3613;E. Diouf;LB;68
3673;F. Gattoni;GK;45
4007;M. Da Luz;RMF;61
4039;Fábio;GK;78
4188;M. Schwartz;AMF;58
4414;K. Sibo;DMF;63
4522;C. Ronaldo;CF;79
4583;F. Sanguinetti;GK;68
4882;J. Milner;CMF;66
4884;J. Bogle;RB;67
5417;L. Acosta;AMF;75
5518;Raúl Albiol;CB;69
6089;Marinho;RWF;63
6265;H. Valdimarsson;GK;65
6317;N. Čavlina;GK;67
6480;A. Baroja;GK;69
6526;L. Podolski;AMF;69
6577;S. Pavlović;CB;71
6621;S. Perilli;GK;65
6959;Yuri Lara;DMF;61
7305;J. Elordi;LB;62
7318;S. Chergui;CB;65
7474;Nenê;AMF;69
7506;Alfon;LWF;66
7511;L. Messi;RWF;77
7802;L. Lima;CMF;56
7806;M. Satriano;CF;69
7814;Dante;CB;69
7823;André Silva;CF;69
7857;P. Pagis;LWF;66
7873;Y. Fofana;CMF;71
8770;Pedro Cobra;GK;61
8823;P. Guerrero;CF;67
8849;E. Mancuso;RB;65
8959;D. Padelli;GK;62
9041;J. Herrando;CB;67
9121;A. Rogel;CB;63
9205;Fabri;CF;62
9211;J. Piroe;CF;68
9226;Pichu Cuéllar;GK;64
9238;M. Ramírez;CMF;57
9332;W. Rivera;CF;56
9375;Santi Cazorla;CMF;70
9379;L. Chevalier;GK;80
9416;H. Leite;GK;68
9452;J. Tchatchoua;RMF;64
11034;Éder;CB;61
16346;K. Mitoma;LWF;74
16728;T. Asano;RWF;66
16794;A. Benedyczak;LWF;60
16851;T. Minamino;AMF;74
30012;I. Ilić;CMF;67
30074;Egiluz;CB;65
30117;M. Capasso;CB;66
30163;A. Benítez;RMF;60
31018;Daniel Borges;RB;58
31044;R. Falcao;CF;65
31308;F. Baldassarra;CMF;60
32021;E. Agbadou;CB;73
32156;G. Lacerda;CB;59
32262;A. Circati;CB;66
32353;L. Otávio;CB;62
32386;J. Ruddy;GK;66
32440;J. Kusi-Asare;CF;57
32470;Bruno Gomes;RB;65
32475;E. Batalla;RMF;62
32549;J. Insúa;GK;59
32561;T. Noslin;RWF;66
32566;Dieguinho;RB;60
32568;A. Galeano;RWF;66
32694;Dani Cárdenas;GK;70
32780;G. Arias;GK;70
32919;Paulo Henrique;RB;65
33041;Yan Couto;RB;68
33073;Zé Pedro;CB;66
33075;L. De Silvestri;RB;65
33107;M. Bakker;LB;66
33185;M. Neuer;GK;77
33250;Mario Gila;CB;75
33266;R. Araújo;CB;73
33290;Bruno Alves;CB;58
33301;S. Nanasi;LMF;66
33302;Z. Lucas;DMF;62
33473;Osvaldo;LWF;62
33604;C. Cásseres;CMF;66
33669;Jemmes;CB;67
33735;Carlos Álvarez;RWF;69
33817;Hudson;DMF;58
33878;C. Faya;CMF;58
33887;S. Lovrić;CMF;65
33909;L. Perez;DMF;62
33915;J. Gittens;LWF;68
34098;L. Modrić;CMF;77
34437;L. Fabianski;GK;72
34484;Iker Muñoz;DMF;65
34514;A. Minda;RWF;63
34638;Á. Montero;GK;75
34704;A. Petit Dol;CB;56
34781;A. Meyer;GK;73
34797;I. Malcorra;AMF;72
34848;Z. Aboukhlal;RWF;67
34850;Juninho;CB;61
34881;L. Suárez;CF;73
34882;J. Timber;RB;74
34939;R. Pablo;RWF;59
34979;B. Siegrist;GK;69
34986;T. Nnadi;CMF;58
34991;M. Sales;DMF;60
35031;H. Guirassy;LWF;61
35033;G. Kamara;DMF;66
35124;Ó. Trejo;AMF;69
35138;F. Ugrinić;CMF;67
35199;M. Fernandes;DMF;63
35200;L. Mouton;CMF;64
35226;Rafa Obrador;LB;60
35250;É. Banega;CMF;68
35252;M. Ruben;CF;65
35324;Kauan Faria;CB;55
35477;E. Cavani;CF;66
35479;M. Di Gregorio;GK;79
35492;S. Moore;GK;67
35876;Azpilicueta;CB;71
35880;J. Sosa;CMF;66
36156;Daniel Fuzato;GK;65
36336;M. Amarfil;CMF;62
36627;Y. Sommer;GK;86
36665;J. Vásquez;CB;70
36671;A. Šemper;GK;68
36703;D. Ospina;GK;72
36706;S. Moya;CB;59
36714;A. Vidal;CMF;65
36718;A. Sánchez;CF;72
36727;F. Muslera;GK;81
36768;F. Forster;GK;70
36776;Riccieli;CB;62
36821;H. Barcos;CF;68
36862;Ó. Cardozo;CF;65
36878;Raúl Fernández;GK;69
36912;R. Bentancourt;CF;61
36943;Cássio;GK;73
36945;Fagner;RB;62
36949;S. Romero;GK;68
37005;L. Gueye;RWF;58
37030;Arguibide;RB;54
37053;João Victor;CB;65
37087;F. Minerva;LMF;55
37106;Á. Di María;RWF;77
37140;M. Darmian;RB;69
37149;A. Desábato;GK;70
37151;J. Beyer;CB;65
37260;Keiller;GK;64
37277;Unai Gómez;AMF;68
37289;J. Steele;GK;71
37304;C. Stuani;CF;69
37337;M. Isla;RB;62
37356;Guga;RB;62
37377;A. Catena;CB;70
37391;M. Araújo;CMF;61
37398;Reinaldo;LB;65
37401;A. Kabar;LB;58
37405;M. Alexandre;RB;59
37437;A. García Basso;CB;67
37496;P. Tachtsidis;DMF;61
37506;J. García;GK;66
37510;M. Zalazar;LMF;60
37511;F. Roncaglia;CB;63
37518;J. Hurtado;RB;62
37522;Nuno Moreira;LWF;66
37602;A. Seyral;CB;57
37638;E. Džeko;CF;67
37715;T. Barry;CF;68
37827;A. Witsel;CB;71
37846;Richardson;DMF;61
37862;C. Toselli;GK;66
37874;Marcos Victor;CB;60
37901;T. Rincón;DMF;62
37976;B. Bertinato;GK;61
38112;Y. Neyou;CMF;67
38115;L. Acosta;AMF;68
38175;Ademir;RWF;64
38179;A. Sangante;CB;69
38187;G. Prado;RMF;61
38192;Cleiton;GK;70
38199;Emerson Royal;RB;66
38269;M. Carrizo;RMF;65
38274;D. Moreno;CF;69
38288;E. Muñoz;CB;63
38292;I. Andrada;RB;55
38297;Willian;LMF;67
38352;D. Welbeck;CF;74
38365;A. Dramisino;AMF;62
38374;T. Rodríguez;RWF;59
38390;Lucas Freitas;CB;62
38403;S. Ferreira;CF;66
38422;Anthoni;GK;67
38475;P. Sučić;DMF;68
38509;R. Bochi;DMF;60
38534;F. Miguel;GK;68
38539;K. Quetant;CF;59
38540;S. Coulibaly;CB;67
38567;Pedro;RWF;71
38568;S. Busquets;DMF;70
38627;O. Giroud;CF;72
38630;V. Guaita;GK;74
38640;J. González;GK;63
38685;B. Dadín;CF;70
38743;Y. Valois;CF;59
38771;V. Nelsson;CB;68
38778;G. Marinelli;GK;69
38779;Parejo;CMF;72
38797;D. Blind;CB;70
38807;R. Sam;CB;60
38810;Lucas Ramon;RB;64
38812;A. Osella;CB;62
38816;João Gomes;CMF;69
38831;Tomazella;GK;63
38852;Z. Savva;RWF;54
38858;S. El Shaarawy;LWF;70
38863;I. Villalba;CB;61
38891;O. Bevan;CB;56
38951;A. Hernández;CF;66
39173;T. Silva;CB;74
39178;D. Tabibou;CMF;61
39238;C. Gallagher;CMF;72
39239;S. Jaurena;CMF;58
39268;R. Cherki;AMF;81
39270;J. Hato;LB;69
39278;Ó. Ustari;GK;71
39301;B. Fadiga;CMF;58
39339;Rafael Thyere;CB;62
39441;A. Hickey;RB;67
39469;L. Valenti;CB;65
39673;André Luís;CF;66
39687;T. Porra;AMF;64
39699;G. Medel;CB;65
39706;A. Segovia;RMF;58
39719;S. Rondón;CF;68
39786;C. Lampe;GK;71
39798;A. Corzo;CB;62
39801;Y. Herrera;CMF;71
39804;M. Silva;GK;68
39913;T. Sanusi;LWF;57
39936;H. Mkhitaryan;CMF;76
40002;R. Lewandowski;CF;79
40003;S. Kulenović;CF;62
40122;R. Lukaku;CF;78
40179;Nico González;DMF;74
40211;F. Onyeka;CMF;68
40225;Antonio Blanco;DMF;66
40240;N. Matić;DMF;70
40260;F. Coquelin;DMF;65
40277;David;LWF;61
40283;S. Coleman;RB;65
40295;J. Henderson;DMF;67
40323;P. Aubameyang;CF;73
40335;Renzo;CB;59
40352;Neymar Júnior;AMF;80
40353;Ayrton Lucas;LB;66
40362;Ênio;LWF;62
40368;A. Seidu;CB;67
40407;Maicon;CB;66
40425;J. Alba;LB;69
40433;S. Tzimas;CF;64
40455;I. Sosa;CF;68
40456;A. Herrera;CMF;68
40525;M. Perin;GK;76
40568;Igor Vinícius;RB;61
40571;De Gea;GK;80
40581;C. Obi;CF;60
40585;M. Okoye;GK;73
40617;J. Gordon;RB;64
40631;J. Cuadrado;RMF;67
40661;L. Pratto;CF;68
40662;N. Colazo;LB;57
40677;A. Grassi;CMF;63
40725;N. Otamendi;CB;74
40735;J. Papaleo;GK;67
40749;T. Gutiérrez;SS;67
40786;C. Wood;CF;72
40875;S. De Vrij;CB;75
40884;M. Tillman;AMF;76
40937;W. Szczęsny;GK;80
40987;J. Karlström;DMF;66
40990;Anthony Lopes;GK;77
41000;R. Cabella;AMF;71
41045;Y. Rak;CB;62
41066;C. Immobile;CF;69
41082;Koke;DMF;71
41083;E. Salvio;RMF;69
41084;K. N'Dri;CF;63
41100;Juanmi;LMF;68
41119;K. Walker;RB;69
41120;T. Cairney;CMF;67
41124;D. Alaba;CB;74
41144;J. Merlo;LWF;59
41152;I. Subiabre;CF;71
41153;S. Coates;CB;71
41158;S. Luján;RMF;56
41163;E. Pérez;DMF;64
41169;E. Aguilera;CB;63
41174;M. Rojo;CB;67
41204;Rafael;GK;73
41209;Patrick;CMF;64
41235;G. Átila;GK;61
41236;N. Banegas;LB;61
41272;L. Rodríguez;LB;60
41275;J. Insaurralde;CB;65
41276;J. Velázquez;LMF;57
41294;Ignácio;CB;67
41295;C. Lema;CB;65
41425;E. Vargas;SS;62
41428;M. Díaz;DMF;62
41444;M. Rodríguez;CF;63
41451;C. Aránguiz;CMF;68
41517;L. Mugni;AMF;70
41522;R. Ríos Novo;GK;62
41527;F. Tobio;CB;62
41533;Jean Carlos;AMF;66
41538;E. Olivera;CB;62
41547;C. Quintana;CB;68
41548;J. Espínola;GK;67
41570;P. González;CMF;63
41581;J. Rodríguez;AMF;76
41595;E. Bologna;GK;70
41596;N. Tagliafico;LB;71
41637;M. Mohamed;CF;61
41640;C. Bacca;CF;67
41674;Y. Mosquera;CB;65
41686;D. Muñoz;RB;72
41688;K. Mier;GK;75
41737;F. Colidio;CF;73
41904;J. Chotard;DMF;65
41975;A. González;RB;61
41984;R. Otero;AMF;66
42033;A. Carrillo;RMF;69
42093;M. Torrén;CB;62
42101;J. Iturbe;CF;66
42117;U. Delgado;CF;57
42125;M. Galarza;RB;70
42173;E. Valencia;CF;66
42181;F. Gaibor;CMF;67
42291;D. Silva;CB;60
42308;Jesús Vázquez;LB;62
42311;Aylon;CF;64
42316;A. Griezmann;SS;75
42322;Kiko Femenía;RB;64
42346;Alesson;LWF;66
42402;Josué;AMF;73
42416;Z. Labyad;AMF;68
42424;G. Xhaka;CMF;76
42429;Juan Jesus;CB;69
42433;M. Bracamonte;RB;56
42452;G. Mercado;CB;65
42455;Ganso;AMF;72
42473;Guilherme;RMF;64
42502;M. Paulo;LB;55
42535;Cédric;RB;61
42539;M. Bizot;GK;75
42556;Isco;AMF;81
42558;Pepê;CMF;61
42559;R. Sottil;LWF;66
42575;I. Gueye;DMF;71
42577;M. Guéhi;CB;77
42582;Iker Losada;AMF;69
42586;Kevyson;LB;54
42589;B. Stambouli;DMF;63
42606;J. Stanišić;RB;70
42641;P. Coutinho;AMF;77
42654;G. González;LWF;61
42669;Casemiro;DMF;71
42688;N. Blandi;CF;60
42697;M. Lanzini;AMF;71
42698;K. Jappert;CB;63
42751;E. Mena;LB;62
42752;F. Mallo;CB;67
42806;C. Bakambu;CF;68
42821;B. Lecomte;GK;73
42825;A. Areola;GK;75
42839;Everson;GK;76
42846;N. Leali;GK;72
42854;Alerrandro;CF;66
42868;Bartra;CB;71
42892;Sergi Roberto;RB;67
42898;Lucas Moura;RMF;69
42917;D. Burn;CB;77
42935;L. Vallejo;CB;57
42944;C. Auzqui;RMF;64
43001;M. Campaña;GK;70
43006;R. Funes Mori;CB;62
43026;D. Brooks;RWF;70
43047;Unai Vencedor;CMF;64
43058;R. Ramos;RB;61
43075;G. Kondogbia;DMF;70
43082;N. Adjei;CB;63
43086;G. Oristanio;AMF;70
43094;Álvaro Morata;CF;72
43133;Luiz Gustavo;DMF;62
43135;M. Kovačić;CMF;73
43157;Marcos Alonso;CB;71
43166;M. Doherty;RB;66
43178;C. Egan-Riley;CB;68
43190;Maceió;RMF;57
43202;Neto;GK;70
43210;Juan Iglesias;RB;66
43211;M. Dmitrović;GK;77
43230;E. Giménez;CMF;59
43256;Zé Welison;DMF;60
43380;A. Domínguez;GK;74
43398;Lucão;GK;64
43441;Rodriguinho;CMF;58
43467;R. Rodríguez;CB;65
43596;Thaciano;SS;67
43638;Álex Baena;LMF;76
43643;A. Mirbach;GK;57
43668;Ó. Romero;AMF;70
43694;Gabriel;GK;69
43695;Dudu;LWF;66
43731;W. Ángel;CB;61
43747;D. Washington;CF;65
43752;Richard;DMF;59
43761;S. Lencina;LMF;73
43773;S. Moyano;GK;68
43792;M. Fernández;AMF;67
43798;S. Ramos Mingo;CB;67
43814;F. Mancuello;CMF;64
43815;U. Ciccioli;RB;55
43816;L. Sequeira;RMF;62
43888;M. Porcel;LMF;59
43896;N. Cláa;GK;57
43949;B. Guille;LWF;59
43970;J. Lucero;CF;65
43985;Alex Sandro;LB;70
43988;Danielzinho;CMF;68
43989;Danilo;CB;71
44006;M. García;CMF;59
44023;P. Gallese;GK;72
44037;A. Aguerre;GK;70
44104;J. Oblak;GK;85
44171;S. Oliveira;CMF;65
44184;L. Halter;CB;68
44187;Gabriel Poveda;CF;63
44193;J. Marcelo;CF;57
44212;Neto Pessoa;CF;61
44214;Jamerson;LB;59
44241;Roni;DMF;60
44245;A. Elanga;RWF;67
44272;Guilherme;LWF;66
44278;Pedro Raúl;CF;63
44379;K. De Bruyne;AMF;85
44383;T. Courtois;GK;86
44423;R. Arias;CB;60
44443;Luan Cândido;LB;59
44444;T. Abed;RMF;59
44449;R. Nteka;CF;66
44451;A. Bamba;CB;62
44497;E. Ampadu;DMF;68
44516;É. Ricardo;DMF;62
44527;B. André;CMF;71
44550;Vitão;CB;68
44556;F. Toloza;CF;58
44562;Fali Candé;CB;63
44591;G. Zacchi;GK;59
44619;Rodrigo Moledo;CB;60
44620;Felipe Anderson;LMF;67
44636;L. Muriel;CF;69
44637;A. Nyom;RB;64
44643;P. Almqvist;RWF;64
44654;W. Boly;CB;67
44656;C. Da Costa;LMF;64
44676;F. Acerbi;CB;77
44679;N. Williams;LB;69
44682;Rodrigo Muniz;CF;68
44694;M. Amougou;CMF;63
44702;R. Barkley;CMF;70
44708;M. Kerkez;LB;70
44711;R. Cáseres;CB;60
44743;M. Jensen;CMF;70
44748;D. Ricardo;CB;65
44760;A. Varela;DMF;69
44761;R. Ibarra;RMF;62
44766;R. Christie;CMF;68
44791;Jair;DMF;64
44797;J. Florentín;CMF;65
44802;Léo Jardim;GK;76
44838;H. Igamane;CF;66
44840;V. Van Dijk;CB;79
44857;S. Arias;RB;62
44858;Hereda;RB;59
44910;A. Sbaï;LMF;65
44941;Ramon;LB;64
44953;D. Suárez;RB;60
44987;L. Melgarejo;LWF;63
45023;P. Pogba;CMF;70
45025;Rubén García;RMF;70
45028;Sabino;CB;66
45041;P. Terracciano;GK;76
45049;B. Rodríguez;LWF;70
45055;B. Dominguès;LMF;65
45069;L. Abecasis;RB;58
45071;G. Pezzella;CB;65
45078;D. Léon;GK;75
45079;T. Arokodare;CF;69
45081;H. Diarra;CMF;69
45082;B. Deuff;DMF;60
45089;L. Digne;LB;69
45090;K. Doumbia;AMF;71
45095;M. Lacava;RMF;60
45106;M. Gorgelin;GK;68
45111;M. Coulibaly;CMF;64
45113;D. Foulquier;RB;64
45120;K. Lala;RB;67
45124;N. Collins;CB;72
45130;D. McNeil;LMF;69
45134;B. Davies;LB;66
45137;W. Gnonto;LWF;64
45144;B. Leno;GK;77
45181;A. Faye;CB;62
45182;J. Akpa-Akpro;CMF;65
45196;M. Bianchetti;CB;64
45238;H. Ekdal;CB;66
45247;J. Branthwaite;CB;72
45254;J. Freytes;CB;67
45290;Íñigo Martínez;CB;74
45292;N. Törnqvist;GK;71
45300;M. Valoti;CMF;64
45334;F. Vázquez;AMF;73
45338;B. Dieng;CF;67
45351;Marçal;LB;61
45356;L. Paredes;DMF;71
45358;K. Zenón;LMF;66
45386;Bigas;CB;70
45392;Gustavo Marques;CB;63
45402;D. Bakwa;RWF;68
45438;W. Davi;DMF;58
45442;J. De Lange;GK;73
45448;A. Kouassi;LB;62
45454;N. Arena;CB;62
45457;G. Nunes;LMF;62
45463;K. Schade;LWF;68
45507;Gilberto;CF;58
45576;I. Marcone;DMF;64
45579;H. Nervo;CB;66
45582;L. López;CB;69
45633;Alex Santana;CMF;65
45641;Allan;DMF;68
45660;L. Barraza;GK;63
45661;G. Obredor;CF;62
45664;I. Zufiaurre;LWF;59
45668;I. Machuca;RMF;65
45669;M. Di Cesare;CB;68
45674;F. Armani;GK;74
45685;J. Quintero;AMF;74
45690;L. Angulo;LWF;63
45756;G. Gómez;CB;72
45758;M. Pellegrino;CB;66
45780;B. Ndiaye;CMF;57
45788;M. Araujo;CB;64
45802;Á. Montoro;AMF;70
45807;G. Silva;LB;61
45809;D. Rodríguez;DMF;61
45823;M. Vecino;CMF;69
45831;R. Castillo;CF;66
45832;S. Cristóforo;DMF;62
45868;R. Ortiz;DMF;65
45962;Willian José;CF;70
45993;Marquinhos;CB;78
46012;Caio Paulista;LB;58
46021;Gabriel;DMF;66
46023;Vitinho;LWF;65
46025;Jádson;CMF;62
46037;Bernard;LMF;66
46049;Wanderson;LWF;65
46093;Pierre;CMF;58
46153;F. Magri;CF;65
46208;Mandaca;CMF;63
46221;Matheuzinho;RWF;67
46237;William Arão;DMF;66
46303;Gabriel;AMF;71
46327;Fernando;CF;61
46332;Renê;LB;64
46350;Marcos Vinícius;RB;59
46373;Éverton Ribeiro;AMF;72
46423;B. Humphreys;LB;63
46453;Camutanga;CB;62
46458;Igor Cariús;LB;58
46466;A. Mandi;CB;70
46487;F. Thauvin;RWF;73
46498;D. Sidibé;RB;67
46507;Lucas Oliveira;CB;61
46536;J. Ward-Prowse;CMF;63
46570;Y. Yotún;CMF;64
46611;M. Dória;CB;63
46614;Lucas Silva;DMF;67
46635;P. Fernández;DMF;62
46637;M. Icardi;CF;70
46642;Van Der Brempt;RB;64
46647;T. Meunier;RB;70
46666;Iago Aspas;CF;75
46694;N. Stanciu;AMF;68
46720;J. Mangondo;CF;57
46722;A. Dioussé;DMF;63
46737;F. Hanin;LB;62
46741;M. Fernandes;AMF;77
46752;Fabiano;RB;61
46765;Perotti;CF;62
46774;Nuno Tavares;LB;65
46780;Pablo Barrios;CMF;74
46788;R. De Galarreta;DMF;70
46812;Igor Julio;CB;69
46816;Miguelito;AMF;67
46825;E. Can;DMF;74
46829;M. Río;CMF;64
46850;J. Veltman;RB;68
46866;M. De Roon;DMF;70
46873;U. Saqid;CF;67
46879;M. Depay;CF;77
46894;Jefté;LB;59
46897;A. Oviedo;CF;64
46918;G. Verón;RMF;61
46950;N. Ahamada;CMF;64
46951;C. Summerville;LWF;68
46952;O. Sow;RWF;64
46959;Martinelli;DMF;68
46978;R. Hernandes;AMF;63
46989;M. Kudus;LMF;77
46990;C. Rivera;DMF;63
46992;I. Poveda;RWF;64
47012;K. Coronel;RB;55
47046;A. Thomasson;CMF;73
47049;R. Ghezzal;RWF;68
47051;A. Rabiot;CMF;79
47070;L. Shaw;LB;68
47080;A. Ararat;CMF;57
47100;J. Medina;DMF;54
47114;A. Murić;GK;71
47115;João Mário;RB;67
47128;Rafael Tolói;CB;67
47129;João Schmidt;DMF;61
47132;C. Volpato;AMF;67
47134;S. Perciun;CMF;55
47136;P. Castro;AMF;68
47143;W. Falcone;GK;80
47148;R. Mundle;LWF;61
47152;S. Baidoo;CB;69
47162;S. Kolašinac;CB;73
47175;O. Kouassi;CB;55
47179;P. Dybala;SS;77
47182;Alef Manga;LWF;63
47183;Alberto Reina;CMF;67
47184;Marc Casadó;DMF;68
47190;A. Romagnoli;CB;75
47194;M. Caqueret;CMF;69
47207;Álex Padilla;GK;67
47237;P. Gazzaniga;GK;74
47238;N. Clyne;RB;63
47242;Kepa;GK;77
47243;G. Duarte;RWF;61
47246;L. Palavecino;DMF;56
47250;Adrián;GK;70
47251;Vivian;CB;76
47252;C. Lykogiannis;LB;65
47267;David Carmo;CB;70
47269;N. Ferraresi;CB;65
47286;J. Pickdord;GK;83
47287;H. Kane;CF;88
47334;A. Ouattara;RWF;65
47347;R. Benítez;AMF;66
47357;Areso;RB;65
47374;P. Zieliński;CMF;74
47396;M. Brozović;DMF;70
47398;K. Asllani;DMF;65
47405;Jonny;RB;65
47406;Joan García;GK;86
47409;Lordkipanidze;CMF;55
47415;A. Alonso;CF;59
47419;M. Colin;RB;60
47429;N. Maupay;CF;69
47431;E. Dier;CB;71
47433;A. Gomes;CMF;69
47437;P. Ciss;DMF;68
47456;Luciano;SS;69
47464;C. Ndaba;LB;59
47522;A. Laporte;CB;74
47524;F. Lejeune;CB;71
47527;R. Rodin;CF;55
47529;B. Samba;GK;79
47532;N. Goitea;CB;60
47540;Rafael Santos;GK;66
47550;K. Johnsson;GK;67
47557;H. Galíndez;GK;73
47565;Pablo Maia;DMF;64
47566;M. Viña;LB;64
47568;Paulinho Paula;CMF;63
47569;I. Doukouré;CB;71
47583;L. Janson;LWF;61
47586;J. Torres;CF;65
47589;É. Godoy;CB;66
47594;R. Botta;AMF;70
47596;M. Vincentini;GK;61
47630;R. Alhassane;LB;61
47633;V. Krapyvtsov;GK;62
47644;B. Cabrera;CF;63
47645;B. Garré;RMF;63
47648;R. Di Gennaro;GK;64
47653;D. Giraldo;DMF;60
47659;Dudu;DMF;61
47671;B. Bustos;GK;65
47675;M. Bianqui;CMF;61
47727;Alex Telles;LB;66
47745;B. Oviedo;CB;58
47759;Giovane;RWF;63
47775;D. Silva;AMF;67
47785;J. Stones;CB;74
47787;João Cancelo;RB;73
47795;S. Rodríguez;AMF;70
47812;Ronald;CMF;59
47813;M. Zaldivia;CB;62
47814;D. Benedetto;CF;63
47825;L. Romero;DMF;67
47830;L. Magallán;CB;66
47833;D. Aquino;LMF;62
47834;M. Casco;LB;66
47836;R. Rey;GK;72
47837;R. Sosa;LMF;69
47872;Carvalheira;DMF;66
47911;G. Costantini;CMF;57
47929;L. Gómez;CMF;56
47933;J. García;RB;65
47934;M. Miranda;AMF;63
47941;L. Amadé;GK;66
47959;B. Cortés;GK;72
47988;C. Vargas;GK;73
47999;D. Torres;DMF;63
48009;Á. Romero;RWF;66
48056;V. Cuesta;CB;66
48129;L. Díaz;LWF;77
48142;F. Pereyra;CB;64
51511;R. Villagra;DMF;63
51522;C. Dorador;GK;58
53383;F. Salazar;RMF;65
53384;B. Gutiérrez;RB;53
53387;D. Caicedo;RWF;62
53389;B. Chandía;LMF;59
53451;N. Rodríguez;RMF;61
53453;D. Rivera;CB;63
53474;J. Guerrero;RB;60
53475;R. Lagos;LB;60
53476;J. Cuenú;CB;62
53520;F. Ángel;CMF;61
53589;J. Méndez;CMF;62
53591;L. González;RMF;65
53792;L. Castro;CF;66
53799;L. Escorcia;CB;57
53906;J. Alfaro;RB;56
53913;S. Serdar;CMF;70
54056;R. León;GK;63
54067;D. Pereira;CF;56
54113;M. Zepeda;CMF;52
54119;N. Lodeiro;AMF;69
54121;A. Cantero;LB;59
54163;M. Caicedo;CB;57
54165;O. Gill;GK;69
54166;C. Haydar;CB;62
54167;Y. Cuevas;CF;57
54168;L. Couture;CMF;60
54169;M. Morales;LB;56
54247;N. Süle;CB;71
54255;P. García;RMF;61
54266;H. Camara;CF;60
54348;E. Delmás;LWF;57
54351;G. Celis;DMF;64
54356;R. López;LMF;58
54357;J. Carvajal;CF;58
54364;M. Kempf;CB;68
54383;J. Escobar;DMF;61
54384;R. Briones;CMF;62
54385;A. Bravo;CB;57
54386;E. Ruiz;LB;55
54387;Y. Garcés;CF;59
54388;P. Mercado;CMF;69
54389;J. Arroyo;DMF;59
54390;B. García;AMF;62
54391;A. Rodríguez;LMF;62
54392;T. Serrago;AMF;65
54393;J. Medina;CF;67
54394;M. Cáceres;CMF;63
54395;D. Novoa;GK;71
54396;L. Zárate;CB;66
54397;R. Schunke;CB;67
54399;J. Cazares;AMF;69
54400;M. Fernández;RB;63
54401;E. Pata;RWF;61
54403;J. Lerma;LMF;59
54404;J. Sornoza;AMF;71
54405;A. Córdoba;CB;58
54416;Omar Mascarell;DMF;65
54422;F. De La Vega;CF;61
54428;Riquelme F.;AMF;61
54429;J. Patiño;LB;57
54440;S. Al-Nasser;LMF;60
54441;A. Silva;CMF;62
54445;J. Gbamin;CB;65
54446;M. Navarro;LB;60
54602;P. Ortiz;DMF;58
54659;N. Al-Sharari;CB;61
54670;D. Torrico;LMF;58
54671;J. Valencia;DMF;63
54674;S. Haqawi;CF;51
54675;M. Akliouche;RMF;73
54676;K. Silva;CB;64
54677;Y. Ayari;AMF;76
54679;G. Schiavone;GK;66
54680;Y. Quiñónez;LWF;62
54698;P. Aquino;DMF;64
54701;Estêvão;RMF;71
54732;Allan;DMF;64
54745;S. Guirassy;CF;78
54753;B. Pavard;CB;73
54756;Gonçalo Ramos;CF;72
54757;J. Brekalo;LMF;67
54761;F. Monzón;CF;66
54771;Tiago;LMF;56
54787;Mayke;RB;61
54791;S. Posch;RB;67
54798;Marcos Rocha;RB;63
54807;J. Castillo;DMF;63
54809;G. Plata;RWF;69
54810;A. Tobar;CMF;65
54814;De Los Santos;RWF;64
54820;I. Alba;RB;61
54821;L. Giossa;GK;66
54822;E. Tamiche;LB;54
54823;B. Sávio;AMF;67
54824;D. Retamal;CB;59
54825;B. Duarte;RB;53
54826;E. Mosquera;LWF;63
54827;D. Arroyo;CB;56
54828;A. Terrazas;AMF;64
54829;Y. Del Valle;LWF;59
54830;F. Salomoni;LB;58
54832;A. Castro;LWF;63
54833;C. De Las Salas;LB;58
54834;L. Yanarico;CB;57
54835;A. Bahachille;CMF;59
54836;J. Hurtado;CF;60
54837;M. Alonso;LMF;59
54838;E. Monteiro;CF;56
54839;Y. Orozco;LWF;64
54840;B. Castro;RWF;61
54841;G. Charrupí;CMF;60
54842;J. Fuentes;CB;63
54843;B. Gazzolo;CB;63
54844;G. Vargas;CB;63
54845;M. Parrales;CF;64
54846;A. Alfonzo;CB;55
54848;B. Tamayo;CB;60
54849;J. Cuero;RB;58
54850;L. Abreu;AMF;60
54851;L. Soza;RB;60
54852;I. Aliseda;LMF;64
54853;M. Fernández;CB;63
54854;N. Eliseche;DMF;56
54855;D. Escobar;RB;56
54856;D. Mendoza;DMF;59
54857;D. Corral;RWF;56
54858;C. Cuevas;LMF;62
54859;F. Zampedri;CF;67
54860;C. Montaño;DMF;62
54861;C. Valencia;CB;55
54862;U. Garcia;LB;65
54863;E. Bores;GK;64
54864;L. Vargas;LB;52
54865;F. Noguera;CF;54
54876;A. Al-Hamdan;CF;62
54884;Michael;LMF;66
54974;Luighi;CF;58
55037;S. Al-Ghannam;RB;64
55038;A. Al-Amri;CB;65
55043;N. Boushal;RB;55
55045;A. Al-Hassan;DMF;57
55046;S. Al-Najei;SS;57
55047;N. Al-Aqidi;GK;75
55051;A. Al-Khaibari;DMF;60
55052;A. Yahya;RWF;63
55053;A. Ghareeb;LMF;61
55055;M. Marran;CF;59
55056;B. González;CMF;55
55076;A. Arce;AMF;62
55118;G. Paiva;CF;64
55119;J. Canchimbo;RWF;58
55128;B. Castrillón;LWF;63
55129;D. Moreno;DMF;64
55301;K. Lomónaco;CB;71
55400;A. Aman;LB;49
55411;T. Viera;CB;58
55412;D. Montenegro;RB;57
55416;K. Mendoza;CMF;58
55421;C. Martínez;CMF;57
55426;M. Iacobellis;RMF;62
55432;J. Meza;LWF;62
55435;E. Naya;CF;66
55437;J. Goicochea;CF;56
55441;D. García;LMF;66
55443;J. Portilla;DMF;65
55521;Y. Chará;RMF;65
55522;M. Torres;CF;64
55523;A. Cabellos;LB;56
55527;A. Burlamaqui;DMF;59
55528;Y. Murillo;RWF;58
55530;N. Johansen;CF;60
55531;J. Guzmán;CMF;58
55532;A. Duarte;GK;66
55533;E. Noriega;CB;67
55538;J. Moretti;RWF;56
55543;J. Rodríguez;GK;60
55545;P. Ceppelini;AMF;67
55644;A. Marchesín;GK;73
55646;P. Durán;RWF;59
55650;S. Morales;AMF;55
55651;R. Sailor;CB;63
55652;P. Rodríguez;AMF;60
55653;N. Allen;LB;55
55654;I. Fray;CB;60
55656;G. Lucero;LB;54
55657;T. Avilés;CB;65
55661;D. Gómez;CMF;68
55664;A. Al-Jaber;CMF;58
55666;L. Campana;CF;64
55667;D. Ruiz;DMF;59
55694;Á. De La Cruz;GK;60
55695;J. García;CB;59
55696;F. Castro;CMF;61
55697;J. Mina;LB;64
55705;J. Fuentes;CF;57
55706;J. Perlaza;LB;60
55708;M. Puerta;RB;60
55709;J. Valencia;LWF;60
55710;F. Saucedo;CMF;61
55711;R. Piñeiro;RWF;61
55712;J. Nieto;CMF;64
55713;C. Salgado;CB;51
55716;J. Gutiérrez;LMF;62
55718;N. Benegas;CF;63
55719;C. Gómez;RB;56
55720;J. Peña;CB;66
55721;L. Aponte;CB;61
55722;J. Mosquera;LB;55
55723;J. Mena;CB;63
55724;A. Gutiérrez;RB;61
55727;F. Castañeda;AMF;64
55728;F. Hinestroza;LMF;66
55729;M. Valenzuela;LB;55
55730;A. Quintana;GK;72
55731;J. Velásquez;CB;55
55732;C. Romaña;CB;61
55733;C. Henao;CB;63
55735;L. Flores;DMF;63
55736;L. Díaz;CB;57
55737;F. Sambueza;RMF;68
55738;D. Chávez;CMF;64
55739;K. Londoño;RMF;64
55740;E. Wiemberg;LB;59
55741;L. Pons;CF;69
55743;J. Vásquez;RMF;61
55744;E. Correa;GK;69
55745;Dedé;CB;65
55746;L. Quintana;CB;61
55747;L. Palacios;RB;63
55748;D. Gratzia;LB;61
55749;A. Roca;DMF;63
55750;P. Espiga;CMF;64
55751;M. Mejía;AMF;70
55752;G. Moreti;AMF;74
55753;R. Flores;CF;65
55754;L. Guevara;CF;67
55755;V. Toledo;GK;68
55756;R. Fierro;GK;63
55757;M. Gauna;CB;63
55758;J. Velázquez;RWF;52
55759;E. Vaca;LB;57
55760;Catorce;CMF;61
55761;M. Galo;CMF;62
55762;C. Montero;DMF;63
55763;J. Vidal;AMF;71
55764;A. Garrido;SS;62
55765;Alfa;CF;60
55766;F. Aragón;CF;68
55769;R. Banegas;GK;64
55770;R. Mina;CB;66
55771;R. Adé;CB;70
55772;Y. Erique;LB;55
55773;D. Aimar;CB;62
55774;K. Minda;DMF;61
55776;L. Alzugaray;RWF;66
55777;L. Riveros;CF;62
55779;M. Estrada;CF;66
55780;G. Valle;GK;73
55781;A. Villa;GK;62
55782;G. Allala;CB;64
55783;C. Esparragoza;CMF;62
55784;D. De La Cruz;RB;63
55786;A. Alvarado;LWF;64
55787;M. Díaz;LWF;56
55788;Bruno Rodrigues;LWF;62
55789;F. Mina;LWF;59
55791;A. Cabeza;CF;62
55792;L. Quiñónez;LB;65
55794;J. Vargas;CB;66
55795;F. Charrupí;AMF;62
55797;G. González;DMF;64
55798;C. Ramos;DMF;58
55800;J. López;AMF;57
55801;J. Cuesta;LWF;61
55802;J. Berríos;RWF;61
55803;F. López;CMF;60
55804;R. Hernández;LWF;58
55805;D. Gil;GK;59
55806;F. Solé;DMF;63
55808;D. Osio;CB;63
55809;M. Guaramato;RB;62
55810;M. Pernía;LB;60
55811;F. Oliveros;LB;53
55813;J. Archimbaud;DMF;64
55814;V. Rodríguez;DMF;61
55815;D. De Sousa;RWF;58
55816;N. Villarreal;CF;61
55817;M. Ruiz;RMF;57
55818;F. Ruíz;RWF;58
55824;E. Rodríguez;GK;58
55831;B. Silva;AMF;61
55835;J. Cornejo;LB;57
55836;F. Nava;RWF;60
55837;M. Lugo;CMF;61
55838;J. Medina;CMF;58
55840;J. Riasco;CF;58
55843;J. Maraude;AMF;61
55844;L. Marquinez;GK;67
55845;S. García;CB;61
55846;J. Arias;CB;64
55847;J. Hernández;LB;55
55848;J. Rivas;CMF;64
55849;C. Riquelme;LB;55
55851;F. Marchant;AMF;64
55852;E. Castillo;LMF;65
55854;V. Pierani;CB;58
55855;J. Espinoza;RB;58
55856;J. Gómez;DMF;59
55857;W. Tesillo;CB;67
55858;S. Muhlethaler;RWF;58
55859;D. Banguero;LB;62
55860;P. Lavandeira;CMF;62
55862;M. Sosa;RWF;62
55863;M. Fernández;RMF;57
55864;F. Catarozzi;CMF;60
55865;J. Córdoba;RMF;62
55867;C. Ebere;CF;64
55894;Á. Campos;GK;67
55896;C. Sarabia;RB;56
55897;J. Angulo;RWF;61
55900;F. Ibarra;DMF;68
55902;M. Pellegrini;LMF;65
55905;F. Zenobio;GK;69
55906;S. Viveros;CMF;56
55907;S. Valencia;LB;60
55908;Cleiton;CB;60
55910;M. Martínez;DMF;64
55911;D. Quintero;SS;65
55913;T. O'Connor;CMF;65
55944;J. Soto;GK;68
55945;O. Bertel;LB;60
55946;M. Caicedo;CB;57
55947;K. González;CMF;57
55948;J. Sánchez;GK;65
55949;Y. Candelo;RB;61
55950;M. Castillo;LMF;58
55951;L. Paz;DMF;60
55952;E. Peralta;SS;57
55953;C. Barrios;RWF;66
55954;L. Ramos;CF;61
55955;S. Silva;GK;68
55956;E. Villanueva;GK;58
55957;J. Pestaña;CB;65
55958;C. Tovar;CB;62
55959;É. Balanta;DMF;62
55960;F. Leys;DMF;58
55961;R. Carrascal;CMF;63
55962;S. Navarro;AMF;67
55963;F. Gulli;AMF;63
55964;J. Murillo;RWF;65
55965;J. Lucumí;RWF;61
55966;R. Holgado;CF;65
55967;A. Mosquera;CB;64
55969;S. Lentinelly;GK;65
55970;M. Rea;CB;63
55971;N. Cabral;CB;60
55972;F. Perdomo;RB;60
55973;N. Arévalo;DMF;61
55974;D. Victoria;CMF;57
55975;E. Forclaz;RMF;60
55976;F. Núñez;LWF;55
55977;R. Machado;CF;59
55978;D. Ordóñez;CB;52
55980;E. Márquez;GK;63
55981;C. Zavala;RWF;63
55982;A. Cayetano;LB;61
55983;E. Castillo;LB;59
55984;K. Amaro;RB;60
55985;N. Giraldo;LB;59
55986;G. Nápoli;CMF;63
55987;A. De Luca;RWF;56
55988;M. Ríos;DMF;57
55990;L. Acosta;CF;63
55991;Y. Perlaza;RB;58
55992;S. Milano;DMF;59
55993;S. Acuña;CF;58
56019;N. Volpi;GK;71
56022;L. Berrío;CMF;62
56024;H. Loboa;DMF;60
56025;M. Núñez;DMF;62
56026;E. Mena;RB;59
56027;S. Guzmán;DMF;62
56029;Léo Pereira;CB;72
56031;K. Pérez;RWF;63
56033;J. Sagredo;CB;58
56034;A. Salazar;LB;57
56035;M. García;CMF;63
56036;S. Martín;RB;55
56037;A. Román;RB;64
56039;J. Castro;RB;64
56040;C. Cañozales;LWF;56
56041;L. Assadi;AMF;70
56042;K. Toscano;DMF;59
56043;J. Zapata;CMF;61
56045;C. Izquierdoz;CB;68
56046;A. Araque;GK;63
56047;I. Perruzzi;DMF;61
56048;L. Acevedo;CB;62
56049;J. Requena;CMF;61
56050;M. Rabuñal;DMF;63
56051;C. Calzadilla;CMF;60
56052;J. Ortíz;RMF;62
56054;S. Lomónaco;CF;62
56055;J. Martínez;GK;68
56056;D. Enríquez;GK;70
56058;D. Saggiomo;AMF;63
56059;N. Hernández;RB;64
56060;G. Lozano;CMF;56
56061;L. Wasilewsky;CMF;61
56062;A. Oroz;RMF;61
56063;M. Cova;CMF;67
56064;B. Castillo;CF;65
56065;D. Díaz;CMF;59
56066;J. Castillo;RMF;59
56067;D. Soto;CMF;58
56097;V. Fascendini;CB;60
56104;R. Perlaza;LMF;56
56105;L. Garzón;GK;65
56113;Y. Vásquez;CF;58
56118;I. Poblete;CMF;63
56120;N. Fernández;RB;58
56122;S. Navarro;RB;56
56129;J. Enamorado;LMF;63
56130;J. Angulo;LB;60
56131;T. Martínez;AMF;67
56133;A. Díaz;LB;56
56134;J. Navia;LB;56
56136;J. García;AMF;59
56137;J. Uzeda;LWF;59
56139;W. Asprilla;GK;66
56140;S. Paz;GK;58
56141;V. Moreno;CB;64
56142;J. Godoy;CF;62
56143;L. Cano;LWF;63
56145;M. Maidana;CB;61
56148;N. Sansotre;RB;63
56150;D. Tonetto;CMF;60
56151;R. Pérez;DMF;62
56153;L. Di Placido;RB;61
56155;A. Lastra;GK;60
56157;T. Ostchega;LB;60
56162;A. Uribe;CF;63
56163;M. Reali;RWF;63
56165;F. Suárez;CF;59
56168;I. Russo;CF;64
56169;N. Manganelli;GK;60
56171;J. Vera;CB;62
56172;A. Barrionuevo;CB;67
56173;N. Caro Torres;CB;59
56174;P. Ramírez;RB;58
56175;F. Miretti;CMF;67
56178;P. Monje;CMF;59
56181;R. Borja;CF;51
56182;Y. Goitía;DMF;59
56183;N. Fagioli;CMF;67
56184;F. Gatti;CB;76
56185;P. Bonilla;RB;59
56188;L. Landriel;CMF;56
56190;A. Vigo;RB;59
56215;O. Fernández;LMF;64
56218;L. Palacios;RWF;63
56219;J. Meléndez;RWF;59
56220;E. Murillo;DMF;63
56221;J. Torres;CMF;61
56225;A. Mosquera;GK;69
56226;Matheus Cunha;GK;68
56227;I. Scarpeta;CB;64
56230;J. Obrian;RWF;63
56232;K. Toscano;DMF;57
56234;Y. Velásquez;DMF;63
56235;H. Rodallega;CF;65
56236;L. Segovia;CB;63
56239;M. Vargas;GK;68
56240;J. Marchio;CB;57
56241;A. Calderón;GK;64
56242;R. Guzmán;CB;58
56243;P. Reyna;LB;61
56245;D. Ulloa;LB;56
56246;J. Murrugarra;DMF;59
56249;J. Rivera;CF;65
56250;S. Britos;GK;69
56252;C. Inga;LB;65
56253;J. Concha;CMF;66
56254;M. Sosa;RMF;56
56255;J. Colmán;LMF;60
56257;R. Arace;RWF;62
56258;F. Barone;CF;57
56260;T. Caballero;CF;60
56261;R. Ureña;DMF;65
56263;L. Monzón;CB;64
56312;Y. Moreno;RB;56
57123;M. Salah;RWF;77
57156;L. Cardozo;CB;53
57201;J. Ardaiz;CF;61
57212;D. Pereira;CMF;61
57214;M. Caillard;GK;65
57224;C. Paz;CB;61
57226;Jofre;RMF;66
57249;S. Ebonog;CMF;61
57255;M. Dupé;GK;74
57256;Wesley;RB;66
57257;N. Obougou;CF;57
57269;Aitor;LMF;61
57280;Khellven;RB;61
57292;L. Mpasi;GK;71
57304;S. Mané;LWF;70
57330;R. Jiménez;CF;70
57332;W. Geubbels;CF;66
57335;Y. Guzmán;AMF;68
57349;Gerard Moreno;CF;76
57350;Moi Gómez;CMF;70
57353;Carvajal;RB;74
57410;P. Albornoz;GK;57
57413;O. Scarles;LB;61
57418;Marllon;CB;64
57434;Rubens;RWF;58
57613;I. Sáez;GK;62
57619;B. Bentaberry;DMF;61
57622;J. Teze;RB;70
57624;E. Herrera;RB;58
57625;A. Canales;DMF;59
57633;K. Ouattara;LB;61
57634;A. Bouaddi;CMF;68
57636;Q. Merlin;LB;65
57637;J. Castellanos;AMF;64
57639;Á. Madrid;CMF;64
57641;D. Carrillo;LB;58
57642;M. Greenwood;RWF;74
57643;L. Camara;CMF;70
57644;K. Lukoszek;LMF;59
57645;Y. Rivas;RWF;58
57646;M. Salisu;CB;72
57647;A. Rambal;CB;65
57648;O. Valenzuela;DMF;59
57649;G. Peredo;RMF;60
57650;M. Sulbarán;RWF;58
57651;L. Colitto;LWF;64
57652;L. Haquín;CB;60
57653;M. Villarroel;CMF;60
57654;H. Cuéllar;DMF;61
57656;E. Morales;CB;58
57657;J. Vargas;LWF;57
57658;F. Cáceres;CMF;62
57674;A. Dos Santos;AMF;59
57680;J. Torres;AMF;66
57736;Y. Suárez;LB;60
57739;A. Vásquez;CF;60
57740;Marc Bernal;DMF;67
57743;F. Bais;LB;59
57749;E. Mbappé;RMF;67
57750;F. Balogun;CF;70
57893;J. Chancellor;CB;62
57895;J. Sagredo;CB;61
57897;G. Villamíl;CMF;64
57898;T. Palacios;RMF;66
57901;E. Tortolero;LWF;60
57902;R. Gómez;CB;63
57904;S. Góngora;RWF;57
57908;Y. Ochoa;AMF;58
57910;D. Romero;RB;59
57911;M. Céliz;CMF;65
57913;M. Mamani;RWF;58
57914;J. Vélez;AMF;66
57915;A. Quiroga;CB;61
57916;H. Palacios;RB;62
57917;A. Serna;CMF;62
57918;J. Sarmiento;RWF;64
57919;J. Viveros;RB;52
57920;F. Chaverra;LMF;66
57922;J. Montaño;LWF;58
57923;G. Mancilla;LWF;52
57925;N. Rodríguez;CB;61
57926;E. Cetré;LMF;67
57929;L. Fioravanti;DMF;60
57930;E. Larrosa;CF;58
57931;J. Ríos;DMF;63
57937;L. Bucca;CMF;61
57938;R. Melgarejo;CB;58
57939;D. León;LB;56
57940;J. Morel;DMF;63
57941;P. Da Motta;DMF;67
57943;W. Viera;DMF;60
57944;D. González;CMF;57
57945;B. Bosch;RMF;57
57947;G. Carneiro;CF;65
57948;L. Quintana;CB;62
57949;M. Pérez;CB;67
57951;L. Vásquez;GK;65
57954;A. Fariña;AMF;62
57955;J. Rattalino;DMF;56
57956;P. Vera;SS;59
57957;Chico Da Costa;CF;66
57959;S. Araujo;CF;65
57962;J. Alegría;CF;60
57964;Victor Gabriel;CB;62
57966;Vanderlan;LB;57
57973;K. Adeyemi;RWF;70
57974;R. Fernández;GK;69
57977;N. Durán;GK;62
57978;K. Jorge;CF;70
57979;M. Soulé;RWF;72
57980;M. Puig;DMF;59
57983;V. Poggi;CMF;63
57985;E. Lopez;RWF;64
57986;D. Flores;LB;60
57987;M. Miljevic;AMF;72
57988;A. Parra;CF;65
57989;M. Mejía;RWF;58
57990;S. Núñez;SS;59
57992;C. Ramírez;CF;59
57993;S. Rivero;CMF;60
57996;E. Valencia;LWF;63
57997;G. Chiaverano;LMF;55
57999;L. Sandoval;CF;66
58000;J. González;RMF;64
58004;F. Zamora;CB;49
58010;Raul Steffens;GK;62
58021;F. Gino;CMF;60
58027;E. Bello;RMF;65
58029;A. Vombergar;CF;65
58033;L. Millán;AMF;66
58035;D. Medina;RB;58
58037;T. Cavanagh;LB;58
58044;T. Ramírez;CB;64
58046;C. Rodríguez;RB;54
58047;C. Medina;RB;53
58049;J. Cevallos;GK;72
58058;D. Capdevila;GK;59
58059;J. Aguirre;CB;64
58060;J. Millán;CB;67
58061;G. Varela;RB;68
58062;E. Ancheta;RB;62
58063;N. Rodríguez;RB;63
58065;C. Oliva;DMF;63
58066;E. Mereles;LWF;57
58069;L. Mejía;GK;71
58070;I. Suárez;GK;63
58071;P. Calione;CB;57
58072;G. Báez;LB;63
58073;F. Waller;LMF;66
58075;M. Pereyra;AMF;67
58076;D. López;CF;70
58078;B. Arady;LWF;57
58079;L. Villalba;RWF;63
58080;M. Bergara;AMF;59
58087;J. Intriago;CMF;64
58091;R. Fernández;LB;60
58092;C. Sejas;CMF;59
58093;S. Flores;CB;61
58094;J. López;GK;58
58096;C. López;LB;51
58099;C. Alemán;AMF;65
58100;H. Butrón;CB;53
58102;M. Galindo;DMF;56
58106;Y. Del Valle;AMF;58
58111;M. Montenegro;CMF;54
58118;K. Flórez;RWF;59
58120;J. García;AMF;65
58121;A. Forneris;DMF;59
58125;J. Saucedo;LMF;51
58127;N. Freire;CB;63
58128;C. Villalba;CMF;61
58131;M. Suárez;CB;59
58136;M. Paniagua;LMF;57
58142;N. Sumavil;GK;63
58145;R. Gómez;RB;55
58147;E. Martínez;DMF;64
58156;E. Godoy;CMF;58
58157;R. Saravia;DMF;59
58158;A. Martínez;LMF;63
58159;F. Bregante;LB;55
58160;A. Benítez;RB;60
58161;F. Peralta;DMF;60
58163;F. Fagúndez;SS;64
58164;D. Vergara;LWF;67
58165;M. Fonseca;CF;60
58167;J. Angulo;CB;63
58169;T. Lavezzi;AMF;55
58171;Murilo Rhikman;DMF;57
58172;Kauã Prates;LB;56
58173;M. Agámez;DMF;55
58174;S. Segovia;AMF;60
58175;J. Duarte;CF;59
58178;Y. Cumaná;LMF;60
58181;P. Garrido;GK;60
58192;J. Angulo;CF;58
58193;M. Perelló;RWF;63
58198;S. Mosquera;CB;62
58199;A. Balboa;CF;66
58206;C. Ortiz;CF;62
58207;E. Freita;CB;59
58208;Y. Rocha;RB;58
58209;T. Rodríguez;LB;56
58210;J. Rodríguez;CB;65
58211;N. Herrera;CB;66
58212;L. Hernández;LB;60
58213;T. Villalba;RMF;62
58214;P. Milans;RB;63
58215;Á. Marchese;LB;54
58216;Y. Mamani;CMF;53
58217;I. Gariglio;CB;63
58218;R. Ramírez;CB;60
58219;L. Paz;RB;55
58220;G. De Amores;GK;67
58221;K. Morgan;GK;59
58222;B. Salinardi;CF;56
58223;S. Echeverría;CB;61
58224;J. Zapata;SS;64
58227;J. Méndez;CB;64
58229;Y. Hurtado;RB;61
58230;K. Pinargote;GK;56
58231;F. Juárez;DMF;58
58232;B. Castillo;RB;64
58234;W. Vargas;RB;62
58235;Leonai;DMF;62
58236;G. Cortez;AMF;68
58237;J. Rojas;LMF;62
58239;C. Solano;LMF;61
58240;De Arruabarrena;GK;70
58241;B. Carabalí;RB;63
58242;O. Salomón;CB;63
58243;X. Arreaga;CB;64
58245;J. Trindade;DMF;63
58246;J. Gómez;RMF;59
58247;B. Oyola;LMF;65
58248;J. Corozo;RWF;67
58249;D. Arroyo;DMF;63
58250;J. Valiente;AMF;66
58251;A. Chalá;LB;63
58254;G. Olveira;GK;71
58255;L. Verza;GK;64
58256;J. Barreto;CB;65
58257;A. Alcaraz;CF;65
58258;T. Morinigo;LMF;57
58259;A. Paredes;LB;59
58261;J. Velásquez;CF;58
58264;D. Romero;CF;63
58266;C. Olmedo;RB;56
58268;A. Franco;CMF;60
58269;H. Fernández;LWF;63
58270;E. López;LWF;58
58271;J. Dominguez;CMF;63
58272;L. Martínez;CF;53
58273;P. Rodríguez;LWF;63
58276;J. Vieira;CF;65
58279;K. Angulo;CF;53
58280;H. Castillo;GK;65
58281;Ó. Quiñónez;CB;62
58284;L. Zabala;CB;57
58285;E. Darias;CMF;64
58286;S. Velásquez;LB;61
58287;T. Santamaría;RB;60
58290;S. Fernández;CB;63
58291;L. Fuster;GK;58
58292;M. Rodríguez;CB;66
58293;R. Rodrigues;AMF;63
58295;J. Rengifo;AMF;65
58298;L. Umpiérrez;RWF;63
58302;F. Petroli;GK;69
58304;B. Calderara;LMF;56
58305;J. Candia;CF;61
58307;C. Arce;DMF;58
58309;C. Domínguez;LMF;63
58311;F. Mater;RB;57
58312;D. Zalazar;RWF;63
58315;N. Capraro;CB;59
58317;A. Cantero;AMF;68
58319;R. Herrera;DMF;59
58320;B. Reyna;LMF;65
58321;H. Rivera;CMF;62
58323;B. Sepúlveda;CF;64
58325;T. Cardozo;GK;72
58326;S. Delvalle;CB;56
58327;N. Giménez;CB;61
58329;F. Bussio;DMF;57
58330;H. Martínez;CMF;60
58331;M. Huamán;RMF;60
58334;I. Franco;RWF;59
58335;G. Aguilar;CF;60
58336;Á. González;GK;62
58337;T. Muro;AMF;61
58338;A. Troche;RB;52
58340;J. Romero;RMF;56
58341;I. Vásquez;AMF;61
58342;L. Sanabria;AMF;66
58343;H. Caballero;DMF;62
58344;D. Viera;CB;65
58345;C. Sosa;AMF;68
58346;R. Villalba;RWF;59
58348;S. Gassama;CF;59
58349;A. Velasco;CB;62
58350;N. Ramírez;CB;64
58351;T. Hall;CB;50
58352;M. Jacquet;CB;61
58353;C. Yucra;CMF;51
58354;D. Mercado;CMF;55
58355;C. Suárez;CMF;58
58356;J. Flores;LB;58
58360;A. Medina;DMF;63
58361;E. Gularte;CB;64
58362;J. Escobar;CB;61
58363;A. Cruz;LMF;61
58364;W. Saucedo;RB;59
58365;I. Boatwright;RB;48
58368;J. Contrera;RMF;60
58369;R. Sarli;CF;56
58397;J. Peñarrieta;GK;62
58398;S. Villarroel;CB;53
58399;E. Sánchez;CMF;60
58400;J. Saborido;RB;63
58401;J. Herrera;CMF;59
58402;H. Rodríguez;CMF;61
58403;J. Montenegro;RMF;59
58405;A. Ávalos;LMF;57
58406;M. De Lima;CF;57
58407;G. Salvatierra;GK;61
58408;M. Di Benedetto;CB;64
58409;G. Mendoza;LB;55
58410;R. Barbosa;CB;59
58413;B. Schamine;CMF;56
58414;R. Vargas;SS;62
58503;M. Ryan;GK;78
58636;V. Lazaro;RMF;69
58653;A. Milik;CF;76
58665;A. Bernabei;LB;64
58666;Santos;GK;71
58668;Manoel;CB;59
58674;Riquelme F.;RWF;56
58680;Jemerson;CB;62
58691;Gabriel P.;CB;70
58720;C. Kelleher;GK;75
58747;Thiago Mendes;DMF;67
58756;Walter;GK;73
58759;Gabi;CF;70
58765;L. Evangelista;CMF;68
58830;M. Solomon;LWF;68
58834;Rafa Marín;CB;70
58839;J. Giménez;CB;76
58840;Morales;CF;70
58842;D. Greif;GK;77
58843;Alberto Moreno;LB;66
58847;Gustavo Martins;CB;62
58849;Gabriel Delfim;GK;63
58858;Gustavo Neves;CMF;61
59179;E. Pulgar;DMF;71
59188;W. Alarcón;CMF;64
59201;J. Ingratti;CF;50
59206;M. Smarra;AMF;56
59229;F. Cornejo;CMF;66
59233;J. Meli;LB;61
59249;M. García;LMF;62
59256;F. Lorenzón;CB;60
59259;S. Inácio;SS;61
59261;Bruno;GK;69
59265;C. Baeza;DMF;65
59267;M. Arias;AMF;59
59269;E. Pavez;DMF;62
59288;Victor Hugo;RMF;66
59333;R. Cardines;LB;54
59335;Matheus Bidu;LB;64
59353;D. Melo;GK;63
59354;R. Riquelme;CB;61
59356;P. Díaz;CB;68
59358;Riquelme;LMF;66
59388;M. Romero;RMF;61
59393;J. Pérez;AMF;62
59399;Nonato;CMF;65
59400;Á. Cardozo;CMF;61
59407;Ó. Opazo;RB;58
59416;M. Almirón;RWF;69
59418;T. Asta-Buruaga;CB;63
59419;G. Guiffrey;CB;60
59421;S. González;AMF;66
59433;H. Bobadilla;SS;61
59443;B. Cerezo;RB;62
59445;R. Echeverria;DMF;67
59453;Nícolas;GK;65
59458;Jorginho;DMF;72
59459;L. Díaz;CF;65
59460;C. Mandas;GK;74
59465;F. Ceccherini;CB;64
59474;Dudu;RB;60
59476;C. González;CF;66
59481;D. Berardi;RWF;76
59484;L. Pavoletti;CF;63
59486;F. Schär;CB;74
59487;S. Liseth;CF;67
59493;Z. Abbott;CB;57
59507;Edu Ribeiro;CB;62
59526;Pablo;CF;63
59546;L. Hrádecký;GK;78
59547;P. Højbjerg;CMF;71
59590;C. Ngonge;RWF;65
59596;K. Tete;RB;68
59637;E. Guessand;RWF;67
59675;G. Siri;GK;64
59706;Iñaki Peña;GK;74
59714;A. Mac Allister;CMF;77
59715;J. Dinenno;CF;63
59749;Y. Bolasie;CF;64
59757;S. Sazonov;CB;67
59766;N. Aké;CB;73
59773;N. Madueke;RWF;72
59779;S. Soumano;CF;64
59783;Mario Martín;DMF;65
59797;J. Murphy;RWF;73
59801;Y. Tielemans;CMF;77
59802;L. Dendoncker;DMF;65
59806;C. Mbemba;CB;69
59835;R. Guerreiro;LB;68
59839;M. Al Tamari;RMF;67
59840;L. Abergel;DMF;68
59842;M. Sanson;CMF;69
59848;T. Tati;CB;63
59927;F. Caicedo;CF;66
59949;C. Zambrano;CB;65
59963;Mateus Carvalho;DMF;58
59964;J. Martínez;CF;67
59966;A. Abqar;CB;67
59993;Emerson;LB;64
60000;D. Laxalt;LB;64
60009;F. González;CF;62
60029;A. Werner;GK;67
60035;F. Fattori;DMF;68
60036;A. Sant'Anna;RB;62
60038;G. Iñíguez;CMF;60
60042;J. Ramírez;LMF;63
60043;L. Cano;CF;63
60059;G. Rulli;GK;78
60060;D. Zapata;CF;74
60062;G. Carrillo;CF;68
60066;J. Gauto;RWF;64
60068;J. Correa;LMF;66
60070;L. Diarte;LB;59
60071;C. Fiermarin;GK;70
60072;S. Rodríguez;CF;61
60096;G. Benavídez;RB;64
60109;W. Benítez;GK;77
60114;R. Bogarín;AMF;66
60132;F. Angileri;LB;63
60133;N. Colombo;CB;66
60134;F. Zuqui;CMF;65
60136;N. Orsini;CF;63
60143;L. Alario;CF;64
60151;G. Conti;CB;63
60152;P. Román;RMF;60
60167;M. Catalán;CB;66
60168;Á. Correa;RWF;71
60169;R. Contreras;CF;66
60171;L. Menossi;CMF;62
60175;Gabreil Brazão;GK;75
60184;E. Ojeda;DMF;62
60188;L. Lollo;CB;65
60198;G. Herrera;GK;73
60199;F. Álvarez;LB;59
60201;R. Saravia;RB;61
60203;E. Rigoni;RMF;66
60204;S. Solari;RWF;65
60213;M. Duarte;CMF;58
60218;A. Obando;LMF;57
60232;B. Zuculini;DMF;65
60234;C. Corvalán;CB;64
60235;L. Vietto;SS;66
60236;Gabriel Grando;GK;67
60238;J. Musso;GK;75
60241;R. De Paul;CMF;76
60242;D. Barrea;LMF;64
60246;E. Fernández;DMF;66
60250;T. Marchiori;GK;72
60252;J. Mavilla;AMF;63
60254;N. Pasquini;LB;59
60265;A. Solari;RMF;61
60266;Benassi;GK;61
60272;I. López;GK;60
60273;F. Sánchez;DMF;55
60279;I. Ovando;CB;62
60293;D. Miloc;DMF;61
60299;N. Fernández;CMF;65
60308;M. Meza;RMF;65
60315;M. Łubik;GK;62
60325;F. Navarro;DMF;63
60331;F. Girotti;CF;66
60337;L. Gil;CMF;65
60345;C. Mafla;LB;62
60347;P. Cerutti;RWF;66
60351;F. Broun;GK;71
60355;F. Carrizo;AMF;68
60360;C. Ledesma;GK;74
60364;N. Domínguez;CB;64
60365;R. Delgado;LB;61
60366;M. Mansilla;GK;70
60372;W. Montoya;CMF;61
60373;M. Coronel;CF;68
60375;D. Fernández;CF;52
60380;L. Goretzka;CMF;75
60424;J. Mojica;LB;66
60425;Álvaro García;LWF;71
60431;R. Drâguşin;CB;69
60435;E. L. Quiñónez;RWF;59
60447;M. Maignan;GK;86
60448;Ruan Tressoldi;CB;65
60451;A. Masuaku;LB;64
60458;A. Palavecino;RMF;61
60461;W. Saïd;CF;72
60466;M. Sportiello;GK;74
60468;T. Suslov;AMF;68
60501;A. Cerri;CF;59
60502;Ł. Skorupski;GK;76
60504;M. Pessina;GK;56
60505;J. Rodríguez;RB;63
60507;M. Troilo;CB;61
60512;Bruno Fernandes;AMF;86
60518;M. Sáček;RB;63
60522;D. Ouattara;LWF;67
60523;R. James;RB;76
60527;E. Haaland;CF;82
60529;Sergi Darder;CMF;69
60531;Beñat Prados;DMF;68
60534;A. Januzaj;RWF;68
60537;L. Sinisterra;LMF;64
60550;Saint-Maximin;LWF;68
60558;Rubén Blanco;GK;69
60560;S. Scuffet;GK;70
60561;Miguel Román;CMF;67
60581;E. Beltrán;RB;57
60587;O. Giménez;AMF;60
60590;S. Lucero;CB;57
60596;P. Vegetti;CF;68
60607;J. Vallejos;GK;57
60611;Wagner Leonardo;CB;68
60614;Pablo Felipe;CF;65
60618;Deyverson;CF;65
60622;M. Braithwaite;CF;67
60631;I. Pussetto;CF;63
60633;A. Sández;LB;63
60639;R. Saracho;GK;64
60650;F. Perruzzi;CMF;58
60653;N. Paz;CB;65
60657;J. Calleri;CF;66
60659;S. Vittor;CB;64
60663;J. Palomino;CB;68
60666;T. Bottari;CMF;61
60667;E. Triverio;CF;65
60673;G. Rodríguez;DMF;69
60675;R. Carrera;CMF;65
60677;L. Acosta;GK;68
60680;A. Martín Arias;GK;70
60682;J. Carranza;GK;70
60683;M. Tissera;CF;62
60687;R. Battaglia;CB;67
60690;Vitor Eudes;GK;59
60694;G. Simeone;CF;68
60696;A. Rodríguez;LB;62
60699;F. Quignón;DMF;65
60704;E. Copetti;CF;65
60706;Lucas Arcanjo;GK;72
60709;José Sá;GK;74
60710;R. Modesto;RMF;56
60711;M. Bolados;RWF;62
60719;S. Beltrán;GK;71
60743;J. King;AMF;71
60746;R. Majecki;GK;73
60753;Abner Vinícius;LB;65
60776;Bruno Henrique;DMF;64
60781;André;DMF;68
60800;Y. Ndayishimiye;DMF;68
60804;C. Terán;CB;64
60817;D. Valdés;AMF;71
60819;F. Balbuena;CB;65
60823;S. Barbi;GK;62
60835;R. Gagliardini;CMF;64
60855;M. Borja;CF;69
60875;David Costas;CB;67
60878;S. Dimitrievski;GK;75
60880;J. Godoy;LB;62
60883;B. Kamara;GK;68
60892;Arthur Cabral;CF;67
60893;S. Diomandé;CB;66
60896;C. Kostoulas;CF;67
60898;C. Vega;CMF;58
60904;Pedro Felipe;CB;63
60906;C. Tolisso;CMF;76
60909;G. Kvilitaia;CF;66
60916;Z. Çelik;RB;68
60922;B. Traoré;RWF;67
60928;J. Brandt;AMF;79
60956;Baralhas;DMF;64
60965;Rodriguinho;LWF;61
60977;J. Meza;AMF;69
60980;Dani Calvo;CB;65
60981;T. Lecanda;CB;61
60982;G. Castellón;GK;68
60998;B. Cremaschi;CMF;63
61000;Á. Arce;CF;66
61010;P. Galdames;CMF;64
61012;G. Maripán;CB;70
61031;M. Fernández;LWF;68
61035;S. Driussi;CF;73
61036;E. Gómez;LB;67
61050;Adama Traoré;RWF;67
61056;Diego Llorente;CB;72
61058;Gayá;LB;67
61062;G. Mastriani;CF;64
61069;M. Sarr;CB;71
61080;I. Rossi;AMF;59
61081;César Tárrega;CB;71
61104;S. Valdez;CB;66
61117;F. Escobar;LB;61
61118;F. Fydriszewski;CF;66
61126;G. Campi;CB;65
61128;Y. Cabral;CB;62
61130;E. Mammana;CB;70
61131;J. Cabello;CB;59
61138;I. Maestro Puch;CF;62
61145;Aarón Escandell;GK;75
61147;Pau López;GK;76
61164;A. Sanabria;CF;70
61167;H. Sandoval;CF;59
61174;R. Mathias;CF;63
61176;J. Kubicki;CMF;63
61181;J. Lingard;AMF;72
61182;H. Reed;DMF;64
61183;N. Bentaleb;CMF;69
61230;F. Mastantuono;AMF;74
61397;Patric;CB;69
61402;F. Cervi;LMF;61
61416;V. Reyes;GK;64
61426;Nico Paz;AMF;78
61457;E. Cardona;AMF;72
61459;D. Bocanegra;CB;65
61468;Y. Mina;CB;69
61475;J. Alonso;CB;66
61481;U. Ortegoza;CMF;62
61489;Á. Preciado;RB;63
61492;S. Mendoza;RMF;63
61494;G. Cuéllar;DMF;63
61527;M. Arambarri;DMF;71
61531;M. Lemos;CB;62
61574;I. Arce;GK;74
61577;C. Cáceda;GK;70
61606;M. Pineida;LB;60
61613;L. Caicedo;CB;63
61641;Cacá;CB;61
61643;Y. Soteldo;LMF;62
61650;T. Peralta;RWF;60
61672;M. Ter Stegen;GK;81
61720;M. Pašalić;AMF;76
62008;R. Mandragora;DMF;67
63086;H. Djibirin;RWF;60
63106;S. Angori;LB;63
63142;Fernandinho;LWF;61
63152;S. Studer;CB;64
63159;C. Früchtl;GK;69
63184;L. Otávio;CB;59
63187;F. Piotti;GK;59
63218;João Cruz;CMF;60
63226;J. Novillo;CB;64
63235;T. Cravero;CMF;57
63238;M. Vigorito;GK;62
63244;D. Denoon;CB;57
63265;S. Özcan;DMF;68
63275;E. Giménez;RMF;67
63293;Ferran Jutglà;CF;70
63294;V. Moreno;RB;60
63305;M. Keita;DMF;64
63307;N. Rovella;DMF;68
63308;N. Štulić;CF;65
63314;I. Pillud;RB;62
63319;M. Valjent;CB;68
63333;L. Klimowicz;CF;55
63339;L. Jara;RB;63
63344;S. Núñez;CB;67
63347;M. Rojas;AMF;69
63350;L. Giménez;CF;61
63370;Hugo Rincón;RB;65
63371;Aitor Fernández;GK;76
63372;Victor Luís;LB;57
63382;G. Bernardeau;AMF;64
63383;A. Semenyo;RWF;77
63392;I. Campo;RB;55
63398;A. Portillo;RMF;60
63399;David López;CB;70
63405;F. Bernal;DMF;65
63413;G. Ávalos;CF;69
63414;G. Kobel;GK;82
63416;E. Emegha;CF;69
63426;D. Pintér;CF;53
63428;G. Lencina;CF;61
63430;F. Rodríguez;CB;68
63442;V. Muriqi;CF;73
63447;M. Martínez;CF;71
63452;R. Sava;GK;69
63474;Alisson;GK;84
63475;D. Barbosa;LB;58
63492;El-Abdellaoui;RWF;64
63495;Otávio;CMF;74
63497;Saúl;CMF;68
63500;R. Calafiori;LB;72
63504;Pedro Ferreira;AMF;61
63505;J. Ricardo;GK;73
63511;F. Domínguez;CF;58
63520;B. Cristante;DMF;73
63536;R. Riou;GK;66
63546;D. Hancko;CB;76
63560;Weverton;GK;72
63585;A. Leguizamón;CB;62
63591;T. Kristensen;CB;67
63597;M. Silvestri;GK;69
63605;C. Nørgaard;DMF;71
63627;Q. Timber;CMF;71
63661;M. Ledesma;GK;69
63667;C. Biraghi;LB;67
63675;Reinildo;LB;69
63679;Y. Gordillo;DMF;60
63695;K. Ramirez;LWF;62
63702;Gilberto;RB;64
63719;William;RB;64
63735;Mayk;LB;60
63738;Portu;AMF;71
64896;R. Al-Najjar;GK;57
65000;M. Röhl;AMF;72
65044;G. Viscarra;GK;67
65045;B. Valdez;CB;63
65065;Matheus Donelli;GK;67
65142;D. González;LWF;65
65151;L. Amarilla;CF;67
65258;M. Santos;CF;65
65281;B. Sánchez;LMF;57
65283;M. Olivera;LB;60
100012;Juan Carlos;GK;67
100013;C. Protesoni;DMF;66
100017;R. Martínez;CB;57
100043;R. Borzone;GK;63
100065;A. Lescano;AMF;73
100072;A. Rebbach;LWF;66
100092;T. Esteves;RB;60
100095;Vitinha;CF;66
100101;G. Compagnucci;RB;57
100112;D. Cataldi;DMF;69
100115;S. Cáceres;CB;67
100117;F. Bernardeschi;RWF;69
100120;Romarinho;RMF;61
100132;M. Dituro;GK;74
100133;Ø. Nyland;GK;73
100134;S. Moyano;RB;62
100135;C. Pinsoglio;GK;66
100159;J. Vardy;CF;67
100178;Jandrei;GK;65
100185;M. Carnesecchi;GK;82
100190;Alexsander;DMF;65
100196;Kike García;CF;68
100212;Fortuño;GK;63
100216;L. Abascia;CB;63
100219;E. Holm;RB;66
100224;Yuri Berchiche;LB;71
100226;A. Abdi;LB;65
100246;L. Dunk;CB;70
100249;I. Smolčić;RB;65
100259;G. Piccinini;CMF;61
100261;S. March;RMF;69
100262;I. Tapia;AMF;67
100265;Gabriel Mec;AMF;61
100269;E. Torres;CF;65
100272;Janderson;CB;57
100275;J. Lucco;AMF;59
100280;A. Ndiaye;CB;67
100281;Mamardashvili;GK;77
100283;L. Marianucci;CB;63
100285;D. Boloca;DMF;65
100291;E. Raggio;CB;64
100299;K. Trippier;RB;66
100303;Y. Ramadani;DMF;63
100315;S. Sabelli;RB;63
100316;Diego Rico;LB;66
100320;F. Moumbagna;CF;64
100334;A. Richardson;CMF;61
100346;Unai Marrero;GK;69
100359;Óscar Valentín;DMF;69
100383;N. El Aynaoui;CMF;67
100393;Gabriel Pires;DMF;63
100400;T. Mings;CB;73
100413;M. Giménez;CF;68
100420;M. Marin;DMF;62
100421;Oriol Rey;CMF;66
100425;J. Vandeputte;CMF;65
100426;Salinas;LB;61
100428;D. Zappacosta;RB;71
100432;R. Menezes;CB;62
100443;P. Esposito;CF;68
100458;Lucas Piton;LB;63
100460;A. Guðmundsson;CF;73
100462;Gabriel Taliari;SS;64
100473;L. Montipò;GK;74
100479;M. Đurić;CF;63
100481;A. Ratiu;RB;67
100495;Hércules;CMF;67
100504;L. Netz;LB;64
100510;Héctor Bellerín;RB;68
100516;T. Borbas;CF;64
100527;K. Darlow;GK;72
100530;J. Lascelles;CB;65
100543;Pepelu;DMF;64
100564;R. Ely;CB;60
100586;D. Sotelo;CMF;58
100591;C. Vicente;RMF;70
100604;G. Gaetano;AMF;71
100606;I. Sulemana;DMF;66
100607;A. Belotti;CF;67
100618;Pablo Martínez;CMF;67
100620;M. Politano;RWF;73
100621;Copete;CB;67
100630;L. Spinazzola;LB;72
100631;F. Rami;CF;60
100639;F. Bruera;CF;64
100658;J. Vallejos;RB;54
100676;Alysson;RWF;63
100682;M. Abdelmonem;CB;65
100693;G. Lopes;LB;55
100706;D. Szoboszlai;AMF;81
100719;L. Besozzi;LMF;61
100720;André Almeida;AMF;71
100735;Moncayola;CMF;69
100762;F. Doucouré;RB;62
100764;Souza;LB;60
100780;B. Chardonnet;CB;70
100801;Christian;RMF;70
100806;Iker Benito;RMF;65
100809;Ayoze;CF;76
100810;L. Négo;RB;63
100815;Ivan;GK;67
100820;Luiz Gustavo;CB;57
100822;P. Capelle;CMF;64
100825;B. Diakité;CB;72
100830;Y. Musah;CMF;65
100856;Buba Sangaré;RB;56
100865;O. El Azzouzi;DMF;63
100887;R. Ndiaye;CMF;65
100888;P. Sy;GK;63
100898;L. Openda;CF;74
100901;B. Brahimi;RWF;64
100904;S. Boufal;LWF;68
100906;Reginaldo;RB;57
100910;R. Khadra;LWF;63
100912;F. Picault;LWF;61
100922;Samuel Lino;LMF;67
100925;B. Leroy;GK;67
100930;A. Gómez;RMF;68
100935;B. Santamaria;DMF;67
100939;J. Gradit;CB;68
100944;Youté Kinkoué;CB;65
100954;B. Dia;CF;71
100955;C. Uche;AMF;74
100958;S. Koumbassa;CB;62
100967;T. Lemar;CMF;69
100975;M. Mbow;CB;66
100987;T. Yegbe;CB;64
100998;I. Gruev;DMF;65
101018;Y. Minteh;RMF;70
101027;W. Hughes;CMF;68
101028;A. Robertson;LB;69
101042;C. Marshall;CF;61
101047;D. James;RWF;68
101058;Grimaldo;LB;72
101065;Denis Suárez;AMF;72
101075;J. Bijol;CB;71
101076;E. Martínez;GK;80
101097;H. Çalhanoğlu;CMF;78
101107;S. Sohm;CMF;66
101108;Nicolas;LB;58
101110;A. Irving;CMF;65
101115;J. Grealish;LWF;76
101116;Guilherme Arana;LB;67
101117;W. Kamanzi;RB;61
101118;Pedro Henrique;CB;64
101141;A. Kinský;GK;72
101148;M. Peart-Harris;RMF;64
101185;B. Mbeumo;RWF;75
101188;G. Abrego;CMF;62
101191;C. Richards;CB;71
101195;S. González;CMF;62
101196;P. Olkowski;RB;63
101203;N. Pelaitay;DMF;57
101204;L. González P.;CB;67
101211;O. Solet;CB;73
101215;T. Nyoni;AMF;63
101217;I. Jourdren;GK;61
101221;H. Hateboer;RB;68
101223;B. Sarr;RB;58
101234;M. Cornet;LMF;66
101245;D. Álvarez;LB;55
101267;C. Campbell;RMF;61
101288;I. Maatsen;LB;68
101291;J. Bellingham;AMF;87
101292;Y. Lienard;GK;63
101301;L. Trossard;LWF;72
101309;L. Miller;CMF;63
101316;Morato;CB;72
101334;N. Kanté;DMF;73
101338;C. Kporha;RB;55
101342;C. Doucouré;DMF;69
101343;Riquelme;LB;57
101355;T. Heaton;GK;64
101359;A. Barnes;CF;66
101391;P. Drewes;GK;68
101398;J. Quiñónez;DMF;63
101399;F. Sartori;CF;67
101406;J. Barbieri;CF;59
101422;Labeau Lascary;CF;65
101435;Matheus Bahia;LB;60
101455;Otávio;DMF;61
101472;K. Thorstvedt;AMF;74
101485;M. Aleksic;CMF;55
101493;A. Buksa;CF;65
101499;K. Arroyo;LMF;64
101504;K. Danso;CB;72
101544;Gustavo Scarpa;AMF;72
101569;Mateus Xavier;LWF;56
101574;João Paulo;GK;72
101600;L. Bergvall;CMF;70
101612;D. Scarlett;CF;60
101615;T. Partey;DMF;70
101617;Álex Moreno;LB;67
101664;I. Ndiaye;LMF;74
101667;L. Lescano;LB;57
101675;Hannibal;AMF;70
101687;L. Rodríguez;DMF;57
101689;Léo Andrade;CB;63
101691;A. Ruschel;LB;58
101725;R. Gosens;LMF;72
101734;M. Bard;LB;65
101743;Alex Muralha;GK;65
101755;N. Füllkrug;CF;70
101760;Richard;GK;66
101761;J. Gvardiol;LB;77
101762;G. Augusto;AMF;72
101766;Willian Machado;CB;64
101771;A. Smith;RB;63
101781;J. Tarkowski;CB;72
101824;C. Barletta;RMF;63
101833;B. Yáñez;LMF;60
101838;J. McGinn;CMF;72
101850;M. Pitaluga;GK;56
101863;M. Espinoza P.;CF;54
101874;I. Schor;RMF;62
101875;B. Embolo;CF;72
101899;I. Abraham;LB;61
101901;G. Ríos;RMF;63
101902;R. Cáceres;RB;60
101946;D. Rodríguez;GK;71
101952;G. Luján;RB;61
101953;J. Figal;CB;65
101955;F. Pizzini;RMF;63
101958;M. Ugarte;DMF;69
101961;M. Benítez;AMF;68
101976;M. De Luca;CF;60
101983;J. Blaswich;GK;70
101985;D. Rodríguez;CMF;65
101989;J. Omlin;GK;72
101996;Andrés Castrín;CB;66
102022;G. Vega;CMF;60
102036;Raykkonen;CF;59
102042;F. Frías;AMF;65
102046;N. Cordero;CF;61
102051;F. Noguera;CB;63
102052;O. Rivero;CF;67
102055;E. Camavinga;CMF;73
102060;L. Vázquez;CF;63
102065;M. Collocolo;CMF;65
102069;Lourenço;CMF;65
102094;Oier Zarraga;CMF;63
102097;Guruzeta;CF;71
102110;Rezende;DMF;59
102123;G. Abuashvili;LWF;59
102134;M. Simakan;CB;74
102139;Caio Alexandre;DMF;66
102149;M. Ramírez;GK;69
102151;M. Peinipil;RB;61
102203;R. Messali;RMF;62
102212;G. Kyeremeh;RMF;61
102229;J. Báez;CB;65
102232;L. Villalba;CB;67
102233;N. Breitenbruch;CB;63
102239;D. Guagua;AMF;62
102244;P. Henrique;RMF;62
102259;F. Losas;GK;64
102290;Iñaki Williams;RWF;71
102299;M. Pérez Curci;CMF;57
102300;N. Zortea;RB;65
102310;P. Comuzzo;CB;69
102311;A. Caracciolo;CB;65
102315;N. Contini;GK;65
102319;Mancha;LB;59
102327;Fabinho;LWF;60
102329;B. Márquez;CF;57
102345;G. Ambrosino;CF;60
102360;Jacy;CB;68
102369;S. Moreo;AMF;70
102383;L. Ugochukwu;DMF;66
102388;D. Datro Fofana;CF;64
102389;Tiago Volpi;GK;71
102397;C. Mosquera;CB;70
102400;J. Randazzo;CB;59
102403;Vinicinho;LWF;59
102416;Gumbau;CMF;64
102418;Puado;LWF;67
102420;Juanlu Sánchez;RB;67
102467;E. Legros;CB;55
102475;M. Samatta;CF;63
102481;S. Gigot;CB;69
102526;M. Sabitzer;CMF;72
102536;J. Jacquet;CB;69
102542;C. Bravo;LB;57
102547;I. Guerti;AMF;54
102561;H. Palacios;RB;61
102569;F. Ortellado;CB;58
102588;Yusi;LB;61
102610;D. Martínez;RB;59
102611;L. Fernández;CF;66
102629;U. Raghouber;DMF;63
102663;E. Valeri;LB;65
102692;C. Wilson;CF;68
102707;Unai López;CMF;67
102719;P. Schick;CF;78
102738;L. Mazzitelli;CMF;65
102742;Borja Iglesias;CF;73
102746;C. Vanhoutte;DMF;67
102759;D. Rugani;CB;68
102761;A. Bayındır;GK;74
102765;E. Hysaj;RB;63
102779;Doma;CB;62
102782;J. Correa;CF;68
102805;L. Samardžić;AMF;74
102829;L. Escalante;CMF;56
102838;Ewerthon;RB;55
102840;M. Lopez;CMF;67
102841;Aranha;GK;61
102851;E. İlkhan;CMF;60
102873;Urko González;DMF;68
102884;J. Cabrera;RWF;64
102891;G. Scalvini;CB;71
102895;S. Rochet;GK;72
102915;R. Tapia;DMF;66
102948;B. Meïté;CB;68
102966;M. Orihuela;LB;60
102968;S. Kılıçsoy;CF;68
102975;A. Masina;CB;62
102983;J. Aramburu;RB;67
102991;A. Kalimuendo;CF;71
103001;E. Kouadio;CB;57
103003;D. Huijsen;CB;76
103008;Marcos Llorente;RB;75
103028;F. Marchwiński;CMF;60
103038;A. Cubas;DMF;65
103043;G. Rutter;SS;71
103047;M. Bettinelli;GK;68
103062;Lucas Pires;LB;61
103101;Claudinho;RB;57
103107;N. Laméndola;RMF;63
103112;Dudu;AMF;64
103117;A. Zapata;AMF;65
103120;I. Provedel;GK;80
103125;E. Goldaniga;CB;66
103128;F. Gomes Gerth;GK;59
103129;M. Abline;CF;68
103133;M. Thorsby;CMF;64
103136;I. Soumaré;LWF;61
103156;G. Ávila;LB;64
103166;T. Adams;DMF;69
103176;G. Santilli;GK;66
103181;L. Rafaelli;LWF;56
103182;Robert Santos;AMF;64
103197;A. Ounahi;CMF;70
103206;P. Kimpembe;CB;70
103207;D. Mosengo;DMF;58
103219;H. Kamara;LB;63
103268;Diego Carlos;CB;71
103271;E. Faty;CF;57
103286;M. Cardillo;CMF;60
103291;A. Danjuma;LWF;67
103294;Renato Marques;CF;59
103295;A. Dossena;CB;66
103300;P. Gollini;GK;71
103306;G. Henrique;CB;70
103310;L. Cabrera;CB;69
103312;N. Fernández;CMF;64
103317;M. Acuña;LB;70
103319;N. Oroz;CMF;66
103338;A. Aznou;LB;57
103339;Lucas Ronier;RWF;65
103366;A. Omobamidele;CB;68
103372;M. Henrique;CMF;66
103376;L. Gómez;AMF;63
103393;M. Cissé;CMF;60
103396;E. Martínez;CB;64
103403;P. De Paula;DMF;64
103404;M. Ødegaard;AMF;83
103408;Lucas Vázquez;RB;67
103419;J. Nardoni;CMF;68
103440;L. Passerini;CF;64
103449;J. Álvarez;CF;81
103453;Raúl García;CF;68
103454;I. Ramírez;RB;60
103458;M. Kaba;CMF;61
103460;Higor Meritão;DMF;61
103469;N. Stefanelli;AMF;66
103473;Antoniu Roca;RWF;67
103477;G. Fabbian;CMF;66
103480;N. Fortini;LB;62
103498;M. Estève;CB;69
103503;E. Ramos;CF;60
103505;A. Garnacho;LWF;68
103512;S. Botman;CB;73
103513;L. Delap;CF;68
103514;M. Keane;CB;70
103525;T. Sultani;GK;61
103551;J. Andersen;CB;72
103558;S. Bajcetic;DMF;65
103576;Ángel Ortiz;RB;59
103582;L. Boyé;CF;68
103584;Rayan;RWF;69
103586;J. Devecchi;GK;66
103588;Rodrigo Nestor;CMF;65
103598;F. Grillo;CB;64
103612;Berenguer;LWF;72
103613;Mikel Merino;CMF;74
103619;Alemão;CF;67
103621;Iturbe;GK;63
103625;L. Banda;LWF;63
103631;Rafael Luís;DMF;63
103640;W. Bondo;CMF;63
103643;V. Gandín;CF;56
103651;D. Terans;AMF;67
103656;Joan Jordán;CMF;66
103657;Barrenetxea;LMF;72
103658;Pedro Morisco;GK;73
103667;T. Pérez;DMF;60
103677;John Kennedy;CF;67
103678;J. Sosa;CB;63
103680;L. Karl;AMF;69
103683;T. Vermot;GK;59
103686;N. Barella;CMF;79
103687;E. Lysionok;GK;55
103700;P. Šulc;AMF;75
103701;S. Magassa;DMF;65
103703;A. Preciado;LMF;62
103707;J. Pombo;CB;62
103753;L. Lozano;RB;67
103781;G. Costa;RMF;62
103783;R. Massimo;RWF;61
103797;A. Güler;AMF;78
103820;S. Lukić;CMF;69
103821;J. Furch;CF;64
103830;N. Pope;GK;74
103845;A. Christensen;CB;73
103851;S. Ichazo;GK;70
103875;M. Caicedo;DMF;80
103879;G. González;CB;55
103886;Olasagasti;CMF;65
103893;M. Amondarain;DMF;62
103963;S. Vega;DMF;63
103966;J. Carrascal;AMF;74
103970;F. Bonazzoli;CF;66
103982;Hugo Moura;DMF;61
103997;A. Polo;RMF;64
104008;R. Lavia;DMF;70
104020;T. Hume;RB;67
104061;K. Saverio;LMF;59
104067;H. Hernández;CF;62
104091;M. Akinmboni;CB;52
104092;C. Odenthal;CB;63
104093;H. Belkebla;CMF;67
104102;L. Bogarde;DMF;65
104103;F. Ricca;CB;63
104112;L. Vega;DMF;55
104114;K. Bowie;CF;62
104124;W. Bou;CF;65
104137;Gabriel;CB;61
104151;Vitinho;RB;66
104185;L. Cook;DMF;68
104186;M. Pingot;CB;59
104201;Evertton Araújo;DMF;61
104226;Bernardo Silva;AMF;79
104241;A. Peñaranda;LWF;61
104250;S. Herrera;GK;75
104257;Negueba;RWF;66
104264;L. Di Lollo;CB;65
104265;E. Bonifacio;RB;60
104268;K. Castaño;DMF;64
104271;T. Tessmann;DMF;68
104273;I. Ganago;CF;64
104277;V. Rongier;CMF;71
104278;A. Bulatović;CMF;63
104284;Carlinhos;CF;60
104286;L. Boggio;CMF;65
104293;F. Anselmo;CF;62
104294;F. Rasmussen;CB;65
104306;J. Rodon;CB;69
104313;K. Páez;AMF;69
104314;L. Suárez;RMF;66
104325;N. Paz;CB;61
104334;L. Suárez;CB;63
104336;F. Cardoso;AMF;60
104337;J. Gomez;CB;76
104344;D. Crego;LWF;59
104374;Eduardo;AMF;68
104382;M. Diaw;GK;68
104384;O. Ontivero;LB;52
104388;A. Touré;DMF;69
104391;R. Aguilar;RB;67
104394;P. Frankowski;RMF;67
104396;C. Pickel;DMF;64
104398;E. Kroupi;SS;69
104413;A. Mumin;CB;70
104417;Kike Barja;LWF;67
104418;C. Lenglet;CB;70
104419;N. Ngoy;CB;69
104431;D. Fernandes;GK;67
104440;F. Martínez;RB;58
104451;T. Dallinga;CF;68
104462;L. Sy;RMF;60
104466;Jesús Rodríguez;LWF;69
104485;A. Meret;GK;79
104490;Hyoran;AMF;62
104493;Andreas Pereira;AMF;77
104502;Hernani;CMF;63
104503;Isaac;LWF;61
104516;I. Bekhoucha;RB;54
104519;J. Martínez;CMF;62
104525;M. Insaurralde;CMF;62
104527;Gerson;CMF;73
104540;F. Fabra;LB;62
104541;R. Borré;CF;68
104547;J. Quintero;CB;67
104548;De Los Santos;CB;64
104594;N. Nández;CMF;68
104612;D. Sánchez;CB;73
104629;E. Burgos;CB;62
104635;B. Kuščević;CB;67
104636;A. Santos;LWF;64
104640;G. Tapia;RWF;64
104644;G. Isaksen;RWF;68
104647;E. Bailly;CB;67
104649;A. Calabresi;RB;61
104650;Aranu Tenas;GK;74
104653;H. Boudaoui;CMF;67
104660;Jonathan Jesus;CB;65
104661;K. Barría;CF;55
104666;I. Jansson;LWF;63
104670;L. Albarracín;RWF;58
104672;N. Guzmán;RMF;60
104677;A. Rüdiger;CB;76
104680;D. Solanke;CF;73
104693;G. Lloris;CB;67
104696;Viery;CB;59
104697;F. Romagna;CB;65
104704;E. Audero;GK;77
104706;Pere Milla;LWF;67
104710;Dani Ceballos;CMF;72
104717;L. Hernández;CB;73
104719;S. Luperto;CB;69
104720;Maitland-Niles;RB;67
104722;R. Loftus-Cheek;CMF;74
104727;B. Gannon Doak;RWF;64
104731;T. King;GK;60
104745;S. Amrabat;DMF;70
104748;Aritz Elustondo;CB;67
104751;E. Boyomo;CB;70
104794;V. Gyökeres;CF;76
104808;S. Becker;CF;68
104826;J. Graterol;GK;71
104837;I. Alastra;RWF;55
104847;S. Becerra;CMF;56
104853;Z. Luvumbo;RWF;61
104854;E. Delprato;RB;66
104858;João Paulo;CB;63
104860;Fábio Cardoso;CB;68
104864;G. Martínez;AMF;68
104865;J. Quansah;CB;74
104874;A. Diallo;AMF;60
104880;O. Nkambadio;GK;73
104930;R. Belghali;RB;61
105073;A. Lunin;GK;78
105081;V. Janelt;DMF;70
105082;M. Ellertsson;CMF;64
105087;T. Cardona;CB;70
105088;T. Silva;LB;62
105089;Chimy Ávila;RWF;65
105093;R. Morínigo;GK;69
105098;A. Batalla;GK;78
105106;J. Galván;CB;63
105117;J. Laso;CB;64
105119;E. Ham;CMF;60
105121;E. Remedi;DMF;65
105123;D. Zabala;CB;63
105130;M. Galarza;CMF;63
105131;B. Romero;CF;67
105138;Kaku;AMF;72
105144;W. Ábila;CF;63
105161;Adson;RMF;58
105162;A. Molinas;AMF;71
105172;R. Macagno;GK;70
105175;A. Soñora;CMF;65
105183;I. Leguizamón;RWF;63
105188;G. Flores;CF;56
105189;N. Meriano;CB;60
105192;E. Brítez;CB;65
105201;M. Antoni;CB;64
105202;L. Gamba;CF;68
105220;L. Díaz;CF;58
105223;F. Lanzillota;GK;70
105233;C. Cabellos;CMF;61
105251;M. Vera;DMF;62
105254;L. Østigård;CB;66
105269;E. Amor;CB;64
105270;N. Tripichio;DMF;67
105271;Natã;CB;58
105274;R. Márquez;LMF;61
105276;M. Romero;CF;65
105278;S. Longo;DMF;60
105284;J. Lavega;LMF;59
105288;J. Komar;CB;66
105289;G. Vadalá;SS;62
105293;G. Giménez;DMF;65
105297;R. Bentancur;DMF;71
105298;F. Cristaldo;AMF;72
105304;A. Rossi;GK;78
105307;D. Barbona;AMF;66
105309;I. Tapia;AMF;60
105310;S. Giordana;CF;62
105312;G. Alanís;RMF;64
105313;F. Londoño;CF;61
105321;Á. Barreal;LMF;65
105322;E. Ramírez;CF;63
105324;L. Godoy;RB;62
105326;J. Amoroso;CMF;66
105329;E. Cecchini;DMF;61
105331;F. Altamirano;GK;68
105341;M. Weigandt;RB;62
105352;F. Álvarez;AMF;65
105354;C. Starfelt;CB;70
105359;M. Barrios;CMF;63
105360;B. Armoa;RMF;63
105361;Kauê;GK;60
105364;B. Ampuero;CB;64
105373;F. Carboni;LB;56
105379;V. Depietri;LMF;64
105382;G. Ciocci;GK;56
105383;L. Ramazani;LWF;67
105387;T. Fernández;CB;56
105389;T. Fernández;RWF;62
105391;B. Gerez;CF;54
105409;G. Enrique;RB;62
105411;G. Soto;RB;58
105423;Paco Cortés;LWF;61
105454;B. Aguilar;CB;56
105457;João Félix;LWF;73
105469;E. Fernández;CMF;75
105471;E. López;RB;60
105482;J. Nsumoh;LWF;57
105513;E. Piovi;DMF;66
105516;C. Echeverri;AMF;71
105520;C. Tarragona;CF;67
105528;M. Aguirre;RWF;54
105532;K. López;DMF;63
105550;Fran Pérez;RWF;68
105578;A. Laprida;AMF;62
105583;T. Nasif;CF;63
105584;F. Hormazabal;RB;61
105633;C. Pavón;RWF;65
105748;N. Watson;DMF;59
105808;A. Castro;LMF;65
106236;M. Monsalve;AMF;66
106238;Julimar;LWF;63
106280;Keno;LMF;66
106339;L. Abram;CB;65
106340;M. De Ritis;LB;59
106367;J. Contreras;GK;69
106403;L. Høgsberg;CB;67
106410;A. Iwobi;LWF;74
106414;A. Cairns;GK;62
106416;J. Justin;RB;67
106420;J. Diaz;CB;65
106423;S. Byram;RB;62
106425;S. Johnstone;GK;73
106433;Yago Santiago;RWF;62
106476;M. Godo;LWF;66
106488;John Donald;CB;65
106496;J. Zemura;LB;60
106513;E. Martínez;CMF;63
106541;J. Capixaba;LB;63
106548;Thalisson;CB;56
106570;Vincícius Lira;LB;55
106571;Matheus Pereira;CMF;64
106586;Marc Vidal;GK;62
106588;B. White;RB;73
106591;E. Anderson;DMF;72
106604;Carlos Vinícius;CF;70
106609;Bruno Henrique;CF;73
106611;M. Hermes;LB;61
106617;Perdo Rocha;LWF;67
106618;Bento;GK;74
106629;Alan Patrick;AMF;74
106645;Z. Suzuki;GK;73
106646;B. Pierret;DMF;56
106653;J. Piotrowski;CMF;65
106671;G. Mancini;CB;78
106677;S. Turati;GK;69
106725;C. Arcus;RB;64
106732;I. Maza;AMF;76
106733;Davinchi;LB;57
106738;Cauly;AMF;71
106749;M. Al-Musrati;DMF;69
106753;I. Traoré;CB;58
106754;M. Sels;GK;77
106773;M. Simon;LWF;64
106778;V. Tsygankov;RWF;70
106779;T. Helgason;CMF;61
106815;F. De Paul;GK;70
106824;L. Esteves;LB;61
106832;C. Jaime;LWF;60
106833;J. Fernández;RWF;63
106834;F. Paredes;CB;62
106838;J. Meneses;LMF;60
106863;H. Elliot;AMF;75
106885;J. Gómez Mattar;CMF;58
106893;P. Marí;CB;63
106901;F. Miño;CB;61
106925;M. Palavecino;CMF;55
106929;P. Baya;LWF;61
106956;Álex Remiro;GK;78
106957;Unai Simón;GK;80
106958;Yeray;CB;74
106968;Lekue;RB;63
106974;Vesga;DMF;67
106975;Sancet;AMF;81
107027;Ó. López;CMF;55
107031;Fabinho;DMF;58
107032;Carlos Martín;CF;62
107039;R. Sayavedra;LB;53
107045;Everton;RB;56
107068;K. Ehizibue;RB;61
107142;M. Dúbravka;GK;75
107218;J. Butez;GK;74
107255;Vitor Hugo;CB;65
107256;G. Martinelli;LWF;69
107271;Tiquinho Soares;CF;65
107347;G. Paciência;CF;64
107383;Z. Marcos;CB;62
107410;Bruno Pacheco;LB;60
107414;J. Mwanga;DMF;64
107439;P. Vite;CMF;65
107451;Lucas Torró;DMF;69
107454;L. Ilic;AMF;67
107468;G. Escudero;CB;52
107482;A. Dembélé;RB;55
107516;F. Guilbert;RB;65
107548;A. Baldi;DMF;60
107553;K. Mainoo;CMF;70
107559;E. Giaccone;DMF;58
107563;A. Scott;CMF;70
107587;W. Odobert;RWF;70
107590;B. Šeško;CF;70
107592;V. Bayo;CF;62
107609;M. Frese;LB;62
107635;Q. Ndjantou;LWF;62
107641;A. Marušić;LB;71
107645;Éderson;CMF;75
107646;J. Boga;LWF;68
107654;Rony;CF;71
107656;J. Frimpong;RB;68
107667;Tiago Gouveia;RWF;67
107674;Guedes;LWF;69
107686;F. Dimarco;LMF;80
107693;F. Woodman;GK;70
107703;David Duarte;CB;67
107704;Turrientes;CMF;67
107714;A. Balde;LB;72
107716;N. Pépé;RWF;72
107719;J. Van Hecke;CB;72
107722;D. Djené;CB;69
107747;S. Idumbo;AMF;65
107770;Gabriel Xavier;CB;64
107771;Y. Felipe;CMF;60
107778;Thiago Maia;DMF;61
107782;Roger;LWF;55
107784;M. Moreno;LWF;61
107796;R. Kluivert;CB;66
107819;F. Kostić;LMF;72
107829;Kolodziejczak;CB;62
107831;Allan;RMF;69
107840;M. Bamba;CF;63
107851;G. Galoppo;CMF;67
107854;E. Ünal;CF;66
107858;O. Raterink;RB;56
107889;F. Mendy;LB;69
107895;João Pedro;RB;60
107901;David Soria;GK;77
107904;A. Bonny;CF;72
107906;Angeliño;LB;67
107909;O. Boscagli;CB;70
107910;Víctor Chust;CB;65
107911;Javi Muñoz;CMF;65
107912;M. Vitík;CB;70
107918;L. Villegas;DMF;62
107922;A. Alese;LB;61
107930;Henrique Menke;GK;58
107940;C. Verdonk;LB;62
107941;D. Van De Beek;CMF;70
107949;M. Locatelli;DMF;75
107954;M. Gusto;RB;68
107957;M. Udol;LB;72
107960;D. Machado;LB;64
107977;M. Niakhaté;CB;73
107978;H. Makalou;CMF;55
107980;A. Touré;DMF;60
107982;I. Pérez;CB;56
107985;M. Diakhaby;CB;68
107990;M. Cauteruccio;CF;67
108021;L. Brassier;CB;69
108042;Rodrigues;CB;64
108043;M. Nzola;CF;66
108051;Marcão;CB;67
108069;M. Thuram;CF;78
108073;Calebe;CMF;64
108075;Gustavo Reis;GK;61
108079;E. Buendía;LWF;72
108095;L. Miley;CMF;68
108096;L. Pellegrini;AMF;77
108110;V. Marchetti;CMF;60
108114;C. Rigg;AMF;68
108117;Domingos Duarte;CB;67
108118;Ferreirinha;LWF;63
108144;L. Montenegro;CMF;59
108146;JP Chermont;RB;56
108162;F. García;RMF;58
108165;D. Barrera;RMF;61
108166;R. Matthews;GK;60
108169;Felipe Jonatan;LB;58
108200;Gabriel Jesus;CF;71
108202;C. Riad;CB;67
108209;N. O'reilly;LB;77
108215;S. Adingra;RMF;68
108218;L. Tousart;DMF;67
108225;K. Tsimikas;LB;64
108226;Borja Mayoral;CF;70
108239;Fabián Ruiz;CMF;78
108241;A. Bałabuch;GK;54
108250;T. Bašić;CMF;67
108272;Terrats;DMF;66
108274;S. Salcedo;CB;64
108279;G. Donnarumma;GK;85
108285;T. Baldanzi;AMF;71
108310;M. Frigan;CF;69
108312;Dewsbury-Hall;CMF;71
108324;K. Mantilla;CB;64
108344;E. Gómez Riga;GK;63
108352;Marlon;LB;62
108380;Pedraza;LB;67
108392;E. Košpo;CB;57
108395;P. Peter;CF;62
108396;J. Siebert;CB;64
108401;A. Douvikas;CF;67
108402;Zambo Anguissa;CMF;75
108410;R. Piccoli;CF;68
108419;T. Fredricson;CB;60
108427;Jacobo Ramón;CB;67
108432;M. Cassierra;CF;69
108457;Álex Sancris;RWF;66
108467;N. Bertola;CB;66
108474;Ó. Zambrano;DMF;63
108475;K. Fernando;CB;70
108482;G. Paredes;LB;57
108497;Alix Vinicius;CB;67
108516;Pablo Torre;AMF;71
108518;L. Bernasconi;LB;62
108523;L. Agoumé;DMF;68
108525;J. Cullen;DMF;66
108560;Matheusinho;AMF;67
108577;N. Ferreira;LWF;59
108590;M. Brandán;RB;55
108591;M. Portillo;CMF;62
108620;F. Sierralta;CB;64
108634;J. Barrera;AMF;68
108637;N. Acevedo;DMF;63
108643;B. Schelotto;RB;56
108646;S. Goglichidze;CB;56
108654;Zé Ivaldo;CB;64
108656;M. Rossetto;CMF;57
108657;L. Martínez;CF;80
108662;F. De Jong;CMF;78
108663;T. Perugini;CF;57
108664;J. Stawiecki;GK;60
108669;L. Martínez Q.;CB;69
108688;J. Trafford;GK;74
108689;W. Mike;LWF;56
108692;R. Bensebaini;CB;71
108693;B. Saka;RWF;79
108695;Amad;RWF;71
108697;Y. Medina;LB;62
108699;Dário Essugo;DMF;67
108706;Mama Baldé;CF;67
108725;B. Pittón;LB;58
108726;M. Pittón;CMF;63
108739;A. Camargo;DMF;62
108740;F. Mansilla;CB;62
108745;M. Estigarribia;CF;64
108750;J. Giani;RWF;67
108751;G. Lo Celso;AMF;78
108758;J. Elías;CMF;62
108765;L. Meuli;GK;60
108767;R. Rodríguez;CF;65
108770;T. Fernández;LWF;66
108771;H. Tijanovich;LMF;60
108781;A. Duarte;CB;65
108792;C. França;GK;68
108817;Patrick;DMF;55
108826;Andrey Santos;CMF;72
108839;Lyanco;CB;70
108865;Matheus Pereira;AMF;76
108873;J. Cáceres;RB;62
108875;A. Velasco;LWF;65
108876;Gavi;CMF;75
108877;M. Palavecino;AMF;67
108878;Evanilson;CF;69
108880;D. Pizarro;CF;61
108881;G. Suazo;LB;66
108883;A. Aravena;LMF;63
108889;L. Sánchez;CB;61
108890;R. Lezcano;CMF;61
108895;J. Carbonero;LWF;66
108927;O. Aina;RB;69
108931;A. Robinson;LB;68
108934;D. Ballard;CB;71
108935;A. Massaccesi;CB;57
108945;M. Cox;GK;63
108948;S. Gnabry;LWF;75
108952;N. Kovač;CMF;56
108953;C. Varela;GK;68
108955;G. Diangana;LMF;64
108959;D. Rice;CMF;76
108966;J. Onana;CMF;64
108968;K. Rodney;DMF;57
108969;N. Mukiele;RB;73
108971;A. Boiro;LB;63
108973;R. Guilherme;DMF;56
108979;R. Esse;RWF;69
108980;R. Descamps;GK;72
108983;Nathan Fogaça;CF;67
108984;C. Nkunku;SS;74
108985;O. Édouard;CF;67
108993;W. Kambwala;CB;64
108994;T. De Percin;GK;69
108995;G. Koyalipou;CF;69
109005;J. Kimmich;DMF;75
109010;K. Trapp;GK;76
109024;Van Den Boomen;CMF;62
109040;J. Miritello;CF;61
109041;T. Dibling;RWF;68
109046;D. Johnsen;LWF;60
109047;J. Ryerson;RB;69
109079;R. Vargas;LMF;66
109080;Maffeo;RB;66
109084;Dela;CB;66
109101;Aleix García;CMF;75
109106;M. Delgado;DMF;65
109114;R. Aguirre;CF;65
109123;V. Lindelöf;CB;72
109124;M. Akanji;CB;75
109128;H. Wilson;RWF;71
109131;L. Foster;CF;65
109141;M. Kayode;RB;70
109144;B. Radunovic;GK;58
109152;Rego;CMF;64
109161;W. Anton;CB;76
109162;A. González;CF;58
109163;M. Zinga;GK;63
109179;L. Da Cunha;LWF;68
109182;E. Poku;RMF;67
109188;F. Pérez;AMF;66
109201;D. Kulusevski;AMF;80
109211;M. Galarza;DMF;68
109213;I. Radu;GK;76
109222;J. Ta Bi;RWF;61
109226;F. Centonze;RB;63
109232;A. Tamèze;DMF;66
109234;Bruno Fuchs;CB;69
109238;A. Diouf;CMF;68
109243;D. Namaso;CF;63
109248;Léo Derik;LB;56
109250;Dell;CF;58
109253;P. Cutrone;CF;61
109260;H. Diallo;CF;63
109262;I. Touré;RMF;64
109263;M. Zaccagni;LWF;74
109264;Raíllo;CB;72
109266;P. Lees-Melou;DMF;69
109270;A. Lagos;RB;60
109304;Igor Rabello;CB;63
109313;O. Mangala;CMF;67
109329;H. Maguire;CB;74
109343;André Silva;CF;68
109351;H. Traoré;RB;66
109358;D. Mosquera;CF;65
109359;L. Tchaouna;RWF;66
109380;L. Ferreira;CB;65
109390;Igor Formiga;RB;62
109396;R. Ngumoha;LWF;64
109399;I. Román;CB;62
109402;L. Blas;AMF;73
109412;A. García;AMF;66
109420;Alexsandro;CB;71
109424;D. Cabezas;GK;66
109425;J. Herrera;RWF;62
109439;L. Suhr;RMF;60
109455;Matheus Soares;GK;62
109461;Álex Valle;LB;64
109462;L. Lezzerini;GK;65
109474;G. Mikautadze;CF;72
109500;K. De Winter;CB;69
109503;G. Jean;CB;64
109504;Àlex Sala;CMF;65
109517;L. Sučić;CMF;68
109527;T. Siwe;CB;57
109536;I. Gueye;CF;62
109540;João Palhinha;DMF;73
109546;A. Camara;CF;57
109557;G. Souza;GK;60
109560;G. Fuentes;LB;62
109563;L. Coulibaly;CMF;65
109564;I. Sissoko;DMF;67
109568;Walace;DMF;64
109579;A. Disasi;CB;71
109582;Zé Ricardo;DMF;59
109583;D. Romero;CF;66
109584;J. Dómina;CF;62
109585;W. Osula;CF;65
109594;S. Toloza;AMF;64
109629;M. Uribe;DMF;65
109709;João Neto;CMF;56
109743;B. Riveros;LB;64
109772;E. Flores;SS;65
109812;H. Abdelli;AMF;74
109816;G. Heredia;CMF;58
109846;M. Gómez;CF;69
109849;M. Olivera;LB;67
109854;R. Rojas;CB;64
109872;P. Estupiñán;LB;68
109884;H. Tyrer;GK;65
109907;G. Pezzella;LB;64
109909;C. Talbi;RMF;69
109911;E. Krafth;RB;63
109914;Ryan;DMF;61
109924;G. Toniolo;GK;55
109932;Vitor Bueno;AMF;69
109933;D. Domínguez;LB;49
109934;Y. Lawson;LB;56
109941;A. Deiola;CMF;64
109947;J. Lerma;DMF;67
109960;A. Moreno;DMF;71
109968;M. Safonov;GK;81
109982;Patryck;LB;56
109989;Á. Lemos;RB;57
109992;S. Lencina;AMF;68
109996;Beto;CF;67
109997;Mario Hermoso;CB;71
110008;Thiago Beltrame;GK;60
110051;Tinga;RB;61
110062;Cadu;CF;57
110063;Thiago Santos;CB;59
110069;T. George;LWF;66
110073;J. Acheampong;RB;67
110076;R. Janicki;CB;63
110079;B. Chilwell;LB;65
110083;P. Roberto;CMF;61
110084;C. Baleba;DMF;71
110085;D. Guindo;LB;61
110089;R. Dejesús;CB;65
110097;J. Ziółkowski;CB;64
110103;T. Pobega;CMF;66
110104;Javi Rueda;RB;63
110109;M. Luciano;LB;57
110130;A. Santamaría;CB;65
110154;Felipinho;CMF;57
110161;J. Balza;CF;63
110211;A. Ruberto;CF;60
110223;M. Trauco;LB;62
110267;Pablo Ibáñez;CMF;65
110303;A. Budimir;CF;73
110306;Kialonda Gaspar;CB;65
110312;N. Palavecino;LMF;60
110319;Johnny Cardoso;DMF;72
110326;R. Zelezny;GK;63
110346;M. Goti;AMF;64
110351;B. Verbruggen;GK;75
110356;K. Phillips;DMF;64
110362;Léo Pelé;CB;62
110368;G. Mendoza;LWF;59
110379;J. Molina;GK;59
110394;Lucas Perri;GK;76
110399;J. Rojas;AMF;65
110414;Marcelo Rangel;GK;73
110415;E. Rolón;DMF;62
110430;Otávio Costa;GK;61
110431;R. Yaremchuk;CF;70
110438;E. Pieragnolo;LB;59
110439;Fornals;AMF;79
110441;R. Aït-Nouri;LB;70
110451;Kevin Carlos;CF;64
110456;H. Ahanor;CB;66
110457;S. Grella;LMF;58
110458;L. Pereira;LMF;60
110460;K. Amian;RB;64
110461;M. Cafaro;LWF;66
110462;M. Pérez;CB;60
110472;A. Aït Boudlal;CB;65
110474;C. Alcaraz;CMF;67
110476;B. Cufré;LB;60
110488;A. Medina;DMF;57
110491;G. Gudmundsson;LB;68
110495;S. Colombatto;DMF;63
110500;Edenilson;AMF;67
110505;Jauregizar;DMF;70
110514;A. Jashari;DMF;67
110518;F. Guch;AMF;60
110520;G. Montiel;RB;64
110521;L. Godoy;AMF;63
110523;P. Mboup;LWF;62
110525;S. Zagadou;CB;60
110526;N. Mukiele;CF;59
110533;F. Gerometta;RB;57
110540;A. Laâziri;LB;55
110549;M. Brescianini;CMF;66
110551;C. Ramsay;RB;58
110555;A. Tuanzebe;RB;66
110557;I. Bennacer;DMF;71
110558;João Lucas;RB;59
110562;Ronaldo;DMF;56
110563;J. Iribarren;RB;55
110568;A. Ba;AMF;64
110570;E. Mayenda;CF;64
110573;J. Laurent;DMF;66
110576;K. Serna;LMF;65
110582;D. Glaby;CMF;60
110596;Oyarzabal;CF;80
110599;A. Lookman;SS;75
110600;A. Soto;LB;63
110602;L. Picco;DMF;65
110603;L. Mosevich;CB;63
110607;L. Rivero;CB;75
110608;J. Enciso;SS;67
110614;T. Pochettino;AMF;69
110616;M. Sangaré;CMF;72
110626;O. Dembélé;CF;89
110627;Fintelman;GK;57
110633;Javi Galán;LB;66
110635;Rafa Mir;CF;67
110638;M. Rashford;LWF;72
110644;Raphinha;LWF;78
110645;I. Diop;CB;69
110648;R. Del Castillo;RWF;69
110650;B. Djimsiti;CB;71
110651;A. Rrahmani;CB;76
110667;S. Lammens;GK;77
110675;M. Rog;CMF;63
110679;T. Adarabioyo;CB;71
110681;Lucas Veríssimo;CB;70
110687;J. Makengo;CMF;66
110689;Gourna-Douath;DMF;62
110690;Otávio;CB;68
110699;N. Gudelj;DMF;65
110704;A. Colazo;CF;60
110705;G. Pérez;CB;63
110712;M. Talbi;CB;68
110713;Hugo Souza;GK;77
110715;M. Gutiérrez;RB;62
110718;K. Mbappé;CF;84
110724;André Luiz;CMF;68
110725;Javi Guerra;CMF;69
110728;A. De La Cuesta;DMF;60
110729;M. Artuira;CF;61
110735;T. Barbieri;RB;63
110736;G. Zappa;RB;65
110739;L. Torriani;GK;61
110747;Luan;DMF;58
110753;S. Moreno;RMF;63
110768;S. Daniele;CB;56
110769;Lucas Ahijado;RB;60
110772;Carreira;RB;65
110774;W. Saliba;CB;84
110777;A. Przyborek;RWF;62
110784;J. Koundé;RB;76
110786;M. Louër;RB;55
110801;G. Perrin;LWF;66
110802;Yago Pikachu;RMF;64
110803;A. Heaven;CB;68
110805;L. Raolisoa;RB;61
110812;D. Sow;CMF;66
110815;Rodri;DMF;79
110819;K. Koné;CMF;72
110832;Z. Romero;CB;68
110834;M. Garay;RB;59
110838;A. Sørloth;CF;75
110849;D. Methalie;LB;63
110852;S. Peña;CMF;65
110861;L. Sosa;CB;69
110866;Richarlison;CF;71
110869;G. Benítez;LB;61
110892;G. Maroni;AMF;66
110895;J. García;CF;64
110899;J. Villalba;CB;57
110902;Dani Olmo;AMF;80
110904;Eduardo Sasha;CF;67
110905;T. Oermann;CB;63
110929;D. Udogie;LB;70
110939;T. Iroegbunam;CMF;68
110946;M. Al-Nemer;CF;55
110947;E. Ferguson;CF;66
110948;S. Villa;LWF;67
110950;M. Mendía;CB;57
110951;F. Watson;AMF;68
110958;Toni Lato;LB;63
110965;R. Zalazar;CMF;71
110974;E. Meza;RB;61
110984;M. Seoane;CMF;56
110988;P. Magnín;CF;61
110993;G. Acosta;DMF;64
110995;J. Piquerez;LB;69
110998;G. Velázquez;CB;66
110999;J. Rodríguez;CB;66
111000;Wesley;LWF;62
111011;Luisão;CB;58
111023;G. Carabajal;AMF;66
111024;M. Flekken;GK;73
111028;R. Aliendro;DMF;67
111030;V. Koski;CB;60
111031;R. Williams;CB;55
111033;Ansu Fati;LWF;67
111035;K. Rodríguez;CF;70
111040;B. Merlini;AMF;68
111041;S. Mele;GK;74
111045;S. Longstaff;CMF;68
111049;I. Guaraz;CMF;58
111058;T. Conechny;LWF;62
111062;B. Domínguez;LWF;66
111066;A. Bareiro;CF;70
111067;G. Rojas;LMF;68
111071;João Neves;CMF;77
111073;M. Senesi;CB;73
111074;S. Ascacibar;DMF;68
111076;L. Brey;GK;68
111096;N. Molina;RB;69
111097;P. Silva T.;LB;62
111104;A. Bouzat;DMF;65
111112;E. Da Silva;RWF;58
111116;R. Lewis;RB;65
111117;S. Ortega;GK;78
111121;M. Kmet';RMF;61
111123;L. Hall;LB;69
111126;N. Pierini;CF;69
111127;Vitão;CB;56
111130;J. Bijlow;GK;74
111136;E. Agyei;RWF;59
111138;R. Freuler;CMF;72
111148;G. Astaldi;GK;53
111152;F. Bonansea;GK;63
111153;G. Guruceaga;GK;68
111159;M. Weiß;GK;65
111168;C. Awaziem;CB;65
111172;O. Vlachodimos;GK;74
111173;J. Jhon;AMF;70
111189;Ð. Petrović;GK;75
111194;T. Anjorin;AMF;66
111198;Lucca;RWF;58
111200;Maycon;CMF;65
111203;N. Silva;LWF;64
111207;Gabriel;CB;81
111212;João Vitor;CMF;60
111213;G. Caballero;RMF;62
111214;Kaio Jorge;CF;73
111242;G. Zohouri;CMF;55
111243;J. Cavallaro;LMF;62
111248;J. Gómez;RB;56
111250;Ythallo;CB;58
111252;T. Hernández;LB;75
111256;E. Akinsanmiro;CMF;62
111263;Eric Ramires;CMF;65
111272;Rubén Sánchez;RB;62
111273;D. Núñez;CF;71
111277;K. Davis;CF;67
111280;C. Romero;CB;73
111285;D. Batallini;RWF;64
111286;R. López;CF;62
111287;F. Mac Allister;DMF;62
111289;Adrián Liso;LWF;64
111295;F. Cambeses;GK;74
111301;L. Gómez;RB;59
111309;I. Chicco;GK;66
111319;J. Lázaro;AMF;63
111324;T. Molina;CF;68
111328;B. Aguirre;LWF;65
111333;E. Motta;GK;66
111334;M. Barbieri;CB;62
111336;Isaac Romero;CF;66
111337;J. Saralegui;RMF;65
111342;Aleñá;AMF;72
111343;Mariano;CF;61
111344;P. Struijk;CB;72
111353;R. Garro;AMF;74
111356;Felipe Vizeu;CF;62
111361;H. Fértoli;LMF;63
111369;Tiago Gabriel;CB;66
111388;Neris;CB;61
111407;Habraão;CB;61
111408;Pedro;CF;72
111419;G. Hernández;CB;69
111422;R. Veiga;AMF;73
111424;L. Aragão;GK;62
111426;Tiago Cóser;CB;59
111427;D. Godoy;CF;58
111435;K. Danois;CMF;68
111438;Hyan;CMF;57
111439;Y. Casermeiro;CB;61
111442;G. Satalino;GK;65
111449;Marcelinho Braz;RWF;60
111450;D. Henderson;GK;80
111458;M. Velazco;GK;63
111473;L. Fernandes;AMF;65
111478;O. Hutchinson;AMF;72
111482;L. Costa;CB;70
111483;J. Vignolo;CF;61
111484;R. Orsolini;RWF;74
111488;R. Profini;DMF;63
111800;Rúben Dias;CB;79
111803;V. Cantillo;DMF;61
111804;Lucas Paquetá;AMF;76
111807;Marquinhos;RMF;63
111808;Dodô;RB;68
111813;K. Szcześniak;CB;64
111814;A. Rouault;CB;69
111819;R. Orihuela;CB;63
111829;L. Pétrot;LB;63
111839;Dani Raba;RWF;68
111842;T. Loska;GK;61
111843;E. Caprile;GK;76
111844;Kvaratskhelia;LWF;80
111847;Pacha Espino;LB;60
111850;I. Balliu;RB;65
111852;M. Lazzari;RB;67
111859;T. Begić;LWF;57
111870;Mingueza;RB;69
111874;I. Hien;CB;71
111911;J. Letáček;GK;68
111912;A. Muñoz;AMF;61
111915;A. Armstrong;CF;67
111933;Aihen Muñoz;LB;64
111935;M. Zubimendi;DMF;75
111937;Víctor Parada;LB;63
111949;S. Beukema;CB;71
111950;L. Sernicola;RB;61
111951;A. Vergara;AMF;64
111956;I. Guerrico;LB;60
111962;G. Florentín;AMF;66
111963;D. Porcel;CF;59
111964;P. Madero;DMF;50
111967;A. Maidana;LB;58
111968;I. Laquintana;RMF;62
111969;M. Ortega;RB;60
111974;S. Walukiewicz;CB;67
111978;R. Himbert;LWF;62
111979;N. Fernandes;RWF;60
111982;K. Merah;AMF;68
111984;M. De Carvalho;DMF;60
111986;D. Dumfries;RMF;75
111989;L. Yoro;CB;72
111997;Renato Veiga;CB;72
112000;A. Freeman;RB;65
112003;J. Burrai;GK;68
112005;Florentino;DMF;67
112012;Walker-Peters;RB;63
112015;Carlos Soler;CMF;71
112026;L. Morales;CB;66
112029;Martim Neto;CMF;64
112031;A. Fadera;LWF;65
112062;A. Golovin;AMF;75
112104;C. Pulisic;SS;76
112153;W. Faríñez;GK;70
112212;A. Onana;DMF;71
112218;Y. Bissouma;DMF;67
112229;N. Mukau;DMF;67
112283;João Pedro;CF;64
112307;Y. Zouaoui;LB;62
112398;H. Koffi;GK;79
112417;Y. Gboho;LWF;68
112446;S. Iling-Junior;LWF;65
112458;Zubeldía;CB;70
112461;D. Okereke;CF;67
112468;D. Pérez;LB;58
112469;Maurício Garcez;LWF;58
112478;Carlos Eduardo;RMF;62
112489;M. Thiaw;CB;73
112503;D. Rodríguez;AMF;71
112505;C. Ferreira;AMF;65
112508;G. Doué;RB;68
112509;I. Diabaté;CF;63
112510;A. Davies;LB;70
112513;Savinho;RWF;72
112514;H. Ekitike;CF;73
112515;J. Panichelli;CF;68
112516;T. Ortega;LB;58
112518;P. Pietryga;GK;55
112528;Aleix Febas;CMF;70
112539;G. Abregú;DMF;60
112544;M. Nagida;LB;59
112548;V. Rojas;GK;60
112550;Thalys;SS;61
112568;A. Spörle;LB;60
112571;J. Worrall;CB;67
112572;J. Hinshelwood;RB;67
112574;B. Johnson;RWF;71
112576;S. Alakouch;RB;57
112579;R. Rees-Dottin;RWF;57
112582;G. Errecalde;CB;59
112583;N. Milenković;CB;74
112589;Aitor Mañas;CF;57
112593;W. Isidor;CF;66
112597;J. Samooja;GK;59
112604;Valera;RWF;68
112606;A. Maldonado;CB;67
112608;Pau Cabanes;CF;59
112728;W. Oliveira;DMF;64
112733;Matheus Nunes;CMF;75
112737;João Marcelo;CB;66
112738;Bruno Leonardo;CB;65
112739;Giovanny;LMF;59
112745;Renan Peixoto;CF;60
112746;Wermeson;LWF;59
112790;Héctor Fort;RB;62
112806;R. Henry;LB;63
112819;M. Broholm;RWF;64
112833;J. Lopez;LWF;61
112853;E. Balcombe;GK;61
112854;David López;CB;64
112855;B. Austin;GK;66
112857;J. Hill;CB;70
112865;N. Garayalde;CMF;60
112888;U. Fernández;CF;68
112889;Adrián Bernabé;CMF;66
112893;H. Vaca;LWF;63
112896;M. Viti;CB;59
112900;Erick;CMF;64
112902;D. Ghilardi;CB;65
112906;Gerard Martín;LB;70
112907;L. Lipani;DMF;63
112921;M. Lovera;LWF;65
112928;L. Cabrera;CF;58
112936;G. Bogado;AMF;65
112940;Odriozola;RB;63
112943;A. Azócar;CF;62
112960;T. Rossi;CB;61
112964;R. Risser;GK;76
112977;F. Sotoca;SS;67
112978;M. Gillespie;GK;59
112991;E. Viveros;LMF;63
112998;M. Valenti;CB;60
113009;J. Eyestone;GK;57
113038;T. Pozzo;RMF;65
113039;B. Reynoso;AMF;71
113040;N. Bustos;CF;68
113041;V. Ramis;CF;60
113042;U. Sánchez;RMF;64
113059;M. Mendoza;CB;63
113065;F. Tomori;CB;78
113066;T. Abraham;CF;71
113070;A. Lotti;CF;62
113073;G. Strefezza;RWF;70
113080;A. Módica;CF;62
113081;G. Escobar;LB;59
113082;J. Infante;LB;62
113090;A. Atta;DMF;67
113091;A. Avom;CMF;65
113122;E. Biumla;CB;63
113125;Bella-Kotchap;CB;66
113127;João Pedro;CF;72
113162;Lucas Silva;LWF;61
113167;M. De Cuyper;LB;70
113168;D. Coppola;CB;66
113189;Arnau Martínez;RB;67
113195;F. Parisi;LB;64
113217;N. Pais;DMF;62
113245;J. Banel;LMF;58
113247;Tetê;RMF;69
113258;Matheuzinho;RB;64
113261;J. Duranville;LMF;65
113265;B. Sosa;LB;65
113271;N. Moro;DMF;66
113284;T. Kehrer;CB;70
113293;B. Żelazowski;GK;60
113294;Oso;LMF;64
113297;J. Bruun Larsen;LWF;66
113308;F. Fragapane;LMF;60
113310;M. Tramoni;LMF;65
113312;Fernando Sobral;CMF;60
113326;A. Cardozo;DMF;65
113334;C. Kabasele;CB;67
113337;P. Carlgren;GK;68
113338;D. Zakaria;DMF;73
113340;O. Zinchenko;LB;67
113345;G. Zelarayán;SS;57
113351;M. Diarra;CB;67
113352;M. Babi;CF;63
113354;J. Lefort;CB;68
113356;M. Lacroix;CB;75
113357;J. Todibo;CB;70
113364;Tchê Tchê;CMF;64
113379;Luiz Araújo;RMF;68
113380;S. Esquivel;CMF;58
113405;T. Arnold;RB;75
113406;O. Ejaria;LMF;60
113413;J. Idzes;CB;67
113418;E. Matus;LB;61
113425;B. Nadir;CMF;65
113428;L. Blondel;RB;62
113430;M. Gamarra;CB;63
113436;P. Hincapié;CB;76
113443;V. Rosier;RB;66
113446;John Victor;GK;74
113467;Y. Bright;DMF;61
113487;Bremer;CB;79
113490;Djhordney;CMF;56
113495;A. Gaich;CF;62
113500;J. Menéndez;LMF;63
113501;Y. Kechta;CMF;65
113502;Y. Wissa;CF;74
113503;L. Ajorque;CF;69
113507;J. Ajayi;CF;49
113513;I. Kebbal;RWF;70
113525;Éder Militão;CB;73
113532;Shaylon;AMF;66
113551;J. Ordóñez;CB;69
113552;H. Armstrong;CMF;66
113554;J. Dina Ebimbe;RMF;66
113564;R. Sánchez;CMF;65
113573;Matheus Cunha;AMF;79
113574;D. Bentley;GK;69
113590;Luan Peres;CB;66
113596;D. Livakovic;GK;75
113598;T. Nianzou;CB;64
113603;A. Webster;CB;68
113604;Toni Martínez;CF;68
113608;Nico Williams;LWF;75
113626;Carlos Augusto;LB;73
113628;R. Fernández C.;DMF;63
113633;F. Oviedo;CF;56
113655;J. Rentería;RWF;61
113656;N. Lomb;GK;63
113661;C. Jones;CMF;74
113665;T. Alarcón;DMF;64
113671;M. Espinoza;LB;62
113679;A. Pinamonti;CF;67
113709;Javi Llabrés;LWF;62
113710;J. Palacios;RMF;66
113714;Z. Roberto;CF;60
113737;R. González;RB;60
113743;A. Paleari;GK;68
113748;De Arrascaeta;AMF;81
113749;Nathan Mendes;RB;59
113760;Luis Milla;CMF;70
113769;Lucas Barbosa;RWF;65
113770;Everaldo;CF;62
113775;G. Słonina;GK;64
113776;F. Folino;CB;61
113782;D. Bakola;LWF;59
113787;D. Wolfe;LB;66
113792;M. Berisha;CMF;61
113795;M. Vojvoda;RB;68
113803;Abde;LWF;71
113804;V. González;AMF;56
113806;L. Braga;RMF;60
113810;Ítalo Vargas;LWF;60
113813;W. Dennis;GK;65
113819;I. Garguez;RB;60
113822;M. Daniele;GK;57
113827;Á. Verón;LWF;56
113831;F. González M.;AMF;67
113839;Moleiro;LWF;75
113840;I. Gómez;CMF;61
113842;A. Bernede;CMF;63
113843;J. Ikoné;RWF;68
113845;Abner;CB;58
113855;N. Briasco;LWF;63
113863;A. Gunn;GK;70
113883;M. Moreno;AMF;75
113889;I. Moriba;CMF;69
113890;T. Sharman-Lowe;GK;61
113891;P. Oppong;CB;65
113896;De Frutos;RMF;72
113898;J. Gutiérrez;LB;57
113900;F. Wirtz;AMF;83
113901;B. Badiashile;CB;70
113904;Y. Belkhdim;CMF;63
113906;E. Ebosse;CB;64
113907;J. Bellegarde;CMF;66
113908;Saúl Coco;CB;68
113911;F. Valverde;CMF;80
113913;D. Mastrángelo;CB;58
113914;Jorge;GK;60
113917;Marcelinho;RB;57
113918;I. Pitta;CF;68
113929;Pol Lirola;RB;64
113931;G. Kastanos;CMF;63
113933;Moisés;LWF;60
113936;Bruno Melo;LB;62
113937;L. Cornejo;AMF;60
113938;W. Clar;LB;63
113939;G. Bontempo;CMF;62
113940;Natanael;RB;60
113951;Victor Caetano;CB;64
113955;Josep Martínez;GK;71
113960;A. Hakimi;RB;79
113962;G. Gelini;RWF;61
113968;D. Kochen;GK;61
113969;Caio Henrique;LB;66
113972;M. Van De Ven;CB;75
113973;S. Cena;CB;56
113974;A. González;LB;54
113979;C. Kouamè;CF;61
113981;Maroan;CF;66
113982;C. Chukwuemeka;CMF;71
113983;I. Tapia;CB;63
113986;M. Edwards;RWF;68
113991;L. Chávez;AMF;63
113995;Rick;LMF;64
113999;Y. Diouf;GK;75
114000;T. Awoniyi;CF;67
114003;J. Doku;LWF;74
114006;Josema;CB;64
114007;M. Chiesa;GK;68
114011;F. Oppegård;LB;58
114015;N. Sadiki;CMF;67
114016;M. Terrier;CF;74
114017;B. Norton-Cuffy;RB;63
114018;M. Olise;RWF;81
114021;R. Sessegnon;LB;68
114029;M. Cash;RB;71
114034;P. Hellebrand;DMF;67
114036;J. Maddison;AMF;81
114040;J. Andrada;CMF;58
114050;J. Blázquez;GK;61
114053;T. Ndombélé;CMF;67
114056;T. Devernois;CMF;51
114059;P. Kalulu;CB;75
114061;B. Aguirre;RB;60
114070;Marc Aguado;DMF;64
114071;B. Munongo;CMF;58
114075;M. Guiu;CF;64
114076;Y. Arismendi;LMF;63
114077;W. Núñez;LWF;63
114079;T. McGill;GK;61
114081;D. Sarmiento;RMF;61
114084;L. Skjellerup;CF;61
114086;Carlos Miguel;GK;72
114089;C. Casadei;CMF;67
114092;A. Hausch;CF;61
114093;N. Nartey;AMF;66
114100;L. Venturino;RMF;56
114101;Young;GK;62
114105;M. De Ligt;CB;74
114106;L. Zelarayán;AMF;73
114109;Kanu;CB;64
114116;M. Araújo;LMF;63
114117;Á. Pécsi;GK;62
114120;B. Cuello;RMF;62
114135;S. García;RB;64
114142;Mycael;GK;69
114143;M. Ruggeri;LB;69
114147;C. Adams;CF;71
114149;J. Ekhator;CF;62
114158;T. Morton;DMF;69
114159;D. Szala;RB;58
114162;E. Sittaro;GK;61
114163;N. Patterson;RB;62
114168;E. Wahi;CF;64
114177;J. Matete;CMF;57
114180;I. Touré;CB;67
114181;A. Tape;CB;62
114184;J. Ramírez;AMF;62
114186;J. Bowen;RWF;75
114188;J. Belocian;CB;67
114189;Kauan;GK;62
114192;O. Camara;CB;68
114193;E. Garnier;RWF;57
114194;Félix Correia;LWF;67
114195;P. Dorgu;LB;65
114196;M. Sarr;CB;72
114197;D. Spence;LB;68
114199;G. Hein;AMF;72
114200;F. Pellistri;RWF;67
114201;I. Sarr;AMF;76
114205;Lass Kourouma;CMF;59
114206;I. Sangaré;DMF;71
114212;D. Yongwa;LB;61
114214;A. Nunziante;GK;54
114215;Georgemy;GK;63
114218;L. Sequeira;AMF;67
114219;S. López;LWF;60
114225;Aarón Martin;LB;64
114226;Marc Roca;DMF;68
114228;P. Augusto;CMF;59
114229;S. Mara;CF;62
114231;Renato Marin;GK;69
114232;Pablo Durán;CF;67
114235;F. Chiesa;LWF;71
114237;F. Corbalán;RB;57
114239;Manu Morlanes;CMF;66
114240;S. Morales;CB;59
114241;Omar El Hilali;RB;64
114243;Anderson;GK;64
114251;Pablo García;RWF;64
114253;G. Mottes;CB;64
114255;A. Frías;CB;64
114257;E. Taborda;LWF;59
114258;T. Heggem;CB;67
114267;Denilson;CMF;63
114268;Samú Costa;DMF;69
114273;Bruninho;LWF;59
114274;Bruno Matias;CMF;59
114278;Tiaguinho;AMF;58
114279;Pedro Díaz;CMF;67
114282;L. Buffon;LWF;53
114283;J. Odgaard;CF;71
114284;B. Barcola;LWF;75
114290;Bastos;CB;67
114293;D. Borrero;RWF;63
114294;Hugo Bueno;LB;65
114297;Santi Comesaña;CMF;70
114298;Fran Beltrán;DMF;68
114304;Dzięgielewski;AMF;60
114313;Luiz Júnior;GK;75
114315;A. Dovbyk;CF;74
114325;I. Morales;CF;62
114329;G. Suso;CB;67
114330;Biel;LMF;57
114331;L. Robertone;CMF;64
114333;David Neres;RWF;74
114335;B. Leyes;DMF;61
114341;M. Acapandié;RB;54
114344;Micael;CB;61
114345;F. Vera;DMF;67
114347;J. Silva;LWF;60
114350;L. Mathias;GK;60
114351;R. Le Guen;CB;59
114353;I. Vázquez;CB;67
114356;V. Gómez;CB;68
114360;F. Loyola;CMF;67
114364;B. Rollheiser;AMF;71
114366;F. Bustos;RB;61
114367;D. Martínez;CB;64
114368;M. Roffo;GK;73
114369;A. Lucena;RMF;64
114370;H. Jones;AMF;58
114371;G. Villar;GK;68
114372;G. Cano;CF;66
114373;N. Schelotto;DMF;58
114375;M. Merentiel;CF;70
114376;Abel Bretones;LB;65
114379;A. Nordin;RMF;64
114380;S. Otoa;CB;61
114381;J. Foyth;RB;71
114385;G. Goñi;CB;62
114386;M. Pellegrino;CF;64
114390;E. Ndicka;CB;76
114394;Vitinho;LMF;66
114395;A. Bermont;LWF;62
114396;S. Diop;LWF;69
114403;Iván Villar;GK;70
114404;C. McKenna;GK;55
114412;Álvaro Núñez;RB;63
114416;L. Rivero;CB;67
114417;E. Plicco;AMF;51
114418;G. Cerato;RB;60
114419;Bryan Zaragoza;LWF;70
114422;Sergio Camello;CF;65
114423;L. Gazal;CB;62
114425;J. Fazzini;CMF;66
114430;I. Akhomach;RWF;68
114431;Ó. Cortés;LMF;64
114433;F. Mura;RB;63
114439;Y. Maleh;CMF;65
114440;Luiz Felipe;CB;69
114453;N. Valentini;CB;64
114463;T. Oluwaseyi;CF;65
114467;J. Basso;CB;62
114471;F. Medina;RWF;59
114472;T. Cervera;CF;62
114476;N. Trabucchi;CB;53
114478;J. Sforza;DMF;64
114480;F. Ravaglia;GK;69
114481;D. Sosa;LB;65
114484;J. Urbig;GK;76
114492;L. Esquivel;LB;60
114502;Ismael;DMF;61
114503;Igor Jesus;CF;70
114507;B. Okoh;CB;66
114510;O. Bobb;RWF;67
114521;Gorrotxa;DMF;68
114523;Renan Lodi;LB;67
114525;N. Čelik;CB;62
114534;N. Moreno;RMF;61
114535;W. Coulibaly;RB;65
114537;J. Gho;LMF;60
114538;S. Castro;CF;71
114540;Breno Lopes;LWF;63
114542;D. Osorio;RWF;68
114545;M. Højholt;DMF;60
114546;L. Gutiérrez;CF;59
114551;A. Max;DMF;61
114554;C. Diez;DMF;61
114555;F. Di Biasi;DMF;59
114557;Á. Fernández;GK;71
114558;F. Colidio;CF;69
114561;V. Hladký;GK;64
114562;Japa;CMF;59
114563;R. Gallo;LB;57
114564;Brenner;CF;65
114566;Brahim;RWF;76
114567;Isaac;CF;61
114568;J. Dasilva;CMF;66
114569;R. Fofana;CF;65
114576;B. Brobbey;CF;71
114577;J. Mateta;CF;75
114578;L. Machine;CF;58
114583;T. Lamptey;RB;58
114597;Mateo Joseph;CF;66
114598;J. Bauzá;SS;62
114600;Elgezabal;CB;65
114603;M. Esponda;DMF;60
114606;F. Stojilkovic;CF;64
114614;K. Taylor;CMF;70
114616;S. Ulreich;GK;69
114618;F. Baschirotto;CB;69
114619;S. Mayulu;CMF;68
114620;Pau Cubarsí;CB;75
114621;W. Cheddira;CF;66
114624;M. Kean;CF;75
114625;G. Díaz Núñez;LB;57
114626;Andrés García;RB;62
114627;C. Stengs;RWF;70
114628;Calero;CB;68
114633;I. Mammini;CF;58
114634;D. Tarzia;LMF;59
114636;Y. González;RWF;64
114637;M. Zaracho;AMF;69
114638;M. Guendouzi;CMF;65
114639;P. Hamel;CF;61
114640;D. Doué;RWF;80
114641;F. Ballo-Touré;LB;63
114642;A. Ocampo;AMF;64
114643;J. David;CF;74
114644;Dieguinho;RWF;62
114645;A. Gray;DMF;67
114647;Luis Pacheco;CMF;56
114653;M. Silistre;GK;64
114662;A. Bastoni;CB;80
114663;Calvert-Lewin;CF;69
114664;Pedro Rangel;GK;67
114666;T. Negrel;GK;57
114667;J. Canvot;CB;68
114669;C. Gonçalves;DMF;62
114675;N. Zalazar;CB;65
114676;L. Leroux;AMF;68
114677;K. Cataño;GK;65
114679;S. Bajic;GK;63
114681;F. Camarda;CF;60
114682;K. Arriaga;DMF;65
114686;J. Cabal;CB;70
114689;G. Simeone;RMF;74
114690;J. Krasso;CF;66
114691;José Aldo;CMF;65
114693;G. Earthy;AMF;65
114695;Pubill;RB;72
114696;R. F. Mussolini;RB;60
114698;Agirrezabala;GK;73
114699;Cristian Rivero;GK;63
114708;D. Coulibaly;CMF;56
114709;W. Mazzantti;LWF;63
114711;G. Leoni;CB;63
114712;D. Bradarić;LB;63
114713;T. Kummer;CB;60
114714;S. Giménez;CF;73
114715;G. Benedetti;LB;62
114718;P. Argney;GK;58
114719;F. Medina;CB;73
114721;Robert Renan;CB;67
114723;Francés;CB;68
114724;H. Magnetti;CMF;68
114725;W. Zaïre-Emery;CMF;73
114728;N. Krstović;CF;69
114730;M. Mónaco;RMF;60
114731;M. Adopo;CMF;65
114734;J. Reinatti;GK;58
114736;J. Fischer;GK;70
114750;Kauã Moraes;RB;56
114752;Iván Martín;AMF;74
114755;F. Masuero;GK;61
114762;Eric García;CB;78
114764;N. Pisilli;CMF;65
114766;F. Kalinger;LWF;61
114769;N. Maras;CB;63
114780;N. Casale;CB;69
114782;M. Dowman;AMF;64
114784;M. Perrone;DMF;67
114785;Kauã Pascini;LB;54
114786;J. Caicedo;CF;67
114787;J. Giménez;CB;57
114788;Vina;AMF;70
114791;S. Nypan;CMF;65
114792;F. Torres;RMF;62
114794;Matheus França;AMF;64
114796;L. Ferguson;CMF;69
114797;O. Sørensen;CMF;66
114799;A. Sarr;CF;64
114800;A. Adams;CF;69
114803;Yago Noal;AMF;59
114808;P. Foden;RWF;79
114816;J. Yriarte;CMF;58
114817;R. Degregorio;CF;59
114821;Weverson;LB;60
114831;Kaiki;LB;67
114835;D. Fratessi;CMF;73
114844;R. Le Normand;CB;73
114845;J. Kluivert;AMF;77
114846;Matheus Aurélio;GK;64
114847;G. Orban;CF;65
114848;Pablo Campos;GK;67
114851;M. Penders;GK;75
114852;L. Otávio;DMF;58
114853;R. Perraud;LB;67
114855;H. Barnes;LWF;71
114860;A. Grønbæk;CMF;64
114862;Y. Paz;RB;59
114864;Diógenes;GK;61
114866;H. N. Caviglia;CMF;67
114871;M. Gutiérrez;LB;69
114876;A. Wan-Bissaka;RB;66
114877;L. Michal;LWF;59
114878;Toti;CB;67
114879;Pablo Marín;AMF;70
114880;B. Kamara;DMF;73
114881;J. Hofmann;AMF;73
114883;J. Musiala;AMF;82
114884;L. Lobato;LMF;58
114886;N. L'Huillier;LB;53
114888;Álex Jiménez;RB;69
114890;M. Lewis-Skelly;LB;68
114891;C. Palmer;AMF;82
114892;T. Buchanan;RMF;65
114894;H. Cuenca;RWF;58
114896;P. Masini;CMF;60
114897;J. Altamirano;AMF;70
114901;Z. Athekame;RB;57
114903;L. Pellegrini;LB;66
114906;E. Eze;AMF;80
114907;J. McAtee;AMF;69
114909;N. Zaniolo;AMF;74
114910;Pau Torres;CB;72
114911;T. Chirewa;LMF;60
114912;S. Ricci;DMF;69
114914;N. Mendy;CB;69
114917;D. Affengruber;CB;70
114924;Q. Hartman;LB;66
114927;A. Sima;LWF;64
114929;G. Yassine;RWF;64
114930;A. Osambela;CMF;59
114933;P. Sarr;CMF;71
114935;M. Gibbs-White;AMF;78
114936;R. Fernández;CF;68
114937;L. Kelly;CB;70
114946;S. Marcich;LB;64
114947;Dyogo Alves;GK;61
114950;C. Cresswell;CB;69
114958;N. Cavuoti;AMF;63
114963;L. Vigouroux;GK;70
114964;J. Araujo;RB;62
114966;G. Ferrari;CB;61
114967;Víctor Muñoz;LWF;69
114970;J. Arizala;LWF;59
114972;Altimira;DMF;70
114975;I. Konaté;CB;78
114976;S. Fofana;DMF;59
114978;S. Boey;RB;68
114980;D. Sommariva;GK;61
114982;A. Di Pardo;RB;59
114983;J. Tobio Burgos;LMF;66
114984;B. Brereton;LMF;68
114989;Xavi Simons;AMF;78
114990;L. Arce;RB;60
114998;F. Krüger;CF;57
114999;D. Juárez;RWF;51
115005;A. Sabiri;AMF;69
115020;A. Franco;CB;69
115022;R. Gómez;RB;62
115023;G. Togni;LWF;68
115025;A. Matturro;CB;62
115030;M. Luna Diale;CF;63
115031;J. Mejías;CB;60
115032;T. Almada;AMF;73
115038;F. Rossi;GK;59
115043;Ronaldo;GK;73
115044;E. Palacios;CMF;73
115061;Murilo;CB;70
115062;E. Owusu;DMF;66
115065;S. Salle;RMF;60
115067;S. Sosa;CB;70
115068;S. Cuestas;CB;51
115074;N. Savona;RB;67
115079;A. Isak;CF;78
115080;A. Youssif;CB;62
115084;M. Frendrup;CMF;66
115086;M. Pongračić;CB;66
115087;G. Risso Patrón;LB;58
115095;Gilberto Junior;RB;55
115098;A. Buongiorno;CB;75
115103;D. Bartesaghi;LB;63
115104;J. Fedorco;CB;64
115105;İ. Vural;CMF;58
115106;L. Reggiani;CB;62
115108;C. Bassey;CB;72
115109;J. O'Brien;CB;69
115113;J. Bellingham;CMF;70
115117;G. Scamacca;CF;75
115119;T. Segovia;LMF;65
115121;V. Méndez;CMF;62
115122;V. Carboni;AMF;70
115128;D. Aguilar;LWF;61
115132;B. Gruda;AMF;72
115133;F. Mané;CB;60
115135;M. Del Blanco;LB;67
115136;T. Martinelli;GK;67
115143;F. Román;LB;60
115144;O. Kossounou;CB;75
115146;M. Folorunsho;CMF;65
115150;Kayky Almeida;CB;60
115152;W. Faes;CB;67
115153;M. Beier;CF;72
115156;Alisson;DMF;64
115159;V. Balieiro;DMF;58
115160;L. Badé;CB;72
115161;Diego López;LWF;69
115162;A. Diao;LWF;67
115163;O. Garrido;RB;55
115165;Y. Yarmolyuk;CMF;70
115175;L. Pastrán;LWF;63
115176;V. Castellanos;CF;72
115183;V. Dávila;CF;59
115184;L. Balerdi;CB;73
115186;Riquelme;RMF;57
115194;J. Arias;RMF;70
115195;D. Neil;DMF;64
115197;M. O'Riley;CMF;69
115228;A. Ramsdale;GK;73
115234;A. Murphy;LB;59
115236;E. Cannavo;RB;63
115237;Fidalgo;CMF;69
115238;K. Yıldız;SS;75
115239;G. Luiz;CF;57
115240;C. Mélières;RMF;53
115242;J. Devenny;CMF;64
115243;F. Dele-Bashiru;CMF;67
115250;M. Cabrera;GK;59
115254;R. Kolo Muani;CF;72
115258;G. Bonfanti;CB;55
115261;P. Schuurs;CB;63
115262;I. Zabarnyi;CB;74
115263;B. Aaronson;AMF;72
115281;J. Portillo;CB;65
115282;L. Cunha;CB;61
115284;B. Barcia;CMF;62
115285;I. Saavedra;DMF;63
115287;J. Ananias;CB;57
115290;G. Borrelli;CF;63
115291;T. Watson;LMF;60
115294;L. Bernabéu;CB;54
115330;M. Brondo;CF;57
115335;E. Mayers;CB;55
115336;L. Beltrán;CF;70
115338;F. Potts;DMF;63
115354;A. Luna;AMF;69
115355;L. Klanac;GK;57
115357;L. Raffin;CB;53
115358;Milosavljević;CB;68
115375;T. Guidara;RB;65
115376;V. Acuña;AMF;61
115379;F. Redondo;DMF;64
115385;F. Buonanotte;AMF;70
115388;O. Ba;GK;64
115389;M. Palma;CB;53
115390;M. Moreno;CB;65
115393;C. Abeldaño;CF;59
115520;J. Mbambi;CB;54
115521;T. Mitchell;LB;66
115522;A. Truffert;LB;69
115532;T. González;RWF;59
115533;F. Iacovich;GK;68
115534;N. Roselli;CB;55
115535;N. Domínguez;CMF;70
115536;V. Adžić;AMF;67
115538;P. Barrios;LWF;65
115540;M. Braida;LMF;65
115541;D. Sinaté;LB;49
115542;Hugo Sotelo;CMF;64
115543;B. Barticciotto;CF;66
115544;N. Ulariaga;CF;62
115644;L. Nava;GK;58
115652;C. Roberts;RB;63
115653;Guridi;AMF;71
115655;C. Kofane;CF;67
115778;W. Swedberg;LWF;69
115785;C. Spinelli;CF;67
115786;M. Ellborg;GK;63
115788;Andrew;GK;72
115790;J. Addai;RWF;63
115799;Eduardo Santos;CB;62
115804;M. Senaya;RB;62
115832;R. Andrich;DMF;71
115839;Jean Lucas;CMF;67
115841;H. Mosquera;LWF;65
115842;Luciano Juba;LB;67
115843;E. Centuríon;GK;73
115844;B. Mendy;DMF;67
115846;J. Mosquera;RB;62
115864;E. Le Fée;CMF;69
115865;N. Mbala;CF;60
115872;S. Amo-Ameyaw;RWF;63
115873;Wallace Yan;CF;62
115876;S. El Mourabet;CMF;65
115896;Vinícius;GK;66
115898;R. Lozano;RB;60
115901;M. Abaldo;RWF;68
115903;L. González;CF;58
115905;N. Deossa;CMF;68
115907;F. Jara;CF;64
115908;G. Corujo;CB;64
115910;A. Lahdo;AMF;58
115911;J. Soler;LB;58
115913;Asencio;CB;71
115914;A. Rodríguez;CMF;65
115918;Everton Galdino;RWF;65
115921;Léo Vieira;GK;68
115922;Vini Paulista;CMF;62
115923;Renan Viana;CF;57
115924;Erick Pulga;LWF;65
115925;J. Casimir;RWF;63
115926;Leozinho;RWF;61
115927;Antony;RWF;74
115929;B. Arthur;CB;55
115930;Igor Thiago;CF;73
115931;Mateusinho;RB;62
115932;Bruno Tabata;RMF;64
115933;P. Maghoma;CMF;61
115934;R. Donovan;RWF;63
115935;R. Rodrigues;CF;60
115936;L. Sylla;CB;63
115937;M. Kilman;CB;69
115940;T. Guiacobini;DMF;58
115989;Davi Gomes;LWF;56
115990;Mateus Mané;CF;67
115997;Afonso Moreira;LWF;66
115998;Jáderson;RMF;61
115999;L. Vargas;RB;61
116034;H. Ito;CB;70
116047;M. Palazzo;CB;57
116049;Edu Expósito;CMF;68
116051;M. Baturina;CMF;68
116053;A. Tosin;CF;64
116066;S. Berge;DMF;70
116141;S. Quiroga;AMF;62
116142;E. Koffi;RWF;59
116143;Nacho Vidal;RB;61
116144;M. Sanabria;LMF;58
116145;G. Infantino;LWF;62
116166;Kayke;RWF;59
116176;Pablo;GK;61
116179;Maílton;RB;60
116191;Allex;LMF;56
116201;N. Insfrán;GK;73
116203;A. Véliz;CF;68
116206;A. Abdullahi;RWF;57
116207;Yeremy Pino;RMF;71
116208;J. Recalde;AMF;69
116211;Douglas Luiz;CMF;69
116254;S. Lobotka;DMF;73
116270;Kevin;LWF;69
116297;Júlio Fidelis;RB;58
116298;F. Pimienta;RWF;57
116305;E. Nuamah;RWF;67
116401;G. Gineitis;CMF;63
116402;Y. Santiago;CMF;62
116405;T. Pembélé;RB;62
116409;R. Cabral;LMF;63
116410;Marcinho;RWF;63
116418;B. Traoré;CMF;64
116419;R. Belahyane;DMF;61
116420;M. Courcoul;DMF;61
116422;R. Braschi;CF;57
116427;E. Helland;CB;61
116430;Manu Bueno;CMF;60
116436;Isi;SS;72
116437;F. Cardozo;RMF;62
116441;A. Luciatti;CB;66
116446;N. Cambiaghi;LWF;67
116447;Arthur Dias;CB;60
116448;Breno Bidon;CMF;68
116449;I. Bravo;CF;56
116450;L. Lucca;CF;68
116451;A. Cuello;CF;65
116452;Danilo Veiga;RB;60
116455;C. Saco;CMF;61
116462;Praxedes;CMF;59
116463;J. Rosso;CB;60
116467;M. García;DMF;59
116468;J. Mosqueira;DMF;62
116469;F. Laurelli;CB;52
116471;Brais Méndez;CMF;71
116482;G. Vicario;GK;78
116483;J. Barceló;GK;61
116484;M. Silvetti;LWF;61
116485;Yuri Alberto;CF;69
116487;J. Franco;RB;59
116489;Karrikaburu;CF;60
116490;D. Odogu;CB;61
116495;J. Morán;LB;57
116496;M. Morello;DMF;59
116500;D. Díaz;CF;59
116501;A. Schott;RB;63
116502;J. Pignani;CB;60
116521;F. Vera;RB;60
116541;N. González;RWF;70
116543;J. Garner;DMF;70
116565;Y. Konak;DMF;59
116568;A. Altimira;RB;64
116570;I. Subiabre;RWF;62
116575;Marc Cucurella;LB;73
116576;S. Bueno;CB;69
116577;Abel Ruiz;CF;67
116585;F. Torres;RMF;67
116588;G. Rodríguez;CF;65
116591;C. Aquino;AMF;71
116592;T. Galván;LMF;67
116598;S. Prieto;LB;61
116602;J. López;DMF;61
116603;S. Moreyra;DMF;61
116604;M. Giménez;CF;66
116605;S. McTominay;DMF;77
116606;E. Lepaul;CF;68
116607;D. Karim;CMF;63
116620;G. Morales;CF;59
116625;K. Sulemana;LWF;64
116628;B. Donio;DMF;57
116630;A. Ladstatter;RWF;61
116631;Tiago Santos;RB;64
116633;S. Diop;CF;53
116634;O. Sonne;RB;64
116636;N. Pintus;CB;53
116638;R. Barrios;RB;59
116642;F. Kadıoğlu;LB;67
116655;D. Upamecano;CB;77
116656;N. Zalewski;LMF;66
116659;R. Bozhinov;CB;58
116661;N. Jauny;GK;56
116666;S. Szymański;AMF;73
116667;Jan Virgili;LWF;65
116671;R. Nicolaisen;CB;68
116672;A. Osorio;CF;66
116676;V. Vanat;CF;69
116677;T. Ollila;LB;59
116679;A. Vermeeren;CMF;67
116689;S. Esposito;CF;69
116690;Y. Zabiri;CF;61
116691;P. Gueye;DMF;71
116692;M. Guerrero;RWF;64
116696;F. Jainikoski;CF;60
116706;C. Riedel;CB;64
116708;M. Mudryk;LWF;65
116709;F. Garcés;CB;65
116710;H. Haraldsson;AMF;74
116711;M. Gabbia;CB;74
116721;J. Yeboah;CF;67
116741;Sivera;GK;74
116743;Gonzalo Villar;CMF;65
116751;Ferran Torres;LWF;74
116755;Bahia;CMF;55
116803;D. Vlahović;CF;73
116912;Reinier;AMF;67
116943;O. Luengo;CB;62
116946;P. Mazzocchi;RB;63
116950;E. Corvi;GK;67
116952;R. Arboleda;CB;66
116953;M. Løvik;LB;54
116955;T. Muharemović;CB;68
116956;J. Ondrejka;LMF;66
116958;F. Rinaldi;GK;60
116959;A. Njie;LWF;60
116960;M. Lusuardi;CB;55
116961;J. Romaña;CB;69
116970;G. Di Lorenzo;RB;74
117030;F. Callejo;RWF;61
117038;L. Colombo;CF;66
117039;A. Urzi;LMF;62
117040;S. Britschgi;RB;56
117043;C. Wiley;LB;58
117047;Vinícius Júnior;LWF;78
117050;F. Pardo;CB;70
117055;T. Slotsage;CB;63
117067;F. Mambimbi;SS;59
117072;A. Kamara;RWF;61
117074;M. Oyedele;DMF;62
117081;D. Maldini;AMF;71
117082;Pep Chavarría;LB;67
117087;Pedro Neto;RWF;74
117147;F. Alarcón;CB;67
117230;D. Vargas;LB;53
117239;F. Altamira;RMF;65
117289;Tete Morente;LMF;65
117335;M. Arezo;CF;65
117358;T. De Smet;LB;61
117362;N. Fúnez;CF;59
117363;M. Munetsi;CMF;69
117364;Peque;AMF;70
117371;U. Mboula;CB;61
117373;M. Svilar;GK;81
117374;H. Delcroix;CB;66
117378;A. Dønnum;RMF;66
117379;André Ramalho;CB;66
117384;A. Furlanetto;GK;59
117389;L. Regiardo;CMF;54
117390;O. Provstgaard;CB;64
117400;R. Solís;GK;70
117401;Sergi Cardona;LB;69
117402;I. Chaira;RWF;67
117403;F. Pacheco;RWF;60
117404;R. Garcés;CB;66
117406;G. Chávez;CB;65
117407;M. Lazo;CB;64
117410;Y. Mvogo;GK;75
117420;M. Aebischer;CMF;66
117426;Tchoca;CB;63
117452;G. Baroni;AMF;62
117453;Manu Sánchez;LB;65
117456;Douglas Santos;LB;68
117464;D. Svensson;LB;69
117468;N. Fonseca;DMF;64
117469;T. Perrotta;CF;57
117475;A. Wharton;DMF;71
117485;T. Magno;LWF;63
117491;V. Barco;CMF;69
117492;M. Domenech;CF;62
117495;S. Mouriño;CB;71
117496;B. Perlaza;CMF;63
117497;H. Traorè;AMF;73
117498;K. Castaño;DMF;66
117501;C. Arango;CF;68
117502;J. Cardozo;DMF;57
117505;C. Cuesta;CB;65
117506;L. Diarra;GK;61
117507;Vitor Roque;CF;70
117509;J. Herrera;SS;55
117510;D. Herazo;CF;61
117513;A. Mendy;RB;62
117517;J. Barinaga;RB;63
117518;L. Advíncula;RB;65
117520;Abdón Prats;CF;65
117521;C. Ndour;CMF;64
117523;Selton;AMF;63
117524;K. Kelsy;CF;63
117528;J. Grimaldo;RWF;62
117531;Á. Valera;CF;68
117532;K. Quevedo;RWF;61
117537;Álvaro Valles;GK;74
117538;C. Ordóñez;DMF;63
117539;Paulinho;CF;71
117542;Wendell;LB;61
117545;T. Cuello;LMF;67
117546;Gabriel Menino;CMF;63
117547;Kaio César;RMF;65
117552;Asier Hierro;CF;55
117562;Javi Rodríguez;CB;68
117563;A. Gomes;CMF;69
117567;M. González;LWF;57
117575;Zanocelo;DMF;62
117576;A. Zerbin;LWF;65
117579;A. Farías;DMF;56
117580;F. Coppola;CB;57
117582;V. Birmančević;LWF;67
117588;André Henrique;CF;59
117591;T. Palacios;CB;68
117593;J. López;CF;71
117594;F. Peña Biafore;DMF;62
117596;M. Faye;CB;60
117598;M. Leris;RMF;64
117604;C. Franco;LWF;55
117613;W. McKennie;CMF;71
117620;J. Doig;LB;65
117621;A. Zakharyan;AMF;69
117627;S. Doucouré;CB;60
117632;G. Berterame;CF;69
117636;Jorge Cuenca;CB;70
117641;F. Álvarez;CB;67
117643;A. Méndez;RB;62
117644;J. Clauss;RB;68
117650;J. Lucumí;CB;73
117651;L. Hjelde;LB;60
117652;D. Oyegoke;RB;56
117659;A. Milambo;AMF;69
117661;Fábio Carvalho;AMF;71
117662;A. Sherri;GK;63
117668;Antonio Sánchez;RMF;67
117669;N. Buayi-Kiala;CMF;56
117670;Á. Rodríguez;CF;65
117674;K. Etta Eyong;CF;70
117675;Kayky;RMF;60
117678;Kaique Kenji;LMF;58
117683;T. Bischof;CMF;70
117686;Y. Trepy;SS;56
117687;A. Fernández;AMF;65
117688;J. Córdoba;CF;71
117689;J. Campaz;LWF;67
117697;Igor Gomes;CMF;66
117699;M. Trésor;LWF;66
117702;F. Conceição;RMF;69
117703;M. Hermansen;GK;73
117708;E. Pinnock;CB;69
117710;Á. Busso;GK;60
117717;A. Albarracín;RWF;61
117720;J. Cabrera;RB;57
117723;J. Kalumba;RWF;60
117725;L. Costa;CB;62
117726;J. Ekomié;LB;61
117728;Vanderson;RB;68
117731;N. Angulo;LMF;62
117735;G. Castillo;DMF;54
117736;Lamine Yamal;RWF;80
117747;Matheus Reis;RWF;58
117756;T. Leiva;CMF;60
117758;K. Ortiz;DMF;61
117760;T. Gillier;GK;70
117763;M. Cancellieri;RWF;66
117765;P. Köhn;GK;75
117766;K. Laimer;RB;74
117769;Álex Domínguez;GK;63
117770;L. Ambros;AMF;65
117771;D. Puebla;LMF;61
117773;L. Blanco;LB;63
117774;A. Steimbach;RB;58
117775;J. Flores;CF;57
117776;Luiz Henrique;RMF;72
117779;P. Groß;CMF;69
117784;I. Méndez;CMF;61
117785;Brenno;GK;68
117786;Robinho Júnior;LWF;59
117787;Clinton Mata;CB;67
117788;I. Koné;CMF;67
117791;G. Restes;GK;78
117793;L. Martínez;CB;75
117796;A. Haidara;CMF;66
117798;Hugo;LB;58
117799;Pedro Henrique;CF;62
117802;D. Bobadilla;CMF;68
117812;R. Tesuri;RMF;63
117813;Y. Asprilla;RMF;67
117814;N. Hernández;CB;60
117820;M. Bombito;CB;67
117821;Natan;CB;71
117835;T. Weah;RMF;70
117842;B. Locko;LB;65
117843;F. Domínguez;RB;65
117850;R. Carneiro;GK;61
117866;H. Moldovan;GK;67
117867;Z. Flemming;SS;70
117878;J. Cortazzo;CB;56
117879;Mateu Morey;RB;63
117883;A. Obert;CB;66
117884;C. Ekuban;CF;64
117886;T. Castagne;RB;67
117889;A. Pavlović;DMF;72
117894;Gustavo;AMF;65
117901;Joel Roca;LWF;67
117907;J. Hurtado;CF;62
117916;E. Nketiah;CF;68
117917;J. Willock;CMF;71
117920;J. Cuenca;RB;51
117927;Aitor Paredes;CB;70
117931;Nuno Mendes;LB;77
117932;D. Malen;RWF;72
117934;Cucho Hernández;CF;70
117938;Fran García;LB;67
117940;R. Nelson;RWF;69
117946;O. Vargas;CMF;65
117947;L. Mezerette;GK;58
117952;A. Martegani;AMF;67
117955;B. Ojeda;DMF;62
117960;E. Iñiguez;RB;57
117961;C. Crew;DMF;56
117969;N. Cozza;LB;61
117981;M. Khlan;LWF;62
117984;C. Ibáñez;LB;60
117985;Gonzalo;CF;69
117987;J. Freitas;CF;62
117995;Manu Fernández;CB;64
118007;J. Sancho;LWF;72
118009;K. Retamar;CF;64
118011;Luis Henrique;RMF;70
118015;S. Sané;CB;64
118021;T. Soucek;DMF;69
118026;M. Salas;CF;71
118030;E. Nwaneri;RWF;70
118031;M. Miño;GK;67
118032;F. Lo Celso;AMF;61
118038;T. Malacia;LB;62
118041;N. Estevez;DMF;63
118042;O. Watkins;CF;74
118044;S. Boselli;CB;64
118047;S. Abdulhamid;RB;66
118048;Alex Amorim;AMF;64
118049;F. Cham;RB;57
118053;Figueiredo;CMF;56
118067;C. Makoun;CB;64
118072;N. Kühn;RWF;69
118076;N. Tenaglia;RB;68
118077;W. Riveros;CB;64
118078;G. Gentile;LMF;63
118079;N. Montoya;RB;55
118080;M. Ristić;LB;64
118081;A. Díaz;CF;63
118082;Víctor García;RMF;65
118085;A. Bodart;GK;71
118088;E. Tapsoba;CB;76
118092;Álvaro Carreras;LB;70
118095;A. Quirós;CB;64
118096;M. Mount;AMF;74
118097;O. Touré;CB;60
118098;R. Loaiza;DMF;62
118102;J. Liteta;DMF;60
118103;M. Prati;DMF;63
118108;D. Rensch;RB;65
118109;Arthur;RB;61
118110;A. Gouiri;CF;74
118111;G. Coudert;GK;75
118122;K. Kouao;RB;63
118127;A. Canelo;LMF;65
118129;L. Coulibaly;RMF;60
118135;A. Vranckx;CMF;64
118136;Diogo Dalot;RB;66
118140;E. Abadia-Reda;LB;47
118142;L. Giaccone;RWF;65
118143;D. Castillo;CMF;60
118145;L. Krejcí;CB;72
118146;L. Mamut;CMF;57
118148;Pacheco;CB;67
118149;L. Freitas;CB;60
118154;Jon Martín;CB;69
118155;J. Arias;CF;60
118162;A. Ismajli;CB;69
118163;H. López;AMF;59
118164;E. Smith Rowe;AMF;75
118165;H. Davies;GK;58
118171;S. Tonali;DMF;74
118173;J. Mercado;LWF;63
118174;M. Rogers;AMF;80
118175;Nico Serrano;LWF;64
118176;E. Janža;LB;62
118178;K. Lewis-Potter;LB;65
118181;Junior Messias;RWF;66
118183;M. Gallardo;AMF;65
118186;D. Cissé;CMF;65
118188;L. González;CMF;61
118190;C. Gruezo;DMF;67
118191;Unai Núñez;CB;68
118193;O. Alderete;CB;70
118195;J. Zirkzee;SS;71
118200;Diego Pampín;LB;60
118201;A. Stach;DMF;70
118203;J. Russell-Rowe;CF;63
118205;T. Livramento;RB;68
118207;Jorge Cestero;DMF;57
118208;Dodi;DMF;65
118209;Brugui;RWF;64
118211;S. Chukwueze;RWF;72
118213;M. Camara;CMF;69
118215;J. Aidoo;CB;67
118221;D. Ndoye;RWF;70
118225;N. Cadiou;CMF;64
118226;E. Zhegrova;RWF;72
118230;F. Israel;GK;74
118236;Vitinha;CMF;80
118240;V. M. Savić;GK;75
118246;I. Meslier;GK;69
118247;T. Fernández;CB;57
118248;L. Hoyos;GK;68
118253;Zito Luvumbo;CF;68
118259;E. Díaz;LB;66
118261;L. Siviero;GK;55
118262;O. Marmoush;CF;72
118264;M. Méndez;CF;64
118267;Rodri Mendoza;AMF;68
118269;Maik;RB;57
118270;L. Kal;DMF;58
118274;T. Reijnders;CMF;77
118276;Léo Ortiz;CB;72
118278;M. Travers;GK;72
118282;M. Ortiz;CB;63
118284;A. Sánchez;CMF;64
118285;A. Karabec;AMF;70
118293;Arthur Gabriel;LB;60
118294;S. Chambers;AMF;60
118295;J. González;RB;62
118300;M. Fernández;DMF;61
118303;J. Ramsey;LMF;71
118305;C. Zabala;DMF;63
118306;Carlos Macià;CMF;56
118308;U. Radaković;CB;62
118313;R. Ríos;CMF;73
118316;T. Koopmeiners;DMF;72
118321;Júnior Santos;RWF;63
118322;L. Loor;LB;63
118323;Carlos Coronel;GK;71
118325;S. Medina;LMF;59
118327;I. Rodríguez;CMF;60
118332;M. Kumbulla;CB;70
118333;M. Popa;GK;70
118334;L. Zogbé;RB;57
118335;R. Gravenberch;DMF;77
118336;F. Cabral;CF;60
118338;P. Brunner;CF;60
118339;D. Reasco;CF;65
118340;David Raya;GK;84
118342;H. López Muñoz;AMF;72
118343;J. Russo;LB;52
118344;M. Villasanti;CMF;67
118345;F. Torres;CB;62
118347;V. Mykolenko;LB;67
118348;B. Zapelli;CMF;65
118349;L. Ranieri;CB;68
118350;M. Pedersen;RB;64
118352;M. González;RMF;63
118353;N. De La Cruz;CMF;66
118354;Iván Romero;CF;70
118355;E. Cömert;CB;66
118357;E. Iannoni;CMF;60
118358;A. Alaniz;RWF;62
118360;G. Martirena;RB;62
118363;A. Piedrahita;LMF;61
118365;L. Heredia;CF;69
118370;T. Gigena;CF;52
118371;Ander Guevara;CMF;65
118373;Fer López;RWF;69
118377;C. Vivas;CB;63
118379;Bryan Gil;LWF;70
118380;N. Edjouma;RWF;61
118381;Pedri;CMF;81
118383;G. Requena;CB;61
118384;W. Kannemann;CB;65
118385;A. Sosa;LMF;63
118388;Raniele;DMF;66
118392;Lucas Beraldo;CB;73
118393;F. Terracciano;RMF;64
118394;T. Le Bris;RMF;65
118395;T. Rubio;RB;57
118399;E. Coronel;RB;62
118400;M. Payero;CMF;66
118401;A. Giay;RB;64
118403;A. Marcandalli;CB;64
118405;N. Demartini;CB;62
118407;W. Pacho;CB;82
118417;Rodrygo;RWF;74
118418;M. Alleyne;CB;59
118421;M. Godoy;LMF;65
118425;M. Tavernier;LMF;68
118428;Dro Fernández;AMF;68
118429;B. Rodríguez;RMF;66
118430;J. Gómez;CMF;63
118433;L. Guilherme;RMF;64
118434;M. Felici;LWF;65
118437;Schlotterbeck;CB;78
118438;R. Braschi;CF;51
118446;K. Antonio;RB;60
118447;D. Vásquez;GK;74
118448;K. Cabrera;AMF;65
118449;T. Durso;GK;65
118451;M. Melluso;LB;58
118454;L. Colwill;CB;74
118461;Benedetti;CB;59
118462;F. Díaz;DMF;61
118463;J. Astudillo;CB;53
118472;Juan Miranda;LB;65
118473;Ygor Vinhas;GK;66
118475;P. Díaz;GK;66
118478;J. Hernández;RMF;63
118479;C. Nascimento;LB;57
118480;J. Sarmiento;RWF;60
118482;M. Brizuela;CB;66
118488;Jan Salas;CMF;55
118491;N. Woltemade;CF;73
118494;N. Vlašić;AMF;77
118501;L. Ríos;CMF;62
118502;A. Maciel;CB;64
118505;M. Tagliamonte;GK;68
118506;A. Gallo;LB;65
118507;G. Neves;DMF;66
118509;R. Idrissi;LB;60
118518;Izeta;CF;64
118521;L. Quiroz;CB;57
118522;Miguel Sierra;RWF;59
118523;M. López;LB;64
118527;K. Havertz;CF;77
118528;M. Damsgaard;AMF;77
118529;M. Carabajal;CB;70
118531;J. Toljan;RB;64
118532;L. Drummond;CF;60
118533;B. Cabrera;CB;62
118541;P. Diop;CMF;62
118542;L. Moro;CF;60
118549;G. Trindade;LB;51
118551;Pol Lozano;DMF;68
118553;M. Cóccaro;CF;64
118555;Emersonn;CF;64
118556;J. Van Neck;GK;59
118558;S. Rosané;DMF;62
118559;Fermín;AMF;80
118562;A. Gory;LMF;63
118563;N. Jackson;CF;71
118566;A. Camara;CMF;65
118569;Fabrício;GK;64
118570;A. Francis;CMF;60
118571;Fran González;GK;64
118573;K. Hoever;RB;66
118576;R. Martínez;CF;66
118577;S. Rodríguez;CF;68
118578;Índio;AMF;59
118581;R. Durosinmi;CF;67
118584;N. Aguerd;CB;71
118585;T. Adoryán;LMF;59
118587;E. Báez;LB;61
118588;H. Ashby;RB;58
118592;K. Lamadrid;LMF;63
118593;J. Tah;CB;78
118595;C. Palacios;AMF;70
118596;A. Cavagna;GK;58
118597;F. Moyano;DMF;60
118599;O. Óskarsson;CF;67
118602;L. Martínez D.;CF;61
118617;Diego Conde;GK;74
118619;Ryan Francisco;CF;58
118626;Carlos Romero;LB;67
118627;N. Tella;RMF;69
118628;S. Andino;LMF;67
118629;P. Ratkov;CF;64
118633;K. Furo;CF;56
118634;Allanzinho;LWF;59
118637;A. Molina;RB;58
118638;J. Acevedo;RMF;62
118639;D. Romero;GK;70
118641;J. Deminguet;CMF;65
118643;L. Balbo;LB;52
118645;M. Vera;CMF;63
118646;R. Giampaoli;CB;64
118648;L. Geertruida;RB;70
118650;N. Elphege;CF;61
118653;A. Khusanov;CB;71
118656;L. Bailey;RMF;69
118657;Diego Moreira;LMF;68
118659;M. Culbreath;RMF;58
118661;E. Cabrera;AMF;65
118662;C. Roque;CB;57
118663;R. Højlund;CF;69
118664;M. Wieffer;DMF;70
118668;A. Vidal;GK;66
118669;A. Simarra;CB;60
118675;J. Castillo;DMF;64
118676;N. Bolcato;GK;67
118677;Adrià Pedrosa;LB;62
118680;F. Jörgensen;GK;73
118683;A. Franco;CMF;66
118685;Gorosabel;RB;66
118686;M. Tel;LWF;67
118687;M. Fofana;LWF;69
118690;E. Elizalde;CB;63
118691;B. Mlačić;CB;59
118693;S. Ostrzinski;GK;61
118697;B. Gilmour;DMF;67
118698;J. Martínez;DMF;64
118702;L. Morales;GK;73
118703;Kike Salas;CB;70
118707;A. Adli;AMF;73
118711;A. Montero;CMF;59
118712;L. Varaldo;CF;64
118713;E. Galego;CF;55
118714;R. Gurtner;GK;67
118715;J. Alí;RWF;55
118716;F. Zapiola;LMF;65
118717;Erick;RWF;65
118719;D. Fernández;CB;66
118723;C. Ejuke;LWF;68
118726;L. Nmecha;CF;70
118727;J. Rouhi;LB;56
118728;R. Malinovskyi;AMF;72
118732;Edson Carioca;LWF;63
118734;Ângelo;RWF;69
118826;J. Correa;DMF;59
118827;Hugo Álvarez;LMF;67
118829;G. Piñeiro;AMF;64
118836;A. Riep;LMF;59
118837;Renato Kayser;CF;66
118839;M. Sauer;CMF;61
118841;A. Cambiaso;LB;71
118844;I. Miramón;DMF;60
118931;M. Rodríguez;RWF;57
118933;L. Zahović;AMF;64
118934;Carlos Espí;CF;68
118936;B. Álvarez;LWF;57
118939;C. Medina;CMF;67
118940;F. Nmecha;DMF;78
118941;Robert Navarro;AMF;72
118943;A. Canobbio;RMF;66
118944;Vitor Reis;CB;67
118945;F. Nicola;LMF;60
118946;M. Panaro;LWF;63
118949;C. Olivera;RWF;65
118954;S. Sosa;LWF;63
118955;A. Bamba;DMF;62
118957;T. Belmonte;DMF;67
118958;L. Cristaldo;CB;57
118959;J. Portillo;CB;58
118960;R. Insúa;LB;60
118961;D. Peixoto;DMF;59
118965;M. Palestra;RB;65
118968;Hugo Duro;CF;70
118969;O. Sahraoui;LWF;68
118970;Juan Cruz;LB;64
118973;B. Diaby;CB;65
118974;F. Cabanillas;AMF;59
118979;A. Camara;DMF;48
118980;A. Boayar;CF;56
118983;B. Martínez;LMF;59
118984;Iago;LB;61
118986;N. Sangui;LB;61
118987;K. Coman;LWF;71
118989;R. Ibarra;CB;62
119088;T. Aranda;AMF;67
119096;S. Canestrelli;CB;65
119097;A. Obando;CF;61
119099;W. Barlasina;GK;65
119107;O. Gandelman;CMF;64
119112;F. Sylla;DMF;59
119113;D. Hernández;LMF;64
119114;A. Sarco;CF;61
119118;R. Vaz;CF;62
119124;J. Sanabria;CMF;64
119126;G. Mensah;LB;64
119128;M. García;DMF;52
119129;T. Ayala;GK;62
119130;I. Mbaye;RWF;66
119131;Sergio Gómez;LMF;69
119134;Gui Negão;CF;62
119135;Luis Rioja;LMF;69
119138;H. De La Fuente;RB;62
119140;E. Ben Seghir;LMF;68
119143;J. Anthony;LWF;68
119146;E. Cañete;CMF;60
119147;R. Romo;GK;71
119151;R. Bellanova;RB;67
119152;A. Vossah;CMF;62
119153;Rafael Leão;LWF;73
119571;C. De Ketelaere;SS;77
119778;C. Gamarra;CB;59
119780;J. Marabel;CF;63
119782;A. Tchouaméni;DMF;75
119783;M. McKenzie;CB;66
119799;N. Vallejo;LMF;67
119801;K. Gutiérrez;DMF;63
119803;M. Cho;RWF;66
119809;F. Alfonso;RWF;64
119810;N. Morgantini;RB;60
119812;S. Quillahuamán;AMF;53
119813;L. Rodríguez;DMF;66
119814;R. Hernández;LB;59
119815;L. Cabral;AMF;67
119816;Aitor Ruibal;RB;68
119817;G. Arturia;CB;59
119818;R. Faivre;RMF;68
119819;N. Nkounkou;LB;67
119820;Pau Navarro;RB;68
119822;Igor Silva;RB;63
119827;M. Villa;RB;62
119828;Pedro Porro;RB;74
119830;Igor Paixão;LWF;70
119834;P. Souto;LB;60
119839;J. Lepenant;DMF;66
119840;B. Özer;GK;75
119841;F. Orozco;LMF;58
119847;A. Edmundsson;CB;61
119850;F. Calderón;CB;66
119854;P. Katseris;RMF;63
119860;L. Bursich;GK;59
119862;Fabrício Bruno;CB;72
119863;Estêvão;RWF;73
119864;C. Pérez;DMF;64
119865;Pablo Agudín;AMF;61
119866;Cauan Barros;CMF;64
119868;C. Akpa;LB;65
119872;A. Houary;SS;60
119875;A. Harroui;CMF;64
119876;Aimar Oroz;AMF;74
119877;D. St. Clair;GK;70
119878;Y. Adli;DMF;68
119882;Cristiano;LB;59
119884;S. Cordero;DMF;62
119885;N. Fraser;CF;54
119886;F. Viñas;CF;67
119889;N. Mazraoui;RB;68
119890;D. Caleta-Car;CB;68
119892;Raúl Moro;LWF;68
119893;C. Rivero;CB;67
119899;R. Matondo;AMF;66
120082;Marcos Antônio;CMF;69
120295;S. Hidalgo;CF;64
120296;Aderlan;RB;59
120299;Endrick;CF;69
120300;F. Amuzu;LWF;65
120306;K. Haug;GK;68
120309;C. Hudson-Odoi;LWF;70
120310;K. Mavropanos;CB;70
120315;E. Zeballos;LMF;68
120327;S. Montiel;LMF;67
120332;J. Savarino;AMF;71
120335;E. Roldán;CMF;59
120336;C. Ramírez;LB;65
120339;C. Ferreira;CB;60
120340;P. Mendy;CF;56
120342;G. Rodríguez;CB;67
120343;C. Domínguez;CB;65
120345;C. Varela;GK;68
120351;H. Hassan;RWF;67
120355;T. Chalobah;CB;76
120357;E. Elmas;AMF;74
120360;Álex Forés;CF;64
120361;Javi López;LB;64
120363;S. Meza;GK;68
120364;Yoel Lago;CB;64
120368;A. Gordon;LWF;72
120369;S. Dalmasso;AMF;60
120375;R. Ryller;DMF;58
120376;Josan;RB;64
120377;S. Abdul Samed;DMF;65
120380;J. S. Larsen;CF;69
121192;L. Bergström;GK;66
121197;T. Allende;RMF;69
121198;M. Aguiar;AMF;57
121200;Charles;DMF;62
121205;G. Mainero;RMF;65
121210;Rodrigo Gomes;RMF;66
121213;E. Pereyra;LB;58
121215;D. Cáceres;LB;57
121216;G. Lodico;CMF;66
121223;J. Alcívar;DMF;67
121224;E. González;LWF;58
121226;L. Carrizo;CB;62
121227;D. Tchamba;CB;63
121235;L. Souto;RB;60
121237;Reguilón;LB;61
121238;Chris Ramos;CF;67
121239;Thierry Correia;RB;63
121244;N. Zätterström;CB;59
121251;N. Kamara;CB;60
121254;L. Lavagnino;GK;63
121255;F. Paradela;CMF;61
121256;A. Zanoli;RB;65
121257;S. Pierotti;AMF;69
121284;U. Giménez;CB;59
121296;J. Ludueña;CB;62
121300;M. González;DMF;60
121306;R. Roefs;GK;79
121307;K. Thuram;CMF;74
121310;Robert Sánchez;GK;79
121311;A. Almendra;CMF;67
121314;Junior Firpo;LB;67
121318;S. Arzamendia;LB;64
121321;J. Bah;CB;66
121322;Pedro Lima;RB;59
121324;L. Fernández;AMF;73
121327;Y. Bisseck;CB;71
121331;J. Bay;LB;61
121332;K. Diatta;RMF;66
121339;D. Valoyes;RWF;67
121340;C. Cándido;LB;63
121344;Carmona;RB;65
121354;A. Anselmino;CB;66
121358;G. Verón;CF;65
121359;S. Sosa;DMF;58
121363;M. González;CB;62
121364;D. Fernández;GK;61
121371;J. Campuzano;DMF;64
121373;W. Fofana;CB;70
121381;J. Canale;CB;67
121382;Ángel Pérez;RWF;66
121387;O. Pona;GK;57
121391;D. Martínez;RWF;61
121396;S. Quirós;CB;61
121944;A. Patterson;GK;72
121945;A. Broja;CF;67
121948;E. Konsa;CB;76
121949;A. Costa;CB;68
121958;J. Rowe;LWF;67
121960;A. Tóth;CMF;63
121961;S. Van Den Berg;CB;68
121962;J. Harrison;RMF;66
121968;D. Valencia;CF;63
121972;L. Maldonado;GK;59
121979;R. Bardghji;RWF;66
121980;C. Bradley;RB;68
121981;C. Da Silva;CMF;57
121989;D. Cirkin;LB;63
121990;I. Galván;LB;57
121995;C. Niasse;DMF;63
121996;L. Koleosho;LWF;64
121998;B. Dadín;CF;58
122000;J. Solis;DMF;66
122001;I. Ganiou;CB;67
122002;Joelinton;CMF;73
122005;N. Okafor;CF;69
122006;Leo Román;GK;74
122007;A. Martínez;CB;64
122008;Camilo;DMF;61
122011;O. Christensen;GK;68
122012;C. Gakpo;LWF;74
122015;L. O'Nien;CB;64
122016;L. Sasha;DMF;62
122017;T. Louchet;RMF;65
122020;M. Succar;CF;62
122033;A. Rodríguez;CF;65
122037;D. Otoya;CF;54
122264;A. Saelemaekers;RMF;73
122265;S. Bornauw;CB;66
122275;M. Klimowicz;AMF;66
122281;L. Marchi;LB;60
122288;J. Paredes;CF;61
122302;J. Zozaya;GK;64
122305;A. Fuentes;DMF;60
122307;Á. Angulo;LB;63
122310;L. Peña;RMF;58
122313;J. García;CB;53
122314;C. Montes;LWF;65
122319;L. Sinayoko;RWF;66
122320;M. Ruidías;RB;62
122321;C. Algarañaz;CF;62
122322;V. Bernedo;GK;67
122323;C. Cermeño;CMF;61
122324;T. Verón Lupi;RWF;63
122330;N. Arias;RB;52
122331;J. Manzaneda;LWF;62
122332;C. Carbajal;LB;59
122341;A. Molinas;CMF;58
122342;M. Castro;LWF;61
122347;A. González;DMF;61
122678;D. Sánchez;GK;67
122696;L. Marimón;CF;57
122699;I. Erquiaga;LB;59
122701;W. Velásquez;CB;61
122702;Á. Ampuero;LB;60
122715;C. Bobadilla;CMF;51
122716;G. Raspadori;SS;69
122717;P. Villalba;RWF;57
122727;J. Ekkelenkamp;AMF;71
122728;N. Lang;LWF;72
122729;M. Zelaya;CB;59
122732;A. Granko;RWF;54
122733;J. Vertrouwd;LB;59
122897;C. Fara;CB;65
122914;J. Zevallos;RB;56
122920;F. Gattoni;CB;64
122932;L. Romero;DMF;62
122933;S. Mendoza;CMF;52
122934;M. Chaparro;LWF;60
123066;A. Madruga;CB;56
123067;P. Cari;CMF;56
123075;C. Paredes;CMF;62
123076;G. Flores;GK;60
123077;R. Auzmendi;CF;61
123225;L. Chaverra;RB;60
123232;L. Herrera;LMF;63
123242;J. Bolívar;LB;61
123442;S. Mosquera;LWF;65
123717;J. Rojas;RB;60
123722;M. Alvarado;RWF;52
123726;A. Lauriente;LWF;71
123728;J. Silva;CB;62
123729;E. Rodríguez;CF;57
123732;R. Anderson;GK;60
123749;L. Suárez;CF;69
123751;J. Alfaro;CMF;62
124233;K. Rodríguez;RB;58
124248;Choi Gu-rum;CB;65
124249;M. Borgogno;GK;73
124268;J. Tévez;CF;65
124269;R. Martínez;RWF;57
124270;S. Arancibia;RB;55
124276;Miguel Rubio;CB;64
124277;Miguel;RWF;61
124278;C. González;GK;62
124279;S. Fini;SS;52
124281;I. Colman;CMF;64
124285;A. Custodio;CB;60
124287;G. Barbosa;CF;59
124291;N. González;GK;59
124295;M. Mundaca;LWF;59
124296;J. Perdomo;DMF;60
124846;G. Tsitaishvili;RWF;64
124854;D. Gónzalez;CB;65
124858;E. Villalba;RB;50
124860;J. Ruiz;RWF;67
262235;Beto;CF;86
262869;Tobías;CMF;58
262959;A. Sarmiento;LWF;62
262960;Gastón;SS;60
262961;E. Castillo;DMF;56
262981;M. Hinestroza;RWF;65
262997;A. Morelos;CF;70
263019;S. Arce;CB;62
263021;V. Pizarro;DMF;65
263022;F. Gil;RWF;63
263024;J. Villagra;CB;61
263032;B. Arce;LMF;63
263063;S. Vegas;CB;65
263072;Fernando;AMF;62
263107;K. Viveros;CF;66
263109;D. Asprilla;RWF;60
263116;L. Macazaga;RB;53
263134;U. Zabaleta;AMF;69
263150;R. Cordano;GK;65
263154;A. Saldivia;CB;63
263172;D. Méndez;GK;61
263246;Robson Matheus;CMF;61
263392;Tristán;DMF;62
263509;Lautaro;CB;63
263619;Manager;CMF;68
263620;Loco;RWF;82
263643;Laura;CMF;70
263699;Emo;SS;73
263744;Comisario;CMF;75
263768;Malparitti I;CB;82
263769;Eusebio;CB;72
263770;Pulpo;GK;89
263774;Armando;DMF;70
263776;Carmiño;GK;78
263818;Evaristo;SS;74
263819;S. González;AMF;70
263831;M. Silveira;GK;68
263835;Milton;CMF;83
263854;Amadeo;CF;82
263877;Claudio;CB;74
263879;Cura;LB;70
263885;C. liso;DMF;81
263889;F. Batista;CF;63
263898;Bielorruso;LMF;83
264036;J. Díaz;LB;62
264184;J. De Irastorza;LB;55
264272;Matías;DMF;57
264275;D. Gutiérrez;CB;61
264281;Lechuga;DMF;81
264299;Cordobés;CMF;82
264303;Ciro;CB;63
264470;Ratón;CMF;69
264478;Malparitti II;CB;82
264483;H. Domínguez;RB;71
264488;Ramiro;GK;62
264664;M. Fernández;LWF;59
266891;N. Losada;GK;73
269216;Romarinho;AMF;71
271526;S. Rodríguez;CMF;66
278121;C. Renato;CF;60
292521;L. Piñero;LMF;59
292559;K. Merida;LMF;54
297025;F. Farías;AMF;69
297352;L. Morales;RB;65
297409;Wallisson;DMF;63
297590;Y. Rodríguez;DMF;62
298690;Y. Murillo;CB;59
298871;J. Kadijevic;GK;62
299562;B. Méndez;LWF;52
299651;D. Romero;LB;59
299660;M. Ponte;RB;63
301848;S. Barbosa;LB;52
303339;L. Justiniano;DMF;62
303349;E. Chaux;GK;70
303352;F. Díaz;CB;58
303378;Larson;CMF;57
303384;M. Silvera;CF;62
303623;B. Ramírez;RWF;69
304128;R. Vaca;AMF;69
304418;Marcelo Lomba;GK;68
305909;J. Pérez;AMF;66
305932;E. Herrera;RB;63
306041;R. Lima;CMF;60
306125;L. Zúñiga;LMF;60
306131;E. Tovo;CB;60
307480;E. Rivero;DMF;58
307625;J. Lora;RB;60
307653;Matheus Martins;LWF;67
307686;W. Aguerre;GK;69
307719;G. Vallecilla;CB;63
307770;R. Redes;RWF;64
307772;R. Lutiger;CB;59
308028;S. Gomez;DMF;68
308100;T. Olase;CMF;57
308107;A. Ayhuana;CMF;56
308173;E. Álvarez;RB;56
308178;R. Bilu;RMF;59
308179;Rodrigo Guth;CB;63
308187;P. Camacho;CB;58
308295;A. Artunduaga;LB;55
308314;Jair Cunha;CB;68
308336;João Almeida;LB;54
308458;G. Aguayo;RMF;54
308487;G. Cortez;LB;61
308506;D. Ruiz Rivera;LWF;65
308508;S. Laquidaín;CB;58
308521;Murillo;CB;74
308531;N. Parra;CB;54
308712;T. Silvero;CB;60
308753;A. Moreno;CB;59
309065;C. Melgar;CMF;62
309178;Felipe Negrucci;DMF;56
309492;J. Arias;CB;66
309756;J. Ortiz;CB;63
309872;A. Tabares;LB;54
315542;F. González;AMF;62
315544;D. Londoño;LB;62
315546;S. Al-Najdi;LB;56
315552;M. Biereth;CF;68
315553;C. Mawissa;CB;68
319572;D. Mina;LB;62
319586;L. Lima;AMF;69
320874;Á. Rangel;CB;63
320924;W. Yarbrough;GK;66
320929;J. Cavadia;CMF;56
320983;J. Pintado;RB;63
320992;Newton;DMF;62
322246;A. Barboza;CB;74
322888;Á. Campuzano;DMF;61
322889;A. Vaca;CF;60
322922;João Pedro;CMF;59
322947;L. Hernández;LWF;59
323104;M. Gómez;CMF;55
323105;J. Quintero;RB;63
323535;A. Angulo;CB;65
323595;Éverton C.;LWF;68
325168;L. Iberico;LWF;57
325169;J. Estrada;RB;59
325170;Grosso;LWF;83
325171;Coreano;RMF;82
325174;Capi;LWF;82
325468;Y. Hernández;LB;58
325519;A. Abdullahi;CF;51
325544;N. Guerra;CF;63
325552;M. Castro;RMF;65
325621;Zé Rafael;CMF;65
363615;C. Gonzáles;AMF;69
363707;R. Rosales;RB;61
363870;J. Viacava;CB;63
363894;M. Jesus;LB;57
364021;E. Saavedra;RMF;62
364349;I. Wisdom;DMF;61
364847;A. Sinisterra;GK;61
365497;J. Sánchez;CB;58
366621;S. Cabrera;LB;60
366623;J. Acosta;GK;60
366638;J. Chunga;GK;69
366643;R. Atencio;AMF;66
366674;Marlon Freitas;DMF;68
366795;M. Távara;CMF;61
368378;C. Arrieta;RB;61
368379;L. Cepeda;LWF;66
368381;M. Sepúlveda;CMF;65
368704;Lucca;CF;58
368708;L. Roldán;DMF;62
368710;J. Camargo;GK;69
368720;G. Henrique;DMF;59
368757;M. Hernández;CF;56
368758;Arthur;CMF;68
368774;N. Soria;CF;59
368781;Samuel Xavier;RB;66
369200;Davi;GK;58
369333;F. Gómez;GK;59
369552;B. Rovira;DMF;63
369664;G. Cazonatti;DMF;67
369670;J. Pereira;CMF;62
369675;T. Andrada;CMF;61
369904;J. Pretell;DMF;61
370016;A. Villareal;CF;51
370144;Z. Amdouni;CF;67
370190;Fábio Silva;CF;71
370372;J. Mera;CB;63
370641;H. Quintana;CMF;61
370709;A. Fretes;LB;56
370724;R. Pedroza;CB;54
370814;S. Muñoz;RWF;58
370966;A. Zárate;CMF;59
370969;F. Guerra;CB;61
371283;Jeffinho;LMF;60
371342;N. Villarroel;CB;53
371710;F. López;RB;54
372206;G. Cantizano;LWF;57
372417;M. Pérez Guedes;CMF;67
372424;J. Herrera;CF;66
372710;J. Rossel;AMF;61
372821;F. Zabala;LB;60
372860;G. Ascanio;LB;53
373054;D. Arboleda;CB;66
373057;D. Pedrozo;CB;60
373169;K. Vázquez;DMF;59
373253;F. Pasadore;SS;58
373324;D. Moreno;DMF;65
373326;I. Glavinovich;CB;58
373327;V. Cárcamo;SS;53
373471;T. Dolan;RWF;66
373521;L. Recalde;CB;61
373527;Felipe Longo;GK;64
373614;L. Bruera;GK;68
375611;C. Trujillo;DMF;62
375618;H. Calcaterra;CMF;62
375659;C. Bautista;GK;56
375729;H. Abdulkareem;AMF;60
375732;Danilo;DMF;69
376017;L. Pascual;CMF;57
376471;J. Bolívar;CF;60
376489;D. Herrera;CB;57
376502;L. Justiniano;CB;59
376507;F. Moya;CMF;56
376598;Cuiabano;LB;65
376737;F. Noguera;CF;51
376949;S. Galani;DMF;61
376971;R. Acuña Vera;CF;57
377146;M. Palacios;CB;55
377152;M. Aucca;CMF;57
377184;D. Lacerda;CF;62
377191;I. Sosa;CMF;66
377202;Á. Stringa;RWF;54
377208;F. Mena;CB;48
377227;M. Bajamich;CF;64
377269;H. Ancajima;RB;62
377271;O. Ngom;CMF;59
377282;Maurício;AMF;73
377332;H. Meister;CF;63
377335;Kareem Tunde;RWF;62
377440;M. Hoyos;CF;65
377512;M. Torrez;CB;53
377513;D. Cataño;AMF;68
378292;A. Llinás;CB;64
378294;L. Sosa;RWF;62
378296;S. Rodríguez;CF;63
378314;F. Salinas;RB;61
378319;R. Alves;GK;62
378324;G. Bahia;CB;58
378337;S. Palacios;CB;58
378338;J. Chalá;CB;62
378339;A. Pósito;CB;53
378340;Ó. Hernández;DMF;61
378342;M. Gianoli;CB;63
378761;E. Neira;CB;62
379200;J. Arancibia;CB;57
379219;Kayke;CF;54
379709;Y. Osorio;CB;64
379714;J. Carabalí;LB;61
379715;D. Churín;CF;63
379733;L. Di Yorio;CF;64
379800;L. Ingolotti;GK;67
379801;J. Hernández;LB;61
379816;J. Yangali;CMF;58
379997;C. Benavente;AMF;65
380132;Í. Ávila;CF;65
380134;Lorran;AMF;62
1073754405;D. Kamada;AMF;74
1073756862;Hulk;CF;74
1073757816;E. Salinas;GK;60
1073757878;Hwang Hee Chan;CF;67
1073758298;W. Endo;DMF;68
1073758337;T. Couto;GK;67
1073758338;T. Kubo;RWF;73
1073776608;Clayton Sampaio;CB;60
1073779703;Neto Moura;DMF;68
1073783056;Oscar;AMF;71
1073783713;Y. El-Arabi;CF;66
1073788255;Bruno Guimarães;DMF;76
1073801803;M. Falcón;CB;63
1073805122;Lima;AMF;67
1073806633;F. Facello;RB;54
1073806821;Léo Linck;GK;64
1073847680;Artur;RWF;65
1073847867;Chico Kim;AMF;65
1073847883;A. Auzmendi;CF;62
1073850272;Y. Goh;AMF;63
1073853601;Kim Min-jae;CB;73
1073857234;K. Takai;CB;66
1073857253;R. Kida;CF;54
1073857256;A. Seko;CB;64
1073857268;Lee Kang-In;RWF;76
1073857391;R. Yates;DMF;68
1073857486;A. Tanaka;DMF;67
1073857540;K. Ajer;CB;72
1073857563;A. Valverde;CMF;58
