ID;Nombre;Posición;media
1664;J. Bisanz;LMF;69
1680;D. Ayala;DMF;70
1697;R. Santa Cruz;CF;69
3613;E. Diouf;LB;77
3673;F. Gattoni;GK;50
4007;M. Da Luz;RMF;67
4039;Fábio;GK;84
4188;M. Schwartz;AMF;61
4278;A. Theate;CB;76
4414;K. Sibo;DMF;72
4522;C. Ronaldo;CF;85
4583;F. Sanguinetti;GK;70
4882;J. Milner;CMF;74
4884;J. Bogle;RB;75
5417;L. Acosta;AMF;78
5518;Raúl Albiol;CB;75
6089;Marinho;RWF;69
6265;H. Valdimarsson;GK;70
6317;N. Čavlina;GK;65
6480;A. Baroja;GK;69
6526;L. Podolski;AMF;72
6577;S. Pavlović;CB;77
6621;S. Perilli;GK;68
6959;Yuri Lara;DMF;69
7305;J. Elordi;LB;70
7318;S. Chergui;CB;71
7474;Nenê;AMF;72
7506;Alfon;LWF;75
7511;L. Messi;RWF;87
7802;L. Lima;CMF;61
7806;M. Satriano;CF;75
7814;Dante;CB;75
7823;André Silva;CF;72
7857;P. Pagis;LWF;73
7873;Y. Fofana;CMF;79
8770;Pedro Cobra;GK;60
8823;P. Guerrero;CF;72
8849;E. Mancuso;RB;74
8959;D. Padelli;GK;67
9041;J. Herrando;CB;74
9087;X. Schlager;CMF;72
9121;A. Rogel;CB;69
9205;Fabri;CF;68
9211;J. Piroe;CF;75
9226;Pichu Cuéllar;GK;68
9238;M. Ramírez;CMF;63
9332;W. Rivera;CF;59
9375;Santi Cazorla;CMF;77
9379;L. Chevalier;GK;83
9416;H. Leite;GK;72
9452;J. Tchatchoua;RMF;73
11034;Éder;CB;66
15794;K. Ogawa;CF;68
15814;Y. Nagatomo;LB;69
16346;K. Mitoma;LWF;83
16728;T. Asano;RWF;75
16794;A. Benedyczak;LWF;67
16851;T. Minamino;AMF;77
30012;I. Ilić;CMF;74
30074;Egiluz;CB;70
30117;M. Capasso;CB;73
30163;A. Benítez;RMF;70
31018;Daniel Borges;RB;66
31044;R. Falcao;CF;72
31308;F. Baldassarra;CMF;66
32021;E. Agbadou;CB;78
32156;G. Lacerda;CB;64
32262;A. Circati;CB;72
32353;L. Otávio;CB;67
32386;J. Ruddy;GK;70
32440;J. Kusi-Asare;CF;62
32470;Bruno Gomes;RB;74
32475;E. Batalla;RMF;70
32549;J. Insúa;GK;57
32561;T. Noslin;RWF;73
32566;Dieguinho;RB;70
32568;A. Galeano;RWF;73
32694;Dani Cárdenas;GK;74
32780;G. Arias;GK;73
32919;Paulo Henrique;RB;74
33041;Yan Couto;RB;77
33073;Zé Pedro;CB;72
33075;L. De Silvestri;RB;71
33107;M. Bakker;LB;74
33185;M. Neuer;GK;84
33250;Mario Gila;CB;80
33266;R. Araújo;CB;79
33290;Bruno Alves;CB;63
33301;S. Nanasi;LMF;74
33302;Z. Lucas;DMF;71
33473;Osvaldo;LWF;68
33604;C. Cásseres;CMF;73
33669;Jemmes;CB;73
33735;Carlos Álvarez;RWF;77
33817;Hudson;DMF;64
33874;F. Aursnes;CMF;80
33878;C. Faya;CMF;64
33887;S. Lovrić;CMF;72
33909;L. Perez;DMF;70
33915;J. Gittens;LWF;80
34098;L. Modrić;CMF;84
34102;G. Ochoa;GK;71
34135;A. Nusa;LWF;69
34437;L. Fabianski;GK;74
34484;Iker Muñoz;DMF;72
34514;A. Minda;RWF;74
34638;Á. Montero;GK;78
34704;A. Petit Dol;CB;60
34781;A. Meyer;GK;75
34797;I. Malcorra;AMF;74
34813;M. Arnautović;CF;69
34848;Z. Aboukhlal;RWF;74
34850;Juninho;CB;68
34881;L. Suárez;CF;79
34882;J. Timber;RB;82
34939;R. Pablo;RWF;64
34979;B. Siegrist;GK;71
34986;T. Nnadi;CMF;65
34991;M. Sales;DMF;68
35031;H. Guirassy;LWF;71
35033;G. Kamara;DMF;72
35124;Ó. Trejo;AMF;70
35138;F. Ugrinić;CMF;75
35199;M. Fernandes;DMF;70
35200;L. Mouton;CMF;71
35226;Rafa Obrador;LB;68
35250;É. Banega;CMF;74
35252;M. Ruben;CF;71
35324;Kauan Faria;CB;61
35477;E. Cavani;CF;74
35479;M. Di Gregorio;GK;82
35492;S. Moore;GK;67
35876;Azpilicueta;CB;76
35880;J. Sosa;CMF;74
36156;Daniel Fuzato;GK;69
36336;M. Amarfil;CMF;70
36627;Y. Sommer;GK;87
36665;J. Vásquez;CB;75
36671;A. Šemper;GK;74
36703;D. Ospina;GK;77
36706;S. Moya;CB;62
36714;A. Vidal;CMF;72
36718;A. Sánchez;CF;75
36727;F. Muslera;GK;80
36768;F. Forster;GK;73
36776;Riccieli;CB;70
36821;H. Barcos;CF;75
36862;Ó. Cardozo;CF;70
36878;Raúl Fernández;GK;73
36912;R. Bentancourt;CF;68
36943;Cássio;GK;77
36945;Fagner;RB;70
36949;S. Romero;GK;74
37005;L. Gueye;RWF;64
37030;Arguibide;RB;62
37053;João Victor;CB;72
37087;F. Minerva;LMF;59
37106;Á. Di María;RWF;83
37140;M. Darmian;RB;77
37149;A. Desábato;GK;70
37151;J. Beyer;CB;73
37260;Keiller;GK;65
37277;Unai Gómez;AMF;72
37289;J. Steele;GK;74
37304;C. Stuani;CF;75
37337;M. Isla;RB;70
37356;Guga;RB;71
37377;A. Catena;CB;77
37391;M. Araújo;CMF;68
37398;Reinaldo;LB;73
37401;A. Kabar;LB;65
37405;M. Alexandre;RB;65
37437;A. García Basso;CB;72
37496;P. Tachtsidis;DMF;68
37506;J. García;GK;67
37510;M. Zalazar;LMF;65
37511;F. Roncaglia;CB;69
37518;J. Hurtado;RB;71
37522;Nuno Moreira;LWF;73
37602;A. Seyral;CB;61
37638;E. Džeko;CF;73
37715;T. Barry;CF;76
37827;A. Witsel;CB;75
37846;Richardson;DMF;68
37862;C. Toselli;GK;69
37874;Marcos Victor;CB;64
37901;T. Rincón;DMF;70
37976;B. Bertinato;GK;65
38112;Y. Neyou;CMF;75
38115;L. Acosta;AMF;69
38175;Ademir;RWF;73
38179;A. Sangante;CB;74
38187;G. Prado;RMF;66
38192;Cleiton;GK;72
38199;Emerson Royal;RB;73
38269;M. Carrizo;RMF;74
38274;D. Moreno;CF;75
38288;E. Muñoz;CB;69
38292;I. Andrada;RB;64
38297;Willian;LMF;72
38352;D. Welbeck;CF;80
38365;A. Dramisino;AMF;64
38374;T. Rodríguez;RWF;63
38390;Lucas Freitas;CB;67
38403;S. Ferreira;CF;73
38422;Anthoni;GK;71
38439;I. Perišić;LMF;82
38475;P. Sučić;DMF;77
38509;R. Bochi;DMF;67
38534;F. Miguel;GK;71
38539;K. Quetant;CF;65
38540;S. Coulibaly;CB;72
38567;Pedro;RWF;78
38568;S. Busquets;DMF;80
38627;O. Giroud;CF;79
38630;V. Guaita;GK;80
38640;J. González;GK;67
38685;B. Dadín;CF;74
38743;Y. Valois;CF;65
38771;V. Nelsson;CB;74
38778;G. Marinelli;GK;67
38779;Parejo;CMF;81
38797;D. Blind;CB;77
38807;R. Sam;CB;65
38810;Lucas Ramon;RB;72
38812;A. Osella;CB;67
38816;João Gomes;CMF;77
38831;Tomazella;GK;65
38852;Z. Savva;RWF;57
38858;S. El Shaarawy;LWF;77
38863;I. Villalba;CB;68
38891;O. Bevan;CB;62
38951;A. Hernández;CF;73
39173;T. Silva;CB;82
39178;D. Tabibou;CMF;67
39238;C. Gallagher;CMF;79
39239;S. Jaurena;CMF;64
39268;R. Cherki;AMF;83
39270;J. Hato;LB;78
39278;Ó. Ustari;GK;77
39301;B. Fadiga;CMF;64
39339;Rafael Thyere;CB;67
39441;A. Hickey;RB;76
39469;L. Valenti;CB;69
39673;André Luís;CF;72
39687;T. Porra;AMF;67
39699;G. Medel;CB;71
39706;A. Segovia;RMF;63
39719;S. Rondón;CF;75
39786;C. Lampe;GK;74
39798;A. Corzo;CB;69
39801;Y. Herrera;CMF;80
39804;M. Silva;GK;71
39913;T. Sanusi;LWF;62
39936;H. Mkhitaryan;CMF;81
40002;R. Lewandowski;CF;85
40003;S. Kulenović;CF;70
40122;R. Lukaku;CF;82
40179;Nico González;DMF;82
40211;F. Onyeka;CMF;74
40225;Antonio Blanco;DMF;75
40240;N. Matić;DMF;78
40260;F. Coquelin;DMF;73
40277;David;LWF;68
40283;S. Coleman;RB;74
40295;J. Henderson;DMF;77
40323;P. Aubameyang;CF;81
40335;Renzo;CB;62
40352;Neymar Júnior;AMF;83
40353;Ayrton Lucas;LB;76
40362;Ênio;LWF;67
40368;A. Seidu;CB;74
40407;Maicon;CB;71
40425;J. Alba;LB;78
40433;S. Tzimas;CF;73
40455;I. Sosa;CF;70
40456;A. Herrera;CMF;76
40525;M. Perin;GK;79
40568;Igor Vinícius;RB;71
40571;De Gea;GK;87
40581;C. Obi;CF;64
40585;M. Okoye;GK;73
40617;J. Gordon;RB;70
40631;J. Cuadrado;RMF;74
40661;L. Pratto;CF;72
40662;N. Colazo;LB;63
40677;A. Grassi;CMF;71
40725;N. Otamendi;CB;81
40735;J. Papaleo;GK;71
40749;T. Gutiérrez;SS;72
40786;C. Wood;CF;81
40875;S. De Vrij;CB;82
40884;M. Tillman;AMF;79
40937;W. Szczęsny;GK;84
40987;J. Karlström;DMF;75
40990;Anthony Lopes;GK;77
41000;R. Cabella;AMF;74
41045;Y. Rak;CB;68
41047;J. Manzambi;CMF;76
41066;C. Immobile;CF;76
41082;Koke;DMF;79
41083;E. Salvio;RMF;75
41084;K. N'Dri;CF;70
41100;Juanmi;LMF;74
41119;K. Walker;RB;76
41120;T. Cairney;CMF;75
41124;D. Alaba;CB;80
41144;J. Merlo;LWF;64
41146;A. Schjelderup;LWF;78
41152;I. Subiabre;CF;76
41153;S. Coates;CB;77
41158;S. Luján;RMF;62
41163;E. Pérez;DMF;73
41169;E. Aguilera;CB;68
41174;M. Rojo;CB;73
41204;Rafael;GK;77
41209;Patrick;CMF;71
41235;G. Átila;GK;61
41236;N. Banegas;LB;69
41272;L. Rodríguez;LB;67
41275;J. Insaurralde;CB;70
41276;J. Velázquez;LMF;64
41294;Ignácio;CB;72
41295;C. Lema;CB;72
41425;E. Vargas;SS;70
41428;M. Díaz;DMF;67
41444;M. Rodríguez;CF;67
41451;C. Aránguiz;CMF;74
41517;L. Mugni;AMF;74
41522;R. Ríos Novo;GK;63
41527;F. Tobio;CB;68
41533;Jean Carlos;AMF;69
41538;E. Olivera;CB;68
41547;C. Quintana;CB;74
41548;J. Espínola;GK;71
41555;E. Álvarez;DMF;78
41570;P. González;CMF;69
41581;J. Rodríguez;AMF;80
41595;E. Bologna;GK;68
41596;N. Tagliafico;LB;80
41637;M. Mohamed;CF;69
41640;C. Bacca;CF;73
41674;Y. Mosquera;CB;71
41686;D. Muñoz;RB;82
41688;K. Mier;GK;76
41737;F. Colidio;CF;77
41904;J. Chotard;DMF;73
41975;A. González;RB;70
41984;R. Otero;AMF;71
42033;A. Carrillo;RMF;76
42093;M. Torrén;CB;68
42101;J. Iturbe;CF;69
42117;U. Delgado;CF;63
42125;M. Galarza;RB;77
42173;E. Valencia;CF;72
42181;F. Gaibor;CMF;74
42291;D. Silva;CB;65
42308;Jesús Vázquez;LB;71
42311;Aylon;CF;69
42316;A. Griezmann;SS;84
42322;Kiko Femenía;RB;74
42346;Alesson;LWF;72
42402;Josué;AMF;76
42416;Z. Labyad;AMF;71
42424;G. Xhaka;CMF;84
42429;Juan Jesus;CB;74
42433;M. Bracamonte;RB;63
42452;G. Mercado;CB;71
42455;Ganso;AMF;76
42473;Guilherme;RMF;70
42502;M. Paulo;LB;63
42535;Cédric;RB;69
42539;M. Bizot;GK;78
42545;P. Mwene;LB;72
42556;Isco;AMF;85
42558;Pepê;CMF;67
42559;R. Sottil;LWF;74
42575;I. Gueye;DMF;78
42577;M. Guéhi;CB;82
42582;Iker Losada;AMF;71
42586;Kevyson;LB;62
42589;B. Stambouli;DMF;73
42606;J. Stanišić;RB;78
42641;P. Coutinho;AMF;78
42654;G. González;LWF;68
42669;Casemiro;DMF;80
42688;N. Blandi;CF;66
42697;M. Lanzini;AMF;73
42698;K. Jappert;CB;69
42751;E. Mena;LB;70
42752;F. Mallo;CB;73
42806;C. Bakambu;CF;74
42821;B. Lecomte;GK;76
42825;A. Areola;GK;77
42839;Everson;GK;80
42846;N. Leali;GK;75
42854;Alerrandro;CF;72
42868;Bartra;CB;78
42892;Sergi Roberto;RB;76
42898;Lucas Moura;RMF;77
42917;D. Burn;CB;81
42935;L. Vallejo;CB;62
42944;C. Auzqui;RMF;70
43001;M. Campaña;GK;74
43006;R. Funes Mori;CB;68
43026;D. Brooks;RWF;77
43047;Unai Vencedor;CMF;71
43058;R. Ramos;RB;68
43063;Son Heung-Min;LWF;83
43075;G. Kondogbia;DMF;78
43082;N. Adjei;CB;69
43086;G. Oristanio;AMF;73
43094;Álvaro Morata;CF;77
43133;Luiz Gustavo;DMF;70
43135;M. Kovačić;CMF;81
43157;Marcos Alonso;CB;78
43166;M. Doherty;RB;74
43178;C. Egan-Riley;CB;75
43190;Maceió;RMF;62
43202;Neto;GK;73
43210;Juan Iglesias;RB;75
43211;M. Dmitrović;GK;81
43230;E. Giménez;CMF;66
43256;Zé Welison;DMF;67
43380;A. Domínguez;GK;74
43398;Lucão;GK;67
43441;Rodriguinho;CMF;64
43467;R. Rodríguez;CB;72
43596;Thaciano;SS;73
43612;T. Ream;CB;71
43638;Álex Baena;LMF;82
43643;A. Mirbach;GK;59
43668;Ó. Romero;AMF;71
43694;Gabriel;GK;71
43695;Dudu;LWF;74
43731;W. Ángel;CB;66
43747;D. Washington;CF;71
43752;Richard;DMF;66
43761;S. Lencina;LMF;78
43773;S. Moyano;GK;72
43792;M. Fernández;AMF;71
43798;S. Ramos Mingo;CB;74
43814;F. Mancuello;CMF;69
43815;U. Ciccioli;RB;62
43816;L. Sequeira;RMF;69
43888;M. Porcel;LMF;63
43896;N. Cláa;GK;60
43949;B. Guille;LWF;64
43970;J. Lucero;CF;73
43985;Alex Sandro;LB;77
43988;Danielzinho;CMF;74
43989;Danilo;CB;77
44006;M. García;CMF;65
44023;P. Gallese;GK;75
44037;A. Aguerre;GK;70
44104;J. Oblak;GK;90
44171;S. Oliveira;CMF;72
44184;L. Halter;CB;73
44187;Gabriel Poveda;CF;67
44193;J. Marcelo;CF;64
44212;Neto Pessoa;CF;67
44214;Jamerson;LB;67
44241;Roni;DMF;66
44245;A. Elanga;RWF;77
44272;Guilherme;LWF;72
44278;Pedro Raúl;CF;70
44379;K. De Bruyne;AMF;87
44383;T. Courtois;GK;93
44423;R. Arias;CB;65
44440;K. Jakić;DMF;75
44443;Luan Cândido;LB;66
44444;T. Abed;RMF;65
44449;R. Nteka;CF;71
44451;A. Bamba;CB;68
44497;E. Ampadu;DMF;78
44516;É. Ricardo;DMF;68
44527;B. André;CMF;80
44550;Vitão;CB;75
44556;F. Toloza;CF;64
44562;Fali Candé;CB;69
44591;G. Zacchi;GK;63
44619;Rodrigo Moledo;CB;66
44620;Felipe Anderson;LMF;74
44636;L. Muriel;CF;74
44637;A. Nyom;RB;71
44643;P. Almqvist;RWF;71
44654;W. Boly;CB;73
44656;C. Da Costa;LMF;71
44676;F. Acerbi;CB;82
44679;N. Williams;LB;78
44682;Rodrigo Muniz;CF;76
44694;M. Amougou;CMF;71
44702;R. Barkley;CMF;77
44708;M. Kerkez;LB;80
44711;R. Cáseres;CB;65
44743;M. Jensen;CMF;78
44748;D. Ricardo;CB;71
44760;Alan Varela;DMF;77
44761;R. Ibarra;RMF;68
44766;R. Christie;CMF;76
44791;Jair;DMF;72
44797;J. Florentín;CMF;71
44802;Léo Jardim;GK;80
44838;H. Igamane;CF;75
44840;V. Van Dijk;CB;85
44857;S. Arias;RB;71
44858;Hereda;RB;65
44910;A. Sbaï;LMF;72
44941;Ramon;LB;71
44953;D. Suárez;RB;68
44987;L. Melgarejo;LWF;71
45023;P. Pogba;CMF;78
45025;Rubén García;RMF;77
45028;Sabino;CB;72
45041;P. Terracciano;GK;78
45049;B. Rodríguez;LWF;76
45055;B. Dominguès;LMF;71
45069;L. Abecasis;RB;65
45071;G. Pezzella;CB;72
45078;D. Léon;GK;77
45079;T. Arokodare;CF;75
45081;H. Diarra;CMF;75
45082;B. Deuff;DMF;67
45089;L. Digne;LB;78
45090;K. Doumbia;AMF;74
45095;M. Lacava;RMF;68
45106;M. Gorgelin;GK;71
45111;M. Coulibaly;CMF;71
45113;D. Foulquier;RB;72
45120;K. Lala;RB;75
45124;N. Collins;CB;77
45130;D. McNeil;LMF;77
45134;B. Davies;LB;74
45137;W. Gnonto;LWF;75
45142;T. Fruk;AMF;76
45144;B. Leno;GK;80
45181;A. Faye;CB;69
45182;J. Akpa-Akpro;CMF;73
45196;M. Bianchetti;CB;70
45238;H. Ekdal;CB;71
45247;J. Branthwaite;CB;78
45254;J. Freytes;CB;72
45290;Íñigo Martínez;CB;83
45292;N. Törnqvist;GK;74
45300;M. Valoti;CMF;70
45334;F. Vázquez;AMF;76
45338;B. Dieng;CF;74
45351;Marçal;LB;69
45356;L. Paredes;DMF;80
45358;K. Zenón;LMF;72
45386;Bigas;CB;76
45392;Gustavo Marques;CB;68
45402;D. Bakwa;RWF;74
45438;W. Davi;DMF;64
45442;J. De Lange;GK;74
45448;A. Kouassi;LB;71
45454;N. Arena;CB;66
45457;G. Nunes;LMF;71
45463;K. Schade;LWF;79
45467;É. Lira;DMF;76
45507;Gilberto;CF;67
45576;I. Marcone;DMF;72
45579;H. Nervo;CB;72
45582;L. López;CB;75
45633;Alex Santana;CMF;71
45641;Allan;DMF;76
45660;L. Barraza;GK;68
45661;G. Obredor;CF;66
45664;I. Zufiaurre;LWF;66
45668;I. Machuca;RMF;71
45669;M. Di Cesare;CB;73
45674;F. Armani;GK;75
45685;J. Quintero;AMF;77
45690;L. Angulo;LWF;72
45756;G. Gómez;CB;79
45758;M. Pellegrino;CB;73
45780;B. Ndiaye;CMF;62
45788;M. Araujo;CB;70
45802;Á. Montoro;AMF;74
45807;G. Silva;LB;67
45809;D. Rodríguez;DMF;69
45823;M. Vecino;CMF;77
45831;R. Castillo;CF;76
45832;S. Cristóforo;DMF;68
45868;R. Ortiz;DMF;71
45962;Willian José;CF;76
45993;Marquinhos;CB;86
46012;Caio Paulista;LB;65
46021;Gabriel;DMF;74
46023;Vitinho;LWF;72
46025;Jádson;CMF;71
46037;Bernard;LMF;73
46049;Wanderson;LWF;74
46062;L. Jaquez;CB;71
46093;Pierre;CMF;66
46153;F. Magri;CF;73
46208;Mandaca;CMF;73
46218;P. Lienhart;CB;70
46221;Matheuzinho;RWF;72
46237;William Arão;DMF;75
46303;Gabriel;AMF;74
46327;Fernando;CF;70
46332;Renê;LB;72
46350;Marcos Vinícius;RB;65
46373;Éverton Ribeiro;AMF;75
46423;B. Humphreys;LB;73
46453;Camutanga;CB;67
46458;Igor Cariús;LB;66
46466;A. Mandi;CB;76
46472;O. Baumann;GK;84
46487;F. Thauvin;RWF;81
46498;D. Sidibé;RB;74
46507;Lucas Oliveira;CB;66
46536;J. Ward-Prowse;CMF;73
46570;Y. Yotún;CMF;72
46611;M. Dória;CB;67
46614;Lucas Silva;DMF;74
46635;P. Fernández;DMF;68
46637;M. Icardi;CF;79
46642;Van Der Brempt;RB;71
46647;T. Meunier;RB;76
46666;Iago Aspas;CF;81
46694;N. Stanciu;AMF;70
46720;J. Mangondo;CF;60
46722;A. Dioussé;DMF;69
46737;F. Hanin;LB;70
46741;M. Fernandes;AMF;79
46752;Fabiano;RB;71
46755;R. Pepi;CF;76
46765;Perotti;CF;66
46774;Nuno Tavares;LB;74
46780;Pablo Barrios;CMF;82
46788;R. De Galarreta;DMF;78
46812;Igor Julio;CB;75
46815;Ederson Moraes;GK;86
46816;Miguelito;AMF;70
46825;E. Can;DMF;82
46829;M. Río;CMF;74
46850;J. Veltman;RB;77
46862;R. Schmid;AMF;72
46866;M. De Roon;DMF;79
46873;U. Saqid;CF;75
46879;M. Depay;CF;79
46894;Jefté;LB;70
46897;A. Oviedo;CF;68
46918;G. Verón;RMF;68
46950;N. Ahamada;CMF;70
46951;C. Summerville;LWF;78
46952;O. Sow;RWF;72
46959;Martinelli;DMF;76
46978;R. Hernandes;AMF;68
46989;M. Kudus;LMF;82
46990;C. Rivera;DMF;69
46992;I. Poveda;RWF;70
47012;K. Coronel;RB;64
47046;A. Thomasson;CMF;79
47049;R. Ghezzal;RWF;74
47051;A. Rabiot;CMF;86
47070;L. Shaw;LB;76
47080;A. Ararat;CMF;66
47100;J. Medina;DMF;57
47114;A. Murić;GK;76
47115;João Mário;RB;76
47128;Rafael Tolói;CB;73
47129;João Schmidt;DMF;69
47132;C. Volpato;AMF;71
47134;S. Perciun;CMF;59
47136;P. Castro;AMF;72
47143;W. Falcone;GK;85
47148;R. Mundle;LWF;71
47152;S. Baidoo;CB;75
47162;S. Kolašinac;CB;78
47175;O. Kouassi;CB;60
47179;P. Dybala;SS;82
47182;Alef Manga;LWF;70
47183;Alberto Reina;CMF;73
47184;Marc Casadó;DMF;77
47190;A. Romagnoli;CB;81
47194;M. Caqueret;CMF;77
47207;Álex Padilla;GK;71
47215;Rui Silva;GK;83
47237;P. Gazzaniga;GK;79
47238;N. Clyne;RB;71
47242;Kepa;GK;81
47243;G. Duarte;RWF;66
47246;L. Palavecino;DMF;61
47250;Adrián;GK;73
47251;Vivian;CB;81
47252;C. Lykogiannis;LB;72
47267;David Carmo;CB;74
47269;N. Ferraresi;CB;71
47286;J. Pickdord;GK;87
47287;H. Kane;CF;90
47334;A. Ouattara;RWF;72
47347;R. Benítez;AMF;68
47357;Areso;RB;74
47374;P. Zieliński;CMF;80
47396;M. Brozović;DMF;79
47398;K. Asllani;DMF;73
47405;Jonny;RB;75
47406;Joan García;GK;88
47409;Lordkipanidze;CMF;60
47415;A. Alonso;CF;66
47419;M. Colin;RB;69
47429;N. Maupay;CF;74
47431;E. Dier;CB;76
47433;A. Gomes;CMF;77
47434;Diogo Costa;GK;87
47437;P. Ciss;DMF;78
47456;Luciano;SS;75
47464;C. Ndaba;LB;66
47522;A. Laporte;CB;81
47524;F. Lejeune;CB;77
47527;R. Rodin;CF;58
47529;B. Samba;GK;80
47532;N. Goitea;CB;65
47540;Rafael Santos;GK;67
47550;K. Johnsson;GK;70
47557;H. Galíndez;GK;77
47565;Pablo Maia;DMF;73
47566;M. Viña;LB;73
47568;Paulinho Paula;CMF;72
47569;I. Doukouré;CB;76
47583;L. Janson;LWF;70
47586;J. Torres;CF;73
47589;É. Godoy;CB;73
47594;R. Botta;AMF;72
47596;M. Vincentini;GK;64
47630;R. Alhassane;LB;68
47633;V. Krapyvtsov;GK;64
47640;A. Trusty;CB;73
47644;B. Cabrera;CF;63
47645;B. Garré;RMF;69
47648;R. Di Gennaro;GK;71
47653;D. Giraldo;DMF;68
47659;Dudu;DMF;66
47671;B. Bustos;GK;67
47675;M. Bianqui;CMF;66
47723;A. Vega;LWF;77
47727;Alex Telles;LB;74
47745;B. Oviedo;CB;64
47759;Giovane;RWF;69
47775;D. Silva;AMF;71
47785;J. Stones;CB;80
47787;João Cancelo;RB;82
47795;S. Rodríguez;AMF;73
47812;Ronald;CMF;68
47813;M. Zaldivia;CB;69
47814;D. Benedetto;CF;69
47825;L. Romero;DMF;76
47830;L. Magallán;CB;72
47833;D. Aquino;LMF;69
47834;M. Casco;LB;74
47836;R. Rey;GK;76
47837;R. Sosa;LMF;75
47872;Carvalheira;DMF;72
47911;G. Costantini;CMF;61
47929;L. Gómez;CMF;63
47933;J. García;RB;74
47934;M. Miranda;AMF;65
47941;L. Amadé;GK;68
47959;B. Cortés;GK;74
47988;C. Vargas;GK;76
47999;D. Torres;DMF;72
48009;Á. Romero;RWF;75
48056;V. Cuesta;CB;70
48129;L. Díaz;LWF;86
48142;F. Pereyra;CB;72
51511;R. Villagra;DMF;71
51522;C. Dorador;GK;58
53383;F. Salazar;RMF;71
53384;B. Gutiérrez;RB;60
53387;D. Caicedo;RWF;69
53389;B. Chandía;LMF;66
53451;N. Rodríguez;RMF;68
53453;D. Rivera;CB;68
53474;J. Guerrero;RB;69
53475;R. Lagos;LB;67
53476;J. Cuenú;CB;67
53520;F. Ángel;CMF;69
53589;J. Méndez;CMF;72
53591;L. González;RMF;69
53792;L. Castro;CF;72
53798;F. Wiegele;GK;61
53799;L. Escorcia;CB;60
53800;A. Schlager;GK;66
53801;P. Pentz;GK;65
53906;J. Alfaro;RB;63
53913;S. Serdar;CMF;76
53914;S. Baždar;CF;62
53915;D. Burnić;DMF;69
54056;R. León;GK;64
54067;D. Pereira;CF;60
54113;M. Zepeda;CMF;58
54118;M. Jurkaš;GK;65
54119;N. Lodeiro;AMF;71
54120;J. Lukić;CF;80
54121;A. Cantero;LB;67
54123;E. Mahmić;AMF;71
54124;I. Bašić;CMF;78
54163;M. Caicedo;CB;64
54165;O. Gill;GK;70
54166;C. Haydar;CB;69
54167;Y. Cuevas;CF;62
54168;L. Couture;CMF;66
54169;M. Morales;LB;64
54247;N. Süle;CB;76
54255;P. García;RMF;68
54257;D. Undav;CF;81
54266;H. Camara;CF;66
54348;E. Delmás;LWF;61
54351;G. Celis;DMF;72
54356;R. López;LMF;65
54357;J. Carvajal;CF;61
54364;M. Kempf;CB;75
54376;F. Bjørkan;LB;75
54377;H. Falchener;CB;69
54378;S. Langås;CB;69
54379;E. Selvik;GK;71
54380;M. Keller;GK;74
54383;J. Escobar;DMF;67
54384;R. Briones;CMF;70
54385;A. Bravo;CB;62
54386;E. Ruiz;LB;61
54387;Y. Garcés;CF;63
54388;P. Mercado;CMF;75
54389;J. Arroyo;DMF;64
54390;B. García;AMF;65
54391;A. Rodríguez;LMF;70
54392;T. Serrago;AMF;69
54393;J. Medina;CF;73
54394;M. Cáceres;CMF;71
54395;D. Novoa;GK;72
54396;L. Zárate;CB;73
54397;R. Schunke;CB;73
54399;J. Cazares;AMF;73
54400;M. Fernández;RB;72
54401;E. Pata;RWF;69
54403;J. Lerma;LMF;67
54404;J. Sornoza;AMF;74
54405;A. Córdoba;CB;62
54416;Omar Mascarell;DMF;73
54422;F. De La Vega;CF;66
54423;J. Hauge;LMF;75
54424;T. Aasgaard;AMF;70
54425;P. Berg;DMF;77
54428;Riquelme F.;AMF;63
54429;J. Patiño;LB;65
54440;S. Al-Nasser;LMF;65
54441;A. Silva;CMF;70
54445;J. Gbamin;CB;71
54446;M. Navarro;LB;69
54447;Y. Belammari;LB;71
54451;M. Saâdane;CB;73
54602;P. Ortiz;DMF;63
54659;N. Al-Sharari;CB;67
54670;D. Torrico;LMF;65
54671;J. Valencia;DMF;71
54674;S. Haqawi;CF;55
54675;M. Akliouche;RMF;80
54676;K. Silva;CB;69
54677;Y. Ayari;AMF;80
54679;G. Schiavone;GK;67
54680;Y. Quiñónez;LWF;66
54698;P. Aquino;DMF;72
54701;Estêvão;RMF;80
54721;A. Malić;CB;81
54722;M. Zlomislić;GK;68
54723;K. Alajbegović;LWF;60
54724;I. Šunjić;DMF;64
54725;B. Tahirović;DMF;68
54726;A. Memić;RWF;80
54727;A. Dedić;RB;69
54732;Allan;DMF;70
54744;Hadžiahmetović;DMF;73
54745;S. Guirassy;CF;86
54746;Bajraktarević;RWF;68
54747;N. Mujakić;CB;59
54748;S. Radeljić;CB;81
54749;A. Gigović;CMF;68
54753;B. Pavard;CB;79
54756;Gonçalo Ramos;CF;80
54757;J. Brekalo;LMF;74
54761;F. Monzón;CF;72
54771;Tiago;LMF;65
54787;Mayke;RB;69
54790;A. Salah-Eddine;LB;74
54791;S. Posch;RB;73
54792;R. Halhal;CB;66
54793;A. Tagnaouti;GK;72
54794;M. El Kajoui;GK;75
54795;Z. El Ouahdi;RB;78
54798;Marcos Rocha;RB;71
54807;J. Castillo;DMF;73
54809;G. Plata;RWF;77
54810;A. Tobar;CMF;72
54814;De Los Santos;RWF;73
54820;I. Alba;RB;68
54821;L. Giossa;GK;67
54822;E. Tamiche;LB;60
54823;B. Sávio;AMF;71
54824;D. Retamal;CB;63
54825;B. Duarte;RB;60
54826;E. Mosquera;LWF;69
54827;D. Arroyo;CB;59
54828;A. Terrazas;AMF;66
54829;Y. Del Valle;LWF;68
54830;F. Salomoni;LB;66
54832;A. Castro;LWF;69
54833;C. De Las Salas;LB;66
54834;L. Yanarico;CB;61
54835;A. Bahachille;CMF;68
54836;J. Hurtado;CF;63
54837;M. Alonso;LMF;66
54838;E. Monteiro;CF;62
54839;Y. Orozco;LWF;70
54840;B. Castro;RWF;68
54841;G. Charrupí;CMF;69
54842;J. Fuentes;CB;68
54843;B. Gazzolo;CB;68
54844;G. Vargas;CB;69
54845;M. Parrales;CF;71
54846;A. Alfonzo;CB;59
54848;B. Tamayo;CB;65
54849;J. Cuero;RB;65
54850;L. Abreu;AMF;61
54851;L. Soza;RB;68
54852;I. Aliseda;LMF;74
54853;M. Fernández;CB;68
54854;N. Eliseche;DMF;60
54855;D. Escobar;RB;63
54856;D. Mendoza;DMF;66
54857;D. Corral;RWF;60
54858;C. Cuevas;LMF;69
54859;F. Zampedri;CF;74
54860;C. Montaño;DMF;69
54861;C. Valencia;CB;60
54862;U. Garcia;LB;71
54863;E. Bores;GK;67
54864;L. Vargas;LB;61
54865;F. Noguera;CF;59
54876;A. Al-Hamdan;CF;67
54884;Michael;LMF;76
54974;Luighi;CF;65
55037;S. Al-Ghannam;RB;72
55038;A. Al-Amri;CB;70
55043;N. Boushal;RB;69
55045;A. Al-Hassan;DMF;64
55046;S. Al-Najei;SS;63
55047;N. Al-Aqidi;GK;71
55051;A. Al-Khaibari;DMF;69
55052;A. Yahya;RWF;71
55053;A. Ghareeb;LMF;67
55055;M. Marran;CF;63
55056;B. González;CMF;60
55076;A. Arce;AMF;64
55118;G. Paiva;CF;71
55119;J. Canchimbo;RWF;64
55128;B. Castrillón;LWF;69
55129;D. Moreno;DMF;72
55301;K. Lomónaco;CB;75
55400;A. Aman;LB;54
55411;T. Viera;CB;63
55412;D. Montenegro;RB;64
55416;K. Mendoza;CMF;63
55421;C. Martínez;CMF;64
55426;M. Iacobellis;RMF;68
55432;J. Meza;LWF;67
55435;E. Naya;CF;65
55437;J. Goicochea;CF;60
55441;D. García;LMF;72
55443;J. Portilla;DMF;72
55521;Y. Chará;RMF;75
55522;M. Torres;CF;69
55523;A. Cabellos;LB;61
55527;A. Burlamaqui;DMF;65
55528;Y. Murillo;RWF;65
55530;N. Johansen;CF;66
55531;J. Guzmán;CMF;64
55532;A. Duarte;GK;70
55533;E. Noriega;CB;73
55538;J. Moretti;RWF;60
55543;J. Rodríguez;GK;61
55545;P. Ceppelini;AMF;70
55644;A. Marchesín;GK;76
55646;P. Durán;RWF;65
55650;S. Morales;AMF;57
55651;R. Sailor;CB;66
55652;P. Rodríguez;AMF;62
55653;N. Allen;LB;64
55654;I. Fray;CB;65
55656;G. Lucero;LB;60
55657;T. Avilés;CB;71
55661;D. Gómez;CMF;76
55664;A. Al-Jaber;CMF;64
55666;L. Campana;CF;72
55667;D. Ruiz;DMF;66
55694;Á. De La Cruz;GK;64
55695;J. García;CB;62
55696;F. Castro;CMF;71
55697;J. Mina;LB;73
55705;J. Fuentes;CF;64
55706;J. Perlaza;LB;69
55708;M. Puerta;RB;68
55709;J. Valencia;LWF;66
55710;F. Saucedo;CMF;68
55711;R. Piñeiro;RWF;68
55712;J. Nieto;CMF;71
55713;C. Salgado;CB;56
55716;J. Gutiérrez;LMF;70
55718;N. Benegas;CF;69
55719;C. Gómez;RB;63
55720;J. Peña;CB;72
55721;L. Aponte;CB;70
55722;J. Mosquera;LB;63
55723;J. Mena;CB;68
55724;A. Gutiérrez;RB;68
55727;F. Castañeda;AMF;69
55728;F. Hinestroza;LMF;71
55729;M. Valenzuela;LB;65
55730;A. Quintana;GK;74
55731;J. Velásquez;CB;59
55732;C. Romaña;CB;66
55733;C. Henao;CB;68
55735;L. Flores;DMF;68
55736;L. Díaz;CB;62
55737;F. Sambueza;RMF;73
55738;D. Chávez;CMF;70
55739;K. Londoño;RMF;69
55740;E. Wiemberg;LB;67
55741;L. Pons;CF;70
55743;J. Vásquez;RMF;70
55744;E. Correa;GK;78
55745;Dedé;CB;71
55746;L. Quintana;CB;69
55747;L. Palacios;RB;68
55748;D. Gratzia;LB;68
55749;A. Roca;DMF;70
55750;P. Espiga;CMF;71
55751;M. Mejía;AMF;72
55752;G. Moreti;AMF;78
55753;R. Flores;CF;70
55754;L. Guevara;CF;75
55755;V. Toledo;GK;75
55756;R. Fierro;GK;71
55757;M. Gauna;CB;69
55758;J. Velázquez;RWF;56
55759;E. Vaca;LB;64
55760;Catorce;CMF;67
55761;M. Galo;CMF;69
55762;C. Montero;DMF;71
55763;J. Vidal;AMF;74
55764;A. Garrido;SS;69
55765;Alfa;CF;69
55766;F. Aragón;CF;72
55769;R. Banegas;GK;66
55770;R. Mina;CB;70
55771;R. Adé;CB;75
55772;Y. Erique;LB;64
55773;D. Aimar;CB;66
55774;K. Minda;DMF;69
55776;L. Alzugaray;RWF;74
55777;L. Riveros;CF;66
55779;M. Estrada;CF;73
55780;G. Valle;GK;77
55781;A. Villa;GK;62
55782;G. Allala;CB;68
55783;C. Esparragoza;CMF;70
55784;D. De La Cruz;RB;71
55786;A. Alvarado;LWF;71
55787;M. Díaz;LWF;63
55788;Bruno Rodrigues;LWF;70
55789;F. Mina;LWF;63
55791;A. Cabeza;CF;66
55792;L. Quiñónez;LB;74
55794;J. Vargas;CB;72
55795;F. Charrupí;AMF;65
55797;G. González;DMF;71
55798;C. Ramos;DMF;65
55800;J. López;AMF;62
55801;J. Cuesta;LWF;67
55802;J. Berríos;RWF;68
55803;F. López;CMF;66
55804;R. Hernández;LWF;65
55805;D. Gil;GK;65
55806;F. Solé;DMF;69
55808;D. Osio;CB;69
55809;M. Guaramato;RB;69
55810;M. Pernía;LB;68
55811;F. Oliveros;LB;58
55813;J. Archimbaud;DMF;71
55814;V. Rodríguez;DMF;67
55815;D. De Sousa;RWF;61
55816;N. Villarreal;CF;66
55817;M. Ruiz;RMF;63
55818;F. Ruíz;RWF;63
55824;E. Rodríguez;GK;61
55831;B. Silva;AMF;62
55835;J. Cornejo;LB;64
55836;F. Nava;RWF;67
55837;M. Lugo;CMF;69
55838;J. Medina;CMF;65
55840;J. Riasco;CF;62
55843;J. Maraude;AMF;65
55844;L. Marquinez;GK;66
55845;S. García;CB;67
55846;J. Arias;CB;69
55847;J. Hernández;LB;61
55848;J. Rivas;CMF;72
55849;C. Riquelme;LB;63
55851;F. Marchant;AMF;66
55852;E. Castillo;LMF;73
55854;V. Pierani;CB;62
55855;J. Espinoza;RB;68
55856;J. Gómez;DMF;64
55857;W. Tesillo;CB;73
55858;S. Muhlethaler;RWF;64
55859;D. Banguero;LB;68
55860;P. Lavandeira;CMF;67
55862;M. Sosa;RWF;68
55863;M. Fernández;RMF;63
55864;F. Catarozzi;CMF;67
55865;J. Córdoba;RMF;68
55867;C. Ebere;CF;68
55894;Á. Campos;GK;67
55896;C. Sarabia;RB;64
55897;J. Angulo;RWF;67
55900;F. Ibarra;DMF;77
55902;M. Pellegrini;LMF;73
55905;F. Zenobio;GK;71
55906;S. Viveros;CMF;62
55907;S. Valencia;LB;69
55908;Cleiton;CB;64
55910;M. Martínez;DMF;71
55911;D. Quintero;SS;70
55913;T. O'Connor;CMF;72
55944;J. Soto;GK;70
55945;O. Bertel;LB;67
55946;M. Caicedo;CB;62
55947;K. González;CMF;62
55948;J. Sánchez;GK;64
55949;Y. Candelo;RB;70
55950;M. Castillo;LMF;65
55951;L. Paz;DMF;66
55952;E. Peralta;SS;62
55953;C. Barrios;RWF;72
55954;L. Ramos;CF;68
55955;S. Silva;GK;69
55956;E. Villanueva;GK;61
55957;J. Pestaña;CB;70
55958;C. Tovar;CB;67
55959;É. Balanta;DMF;72
55960;F. Leys;DMF;71
55961;R. Carrascal;CMF;71
55962;S. Navarro;AMF;70
55963;F. Gulli;AMF;65
55964;J. Murillo;RWF;74
55965;J. Lucumí;RWF;66
55966;R. Holgado;CF;70
55967;A. Mosquera;CB;68
55969;S. Lentinelly;GK;70
55970;M. Rea;CB;68
55971;N. Cabral;CB;66
55972;F. Perdomo;RB;67
55973;N. Arévalo;DMF;68
55974;D. Victoria;CMF;64
55975;E. Forclaz;RMF;65
55976;F. Núñez;LWF;58
55977;R. Machado;CF;65
55978;D. Ordóñez;CB;54
55980;E. Márquez;GK;64
55981;C. Zavala;RWF;68
55982;A. Cayetano;LB;68
55983;E. Castillo;LB;68
55984;K. Amaro;RB;69
55985;N. Giraldo;LB;67
55986;G. Nápoli;CMF;71
55987;A. De Luca;RWF;61
55988;M. Ríos;DMF;64
55990;L. Acosta;CF;68
55991;Y. Perlaza;RB;65
55992;S. Milano;DMF;64
55993;S. Acuña;CF;63
56019;N. Volpi;GK;70
56022;L. Berrío;CMF;69
56024;H. Loboa;DMF;67
56025;M. Núñez;DMF;68
56026;E. Mena;RB;68
56027;S. Guzmán;DMF;69
56029;Léo Pereira;CB;79
56031;K. Pérez;RWF;68
56033;J. Sagredo;CB;65
56034;A. Salazar;LB;65
56035;M. García;CMF;71
56036;S. Martín;RB;62
56037;A. Román;RB;71
56039;J. Castro;RB;71
56040;C. Cañozales;LWF;63
56041;L. Assadi;AMF;74
56042;K. Toscano;DMF;67
56043;J. Zapata;CMF;69
56045;C. Izquierdoz;CB;74
56046;A. Araque;GK;66
56047;I. Perruzzi;DMF;68
56048;L. Acevedo;CB;68
56049;J. Requena;CMF;69
56050;M. Rabuñal;DMF;70
56051;C. Calzadilla;CMF;68
56052;J. Ortíz;RMF;66
56054;S. Lomónaco;CF;65
56055;J. Martínez;GK;71
56056;D. Enríquez;GK;74
56058;D. Saggiomo;AMF;66
56059;N. Hernández;RB;72
56060;G. Lozano;CMF;63
56061;L. Wasilewsky;CMF;64
56062;A. Oroz;RMF;67
56063;M. Cova;CMF;70
56064;B. Castillo;CF;70
56065;D. Díaz;CMF;64
56066;J. Castillo;RMF;65
56067;D. Soto;CMF;67
56097;V. Fascendini;CB;67
56104;R. Perlaza;LMF;63
56105;L. Garzón;GK;65
56113;Y. Vásquez;CF;64
56118;I. Poblete;CMF;69
56120;N. Fernández;RB;67
56122;S. Navarro;RB;64
56129;J. Enamorado;LMF;70
56130;J. Angulo;LB;67
56131;T. Martínez;AMF;68
56133;A. Díaz;LB;65
56134;J. Navia;LB;62
56136;J. García;AMF;62
56137;J. Uzeda;LWF;66
56139;W. Asprilla;GK;67
56140;S. Paz;GK;59
56141;V. Moreno;CB;70
56142;J. Godoy;CF;68
56143;L. Cano;LWF;68
56145;M. Maidana;CB;68
56148;N. Sansotre;RB;67
56150;D. Tonetto;CMF;66
56151;R. Pérez;DMF;68
56153;L. Di Placido;RB;68
56155;A. Lastra;GK;63
56157;T. Ostchega;LB;67
56162;A. Uribe;CF;68
56163;M. Reali;RWF;69
56165;F. Suárez;CF;65
56168;I. Russo;CF;70
56169;N. Manganelli;GK;61
56171;J. Vera;CB;67
56172;A. Barrionuevo;CB;72
56173;N. Caro Torres;CB;65
56174;P. Ramírez;RB;64
56175;F. Miretti;CMF;74
56178;P. Monje;CMF;68
56181;R. Borja;CF;58
56182;Y. Goitía;DMF;69
56183;N. Fagioli;CMF;74
56184;F. Gatti;CB;81
56185;P. Bonilla;RB;67
56188;L. Landriel;CMF;61
56190;A. Vigo;RB;68
56215;O. Fernández;LMF;72
56218;L. Palacios;RWF;70
56219;J. Meléndez;RWF;65
56220;E. Murillo;DMF;71
56221;J. Torres;CMF;68
56225;A. Mosquera;GK;73
56226;Matheus Cunha;GK;71
56227;I. Scarpeta;CB;69
56230;J. Obrian;RWF;71
56232;K. Toscano;DMF;64
56234;Y. Velásquez;DMF;72
56235;H. Rodallega;CF;72
56236;L. Segovia;CB;67
56239;M. Vargas;GK;69
56240;J. Marchio;CB;62
56241;A. Calderón;GK;61
56242;R. Guzmán;CB;63
56243;P. Reyna;LB;67
56245;D. Ulloa;LB;63
56246;J. Murrugarra;DMF;68
56249;J. Rivera;CF;69
56250;S. Britos;GK;71
56252;C. Inga;LB;72
56253;J. Concha;CMF;73
56254;M. Sosa;RMF;61
56255;J. Colmán;LMF;65
56257;R. Arace;RWF;68
56258;F. Barone;CF;63
56260;T. Caballero;CF;65
56261;R. Ureña;DMF;72
56263;L. Monzón;CB;69
56312;Y. Moreno;RB;66
57123;M. Salah;RWF;88
57133;Y. Bounou;GK;85
57156;L. Cardozo;CB;57
57201;J. Ardaiz;CF;65
57212;D. Pereira;CMF;67
57214;M. Caillard;GK;68
57224;C. Paz;CB;67
57226;Jofre;RMF;74
57249;S. Ebonog;CMF;68
57255;M. Dupé;GK;76
57256;Wesley;RB;77
57257;N. Obougou;CF;62
57269;Aitor;LMF;71
57280;Khellven;RB;71
57292;L. Mpasi;GK;70
57304;S. Mané;LWF;83
57330;R. Jiménez;CF;78
57332;W. Geubbels;CF;73
57335;Y. Guzmán;AMF;70
57349;Gerard Moreno;CF;82
57350;Moi Gómez;CMF;77
57353;Carvajal;RB;83
57410;P. Albornoz;GK;59
57413;O. Scarles;LB;71
57418;Marllon;CB;68
57434;Rubens;RWF;63
57472;A. Valencia;RWF;66
57473;Jeremy;RWF;65
57474;J. Porozo;CB;73
57613;I. Sáez;GK;64
57619;B. Bentaberry;DMF;69
57622;J. Teze;RB;76
57624;E. Herrera;RB;64
57625;A. Canales;DMF;66
57633;K. Ouattara;LB;71
57634;A. Bouaddi;CMF;77
57636;Q. Merlin;LB;74
57637;J. Castellanos;AMF;66
57639;Á. Madrid;CMF;72
57641;D. Carrillo;LB;66
57642;M. Greenwood;RWF;82
57643;L. Camara;CMF;76
57644;K. Lukoszek;LMF;66
57645;Y. Rivas;RWF;64
57646;M. Salisu;CB;76
57647;A. Rambal;CB;69
57648;O. Valenzuela;DMF;65
57649;G. Peredo;RMF;69
57650;M. Sulbarán;RWF;62
57651;L. Colitto;LWF;69
57652;L. Haquín;CB;65
57653;M. Villarroel;CMF;66
57654;H. Cuéllar;DMF;68
57656;E. Morales;CB;64
57657;J. Vargas;LWF;64
57658;F. Cáceres;CMF;69
57674;A. Dos Santos;AMF;63
57677;M. Svoboda;CB;62
57678;P. Wanner;AMF;66
57679;S. Kalajdžić;CF;67
57680;J. Torres;AMF;68
57736;Y. Suárez;LB;68
57739;A. Vásquez;CF;67
57740;Marc Bernal;DMF;76
57743;F. Bais;LB;67
57749;E. Mbappé;RMF;73
57750;F. Balogun;CF;78
57893;J. Chancellor;CB;66
57895;J. Sagredo;CB;68
57897;G. Villamíl;CMF;71
57898;T. Palacios;RMF;73
57901;E. Tortolero;LWF;67
57902;R. Gómez;CB;67
57904;S. Góngora;RWF;61
57908;Y. Ochoa;AMF;61
57910;D. Romero;RB;67
57911;M. Céliz;CMF;73
57913;M. Mamani;RWF;62
57914;J. Vélez;AMF;67
57915;A. Quiroga;CB;66
57916;H. Palacios;RB;69
57917;A. Serna;CMF;69
57918;J. Sarmiento;RWF;70
57919;J. Viveros;RB;58
57920;F. Chaverra;LMF;74
57922;J. Montaño;LWF;63
57923;G. Mancilla;LWF;56
57925;N. Rodríguez;CB;67
57926;E. Cetré;LMF;74
57929;L. Fioravanti;DMF;65
57930;E. Larrosa;CF;64
57931;J. Ríos;DMF;71
57937;L. Bucca;CMF;68
57938;R. Melgarejo;CB;63
57939;D. León;LB;64
57940;J. Morel;DMF;71
57941;P. Da Motta;DMF;73
57943;W. Viera;DMF;68
57944;D. González;CMF;61
57945;B. Bosch;RMF;64
57947;G. Carneiro;CF;72
57948;L. Quintana;CB;68
57949;M. Pérez;CB;74
57951;L. Vásquez;GK;66
57954;A. Fariña;AMF;63
57955;J. Rattalino;DMF;60
57956;P. Vera;SS;66
57957;Chico Da Costa;CF;71
57959;S. Araujo;CF;72
57962;J. Alegría;CF;65
57964;Victor Gabriel;CB;70
57966;Vanderlan;LB;65
57973;K. Adeyemi;RWF;82
57974;R. Fernández;GK;74
57977;N. Durán;GK;62
57978;K. Jorge;CF;76
57979;M. Soulé;RWF;80
57980;M. Puig;DMF;62
57983;V. Poggi;CMF;70
57985;E. Lopez;RWF;71
57986;D. Flores;LB;66
57987;M. Miljevic;AMF;74
57988;A. Parra;CF;71
57989;M. Mejía;RWF;62
57990;S. Núñez;SS;64
57992;C. Ramírez;CF;66
57993;S. Rivero;CMF;66
57996;E. Valencia;LWF;69
57997;G. Chiaverano;LMF;61
57999;L. Sandoval;CF;70
58000;J. González;RMF;69
58004;F. Zamora;CB;54
58010;Raul Steffens;GK;64
58021;F. Gino;CMF;67
58027;E. Bello;RMF;70
58029;A. Vombergar;CF;71
58033;L. Millán;AMF;69
58035;D. Medina;RB;66
58037;T. Cavanagh;LB;66
58044;T. Ramírez;CB;69
58046;C. Rodríguez;RB;61
58047;C. Medina;RB;58
58049;J. Cevallos;GK;70
58058;D. Capdevila;GK;61
58059;J. Aguirre;CB;70
58060;J. Millán;CB;73
58061;G. Varela;RB;77
58062;E. Ancheta;RB;70
58063;N. Rodríguez;RB;71
58065;C. Oliva;DMF;71
58066;E. Mereles;LWF;66
58069;L. Mejía;GK;74
58070;I. Suárez;GK;67
58071;P. Calione;CB;61
58072;G. Báez;LB;72
58073;F. Waller;LMF;72
58075;M. Pereyra;AMF;68
58076;D. López;CF;75
58078;B. Arady;LWF;65
58079;L. Villalba;RWF;70
58080;M. Bergara;AMF;60
58087;J. Intriago;CMF;71
58091;R. Fernández;LB;68
58092;C. Sejas;CMF;67
58093;S. Flores;CB;65
58094;J. López;GK;56
58096;C. López;LB;57
58099;C. Alemán;AMF;68
58100;H. Butrón;CB;59
58102;M. Galindo;DMF;62
58106;Y. Del Valle;AMF;60
58111;M. Montenegro;CMF;62
58118;K. Flórez;RWF;65
58120;J. García;AMF;68
58121;A. Forneris;DMF;65
58125;J. Saucedo;LMF;55
58127;N. Freire;CB;67
58128;C. Villalba;CMF;70
58131;M. Suárez;CB;65
58136;M. Paniagua;LMF;64
58142;N. Sumavil;GK;62
58145;R. Gómez;RB;62
58147;E. Martínez;DMF;72
58156;E. Godoy;CMF;63
58157;R. Saravia;DMF;67
58158;A. Martínez;LMF;69
58159;F. Bregante;LB;61
58160;A. Benítez;RB;69
58161;F. Peralta;DMF;67
58163;F. Fagúndez;SS;70
58164;D. Vergara;LWF;73
58165;M. Fonseca;CF;66
58167;J. Angulo;CB;69
58169;T. Lavezzi;AMF;57
58171;Murilo Rhikman;DMF;62
58172;Kauã Prates;LB;63
58173;M. Agámez;DMF;60
58174;S. Segovia;AMF;60
58175;J. Duarte;CF;60
58178;Y. Cumaná;LMF;66
58181;P. Garrido;GK;60
58192;J. Angulo;CF;62
58193;M. Perelló;RWF;71
58198;S. Mosquera;CB;68
58199;A. Balboa;CF;72
58206;C. Ortiz;CF;67
58207;E. Freita;CB;63
58208;Y. Rocha;RB;66
58209;T. Rodríguez;LB;64
58210;J. Rodríguez;CB;70
58211;N. Herrera;CB;72
58212;L. Hernández;LB;68
58213;T. Villalba;RMF;68
58214;P. Milans;RB;71
58215;Á. Marchese;LB;61
58216;Y. Mamani;CMF;56
58217;I. Gariglio;CB;66
58218;R. Ramírez;CB;66
58219;L. Paz;RB;62
58220;G. De Amores;GK;67
58221;K. Morgan;GK;61
58222;B. Salinardi;CF;62
58223;S. Echeverría;CB;67
58224;J. Zapata;SS;70
58227;J. Méndez;CB;70
58229;Y. Hurtado;RB;69
58230;K. Pinargote;GK;63
58231;F. Juárez;DMF;65
58232;B. Castillo;RB;73
58234;W. Vargas;RB;68
58235;Leonai;DMF;70
58236;G. Cortez;AMF;71
58237;J. Rojas;LMF;68
58239;C. Solano;LMF;68
58240;De Arruabarrena;GK;76
58241;B. Carabalí;RB;71
58242;O. Salomón;CB;68
58243;X. Arreaga;CB;70
58245;J. Trindade;DMF;71
58246;J. Gómez;RMF;66
58247;B. Oyola;LMF;73
58248;J. Corozo;RWF;76
58249;D. Arroyo;DMF;71
58250;J. Valiente;AMF;68
58251;A. Chalá;LB;70
58254;G. Olveira;GK;76
58255;L. Verza;GK;66
58256;J. Barreto;CB;71
58257;A. Alcaraz;CF;71
58258;T. Morinigo;LMF;61
58259;A. Paredes;LB;65
58261;J. Velásquez;CF;64
58264;D. Romero;CF;69
58266;C. Olmedo;RB;64
58268;A. Franco;CMF;66
58269;H. Fernández;LWF;71
58270;E. López;LWF;68
58271;J. Dominguez;CMF;69
58272;L. Martínez;CF;58
58273;P. Rodríguez;LWF;67
58276;J. Vieira;CF;73
58279;K. Angulo;CF;57
58280;H. Castillo;GK;69
58281;Ó. Quiñónez;CB;67
58284;L. Zabala;CB;61
58285;E. Darias;CMF;71
58286;S. Velásquez;LB;69
58287;T. Santamaría;RB;68
58290;S. Fernández;CB;68
58291;L. Fuster;GK;58
58292;M. Rodríguez;CB;70
58293;R. Rodrigues;AMF;65
58295;J. Rengifo;AMF;68
58298;L. Umpiérrez;RWF;67
58302;F. Petroli;GK;74
58304;B. Calderara;LMF;64
58305;J. Candia;CF;67
58307;C. Arce;DMF;64
58309;C. Domínguez;LMF;70
58311;F. Mater;RB;68
58312;D. Zalazar;RWF;67
58315;N. Capraro;CB;66
58317;A. Cantero;AMF;72
58319;R. Herrera;DMF;67
58320;B. Reyna;LMF;73
58321;H. Rivera;CMF;69
58323;B. Sepúlveda;CF;69
58325;T. Cardozo;GK;75
58326;S. Delvalle;CB;59
58327;N. Giménez;CB;67
58329;F. Bussio;DMF;64
58330;H. Martínez;CMF;66
58331;M. Huamán;RMF;67
58334;I. Franco;RWF;67
58335;G. Aguilar;CF;66
58336;Á. González;GK;64
58337;T. Muro;AMF;63
58338;A. Troche;RB;59
58340;J. Romero;RMF;60
58341;I. Vásquez;AMF;63
58342;L. Sanabria;AMF;70
58343;H. Caballero;DMF;70
58344;D. Viera;CB;70
58345;C. Sosa;AMF;72
58346;R. Villalba;RWF;61
58348;S. Gassama;CF;65
58349;A. Velasco;CB;68
58350;N. Ramírez;CB;69
58351;T. Hall;CB;55
58352;M. Jacquet;CB;67
58353;C. Yucra;CMF;54
58354;D. Mercado;CMF;60
58355;C. Suárez;CMF;64
58356;J. Flores;LB;66
58360;A. Medina;DMF;70
58361;E. Gularte;CB;70
58362;J. Escobar;CB;68
58363;A. Cruz;LMF;68
58364;W. Saucedo;RB;66
58365;I. Boatwright;RB;55
58368;J. Contrera;RMF;65
58369;R. Sarli;CF;60
58397;J. Peñarrieta;GK;62
58398;S. Villarroel;CB;57
58399;E. Sánchez;CMF;66
58400;J. Saborido;RB;70
58401;J. Herrera;CMF;65
58402;H. Rodríguez;CMF;67
58403;J. Montenegro;RMF;65
58405;A. Ávalos;LMF;61
58406;M. De Lima;CF;63
58407;G. Salvatierra;GK;63
58408;M. Di Benedetto;CB;69
58409;G. Mendoza;LB;63
58410;R. Barbosa;CB;65
58413;B. Schamine;CMF;62
58414;R. Vargas;SS;67
58503;M. Ryan;GK;81
58636;V. Lazaro;RMF;75
58653;A. Milik;CF;78
58665;A. Bernabei;LB;73
58666;Santos;GK;74
58668;Manoel;CB;65
58674;Riquelme F.;RWF;61
58680;Jemerson;CB;68
58691;Gabriel P.;CB;77
58720;C. Kelleher;GK;81
58747;Thiago Mendes;DMF;76
58756;Walter;GK;79
58759;Gabi;CF;75
58765;L. Evangelista;CMF;74
58830;M. Solomon;LWF;76
58834;Rafa Marín;CB;74
58839;J. Giménez;CB;82
58840;Morales;CF;72
58842;D. Greif;GK;82
58843;Alberto Moreno;LB;74
58847;Gustavo Martins;CB;69
58849;Gabriel Delfim;GK;66
58858;Gustavo Neves;CMF;65
59179;E. Pulgar;DMF;79
59188;W. Alarcón;CMF;71
59201;J. Ingratti;CF;55
59206;M. Smarra;AMF;58
59229;F. Cornejo;CMF;73
59233;J. Meli;LB;68
59249;M. García;LMF;66
59256;F. Lorenzón;CB;65
59259;S. Inácio;SS;67
59261;Bruno;GK;74
59265;C. Baeza;DMF;74
59267;M. Arias;AMF;62
59269;E. Pavez;DMF;69
59288;Victor Hugo;RMF;72
59333;R. Cardines;LB;62
59335;Matheus Bidu;LB;73
59336;C. Roldán;RMF;77
59353;D. Melo;GK;64
59354;R. Riquelme;CB;66
59356;P. Díaz;CB;75
59358;Riquelme;LMF;75
59388;M. Romero;RMF;68
59393;J. Pérez;AMF;64
59399;Nonato;CMF;73
59400;Á. Cardozo;CMF;68
59407;Ó. Opazo;RB;66
59416;M. Almirón;RWF;76
59418;T. Asta-Buruaga;CB;69
59419;G. Guiffrey;CB;66
59421;S. González;AMF;68
59433;H. Bobadilla;SS;68
59443;B. Cerezo;RB;70
59445;R. Echeverria;DMF;75
59453;Nícolas;GK;69
59458;Jorginho;DMF;83
59459;L. Díaz;CF;70
59460;C. Mandas;GK;75
59465;F. Ceccherini;CB;70
59474;Dudu;RB;67
59476;C. González;CF;73
59481;D. Berardi;RWF;82
59484;L. Pavoletti;CF;68
59486;F. Schär;CB;81
59487;S. Liseth;CF;70
59493;Z. Abbott;CB;63
59507;Edu Ribeiro;CB;68
59526;Pablo;CF;69
59546;L. Hrádecký;GK;82
59547;P. Højbjerg;CMF;80
59590;C. Ngonge;RWF;72
59596;K. Tete;RB;77
59637;E. Guessand;RWF;76
59675;G. Siri;GK;66
59706;Iñaki Peña;GK;77
59714;A. Mac Allister;CMF;83
59715;J. Dinenno;CF;69
59749;Y. Bolasie;CF;69
59757;S. Sazonov;CB;72
59766;N. Aké;CB;80
59773;N. Madueke;RWF;79
59779;S. Soumano;CF;72
59782;N. Seiwald;DMF;73
59783;Mario Martín;DMF;73
59797;J. Murphy;RWF;79
59801;Y. Tielemans;CMF;84
59802;L. Dendoncker;DMF;73
59806;C. Mbemba;CB;75
59835;R. Guerreiro;LB;79
59839;M. Al Tamari;RMF;76
59840;L. Abergel;DMF;76
59842;M. Sanson;CMF;77
59848;T. Tati;CB;68
59927;F. Caicedo;CF;68
59934;M. Friedl;CB;66
59949;C. Zambrano;CB;71
59963;Mateus Carvalho;DMF;66
59964;J. Martínez;CF;73
59966;A. Abqar;CB;72
59993;Emerson;LB;74
60000;D. Laxalt;LB;72
60009;F. González;CF;64
60029;A. Werner;GK;70
60035;F. Fattori;DMF;75
60036;A. Sant'Anna;RB;70
60038;G. Iñíguez;CMF;66
60039;G. Reyna;AMF;72
60042;J. Ramírez;LMF;67
60043;L. Cano;CF;68
60059;G. Rulli;GK;83
60060;D. Zapata;CF;80
60062;G. Carrillo;CF;75
60066;J. Gauto;RWF;70
60068;J. Correa;LMF;72
60070;L. Diarte;LB;67
60071;C. Fiermarin;GK;73
60072;S. Rodríguez;CF;67
60096;G. Benavídez;RB;73
60109;W. Benítez;GK;79
60114;R. Bogarín;AMF;69
60132;F. Angileri;LB;70
60133;N. Colombo;CB;73
60134;F. Zuqui;CMF;72
60136;N. Orsini;CF;69
60143;L. Alario;CF;70
60151;G. Conti;CB;67
60152;P. Román;RMF;67
60167;M. Catalán;CB;73
60168;Á. Correa;RWF;79
60169;R. Contreras;CF;70
60171;L. Menossi;CMF;68
60175;Gabreil Brazão;GK;77
60184;E. Ojeda;DMF;70
60188;L. Lollo;CB;71
60198;G. Herrera;GK;75
60199;F. Álvarez;LB;65
60201;R. Saravia;RB;70
60203;E. Rigoni;RMF;72
60204;S. Solari;RWF;73
60213;M. Duarte;CMF;64
60218;A. Obando;LMF;67
60232;B. Zuculini;DMF;71
60234;C. Corvalán;CB;71
60235;L. Vietto;SS;72
60236;Gabriel Grando;GK;68
60238;J. Musso;GK;83
60241;R. De Paul;CMF;81
60242;D. Barrea;LMF;70
60246;E. Fernández;DMF;75
60250;T. Marchiori;GK;77
60252;J. Mavilla;AMF;66
60254;N. Pasquini;LB;67
60259;S. Berhalter;CMF;71
60265;A. Solari;RMF;68
60266;Benassi;GK;59
60272;I. López;GK;62
60273;F. Sánchez;DMF;60
60279;I. Ovando;CB;68
60293;D. Miloc;DMF;71
60299;N. Fernández;CMF;72
60308;M. Meza;RMF;72
60315;M. Łubik;GK;70
60325;F. Navarro;DMF;72
60331;F. Girotti;CF;73
60337;L. Gil;CMF;72
60345;C. Mafla;LB;70
60347;P. Cerutti;RWF;71
60351;F. Broun;GK;73
60355;F. Carrizo;AMF;70
60360;C. Ledesma;GK;78
60364;N. Domínguez;CB;69
60365;R. Delgado;LB;69
60366;M. Mansilla;GK;73
60372;W. Montoya;CMF;70
60373;M. Coronel;CF;72
60375;D. Fernández;CF;56
60380;L. Goretzka;CMF;82
60424;J. Mojica;LB;76
60425;Álvaro García;LWF;83
60431;R. Drâguşin;CB;75
60435;E. L. Quiñónez;RWF;61
60447;M. Maignan;GK;89
60448;Ruan Tressoldi;CB;72
60451;A. Masuaku;LB;73
60458;A. Palavecino;RMF;67
60461;W. Saïd;CF;77
60466;M. Sportiello;GK;77
60468;T. Suslov;AMF;71
60501;A. Cerri;CF;64
60502;Ł. Skorupski;GK;80
60504;M. Pessina;GK;58
60505;J. Rodríguez;RB;71
60507;M. Troilo;CB;67
60510;S. Widmer;RB;73
60512;Bruno Fernandes;AMF;88
60518;M. Sáček;RB;72
60519;S. Tangvik;GK;71
60522;D. Ouattara;LWF;77
60523;R. James;RB;81
60527;E. Haaland;CF;92
60529;Sergi Darder;CMF;78
60531;Beñat Prados;DMF;77
60534;A. Januzaj;RWF;73
60537;L. Sinisterra;LMF;73
60550;Saint-Maximin;LWF;76
60558;Rubén Blanco;GK;74
60560;S. Scuffet;GK;72
60561;Miguel Román;CMF;74
60579;O. Pineda;AMF;76
60581;E. Beltrán;RB;63
60587;O. Giménez;AMF;62
60590;S. Lucero;CB;62
60596;P. Vegetti;CF;76
60607;J. Vallejos;GK;59
60611;Wagner Leonardo;CB;73
60614;Pablo Felipe;CF;74
60618;Deyverson;CF;74
60622;M. Braithwaite;CF;74
60631;I. Pussetto;CF;70
60633;A. Sández;LB;71
60639;R. Saracho;GK;68
60650;F. Perruzzi;CMF;64
60653;N. Paz;CB;69
60657;J. Calleri;CF;75
60659;S. Vittor;CB;69
60663;J. Palomino;CB;74
60666;T. Bottari;CMF;69
60667;E. Triverio;CF;69
60673;G. Rodríguez;DMF;76
60675;R. Carrera;CMF;74
60677;L. Acosta;GK;72
60680;A. Martín Arias;GK;76
60682;J. Carranza;GK;72
60683;M. Tissera;CF;66
60687;R. Battaglia;CB;74
60690;Vitor Eudes;GK;65
60694;G. Simeone;CF;76
60696;A. Rodríguez;LB;70
60699;F. Quignón;DMF;72
60704;E. Copetti;CF;70
60706;Lucas Arcanjo;GK;73
60709;José Sá;GK;77
60710;R. Modesto;RMF;62
60711;M. Bolados;RWF;69
60719;S. Beltrán;GK;73
60743;J. King;AMF;72
60746;R. Majecki;GK;77
60753;Abner Vinícius;LB;73
60776;Bruno Henrique;DMF;70
60781;André;DMF;76
60800;Y. Ndayishimiye;DMF;76
60804;C. Terán;CB;71
60817;D. Valdés;AMF;74
60819;F. Balbuena;CB;71
60823;S. Barbi;GK;65
60835;R. Gagliardini;CMF;72
60855;M. Borja;CF;74
60875;David Costas;CB;74
60878;S. Dimitrievski;GK;79
60880;J. Godoy;LB;68
60883;B. Kamara;GK;69
60892;Arthur Cabral;CF;74
60893;S. Diomandé;CB;73
60896;C. Kostoulas;CF;74
60898;C. Vega;CMF;66
60904;Pedro Felipe;CB;68
60906;C. Tolisso;CMF;83
60909;G. Kvilitaia;CF;71
60916;Z. Çelik;RB;76
60922;B. Traoré;RWF;73
60928;J. Brandt;AMF;83
60956;Baralhas;DMF;72
60965;Rodriguinho;LWF;65
60977;J. Meza;AMF;70
60980;Dani Calvo;CB;71
60981;T. Lecanda;CB;66
60982;G. Castellón;GK;70
60998;B. Cremaschi;CMF;69
61000;Á. Arce;CF;74
61010;P. Galdames;CMF;72
61012;G. Maripán;CB;76
61031;M. Fernández;LWF;75
61035;S. Driussi;CF;76
61036;E. Gómez;LB;72
61050;Adama Traoré;RWF;74
61056;Diego Llorente;CB;79
61058;Gayá;LB;76
61062;G. Mastriani;CF;70
61069;M. Sarr;CB;76
61080;I. Rossi;AMF;60
61081;César Tárrega;CB;75
61104;S. Valdez;CB;72
61117;F. Escobar;LB;70
61118;F. Fydriszewski;CF;72
61126;G. Campi;CB;68
61128;Y. Cabral;CB;67
61130;E. Mammana;CB;75
61131;J. Cabello;CB;66
61138;I. Maestro Puch;CF;68
61145;Aarón Escandell;GK;79
61147;Pau López;GK;80
61164;A. Sanabria;CF;76
61167;H. Sandoval;CF;65
61171;J. Quiñones;CF;79
61174;R. Mathias;CF;70
61176;J. Kubicki;CMF;71
61181;J. Lingard;AMF;73
61182;H. Reed;DMF;72
61183;N. Bentaleb;CMF;77
61230;F. Mastantuono;AMF;77
61397;Patric;CB;75
61402;F. Cervi;LMF;70
61416;V. Reyes;GK;65
61426;Nico Paz;AMF;81
61457;E. Cardona;AMF;73
61459;D. Bocanegra;CB;71
61468;Y. Mina;CB;77
61475;J. Alonso;CB;72
61481;U. Ortegoza;CMF;69
61489;Á. Preciado;RB;75
61492;S. Mendoza;RMF;70
61494;G. Cuéllar;DMF;72
61527;M. Arambarri;DMF;79
61531;M. Lemos;CB;68
61574;I. Arce;GK;73
61577;C. Cáceda;GK;70
61606;M. Pineida;LB;67
61613;L. Caicedo;CB;68
61641;Cacá;CB;66
61643;Y. Soteldo;LMF;71
61650;T. Peralta;RWF;65
61672;M. Ter Stegen;GK;86
61720;M. Pašalić;AMF;79
62008;R. Mandragora;DMF;74
63086;H. Djibirin;RWF;67
63106;S. Angori;LB;71
63142;Fernandinho;LWF;68
63152;S. Studer;CB;71
63159;C. Früchtl;GK;71
63184;L. Otávio;CB;64
63187;F. Piotti;GK;57
63218;João Cruz;CMF;65
63226;J. Novillo;CB;68
63235;T. Cravero;CMF;63
63238;M. Vigorito;GK;66
63244;D. Denoon;CB;62
63265;S. Özcan;DMF;76
63275;E. Giménez;RMF;74
63293;Ferran Jutglà;CF;75
63294;V. Moreno;RB;67
63305;M. Keita;DMF;74
63307;N. Rovella;DMF;76
63308;N. Štulić;CF;71
63314;I. Pillud;RB;67
63319;M. Valjent;CB;75
63333;L. Klimowicz;CF;61
63339;L. Jara;RB;70
63344;S. Núñez;CB;72
63347;M. Rojas;AMF;72
63350;L. Giménez;CF;67
63370;Hugo Rincón;RB;74
63371;Aitor Fernández;GK;79
63372;Victor Luís;LB;65
63382;G. Bernardeau;AMF;66
63383;A. Semenyo;RWF;83
63392;I. Campo;RB;61
63398;A. Portillo;RMF;66
63399;David López;CB;75
63405;F. Bernal;DMF;73
63413;G. Ávalos;CF;74
63414;G. Kobel;GK;87
63416;E. Emegha;CF;78
63426;D. Pintér;CF;57
63428;G. Lencina;CF;68
63430;F. Rodríguez;CB;73
63442;V. Muriqi;CF;80
63447;M. Martínez;CF;79
63452;R. Sava;GK;74
63474;Alisson;GK;91
63475;D. Barbosa;LB;65
63492;El-Abdellaoui;RWF;71
63495;Otávio;CMF;79
63497;Saúl;CMF;78
63500;R. Calafiori;LB;81
63504;Pedro Ferreira;AMF;62
63505;J. Ricardo;GK;74
63511;F. Domínguez;CF;62
63520;B. Cristante;DMF;82
63536;R. Riou;GK;67
63546;D. Hancko;CB;82
63560;Weverton;GK;76
63585;A. Leguizamón;CB;67
63591;T. Kristensen;CB;73
63597;M. Silvestri;GK;75
63605;C. Nørgaard;DMF;80
63607;Fabinho;DMF;82
63627;Q. Timber;CMF;78
63661;M. Ledesma;GK;71
63667;C. Biraghi;LB;75
63675;Reinildo;LB;78
63679;Y. Gordillo;DMF;66
63695;K. Ramirez;LWF;67
63702;Gilberto;RB;72
63719;William;RB;72
63735;Mayk;LB;67
63738;Portu;AMF;74
64896;R. Al-Najjar;GK;63
65000;M. Röhl;AMF;74
65044;G. Viscarra;GK;71
65045;B. Valdez;CB;68
65065;Matheus Donelli;GK;67
65142;D. González;LWF;72
65151;L. Amarilla;CF;72
65258;M. Santos;CF;69
65281;B. Sánchez;LMF;61
65283;M. Olivera;LB;68
100012;Juan Carlos;GK;71
100013;C. Protesoni;DMF;73
100017;R. Martínez;CB;63
100043;R. Borzone;GK;65
100065;A. Lescano;AMF;75
100072;A. Rebbach;LWF;73
100092;T. Esteves;RB;68
100095;Vitinha;CF;75
100101;G. Compagnucci;RB;64
100112;D. Cataldi;DMF;77
100115;S. Cáceres;CB;73
100117;F. Bernardeschi;RWF;75
100120;Romarinho;RMF;67
100132;M. Dituro;GK;78
100133;Ø. Nyland;GK;75
100134;S. Moyano;RB;68
100135;C. Pinsoglio;GK;69
100159;J. Vardy;CF;75
100178;Jandrei;GK;67
100185;M. Carnesecchi;GK;86
100190;Alexsander;DMF;73
100196;Kike García;CF;75
100212;Fortuño;GK;65
100216;L. Abascia;CB;68
100219;E. Holm;RB;74
100224;Yuri Berchiche;LB;79
100226;A. Abdi;LB;74
100246;L. Dunk;CB;75
100249;I. Smolčić;RB;72
100259;G. Piccinini;CMF;68
100261;S. March;RMF;76
100262;I. Tapia;AMF;70
100265;Gabriel Mec;AMF;64
100269;E. Torres;CF;71
100272;Janderson;CB;62
100275;J. Lucco;AMF;60
100280;A. Ndiaye;CB;73
100281;Mamardashvili;GK;86
100283;L. Marianucci;CB;68
100285;D. Boloca;DMF;73
100291;E. Raggio;CB;67
100299;K. Trippier;RB;77
100303;Y. Ramadani;DMF;70
100315;S. Sabelli;RB;70
100316;Diego Rico;LB;74
100320;F. Moumbagna;CF;71
100334;A. Richardson;CMF;67
100346;Unai Marrero;GK;75
100359;Óscar Valentín;DMF;76
100383;N. El Aynaoui;CMF;76
100393;Gabriel Pires;DMF;71
100400;T. Mings;CB;77
100413;M. Giménez;CF;73
100420;M. Marin;DMF;68
100421;Oriol Rey;CMF;74
100425;J. Vandeputte;CMF;72
100426;Salinas;LB;70
100428;D. Zappacosta;RB;78
100432;R. Menezes;CB;67
100443;P. Esposito;CF;75
100458;Lucas Piton;LB;71
100460;A. Guðmundsson;CF;77
100462;Gabriel Taliari;SS;72
100473;L. Montipò;GK;77
100475;B. Gutiérrez;LMF;74
100479;M. Đurić;CF;71
100481;A. Ratiu;RB;78
100495;Hércules;CMF;74
100504;L. Netz;LB;72
100510;Héctor Bellerín;RB;76
100516;T. Borbas;CF;72
100527;K. Darlow;GK;75
100530;J. Lascelles;CB;72
100543;Pepelu;DMF;74
100564;R. Ely;CB;66
100586;D. Sotelo;CMF;63
100591;C. Vicente;RMF;77
100604;G. Gaetano;AMF;74
100606;I. Sulemana;DMF;73
100607;A. Belotti;CF;73
100618;Pablo Martínez;CMF;75
100620;M. Politano;RWF;81
100621;Copete;CB;73
100629;N. Vasilj;GK;64
100630;L. Spinazzola;LB;80
100631;F. Rami;CF;67
100639;F. Bruera;CF;70
100658;J. Vallejos;RB;60
100676;Alysson;RWF;70
100682;M. Abdelmonem;CB;72
100693;G. Lopes;LB;63
100706;D. Szoboszlai;AMF;86
100719;L. Besozzi;LMF;67
100720;André Almeida;AMF;74
100735;Moncayola;CMF;78
100752;H. Tabaković;CF;82
100762;F. Doucouré;RB;70
100764;Souza;LB;69
100778;J. Leweling;RWF;78
100780;B. Chardonnet;CB;77
100801;Christian;RMF;75
100806;Iker Benito;RMF;72
100809;Ayoze;CF;83
100810;L. Négo;RB;72
100815;Ivan;GK;68
100820;Luiz Gustavo;CB;61
100822;P. Capelle;CMF;70
100825;B. Diakité;CB;79
100830;Y. Musah;CMF;72
100856;Buba Sangaré;RB;64
100865;O. El Azzouzi;DMF;71
100868;A. González;CF;76
100887;R. Ndiaye;CMF;72
100888;P. Sy;GK;68
100897;I. Matanović;CF;73
100898;L. Openda;CF;81
100901;B. Brahimi;RWF;69
100904;S. Boufal;LWF;75
100906;Reginaldo;RB;65
100910;R. Khadra;LWF;70
100912;F. Picault;LWF;72
100922;Samuel Lino;LMF;77
100925;B. Leroy;GK;69
100930;A. Gómez;RMF;75
100935;B. Santamaria;DMF;75
100939;J. Gradit;CB;76
100944;Youté Kinkoué;CB;70
100954;B. Dia;CF;77
100955;C. Uche;AMF;77
100957;L. Chávez;DMF;74
100958;S. Koumbassa;CB;66
100967;T. Lemar;CMF;76
100971;I. Pandur;GK;73
100975;M. Mbow;CB;72
100987;T. Yegbe;CB;69
100998;I. Gruev;DMF;74
101018;Y. Minteh;RMF;80
101027;W. Hughes;CMF;76
101028;A. Robertson;LB;78
101042;C. Marshall;CF;66
101047;D. James;RWF;78
101058;Grimaldo;LB;84
101065;Denis Suárez;AMF;75
101075;J. Bijol;CB;76
101076;E. Martínez;GK;89
101097;H. Çalhanoğlu;CMF;84
101107;S. Sohm;CMF;73
101108;Nicolas;LB;67
101110;A. Irving;CMF;74
101115;J. Grealish;LWF;84
101116;Guilherme Arana;LB;75
101117;W. Kamanzi;RB;72
101118;Pedro Henrique;CB;71
101141;A. Kinský;GK;76
101148;M. Peart-Harris;RMF;68
101185;B. Mbeumo;RWF;85
101188;G. Abrego;CMF;69
101191;C. Richards;CB;77
101195;S. González;CMF;71
101196;P. Olkowski;RB;70
101203;N. Pelaitay;DMF;63
101204;L. González P.;CB;73
101211;O. Solet;CB;78
101215;T. Nyoni;AMF;66
101217;I. Jourdren;GK;62
101221;H. Hateboer;RB;74
101223;B. Sarr;RB;68
101234;M. Cornet;LMF;74
101236;D. Raum;LB;79
101245;D. Álvarez;LB;62
101267;C. Campbell;RMF;69
101288;I. Maatsen;LB;78
101291;J. Bellingham;AMF;88
101292;Y. Lienard;GK;66
101301;L. Trossard;LWF;82
101309;L. Miller;CMF;70
101316;Morato;CB;76
101334;N. Kanté;DMF;82
101338;C. Kporha;RB;61
101342;C. Doucouré;DMF;78
101343;Riquelme;LB;62
101355;T. Heaton;GK;68
101359;A. Barnes;CF;72
101391;P. Drewes;GK;72
101398;J. Quiñónez;DMF;69
101399;F. Sartori;CF;70
101406;J. Barbieri;CF;64
101422;Labeau Lascary;CF;74
101435;Matheus Bahia;LB;68
101455;Otávio;DMF;68
101472;K. Thorstvedt;AMF;77
101485;M. Aleksic;CMF;59
101493;A. Buksa;CF;73
101499;K. Arroyo;LMF;72
101504;K. Danso;CB;78
101544;Gustavo Scarpa;AMF;73
101569;Mateus Xavier;LWF;59
101574;João Paulo;GK;74
101600;L. Bergvall;CMF;78
101612;D. Scarlett;CF;66
101615;T. Partey;DMF;79
101617;Álex Moreno;LB;77
101664;I. Ndiaye;LMF;82
101667;L. Lescano;LB;64
101675;Hannibal;AMF;75
101687;L. Rodríguez;DMF;61
101689;Léo Andrade;CB;68
101691;A. Ruschel;LB;65
101721;A. El Kaabi;CF;79
101725;R. Gosens;LMF;79
101734;M. Bard;LB;75
101743;Alex Muralha;GK;69
101755;N. Füllkrug;CF;79
101760;Richard;GK;66
101761;J. Gvardiol;LB;84
101762;G. Augusto;AMF;75
101766;Willian Machado;CB;70
101771;A. Smith;RB;72
101781;J. Tarkowski;CB;78
101824;C. Barletta;RMF;70
101833;B. Yáñez;LMF;67
101838;J. McGinn;CMF;80
101850;M. Pitaluga;GK;60
101863;M. Espinoza P.;CF;59
101874;I. Schor;RMF;70
101875;B. Embolo;CF;76
101899;I. Abraham;LB;69
101901;G. Ríos;RMF;69
101902;R. Cáceres;RB;68
101946;D. Rodríguez;GK;74
101952;G. Luján;RB;68
101953;J. Figal;CB;73
101955;F. Pizzini;RMF;70
101958;M. Ugarte;DMF;78
101961;M. Benítez;AMF;70
101976;M. De Luca;CF;64
101983;J. Blaswich;GK;76
101985;D. Rodríguez;CMF;73
101989;J. Omlin;GK;74
101996;Andrés Castrín;CB;72
102022;G. Vega;CMF;65
102036;Raykkonen;CF;62
102042;F. Frías;AMF;68
102046;N. Cordero;CF;66
102051;F. Noguera;CB;69
102052;O. Rivero;CF;73
102055;E. Camavinga;CMF;81
102060;L. Vázquez;CF;71
102065;M. Collocolo;CMF;73
102069;Lourenço;CMF;71
102094;Oier Zarraga;CMF;70
102097;Guruzeta;CF;77
102110;Rezende;DMF;67
102123;G. Abuashvili;LWF;67
102134;M. Simakan;CB;80
102139;Caio Alexandre;DMF;73
102149;M. Ramírez;GK;71
102151;M. Peinipil;RB;68
102203;R. Messali;RMF;69
102212;G. Kyeremeh;RMF;69
102229;J. Báez;CB;71
102232;L. Villalba;CB;75
102233;N. Breitenbruch;CB;69
102239;D. Guagua;AMF;65
102244;P. Henrique;RMF;70
102259;F. Losas;GK;64
102290;Iñaki Williams;RWF;80
102299;M. Pérez Curci;CMF;63
102300;N. Zortea;RB;73
102310;P. Comuzzo;CB;74
102311;A. Caracciolo;CB;71
102315;N. Contini;GK;70
102319;Mancha;LB;67
102327;Fabinho;LWF;66
102329;B. Márquez;CF;61
102345;G. Ambrosino;CF;65
102360;Jacy;CB;73
102369;S. Moreo;AMF;73
102383;L. Ugochukwu;DMF;76
102388;D. Datro Fofana;CF;72
102389;Tiago Volpi;GK;74
102397;C. Mosquera;CB;75
102400;J. Randazzo;CB;65
102403;Vinicinho;LWF;66
102416;Gumbau;CMF;73
102418;Puado;LWF;77
102420;Juanlu Sánchez;RB;75
102467;E. Legros;CB;59
102475;M. Samatta;CF;71
102481;S. Gigot;CB;76
102526;M. Sabitzer;CMF;79
102536;J. Jacquet;CB;76
102542;C. Bravo;LB;67
102547;I. Guerti;AMF;56
102549;Z. Debast;CB;76
102561;H. Palacios;RB;67
102569;F. Ortellado;CB;64
102588;Yusi;LB;69
102610;D. Martínez;RB;66
102611;L. Fernández;CF;69
102629;U. Raghouber;DMF;72
102663;E. Valeri;LB;74
102692;C. Wilson;CF;77
102707;Unai López;CMF;73
102719;P. Schick;CF;85
102738;L. Mazzitelli;CMF;73
102742;Borja Iglesias;CF;79
102746;C. Vanhoutte;DMF;76
102757;K. Koulibaly;CB;81
102759;D. Rugani;CB;74
102761;A. Bayındır;GK;76
102765;E. Hysaj;RB;71
102779;Doma;CB;68
102782;J. Correa;CF;74
102796;F. Grillitsch;DMF;72
102805;L. Samardžić;AMF;77
102829;L. Escalante;CMF;62
102838;Ewerthon;RB;64
102840;M. Lopez;CMF;75
102841;Aranha;GK;61
102851;E. İlkhan;CMF;67
102873;Urko González;DMF;77
102884;J. Cabrera;RWF;70
102891;G. Scalvini;CB;77
102895;S. Rochet;GK;75
102901;L. Sané;RWF;80
102915;R. Tapia;DMF;75
102948;B. Meïté;CB;75
102966;M. Orihuela;LB;69
102968;S. Kılıçsoy;CF;75
102975;A. Masina;CB;67
102983;J. Aramburu;RB;76
102991;A. Kalimuendo;CF;79
103001;E. Kouadio;CB;61
103003;D. Huijsen;CB;81
103008;Marcos Llorente;RB;84
103028;F. Marchwiński;CMF;66
103038;A. Cubas;DMF;73
103043;G. Rutter;SS;79
103047;M. Bettinelli;GK;70
103062;Lucas Pires;LB;71
103101;Claudinho;RB;65
103107;N. Laméndola;RMF;69
103112;Dudu;AMF;66
103113;M. Turner;GK;76
103117;A. Zapata;AMF;67
103120;I. Provedel;GK;85
103125;E. Goldaniga;CB;72
103128;F. Gomes Gerth;GK;58
103129;M. Abline;CF;75
103133;M. Thorsby;CMF;74
103136;I. Soumaré;LWF;72
103142;W. Weghorst;CF;76
103156;G. Ávila;LB;72
103166;T. Adams;DMF;78
103176;G. Santilli;GK;70
103181;L. Rafaelli;LWF;60
103182;Robert Santos;AMF;67
103197;A. Ounahi;CMF;78
103206;P. Kimpembe;CB;76
103207;D. Mosengo;DMF;64
103219;H. Kamara;LB;72
103268;Diego Carlos;CB;77
103271;E. Faty;CF;62
103286;M. Cardillo;CMF;67
103291;A. Danjuma;LWF;75
103294;Renato Marques;CF;64
103295;A. Dossena;CB;73
103300;P. Gollini;GK;75
103306;G. Henrique;CB;75
103310;L. Cabrera;CB;75
103312;N. Fernández;CMF;72
103317;M. Acuña;LB;78
103319;N. Oroz;CMF;73
103338;A. Aznou;LB;65
103339;Lucas Ronier;RWF;72
103366;A. Omobamidele;CB;73
103372;M. Henrique;CMF;74
103376;L. Gómez;AMF;66
103393;M. Cissé;CMF;66
103396;E. Martínez;CB;70
103403;P. De Paula;DMF;72
103404;M. Ødegaard;AMF;85
103408;Lucas Vázquez;RB;77
103419;J. Nardoni;CMF;74
103440;L. Passerini;CF;70
103449;J. Álvarez;CF;87
103453;Raúl García;CF;75
103454;I. Ramírez;RB;65
103458;M. Kaba;CMF;69
103460;Higor Meritão;DMF;67
103469;N. Stefanelli;AMF;68
103473;Antoniu Roca;RWF;72
103477;G. Fabbian;CMF;74
103480;N. Fortini;LB;70
103498;M. Estève;CB;75
103503;E. Ramos;CF;65
103505;A. Garnacho;LWF;80
103512;S. Botman;CB;79
103513;L. Delap;CF;77
103514;M. Keane;CB;76
103525;T. Sultani;GK;65
103551;J. Andersen;CB;78
103558;S. Bajcetic;DMF;75
103576;Ángel Ortiz;RB;69
103582;L. Boyé;CF;76
103584;Rayan;RWF;77
103586;J. Devecchi;GK;69
103588;Rodrigo Nestor;CMF;71
103598;F. Grillo;CB;68
103612;Berenguer;LWF;80
103613;Mikel Merino;CMF;83
103619;Alemão;CF;73
103621;Iturbe;GK;67
103625;L. Banda;LWF;71
103631;Rafael Luís;DMF;70
103640;W. Bondo;CMF;71
103643;V. Gandín;CF;59
103651;D. Terans;AMF;70
103656;Joan Jordán;CMF;75
103657;Barrenetxea;LMF;79
103658;Pedro Morisco;GK;75
103667;T. Pérez;DMF;65
103677;John Kennedy;CF;71
103678;J. Sosa;CB;68
103680;L. Karl;AMF;74
103683;T. Vermot;GK;61
103686;N. Barella;CMF;86
103687;E. Lysionok;GK;56
103700;P. Šulc;AMF;77
103701;S. Magassa;DMF;75
103703;A. Preciado;LMF;69
103707;J. Pombo;CB;67
103721;J. Šutalo;CB;76
103753;L. Lozano;RB;75
103781;G. Costa;RMF;67
103783;R. Massimo;RWF;67
103797;A. Güler;AMF;84
103820;S. Lukić;CMF;76
103821;J. Furch;CF;71
103825;G. Puerta;CMF;70
103830;N. Pope;GK;81
103845;A. Christensen;CB;79
103851;S. Ichazo;GK;72
103875;M. Caicedo;DMF;88
103879;G. González;CB;60
103886;Olasagasti;CMF;74
103893;M. Amondarain;DMF;69
103963;S. Vega;DMF;72
103966;J. Carrascal;AMF;78
103970;F. Bonazzoli;CF;72
103982;Hugo Moura;DMF;70
103997;A. Polo;RMF;73
104008;R. Lavia;DMF;77
104020;T. Hume;RB;77
104061;K. Saverio;LMF;66
104067;H. Hernández;CF;69
104091;M. Akinmboni;CB;56
104092;C. Odenthal;CB;68
104093;H. Belkebla;CMF;75
104102;L. Bogarde;DMF;73
104103;F. Ricca;CB;71
104112;L. Vega;DMF;61
104114;K. Bowie;CF;67
104124;W. Bou;CF;72
104137;Gabriel;CB;64
104151;Vitinho;RB;74
104185;L. Cook;DMF;77
104186;M. Pingot;CB;64
104201;Evertton Araújo;DMF;68
104204;Rúben Neves;DMF;82
104226;Bernardo Silva;AMF;81
104241;A. Peñaranda;LWF;68
104250;S. Herrera;GK;82
104257;Negueba;RWF;73
104264;L. Di Lollo;CB;73
104265;E. Bonifacio;RB;67
104268;K. Castaño;DMF;71
104271;T. Tessmann;DMF;76
104273;I. Ganago;CF;71
104277;V. Rongier;CMF;80
104278;A. Bulatović;CMF;70
104284;Carlinhos;CF;65
104286;L. Boggio;CMF;72
104293;F. Anselmo;CF;64
104294;F. Rasmussen;CB;71
104306;J. Rodon;CB;75
104313;K. Páez;AMF;72
104314;L. Suárez;RMF;72
104325;N. Paz;CB;67
104334;L. Suárez;CB;69
104336;F. Cardoso;AMF;63
104337;J. Gomez;CB;79
104344;D. Crego;LWF;66
104374;Eduardo;AMF;71
104382;M. Diaw;GK;72
104384;O. Ontivero;LB;58
104388;A. Touré;DMF;76
104391;R. Aguilar;RB;77
104394;P. Frankowski;RMF;75
104396;C. Pickel;DMF;72
104398;E. Kroupi;SS;77
104413;A. Mumin;CB;75
104417;Kike Barja;LWF;74
104418;C. Lenglet;CB;75
104419;N. Ngoy;CB;74
104431;D. Fernandes;GK;69
104440;F. Martínez;RB;64
104451;T. Dallinga;CF;75
104462;L. Sy;RMF;68
104466;Jesús Rodríguez;LWF;76
104485;A. Meret;GK;85
104490;Hyoran;AMF;66
104493;Andreas Pereira;AMF;79
104496;Gonçalo Inácio;CB;79
104502;Hernani;CMF;70
104503;Isaac;LWF;66
104516;I. Bekhoucha;RB;62
104519;J. Martínez;CMF;67
104525;M. Insaurralde;CMF;67
104527;Gerson;CMF;79
104540;F. Fabra;LB;71
104541;R. Borré;CF;75
104547;J. Quintero;CB;71
104548;De Los Santos;CB;70
104594;N. Nández;CMF;76
104612;D. Sánchez;CB;79
104629;E. Burgos;CB;68
104635;B. Kuščević;CB;72
104636;A. Santos;LWF;71
104640;G. Tapia;RWF;72
104644;G. Isaksen;RWF;75
104647;E. Bailly;CB;73
104649;A. Calabresi;RB;67
104650;Aranu Tenas;GK;76
104653;H. Boudaoui;CMF;75
104660;Jonathan Jesus;CB;68
104661;K. Barría;CF;64
104666;I. Jansson;LWF;71
104670;L. Albarracín;RWF;61
104672;N. Guzmán;RMF;67
104677;A. Rüdiger;CB;82
104680;D. Solanke;CF;79
104693;G. Lloris;CB;73
104696;Viery;CB;64
104697;F. Romagna;CB;70
104704;E. Audero;GK;82
104706;Pere Milla;LWF;75
104710;Dani Ceballos;CMF;79
104717;L. Hernández;CB;80
104719;S. Luperto;CB;75
104720;Maitland-Niles;RB;77
104722;R. Loftus-Cheek;CMF;80
104727;B. Gannon Doak;RWF;72
104731;T. King;GK;65
104745;S. Amrabat;DMF;78
104748;Aritz Elustondo;CB;73
104749;A. Kramarić;SS;80
104751;E. Boyomo;CB;77
104794;V. Gyökeres;CF;83
104808;S. Becker;CF;75
104826;J. Graterol;GK;70
104837;I. Alastra;RWF;60
104847;S. Becerra;CMF;63
104853;Z. Luvumbo;RWF;67
104854;E. Delprato;RB;74
104858;João Paulo;CB;67
104860;Fábio Cardoso;CB;74
104864;G. Martínez;AMF;72
104865;J. Quansah;CB;76
104874;A. Diallo;AMF;62
104880;O. Nkambadio;GK;75
104930;R. Belghali;RB;69
105073;A. Lunin;GK;80
105081;V. Janelt;DMF;77
105082;M. Ellertsson;CMF;72
105087;T. Cardona;CB;74
105088;T. Silva;LB;69
105089;Chimy Ávila;RWF;74
105093;R. Morínigo;GK;71
105098;A. Batalla;GK;80
105106;J. Galván;CB;69
105117;J. Laso;CB;70
105119;E. Ham;CMF;66
105121;E. Remedi;DMF;72
105123;D. Zabala;CB;66
105130;M. Galarza;CMF;71
105131;B. Romero;CF;73
105138;Kaku;AMF;79
105144;W. Ábila;CF;69
105161;Adson;RMF;67
105162;A. Molinas;AMF;72
105172;R. Macagno;GK;69
105175;A. Soñora;CMF;72
105183;I. Leguizamón;RWF;70
105188;G. Flores;CF;60
105189;N. Meriano;CB;66
105192;E. Brítez;CB;71
105201;M. Antoni;CB;69
105202;L. Gamba;CF;69
105220;L. Díaz;CF;67
105223;F. Lanzillota;GK;70
105233;C. Cabellos;CMF;68
105251;M. Vera;DMF;70
105254;L. Østigård;CB;74
105269;E. Amor;CB;69
105270;N. Tripichio;DMF;73
105271;Natã;CB;64
105274;R. Márquez;LMF;67
105276;M. Romero;CF;72
105278;S. Longo;DMF;68
105284;J. Lavega;LMF;66
105288;J. Komar;CB;71
105289;G. Vadalá;SS;68
105293;G. Giménez;DMF;74
105297;R. Bentancur;DMF;81
105298;F. Cristaldo;AMF;76
105304;A. Rossi;GK;83
105307;D. Barbona;AMF;69
105309;I. Tapia;AMF;63
105310;S. Giordana;CF;67
105312;G. Alanís;RMF;71
105313;F. Londoño;CF;68
105321;Á. Barreal;LMF;74
105322;E. Ramírez;CF;69
105324;L. Godoy;RB;70
105326;J. Amoroso;CMF;73
105329;E. Cecchini;DMF;67
105331;F. Altamirano;GK;67
105341;M. Weigandt;RB;69
105352;F. Álvarez;AMF;67
105354;C. Starfelt;CB;76
105359;M. Barrios;CMF;68
105360;B. Armoa;RMF;69
105361;Kauê;GK;63
105364;B. Ampuero;CB;69
105373;F. Carboni;LB;63
105379;V. Depietri;LMF;69
105382;G. Ciocci;GK;60
105383;L. Ramazani;LWF;76
105387;T. Fernández;CB;62
105389;T. Fernández;RWF;66
105391;B. Gerez;CF;57
105409;G. Enrique;RB;70
105411;G. Soto;RB;66
105414;R. Rangel;GK;78
105423;Paco Cortés;LWF;67
105454;B. Aguilar;CB;62
105457;João Félix;LWF;83
105469;E. Fernández;CMF;83
105471;E. López;RB;67
105482;J. Nsumoh;LWF;63
105513;E. Piovi;DMF;73
105516;C. Echeverri;AMF;75
105520;C. Tarragona;CF;72
105528;M. Aguirre;RWF;58
105532;K. López;DMF;70
105550;Fran Pérez;RWF;74
105578;A. Laprida;AMF;63
105583;T. Nasif;CF;70
105584;F. Hormazabal;RB;70
105633;C. Pavón;RWF;71
105748;N. Watson;DMF;66
105808;A. Castro;LMF;70
105978;D. Maeda;LWF;78
106236;M. Monsalve;AMF;69
106238;Julimar;LWF;70
106280;Keno;LMF;72
106339;L. Abram;CB;71
106340;M. De Ritis;LB;67
106367;J. Contreras;GK;75
106403;L. Høgsberg;CB;73
106410;A. Iwobi;LWF;82
106414;A. Cairns;GK;63
106416;J. Justin;RB;74
106420;J. Diaz;CB;72
106423;S. Byram;RB;70
106425;S. Johnstone;GK;78
106433;Yago Santiago;RWF;70
106476;M. Godo;LWF;74
106487;J. Sánchez;RB;71
106488;John Donald;CB;70
106496;J. Zemura;LB;70
106513;E. Martínez;CMF;69
106541;J. Capixaba;LB;72
106548;Thalisson;CB;60
106570;Vincícius Lira;LB;61
106571;Matheus Pereira;CMF;72
106586;Marc Vidal;GK;64
106588;B. White;RB;81
106591;E. Anderson;DMF;81
106604;Carlos Vinícius;CF;78
106609;Bruno Henrique;CF;78
106611;M. Hermes;LB;68
106617;Perdo Rocha;LWF;74
106618;Bento;GK;80
106629;Alan Patrick;AMF;76
106645;Z. Suzuki;GK;75
106646;B. Pierret;DMF;62
106653;J. Piotrowski;CMF;73
106671;G. Mancini;CB;84
106677;S. Turati;GK;73
106725;C. Arcus;RB;72
106732;I. Maza;AMF;79
106733;Davinchi;LB;65
106738;Cauly;AMF;73
106749;M. Al-Musrati;DMF;77
106753;I. Traoré;CB;63
106754;M. Sels;GK;83
106773;M. Simon;LWF;74
106778;V. Tsygankov;RWF;77
106779;T. Helgason;CMF;68
106815;F. De Paul;GK;72
106824;L. Esteves;LB;71
106832;C. Jaime;LWF;66
106833;J. Fernández;RWF;68
106834;F. Paredes;CB;68
106838;J. Meneses;LMF;68
106863;H. Elliot;AMF;77
106885;J. Gómez Mattar;CMF;65
106893;P. Marí;CB;67
106901;F. Miño;CB;66
106925;M. Palavecino;CMF;61
106929;P. Baya;LWF;65
106956;Álex Remiro;GK;85
106957;Unai Simón;GK;86
106958;Yeray;CB;80
106968;Lekue;RB;71
106974;Vesga;DMF;75
106975;Sancet;AMF;83
107027;Ó. López;CMF;61
107031;Fabinho;DMF;67
107032;Carlos Martín;CF;69
107039;R. Sayavedra;LB;62
107045;Everton;RB;65
107068;K. Ehizibue;RB;70
107142;M. Dúbravka;GK;80
107218;J. Butez;GK;80
107255;Vitor Hugo;CB;73
107256;G. Martinelli;LWF;81
107271;Tiquinho Soares;CF;71
107347;G. Paciência;CF;69
107383;Z. Marcos;CB;66
107402;A. Nusa;LWF;77
107410;Bruno Pacheco;LB;68
107414;J. Mwanga;DMF;74
107439;P. Vite;CMF;74
107451;Lucas Torró;DMF;78
107454;L. Ilic;AMF;69
107468;G. Escudero;CB;55
107482;A. Dembélé;RB;61
107516;F. Guilbert;RB;73
107548;A. Baldi;DMF;66
107553;K. Mainoo;CMF;77
107559;E. Giaccone;DMF;64
107563;A. Scott;CMF;78
107587;W. Odobert;RWF;77
107590;B. Šeško;CF;80
107592;V. Bayo;CF;69
107609;M. Frese;LB;72
107635;Q. Ndjantou;LWF;69
107641;A. Marušić;LB;78
107645;Éderson;CMF;81
107646;J. Boga;LWF;75
107654;Rony;CF;73
107656;J. Frimpong;RB;82
107667;Tiago Gouveia;RWF;73
107674;Guedes;LWF;78
107678;A. Amenda;CB;74
107686;F. Dimarco;LMF;85
107693;F. Woodman;GK;71
107703;David Duarte;CB;71
107704;Turrientes;CMF;75
107714;A. Balde;LB;83
107716;N. Pépé;RWF;79
107719;J. Van Hecke;CB;79
107722;D. Djené;CB;76
107747;S. Idumbo;AMF;68
107770;Gabriel Xavier;CB;71
107771;Y. Felipe;CMF;67
107778;Thiago Maia;DMF;70
107782;Roger;LWF;59
107784;M. Moreno;LWF;68
107796;R. Kluivert;CB;73
107819;F. Kostić;LMF;77
107829;Kolodziejczak;CB;68
107831;Allan;RMF;75
107840;M. Bamba;CF;70
107851;G. Galoppo;CMF;74
107854;E. Ünal;CF;76
107858;O. Raterink;RB;62
107889;F. Mendy;LB;80
107895;João Pedro;RB;68
107901;David Soria;GK;82
107904;A. Bonny;CF;78
107906;Angeliño;LB;77
107909;O. Boscagli;CB;77
107910;Víctor Chust;CB;72
107911;Javi Muñoz;CMF;73
107912;M. Vitík;CB;75
107918;L. Villegas;DMF;65
107922;A. Alese;LB;68
107930;Henrique Menke;GK;59
107940;C. Verdonk;LB;70
107941;D. Van De Beek;CMF;77
107949;M. Locatelli;DMF;82
107954;M. Gusto;RB;77
107957;M. Udol;LB;79
107960;D. Machado;LB;73
107977;M. Niakhaté;CB;79
107978;H. Makalou;CMF;63
107980;A. Touré;DMF;67
107982;I. Pérez;CB;60
107985;M. Diakhaby;CB;75
107990;M. Cauteruccio;CF;73
108021;L. Brassier;CB;75
108042;Rodrigues;CB;68
108043;M. Nzola;CF;72
108051;Marcão;CB;73
108069;M. Thuram;CF;85
108073;Calebe;CMF;71
108075;Gustavo Reis;GK;62
108079;E. Buendía;LWF;78
108095;L. Miley;CMF;76
108096;L. Pellegrini;AMF;80
108110;V. Marchetti;CMF;69
108114;C. Rigg;AMF;71
108117;Domingos Duarte;CB;73
108118;Ferreirinha;LWF;74
108144;L. Montenegro;CMF;64
108146;JP Chermont;RB;64
108162;F. García;RMF;65
108165;D. Barrera;RMF;66
108166;R. Matthews;GK;63
108169;Felipe Jonatan;LB;66
108200;Gabriel Jesus;CF;79
108202;C. Riad;CB;71
108209;N. O'reilly;LB;80
108215;S. Adingra;RMF;77
108218;L. Tousart;DMF;75
108225;K. Tsimikas;LB;74
108226;Borja Mayoral;CF;76
108239;Fabián Ruiz;CMF;87
108241;A. Bałabuch;GK;55
108250;T. Bašić;CMF;75
108272;Terrats;DMF;75
108274;S. Salcedo;CB;69
108279;G. Donnarumma;GK;91
108285;T. Baldanzi;AMF;73
108310;M. Frigan;CF;73
108312;Dewsbury-Hall;CMF;80
108324;K. Mantilla;CB;70
108344;E. Gómez Riga;GK;63
108352;Marlon;LB;70
108380;Pedraza;LB;75
108392;E. Košpo;CB;62
108395;P. Peter;CF;68
108396;J. Siebert;CB;70
108401;A. Douvikas;CF;76
108402;Zambo Anguissa;CMF;81
108410;R. Piccoli;CF;75
108419;T. Fredricson;CB;65
108427;Jacobo Ramón;CB;73
108432;M. Cassierra;CF;77
108453;M. Erlić;CB;73
108457;Álex Sancris;RWF;72
108467;N. Bertola;CB;72
108474;Ó. Zambrano;DMF;70
108475;K. Fernando;CB;74
108482;G. Paredes;LB;63
108497;Alix Vinicius;CB;71
108516;Pablo Torre;AMF;73
108518;L. Bernasconi;LB;70
108523;L. Agoumé;DMF;76
108525;J. Cullen;DMF;75
108560;Matheusinho;AMF;70
108577;N. Ferreira;LWF;66
108590;M. Brandán;RB;61
108591;M. Portillo;CMF;70
108620;F. Sierralta;CB;70
108634;J. Barrera;AMF;72
108637;N. Acevedo;DMF;73
108643;B. Schelotto;RB;63
108646;S. Goglichidze;CB;60
108654;Zé Ivaldo;CB;69
108656;M. Rossetto;CMF;65
108657;L. Martínez;CF;87
108662;F. De Jong;CMF;86
108663;T. Perugini;CF;61
108664;J. Stawiecki;GK;58
108669;L. Martínez Q.;CB;76
108688;J. Trafford;GK;79
108689;W. Mike;LWF;61
108692;R. Bensebaini;CB;78
108693;B. Saka;RWF;87
108695;Amad;RWF;80
108696;Nélson Semedo;RB;77
108697;Y. Medina;LB;69
108699;Dário Essugo;DMF;73
108706;Mama Baldé;CF;72
108725;B. Pittón;LB;66
108726;M. Pittón;CMF;72
108739;A. Camargo;DMF;71
108740;F. Mansilla;CB;67
108745;M. Estigarribia;CF;68
108750;J. Giani;RWF;73
108751;G. Lo Celso;AMF;80
108758;J. Elías;CMF;70
108765;L. Meuli;GK;64
108767;R. Rodríguez;CF;68
108770;T. Fernández;LWF;74
108771;H. Tijanovich;LMF;68
108781;A. Duarte;CB;72
108792;C. França;GK;71
108817;Patrick;DMF;61
108826;Andrey Santos;CMF;80
108839;Lyanco;CB;74
108865;Matheus Pereira;AMF;78
108873;J. Cáceres;RB;71
108875;A. Velasco;LWF;73
108876;Gavi;CMF;82
108877;M. Palavecino;AMF;70
108878;Evanilson;CF;78
108880;D. Pizarro;CF;66
108881;G. Suazo;LB;75
108883;A. Aravena;LMF;71
108889;L. Sánchez;CB;68
108890;R. Lezcano;CMF;67
108895;J. Carbonero;LWF;76
108927;O. Aina;RB;79
108931;A. Robinson;LB;79
108934;D. Ballard;CB;77
108935;A. Massaccesi;CB;63
108945;M. Cox;GK;67
108948;S. Gnabry;LWF;84
108952;N. Kovač;CMF;62
108953;C. Varela;GK;69
108955;G. Diangana;LMF;70
108959;D. Rice;CMF;86
108966;J. Onana;CMF;73
108968;K. Rodney;DMF;62
108969;N. Mukiele;RB;79
108971;A. Boiro;LB;72
108973;R. Guilherme;DMF;63
108979;R. Esse;RWF;74
108980;R. Descamps;GK;76
108983;Nathan Fogaça;CF;71
108984;C. Nkunku;SS;80
108985;O. Édouard;CF;76
108993;W. Kambwala;CB;70
108994;T. De Percin;GK;68
108995;G. Koyalipou;CF;72
109005;J. Kimmich;DMF;86
109010;K. Trapp;GK;80
109019;J. Seys;LB;73
109024;Van Den Boomen;CMF;70
109040;J. Miritello;CF;67
109041;T. Dibling;RWF;74
109046;D. Johnsen;LWF;65
109047;J. Ryerson;RB;80
109079;R. Vargas;LMF;77
109080;Maffeo;RB;76
109084;Dela;CB;73
109101;Aleix García;CMF;84
109106;M. Delgado;DMF;72
109114;R. Aguirre;CF;73
109123;V. Lindelöf;CB;76
109124;M. Akanji;CB;81
109126;N. Elvedi;CB;75
109128;H. Wilson;RWF;78
109131;L. Foster;CF;73
109141;M. Kayode;RB;78
109144;B. Radunovic;GK;63
109152;Rego;CMF;72
109161;W. Anton;CB;81
109162;A. González;CF;62
109163;M. Zinga;GK;66
109179;L. Da Cunha;LWF;76
109182;E. Poku;RMF;77
109188;F. Pérez;AMF;68
109201;D. Kulusevski;AMF;82
109211;M. Galarza;DMF;75
109213;I. Radu;GK;79
109222;J. Ta Bi;RWF;69
109226;F. Centonze;RB;69
109232;A. Tamèze;DMF;74
109234;Bruno Fuchs;CB;75
109238;A. Diouf;CMF;74
109243;D. Namaso;CF;73
109248;Léo Derik;LB;64
109250;Dell;CF;63
109253;P. Cutrone;CF;67
109260;H. Diallo;CF;72
109262;I. Touré;RMF;72
109263;M. Zaccagni;LWF;83
109264;Raíllo;CB;78
109266;P. Lees-Melou;DMF;77
109270;A. Lagos;RB;66
109304;Igor Rabello;CB;68
109313;O. Mangala;CMF;75
109327;C. Brady;GK;71
109329;H. Maguire;CB;80
109343;André Silva;CF;75
109351;H. Traoré;RB;75
109358;D. Mosquera;CF;71
109359;L. Tchaouna;RWF;73
109380;L. Ferreira;CB;69
109390;Igor Formiga;RB;70
109394;A. Stiller;DMF;81
109396;R. Ngumoha;LWF;72
109397;S. Dest;RB;77
109399;I. Román;CB;68
109402;L. Blas;AMF;76
109412;A. García;AMF;69
109420;Alexsandro;CB;77
109424;D. Cabezas;GK;70
109425;J. Herrera;RWF;67
109439;L. Suhr;RMF;66
109455;Matheus Soares;GK;61
109461;Álex Valle;LB;73
109462;L. Lezzerini;GK;71
109474;G. Mikautadze;CF;78
109500;K. De Winter;CB;74
109503;G. Jean;CB;68
109504;Àlex Sala;CMF;72
109517;L. Sučić;CMF;75
109527;T. Siwe;CB;62
109536;I. Gueye;CF;70
109540;João Palhinha;DMF;83
109546;A. Camara;CF;61
109557;G. Souza;GK;61
109560;G. Fuentes;LB;68
109563;L. Coulibaly;CMF;73
109564;I. Sissoko;DMF;75
109568;Walace;DMF;71
109579;A. Disasi;CB;76
109582;Zé Ricardo;DMF;65
109583;D. Romero;CF;73
109584;J. Dómina;CF;67
109585;W. Osula;CF;72
109594;S. Toloza;AMF;67
109629;M. Uribe;DMF;74
109709;João Neto;CMF;61
109743;B. Riveros;LB;73
109772;E. Flores;SS;72
109812;H. Abdelli;AMF;76
109816;G. Heredia;CMF;64
109846;M. Gómez;CF;74
109849;M. Olivera;LB;75
109854;R. Rojas;CB;71
109872;P. Estupiñán;LB;77
109884;H. Tyrer;GK;67
109907;G. Pezzella;LB;71
109909;C. Talbi;RMF;77
109911;E. Krafth;RB;71
109914;Ryan;DMF;67
109924;G. Toniolo;GK;56
109932;Vitor Bueno;AMF;71
109933;D. Domínguez;LB;56
109934;Y. Lawson;LB;65
109941;A. Deiola;CMF;72
109947;J. Lerma;DMF;76
109960;A. Moreno;DMF;77
109968;M. Safonov;GK;81
109982;Patryck;LB;62
109989;Á. Lemos;RB;65
109992;S. Lencina;AMF;71
109996;Beto;CF;76
109997;Mario Hermoso;CB;78
110008;Thiago Beltrame;GK;61
110051;Tinga;RB;68
110062;Cadu;CF;63
110063;Thiago Santos;CB;65
110069;T. George;LWF;71
110073;J. Acheampong;RB;74
110076;R. Janicki;CB;69
110079;B. Chilwell;LB;75
110083;P. Roberto;CMF;68
110084;C. Baleba;DMF;79
110085;D. Guindo;LB;69
110089;R. Dejesús;CB;70
110097;J. Ziółkowski;CB;69
110103;T. Pobega;CMF;74
110104;Javi Rueda;RB;72
110109;M. Luciano;LB;65
110130;A. Santamaría;CB;70
110154;Felipinho;CMF;68
110161;J. Balza;CF;68
110211;A. Ruberto;CF;67
110223;M. Trauco;LB;71
110267;Pablo Ibáñez;CMF;73
110303;A. Budimir;CF;82
110306;Kialonda Gaspar;CB;71
110312;N. Palavecino;LMF;62
110319;Johnny Cardoso;DMF;80
110326;R. Zelezny;GK;63
110346;M. Goti;AMF;67
110351;B. Verbruggen;GK;82
110356;K. Phillips;DMF;74
110362;Léo Pelé;CB;67
110368;G. Mendoza;LWF;67
110379;J. Molina;GK;57
110394;Lucas Perri;GK;78
110399;J. Rojas;AMF;69
110414;Marcelo Rangel;GK;73
110415;E. Rolón;DMF;69
110430;Otávio Costa;GK;63
110431;R. Yaremchuk;CF;76
110438;E. Pieragnolo;LB;67
110439;Fornals;AMF;82
110441;R. Aït-Nouri;LB;79
110451;Kevin Carlos;CF;71
110456;H. Ahanor;CB;72
110457;S. Grella;LMF;62
110458;L. Pereira;LMF;68
110459;P. Musa;CF;76
110460;K. Amian;RB;72
110461;M. Cafaro;LWF;72
110462;M. Pérez;CB;66
110472;A. Aït Boudlal;CB;71
110474;C. Alcaraz;CMF;74
110476;B. Cufré;LB;67
110488;A. Medina;DMF;62
110491;G. Gudmundsson;LB;77
110495;S. Colombatto;DMF;70
110500;Edenilson;AMF;72
110505;Jauregizar;DMF;78
110514;A. Jashari;DMF;75
110518;F. Guch;AMF;62
110520;G. Montiel;RB;75
110521;L. Godoy;AMF;65
110523;P. Mboup;LWF;71
110525;S. Zagadou;CB;65
110526;N. Mukiele;CF;64
110533;F. Gerometta;RB;64
110540;A. Laâziri;LB;64
110549;M. Brescianini;CMF;73
110551;C. Ramsay;RB;64
110555;A. Tuanzebe;RB;73
110557;I. Bennacer;DMF;80
110558;João Lucas;RB;66
110562;Ronaldo;DMF;63
110563;J. Iribarren;RB;63
110568;A. Ba;AMF;67
110570;E. Mayenda;CF;71
110573;J. Laurent;DMF;73
110576;K. Serna;LMF;74
110582;D. Glaby;CMF;68
110596;Oyarzabal;CF;83
110599;A. Lookman;SS;82
110600;A. Soto;LB;71
110602;L. Picco;DMF;73
110603;L. Mosevich;CB;68
110607;L. Rivero;CB;80
110608;J. Enciso;SS;74
110614;T. Pochettino;AMF;73
110616;M. Sangaré;CMF;79
110626;O. Dembélé;CF;89
110627;Fintelman;GK;61
110633;Javi Galán;LB;76
110635;Rafa Mir;CF;74
110638;M. Rashford;LWF;80
110644;Raphinha;LWF;87
110645;I. Diop;CB;76
110648;R. Del Castillo;RWF;77
110650;B. Djimsiti;CB;77
110651;A. Rrahmani;CB;82
110667;S. Lammens;GK;82
110675;M. Rog;CMF;69
110679;T. Adarabioyo;CB;77
110681;Lucas Veríssimo;CB;75
110687;J. Makengo;CMF;72
110689;Gourna-Douath;DMF;69
110690;Otávio;CB;72
110699;N. Gudelj;DMF;73
110704;A. Colazo;CF;65
110705;G. Pérez;CB;70
110712;M. Talbi;CB;74
110713;Hugo Souza;GK;82
110715;M. Gutiérrez;RB;69
110718;K. Mbappé;CF;92
110724;André Luiz;CMF;75
110725;Javi Guerra;CMF;77
110728;A. De La Cuesta;DMF;65
110729;M. Artuira;CF;66
110735;T. Barbieri;RB;71
110736;G. Zappa;RB;73
110739;L. Torriani;GK;62
110747;Luan;DMF;65
110753;S. Moreno;RMF;68
110768;S. Daniele;CB;61
110769;Lucas Ahijado;RB;68
110772;Carreira;RB;74
110774;W. Saliba;CB;87
110777;A. Przyborek;RWF;67
110784;J. Koundé;RB;84
110786;M. Louër;RB;62
110801;G. Perrin;LWF;75
110802;Yago Pikachu;RMF;71
110803;A. Heaven;CB;74
110805;L. Raolisoa;RB;69
110812;D. Sow;CMF;75
110815;Rodri;DMF;89
110819;K. Koné;CMF;79
110832;Z. Romero;CB;74
110834;M. Garay;RB;67
110838;A. Sørloth;CF;82
110849;D. Methalie;LB;71
110852;S. Peña;CMF;71
110861;L. Sosa;CB;74
110866;Richarlison;CF;78
110869;G. Benítez;LB;69
110892;G. Maroni;AMF;70
110895;J. García;CF;70
110899;J. Villalba;CB;64
110902;Dani Olmo;AMF;83
110904;Eduardo Sasha;CF;74
110905;T. Oermann;CB;71
110929;D. Udogie;LB;78
110939;T. Iroegbunam;CMF;75
110946;M. Al-Nemer;CF;61
110947;E. Ferguson;CF;73
110948;S. Villa;LWF;76
110950;M. Mendía;CB;61
110951;F. Watson;AMF;71
110958;Toni Lato;LB;73
110965;R. Zalazar;CMF;79
110974;E. Meza;RB;71
110984;M. Seoane;CMF;63
110988;P. Magnín;CF;65
110993;G. Acosta;DMF;70
110995;J. Piquerez;LB;77
110998;G. Velázquez;CB;74
110999;J. Rodríguez;CB;73
111000;Wesley;LWF;70
111011;Luisão;CB;63
111021;C. Huerta;LWF;74
111023;G. Carabajal;AMF;69
111024;M. Flekken;GK;82
111028;R. Aliendro;DMF;74
111030;V. Koski;CB;66
111031;R. Williams;CB;60
111033;Ansu Fati;LWF;76
111035;K. Rodríguez;CF;71
111040;B. Merlini;AMF;71
111041;S. Mele;GK;75
111045;S. Longstaff;CMF;75
111049;I. Guaraz;CMF;63
111058;T. Conechny;LWF;72
111062;B. Domínguez;LWF;75
111066;A. Bareiro;CF;75
111067;G. Rojas;LMF;75
111071;João Neves;CMF;85
111073;M. Senesi;CB;79
111074;S. Ascacibar;DMF;78
111076;L. Brey;GK;70
111096;N. Molina;RB;78
111097;P. Silva T.;LB;70
111104;A. Bouzat;DMF;75
111112;E. Da Silva;RWF;63
111116;R. Lewis;RB;75
111117;S. Ortega;GK;80
111121;M. Kmet';RMF;68
111123;L. Hall;LB;78
111126;N. Pierini;CF;70
111127;Vitão;CB;61
111130;J. Bijlow;GK;76
111136;E. Agyei;RWF;65
111138;R. Freuler;CMF;80
111148;G. Astaldi;GK;56
111152;F. Bonansea;GK;64
111153;G. Guruceaga;GK;69
111159;M. Weiß;GK;71
111168;C. Awaziem;CB;72
111172;O. Vlachodimos;GK;82
111173;J. Jhon;AMF;73
111189;Ð. Petrović;GK;81
111194;T. Anjorin;AMF;68
111198;Lucca;RWF;63
111200;Maycon;CMF;72
111203;N. Silva;LWF;70
111207;Gabriel;CB;87
111212;João Vitor;CMF;67
111213;G. Caballero;RMF;68
111214;Kaio Jorge;CF;79
111222;C. Acevedo;GK;75
111242;G. Zohouri;CMF;60
111243;J. Cavallaro;LMF;68
111248;J. Gómez;RB;62
111250;Ythallo;CB;62
111252;T. Hernández;LB;83
111256;E. Akinsanmiro;CMF;69
111263;Eric Ramires;CMF;72
111272;Rubén Sánchez;RB;70
111273;D. Núñez;CF;75
111277;K. Davis;CF;74
111280;C. Romero;CB;81
111285;D. Batallini;RWF;69
111286;R. López;CF;69
111287;F. Mac Allister;DMF;70
111289;Adrián Liso;LWF;72
111295;F. Cambeses;GK;76
111301;L. Gómez;RB;68
111309;I. Chicco;GK;69
111319;J. Lázaro;AMF;65
111324;T. Molina;CF;74
111328;B. Aguirre;LWF;72
111333;E. Motta;GK;68
111334;M. Barbieri;CB;68
111336;Isaac Romero;CF;74
111337;J. Saralegui;RMF;71
111342;Aleñá;AMF;74
111343;Mariano;CF;68
111344;P. Struijk;CB;76
111353;R. Garro;AMF;77
111356;Felipe Vizeu;CF;70
111361;H. Fértoli;LMF;69
111369;Tiago Gabriel;CB;69
111388;Neris;CB;65
111407;Habraão;CB;65
111408;Pedro;CF;80
111419;G. Hernández;CB;76
111422;R. Veiga;AMF;75
111424;L. Aragão;GK;64
111426;Tiago Cóser;CB;63
111427;D. Godoy;CF;64
111435;K. Danois;CMF;76
111438;Hyan;CMF;62
111439;Y. Casermeiro;CB;66
111442;G. Satalino;GK;67
111449;Marcelinho Braz;RWF;64
111450;D. Henderson;GK;85
111458;M. Velazco;GK;64
111473;L. Fernandes;AMF;68
111478;O. Hutchinson;AMF;75
111482;L. Costa;CB;76
111483;J. Vignolo;CF;65
111484;R. Orsolini;RWF;81
111488;R. Profini;DMF;73
111800;Rúben Dias;CB;85
111803;V. Cantillo;DMF;70
111804;Lucas Paquetá;AMF;80
111807;Marquinhos;RMF;71
111808;Dodô;RB;77
111813;K. Szcześniak;CB;70
111814;A. Rouault;CB;77
111819;R. Orihuela;CB;69
111829;L. Pétrot;LB;71
111839;Dani Raba;RWF;74
111842;T. Loska;GK;66
111843;E. Caprile;GK;79
111844;Kvaratskhelia;LWF;88
111847;Pacha Espino;LB;71
111850;I. Balliu;RB;74
111852;M. Lazzari;RB;76
111859;T. Begić;LWF;60
111870;Mingueza;RB;78
111874;I. Hien;CB;77
111911;J. Letáček;GK;71
111912;A. Muñoz;AMF;62
111915;A. Armstrong;CF;71
111933;Aihen Muñoz;LB;73
111935;M. Zubimendi;DMF;85
111937;Víctor Parada;LB;70
111949;S. Beukema;CB;77
111950;L. Sernicola;RB;68
111951;A. Vergara;AMF;66
111956;I. Guerrico;LB;68
111962;G. Florentín;AMF;69
111963;D. Porcel;CF;64
111964;P. Madero;DMF;55
111967;A. Maidana;LB;67
111968;I. Laquintana;RMF;68
111969;M. Ortega;RB;67
111974;S. Walukiewicz;CB;72
111975;Tomás Araújo;CB;76
111978;R. Himbert;LWF;68
111979;N. Fernandes;RWF;66
111982;K. Merah;AMF;70
111984;M. De Carvalho;DMF;67
111986;D. Dumfries;RMF;83
111989;L. Yoro;CB;78
111997;Renato Veiga;CB;77
112000;A. Freeman;RB;72
112003;J. Burrai;GK;72
112005;Florentino;DMF;77
112012;Walker-Peters;RB;75
112015;Carlos Soler;CMF;78
112026;L. Morales;CB;73
112029;Martim Neto;CMF;72
112031;A. Fadera;LWF;72
112062;A. Golovin;AMF;78
112104;C. Pulisic;SS;84
112153;W. Faríñez;GK;71
112212;A. Onana;DMF;80
112218;Y. Bissouma;DMF;77
112229;N. Mukau;DMF;75
112283;João Pedro;CF;69
112307;Y. Zouaoui;LB;69
112377;A. Schöpf;CMF;69
112398;H. Koffi;GK;77
112417;Y. Gboho;LWF;77
112446;S. Iling-Junior;LWF;72
112448;M. Araújo;LMF;75
112458;Zubeldía;CB;76
112461;D. Okereke;CF;72
112468;D. Pérez;LB;66
112469;Maurício Garcez;LWF;68
112472;F. Rieder;AMF;72
112476;I. Saibari;AMF;79
112478;Carlos Eduardo;RMF;70
112480;S. Rahimi;LWF;76
112489;M. Thiaw;CB;80
112503;D. Rodríguez;AMF;74
112505;C. Ferreira;AMF;68
112508;G. Doué;RB;75
112509;I. Diabaté;CF;71
112510;A. Davies;LB;82
112513;Savinho;RWF;80
112514;H. Ekitike;CF;84
112515;J. Panichelli;CF;77
112516;T. Ortega;LB;65
112518;P. Pietryga;GK;61
112528;Aleix Febas;CMF;77
112539;G. Abregú;DMF;67
112544;M. Nagida;LB;67
112548;V. Rojas;GK;64
112550;Thalys;SS;67
112568;A. Spörle;LB;68
112571;J. Worrall;CB;73
112572;J. Hinshelwood;RB;77
112574;B. Johnson;RWF;80
112576;S. Alakouch;RB;64
112579;R. Rees-Dottin;RWF;62
112582;G. Errecalde;CB;64
112583;N. Milenković;CB;80
112589;Aitor Mañas;CF;63
112593;W. Isidor;CF;73
112597;J. Samooja;GK;63
112604;Valera;RWF;76
112606;A. Maldonado;CB;72
112608;Pau Cabanes;CF;65
112728;W. Oliveira;DMF;70
112733;Matheus Nunes;CMF;82
112737;João Marcelo;CB;71
112738;Bruno Leonardo;CB;69
112739;Giovanny;LMF;66
112745;Renan Peixoto;CF;67
112746;Wermeson;LWF;67
112790;Héctor Fort;RB;70
112806;R. Henry;LB;75
112819;M. Broholm;RWF;68
112833;J. Lopez;LWF;67
112853;E. Balcombe;GK;63
112854;David López;CB;68
112855;B. Austin;GK;67
112857;J. Hill;CB;74
112865;N. Garayalde;CMF;68
112888;U. Fernández;CF;72
112889;Adrián Bernabé;CMF;72
112893;H. Vaca;LWF;69
112896;M. Viti;CB;65
112900;Erick;CMF;73
112902;D. Ghilardi;CB;71
112906;Gerard Martín;LB;75
112907;L. Lipani;DMF;70
112921;M. Lovera;LWF;71
112928;L. Cabrera;CF;63
112936;G. Bogado;AMF;67
112940;Odriozola;RB;72
112943;A. Azócar;CF;67
112960;T. Rossi;CB;66
112964;R. Risser;GK;79
112977;F. Sotoca;SS;75
112978;M. Gillespie;GK;64
112991;E. Viveros;LMF;69
112998;M. Valenti;CB;66
113009;J. Eyestone;GK;58
113038;T. Pozzo;RMF;69
113039;B. Reynoso;AMF;74
113040;N. Bustos;CF;72
113041;V. Ramis;CF;66
113042;U. Sánchez;RMF;72
113059;M. Mendoza;CB;70
113065;F. Tomori;CB;81
113066;T. Abraham;CF;76
113070;A. Lotti;CF;68
113073;G. Strefezza;RWF;77
113080;A. Módica;CF;69
113081;G. Escobar;LB;67
113082;J. Infante;LB;67
113090;A. Atta;DMF;75
113091;A. Avom;CMF;72
113122;E. Biumla;CB;69
113125;Bella-Kotchap;CB;71
113127;João Pedro;CF;80
113162;Lucas Silva;LWF;67
113167;M. De Cuyper;LB;77
113168;D. Coppola;CB;74
113189;Arnau Martínez;RB;76
113195;F. Parisi;LB;74
113217;N. Pais;DMF;68
113241;B. Mechele;CB;77
113244;H. Vanaken;AMF;81
113245;J. Banel;LMF;65
113247;Tetê;RMF;76
113258;Matheuzinho;RB;73
113261;J. Duranville;LMF;72
113265;B. Sosa;LB;71
113271;N. Moro;DMF;74
113283;A. Nübel;GK;81
113284;T. Kehrer;CB;77
113293;B. Żelazowski;GK;63
113294;Oso;LMF;72
113297;J. Bruun Larsen;LWF;72
113308;F. Fragapane;LMF;68
113310;M. Tramoni;LMF;74
113312;Fernando Sobral;CMF;67
113326;A. Cardozo;DMF;73
113334;C. Kabasele;CB;72
113335;I. Reyes;CB;73
113337;P. Carlgren;GK;71
113338;D. Zakaria;DMF;83
113340;O. Zinchenko;LB;78
113345;G. Zelarayán;SS;61
113351;M. Diarra;CB;72
113352;M. Babi;CF;67
113354;J. Lefort;CB;74
113356;M. Lacroix;CB;80
113357;J. Todibo;CB;76
113364;Tchê Tchê;CMF;71
113379;Luiz Araújo;RMF;76
113380;S. Esquivel;CMF;66
113405;T. Arnold;RB;83
113406;O. Ejaria;LMF;66
113413;J. Idzes;CB;73
113418;E. Matus;LB;67
113425;B. Nadir;CMF;73
113428;L. Blondel;RB;70
113430;M. Gamarra;CB;70
113436;P. Hincapié;CB;82
113441;E. Mendy;GK;84
113443;V. Rosier;RB;77
113446;John Victor;GK;77
113467;Y. Bright;DMF;69
113487;Bremer;CB;85
113490;Djhordney;CMF;63
113495;A. Gaich;CF;68
113500;J. Menéndez;LMF;69
113501;Y. Kechta;CMF;72
113502;Y. Wissa;CF;81
113503;L. Ajorque;CF;78
113507;J. Ajayi;CF;55
113513;I. Kebbal;RWF;77
113525;Éder Militão;CB;82
113532;Shaylon;AMF;69
113551;J. Ordóñez;CB;75
113552;H. Armstrong;CMF;73
113554;J. Dina Ebimbe;RMF;73
113564;R. Sánchez;CMF;72
113573;Matheus Cunha;AMF;81
113574;D. Bentley;GK;71
113590;Luan Peres;CB;71
113596;D. Livaković;GK;79
113598;T. Nianzou;CB;71
113603;A. Webster;CB;74
113604;Toni Martínez;CF;77
113608;Nico Williams;LWF;86
113626;Carlos Augusto;LB;82
113628;R. Fernández C.;DMF;71
113633;F. Oviedo;CF;62
113655;J. Rentería;RWF;66
113656;N. Lomb;GK;68
113661;C. Jones;CMF;79
113665;T. Alarcón;DMF;73
113671;M. Espinoza;LB;69
113679;A. Pinamonti;CF;74
113709;Javi Llabrés;LWF;69
113710;J. Palacios;RMF;72
113714;Z. Roberto;CF;66
113729;Trincão;RWF;84
113737;R. González;RB;69
113743;A. Paleari;GK;71
113748;De Arrascaeta;AMF;82
113749;Nathan Mendes;RB;65
113760;Luis Milla;CMF;79
113769;Lucas Barbosa;RWF;72
113770;Everaldo;CF;68
113775;G. Słonina;GK;70
113776;F. Folino;CB;65
113782;D. Bakola;LWF;66
113787;D. Wolfe;LB;72
113792;M. Berisha;CMF;68
113795;M. Vojvoda;RB;75
113803;Abde;LWF;80
113804;V. González;AMF;57
113806;L. Braga;RMF;66
113810;Ítalo Vargas;LWF;68
113813;W. Dennis;GK;69
113819;I. Garguez;RB;67
113822;M. Daniele;GK;58
113827;Á. Verón;LWF;61
113831;F. González M.;AMF;69
113839;Moleiro;LWF;82
113840;I. Gómez;CMF;70
113842;A. Bernede;CMF;71
113843;J. Ikoné;RWF;75
113845;Abner;CB;62
113855;N. Briasco;LWF;67
113863;A. Gunn;GK;72
113883;M. Moreno;AMF;77
113889;I. Moriba;CMF;77
113890;T. Sharman-Lowe;GK;65
113891;P. Oppong;CB;71
113896;De Frutos;RMF;80
113898;J. Gutiérrez;LB;64
113900;F. Wirtz;AMF;87
113901;B. Badiashile;CB;75
113904;Y. Belkhdim;CMF;73
113906;E. Ebosse;CB;70
113907;J. Bellegarde;CMF;74
113908;Saúl Coco;CB;73
113911;F. Valverde;CMF;89
113913;D. Mastrángelo;CB;63
113914;Jorge;GK;60
113917;Marcelinho;RB;64
113918;I. Pitta;CF;72
113929;Pol Lirola;RB;73
113931;G. Kastanos;CMF;68
113933;Moisés;LWF;73
113936;Bruno Melo;LB;69
113937;L. Cornejo;AMF;61
113938;W. Clar;LB;71
113939;G. Bontempo;CMF;70
113940;Natanael;RB;70
113951;Victor Caetano;CB;68
113955;Josep Martínez;GK;77
113960;A. Hakimi;RB;88
113961;D. Kotarski;GK;75
113962;G. Gelini;RWF;65
113968;D. Kochen;GK;62
113969;Caio Henrique;LB;75
113972;M. Van De Ven;CB;80
113973;S. Cena;CB;60
113974;A. González;LB;60
113979;C. Kouamè;CF;70
113981;Maroan;CF;72
113982;C. Chukwuemeka;CMF;78
113983;I. Tapia;CB;69
113986;M. Edwards;RWF;75
113991;L. Chávez;AMF;65
113995;Rick;LMF;72
113999;Y. Diouf;GK;78
114000;T. Awoniyi;CF;75
114003;J. Doku;LWF;83
114006;Josema;CB;69
114007;M. Chiesa;GK;71
114011;F. Oppegård;LB;66
114015;N. Sadiki;CMF;77
114016;M. Terrier;CF;79
114017;B. Norton-Cuffy;RB;74
114018;M. Olise;RWF;88
114021;R. Sessegnon;LB;79
114029;M. Cash;RB;80
114034;P. Hellebrand;DMF;75
114036;J. Maddison;AMF;81
114040;J. Andrada;CMF;66
114050;J. Blázquez;GK;65
114053;T. Ndombélé;CMF;74
114056;T. Devernois;CMF;56
114059;P. Kalulu;CB;80
114061;B. Aguirre;RB;68
114070;Marc Aguado;DMF;72
114071;B. Munongo;CMF;63
114075;M. Guiu;CF;72
114076;Y. Arismendi;LMF;68
114077;W. Núñez;LWF;68
114079;T. McGill;GK;62
114080;M. Freese;GK;72
114081;D. Sarmiento;RMF;68
114084;L. Skjellerup;CF;66
114086;Carlos Miguel;GK;75
114089;C. Casadei;CMF;75
114092;A. Hausch;CF;65
114093;N. Nartey;AMF;69
114100;L. Venturino;RMF;62
114101;Young;GK;63
114105;M. De Ligt;CB;81
114106;L. Zelarayán;AMF;76
114109;Kanu;CB;69
114110;G. Til;AMF;77
114116;M. Araújo;LMF;70
114117;Á. Pécsi;GK;65
114120;B. Cuello;RMF;67
114135;S. García;RB;72
114140;N. Amiri;CMF;78
114142;Mycael;GK;70
114143;M. Ruggeri;LB;76
114147;C. Adams;CF;77
114149;J. Ekhator;CF;68
114158;T. Morton;DMF;78
114159;D. Szala;RB;64
114162;E. Sittaro;GK;61
114163;N. Patterson;RB;71
114168;E. Wahi;CF;72
114177;J. Matete;CMF;65
114178;Ibañez;CB;80
114180;I. Touré;CB;73
114181;A. Tape;CB;69
114184;J. Ramírez;AMF;65
114186;J. Bowen;RWF;85
114188;J. Belocian;CB;73
114189;Kauan;GK;62
114192;O. Camara;CB;73
114193;E. Garnier;RWF;61
114194;Félix Correia;LWF;74
114195;P. Dorgu;LB;76
114196;M. Sarr;CB;77
114197;D. Spence;LB;79
114199;G. Hein;AMF;74
114200;F. Pellistri;RWF;74
114201;I. Sarr;AMF;79
114205;Lass Kourouma;CMF;64
114206;I. Sangaré;DMF;79
114212;D. Yongwa;LB;71
114214;A. Nunziante;GK;57
114215;Georgemy;GK;63
114218;L. Sequeira;AMF;72
114219;S. López;LWF;69
114225;Aarón Martin;LB;72
114226;Marc Roca;DMF;78
114228;P. Augusto;CMF;66
114229;S. Mara;CF;70
114231;Renato Marin;GK;70
114232;Pablo Durán;CF;74
114235;F. Chiesa;LWF;80
114237;F. Corbalán;RB;63
114239;Manu Morlanes;CMF;74
114240;S. Morales;CB;64
114241;Omar El Hilali;RB;73
114243;Anderson;GK;66
114251;Pablo García;RWF;71
114253;G. Mottes;CB;70
114255;A. Frías;CB;71
114257;E. Taborda;LWF;64
114258;T. Heggem;CB;72
114267;Denilson;CMF;70
114268;Samú Costa;DMF;77
114273;Bruninho;LWF;65
114274;Bruno Matias;CMF;66
114278;Tiaguinho;AMF;60
114279;Pedro Díaz;CMF;74
114282;L. Buffon;LWF;56
114283;J. Odgaard;CF;77
114284;B. Barcola;LWF;86
114290;Bastos;CB;73
114293;D. Borrero;RWF;67
114294;Hugo Bueno;LB;73
114297;Santi Comesaña;CMF;80
114298;Fran Beltrán;DMF;76
114304;Dzięgielewski;AMF;62
114313;Luiz Júnior;GK;79
114314;M. Pašalić;RWF;71
114315;A. Dovbyk;CF;80
114325;I. Morales;CF;66
114329;G. Suso;CB;70
114330;Biel;LMF;67
114331;L. Robertone;CMF;72
114333;David Neres;RWF;81
114335;B. Leyes;DMF;69
114337;J. Scally;RB;75
114341;M. Acapandié;RB;61
114344;Micael;CB;68
114345;F. Vera;DMF;76
114347;J. Silva;LWF;66
114350;L. Mathias;GK;61
114351;R. Le Guen;CB;64
114353;I. Vázquez;CB;73
114356;V. Gómez;CB;76
114360;F. Loyola;CMF;74
114364;B. Rollheiser;AMF;73
114366;F. Bustos;RB;74
114367;D. Martínez;CB;71
114368;M. Roffo;GK;74
114369;A. Lucena;RMF;69
114370;H. Jones;AMF;60
114371;G. Villar;GK;73
114372;G. Cano;CF;75
114373;N. Schelotto;DMF;64
114375;M. Merentiel;CF;76
114376;Abel Bretones;LB;73
114379;A. Nordin;RMF;72
114380;S. Otoa;CB;66
114381;J. Foyth;RB;78
114385;G. Goñi;CB;66
114386;M. Pellegrino;CF;70
114390;E. Ndicka;CB;81
114394;Vitinho;LMF;73
114395;A. Bermont;LWF;69
114396;S. Diop;LWF;77
114403;Iván Villar;GK;74
114404;C. McKenna;GK;58
114412;Álvaro Núñez;RB;75
114416;L. Rivero;CB;75
114417;E. Plicco;AMF;52
114418;G. Cerato;RB;67
114419;Bryan Zaragoza;LWF;78
114422;Sergio Camello;CF;73
114423;L. Gazal;CB;67
114425;J. Fazzini;CMF;72
114426;D. Ljubičić;DMF;73
114430;I. Akhomach;RWF;76
114431;Ó. Cortés;LMF;70
114433;F. Mura;RB;71
114439;Y. Maleh;CMF;72
114440;Luiz Felipe;CB;74
114453;N. Valentini;CB;72
114457;D. Lukébakio;RWF;80
114463;T. Oluwaseyi;CF;72
114467;J. Basso;CB;67
114471;F. Medina;RWF;62
114472;T. Cervera;CF;67
114476;N. Trabucchi;CB;58
114478;J. Sforza;DMF;72
114480;F. Ravaglia;GK;73
114481;D. Sosa;LB;69
114484;J. Urbig;GK;76
114492;L. Esquivel;LB;66
114502;Ismael;DMF;67
114503;Igor Jesus;CF;78
114507;B. Okoh;CB;71
114510;O. Bobb;RWF;76
114521;Gorrotxa;DMF;76
114523;Renan Lodi;LB;77
114525;N. Čelik;CB;68
114534;N. Moreno;RMF;65
114535;W. Coulibaly;RB;72
114537;J. Gho;LMF;69
114538;S. Castro;CF;76
114540;Breno Lopes;LWF;72
114542;D. Osorio;RWF;74
114545;M. Højholt;DMF;67
114546;L. Gutiérrez;CF;64
114551;A. Max;DMF;68
114554;C. Diez;DMF;69
114555;F. Di Biasi;DMF;66
114557;Á. Fernández;GK;74
114558;F. Colidio;CF;75
114561;V. Hladký;GK;69
114562;Japa;CMF;65
114563;R. Gallo;LB;64
114564;Brenner;CF;71
114566;Brahim;RWF;82
114567;Isaac;CF;67
114568;J. Dasilva;CMF;72
114569;R. Fofana;CF;72
114576;B. Brobbey;CF;76
114577;J. Mateta;CF;81
114578;L. Machine;CF;62
114583;T. Lamptey;RB;69
114597;Mateo Joseph;CF;71
114598;J. Bauzá;SS;68
114600;Elgezabal;CB;71
114603;M. Esponda;DMF;66
114606;F. Stojilkovic;CF;69
114614;K. Taylor;CMF;76
114616;S. Ulreich;GK;74
114618;F. Baschirotto;CB;74
114619;S. Mayulu;CMF;76
114620;Pau Cubarsí;CB;82
114621;W. Cheddira;CF;72
114624;M. Kean;CF;82
114625;G. Díaz Núñez;LB;67
114626;Andrés García;RB;72
114627;C. Stengs;RWF;76
114628;Calero;CB;74
114633;I. Mammini;CF;65
114634;D. Tarzia;LMF;66
114636;Y. González;RWF;70
114637;M. Zaracho;AMF;73
114638;M. Guendouzi;CMF;74
114639;P. Hamel;CF;66
114640;D. Doué;RWF;87
114641;F. Ballo-Touré;LB;71
114642;A. Ocampo;AMF;67
114643;J. David;CF;81
114644;Dieguinho;RWF;66
114645;A. Gray;DMF;75
114647;Luis Pacheco;CMF;60
114653;M. Silistre;GK;64
114662;A. Bastoni;CB;86
114663;Calvert-Lewin;CF;76
114664;Pedro Rangel;GK;69
114666;T. Negrel;GK;61
114667;J. Canvot;CB;73
114669;C. Gonçalves;DMF;71
114675;N. Zalazar;CB;69
114676;L. Leroux;AMF;70
114677;K. Cataño;GK;65
114679;S. Bajic;GK;65
114681;F. Camarda;CF;66
114682;K. Arriaga;DMF;73
114686;J. Cabal;CB;75
114689;G. Simeone;RMF;83
114690;J. Krasso;CF;73
114691;José Aldo;CMF;72
114693;G. Earthy;AMF;67
114695;Pubill;RB;78
114696;R. F. Mussolini;RB;67
114698;Agirrezabala;GK;79
114699;Cristian Rivero;GK;66
114708;D. Coulibaly;CMF;62
114709;W. Mazzantti;LWF;70
114711;G. Leoni;CB;69
114712;D. Bradarić;LB;71
114713;T. Kummer;CB;64
114714;S. Giménez;CF;78
114715;G. Benedetti;LB;71
114718;P. Argney;GK;62
114719;F. Medina;CB;78
114721;Robert Renan;CB;73
114723;Francés;CB;75
114724;H. Magnetti;CMF;76
114725;W. Zaïre-Emery;CMF;81
114728;N. Krstović;CF;75
114730;M. Mónaco;RMF;63
114731;M. Adopo;CMF;73
114734;J. Reinatti;GK;60
114736;J. Fischer;GK;72
114750;Kauã Moraes;RB;63
114752;Iván Martín;AMF;78
114755;F. Masuero;GK;62
114762;Eric García;CB;82
114764;N. Pisilli;CMF;72
114766;F. Kalinger;LWF;64
114769;N. Maras;CB;69
114778;C. Montes;CB;74
114780;N. Casale;CB;74
114782;M. Dowman;AMF;67
114784;M. Perrone;DMF;77
114785;Kauã Pascini;LB;61
114786;J. Caicedo;CF;71
114787;J. Giménez;CB;62
114788;Vina;AMF;73
114791;S. Nypan;CMF;71
114792;F. Torres;RMF;68
114794;Matheus França;AMF;67
114796;L. Ferguson;CMF;77
114797;O. Sørensen;CMF;72
114799;A. Sarr;CF;70
114800;A. Adams;CF;75
114803;Yago Noal;AMF;61
114808;P. Foden;RWF;86
114816;J. Yriarte;CMF;66
114817;R. Degregorio;CF;64
114821;Weverson;LB;67
114831;Kaiki;LB;74
114835;D. Fratessi;CMF;80
114844;R. Le Normand;CB;80
114845;J. Kluivert;AMF;79
114846;Matheus Aurélio;GK;63
114847;G. Orban;CF;72
114848;Pablo Campos;GK;70
114851;M. Penders;GK;78
114852;L. Otávio;DMF;64
114853;R. Perraud;LB;76
114855;H. Barnes;LWF;79
114860;A. Grønbæk;CMF;71
114862;Y. Paz;RB;68
114864;Diógenes;GK;62
114866;H. N. Caviglia;CMF;74
114871;M. Gutiérrez;LB;78
114874;R. Alvarado;RWF;76
114876;A. Wan-Bissaka;RB;78
114877;L. Michal;LWF;66
114878;Toti;CB;74
114879;Pablo Marín;AMF;74
114880;B. Kamara;DMF;83
114881;J. Hofmann;AMF;76
114883;J. Musiala;AMF;88
114884;L. Lobato;LMF;67
114886;N. L'Huillier;LB;59
114888;Álex Jiménez;RB;76
114890;M. Lewis-Skelly;LB;79
114891;C. Palmer;AMF;85
114892;T. Buchanan;RMF;75
114894;H. Cuenca;RWF;63
114896;P. Masini;CMF;70
114897;J. Altamirano;AMF;73
114901;Z. Athekame;RB;64
114903;L. Pellegrini;LB;74
114906;E. Eze;AMF;82
114907;J. McAtee;AMF;73
114909;N. Zaniolo;AMF;76
114910;Pau Torres;CB;79
114911;T. Chirewa;LMF;65
114912;S. Ricci;DMF;77
114914;N. Mendy;CB;74
114917;D. Affengruber;CB;75
114924;Q. Hartman;LB;76
114927;A. Sima;LWF;73
114929;G. Yassine;RWF;71
114930;A. Osambela;CMF;67
114933;P. Sarr;CMF;79
114935;M. Gibbs-White;AMF;81
114936;R. Fernández;CF;74
114937;L. Kelly;CB;78
114946;S. Marcich;LB;73
114947;Dyogo Alves;GK;62
114950;C. Cresswell;CB;77
114958;N. Cavuoti;AMF;65
114963;L. Vigouroux;GK;74
114964;J. Araujo;RB;73
114966;G. Ferrari;CB;68
114967;Víctor Muñoz;LWF;78
114970;J. Arizala;LWF;64
114972;Altimira;DMF;79
114975;I. Konaté;CB;83
114976;S. Fofana;DMF;66
114978;S. Boey;RB;77
114980;D. Sommariva;GK;62
114982;A. Di Pardo;RB;66
114983;J. Tobio Burgos;LMF;72
114984;B. Brereton;LMF;75
114989;Xavi Simons;AMF;81
114990;L. Arce;RB;69
114998;F. Krüger;CF;63
114999;D. Juárez;RWF;55
115001;J. Gallardo;LB;74
115005;A. Sabiri;AMF;72
115020;A. Franco;CB;74
115022;R. Gómez;RB;68
115023;G. Togni;LWF;75
115025;A. Matturro;CB;68
115030;M. Luna Diale;CF;69
115031;J. Mejías;CB;65
115032;T. Almada;AMF;76
115038;F. Rossi;GK;63
115043;Ronaldo;GK;75
115044;E. Palacios;CMF;80
115055;M. Chávez;LB;71
115061;Murilo;CB;76
115062;E. Owusu;DMF;74
115065;S. Salle;RMF;67
115067;S. Sosa;CB;77
115068;S. Cuestas;CB;54
115074;N. Savona;RB;74
115079;A. Isak;CF;85
115080;A. Youssif;CB;69
115084;M. Frendrup;CMF;74
115086;M. Pongračić;CB;73
115087;G. Risso Patrón;LB;66
115095;Gilberto Junior;RB;64
115098;A. Buongiorno;CB;82
115103;D. Bartesaghi;LB;71
115104;J. Fedorco;CB;70
115105;İ. Vural;CMF;63
115106;L. Reggiani;CB;67
115108;C. Bassey;CB;77
115109;J. O'Brien;CB;75
115113;J. Bellingham;CMF;76
115117;G. Scamacca;CF;78
115119;T. Segovia;LMF;72
115121;V. Méndez;CMF;69
115122;V. Carboni;AMF;74
115128;D. Aguilar;LWF;66
115132;B. Gruda;AMF;75
115133;F. Mané;CB;65
115135;M. Del Blanco;LB;74
115136;T. Martinelli;GK;73
115143;F. Román;LB;67
115144;O. Kossounou;CB;79
115146;M. Folorunsho;CMF;74
115150;Kayky Almeida;CB;64
115152;W. Faes;CB;73
115153;M. Beier;CF;80
115156;Alisson;DMF;72
115159;V. Balieiro;DMF;65
115160;L. Badé;CB;77
115161;Diego López;LWF;78
115162;A. Diao;LWF;76
115163;O. Garrido;RB;62
115165;Y. Yarmolyuk;CMF;76
115175;L. Pastrán;LWF;70
115176;V. Castellanos;CF;78
115183;V. Dávila;CF;65
115184;L. Balerdi;CB;78
115186;Riquelme;RMF;63
115194;J. Arias;RMF;77
115195;D. Neil;DMF;72
115197;M. O'Riley;CMF;76
115228;A. Ramsdale;GK;78
115234;A. Murphy;LB;65
115236;E. Cannavo;RB;71
115237;Fidalgo;CMF;77
115238;K. Yıldız;SS;81
115239;G. Luiz;CF;61
115240;C. Mélières;RMF;59
115242;J. Devenny;CMF;72
115243;F. Dele-Bashiru;CMF;73
115250;M. Cabrera;GK;58
115254;R. Kolo Muani;CF;79
115258;G. Bonfanti;CB;60
115261;P. Schuurs;CB;69
115262;I. Zabarnyi;CB;79
115263;B. Aaronson;AMF;75
115281;J. Portillo;CB;73
115282;L. Cunha;CB;66
115284;B. Barcia;CMF;70
115285;I. Saavedra;DMF;71
115287;J. Ananias;CB;61
115290;G. Borrelli;CF;69
115291;T. Watson;LMF;68
115294;L. Bernabéu;CB;57
115330;M. Brondo;CF;63
115335;E. Mayers;CB;60
115336;L. Beltrán;CF;75
115338;F. Potts;DMF;71
115354;A. Luna;AMF;73
115355;L. Klanac;GK;56
115357;L. Raffin;CB;57
115358;Milosavljević;CB;72
115375;T. Guidara;RB;74
115376;V. Acuña;AMF;63
115379;F. Redondo;DMF;70
115385;F. Buonanotte;AMF;74
115388;O. Ba;GK;61
115389;M. Palma;CB;58
115390;M. Moreno;CB;71
115393;C. Abeldaño;CF;64
115520;J. Mbambi;CB;59
115521;T. Mitchell;LB;77
115522;A. Truffert;LB;78
115532;T. González;RWF;66
115533;F. Iacovich;GK;71
115534;N. Roselli;CB;58
115535;N. Domínguez;CMF;78
115536;V. Adžić;AMF;70
115538;P. Barrios;LWF;71
115540;M. Braida;LMF;73
115541;D. Sinaté;LB;56
115542;Hugo Sotelo;CMF;73
115543;B. Barticciotto;CF;73
115544;N. Ulariaga;CF;67
115644;L. Nava;GK;62
115652;C. Roberts;RB;74
115653;Guridi;AMF;74
115655;C. Kofane;CF;75
115778;W. Swedberg;LWF;76
115785;C. Spinelli;CF;72
115786;M. Ellborg;GK;69
115788;Andrew;GK;76
115790;J. Addai;RWF;70
115799;Eduardo Santos;CB;66
115804;M. Senaya;RB;69
115832;R. Andrich;DMF;79
115839;Jean Lucas;CMF;74
115841;H. Mosquera;LWF;73
115842;Luciano Juba;LB;75
115843;E. Centuríon;GK;72
115844;B. Mendy;DMF;76
115846;J. Mosquera;RB;69
115864;E. Le Fée;CMF;77
115865;N. Mbala;CF;65
115872;S. Amo-Ameyaw;RWF;70
115873;Wallace Yan;CF;65
115876;S. El Mourabet;CMF;74
115896;Vinícius;GK;69
115898;R. Lozano;RB;69
115901;M. Abaldo;RWF;73
115903;L. González;CF;62
115905;N. Deossa;CMF;74
115907;F. Jara;CF;70
115908;G. Corujo;CB;68
115910;A. Lahdo;AMF;60
115911;J. Soler;LB;67
115913;Asencio;CB;77
115914;A. Rodríguez;CMF;72
115918;Everton Galdino;RWF;70
115921;Léo Vieira;GK;72
115922;Vini Paulista;CMF;70
115923;Renan Viana;CF;65
115924;Erick Pulga;LWF;76
115925;J. Casimir;RWF;70
115926;Leozinho;RWF;67
115927;Antony;RWF;81
115929;B. Arthur;CB;60
115930;Igor Thiago;CF;82
115931;Mateusinho;RB;70
115932;Bruno Tabata;RMF;71
115933;P. Maghoma;CMF;69
115934;R. Donovan;RWF;67
115935;R. Rodrigues;CF;66
115936;L. Sylla;CB;69
115937;M. Kilman;CB;75
115940;T. Guiacobini;DMF;62
115989;Davi Gomes;LWF;62
115990;Mateus Mané;CF;73
115995;C. Itten;CF;70
115997;Afonso Moreira;LWF;75
115998;Jáderson;RMF;68
115999;L. Vargas;RB;70
116034;H. Ito;CB;76
116047;M. Palazzo;CB;62
116049;Edu Expósito;CMF;76
116051;M. Baturina;CMF;77
116053;A. Tosin;CF;71
116066;S. Berge;DMF;79
116141;S. Quiroga;AMF;64
116142;E. Koffi;RWF;65
116143;Nacho Vidal;RB;70
116144;M. Sanabria;LMF;66
116145;G. Infantino;LWF;65
116166;Kayke;RWF;64
116176;Pablo;GK;60
116179;Maílton;RB;68
116191;Allex;LMF;62
116201;N. Insfrán;GK;74
116203;A. Véliz;CF;73
116206;A. Abdullahi;RWF;62
116207;Yeremy Pino;RMF;80
116208;J. Recalde;AMF;71
116211;Douglas Luiz;CMF;76
116254;S. Lobotka;DMF;82
116270;Kevin;LWF;76
116297;Júlio Fidelis;RB;65
116298;F. Pimienta;RWF;60
116305;E. Nuamah;RWF;75
116355;M. Gregoritsch;CF;66
116401;G. Gineitis;CMF;70
116402;Y. Santiago;CMF;69
116405;T. Pembélé;RB;69
116409;R. Cabral;LMF;70
116410;Marcinho;RWF;69
116418;B. Traoré;CMF;71
116419;R. Belahyane;DMF;67
116420;M. Courcoul;DMF;68
116422;R. Braschi;CF;61
116427;E. Helland;CB;67
116430;Manu Bueno;CMF;67
116436;Isi;SS;79
116437;F. Cardozo;RMF;67
116441;A. Luciatti;CB;72
116446;N. Cambiaghi;LWF;76
116447;Arthur Dias;CB;65
116448;Breno Bidon;CMF;75
116449;I. Bravo;CF;63
116450;L. Lucca;CF;75
116451;A. Cuello;CF;72
116452;Danilo Veiga;RB;68
116455;C. Saco;CMF;68
116462;Praxedes;CMF;66
116463;J. Rosso;CB;66
116467;M. García;DMF;68
116468;J. Mosqueira;DMF;68
116469;F. Laurelli;CB;57
116471;Brais Méndez;CMF;80
116482;G. Vicario;GK;82
116483;J. Barceló;GK;61
116484;M. Silvetti;LWF;68
116485;Yuri Alberto;CF;76
116487;J. Franco;RB;67
116489;Karrikaburu;CF;66
116490;D. Odogu;CB;65
116495;J. Morán;LB;64
116496;M. Morello;DMF;64
116500;D. Díaz;CF;65
116501;A. Schott;RB;71
116502;J. Pignani;CB;65
116521;F. Vera;RB;69
116541;N. González;RWF;79
116543;J. Garner;DMF;79
116565;Y. Konak;DMF;66
116568;A. Altimira;RB;73
116570;I. Subiabre;RWF;69
116575;Marc Cucurella;LB;83
116576;S. Bueno;CB;75
116577;Abel Ruiz;CF;72
116585;F. Torres;RMF;74
116588;G. Rodríguez;CF;68
116591;C. Aquino;AMF;74
116592;T. Galván;LMF;72
116598;S. Prieto;LB;68
116602;J. López;DMF;68
116603;S. Moreyra;DMF;68
116604;M. Giménez;CF;71
116605;S. McTominay;DMF;87
116606;E. Lepaul;CF;79
116607;D. Karim;CMF;69
116608;M. Robinson;CB;73
116620;G. Morales;CF;67
116625;K. Sulemana;LWF;73
116628;B. Donio;DMF;62
116630;A. Ladstatter;RWF;66
116631;Tiago Santos;RB;75
116633;S. Diop;CF;56
116634;O. Sonne;RB;73
116636;N. Pintus;CB;57
116638;R. Barrios;RB;67
116642;F. Kadıoğlu;LB;78
116655;D. Upamecano;CB;85
116656;N. Zalewski;LMF;75
116659;R. Bozhinov;CB;63
116661;N. Jauny;GK;59
116666;S. Szymański;AMF;76
116667;Jan Virgili;LWF;75
116671;R. Nicolaisen;CB;76
116672;A. Osorio;CF;69
116676;V. Vanat;CF;78
116677;T. Ollila;LB;67
116679;A. Vermeeren;CMF;76
116689;S. Esposito;CF;73
116690;Y. Zabiri;CF;66
116691;P. Gueye;DMF;80
116692;M. Guerrero;RWF;69
116696;F. Jainikoski;CF;65
116706;C. Riedel;CB;70
116708;M. Mudryk;LWF;75
116709;F. Garcés;CB;71
116710;H. Haraldsson;AMF;77
116711;M. Gabbia;CB;79
116721;J. Yeboah;CF;73
116741;Sivera;GK;79
116743;Gonzalo Villar;CMF;73
116751;Ferran Torres;LWF;85
116755;Bahia;CMF;63
116803;D. Vlahović;CF;78
116912;Reinier;AMF;70
116943;O. Luengo;CB;68
116946;P. Mazzocchi;RB;71
116950;E. Corvi;GK;70
116952;R. Arboleda;CB;74
116953;M. Løvik;LB;59
116955;T. Muharemović;CB;74
116956;J. Ondrejka;LMF;73
116958;F. Rinaldi;GK;63
116959;A. Njie;LWF;65
116960;M. Lusuardi;CB;59
116961;J. Romaña;CB;76
116970;G. Di Lorenzo;RB;81
117030;F. Callejo;RWF;68
117038;L. Colombo;CF;71
117039;A. Urzi;LMF;70
117040;S. Britschgi;RB;64
117043;C. Wiley;LB;68
117047;Vinícius Júnior;LWF;89
117050;F. Pardo;CB;75
117055;T. Slotsage;CB;69
117067;F. Mambimbi;SS;68
117072;A. Kamara;RWF;68
117074;M. Oyedele;DMF;69
117081;D. Maldini;AMF;74
117082;Pep Chavarría;LB;77
117087;Pedro Neto;RWF;83
117147;F. Alarcón;CB;71
117230;D. Vargas;LB;60
117239;F. Altamira;RMF;69
117289;Tete Morente;LMF;72
117335;M. Arezo;CF;73
117358;T. De Smet;LB;70
117362;N. Fúnez;CF;64
117363;M. Munetsi;CMF;77
117364;Peque;AMF;74
117371;U. Mboula;CB;67
117373;M. Svilar;GK;85
117374;H. Delcroix;CB;72
117378;A. Dønnum;RMF;75
117379;André Ramalho;CB;73
117384;A. Furlanetto;GK;62
117389;L. Regiardo;CMF;60
117390;O. Provstgaard;CB;69
117400;R. Solís;GK;74
117401;Sergi Cardona;LB;78
117402;I. Chaira;RWF;73
117403;F. Pacheco;RWF;66
117404;R. Garcés;CB;73
117406;G. Chávez;CB;69
117407;M. Lazo;CB;71
117410;Y. Mvogo;GK;76
117420;M. Aebischer;CMF;73
117426;Tchoca;CB;69
117452;G. Baroni;AMF;65
117453;Manu Sánchez;LB;74
117456;Douglas Santos;LB;75
117463;D. Hadžikadunić;CB;62
117464;D. Svensson;LB;77
117468;N. Fonseca;DMF;72
117469;T. Perrotta;CF;64
117475;A. Wharton;DMF;79
117485;T. Magno;LWF;68
117486;G. Martínez;CF;74
117491;V. Barco;CMF;76
117492;M. Domenech;CF;67
117495;S. Mouriño;CB;77
117496;B. Perlaza;CMF;71
117497;H. Traorè;AMF;77
117498;K. Castaño;DMF;74
117501;C. Arango;CF;76
117502;J. Cardozo;DMF;62
117505;C. Cuesta;CB;72
117506;L. Diarra;GK;64
117507;Vitor Roque;CF;79
117509;J. Herrera;SS;61
117510;D. Herazo;CF;67
117513;A. Mendy;RB;70
117517;J. Barinaga;RB;71
117518;L. Advíncula;RB;74
117520;Abdón Prats;CF;73
117521;C. Ndour;CMF;72
117523;Selton;AMF;65
117524;K. Kelsy;CF;69
117528;J. Grimaldo;RWF;69
117530;W. Ditta;CB;75
117531;Á. Valera;CF;75
117532;K. Quevedo;RWF;70
117537;Álvaro Valles;GK;81
117538;C. Ordóñez;DMF;71
117539;Paulinho;CF;76
117542;Wendell;LB;70
117545;T. Cuello;LMF;74
117546;Gabriel Menino;CMF;71
117547;Kaio César;RMF;74
117552;Asier Hierro;CF;61
117562;Javi Rodríguez;CB;75
117563;A. Gomes;CMF;77
117567;M. González;LWF;60
117568;P. Wimmer;RWF;70
117575;Zanocelo;DMF;68
117576;A. Zerbin;LWF;72
117579;A. Farías;DMF;63
117580;F. Coppola;CB;60
117582;V. Birmančević;LWF;75
117588;André Henrique;CF;64
117591;T. Palacios;CB;74
117593;J. López;CF;79
117594;F. Peña Biafore;DMF;68
117596;M. Faye;CB;65
117598;M. Leris;RMF;71
117604;C. Franco;LWF;59
117613;W. McKennie;CMF;79
117620;J. Doig;LB;73
117621;A. Zakharyan;AMF;72
117627;S. Doucouré;CB;65
117632;G. Berterame;CF;77
117636;Jorge Cuenca;CB;75
117641;F. Álvarez;CB;75
117643;A. Méndez;RB;69
117644;J. Clauss;RB;77
117650;J. Lucumí;CB;75
117651;L. Hjelde;LB;67
117652;D. Oyegoke;RB;63
117659;A. Milambo;AMF;73
117661;Fábio Carvalho;AMF;74
117662;A. Sherri;GK;66
117668;Antonio Sánchez;RMF;72
117669;N. Buayi-Kiala;CMF;62
117670;Á. Rodríguez;CF;73
117674;K. Etta Eyong;CF;76
117675;Kayky;RMF;69
117678;Kaique Kenji;LMF;66
117683;T. Bischof;CMF;76
117686;Y. Trepy;SS;63
117687;A. Fernández;AMF;67
117688;J. Córdoba;CF;76
117689;J. Campaz;LWF;75
117697;Igor Gomes;CMF;72
117699;M. Trésor;LWF;73
117702;F. Conceição;RMF;79
117703;M. Hermansen;GK;75
117708;E. Pinnock;CB;75
117710;Á. Busso;GK;60
117717;A. Albarracín;RWF;69
117720;J. Cabrera;RB;63
117723;J. Kalumba;RWF;65
117725;L. Costa;CB;67
117726;J. Ekomié;LB;70
117728;Vanderson;RB;76
117731;N. Angulo;LMF;71
117735;G. Castillo;DMF;59
117736;Lamine Yamal;RWF;89
117747;Matheus Reis;RWF;62
117756;T. Leiva;CMF;64
117758;K. Ortiz;DMF;71
117760;T. Gillier;GK;70
117763;M. Cancellieri;RWF;73
117765;P. Köhn;GK;78
117766;K. Laimer;RB;83
117769;Álex Domínguez;GK;68
117770;L. Ambros;AMF;68
117771;D. Puebla;LMF;70
117773;L. Blanco;LB;73
117774;A. Steimbach;RB;66
117775;J. Flores;CF;62
117776;Luiz Henrique;RMF;80
117779;P. Groß;CMF;77
117784;I. Méndez;CMF;70
117785;Brenno;GK;70
117786;Robinho Júnior;LWF;66
117787;Clinton Mata;CB;76
117788;I. Koné;CMF;76
117791;G. Restes;GK;77
117793;L. Martínez;CB;81
117796;A. Haidara;CMF;74
117798;Hugo;LB;65
117799;Pedro Henrique;CF;70
117802;D. Bobadilla;CMF;74
117803;C. Fassnacht;RWF;72
117812;R. Tesuri;RMF;69
117813;Y. Asprilla;RMF;75
117814;N. Hernández;CB;65
117818;B. El Khannouss;AMF;76
117820;M. Bombito;CB;74
117821;Natan;CB;76
117835;T. Weah;RMF;77
117842;B. Locko;LB;74
117843;F. Domínguez;RB;72
117850;R. Carneiro;GK;59
117866;H. Moldovan;GK;72
117867;Z. Flemming;SS;77
117878;J. Cortazzo;CB;60
117879;Mateu Morey;RB;72
117883;A. Obert;CB;73
117884;C. Ekuban;CF;70
117886;T. Castagne;RB;76
117889;A. Pavlović;DMF;82
117894;Gustavo;AMF;67
117901;Joel Roca;LWF;76
117907;J. Hurtado;CF;67
117916;E. Nketiah;CF;75
117917;J. Willock;CMF;77
117920;J. Cuenca;RB;56
117927;Aitor Paredes;CB;77
117931;Nuno Mendes;LB;87
117932;D. Malen;RWF;80
117934;Cucho Hernández;CF;78
117938;Fran García;LB;76
117940;R. Nelson;RWF;75
117946;O. Vargas;CMF;72
117947;L. Mezerette;GK;59
117952;A. Martegani;AMF;70
117955;B. Ojeda;DMF;69
117960;E. Iñiguez;RB;64
117961;C. Crew;DMF;59
117969;N. Cozza;LB;70
117981;M. Khlan;LWF;68
117984;C. Ibáñez;LB;71
117985;Gonzalo;CF;75
117987;J. Freitas;CF;68
117993;N. Raskin;CMF;76
117995;Manu Fernández;CB;70
118007;J. Sancho;LWF;79
118009;K. Retamar;CF;68
118011;Luis Henrique;RMF;77
118015;S. Sané;CB;70
118021;T. Soucek;DMF;79
118026;M. Salas;CF;74
118030;E. Nwaneri;RWF;77
118031;M. Miño;GK;66
118032;F. Lo Celso;AMF;64
118038;T. Malacia;LB;74
118041;N. Estevez;DMF;70
118042;O. Watkins;CF;80
118044;S. Boselli;CB;72
118047;S. Abdulhamid;RB;75
118048;Alex Amorim;AMF;67
118049;F. Cham;RB;64
118053;Figueiredo;CMF;63
118067;C. Makoun;CB;69
118072;N. Kühn;RWF;77
118076;N. Tenaglia;RB;77
118077;W. Riveros;CB;69
118078;G. Gentile;LMF;70
118079;N. Montoya;RB;61
118080;M. Ristić;LB;72
118081;A. Díaz;CF;68
118082;Víctor García;RMF;72
118085;A. Bodart;GK;75
118088;E. Tapsoba;CB;82
118092;Álvaro Carreras;LB;79
118095;A. Quirós;CB;72
118096;M. Mount;AMF;76
118097;O. Touré;CB;65
118098;R. Loaiza;DMF;70
118102;J. Liteta;DMF;67
118103;M. Prati;DMF;72
118108;D. Rensch;RB;73
118109;Arthur;RB;71
118110;A. Gouiri;CF;79
118111;G. Coudert;GK;76
118122;K. Kouao;RB;71
118127;A. Canelo;LMF;72
118129;L. Coulibaly;RMF;69
118135;A. Vranckx;CMF;72
118136;Diogo Dalot;RB;76
118140;E. Abadia-Reda;LB;55
118142;L. Giaccone;RWF;72
118143;D. Castillo;CMF;70
118145;L. Krejcí;CB;77
118146;L. Mamut;CMF;62
118148;Pacheco;CB;73
118149;L. Freitas;CB;65
118154;Jon Martín;CB;75
118155;J. Arias;CF;64
118162;A. Ismajli;CB;74
118163;H. López;AMF;62
118164;E. Smith Rowe;AMF;77
118165;H. Davies;GK;62
118171;S. Tonali;DMF;81
118173;J. Mercado;LWF;68
118174;M. Rogers;AMF;83
118175;Nico Serrano;LWF;70
118176;E. Janža;LB;72
118178;K. Lewis-Potter;LB;76
118181;Junior Messias;RWF;71
118183;M. Gallardo;AMF;66
118186;D. Cissé;CMF;73
118188;L. González;CMF;68
118190;C. Gruezo;DMF;74
118191;Unai Núñez;CB;74
118193;O. Alderete;CB;78
118195;J. Zirkzee;SS;76
118200;Diego Pampín;LB;68
118201;A. Stach;DMF;79
118202;L. Romo;DMF;76
118203;J. Russell-Rowe;CF;68
118205;T. Livramento;RB;78
118207;Jorge Cestero;DMF;63
118208;Dodi;DMF;70
118209;Brugui;RWF;74
118211;S. Chukwueze;RWF;79
118213;M. Camara;CMF;77
118215;J. Aidoo;CB;72
118221;D. Ndoye;RWF;76
118225;N. Cadiou;CMF;72
118226;E. Zhegrova;RWF;81
118230;F. Israel;GK;76
118236;Vitinha;CMF;88
118240;V. M. Savić;GK;82
118246;I. Meslier;GK;71
118247;T. Fernández;CB;63
118248;L. Hoyos;GK;69
118253;Zito Luvumbo;CF;70
118259;E. Díaz;LB;74
118261;L. Siviero;GK;55
118262;O. Marmoush;CF;81
118264;M. Méndez;CF;70
118267;Rodri Mendoza;AMF;70
118269;Maik;RB;65
118270;L. Kal;DMF;67
118274;T. Reijnders;CMF;83
118275;M. Muheim;LB;72
118276;Léo Ortiz;CB;77
118278;M. Travers;GK;72
118282;M. Ortiz;CB;69
118284;A. Sánchez;CMF;72
118285;A. Karabec;AMF;73
118293;Arthur Gabriel;LB;67
118294;S. Chambers;AMF;61
118295;J. González;RB;69
118300;M. Fernández;DMF;69
118303;J. Ramsey;LMF;77
118305;C. Zabala;DMF;72
118306;Carlos Macià;CMF;62
118308;U. Radaković;CB;67
118313;R. Ríos;CMF;78
118316;T. Koopmeiners;DMF;80
118321;Júnior Santos;RWF;70
118322;L. Loor;LB;72
118323;Carlos Coronel;GK;73
118325;S. Medina;LMF;68
118327;I. Rodríguez;CMF;67
118332;M. Kumbulla;CB;76
118333;M. Popa;GK;71
118334;L. Zogbé;RB;67
118335;R. Gravenberch;DMF;87
118336;F. Cabral;CF;64
118338;P. Brunner;CF;65
118339;D. Reasco;CF;71
118340;David Raya;GK;89
118342;H. López Muñoz;AMF;75
118343;J. Russo;LB;59
118344;M. Villasanti;CMF;74
118345;F. Torres;CB;69
118347;V. Mykolenko;LB;76
118348;B. Zapelli;CMF;71
118349;L. Ranieri;CB;74
118350;M. Pedersen;RB;73
118352;M. González;RMF;67
118353;N. De La Cruz;CMF;72
118354;Iván Romero;CF;74
118355;E. Cömert;CB;71
118357;E. Iannoni;CMF;68
118358;A. Alaniz;RWF;67
118360;G. Martirena;RB;72
118363;A. Piedrahita;LMF;69
118365;L. Heredia;CF;72
118370;T. Gigena;CF;57
118371;Ander Guevara;CMF;74
118373;Fer López;RWF;75
118377;C. Vivas;CB;70
118379;Bryan Gil;LWF;79
118380;N. Edjouma;RWF;68
118381;Pedri;CMF;89
118383;G. Requena;CB;65
118384;W. Kannemann;CB;70
118385;A. Sosa;LMF;68
118388;Raniele;DMF;75
118392;Lucas Beraldo;CB;78
118393;F. Terracciano;RMF;71
118394;T. Le Bris;RMF;72
118395;T. Rubio;RB;64
118399;E. Coronel;RB;72
118400;M. Payero;CMF;73
118401;A. Giay;RB;73
118403;A. Marcandalli;CB;69
118405;N. Demartini;CB;68
118407;W. Pacho;CB;87
118417;Rodrygo;RWF;84
118418;M. Alleyne;CB;67
118421;M. Godoy;LMF;69
118425;M. Tavernier;LMF;76
118428;Dro Fernández;AMF;71
118429;B. Rodríguez;RMF;70
118430;J. Gómez;CMF;68
118433;L. Guilherme;RMF;71
118434;M. Felici;LWF;73
118437;Schlotterbeck;CB;84
118438;R. Braschi;CF;55
118445;H. Wright;CF;74
118446;K. Antonio;RB;66
118447;D. Vásquez;GK;75
118448;K. Cabrera;AMF;70
118449;T. Durso;GK;67
118451;M. Melluso;LB;68
118454;L. Colwill;CB;79
118461;Benedetti;CB;63
118462;F. Díaz;DMF;68
118463;J. Astudillo;CB;58
118472;Juan Miranda;LB;73
118473;Ygor Vinhas;GK;65
118475;P. Díaz;GK;73
118478;J. Hernández;RMF;69
118479;C. Nascimento;LB;64
118480;J. Sarmiento;RWF;66
118482;M. Brizuela;CB;71
118488;Jan Salas;CMF;60
118491;N. Woltemade;CF;81
118494;N. Vlašić;AMF;78
118501;L. Ríos;CMF;69
118502;A. Maciel;CB;69
118505;M. Tagliamonte;GK;74
118506;A. Gallo;LB;73
118507;G. Neves;DMF;76
118509;R. Idrissi;LB;68
118518;Izeta;CF;70
118521;L. Quiroz;CB;61
118522;Miguel Sierra;RWF;65
118523;M. López;LB;72
118527;K. Havertz;CF;82
118528;M. Damsgaard;AMF;79
118529;M. Carabajal;CB;75
118531;J. Toljan;RB;73
118532;L. Drummond;CF;64
118533;B. Cabrera;CB;67
118541;P. Diop;CMF;69
118542;L. Moro;CF;67
118549;G. Trindade;LB;59
118551;Pol Lozano;DMF;75
118553;M. Cóccaro;CF;71
118555;Emersonn;CF;72
118556;J. Van Neck;GK;62
118558;S. Rosané;DMF;69
118559;Fermín;AMF;83
118562;A. Gory;LMF;71
118563;N. Jackson;CF;78
118566;A. Camara;CMF;72
118567;Á. Zendejas;RMF;76
118569;Fabrício;GK;64
118570;A. Francis;CMF;69
118571;Fran González;GK;64
118573;K. Hoever;RB;74
118576;R. Martínez;CF;73
118577;S. Rodríguez;CF;68
118578;Índio;AMF;60
118581;R. Durosinmi;CF;75
118584;N. Aguerd;CB;80
118585;T. Adoryán;LMF;65
118587;E. Báez;LB;71
118588;H. Ashby;RB;66
118592;K. Lamadrid;LMF;71
118593;J. Tah;CB;85
118595;C. Palacios;AMF;73
118596;A. Cavagna;GK;59
118597;F. Moyano;DMF;67
118599;O. Óskarsson;CF;74
118602;L. Martínez D.;CF;67
118617;Diego Conde;GK;77
118619;Ryan Francisco;CF;64
118626;Carlos Romero;LB;77
118627;N. Tella;RMF;78
118628;S. Andino;LMF;74
118629;P. Ratkov;CF;68
118633;K. Furo;CF;62
118634;Allanzinho;LWF;65
118637;A. Molina;RB;65
118638;J. Acevedo;RMF;66
118639;D. Romero;GK;70
118641;J. Deminguet;CMF;73
118643;L. Balbo;LB;58
118645;M. Vera;CMF;72
118646;R. Giampaoli;CB;70
118648;L. Geertruida;RB;77
118650;N. Elphege;CF;65
118653;A. Khusanov;CB;78
118656;L. Bailey;RMF;78
118657;Diego Moreira;LMF;77
118659;M. Culbreath;RMF;66
118661;E. Cabrera;AMF;69
118662;C. Roque;CB;62
118663;R. Højlund;CF;76
118664;M. Wieffer;DMF;78
118668;A. Vidal;GK;68
118669;A. Simarra;CB;63
118675;J. Castillo;DMF;71
118676;N. Bolcato;GK;65
118677;Adrià Pedrosa;LB;73
118680;F. Jörgensen;GK;81
118683;A. Franco;CMF;72
118685;Gorosabel;RB;74
118686;M. Tel;LWF;77
118687;M. Fofana;LWF;78
118690;E. Elizalde;CB;69
118691;B. Mlačić;CB;64
118693;S. Ostrzinski;GK;64
118697;B. Gilmour;DMF;75
118698;J. Martínez;DMF;74
118702;L. Morales;GK;73
118703;Kike Salas;CB;74
118707;A. Adli;AMF;77
118711;A. Montero;CMF;66
118712;L. Varaldo;CF;67
118713;E. Galego;CF;64
118714;R. Gurtner;GK;69
118715;J. Alí;RWF;57
118716;F. Zapiola;LMF;70
118717;Erick;RWF;73
118719;D. Fernández;CB;71
118723;C. Ejuke;LWF;76
118726;L. Nmecha;CF;76
118727;J. Rouhi;LB;65
118728;R. Malinovskyi;AMF;75
118732;Edson Carioca;LWF;70
118734;Ângelo;RWF;76
118826;J. Correa;DMF;64
118827;Hugo Álvarez;LMF;75
118829;G. Piñeiro;AMF;66
118836;A. Riep;LMF;63
118837;Renato Kayser;CF;71
118839;M. Sauer;CMF;68
118841;A. Cambiaso;LB;79
118844;I. Miramón;DMF;69
118931;M. Rodríguez;RWF;62
118933;L. Zahović;AMF;67
118934;Carlos Espí;CF;74
118936;B. Álvarez;LWF;61
118939;C. Medina;CMF;75
118940;F. Nmecha;DMF;87
118941;Robert Navarro;AMF;75
118943;A. Canobbio;RMF;74
118944;Vitor Reis;CB;74
118945;F. Nicola;LMF;65
118946;M. Panaro;LWF;67
118949;C. Olivera;RWF;73
118954;S. Sosa;LWF;68
118955;A. Bamba;DMF;70
118957;T. Belmonte;DMF;72
118958;L. Cristaldo;CB;60
118959;J. Portillo;CB;63
118960;R. Insúa;LB;68
118961;D. Peixoto;DMF;66
118965;M. Palestra;RB;73
118966;A. Amaimouni;RWF;70
118968;Hugo Duro;CF;78
118969;O. Sahraoui;LWF;77
118970;Juan Cruz;LB;73
118973;B. Diaby;CB;69
118974;F. Cabanillas;AMF;61
118979;A. Camara;DMF;52
118980;A. Boayar;CF;62
118983;B. Martínez;LMF;67
118984;Iago;LB;70
118986;N. Sangui;LB;69
118987;K. Coman;LWF;82
118989;R. Ibarra;CB;67
119088;T. Aranda;AMF;70
119096;S. Canestrelli;CB;71
119097;A. Obando;CF;68
119099;W. Barlasina;GK;65
119107;O. Gandelman;CMF;74
119112;F. Sylla;DMF;68
119113;D. Hernández;LMF;70
119114;A. Sarco;CF;66
119118;R. Vaz;CF;70
119124;J. Sanabria;CMF;73
119126;G. Mensah;LB;73
119128;M. García;DMF;56
119129;T. Ayala;GK;65
119130;I. Mbaye;RWF;74
119131;Sergio Gómez;LMF;76
119134;Gui Negão;CF;69
119135;Luis Rioja;LMF;77
119138;H. De La Fuente;RB;68
119140;E. Ben Seghir;LMF;75
119143;J. Anthony;LWF;76
119146;E. Cañete;CMF;65
119147;R. Romo;GK;75
119151;R. Bellanova;RB;75
119152;A. Vossah;CMF;69
119153;Rafael Leão;LWF;85
119571;C. De Ketelaere;SS;82
119778;C. Gamarra;CB;65
119780;J. Marabel;CF;68
119782;A. Tchouaméni;DMF;84
119783;M. McKenzie;CB;73
119799;N. Vallejo;LMF;75
119801;K. Gutiérrez;DMF;72
119803;M. Cho;RWF;74
119809;F. Alfonso;RWF;69
119810;N. Morgantini;RB;68
119811;M. Retegui;CF;80
119812;S. Quillahuamán;AMF;56
119813;L. Rodríguez;DMF;72
119814;R. Hernández;LB;68
119815;L. Cabral;AMF;72
119816;Aitor Ruibal;RB;76
119817;G. Arturia;CB;64
119818;R. Faivre;RMF;76
119819;N. Nkounkou;LB;75
119820;Pau Navarro;RB;74
119822;Igor Silva;RB;70
119827;M. Villa;RB;67
119828;Pedro Porro;RB;80
119830;Igor Paixão;LWF;79
119834;P. Souto;LB;66
119839;J. Lepenant;DMF;75
119840;B. Özer;GK;79
119841;F. Orozco;LMF;64
119842;K. Sano;DMF;78
119847;A. Edmundsson;CB;65
119849;L. Vušković;CB;77
119850;F. Calderón;CB;72
119854;P. Katseris;RMF;71
119857;N. Katić;CB;61
119860;L. Bursich;GK;63
119862;Fabrício Bruno;CB;77
119863;Estêvão;RWF;80
119864;C. Pérez;DMF;70
119865;Pablo Agudín;AMF;63
119866;Cauan Barros;CMF;72
119868;C. Akpa;LB;73
119872;A. Houary;SS;68
119875;A. Harroui;CMF;72
119876;Aimar Oroz;AMF;77
119877;D. St. Clair;GK;75
119878;Y. Adli;DMF;77
119882;Cristiano;LB;66
119884;S. Cordero;DMF;68
119885;N. Fraser;CF;59
119886;F. Viñas;CF;73
119889;N. Mazraoui;RB;78
119890;D. Caleta-Car;CB;74
119892;Raúl Moro;LWF;77
119893;C. Rivero;CB;71
119899;R. Matondo;AMF;71
120082;Marcos Antônio;CMF;78
120295;S. Hidalgo;CF;71
120296;Aderlan;RB;66
120299;Endrick;CF;76
120300;F. Amuzu;LWF;74
120306;K. Haug;GK;71
120309;C. Hudson-Odoi;LWF;77
120310;K. Mavropanos;CB;76
120315;E. Zeballos;LMF;77
120327;S. Montiel;LMF;74
120332;J. Savarino;AMF;75
120335;E. Roldán;CMF;65
120336;C. Ramírez;LB;72
120339;C. Ferreira;CB;65
120340;P. Mendy;CF;62
120342;G. Rodríguez;CB;72
120343;C. Domínguez;CB;72
120345;C. Varela;GK;69
120351;H. Hassan;RWF;75
120354;E. Demirović;CF;69
120355;T. Chalobah;CB;79
120357;E. Elmas;AMF;77
120360;Álex Forés;CF;70
120361;Javi López;LB;73
120363;S. Meza;GK;71
120364;Yoel Lago;CB;71
120368;A. Gordon;LWF;80
120369;S. Dalmasso;AMF;62
120375;R. Ryller;DMF;66
120376;Josan;RB;74
120377;S. Abdul Samed;DMF;72
120380;J. S. Larsen;CF;77
121192;L. Bergström;GK;69
121197;T. Allende;RMF;73
121198;M. Aguiar;AMF;59
121200;Charles;DMF;69
121205;G. Mainero;RMF;71
121210;Rodrigo Gomes;RMF;73
121213;E. Pereyra;LB;67
121215;D. Cáceres;LB;66
121216;G. Lodico;CMF;73
121217;A. Ouédraogo;CMF;71
121223;J. Alcívar;DMF;74
121224;E. González;LWF;65
121226;L. Carrizo;CB;69
121227;D. Tchamba;CB;70
121229;G. Mora;AMF;73
121235;L. Souto;RB;67
121237;Reguilón;LB;74
121238;Chris Ramos;CF;73
121239;Thierry Correia;RB;73
121244;N. Zätterström;CB;64
121251;N. Kamara;CB;66
121254;L. Lavagnino;GK;67
121255;F. Paradela;CMF;64
121256;A. Zanoli;RB;72
121257;S. Pierotti;AMF;72
121284;U. Giménez;CB;64
121294;N. Brown;LB;79
121296;J. Ludueña;CB;67
121300;M. González;DMF;65
121306;R. Roefs;GK;82
121307;K. Thuram;CMF;83
121308;A. Prass;LMF;68
121310;Robert Sánchez;GK;83
121311;A. Almendra;CMF;76
121314;Junior Firpo;LB;75
121318;S. Arzamendia;LB;72
121321;J. Bah;CB;72
121322;Pedro Lima;RB;68
121324;L. Fernández;AMF;75
121327;Y. Bisseck;CB;76
121331;J. Bay;LB;68
121332;K. Diatta;RMF;74
121334;I. Toney;CF;80
121339;D. Valoyes;RWF;74
121340;C. Cándido;LB;71
121344;Carmona;RB;75
121354;A. Anselmino;CB;72
121358;G. Verón;CF;71
121359;S. Sosa;DMF;64
121363;M. González;CB;65
121364;D. Fernández;GK;60
121371;J. Campuzano;DMF;71
121373;W. Fofana;CB;79
121381;J. Canale;CB;73
121382;Ángel Pérez;RWF;70
121387;O. Pona;GK;60
121391;D. Martínez;RWF;67
121396;S. Quirós;CB;66
121944;A. Patterson;GK;74
121945;A. Broja;CF;72
121948;E. Konsa;CB;83
121949;A. Costa;CB;76
121958;J. Rowe;LWF;75
121960;A. Tóth;CMF;72
121961;S. Van Den Berg;CB;76
121962;J. Harrison;RMF;72
121968;D. Valencia;CF;69
121972;L. Maldonado;GK;64
121979;R. Bardghji;RWF;74
121980;C. Bradley;RB;79
121981;C. Da Silva;CMF;63
121989;D. Cirkin;LB;72
121990;I. Galván;LB;61
121995;C. Niasse;DMF;72
121996;L. Koleosho;LWF;72
121998;B. Dadín;CF;65
122000;J. Solis;DMF;73
122001;I. Ganiou;CB;74
122002;Joelinton;CMF;81
122005;N. Okafor;CF;75
122006;Leo Román;GK;78
122007;A. Martínez;CB;68
122008;Camilo;DMF;67
122011;O. Christensen;GK;72
122012;C. Gakpo;LWF;81
122015;L. O'Nien;CB;72
122016;L. Sasha;DMF;70
122017;T. Louchet;RMF;71
122020;M. Succar;CF;64
122033;A. Rodríguez;CF;67
122037;D. Otoya;CF;62
122264;A. Saelemaekers;RMF;80
122265;S. Bornauw;CB;73
122275;M. Klimowicz;AMF;67
122281;L. Marchi;LB;66
122288;J. Paredes;CF;65
122302;J. Zozaya;GK;64
122305;A. Fuentes;DMF;67
122307;Á. Angulo;LB;71
122310;L. Peña;RMF;64
122313;J. García;CB;60
122314;C. Montes;LWF;72
122319;L. Sinayoko;RWF;74
122320;M. Ruidías;RB;69
122321;C. Algarañaz;CF;67
122322;V. Bernedo;GK;69
122323;C. Cermeño;CMF;69
122324;T. Verón Lupi;RWF;71
122330;N. Arias;RB;61
122331;J. Manzaneda;LWF;66
122332;C. Carbajal;LB;66
122341;A. Molinas;CMF;63
122342;M. Castro;LWF;68
122347;A. González;DMF;66
122678;D. Sánchez;GK;70
122696;L. Marimón;CF;63
122699;I. Erquiaga;LB;67
122701;W. Velásquez;CB;65
122702;Á. Ampuero;LB;66
122715;C. Bobadilla;CMF;54
122716;G. Raspadori;SS;77
122717;P. Villalba;RWF;61
122727;J. Ekkelenkamp;AMF;75
122728;N. Lang;LWF;78
122729;M. Zelaya;CB;63
122732;A. Granko;RWF;58
122733;J. Vertrouwd;LB;66
122897;C. Fara;CB;70
122914;J. Zevallos;RB;62
122920;F. Gattoni;CB;70
122932;L. Romero;DMF;69
122933;S. Mendoza;CMF;57
122934;M. Chaparro;LWF;64
123066;A. Madruga;CB;63
123067;P. Cari;CMF;63
123075;C. Paredes;CMF;68
123076;G. Flores;GK;60
123077;R. Auzmendi;CF;68
123225;L. Chaverra;RB;69
123232;L. Herrera;LMF;68
123242;J. Bolívar;LB;68
123442;S. Mosquera;LWF;71
123717;J. Rojas;RB;67
123722;M. Alvarado;RWF;58
123726;A. Lauriente;LWF;78
123728;J. Silva;CB;66
123729;E. Rodríguez;CF;64
123732;R. Anderson;GK;68
123749;L. Suárez;CF;78
123751;J. Alfaro;CMF;69
124233;K. Rodríguez;RB;64
124248;Choi Gu-rum;CB;70
124249;M. Borgogno;GK;76
124268;J. Tévez;CF;70
124269;R. Martínez;RWF;59
124270;S. Arancibia;RB;63
124276;Miguel Rubio;CB;70
124277;Miguel;RWF;65
124278;C. González;GK;63
124279;S. Fini;SS;57
124281;I. Colman;CMF;69
124285;A. Custodio;CB;64
124287;G. Barbosa;CF;65
124291;N. González;GK;59
124295;M. Mundaca;LWF;65
124296;J. Perdomo;DMF;67
124846;G. Tsitaishvili;RWF;72
124854;D. Gónzalez;CB;70
124858;E. Villalba;RB;55
124860;J. Ruiz;RWF;74
262235;Beto;CF;90
262869;Tobías;CMF;65
262959;A. Sarmiento;LWF;69
262960;Gastón;SS;66
262961;E. Castillo;DMF;61
262981;M. Hinestroza;RWF;73
262997;A. Morelos;CF;75
263019;S. Arce;CB;67
263021;V. Pizarro;DMF;74
263022;F. Gil;RWF;69
263024;J. Villagra;CB;67
263032;B. Arce;LMF;67
263063;S. Vegas;CB;71
263072;Fernando;AMF;64
263107;K. Viveros;CF;74
263109;D. Asprilla;RWF;67
263116;L. Macazaga;RB;60
263134;U. Zabaleta;AMF;70
263150;R. Cordano;GK;66
263154;A. Saldivia;CB;71
263172;D. Méndez;GK;66
263246;Robson Matheus;CMF;67
263392;Tristán;DMF;72
263509;Lautaro;CB;68
263619;Manager;CMF;78
263620;Loco;RWF;88
263643;Laura;CMF;76
263699;Emo;SS;82
263744;Comisario;CMF;83
263768;Malparitti I;CB;89
263769;Eusebio;CB;80
263770;Pulpo;GK;88
263774;Armando;DMF;77
263776;Carmiño;GK;78
263818;Evaristo;SS;79
263819;S. González;AMF;73
263831;M. Silveira;GK;70
263835;Milton;CMF;89
263854;Amadeo;CF;89
263877;Claudio;CB;80
263879;Cura;LB;78
263885;C. liso;DMF;89
263889;F. Batista;CF;70
263898;Bielorruso;LMF;89
264036;J. Díaz;LB;71
264184;J. De Irastorza;LB;62
264272;Matías;DMF;62
264275;D. Gutiérrez;CB;67
264281;Lechuga;DMF;91
264299;Cordobés;CMF;89
264303;Ciro;CB;69
264470;Ratón;CMF;81
264478;Malparitti II;CB;89
264483;H. Domínguez;RB;79
264488;Ramiro;GK;66
264664;M. Fernández;LWF;67
266891;N. Losada;GK;79
269216;Romarinho;AMF;74
271526;S. Rodríguez;CMF;74
278121;C. Renato;CF;67
278166;Kim Tae-Hyeon;CB;66
278252;Kim Jin-Kyu;CMF;73
278641;Cho Gue-Sung;CF;68
278690;Lee Tae-Seok;LB;68
278720;Paik Seung-Ho;CMF;71
292521;L. Piñero;LMF;65
292559;K. Merida;LMF;59
297025;F. Farías;AMF;70
297352;L. Morales;RB;73
297409;Wallisson;DMF;71
297590;Y. Rodríguez;DMF;68
298457;Kim Seung-Gyu;GK;73
298458;Lee Gi-Hyuk;CMF;71
298690;Y. Murillo;CB;64
298871;J. Kadijevic;GK;62
299165;I. Jakobs;LB;75
299180;A. Seck;CB;71
299562;B. Méndez;LWF;57
299651;D. Romero;LB;67
299660;M. Ponte;RB;70
301177;Jo Hyeon-Woo;GK;74
301331;Hwang In-Beom;CMF;74
301332;Lee Dong-Gyeong;AMF;74
301848;S. Barbosa;LB;59
302643;Bae Jun-Ho;LWF;71
303339;L. Justiniano;DMF;68
303349;E. Chaux;GK;71
303352;F. Díaz;CB;63
303378;Larson;CMF;64
303384;M. Silvera;CF;70
303623;B. Ramírez;RWF;76
304128;R. Vaca;AMF;71
304418;Marcelo Lomba;GK;72
305207;Seol Young-Woo;RB;75
305208;Yang Hyun-Jun;RWF;73
305909;J. Pérez;AMF;70
305932;E. Herrera;RB;71
306041;R. Lima;CMF;67
306125;L. Zúñiga;LMF;64
306131;E. Tovo;CB;63
307480;E. Rivero;DMF;64
307625;J. Lora;RB;69
307653;Matheus Martins;LWF;73
307686;W. Aguerre;GK;72
307719;G. Vallecilla;CB;67
307770;R. Redes;RWF;71
307772;R. Lutiger;CB;64
308028;S. Gomez;DMF;74
308100;T. Olase;CMF;63
308107;A. Ayhuana;CMF;60
308173;E. Álvarez;RB;64
308178;R. Bilu;RMF;67
308179;Rodrigo Guth;CB;68
308187;P. Camacho;CB;64
308293;M. Arfsten;LMF;73
308295;A. Artunduaga;LB;62
308314;Jair Cunha;CB;74
308336;João Almeida;LB;61
308458;G. Aguayo;RMF;63
308487;G. Cortez;LB;69
308506;D. Ruiz Rivera;LWF;71
308508;S. Laquidaín;CB;65
308521;Murillo;CB;81
308531;N. Parra;CB;59
308712;T. Silvero;CB;67
308753;A. Moreno;CB;64
309065;C. Melgar;CMF;68
309178;Felipe Negrucci;DMF;65
309492;J. Arias;CB;72
309756;J. Ortiz;CB;69
309872;A. Tabares;LB;61
315542;F. González;AMF;64
315544;D. Londoño;LB;72
315546;S. Al-Najdi;LB;63
315552;M. Biereth;CF;77
315553;C. Mawissa;CB;74
319572;D. Mina;LB;70
319586;L. Lima;AMF;71
320874;Á. Rangel;CB;68
320924;W. Yarbrough;GK;68
320929;J. Cavadia;CMF;65
320983;J. Pintado;RB;71
320992;Newton;DMF;70
322246;A. Barboza;CB;77
322888;Á. Campuzano;DMF;71
322889;A. Vaca;CF;62
322922;João Pedro;CMF;65
322947;L. Hernández;LWF;64
323104;M. Gómez;CMF;61
323105;J. Quintero;RB;70
323535;A. Angulo;CB;72
323558;Song Bum-Keun;GK;74
323595;Éverton C.;LWF;78
325168;L. Iberico;LWF;68
325169;J. Estrada;RB;67
325170;Grosso;LWF;95
325171;Coreano;RMF;91
325174;Capi;LWF;95
325468;Y. Hernández;LB;65
325519;A. Abdullahi;CF;59
325544;N. Guerra;CF;69
325552;M. Castro;RMF;72
325621;Zé Rafael;CMF;72
325714;Kim Moon-Hwan;RB;69
325919;Lee Han-Beom;CB;71
327079;Eom Ji-Sung;LWF;70
327090;Cho Wi-Je;CB;68
363615;C. Gonzáles;AMF;73
363707;R. Rosales;RB;69
363870;J. Viacava;CB;70
363894;M. Jesus;LB;63
364021;E. Saavedra;RMF;68
364349;I. Wisdom;DMF;67
364838;C. Ndiaye;CF;70
364847;A. Sinisterra;GK;60
365497;J. Sánchez;CB;62
366621;S. Cabrera;LB;68
366623;J. Acosta;GK;59
366638;J. Chunga;GK;69
366643;R. Atencio;AMF;67
366674;Marlon Freitas;DMF;76
366795;M. Távara;CMF;71
367129;Oh Hyeon-Gyu;CF;72
368148;Park Jin-Seob;DMF;75
368378;C. Arrieta;RB;67
368379;L. Cepeda;LWF;73
368381;M. Sepúlveda;CMF;73
368704;Lucca;CF;63
368708;L. Roldán;DMF;67
368710;J. Camargo;GK;71
368720;G. Henrique;DMF;64
368757;M. Hernández;CF;62
368758;Arthur;CMF;75
368774;N. Soria;CF;65
368781;Samuel Xavier;RB;74
369200;Davi;GK;58
369333;F. Gómez;GK;62
369552;B. Rovira;DMF;72
369664;G. Cazonatti;DMF;74
369670;J. Pereira;CMF;70
369675;T. Andrada;CMF;68
369904;J. Pretell;DMF;68
370016;A. Villareal;CF;56
370144;Z. Amdouni;CF;75
370190;Fábio Silva;CF;78
370372;J. Mera;CB;68
370641;H. Quintana;CMF;66
370709;A. Fretes;LB;62
370724;R. Pedroza;CB;59
370814;S. Muñoz;RWF;65
370966;A. Zárate;CMF;66
370969;F. Guerra;CB;64
371283;Jeffinho;LMF;69
371342;N. Villarroel;CB;58
371710;F. López;RB;61
372206;G. Cantizano;LWF;61
372417;M. Pérez Guedes;CMF;75
372424;J. Herrera;CF;68
372710;J. Rossel;AMF;62
372821;F. Zabala;LB;69
372860;G. Ascanio;LB;60
373054;D. Arboleda;CB;71
373057;D. Pedrozo;CB;64
373169;K. Vázquez;DMF;65
373253;F. Pasadore;SS;65
373324;D. Moreno;DMF;71
373326;I. Glavinovich;CB;64
373327;V. Cárcamo;SS;59
373471;T. Dolan;RWF;75
373521;L. Recalde;CB;67
373527;Felipe Longo;GK;64
373614;L. Bruera;GK;70
375611;C. Trujillo;DMF;69
375618;H. Calcaterra;CMF;68
375659;C. Bautista;GK;59
375729;H. Abdulkareem;AMF;62
375732;Danilo;DMF;80
376017;L. Pascual;CMF;62
376471;J. Bolívar;CF;66
376489;D. Herrera;CB;62
376502;L. Justiniano;CB;65
376507;F. Moya;CMF;61
376598;Cuiabano;LB;74
376737;F. Noguera;CF;52
376949;S. Galani;DMF;67
376971;R. Acuña Vera;CF;62
377146;M. Palacios;CB;58
377152;M. Aucca;CMF;65
377184;D. Lacerda;CF;69
377191;I. Sosa;CMF;71
377202;Á. Stringa;RWF;56
377208;F. Mena;CB;52
377227;M. Bajamich;CF;68
377269;H. Ancajima;RB;68
377271;O. Ngom;CMF;64
377282;Maurício;AMF;76
377332;H. Meister;CF;69
377335;Kareem Tunde;RWF;69
377440;M. Hoyos;CF;69
377512;M. Torrez;CB;60
377513;D. Cataño;AMF;70
378292;A. Llinás;CB;71
378294;L. Sosa;RWF;69
378296;S. Rodríguez;CF;70
378314;F. Salinas;RB;69
378319;R. Alves;GK;62
378324;G. Bahia;CB;61
378337;S. Palacios;CB;64
378338;J. Chalá;CB;68
378339;A. Pósito;CB;56
378340;Ó. Hernández;DMF;68
378342;M. Gianoli;CB;70
378761;E. Neira;CB;67
379200;J. Arancibia;CB;60
379219;Kayke;CF;61
379709;Y. Osorio;CB;68
379714;J. Carabalí;LB;69
379715;D. Churín;CF;68
379733;L. Di Yorio;CF;73
379800;L. Ingolotti;GK;67
379801;J. Hernández;LB;69
379816;J. Yangali;CMF;66
379997;C. Benavente;AMF;67
380132;Í. Ávila;CF;70
380134;Lorran;AMF;65
1073754405;D. Kamada;AMF;77
1073756862;Hulk;CF;77
1073757816;E. Salinas;GK;64
1073757878;Hwang Hee-Chan;CF;75
1073758298;W. Endo;DMF;79
1073758337;T. Couto;GK;68
1073758338;T. Kubo;RWF;80
1073776608;Clayton Sampaio;CB;66
1073779703;Neto Moura;DMF;74
1073781715;Y. Sugawara;RB;74
1073783056;Oscar;AMF;74
1073783713;Y. El-Arabi;CF;72
1073788255;Bruno Guimarães;DMF;86
1073800247;J. Castrop;CMF;73
1073800389;J. Ito;RWF;75
1073801803;M. Falcón;CB;68
1073803095;S. Taniguchi;CB;70
1073805122;Lima;AMF;70
1073806633;F. Facello;RB;61
1073806821;Léo Linck;GK;67
1073847680;Artur;RWF;73
1073847805;A. Ueda;CF;78
1073847809;R. Doan;RWF;80
1073847836;T. Watanabe;CB;77
1073847867;Chico Kim;AMF;68
1073847883;A. Auzmendi;CF;68
1073850272;Y. Goh;AMF;65
1073853412;T. Tomiyasu;RB;76
1073853601;Kim Min-jae;CB;79
1073857220;Y. Suzuki;SS;74
1073857232;K. Osako;GK;70
1073857234;K. Takai;CB;71
1073857237;Lee Jae-Sung;AMF;75
1073857253;R. Kida;CF;60
1073857256;A. Seko;CB;72
1073857268;Lee Kang-In;RWF;82
1073857269;K. Shiogai;CF;68
1073857272;K. Goto;CF;65
1073857275;S. Machino;CF;72
1073857282;J. Suzuki;RB;69
1073857391;R. Yates;DMF;77
1073857483;K. Itakura;CB;75
1073857486;A. Tanaka;DMF;75
1073857490;K. Nakamura;LWF;75
1073857519;T. Hayakawa;GK;68
1073857540;K. Ajer;CB;76
1073857563;A. Valverde;CMF;65
